"gmm:Int_Rate_ConsCred:L2","gmm:Int_Rate_ConsCred:L3","gmm:Zakred:L2","gmm:Zakred:L3","gmm:CPI_reg:L2","gmm:CPI_reg:L3","gmm:Cap_to_assets:L2","gmm:Cap_to_assets:L3","iv:Mon_Shock","iv:Mon_Shock_Cluster_new_cd_1","iv:Mon_Shock_Cluster_new_cd_3","iv:Mon_Shock_Cluster_new_cd_4","iv:Conscred_MaP_Fact","iv:Conscred_MaP_Announcement"
5.16,0,13.6134077462957,0,15.3405650005753,0,44.6229191199868,0,-0.233318385153751,0,0,0,1,0
5.43000000000001,5.16,13.6403089758169,13.6134077462957,15.2866530583457,15.3405650005753,46.4629091212129,44.6229191199868,0.0463141473731241,0,0,0,-1,0
5.43000000000001,5.43000000000001,13.5150145736821,13.6403089758169,15.2871524123704,15.2866530583457,47.9958515168617,46.4629091212129,-0.35785203631988,0,0,0,0,1
4.94,5.43000000000001,13.4581707109716,13.5150145736821,15.5087648073589,15.2871524123704,50.2161227765609,47.9958515168617,-0.084639006412992,0,0,0,0,-1
4.34999999999999,4.94,13.2264909843437,13.4581707109716,15.3554259963173,15.5087648073589,52.7157039988587,50.2161227765609,0.224833048530936,0,0,0,0,0
4.45,4.34999999999999,13.4624525223616,13.2264909843437,15.4022516159473,15.3554259963173,53.8492727737614,52.7157039988587,-0.0873685308722294,0,0,0,0,0
4.28,4.45,13.4933493973189,13.4624525223616,15.0947773148313,15.4022516159473,56.6104293092134,53.8492727737614,-0.544289851517746,0,0,0,1,0
3.98,4.28,13.6337829801238,13.4933493973189,14.8905825462528,15.0947773148313,59.3707109087819,56.6104293092134,0.234458260675932,0,0,0,-1,0
3.78,3.98,13.5407723366006,13.6337829801238,15.218202087469,14.8905825462528,59.931189146794,59.3707109087819,0.604131732419482,0,0,0,0,0
3.65000000000001,3.78,13.5507544136595,13.5407723366006,14.9634441169183,15.218202087469,62.3332396161364,59.931189146794,0.224298545394849,0,0,0,0,0
3.28,3.65000000000001,13.4869207488888,13.5507544136595,14.7546794936593,14.9634441169183,65.18903119947,62.3332396161364,-0.172903457899903,0,0,0,0,0
2.61,3.28,13.513323825145,13.4869207488888,14.7209510074319,14.7546794936593,69.0266339888063,65.18903119947,-0.295709351634354,0,0,0,0,-1
2.61,2.61,13.6472739054132,13.513323825145,14.6627501096617,14.7209510074319,69.209849344625,69.0266339888063,-0.119794702308202,0,0,0,-1,1
2.73999999999999,2.61,13.3720384610798,13.6472739054132,14.0245888422724,14.6627501096617,69.9080914312413,69.209849344625,0.292313451931442,0,0,0,1,0
2.94,2.73999999999999,14.1330626653012,13.3720384610798,14.0773648335884,14.0245888422724,69.2490941711046,69.9080914312413,-1.92325516729135,0,0,0,0,0
3.02,2.94,14.0981014008441,14.1330626653012,14.3012092788983,14.0773648335884,69.326397038866,69.2490941711046,0.637065780499267,0,0,0,0,0
3.3,3.02,14.2376206655847,14.0981014008441,14.2207716190222,14.3012092788983,69.8240604315759,69.326397038866,0.0708645063531286,0,0,0,0,-1
3.42,3.3,14.201714171938,14.2376206655847,13.8316044173709,14.2207716190222,72.2934130420611,69.8240604315759,-0.442791343315005,0,0,0,-1,1
3.73,3.42,14.1016845346901,14.201714171938,13.7214354383082,13.8316044173709,73.642678699852,72.2934130420611,-0.122485714305558,0,0,0,1,0
3.59999999999999,3.73,14.3094645741845,14.1016845346901,13.5222452086271,13.7214354383082,74.7144070020818,73.642678699852,-0.34995749061331,0,0,0,0,0
3.88,3.59999999999999,13.7195604148854,14.3094645741845,13.4128780994145,13.5222452086271,76.1491005937982,74.7144070020818,4.79853379400944,0,0,0,0,0
5.17,3.88,13.8900800430762,13.7195604148854,13.3288678215532,13.4128780994145,75.788381136874,76.1491005937982,-3.14136377945639,0,0,0,0,0
5.34999999999999,5.17,13.9264767219309,13.8900800430762,13.1360720083086,13.3288678215532,76.2306118603565,75.788381136874,-0.558636367477391,0,0,0,0,0
5.45,5.34999999999999,13.9388218243067,13.9264767219309,13.1132172710143,13.1360720083086,76.4271467824765,76.2306118603565,0.0136584634519359,0,0,0,0,0
5.87000000000001,5.45,13.9302168208473,13.9388218243067,13.0033044360319,13.1132172710143,77.1087012312312,76.4271467824765,0.354806192694786,0,0,0,0,1
6.31999999999999,5.87000000000001,13.9839993236956,13.9302168208473,12.9137484182651,13.0033044360319,78.388344719357,77.1087012312312,-0.525692826875712,0,0,0,0,-1
6.69,6.31999999999999,14.0486750079787,13.9839993236956,12.746626459508,12.9137484182651,78.1639898947186,78.388344719357,0.853238759669049,0,0,0,0,0
7.43000000000001,6.69,13.4935745054984,14.0486750079787,12.9935332301521,12.746626459508,79.3652462052298,78.1639898947186,0.223469131078785,0,0,0,1,1
7.68000000000001,7.43000000000001,13.9104163046991,13.4935745054984,13.0293090314147,12.9935332301521,80.6437591600305,79.3652462052298,-0.955130924869447,0,0,0,-1,-1
7.73999999999999,7.68000000000001,13.7458391297196,13.9104163046991,13.0972184315748,13.0293090314147,79.8038182435263,80.6437591600305,0.0285164784650451,0,0,0,0,0
8.55,7.73999999999999,13.6478971090723,13.7458391297196,13.0939722149358,13.0972184315748,80.9663651885287,79.8038182435263,0.496396877265354,0,0,0,1,0
8.73,8.55,13.7194948914506,13.6478971090723,12.9240671595419,13.0939722149358,81.6127862980147,80.9663651885287,-0.146076127954611,0,0,0,-1,0
10.12,8.73,13.6408464363134,13.7194948914506,13.6583585594974,12.9240671595419,82.0919978875711,81.6127862980147,0.541858599931217,0,0,0,0,0
9.58,10.12,13.4918435001099,13.6408464363134,13.705590130136,13.6583585594974,81.2959045742908,82.0919978875711,-0.624837717399792,0,0,0,0,0
10.2,9.58,13.4737640449937,13.4918435001099,13.8078920509038,13.705590130136,81.5246375805772,81.2959045742908,5.29167397660498,0,0,0,0,-1
10.75,10.2,12.9237464084829,13.4737640449937,14.3048317882269,13.8078920509038,79.0895938082359,81.5246375805772,-3.44916572281051,0,0,0,-1,0
10.97,10.75,13.2865993021749,12.9237464084829,14.2180539245231,14.3048317882269,79.682180299157,79.0895938082359,-2.73710325735289,0,0,0,1,1
18.28,10.97,14.1467781392582,13.2865993021749,18.7231293720672,14.2180539245231,78.8506297540855,79.682180299157,-1.87338904480528,0,0,0,0,0
19.9,18.28,13.9025668355024,14.1467781392582,19.9455677374258,18.7231293720672,76.54775291409,78.8506297540855,2.73143325452513,0,0,0,0,0
18.89,19.9,13.964526736261,13.9025668355024,19.9590698065514,19.9455677374258,75.494831287059,76.54775291409,-0.724260211531156,0,0,0,0,0
17.87,18.89,14.6308111235832,13.964526736261,18.5090579094088,19.9590698065514,74.7285604651234,75.494831287059,2.8657128594502,0,0,0,0,0
16.66,17.87,14.4005212618712,14.6308111235832,16.6616834738403,18.5090579094088,76.7598290558704,74.7285604651234,-0.506434658915303,0,0,0,0,0
15.09,16.66,14.4545637666984,14.4005212618712,16.4243522247565,16.6616834738403,76.3193383589244,76.7598290558704,-0.921732476157693,0,0,0,0,0
15.1,15.09,14.445235035561,14.4545637666984,16.9324122764574,16.4243522247565,76.2371603221974,76.3193383589244,-0.176982568817097,0,0,0,0,1
13.39,15.1,14.3227950242003,14.445235035561,16.2068475267756,16.9324122764574,76.6137788782601,76.2371603221974,-0.00987692322549982,0,0,0,0,-1
12.71,13.39,14.5586954954072,14.3227950242003,16.3279597896469,16.2068475267756,76.235365608032,76.6137788782601,-2.08697942896877,0,0,0,1,0
12.05,12.71,14.3230543588137,14.5586954954072,16.8482669941268,16.3279597896469,75.646550610471,76.235365608032,1.48234527551285,0,0,0,-1,0
12.01,12.05,14.4808291046909,14.3230543588137,16.8885745241858,16.8482669941268,73.3951098464842,75.646550610471,-0.0858261368690396,0,0,0,0,0
11.06,12.01,14.3269642310508,14.4808291046909,16.5838018404666,16.8885745241858,72.8625708435631,73.3951098464842,0.0855621893392779,0,0,0,0,0
3.5,11.06,14.1049194219185,14.3269642310508,16.4696927628995,16.5838018404666,73.0506384002874,72.8625708435631,-0.0694924849490306,0,0,0,0,1
1.74,3.5,13.9879145143129,14.1049194219185,16.2726928808371,16.4696927628995,69.4976011860972,73.0506384002874,-0.0150522367082608,0,0,0,0,0
1.84999999999999,1.74,13.3849812082492,13.9879145143129,16.5165592577024,16.2726928808371,69.7886616521332,69.4976011860972,0.757592946502786,0,0,0,1,-1
3.09999999999999,1.84999999999999,13.4115068271905,13.3849812082492,16.3029583223345,16.5165592577024,70.2727900926616,69.7886616521332,2.4972290169703,0,0,0,-1,1
4.37000000000001,3.09999999999999,13.1434286400036,13.4115068271905,16.031965845031,16.3029583223345,70.7241806700488,70.2727900926616,-1.84168907065787,0,0,0,1,-1
5.89,4.37000000000001,13.0272419480252,13.1434286400036,16.7542858867148,16.031965845031,72.3357328224295,70.7241806700488,0.850895361256956,0,0,0,0,0
6.87000000000001,5.89,12.8984662864584,13.0272419480252,18.3570266874666,16.7542858867148,72.7558801176013,72.3357328224295,-3.24247020059627,0,0,0,-1,1
7.98,6.87000000000001,12.7137209978043,12.8984662864584,19.7880672073887,18.3570266874666,76.0086583892612,72.7558801176013,2.21008655524883,0,0,0,0,-1
8.44,7.98,12.8201742038353,12.7137209978043,20.4084838469891,19.7880672073887,75.7969925965526,76.0086583892612,-2.2378425154308,0,0,0,1,0
8.77,8.44,12.8623148635942,12.8201742038353,21.2830017940538,20.4084838469891,74.6295626599517,75.7969925965526,1.51933748883128,0,0,0,-1,0
8.59,8.77,12.990438232869,12.8623148635942,23.1638730781665,21.2830017940538,75.6685100256966,74.6295626599517,-0.0387339306838328,0,0,0,0,0
8.90000000000001,8.59,12.8686897713008,12.990438232869,24.9175863097565,23.1638730781665,75.1267903533343,75.6685100256966,-1.74209617894006,0,0,0,0,1
8.90000000000001,8.90000000000001,12.7673212891038,12.8686897713008,23.9198771911871,24.9175863097565,75.4002928733908,75.1267903533343,1.37820301786078,0,0,0,0,0
8.86,8.90000000000001,12.7415571379294,12.7673212891038,23.2458077818811,23.9198771911871,74.0047243049382,75.4002928733908,-0.147723243239266,0,0,0,0,0
9.13,8.86,12.3054135876095,12.7415571379294,23.3537099852733,23.2458077818811,73.7385256464265,74.0047243049382,1.99752624521402,0,0,0,1,-1
9.04000000000001,9.13,12.4197024728777,12.3054135876095,24.5083027398173,23.3537099852733,74.0701071995629,73.7385256464265,-3.32207411321289,0,0,0,-1,1
9.88,9.04000000000001,11.4621100941131,12.4197024728777,25.0010688688057,24.5083027398173,71.4102850074532,74.0701071995629,2.57929124483088,0,0,0,1,-1
8.98999999999999,9.88,11.4300758308073,11.4621100941131,27.3538800350842,25.0010688688057,70.9805261479887,71.4102850074532,1.37150917776396,0,0,0,0,0
8.65000000000001,8.98999999999999,11.4165749838643,11.4300758308073,26.9070961117981,27.3538800350842,70.0527744340289,70.9805261479887,-1.69837436785221,0,0,0,0,-1
8.45999999999999,8.65000000000001,11.277504430814,11.4165749838643,27.9863378431821,26.9070961117981,69.8101241461521,70.0527744340289,-0.0926841374253904,0,0,0,-2,1
9.06,8.45999999999999,11.4448602177103,11.277504430814,29.308475024546,27.9863378431821,66.2209468288744,69.8101241461521,0.0683155196827663,0,0,0,1,-1
9.81,9.06,12.0949875532131,11.4448602177103,29.984696277602,29.308475024546,63.76089116468,66.2209468288744,0.0971594068581645,0,0,0,-1,1
10.13,9.81,12.108902733711,12.0949875532131,31.577967010594,29.984696277602,61.6789466164499,63.76089116468,0.167552665291165,0,0,0,2,0
10.74,10.13,12.3951146730693,12.108902733711,33.3853956475516,31.577967010594,60.5198660441427,61.6789466164499,-0.199229542945385,0,0,0,-1,1
11.58,10.74,12.6674153963351,12.3951146730693,33.0208291270373,33.3853956475516,59.5632042798083,60.5198660441427,0.230801283085562,0,0,0,0,-1
11.66,11.58,12.6130169355774,12.6674153963351,30.6182965726042,33.0208291270373,57.7502815140772,59.5632042798083,-0.910546663580597,0,0,0,0,0
11.01,11.66,12.7389536251703,12.6130169355774,30.0939873651979,30.6182965726042,57.1203392788822,57.7502815140772,-1.10175622401147,0,0,0,1,0
10.28,11.01,13.1999368146367,12.7389536251703,30.1273451010985,30.0939873651979,56.0571842364671,57.1203392788822,1.65838241362351,0,0,0,-1,0
9.39,10.28,12.4173094233527,13.1999368146367,28.92786003466,30.1273451010985,55.0985135531301,56.0571842364671,-0.694869746936615,0,0,0,-1,0
8.84999999999999,9.39,12.4533027933246,12.4173094233527,27.5211750435135,28.92786003466,54.9348253530732,55.0985135531301,0.241865546751328,0,0,0,2,1
8.51000000000001,8.84999999999999,12.4122308771465,12.4533027933246,26.579253429894,27.5211750435135,54.3870695623565,54.9348253530732,0.47542100114168,0,0,0,-1,-1
5.34,0,13.5443904763119,0,15.1842924388779,0,48.3911406087596,0,-0.233318385153751,0,-0.233318385153751,0,1,0
5.34,5.34,13.5079337634178,13.5443904763119,14.9759661700678,15.1842924388779,48.7002073702044,48.3911406087596,0.0463141473731241,0,0.0463141473731241,0,-1,0
5.62000000000001,5.34,13.4621579199291,13.5079337634178,15.0961563385152,14.9759661700678,48.7922179631082,48.7002073702044,-0.35785203631988,0,-0.35785203631988,0,0,1
5.62000000000001,5.62000000000001,13.4184618528829,13.4621579199291,15.2943665391751,15.0961563385152,48.9590855320976,48.7922179631082,-0.084639006412992,0,-0.084639006412992,0,0,-1
5.65000000000001,5.62000000000001,13.1817445545057,13.4184618528829,15.1698224791609,15.2943665391751,49.00506844661,48.9590855320976,0.224833048530936,0,0.224833048530936,0,0,0
5.31,5.65000000000001,13.4210040785911,13.1817445545057,15.0835792837587,15.1698224791609,49.2873724655305,49.00506844661,-0.0873685308722294,0,-0.0873685308722294,0,0,0
5.44,5.31,13.5404341579523,13.4210040785911,14.6594874056607,15.0835792837587,49.8662980160666,49.2873724655305,-0.544289851517746,0,-0.544289851517746,0,1,0
5.17,5.44,13.7194927043007,13.5404341579523,14.5497343251255,14.6594874056607,50.3816715358661,49.8662980160666,0.234458260675932,0,0.234458260675932,0,-1,0
5.04000000000001,5.17,13.6124914468278,13.7194927043007,14.8014693050002,14.5497343251255,50.5285346632314,50.3816715358661,0.604131732419482,0,0.604131732419482,0,0,0
4.8,5.04000000000001,13.6273262132749,13.6124914468278,14.5291322942393,14.8014693050002,50.6406728950571,50.5285346632314,0.224298545394849,0,0.224298545394849,0,0,0
4.76000000000001,4.8,13.536387094082,13.6273262132749,14.2915003839464,14.5291322942393,50.4977064525071,50.6406728950571,-0.172903457899903,0,-0.172903457899903,0,0,0
4.61,4.76000000000001,13.5138879193129,13.536387094082,14.4386847300432,14.2915003839464,50.9324956724947,50.4977064525071,-0.295709351634354,0,-0.295709351634354,0,0,-1
4.45,4.61,13.5976124552219,13.5138879193129,14.2901296227917,14.4386847300432,51.1602464911716,50.9324956724947,-0.119794702308202,0,-0.119794702308202,0,-1,1
4.56,4.45,13.3237312429778,13.5976124552219,13.8612570420265,14.2901296227917,51.5834553244113,51.1602464911716,0.292313451931442,0,0.292313451931442,0,1,0
5.11,4.56,14.2074461968573,13.3237312429778,13.7882012654232,13.8612570420265,51.4427258385503,51.5834553244113,-1.92325516729135,0,-1.92325516729135,0,0,0
5.44,5.11,14.1760744776444,14.2074461968573,13.8010752743262,13.7882012654232,51.189851824484,51.4427258385503,0.637065780499267,0,0.637065780499267,0,0,0
5.29000000000001,5.44,14.3091371594252,14.1760744776444,13.7232884500524,13.8010752743262,51.2792387492447,51.189851824484,0.0708645063531286,0,0.0708645063531286,0,0,-1
5.73,5.29000000000001,14.2408272696836,14.3091371594252,13.503222509103,13.7232884500524,51.6094883323032,51.2792387492447,-0.442791343315005,0,-0.442791343315005,0,-1,1
5.93000000000001,5.73,14.0785192089582,14.2408272696836,13.5661265143926,13.503222509103,52.2186104093268,51.6094883323032,-0.122485714305558,0,-0.122485714305558,0,1,0
5.59,5.93000000000001,14.2929352960125,14.0785192089582,13.4264058429699,13.5661265143926,52.6384974115574,52.2186104093268,-0.34995749061331,0,-0.34995749061331,0,0,0
5.76000000000001,5.59,13.6678705843516,14.2929352960125,13.3224825119206,13.4264058429699,53.3071450829951,52.6384974115574,4.79853379400944,0,4.79853379400944,0,0,0
5.97,5.76000000000001,13.8132898496891,13.6678705843516,13.3072493121132,13.3224825119206,53.5109482621181,53.3071450829951,-3.14136377945639,0,-3.14136377945639,0,0,0
7.18000000000001,5.97,13.8804230330006,13.8132898496891,13.0117263870143,13.3072493121132,53.1469656727984,53.5109482621181,-0.558636367477391,0,-0.558636367477391,0,0,0
6.3,7.18000000000001,13.8893459783063,13.8804230330006,12.7605789655997,13.0117263870143,53.5760967600051,53.1469656727984,0.0136584634519359,0,0.0136584634519359,0,0,0
6.08,6.3,13.8606184909887,13.8893459783063,12.7837412159403,12.7605789655997,54.0410506723861,53.5760967600051,0.354806192694786,0,0.354806192694786,0,0,1
6.31999999999999,6.08,13.9749857081882,13.8606184909887,12.7451607847844,12.7837412159403,54.7353306622911,54.0410506723861,-0.525692826875712,0,-0.525692826875712,0,0,-1
5.59999999999999,6.31999999999999,14.1339312656134,13.9749857081882,12.3059239725197,12.7451607847844,55.1215552083522,54.7353306622911,0.853238759669049,0,0.853238759669049,0,0,0
5.7,5.59999999999999,13.4710619861238,14.1339312656134,12.7279147013409,12.3059239725197,55.8762512399575,55.1215552083522,0.223469131078785,0,0.223469131078785,0,1,1
6.31999999999999,5.7,13.9333316345725,13.4710619861238,12.6657789471956,12.7279147013409,56.6254633850444,55.8762512399575,-0.955130924869447,0,-0.955130924869447,0,-1,-1
6.29000000000001,6.31999999999999,13.7220115673216,13.9333316345725,12.9565649581163,12.6657789471956,57.5148230132128,56.6254633850444,0.0285164784650451,0,0.0285164784650451,0,0,0
5.79000000000001,6.29000000000001,13.6533948541337,13.7220115673216,12.955730582549,12.9565649581163,58.1350832835958,57.5148230132128,0.496396877265354,0,0.496396877265354,0,1,0
6.2,5.79000000000001,13.8116464018747,13.6533948541337,12.7941572230442,12.955730582549,58.7184572237362,58.1350832835958,-0.146076127954611,0,-0.146076127954611,0,-1,0
6.20999999999999,6.2,13.7119138735579,13.8116464018747,13.276958019431,12.7941572230442,58.9982670530783,58.7184572237362,0.541858599931217,0,0.541858599931217,0,0,0
6.62999999999999,6.20999999999999,13.5331156378951,13.7119138735579,13.3274278441634,13.276958019431,58.7033375700713,58.9982670530783,-0.624837717399792,0,-0.624837717399792,0,0,0
6.27,6.62999999999999,13.4925179573502,13.5331156378951,13.401160502023,13.3274278441634,58.8203417729988,58.7033375700713,5.29167397660498,0,5.29167397660498,0,0,-1
6.95999999999999,6.27,12.9148476824926,13.4925179573502,13.7911241815943,13.401160502023,58.9749204672946,58.8203417729988,-3.44916572281051,0,-3.44916572281051,0,-1,0
7.72,6.95999999999999,13.1696548316194,12.9148476824926,13.6493558592158,13.7911241815943,59.6638255618798,58.9749204672946,-2.73710325735289,0,-2.73710325735289,0,1,1
12.61,7.72,14.042379936627,13.1696548316194,1.3056266351045,13.6493558592158,59.5108003156419,59.6638255618798,-1.87338904480528,0,-1.87338904480528,0,0,0
13.88,12.61,13.8894707236221,14.042379936627,21.5225312315743,1.3056266351045,58.8068881384936,59.5108003156419,2.73143325452513,0,2.73143325452513,0,0,0
13.59,13.88,13.9550487445406,13.8894707236221,19.8907734789077,21.5225312315743,58.0574508279513,58.8068881384936,-0.724260211531156,0,-0.724260211531156,0,0,0
13.47,13.59,14.63417416369,13.9550487445406,18.276710433827,19.8907734789077,57.8028654628828,58.0574508279513,2.8657128594502,0,2.8657128594502,0,0,0
13.06,13.47,14.3436500506965,14.63417416369,16.332165180187,18.276710433827,59.0597183214389,57.8028654628828,-0.506434658915303,0,-0.506434658915303,0,0,0
12.92,13.06,14.3665656182298,14.3436500506965,15.71589529741,16.332165180187,59.2870549696288,59.0597183214389,-0.921732476157693,0,-0.921732476157693,0,0,0
12.39,12.92,14.3349423546134,14.3665656182298,15.7920554908429,15.71589529741,60.0012434546293,59.2870549696288,-0.176982568817097,0,-0.176982568817097,0,0,1
12.62,12.39,14.1976877294288,14.3349423546134,16.227826652792,15.7920554908429,58.4735178109456,60.0012434546293,-0.00987692322549982,0,-0.00987692322549982,0,0,-1
12.34,12.62,14.4839781495733,14.1976877294288,16.8793729886403,16.227826652792,58.976281139168,58.4735178109456,-2.08697942896877,0,-2.08697942896877,0,1,0
12.26,12.34,14.2457046212974,14.4839781495733,18.2262542394444,16.8793729886403,59.3740064192945,58.976281139168,1.48234527551285,0,1.48234527551285,0,-1,0
12.7,12.26,14.3621956463782,14.2457046212974,16.7085083304534,18.2262542394444,58.3809758803336,59.3740064192945,-0.0858261368690396,0,-0.0858261368690396,0,0,0
11.8,12.7,14.1974246782626,14.3621956463782,16.1621288106024,16.7085083304534,58.8858402150296,58.3809758803336,0.0855621893392779,0,0.0855621893392779,0,0,0
6.34999999999999,11.8,14.0038831632288,14.1974246782626,16.1507533740174,16.1621288106024,60.1366746088148,58.8858402150296,-0.0694924849490306,0,-0.0694924849490306,0,0,1
5.5,6.34999999999999,13.8863101451798,14.0038831632288,15.9662317449128,16.1507533740174,62.1620691186027,60.1366746088148,-0.0150522367082608,0,-0.0150522367082608,0,0,0
5.72,5.5,13.1832702449242,13.8863101451798,16.2577940272602,15.9662317449128,63.291721954193,62.1620691186027,0.757592946502786,0,0.757592946502786,0,1,-1
5.59999999999999,5.72,13.2033995237984,13.1832702449242,16.5123538510013,16.2577940272602,64.3214708859913,63.291721954193,2.4972290169703,0,2.4972290169703,0,-1,1
5.78,5.59999999999999,12.9137894424083,13.2033995237984,16.155188174167,16.5123538510013,64.0560878799494,64.3214708859913,-1.84168907065787,0,-1.84168907065787,0,1,-1
7.05,5.78,12.7711913449261,12.9137894424083,16.7558593273508,16.155188174167,65.4608429195085,64.0560878799494,0.850895361256956,0,0.850895361256956,0,0,0
7.98999999999999,7.05,12.7545636189895,12.7711913449261,18.1498202806672,16.7558593273508,66.7992359088595,65.4608429195085,-3.24247020059627,0,-3.24247020059627,0,-1,1
7.97,7.98999999999999,12.5800260217428,12.7545636189895,18.9913038428682,18.1498202806672,68.2299890143687,66.7992359088595,2.21008655524883,0,2.21008655524883,0,0,-1
8.45,7.97,12.6599209702645,12.5800260217428,20.5852229262755,18.9913038428682,68.4337638240757,68.2299890143687,-2.2378425154308,0,-2.2378425154308,0,1,0
8.3,8.45,12.7326286205849,12.6599209702645,20.759911083507,20.5852229262755,67.5914964152107,68.4337638240757,1.51933748883128,0,1.51933748883128,0,-1,0
7.72,8.3,12.8632728078147,12.7326286205849,23.7270027092049,20.759911083507,67.2778029679228,67.5914964152107,-0.0387339306838328,0,-0.0387339306838328,0,0,0
8.17,7.72,12.748887245263,12.8632728078147,24.5516179841687,23.7270027092049,66.6826804067265,67.2778029679228,-1.74209617894006,0,-1.74209617894006,0,0,1
8.16,8.17,12.6994445590394,12.748887245263,23.8293630596939,24.5516179841687,66.693887662653,66.6826804067265,1.37820301786078,0,1.37820301786078,0,0,0
8.04000000000001,8.16,12.7019404092071,12.6994445590394,24.8439281385808,23.8293630596939,66.7711759259872,66.693887662653,-0.147723243239266,0,-0.147723243239266,0,0,0
7.83,8.04000000000001,12.3258362713364,12.7019404092071,23.8840096352425,24.8439281385808,66.3395167570255,66.7711759259872,1.99752624521402,0,1.99752624521402,0,1,-1
8.05,7.83,12.4750415777592,12.3258362713364,24.5268890799397,23.8840096352425,66.5401168026702,66.3395167570255,-3.32207411321289,0,-3.32207411321289,0,-1,1
8.78,8.05,11.3737245109211,12.4750415777592,25.1297546461238,24.5268890799397,65.0050658597778,66.5401168026702,2.57929124483088,0,2.57929124483088,0,1,-1
8.36,8.78,11.3180872217146,11.3737245109211,27.4317696681497,25.1297546461238,64.8172770238403,65.0050658597778,1.37150917776396,0,1.37150917776396,0,0,0
7.98,8.36,11.3251972922804,11.3180872217146,27.794079372613,27.4317696681497,64.3377172477998,64.8172770238403,-1.69837436785221,0,-1.69837436785221,0,0,-1
8.58,7.98,11.1913805986344,11.3251972922804,28.4806762756437,27.794079372613,63.591523605554,64.3377172477998,-0.0926841374253904,0,-0.0926841374253904,0,-2,1
8.68000000000001,8.58,11.3401107670236,11.1913805986344,30.6335370717323,28.4806762756437,60.8239472798909,63.591523605554,0.0683155196827663,0,0.0683155196827663,0,1,-1
8.17,8.68000000000001,12.1048492768048,11.3401107670236,41.7603058486998,30.6335370717323,58.986481304191,60.8239472798909,0.0971594068581645,0,0.0971594068581645,0,-1,1
9.48,8.17,12.0951105226468,12.1048492768048,32.5138001275715,41.7603058486998,56.4400353460916,58.986481304191,0.167552665291165,0,0.167552665291165,0,2,0
9.8,9.48,12.4029468366184,12.0951105226468,33.2341053164953,32.5138001275715,55.8386581766065,56.4400353460916,-0.199229542945385,0,-0.199229542945385,0,-1,1
10.62,9.8,12.6858759853645,12.4029468366184,34.1987434370136,33.2341053164953,55.1913122312187,55.8386581766065,0.230801283085562,0,0.230801283085562,0,0,-1
10.15,10.62,12.6359777349263,12.6858759853645,31.9347552973776,34.1987434370136,54.7418023396654,55.1913122312187,-0.910546663580597,0,-0.910546663580597,0,0,0
9.87,10.15,12.7801073281967,12.6359777349263,31.769083202752,31.9347552973776,54.4855890204572,54.7418023396654,-1.10175622401147,0,-1.10175622401147,0,1,0
9.98999999999999,9.87,13.1446469025577,12.7801073281967,31.6171273218106,31.769083202752,54.0536506928962,54.4855890204572,1.65838241362351,0,1.65838241362351,0,-1,0
9.45999999999999,9.98999999999999,12.2176726605475,13.1446469025577,30.3007427483447,31.6171273218106,52.4958468368959,54.0536506928962,-0.694869746936615,0,-0.694869746936615,0,-1,0
8.72,9.45999999999999,12.2741115184888,12.2176726605475,30.0203111564314,30.3007427483447,52.7965825278782,52.4958468368959,0.241865546751328,0,0.241865546751328,0,2,1
9.02,8.72,12.323971662861,12.2741115184888,28.9880708255432,30.0203111564314,52.5827919158366,52.7965825278782,0.47542100114168,0,0.47542100114168,0,-1,-1
5,0,13.7259574959201,0,14.8050741963426,0,50.9684345551649,0,-0.233318385153751,0,0,0,1,0
4.94,5,13.7653419393407,13.7259574959201,14.650555529101,14.8050741963426,51.4886050327538,50.9684345551649,0.0463141473731241,0,0,0,-1,0
5.11,4.94,13.7040627594446,13.7653419393407,14.7096577306862,14.650555529101,53.704668302867,51.4886050327538,-0.35785203631988,0,0,0,0,1
5.28,5.11,13.6857760389502,13.7040627594446,14.8651759610424,14.7096577306862,54.0423855299758,53.704668302867,-0.084639006412992,0,0,0,0,-1
4.92,5.28,13.382456884345,13.6857760389502,14.8049845149612,14.8651759610424,54.4417923532419,54.0423855299758,0.224833048530936,0,0,0,0,0
4.81999999999999,4.92,13.7689725038415,13.382456884345,14.836904713546,14.8049845149612,54.003447562161,54.4417923532419,-0.0873685308722294,0,0,0,0,0
4.45999999999999,4.81999999999999,13.8061293712886,13.7689725038415,14.4368385397402,14.836904713546,54.7173404262468,54.003447562161,-0.544289851517746,0,0,0,1,0
4.45,4.45999999999999,13.9768355880055,13.8061293712886,14.16487076037,14.4368385397402,55.4079224368704,54.7173404262468,0.234458260675932,0,0,0,-1,0
4.14,4.45,13.8680979612796,13.9768355880055,14.592741412124,14.16487076037,52.2929956125529,55.4079224368704,0.604131732419482,0,0,0,0,0
3.78,4.14,13.8653105755862,13.8680979612796,14.085987528678,14.592741412124,52.7338211653846,52.2929956125529,0.224298545394849,0,0,0,0,0
3.25,3.78,13.7118911784885,13.8653105755862,13.78363535629,14.085987528678,52.5346244136894,52.7338211653846,-0.172903457899903,0,0,0,0,0
2.98,3.25,13.6123296932166,13.7118911784885,14.0546895686179,13.78363535629,56.8670888771282,52.5346244136894,-0.295709351634354,0,0,0,0,-1
3.05,2.98,13.7393738016441,13.6123296932166,14.0925880187512,14.0546895686179,56.9830539536093,56.8670888771282,-0.119794702308202,0,0,0,-1,1
3.18000000000001,3.05,13.4567362204196,13.7393738016441,13.6705112939298,14.0925880187512,57.3579774554822,56.9830539536093,0.292313451931442,0,0,0,1,0
3.97,3.18000000000001,14.4156294896513,13.4567362204196,13.8492798587079,13.6705112939298,57.7119993374043,57.3579774554822,-1.92325516729135,0,0,0,0,0
3.87,3.97,14.4027260341358,14.4156294896513,13.9214942692546,13.8492798587079,57.6008438458801,57.7119993374043,0.637065780499267,0,0,0,0,0
4.04000000000001,3.87,14.5815629376098,14.4027260341358,13.7145438657201,13.9214942692546,57.8298721150422,57.6008438458801,0.0708645063531286,0,0,0,0,-1
3.87,4.04000000000001,14.4926102886824,14.5815629376098,13.4174493684379,13.7145438657201,56.2794408866979,57.8298721150422,-0.442791343315005,0,0,0,-1,1
3.64,3.87,14.2714237374974,14.4926102886824,13.159828879673,13.4174493684379,56.9721075564353,56.2794408866979,-0.122485714305558,0,0,0,1,0
3.59999999999999,3.64,14.4913610667838,14.2714237374974,13.1287666824255,13.159828879673,57.7245219284574,56.9721075564353,-0.34995749061331,0,0,0,0,0
3.68000000000001,3.59999999999999,13.8216766846396,14.4913610667838,12.9124338741235,13.1287666824255,58.733854662424,57.7245219284574,4.79853379400944,0,0,0,0,0
4.14,3.68000000000001,14.0278706672892,13.8216766846396,12.9060234887515,12.9124338741235,58.6664243868458,58.733854662424,-3.14136377945639,0,0,0,0,0
4.62000000000001,4.14,14.0402515601417,14.0278706672892,12.580656697356,12.9060234887515,59.1866287672081,58.6664243868458,-0.558636367477391,0,0,0,0,0
4.73999999999999,4.62000000000001,14.0594197911953,14.0402515601417,12.8909606055464,12.580656697356,60.6405248234335,59.1866287672081,0.0136584634519359,0,0,0,0,0
4.98999999999999,4.73999999999999,14.0339556436995,14.0594197911953,12.7761084959387,12.8909606055464,61.1028117150178,60.6405248234335,0.354806192694786,0,0,0,0,1
5.22,4.98999999999999,14.1469566300606,14.0339556436995,12.4418885056399,12.7761084959387,61.8010454013031,61.1028117150178,-0.525692826875712,0,0,0,0,-1
5.08,5.22,14.3616128119887,14.1469566300606,12.4207304103449,12.4418885056399,61.1086245222034,61.8010454013031,0.853238759669049,0,0,0,0,0
5.87999999999999,5.08,13.6567953830371,14.3616128119887,12.6937850316136,12.4207304103449,61.9120165717566,61.1086245222034,0.223469131078785,0,0,0,1,1
6.56999999999999,5.87999999999999,14.0992713259009,13.6567953830371,12.7250389900648,12.6937850316136,62.6175341257149,61.9120165717566,-0.955130924869447,0,0,0,-1,-1
7.06,6.56999999999999,13.8751755179758,14.0992713259009,12.8223878666148,12.7250389900648,63.323300533962,62.6175341257149,0.0285164784650451,0,0,0,0,0
7.48,7.06,13.7747716628015,13.8751755179758,12.740245867946,12.8223878666148,64.1515439498525,63.323300533962,0.496396877265354,0,0,0,1,0
8.43000000000001,7.48,13.8528057643124,13.7747716628015,12.7762568036121,12.740245867946,64.5273020094903,64.1515439498525,-0.146076127954611,0,0,0,-1,0
9.40000000000001,8.43000000000001,13.7719632871786,13.8528057643124,13.1180531384363,12.7762568036121,65.7672776478481,64.5273020094903,0.541858599931217,0,0,0,0,0
9.59,9.40000000000001,13.5899070084948,13.7719632871786,13.2487753090124,13.1180531384363,64.9729932901376,65.7672776478481,-0.624837717399792,0,0,0,0,0
9.27,9.59,13.5435819960451,13.5899070084948,13.3147739866415,13.2487753090124,64.8521408317256,64.9729932901376,5.29167397660498,0,0,0,0,-1
9.67,9.27,12.9603606386529,13.5435819960451,13.7327744271182,13.3147739866415,66.5218464465916,64.8521408317256,-3.44916572281051,0,0,0,-1,0
10.4,9.67,13.0568003218959,12.9603606386529,13.8564119837,13.7327744271182,66.9223093117556,66.5218464465916,-2.73710325735289,0,0,0,1,1
20.84,10.4,13.9973305219774,13.0568003218959,18.6107144108392,13.8564119837,66.5400526835621,66.9223093117556,-1.87338904480528,0,0,0,0,0
20.95,20.84,13.878392313839,13.9973305219774,20.3367754738935,18.6107144108392,64.7462515396952,66.5400526835621,2.73143325452513,0,0,0,0,0
19.66,20.95,14.0146792808546,13.878392313839,19.751597359385,20.3367754738935,63.7991893150237,64.7462515396952,-0.724260211531156,0,0,0,0,0
17.44,19.66,14.7156361740704,14.0146792808546,18.5995453527918,19.751597359385,63.0575096395506,63.7991893150237,2.8657128594502,0,0,0,0,0
15.64,17.44,14.416764301464,14.7156361740704,16.4694652086734,18.5995453527918,63.1831195994772,63.0575096395506,-0.506434658915303,0,0,0,0,0
14.88,15.64,14.4773566014265,14.416764301464,16.4743626157293,16.4694652086734,62.8645140955268,63.1831195994772,-0.921732476157693,0,0,0,0,0
13.9,14.88,14.467944342035,14.4773566014265,16.4820489767618,16.4743626157293,63.2212835406664,62.8645140955268,-0.176982568817097,0,0,0,0,1
12.9,13.9,14.335167206135,14.467944342035,16.1320938620097,16.4820489767618,62.8949824678186,63.2212835406664,-0.00987692322549982,0,0,0,0,-1
12.04,12.9,14.6421230347166,14.335167206135,16.7395538280736,16.1320938620097,63.0684518470003,62.8949824678186,-2.08697942896877,0,0,0,1,0
12.01,12.04,14.3706659949977,14.6421230347166,17.680017019922,16.7395538280736,63.1415319810666,63.0684518470003,1.48234527551285,0,0,0,-1,0
12.22,12.01,14.5236766708706,14.3706659949977,16.5175189327313,17.680017019922,64.4833244378411,63.1415319810666,-0.0858261368690396,0,0,0,0,0
11.2,12.22,14.3635231442855,14.5236766708706,16.4224423147233,16.5175189327313,64.2531800679432,64.4833244378411,0.0855621893392779,0,0,0,0,0
1.58,11.2,14.145619262106,14.3635231442855,15.9108003814706,16.4224423147233,64.5101025915753,64.2531800679432,-0.0694924849490306,0,0,0,0,1
1.92,1.58,13.9898759589966,14.145619262106,16.1555905431971,15.9108003814706,64.9769251329552,64.5101025915753,-0.0150522367082608,0,0,0,0,0
1.72,1.92,13.3632570788899,13.9898759589966,16.4340183350605,16.1555905431971,65.1617957456859,64.9769251329552,0.757592946502786,0,0,0,1,-1
3.51000000000001,1.72,13.3918814939485,13.3632570788899,16.1567046113249,16.4340183350605,65.6416965462665,65.1617957456859,2.4972290169703,0,0,0,-1,1
5.12999999999999,3.51000000000001,13.100119053109,13.3918814939485,15.9744892030275,16.1567046113249,65.9149087211015,65.6416965462665,-1.84168907065787,0,0,0,1,-1
5.34,5.12999999999999,12.9494465500286,13.100119053109,16.5481485634275,15.9744892030275,67.0762570872914,65.9149087211015,0.850895361256956,0,0,0,0,0
6.8,5.34,12.874914023593,12.9494465500286,17.8728383131522,16.5481485634275,68.0558762115113,67.0762570872914,-3.24247020059627,0,0,0,-1,1
7.66,6.8,12.6596560801264,12.874914023593,18.6616107333568,17.8728383131522,67.652503605009,68.0558762115113,2.21008655524883,0,0,0,0,-1
8.15000000000001,7.66,12.7465254791684,12.6596560801264,20.0180540300419,18.6616107333568,67.4557558998482,67.652503605009,-2.2378425154308,0,0,0,1,0
8.77,8.15000000000001,12.8321144560455,12.7465254791684,19.8900489689668,20.0180540300419,66.3849133697026,67.4557558998482,1.51933748883128,0,0,0,-1,0
8.34999999999999,8.77,12.9468618718357,12.8321144560455,22.3130099053568,19.8900489689668,67.918632578907,66.3849133697026,-0.0387339306838328,0,0,0,0,0
8.79000000000001,8.34999999999999,12.8300545967219,12.9468618718357,23.7558622069933,22.3130099053568,67.5470136756064,67.918632578907,-1.74209617894006,0,0,0,0,1
8.12,8.79000000000001,12.7431864374799,12.8300545967219,22.8212179752963,23.7558622069933,67.8548987687401,67.5470136756064,1.37820301786078,0,0,0,0,0
7.45,8.12,12.7376675319874,12.7431864374799,22.5705789400205,22.8212179752963,67.3261164974688,67.8548987687401,-0.147723243239266,0,0,0,0,0
8.17,7.45,12.3383226181608,12.7376675319874,22.5626334727826,22.5705789400205,67.6774173978836,67.3261164974688,1.99752624521402,0,0,0,1,-1
8.06999999999999,8.17,12.4628018454046,12.3383226181608,23.1359321187952,22.5626334727826,68.3390389077118,67.6774173978836,-3.32207411321289,0,0,0,-1,1
8.58,8.06999999999999,11.4396924654159,12.4628018454046,23.5580800127093,23.1359321187952,69.6787192019746,68.3390389077118,2.57929124483088,0,0,0,1,-1
8.37,8.58,11.3982467116721,11.4396924654159,25.4838977152237,23.5580800127093,69.9884612556051,69.6787192019746,1.37150917776396,0,0,0,0,0
7.75,8.37,11.3947705111505,11.3982467116721,26.2269982265689,25.4838977152237,69.6336658388804,69.9884612556051,-1.69837436785221,0,0,0,0,-1
7.44,7.75,11.2421041704155,11.3947705111505,27.625297203922,26.2269982265689,68.1960562134656,69.6336658388804,-0.0926841374253904,0,0,0,-2,1
8.48999999999999,7.44,11.4168736327248,11.2421041704155,30.2027124411123,27.625297203922,65.5094903917498,68.1960562134656,0.0683155196827663,0,0,0,1,-1
8.04000000000001,8.48999999999999,12.1637026016472,11.4168736327248,33.1258406276146,30.2027124411123,63.8370407917115,65.5094903917498,0.0971594068581645,0,0,0,-1,1
8.59,8.04000000000001,12.1484944449257,12.1637026016472,31.1309870529183,33.1258406276146,62.4502596229401,63.8370407917115,0.167552665291165,0,0,0,2,0
8.73,8.59,12.4597612966845,12.1484944449257,33.313793204259,31.1309870529183,61.7553293064057,62.4502596229401,-0.199229542945385,0,0,0,-1,1
9.45,8.73,12.7661724513473,12.4597612966845,32.7089610788623,33.313793204259,61.0659432251363,61.7553293064057,0.230801283085562,0,0,0,0,-1
9.06,9.45,12.7112164432162,12.7661724513473,30.5786054342539,32.7089610788623,59.9968008659868,61.0659432251363,-0.910546663580597,0,0,0,0,0
8.79000000000001,9.06,12.8107729714738,12.7112164432162,29.9696102780373,30.5786054342539,59.6432584512336,59.9968008659868,-1.10175622401147,0,0,0,1,0
8.23,8.79000000000001,13.25933168265,12.8107729714738,27.6985812258742,29.9696102780373,59.008731461739,59.6432584512336,1.65838241362351,0,0,0,-1,0
7.34,8.23,12.3466945319462,13.25933168265,26.2686689151721,27.6985812258742,57.928055230108,59.008731461739,-0.694869746936615,0,0,0,-1,0
7.26000000000001,7.34,12.3834916360578,12.3466945319462,25.144685738248,26.2686689151721,58.1218733885408,57.928055230108,0.241865546751328,0,0,0,2,1
6.78,7.26000000000001,12.4441195853654,12.3834916360578,24.4290711295974,25.144685738248,57.9148430292504,58.1218733885408,0.47542100114168,0,0,0,-1,-1
4.81,0,13.6761591992453,0,15.4731051724341,0,50.2474508255852,0,-0.233318385153751,0,0,0,1,0
4.84,4.81,13.7491322602856,13.6761591992453,15.2983289879679,15.4731051724341,50.9048869724272,50.2474508255852,0.0463141473731241,0,0,0,-1,0
5.01000000000001,4.84,13.598558581739,13.7491322602856,15.2897714546967,15.2983289879679,51.1837007546734,50.9048869724272,-0.35785203631988,0,0,0,0,1
5.23999999999999,5.01000000000001,13.5373373300146,13.598558581739,15.2328236061223,15.2897714546967,52.0589644195094,51.1837007546734,-0.084639006412992,0,0,0,0,-1
4.28,5.23999999999999,13.3148881320093,13.5373373300146,15.2408180739864,15.2328236061223,52.6649709092622,52.0589644195094,0.224833048530936,0,0,0,0,0
4.33,4.28,13.5168670374574,13.3148881320093,15.0326813622401,15.2408180739864,53.3986648091479,52.6649709092622,-0.0873685308722294,0,0,0,0,0
4.02,4.33,13.6442616445472,13.5168670374574,14.8163526480167,15.0326813622401,54.0762807025217,53.3986648091479,-0.544289851517746,0,0,0,1,0
3.66,4.02,13.8320680883986,13.6442616445472,14.7374783339572,14.8163526480167,54.6563286041095,54.0762807025217,0.234458260675932,0,0,0,-1,0
3.51000000000001,3.66,13.6921047964858,13.8320680883986,15.003233338357,14.7374783339572,55.6385413286795,54.6563286041095,0.604131732419482,0,0,0,0,0
3.13,3.51000000000001,13.6828515576259,13.6921047964858,14.5155056994313,15.003233338357,55.8609760971462,55.6385413286795,0.224298545394849,0,0,0,0,0
2.58,3.13,13.5657208066641,13.6828515576259,14.483277150963,14.5155056994313,56.0488313796726,55.8609760971462,-0.172903457899903,0,0,0,0,0
1.88,2.58,13.6449321603021,13.5657208066641,14.4890705811488,14.483277150963,55.9731381656054,56.0488313796726,-0.295709351634354,0,0,0,0,-1
1.47,1.88,13.6971438644596,13.6449321603021,14.5305678346177,14.4890705811488,56.0413948896002,55.9731381656054,-0.119794702308202,0,0,0,-1,1
1.78,1.47,13.3793602072853,13.6971438644596,13.9718556422709,14.5305678346177,56.3348682266998,56.0413948896002,0.292313451931442,0,0,0,1,0
2.63,1.78,14.0942594484216,13.3793602072853,14.3480508328316,13.9718556422709,55.9689821523452,56.3348682266998,-1.92325516729135,0,0,0,0,0
2.62,2.63,14.0547306055574,14.0942594484216,14.0577496551127,14.3480508328316,55.0653208636048,55.9689821523452,0.637065780499267,0,0,0,0,0
2.90000000000001,2.62,14.2081351466724,14.0547306055574,13.6738277088608,14.0577496551127,55.2310396389698,55.0653208636048,0.0708645063531286,0,0,0,0,-1
3.2,2.90000000000001,14.1357972026824,14.2081351466724,13.4184857689238,13.6738277088608,55.3677529027243,55.2310396389698,-0.442791343315005,0,0,0,-1,1
3.19,3.2,13.9332836437969,14.1357972026824,13.3179454570466,13.4184857689238,55.7576548012608,55.3677529027243,-0.122485714305558,0,0,0,1,0
3.65000000000001,3.19,14.1798064724615,13.9332836437969,13.0501239164105,13.3179454570466,56.0617484467009,55.7576548012608,-0.34995749061331,0,0,0,0,0
4.28,3.65000000000001,13.5719362542455,14.1798064724615,12.9286652056148,13.0501239164105,56.4745131151245,56.0617484467009,4.79853379400944,0,0,0,0,0
4.87999999999999,4.28,13.7539235674549,13.5719362542455,12.9787704059002,12.9286652056148,56.9059313702545,56.4745131151245,-3.14136377945639,0,0,0,0,0
4.87000000000001,4.87999999999999,13.8483829281966,13.7539235674549,12.805982300133,12.9787704059002,56.8221546292028,56.9059313702545,-0.558636367477391,0,0,0,0,0
5.02,4.87000000000001,13.8395228281741,13.8483829281966,12.9446269003932,12.805982300133,57.6034904717644,56.8221546292028,0.0136584634519359,0,0,0,0,0
6.06,5.02,13.7993254277153,13.8395228281741,12.7879326366445,12.9446269003932,58.0217657024083,57.6034904717644,0.354806192694786,0,0,0,0,1
6.40000000000001,6.06,13.9615868366741,13.7993254277153,12.8888280205361,12.7879326366445,58.9214494014124,58.0217657024083,-0.525692826875712,0,0,0,0,-1
5.37999999999999,6.40000000000001,14.0589772833362,13.9615868366741,12.7238155579877,12.8888280205361,59.2966476252259,58.9214494014124,0.853238759669049,0,0,0,0,0
5.37999999999999,5.37999999999999,13.4795566765834,14.0589772833362,12.8889268942082,12.7238155579877,60.1272441246762,59.2966476252259,0.223469131078785,0,0,0,1,1
6.08,5.37999999999999,13.9296054953135,13.4795566765834,12.8517339751246,12.8889268942082,60.9769367680971,60.1272441246762,-0.955130924869447,0,0,0,-1,-1
6.37999999999999,6.08,13.6555696581451,13.9296054953135,13.2357787720958,12.8517339751246,61.1815894540761,60.9769367680971,0.0285164784650451,0,0,0,0,0
7.45999999999999,6.37999999999999,13.554474752243,13.6555696581451,13.1445932227443,13.2357787720958,62.0800047647923,61.1815894540761,0.496396877265354,0,0,0,1,0
7.72,7.45999999999999,13.5909380545149,13.554474752243,13.0732522966227,13.1445932227443,62.7824468560821,62.0800047647923,-0.146076127954611,0,0,0,-1,0
8.28,7.72,13.5424855764701,13.5909380545149,13.4359403617013,13.0732522966227,62.8960964555233,62.7824468560821,0.541858599931217,0,0,0,0,0
8.03,8.28,13.3766453907055,13.5424855764701,13.3895724831214,13.4359403617013,62.9283931689259,62.8960964555233,-0.624837717399792,0,0,0,0,0
8.48999999999999,8.03,13.3311359998594,13.3766453907055,13.604516719777,13.3895724831214,63.2048338721199,62.9283931689259,5.29167397660498,0,0,0,0,-1
8.92,8.48999999999999,12.7832981254798,13.3311359998594,13.322330564549,13.604516719777,63.9301068371181,63.2048338721199,-3.44916572281051,0,0,0,-1,0
8.87,8.92,13.2966103416755,12.7832981254798,14.3683066128769,13.322330564549,64.4615068628452,63.9301068371181,-2.73710325735289,0,0,0,1,1
15.67,8.87,14.070507573442,13.2966103416755,20.1185859584324,14.3683066128769,64.0231785693696,64.4615068628452,-1.87338904480528,0,0,0,0,0
17.44,15.67,13.8779848813079,14.070507573442,21.232130702119,20.1185859584324,62.9817034379029,64.0231785693696,2.73143325452513,0,0,0,0,0
17.66,17.44,13.9298773186766,13.8779848813079,20.2897755290959,21.232130702119,62.0814696043492,62.9817034379029,-0.724260211531156,0,0,0,0,0
16.05,17.66,14.4916275372131,13.9298773186766,19.9850975916167,20.2897755290959,61.4660154497707,62.0814696043492,2.8657128594502,0,0,0,0,0
15.22,16.05,14.2314432568619,14.4916275372131,17.3674203664921,19.9850975916167,61.3649757728303,61.4660154497707,-0.506434658915303,0,0,0,0,0
14.45,15.22,14.2373266165366,14.2314432568619,17.0910870392603,17.3674203664921,61.1852499952744,61.3649757728303,-0.921732476157693,0,0,0,0,0
13.81,14.45,14.2093847319055,14.2373266165366,17.6555086099012,17.0910870392603,61.8883885116638,61.1852499952744,-0.176982568817097,0,0,0,0,1
12.76,13.81,14.0744125349724,14.2093847319055,16.2603817316606,17.6555086099012,62.1467644949817,61.8883885116638,-0.00987692322549982,0,0,0,0,-1
12.5,12.76,14.2989810347499,14.0744125349724,16.8120923385733,16.2603817316606,62.235458795174,62.1467644949817,-2.08697942896877,0,0,0,1,0
12.73,12.5,14.0827836923439,14.2989810347499,17.7633159961719,16.8120923385733,62.0755072311411,62.235458795174,1.48234527551285,0,0,0,-1,0
12.38,12.73,14.220766356368,14.0827836923439,17.1078654966202,17.7633159961719,62.1938129839392,62.0755072311411,-0.0858261368690396,0,0,0,0,0
12.04,12.38,14.0632990309973,14.220766356368,16.7381034456943,17.1078654966202,62.2614878064312,62.1938129839392,0.0855621893392779,0,0,0,0,0
4.95999999999999,12.04,13.8781240043147,14.0632990309973,16.5416595059049,16.7381034456943,62.9071259228145,62.2614878064312,-0.0694924849490306,0,0,0,0,1
3.31999999999999,4.95999999999999,13.7344418367112,13.8781240043147,16.5611230411061,16.5416595059049,63.4847875332263,62.9071259228145,-0.0150522367082608,0,0,0,0,0
2.79000000000001,3.31999999999999,13.2090114050369,13.7344418367112,16.6418758319347,16.5611230411061,64.1559523256451,63.4847875332263,0.757592946502786,0,0,0,1,-1
3.59,2.79000000000001,13.2333282400257,13.2090114050369,16.5552060300089,16.6418758319347,65.0082483279013,64.1559523256451,2.4972290169703,0,0,0,-1,1
3.75,3.59,12.9463550074701,13.2333282400257,16.5812949193677,16.5552060300089,65.2604699171129,65.0082483279013,-1.84168907065787,0,0,0,1,-1
4.22,3.75,12.8066729060452,12.9463550074701,17.0221464399069,16.5812949193677,67.1557396910912,65.2604699171129,0.850895361256956,0,0,0,0,0
5.06999999999999,4.22,12.8041149530639,12.8066729060452,19.0871411141677,17.0221464399069,70.1166827771316,67.1557396910912,-3.24247020059627,0,0,0,-1,1
5.84,5.06999999999999,12.6199505606011,12.8041149530639,19.9486334638959,19.0871411141677,69.8689512086136,70.1166827771316,2.21008655524883,0,0,0,0,-1
6.56999999999999,5.84,12.7175994786664,12.6199505606011,20.8965497366911,19.9486334638959,70.5602117941547,69.8689512086136,-2.2378425154308,0,0,0,1,0
7.01000000000001,6.56999999999999,12.7321755359249,12.7175994786664,21.5762962597705,20.8965497366911,70.4165699133053,70.5602117941547,1.51933748883128,0,0,0,-1,0
7.45999999999999,7.01000000000001,12.8109737111348,12.7321755359249,22.8857298470386,21.5762962597705,70.5025990751079,70.4165699133053,-0.0387339306838328,0,0,0,0,0
7.3,7.45999999999999,12.7276538738881,12.8109737111348,23.8321438393696,22.8857298470386,70.4509972760232,70.5025990751079,-1.74209617894006,0,0,0,0,1
7.18000000000001,7.3,12.6475735019887,12.7276538738881,23.2532286125658,23.8321438393696,71.0705762530893,70.4509972760232,1.37820301786078,0,0,0,0,0
7.31999999999999,7.18000000000001,12.6675087053058,12.6475735019887,22.9820282026547,23.2532286125658,71.0411019178825,71.0705762530893,-0.147723243239266,0,0,0,0,0
7.27,7.31999999999999,12.3382182726543,12.6675087053058,23.3440580146069,22.9820282026547,71.4967447221944,71.0411019178825,1.99752624521402,0,0,0,1,-1
8,7.27,12.4763890734119,12.3382182726543,24.0372898473957,23.3440580146069,72.9702017644511,71.4967447221944,-3.32207411321289,0,0,0,-1,1
8.5,8,11.4914247166116,12.4763890734119,24.4856048749309,24.0372898473957,71.7694434989422,72.9702017644511,2.57929124483088,0,0,0,1,-1
8.48,8.5,11.4472813223283,11.4914247166116,26.1877284264456,24.4856048749309,71.8307492394288,71.7694434989422,1.37150917776396,0,0,0,0,0
7.84,8.48,11.4080226937208,11.4472813223283,26.4566443263199,26.1877284264456,71.1606934680471,71.8307492394288,-1.69837436785221,0,0,0,0,-1
7.72,7.84,11.2271536391177,11.4080226937208,26.8987467552764,26.4566443263199,70.279335253683,71.1606934680471,-0.0926841374253904,0,0,0,-2,1
7.65000000000001,7.72,11.3856815628848,11.2271536391177,27.6298034222124,26.8987467552764,67.4365835285457,70.279335253683,0.0683155196827663,0,0,0,1,-1
8.29000000000001,7.65000000000001,12.0807465578276,11.3856815628848,28.4408237242944,27.6298034222124,65.8470158353187,67.4365835285457,0.0971594068581645,0,0,0,-1,1
9.27,8.29000000000001,12.0506088905978,12.0807465578276,29.670832634841,28.4408237242944,64.0650852728256,65.8470158353187,0.167552665291165,0,0,0,2,0
9.69,9.27,12.348418466435,12.0506088905978,31.1698480078914,29.670832634841,63.2678788526166,64.0650852728256,-0.199229542945385,0,0,0,-1,1
10.23,9.69,12.6292397116361,12.348418466435,30.7807667263989,31.1698480078914,62.6342578492794,63.2678788526166,0.230801283085562,0,0,0,0,-1
10.04,10.23,12.580998677635,12.6292397116361,28.7303962010022,30.7807667263989,61.7822898464323,62.6342578492794,-0.910546663580597,0,0,0,0,0
9.98999999999999,10.04,12.691492376346,12.580998677635,28.9165398989977,28.7303962010022,61.8447467604817,61.7822898464323,-1.10175622401147,0,0,0,1,0
9.11,9.98999999999999,13.1091220551532,12.691492376346,27.1343215973191,28.9165398989977,60.8812231665567,61.8447467604817,1.65838241362351,0,0,0,-1,0
8.64,9.11,12.2342531409738,13.1091220551532,26.9092901636841,27.1343215973191,60.4732053089794,60.8812231665567,-0.694869746936615,0,0,0,-1,0
7.61,8.64,12.2557459186704,12.2342531409738,26.717078124695,26.9092901636841,60.8252385512774,60.4732053089794,0.241865546751328,0,0,0,2,1
7.94,7.61,12.3292972730655,12.2557459186704,25.4330080210728,26.717078124695,60.6104794695389,60.8252385512774,0.47542100114168,0,0,0,-1,-1
5.65000000000001,0,13.5979337739158,0,15.0905664201466,0,46.1085479898643,0,-0.233318385153751,0,0,0,1,0
5.62000000000001,5.65000000000001,13.6266265568246,13.5979337739158,15.0224651052404,15.0905664201466,46.4836800594008,46.1085479898643,0.0463141473731241,0,0,0,-1,0
5.45,5.62000000000001,13.4889899520688,13.6266265568246,14.9437366717522,15.0224651052404,47.0691798568327,46.4836800594008,-0.35785203631988,0,0,0,0,1
5.23,5.45,13.4379008699435,13.4889899520688,15.1384986627809,14.9437366717522,47.5803879782965,47.0691798568327,-0.084639006412992,0,0,0,0,-1
4.59,5.23,13.2306579125698,13.4379008699435,14.9369650165869,15.1384986627809,47.969492959598,47.5803879782965,0.224833048530936,0,0,0,0,0
4.51000000000001,4.59,13.4812537216145,13.2306579125698,14.8899711106725,14.9369650165869,48.3615367232784,47.969492959598,-0.0873685308722294,0,0,0,0,0
4.15000000000001,4.51000000000001,13.5073574859024,13.4812537216145,14.5457762756082,14.8899711106725,48.9205662959539,48.3615367232784,-0.544289851517746,0,0,0,1,0
3.98,4.15000000000001,13.6838278362953,13.5073574859024,14.5521040810313,14.5457762756082,49.2003500597941,48.9205662959539,0.234458260675932,0,0,0,-1,0
3.59,3.98,13.5894809871837,13.6838278362953,14.7727943317599,14.5521040810313,48.8241558708222,49.2003500597941,0.604131732419482,0,0,0,0,0
3.16,3.59,13.6108253582994,13.5894809871837,14.3385009116798,14.7727943317599,49.0120637776434,48.8241558708222,0.224298545394849,0,0,0,0,0
2.8,3.16,13.5024533979925,13.6108253582994,14.1676424313026,14.3385009116798,48.9382734106727,49.0120637776434,-0.172903457899903,0,0,0,0,0
1.98,2.8,13.4906219151391,13.5024533979925,14.3041154231713,14.1676424313026,48.9898808405156,48.9382734106727,-0.295709351634354,0,0,0,0,-1
1.83,1.98,13.604786990348,13.4906219151391,14.2675130426842,14.3041154231713,49.1031431165978,48.9898808405156,-0.119794702308202,0,0,0,-1,1
2.09,1.83,13.2903403923046,13.604786990348,13.7306793045532,14.2675130426842,49.6309815839497,49.1031431165978,0.292313451931442,0,0,0,1,0
2.81999999999999,2.09,14.1370489499625,13.2903403923046,15.0977400242069,13.7306793045532,48.4634552977041,49.6309815839497,-1.92325516729135,0,0,0,0,0
2.88,2.81999999999999,14.152764848877,14.1370489499625,14.0292720322074,15.0977400242069,48.3440003997181,48.4634552977041,0.637065780499267,0,0,0,0,0
3.08,2.88,14.3114186982651,14.152764848877,13.8472214087335,14.0292720322074,48.4966515192575,48.3440003997181,0.0708645063531286,0,0,0,0,-1
3.27,3.08,14.2702434430051,14.3114186982651,13.3693424045626,13.8472214087335,48.833393652526,48.4966515192575,-0.442791343315005,0,0,0,-1,1
3.56,3.27,14.1396719491494,14.2702434430051,13.4554513643662,13.3693424045626,49.6247691760837,48.833393652526,-0.122485714305558,0,0,0,1,0
3.81,3.56,14.3261089052285,14.1396719491494,13.2622718132242,13.4554513643662,50.2811175278881,49.6247691760837,-0.34995749061331,0,0,0,0,0
4.06999999999999,3.81,13.7630042577483,14.3261089052285,12.9549993813778,13.2622718132242,51.2119702114654,50.2811175278881,4.79853379400944,0,0,0,0,0
4.48999999999999,4.06999999999999,13.9359818594133,13.7630042577483,13.0482107649939,12.9549993813778,51.4748808141836,51.2119702114654,-3.14136377945639,0,0,0,0,0
4.92,4.48999999999999,13.9644404262209,13.9359818594133,12.9560203536091,13.0482107649939,51.511083156516,51.4748808141836,-0.558636367477391,0,0,0,0,0
5.09,4.92,13.9613568442802,13.9644404262209,13.0668004602062,12.9560203536091,51.8649788471799,51.511083156516,0.0136584634519359,0,0,0,0,0
5.69,5.09,13.9453312495098,13.9613568442802,12.8394717828847,13.0668004602062,52.3730901571297,51.8649788471799,0.354806192694786,0,0,0,0,1
6.02,5.69,14.0369876790289,13.9453312495098,12.6788172755605,12.8394717828847,53.0705475731567,52.3730901571297,-0.525692826875712,0,0,0,0,-1
5.69,6.02,14.1287158794007,14.0369876790289,12.4398849769392,12.6788172755605,53.5514662304352,53.0705475731567,0.853238759669049,0,0,0,0,0
5.95999999999999,5.69,13.5330889293056,14.1287158794007,12.7749592819239,12.4398849769392,54.1282737195809,53.5514662304352,0.223469131078785,0,0,0,1,1
6.58,5.95999999999999,13.9674688691747,13.5330889293056,12.8069441405621,12.7749592819239,54.9565441416536,54.1282737195809,-0.955130924869447,0,0,0,-1,-1
6.73,6.58,13.8108312190054,13.9674688691747,13.1407474077747,12.8069441405621,55.8617756944944,54.9565441416536,0.0285164784650451,0,0,0,0,0
7.12000000000001,6.73,13.7226973962723,13.8108312190054,12.9009652143003,13.1407474077747,56.6464835221988,55.8617756944944,0.496396877265354,0,0,0,1,0
7.47,7.12000000000001,13.8116563409375,13.7226973962723,13.0660223167285,12.9009652143003,57.0709383616042,56.6464835221988,-0.146076127954611,0,0,0,-1,0
8.40000000000001,7.47,13.7771345189791,13.8116563409375,13.3968224063888,13.0660223167285,57.3893871511954,57.0709383616042,0.541858599931217,0,0,0,0,0
9.11,8.40000000000001,13.6075091425382,13.7771345189791,13.3645782851532,13.3968224063888,57.2949729172679,57.3893871511954,-0.624837717399792,0,0,0,0,0
9.13,9.11,13.5751471218043,13.6075091425382,13.6463685526846,13.3645782851532,57.1666433174341,57.2949729172679,5.29167397660498,0,0,0,0,-1
9.5,9.13,13.0232702472315,13.5751471218043,13.9632028104704,13.6463685526846,57.1764532671683,57.1666433174341,-3.44916572281051,0,0,0,-1,0
9.33,9.5,13.3407293152792,13.0232702472315,13.8373575159391,13.9632028104704,57.3463475768396,57.1764532671683,-2.73710325735289,0,0,0,1,1
16.02,9.33,14.2366873572629,13.3407293152792,18.4921437368726,13.8373575159391,56.2979155637004,57.3463475768396,-1.87338904480528,0,0,0,0,0
17.89,16.02,14.1002800040875,14.2366873572629,19.4104208622409,18.4921437368726,54.8171064138706,56.2979155637004,2.73143325452513,0,0,0,0,0
18.45,17.89,14.2177228805628,14.1002800040875,19.7910268816779,19.4104208622409,53.8365683201699,54.8171064138706,-0.724260211531156,0,0,0,0,0
17.31,18.45,14.8225044546284,14.2177228805628,18.6650048289542,19.7910268816779,53.3576830716834,53.8365683201699,2.8657128594502,0,0,0,0,0
16.57,17.31,14.5871060416157,14.8225044546284,17.5822738631524,18.6650048289542,53.275604166619,53.3576830716834,-0.506434658915303,0,0,0,0,0
15.86,16.57,14.6363453808088,14.5871060416157,17.1640297223411,17.5822738631524,53.1723764057615,53.275604166619,-0.921732476157693,0,0,0,0,0
15.19,15.86,14.6307976489263,14.6363453808088,16.5490629599414,17.1640297223411,53.3695493541458,53.1723764057615,-0.176982568817097,0,0,0,0,1
14.07,15.19,14.5163786474756,14.6307976489263,15.9895547129603,16.5490629599414,53.5056245905189,53.3695493541458,-0.00987692322549982,0,0,0,0,-1
12.96,14.07,14.7841747551146,14.5163786474756,16.4393147305371,15.9895547129603,53.6126176360248,53.5056245905189,-2.08697942896877,0,0,0,1,0
12.79,12.96,14.5163634123191,14.7841747551146,17.3100074682703,16.4393147305371,53.7347506138662,53.6126176360248,1.48234527551285,0,0,0,-1,0
12.6,12.79,14.6587498052041,14.5163634123191,16.5778162210717,17.3100074682703,53.7892615609001,53.7347506138662,-0.0858261368690396,0,0,0,0,0
12.7,12.6,14.5010105776868,14.6587498052041,16.2580473051286,16.5778162210717,53.8599603425203,53.7892615609001,0.0855621893392779,0,0,0,0,0
5.31999999999999,12.7,14.2783515974545,14.5010105776868,15.9951944027262,16.2580473051286,54.4698172515768,53.8599603425203,-0.0694924849490306,0,0,0,0,1
3.40000000000001,5.31999999999999,14.1826770427637,14.2783515974545,15.9720391619184,15.9951944027262,54.8851434901722,54.4698172515768,-0.0150522367082608,0,0,0,0,0
3.09999999999999,3.40000000000001,13.5685520053701,14.1826770427637,16.2296005040595,15.9720391619184,55.2383218276019,54.8851434901722,0.757592946502786,0,0,0,1,-1
3.66,3.09999999999999,13.5767525411182,13.5685520053701,15.4381372350632,16.2296005040595,55.5860324153527,55.2383218276019,2.4972290169703,0,0,0,-1,1
4.08,3.66,13.2859535799853,13.5767525411182,15.9338512592011,15.4381372350632,55.8885315131957,55.5860324153527,-1.84168907065787,0,0,0,1,-1
4.37000000000001,4.08,13.1709918599574,13.2859535799853,16.195392075255,15.9338512592011,57.1245745915188,55.8885315131957,0.850895361256956,0,0,0,0,0
5.19,4.37000000000001,13.071637436595,13.1709918599574,18.3546977110569,16.195392075255,58.5276272050525,57.1245745915188,-3.24247020059627,0,0,0,-1,1
6.06999999999999,5.19,12.8612491178115,13.071637436595,19.4963218348624,18.3546977110569,59.1891103354489,58.5276272050525,2.21008655524883,0,0,0,0,-1
6.84,6.06999999999999,12.9147662452366,12.8612491178115,20.8884852962833,19.4963218348624,59.2752965583056,59.1891103354489,-2.2378425154308,0,0,0,1,0
7.01000000000001,6.84,12.959907381993,12.9147662452366,21.996813505538,20.8884852962833,58.5431556025582,59.2752965583056,1.51933748883128,0,0,0,-1,0
6.94,7.01000000000001,13.053927786282,12.959907381993,24.0511757712836,21.996813505538,58.0369932508663,58.5431556025582,-0.0387339306838328,0,0,0,0,0
6.90000000000001,6.94,12.9392248617806,13.053927786282,23.9967119270595,24.0511757712836,57.4632185892956,58.0369932508663,-1.74209617894006,0,0,0,0,1
7.29000000000001,6.90000000000001,12.8491014218459,12.9392248617806,23.727421141148,23.9967119270595,57.2632237765005,57.4632185892956,1.37820301786078,0,0,0,0,0
7.34999999999999,7.29000000000001,12.8339798608394,12.8491014218459,23.4243478759103,23.727421141148,57.194222786253,57.2632237765005,-0.147723243239266,0,0,0,0,0
7.29000000000001,7.34999999999999,12.4543314653556,12.8339798608394,23.021831515994,23.4243478759103,57.2725687288088,57.194222786253,1.99752624521402,0,0,0,1,-1
7.72,7.29000000000001,12.5186718739875,12.4543314653556,24.0227435876002,23.021831515994,57.8587517296362,57.2725687288088,-3.32207411321289,0,0,0,-1,1
8.33,7.72,11.540593169736,12.5186718739875,23.9685328656699,24.0227435876002,57.0410296948556,57.8587517296362,2.57929124483088,0,0,0,1,-1
8.38,8.33,11.5137168553112,11.540593169736,25.8882509402934,23.9685328656699,56.825360754706,57.0410296948556,1.37150917776396,0,0,0,0,0
8.2,8.38,11.5240425500038,11.5137168553112,25.4677749701396,25.8882509402934,55.8674741559623,56.825360754706,-1.69837436785221,0,0,0,0,-1
7.84,8.2,11.3762766986545,11.5240425500038,27.527286219612,25.4677749701396,55.1193777243457,55.8674741559623,-0.0926841374253904,0,0,0,-2,1
8.16,7.84,11.5066593812124,11.3762766986545,27.7616243491473,27.527286219612,52.7721094085704,55.1193777243457,0.0683155196827663,0,0,0,1,-1
9.11,8.16,12.1467910728787,11.5066593812124,29.24824468122,27.7616243491473,50.7242756016315,52.7721094085704,0.0971594068581645,0,0,0,-1,1
9.52,9.11,12.1313494084017,12.1467910728787,29.2655039144724,29.24824468122,49.5776674901425,50.7242756016315,0.167552665291165,0,0,0,2,0
9.68000000000001,9.52,12.4302031439782,12.1313494084017,31.0397016779879,29.2655039144724,48.6482556194397,49.5776674901425,-0.199229542945385,0,0,0,-1,1
9.8,9.68000000000001,12.7381594553292,12.4302031439782,29.6033971873316,31.0397016779879,47.8334817162286,48.6482556194397,0.230801283085562,0,0,0,0,-1
9.98999999999999,9.8,12.6478743761428,12.7381594553292,27.7016362665157,29.6033971873316,47.2987227505323,47.8334817162286,-0.910546663580597,0,0,0,0,0
9.55,9.98999999999999,12.7233902910849,12.6478743761428,27.3262743590591,27.7016362665157,46.9197202209852,47.2987227505323,-1.10175622401147,0,0,0,1,0
8.86,9.55,13.1860606262852,12.7233902910849,26.2209292182305,27.3262743590591,46.4629697541289,46.9197202209852,1.65838241362351,0,0,0,-1,0
8.34,8.86,12.2878568015669,13.1860606262852,25.1820928187267,26.2209292182305,46.0401755707708,46.4629697541289,-0.694869746936615,0,0,0,-1,0
8.08,8.34,12.3092889662791,12.2878568015669,24.6562013825049,25.1820928187267,46.0991218427689,46.0401755707708,0.241865546751328,0,0,0,2,1
8.04000000000001,8.08,12.369671128398,12.3092889662791,22.9096290697818,24.6562013825049,46.0538457134902,46.0991218427689,0.47542100114168,0,0,0,-1,-1
6.33,0,13.512738587526,0,15.2122674052984,0,52.8358418556326,0,-0.233318385153751,0,0,0,1,0
6.20999999999999,6.33,13.562045317739,13.512738587526,15.125229612222,15.2122674052984,53.3217304627098,52.8358418556326,0.0463141473731241,0,0,0,-1,0
6.34,6.20999999999999,13.4477315782756,13.562045317739,15.1644676119966,15.125229612222,52.6041174173215,53.3217304627098,-0.35785203631988,0,0,0,0,1
5.94,6.34,13.4053104537344,13.4477315782756,15.3892548732635,15.1644676119966,52.9314137774247,52.6041174173215,-0.084639006412992,0,0,0,0,-1
5.27,5.94,13.1798108922684,13.4053104537344,15.2269934527109,15.3892548732635,53.3198268415943,52.9314137774247,0.224833048530936,0,0,0,0,0
5.54000000000001,5.27,13.4778140306921,13.1798108922684,15.166745064233,15.2269934527109,53.0093705265997,53.3198268415943,-0.0873685308722294,0,0,0,0,0
5.3,5.54000000000001,13.5167423974711,13.4778140306921,14.9201575562061,15.166745064233,53.5140002161868,53.0093705265997,-0.544289851517746,0,0,0,1,0
4.93000000000001,5.3,13.7232170241057,13.5167423974711,14.7484612374849,14.9201575562061,53.7963230628615,53.5140002161868,0.234458260675932,0,0,0,-1,0
4.53,4.93000000000001,13.6286609809349,13.7232170241057,14.9778664060558,14.7484612374849,54.7432013868392,53.7963230628615,0.604131732419482,0,0,0,0,0
3.90000000000001,4.53,13.6572005108036,13.6286609809349,14.6837389013163,14.9778664060558,54.9150119670125,54.7432013868392,0.224298545394849,0,0,0,0,0
3.59999999999999,3.90000000000001,13.526640342086,13.6572005108036,14.4354247964568,14.6837389013163,55.0369915251266,54.9150119670125,-0.172903457899903,0,0,0,0,0
2.23999999999999,3.59999999999999,13.4732143539774,13.526640342086,14.6179610368064,14.4354247964568,56.4199455595849,55.0369915251266,-0.295709351634354,0,0,0,0,-1
2.29000000000001,2.23999999999999,13.5830322111448,13.4732143539774,14.4498441707418,14.6179610368064,56.569896255382,56.4199455595849,-0.119794702308202,0,0,0,-1,1
2.91,2.29000000000001,13.2878242980997,13.5830322111448,14.1306894893937,14.4498441707418,57.0310053803567,56.569896255382,0.292313451931442,0,0,0,1,0
3.45,2.91,14.1474183808528,13.2878242980997,14.1052537186941,14.1306894893937,56.2422009056538,57.0310053803567,-1.92325516729135,0,0,0,0,0
3.72,3.45,14.1650724484262,14.1474183808528,14.1592747946045,14.1052537186941,56.0552457726815,56.2422009056538,0.637065780499267,0,0,0,0,0
4.26000000000001,3.72,14.3351126271047,14.1650724484262,14.0725859754057,14.1592747946045,56.4086621919445,56.0552457726815,0.0708645063531286,0,0,0,0,-1
4.43000000000001,4.26000000000001,14.2960441745679,14.3351126271047,13.6216351733818,14.0725859754057,56.2452755463839,56.4086621919445,-0.442791343315005,0,0,0,-1,1
4.56999999999999,4.43000000000001,14.1477495226064,14.2960441745679,13.5868268652743,13.6216351733818,57.1284086704342,56.2452755463839,-0.122485714305558,0,0,0,1,0
4.26000000000001,4.56999999999999,14.3705515655783,14.1477495226064,13.4413764593229,13.5868268652743,57.7897407756338,57.1284086704342,-0.34995749061331,0,0,0,0,0
4.72,4.26000000000001,13.7646498966133,14.3705515655783,13.1230244624949,13.4413764593229,58.3331450370941,57.7897407756338,4.79853379400944,0,0,0,0,0
5.14,4.72,13.9417003482586,13.7646498966133,13.0708309929692,13.1230244624949,58.550019772034,58.3331450370941,-3.14136377945639,0,0,0,0,0
5.23,5.14,13.9683600378678,13.9417003482586,13.0504225745883,13.0708309929692,58.4215889339876,58.550019772034,-0.558636367477391,0,0,0,0,0
5.65000000000001,5.23,13.9848095899502,13.9683600378678,13.2041094031608,13.0504225745883,58.9207044263403,58.4215889339876,0.0136584634519359,0,0,0,0,0
6.20999999999999,5.65000000000001,13.9735002931787,13.9848095899502,13.0134473267658,13.2041094031608,59.2658472432052,58.9207044263403,0.354806192694786,0,0,0,0,1
6.47,6.20999999999999,14.060254358624,13.9735002931787,12.9468036692176,13.0134473267658,60.044639489011,59.2658472432052,-0.525692826875712,0,0,0,0,-1
6.37999999999999,6.47,14.1808434014102,14.060254358624,12.7308421024416,12.9468036692176,60.321624002186,60.044639489011,0.853238759669049,0,0,0,0,0
6.27,6.37999999999999,13.5674023830001,14.1808434014102,12.9892905481259,12.7308421024416,60.5999455833344,60.321624002186,0.223469131078785,0,0,0,1,1
6.17,6.27,13.9619753728959,13.5674023830001,12.9520898546675,12.9892905481259,60.9700941239894,60.5999455833344,-0.955130924869447,0,0,0,-1,-1
6.06999999999999,6.17,13.7726514537393,13.9619753728959,13.3868345131674,12.9520898546675,61.8310043509962,60.9700941239894,0.0285164784650451,0,0,0,0,0
6.68000000000001,6.06999999999999,13.6821161172382,13.7726514537393,13.0916339522044,13.3868345131674,62.5877531112651,61.8310043509962,0.496396877265354,0,0,0,1,0
7.84,6.68000000000001,13.7493483253102,13.6821161172382,13.0967512453319,13.0916339522044,63.0485847012543,62.5877531112651,-0.146076127954611,0,0,0,-1,0
8.31,7.84,13.7007325573045,13.7493483253102,13.3137100647132,13.0967512453319,62.9637472273691,63.0485847012543,0.541858599931217,0,0,0,0,0
8.66,8.31,13.5567051288076,13.7007325573045,13.6448687917587,13.3137100647132,62.5274666608902,62.9637472273691,-0.624837717399792,0,0,0,0,0
9.26000000000001,8.66,13.5166353624231,13.5567051288076,13.6677932331823,13.6448687917587,62.5510688653625,62.5274666608902,5.29167397660498,0,0,0,0,-1
10.11,9.26000000000001,12.9685270347313,13.5166353624231,14.0222693491653,13.6677932331823,64.0977380225743,62.5510688653625,-3.44916572281051,0,0,0,-1,0
10.39,10.11,13.3432619554986,12.9685270347313,14.4152448343007,14.0222693491653,64.5914331691746,64.0977380225743,-2.73710325735289,0,0,0,1,1
15.31,10.39,14.2149566270057,13.3432619554986,20.6168477968932,14.4152448343007,63.4419994843129,64.5914331691746,-1.87338904480528,0,0,0,0,0
17.25,15.31,14.0845583040926,14.2149566270057,21.4139420657118,20.6168477968932,62.2826466814689,63.4419994843129,2.73143325452513,0,0,0,0,0
17.98,17.25,14.1836508897837,14.0845583040926,21.1364091769637,21.4139420657118,61.5737055425093,62.2826466814689,-0.724260211531156,0,0,0,0,0
17.46,17.98,14.7858275533181,14.1836508897837,19.877012286921,21.1364091769637,61.0970206506095,61.5737055425093,2.8657128594502,0,0,0,0,0
16.98,17.46,14.5462585556532,14.7858275533181,17.5515904345656,19.877012286921,59.852451521507,61.0970206506095,-0.506434658915303,0,0,0,0,0
16.32,16.98,14.5631820472822,14.5462585556532,18.0128678430506,17.5515904345656,59.6962260582421,59.852451521507,-0.921732476157693,0,0,0,0,0
15.66,16.32,14.5623464643263,14.5631820472822,17.7738558188481,18.0128678430506,59.997512096991,59.6962260582421,-0.176982568817097,0,0,0,0,1
14.75,15.66,14.4649874419139,14.5623464643263,17.1933888796648,17.7738558188481,60.2545554231781,59.997512096991,-0.00987692322549982,0,0,0,0,-1
14,14.75,14.7156768388635,14.4649874419139,17.0849383224509,17.1933888796648,60.109118204939,60.2545554231781,-2.08697942896877,0,0,0,1,0
13.84,14,14.4794051975396,14.7156768388635,17.8785562999092,17.0849383224509,59.765248228994,60.109118204939,1.48234527551285,0,0,0,-1,0
13.12,13.84,14.6311442896737,14.4794051975396,17.0204717832101,17.8785562999092,60.2637905341079,59.765248228994,-0.0858261368690396,0,0,0,0,0
12.42,13.12,14.4848491624931,14.6311442896737,17.0420499390803,17.0204717832101,59.9671566215987,60.2637905341079,0.0855621893392779,0,0,0,0,0
7.09,12.42,14.288127724497,14.4848491624931,16.6823553005919,17.0420499390803,60.2291099303249,59.9671566215987,-0.0694924849490306,0,0,0,0,1
5.11,7.09,14.1711269491881,14.288127724497,16.5547654957087,16.6823553005919,61.2546826500635,60.2291099303249,-0.0150522367082608,0,0,0,0,0
4.16,5.11,13.563295670028,14.1711269491881,16.5244627737063,16.5547654957087,61.2814023012517,61.2546826500635,0.757592946502786,0,0,0,1,-1
4.65000000000001,4.16,13.5688359121122,13.563295670028,16.2379718952084,16.5244627737063,61.5828291429593,61.2814023012517,2.4972290169703,0,0,0,-1,1
5.59999999999999,4.65000000000001,13.292230804915,13.5688359121122,16.2137560784191,16.2379718952084,61.1347538506394,61.5828291429593,-1.84168907065787,0,0,0,1,-1
5.73999999999999,5.59999999999999,13.1810896681803,13.292230804915,16.8369781792844,16.2137560784191,62.3503856454265,61.1347538506394,0.850895361256956,0,0,0,0,0
6.37000000000001,5.73999999999999,13.0874669673105,13.1810896681803,18.4791986180836,16.8369781792844,63.1960150351216,62.3503856454265,-3.24247020059627,0,0,0,-1,1
6.31,6.37000000000001,12.8910165461297,13.0874669673105,19.3468863390094,18.4791986180836,63.0628434145043,63.1960150351216,2.21008655524883,0,0,0,0,-1
7.28,6.31,12.9332035591191,12.8910165461297,20.2415550166973,19.3468863390094,63.1162320255751,63.0628434145043,-2.2378425154308,0,0,0,1,0
7.29000000000001,7.28,12.9602534762552,12.9332035591191,20.811720405041,20.2415550166973,61.9712682377953,63.1162320255751,1.51933748883128,0,0,0,-1,0
7.5,7.29000000000001,13.0299266940604,12.9602534762552,23.1267258148747,20.811720405041,62.1697903945978,61.9712682377953,-0.0387339306838328,0,0,0,0,0
7.31,7.5,12.9280065286081,13.0299266940604,23.3382032226696,23.1267258148747,61.5764847467937,62.1697903945978,-1.74209617894006,0,0,0,0,1
7.41,7.31,12.8291450907953,12.9280065286081,22.7290504505354,23.3382032226696,61.6275660650653,61.5764847467937,1.37820301786078,0,0,0,0,0
7.3,7.41,12.8113952059369,12.8291450907953,22.2316831545692,22.7290504505354,62.6920808910829,61.6275660650653,-0.147723243239266,0,0,0,0,0
8.3,7.3,12.418554355603,12.8113952059369,22.4884897288856,22.2316831545692,62.5082237353981,62.6920808910829,1.99752624521402,0,0,0,1,-1
8.37,8.3,12.5260343885324,12.418554355603,23.1830884850584,22.4884897288856,62.7849326149455,62.5082237353981,-3.32207411321289,0,0,0,-1,1
8.98,8.37,11.5662907375987,12.5260343885324,23.823367315215,23.1830884850584,61.732111033273,62.7849326149455,2.57929124483088,0,0,0,1,-1
9.09,8.98,11.5320553363989,11.5662907375987,25.461292481785,23.823367315215,61.396366575857,61.732111033273,1.37150917776396,0,0,0,0,0
8.72,9.09,11.5544158766954,11.5320553363989,25.6588702629172,25.461292481785,60.3872250899274,61.396366575857,-1.69837436785221,0,0,0,0,-1
8.54000000000001,8.72,11.3633965344156,11.5544158766954,27.0028520704851,25.6588702629172,57.3581269985458,60.3872250899274,-0.0926841374253904,0,0,0,-2,1
9.04000000000001,8.54000000000001,11.4942393326107,11.3633965344156,28.0128939293027,27.0028520704851,54.5115065134514,57.3581269985458,0.0683155196827663,0,0,0,1,-1
9.37,9.04000000000001,12.0956693784191,11.4942393326107,27.872831223719,28.0128939293027,52.4736203810104,54.5115065134514,0.0971594068581645,0,0,0,-1,1
10.08,9.37,12.0883011948999,12.0956693784191,30.1514243327329,27.872831223719,52.7863028578265,52.4736203810104,0.167552665291165,0,0,0,2,0
10.95,10.08,12.376752869693,12.0883011948999,31.8608577151874,30.1514243327329,51.8472902486839,52.7863028578265,-0.199229542945385,0,0,0,-1,1
10.89,10.95,12.6397898898726,12.376752869693,31.0569025513163,31.8608577151874,51.1266563009401,51.8472902486839,0.230801283085562,0,0,0,0,-1
11.02,10.89,12.5472379714902,12.6397898898726,28.7890043686481,31.0569025513163,49.925649287296,51.1266563009401,-0.910546663580597,0,0,0,0,0
10.86,11.02,12.6396448043696,12.5472379714902,28.863502158922,28.7890043686481,49.6360984797684,49.925649287296,-1.10175622401147,0,0,0,1,0
10.52,10.86,13.1250365753407,12.6396448043696,27.3837345516139,28.863502158922,49.1801291673408,49.6360984797684,1.65838241362351,0,0,0,-1,0
9.62,10.52,12.1639358213263,13.1250365753407,25.7955396351255,27.3837345516139,48.490293015173,49.1801291673408,-0.694869746936615,0,0,0,-1,0
9.38,9.62,12.188946112953,12.1639358213263,25.0251958209965,25.7955396351255,48.5386774296345,48.490293015173,0.241865546751328,0,0,0,2,1
8.62,9.38,12.2647561910529,12.188946112953,23.4924916728418,25.0251958209965,48.5281517559801,48.5386774296345,0.47542100114168,0,0,0,-1,-1
5.91,0,13.6953754638274,0,15.0369461728615,0,45.6899312928731,0,-0.233318385153751,0,0,0,1,0
6.08,5.91,13.7191596933625,13.6953754638274,14.8611851676659,15.0369461728615,46.2367762513594,45.6899312928731,0.0463141473731241,0,0,0,-1,0
5.81,6.08,13.564697408503,13.7191596933625,14.9639462093857,14.8611851676659,46.7218616029296,46.2367762513594,-0.35785203631988,0,0,0,0,1
6.01000000000001,5.81,13.5011580892343,13.564697408503,15.2173677291147,14.9639462093857,47.3455373550033,46.7218616029296,-0.084639006412992,0,0,0,0,-1
5.45,6.01000000000001,13.2819361210607,13.5011580892343,14.921148754294,15.2173677291147,47.9712946079158,47.3455373550033,0.224833048530936,0,0,0,0,0
5.48999999999999,5.45,13.6206672274939,13.2819361210607,14.8195080043782,14.921148754294,47.6331116382937,47.9712946079158,-0.0873685308722294,0,0,0,0,0
4.90000000000001,5.48999999999999,13.700065062109,13.6206672274939,14.7545474886309,14.8195080043782,48.3518915341032,47.6331116382937,-0.544289851517746,0,0,0,1,0
4.11,4.90000000000001,13.8910441850295,13.700065062109,14.5385461199292,14.7545474886309,49.3622892724408,48.3518915341032,0.234458260675932,0,0,0,-1,0
3.79000000000001,4.11,13.8015767031883,13.8910441850295,14.7558798052479,14.5385461199292,49.62903883494,49.3622892724408,0.604131732419482,0,0,0,0,0
3.23,3.79000000000001,13.8209203944559,13.8015767031883,14.503911070297,14.7558798052479,50.1323848485939,49.62903883494,0.224298545394849,0,0,0,0,0
2.2,3.23,13.694620095574,13.8209203944559,14.2244604832936,14.503911070297,50.3110323047879,50.1323848485939,-0.172903457899903,0,0,0,0,0
2.06,2.2,13.6901186541802,13.694620095574,14.2681844814939,14.2244604832936,51.7751031160696,50.3110323047879,-0.295709351634354,0,0,0,0,-1
2.06999999999999,2.06,13.7671732541668,13.6901186541802,14.1609775455459,14.2681844814939,51.9906603354269,51.7751031160696,-0.119794702308202,0,0,0,-1,1
2.48999999999999,2.06999999999999,13.4984625852715,13.7671732541668,13.7190442979032,14.1609775455459,52.4135562018398,51.9906603354269,0.292313451931442,0,0,0,1,0
3.16,2.48999999999999,14.2722634463635,13.4984625852715,13.7509408761678,13.7190442979032,52.1990205061943,52.4135562018398,-1.92325516729135,0,0,0,0,0
2.72,3.16,14.2231540245839,14.2722634463635,13.7364342258753,13.7509408761678,51.9273050908394,52.1990205061943,0.637065780499267,0,0,0,0,0
3.06999999999999,2.72,14.3670689996854,14.2231540245839,13.6388568224476,13.7364342258753,52.2499254110321,51.9273050908394,0.0708645063531286,0,0,0,0,-1
3.23999999999999,3.06999999999999,14.3295631211167,14.3670689996854,13.2254585584273,13.6388568224476,51.7359602163785,52.2499254110321,-0.442791343315005,0,0,0,-1,1
3.45,3.23999999999999,14.1305026088719,14.3295631211167,13.1941558342095,13.2254585584273,52.6156156585491,51.7359602163785,-0.122485714305558,0,0,0,1,0
3.95999999999999,3.45,14.3419521510428,14.1305026088719,13.2309281167733,13.1941558342095,53.4122537996454,52.6156156585491,-0.34995749061331,0,0,0,0,0
4.22,3.95999999999999,13.7915511153284,14.3419521510428,12.8951825418939,13.2309281167733,54.4620183498677,53.4122537996454,4.79853379400944,0,0,0,0,0
4.64,4.22,13.9006775175522,13.7915511153284,13.0910895082791,12.8951825418939,54.6056327477755,54.4620183498677,-3.14136377945639,0,0,0,0,0
5.64,4.64,13.8962391713309,13.9006775175522,12.7586218053807,13.0910895082791,54.6936094711129,54.6056327477755,-0.558636367477391,0,0,0,0,0
5.41,5.64,13.892561904519,13.8962391713309,12.8827083514119,12.7586218053807,56.2309904969706,54.6936094711129,0.0136584634519359,0,0,0,0,0
5.97,5.41,13.877395700548,13.892561904519,12.8097530183779,12.8827083514119,56.643839634598,56.2309904969706,0.354806192694786,0,0,0,0,1
5.84,5.97,13.9526577099269,13.877395700548,12.479091517216,12.8097530183779,57.3018788904995,56.643839634598,-0.525692826875712,0,0,0,0,-1
5.73,5.84,14.1066880057468,13.9526577099269,12.3204701741898,12.479091517216,56.5336270354255,57.3018788904995,0.853238759669049,0,0,0,0,0
6.58,5.73,13.5506450487206,14.1066880057468,12.5810630268114,12.3204701741898,57.2665614601167,56.5336270354255,0.223469131078785,0,0,0,1,1
6.70999999999999,6.58,13.9321751951226,13.5506450487206,12.6705408569124,12.5810630268114,57.8642973988129,57.2665614601167,-0.955130924869447,0,0,0,-1,-1
6.59999999999999,6.70999999999999,13.7214350694033,13.9321751951226,12.8266443624362,12.6705408569124,58.1365133698849,57.8642973988129,0.0285164784650451,0,0,0,0,0
7.29000000000001,6.59999999999999,13.6317831035371,13.7214350694033,12.7849144445559,12.8266443624362,58.8363629806719,58.1365133698849,0.496396877265354,0,0,0,1,0
8.02,7.29000000000001,13.6840552865354,13.6317831035371,12.8281141862827,12.7849144445559,59.1521044934581,58.8363629806719,-0.146076127954611,0,0,0,-1,0
9.06999999999999,8.02,13.6300042206378,13.6840552865354,13.1184979094677,12.8281141862827,59.8587609476301,59.1521044934581,0.541858599931217,0,0,0,0,0
9.41,9.06999999999999,13.4696316761878,13.6300042206378,13.3072810399429,13.1184979094677,59.6737521730376,59.8587609476301,-0.624837717399792,0,0,0,0,0
9.16,9.41,13.4068168286531,13.4696316761878,13.4976563985744,13.3072810399429,59.9660615755531,59.6737521730376,5.29167397660498,0,0,0,0,-1
9.75,9.16,12.874755651948,13.4068168286531,13.8392907550501,13.4976563985744,60.3402867644691,59.9660615755531,-3.44916572281051,0,0,0,-1,0
10.38,9.75,13.2854040286531,12.874755651948,13.9820822248584,13.8392907550501,60.6825970456711,60.3402867644691,-2.73710325735289,0,0,0,1,1
18.87,10.38,14.1350102354297,13.2854040286531,19.5809224332661,13.9820822248584,59.5873156880821,60.6825970456711,-1.87338904480528,0,0,0,0,0
20.05,18.87,13.9651750128611,14.1350102354297,21.6741360322205,19.5809224332661,57.9792003769782,59.5873156880821,2.73143325452513,0,0,0,0,0
19.37,20.05,14.0730672983111,13.9651750128611,20.4509910882393,21.6741360322205,56.9244892789033,57.9792003769782,-0.724260211531156,0,0,0,0,0
18.05,19.37,14.637743877432,14.0730672983111,18.9309037788552,20.4509910882393,56.0847785326402,56.9244892789033,2.8657128594502,0,0,0,0,0
17.14,18.05,14.409701630796,14.637743877432,16.8315861977513,18.9309037788552,55.3056169454524,56.0847785326402,-0.506434658915303,0,0,0,0,0
16.38,17.14,14.427783661106,14.409701630796,16.705618683107,16.8315861977513,54.9393287600166,55.3056169454524,-0.921732476157693,0,0,0,0,0
15.47,16.38,14.4013655126119,14.427783661106,16.9519676811396,16.705618683107,54.9816917738548,54.9393287600166,-0.176982568817097,0,0,0,0,1
13.74,15.47,14.3002772239455,14.4013655126119,16.1587244394719,16.9519676811396,53.8482457107454,54.9816917738548,-0.00987692322549982,0,0,0,0,-1
12.99,13.74,14.5434532933446,14.3002772239455,16.3801474894623,16.1587244394719,53.6261760730567,53.8482457107454,-2.08697942896877,0,0,0,1,0
13.17,12.99,14.3117230851651,14.5434532933446,17.5648542763681,16.3801474894623,53.1866584428236,53.6261760730567,1.48234527551285,0,0,0,-1,0
12.74,13.17,14.4723841734922,14.3117230851651,16.5362326552974,17.5648542763681,55.2457546626495,53.1866584428236,-0.0858261368690396,0,0,0,0,0
11.91,12.74,14.3068405619498,14.4723841734922,16.3406172363518,16.5362326552974,55.1201152911391,55.2457546626495,0.0855621893392779,0,0,0,0,0
3.59999999999999,11.91,14.0985317264401,14.3068405619498,16.2638771375409,16.3406172363518,55.6283635984994,55.1201152911391,-0.0694924849490306,0,0,0,0,1
2.48,3.59999999999999,13.9893468833421,14.0985317264401,16.1459200804398,16.2638771375409,55.481326130691,55.6283635984994,-0.0150522367082608,0,0,0,0,0
2.25,2.48,13.5030460526474,13.9893468833421,16.5227790378215,16.1459200804398,55.8558482547566,55.481326130691,0.757592946502786,0,0,0,1,-1
3.18000000000001,2.25,13.5140580978836,13.5030460526474,16.1440107774065,16.5227790378215,56.4190286085453,55.8558482547566,2.4972290169703,0,0,0,-1,1
4.52,3.18000000000001,13.2386898477681,13.5140580978836,15.8971722131905,16.1440107774065,55.9948962405486,56.4190286085453,-1.84168907065787,0,0,0,1,-1
5.34,4.52,13.1417427428694,13.2386898477681,16.2481655987359,15.8971722131905,57.1601313916266,55.9948962405486,0.850895361256956,0,0,0,0,0
6.20999999999999,5.34,13.0379340294426,13.1417427428694,18.3947432411195,16.2481655987359,58.078868150359,57.1601313916266,-3.24247020059627,0,0,0,-1,1
7.34,6.20999999999999,12.8037930383592,13.0379340294426,18.9042511325874,18.3947432411195,58.3972830645951,58.078868150359,2.21008655524883,0,0,0,0,-1
8.13,7.34,12.8627074591361,12.8037930383592,19.5313536830617,18.9042511325874,58.3090678483014,58.3972830645951,-2.2378425154308,0,0,0,1,0
7.86,8.13,12.8601953200456,12.8627074591361,20.5770868368649,19.5313536830617,57.2836874998019,58.3090678483014,1.51933748883128,0,0,0,-1,0
8.5,7.86,12.9514009169135,12.8601953200456,22.475070234664,20.5770868368649,57.3380024189183,57.2836874998019,-0.0387339306838328,0,0,0,0,0
8.5,8.5,12.8750443262052,12.9514009169135,23.7398175340115,22.475070234664,56.9401584570741,57.3380024189183,-1.74209617894006,0,0,0,0,1
8.19,8.5,12.7903052497795,12.8750443262052,22.5676264342086,23.7398175340115,57.018806902448,56.9401584570741,1.37820301786078,0,0,0,0,0
7.84,8.19,12.7772935549768,12.7903052497795,22.4657217467274,22.5676264342086,56.7023493077689,57.018806902448,-0.147723243239266,0,0,0,0,0
8.44,7.84,12.3918857259134,12.7772935549768,22.7797676314544,22.4657217467274,56.6357011789897,56.7023493077689,1.99752624521402,0,0,0,1,-1
8.66,8.44,12.4746043633652,12.3918857259134,23.3610620466069,22.7797676314544,56.6870615669448,56.6357011789897,-3.32207411321289,0,0,0,-1,1
9.34,8.66,11.5317040218296,12.4746043633652,23.711763997637,23.3610620466069,55.6677031301052,56.6870615669448,2.57929124483088,0,0,0,1,-1
8.90000000000001,9.34,11.4806746407048,11.5317040218296,25.2105359599691,23.711763997637,55.4304383853509,55.6677031301052,1.37150917776396,0,0,0,0,0
8.54000000000001,8.90000000000001,11.4844783434668,11.4806746407048,24.6595330281374,25.2105359599691,54.7178587448902,55.4304383853509,-1.69837436785221,0,0,0,0,-1
8.34999999999999,8.54000000000001,11.3063912959499,11.4844783434668,26.1399568364303,24.6595330281374,53.8340320353917,54.7178587448902,-0.0926841374253904,0,0,0,-2,1
8.75,8.34999999999999,11.4529360924915,11.3063912959499,27.2247913898807,26.1399568364303,51.0520465443208,53.8340320353917,0.0683155196827663,0,0,0,1,-1
9.62,8.75,12.098704874762,11.4529360924915,27.5490072415333,27.2247913898807,49.0255367078531,51.0520465443208,0.0971594068581645,0,0,0,-1,1
10.13,9.62,12.1073136487128,12.098704874762,29.5088708875617,27.5490072415333,47.9181626240856,49.0255367078531,0.167552665291165,0,0,0,2,0
10.38,10.13,12.3992172705568,12.1073136487128,30.5945264934144,29.5088708875617,47.0576409828862,47.9181626240856,-0.199229542945385,0,0,0,-1,1
10.98,10.38,12.6635685977371,12.3992172705568,30.0637835187916,30.5945264934144,46.39398455633,47.0576409828862,0.230801283085562,0,0,0,0,-1
10.93,10.98,12.5847799611692,12.6635685977371,28.3075222065796,30.0637835187916,45.464408262591,46.39398455633,-0.910546663580597,0,0,0,0,0
10.7,10.93,12.6606415910713,12.5847799611692,28.1920962836199,28.3075222065796,44.9733992558877,45.464408262591,-1.10175622401147,0,0,0,1,0
10.83,10.7,13.0948802623479,12.6606415910713,26.876887112083,28.1920962836199,44.3306505219206,44.9733992558877,1.65838241362351,0,0,0,-1,0
9.89,10.83,12.2448125457258,13.0948802623479,25.5778040801713,26.876887112083,43.6335457961831,44.3306505219206,-0.694869746936615,0,0,0,-1,0
9.23999999999999,9.89,12.2717434279047,12.2448125457258,25.2005222759598,25.5778040801713,43.6238903286716,43.6335457961831,0.241865546751328,0,0,0,2,1
9.51000000000001,9.23999999999999,12.35880972868,12.2717434279047,23.2900637715347,25.2005222759598,43.3993553441106,43.6238903286716,0.47542100114168,0,0,0,-1,-1
5.42,0,13.6504798180338,0,15.3072381177192,0,48.5981820039637,0,-0.233318385153751,-0.233318385153751,0,0,1,0
4.97,5.42,13.6349205695573,13.6504798180338,15.1584315417739,15.3072381177192,49.4414243501629,48.5981820039637,0.0463141473731241,0.0463141473731241,0,0,-1,0
5.02,4.97,13.4653907986558,13.6349205695573,15.1854084314997,15.1584315417739,50.7487293145544,49.4414243501629,-0.35785203631988,-0.35785203631988,0,0,0,1
4.89,5.02,13.3949351354705,13.4653907986558,15.3203325554769,15.1854084314997,51.3159802560192,50.7487293145544,-0.084639006412992,-0.084639006412992,0,0,0,-1
4.31999999999999,4.89,13.1960830881384,13.3949351354705,15.1739612317344,15.3203325554769,51.705869515635,51.3159802560192,0.224833048530936,0.224833048530936,0,0,0,0
4.29000000000001,4.31999999999999,13.3880678489139,13.1960830881384,15.0482200459738,15.1739612317344,50.8647103484295,51.705869515635,-0.0873685308722294,-0.0873685308722294,0,0,0,0
3.75,4.29000000000001,13.5143150477879,13.3880678489139,14.7919738262425,15.0482200459738,51.3994388486417,50.8647103484295,-0.544289851517746,-0.544289851517746,0,0,1,0
3.41,3.75,13.6704310373955,13.5143150477879,14.6270387522989,14.7919738262425,51.7156317019866,51.3994388486417,0.234458260675932,0.234458260675932,0,0,-1,0
3.18000000000001,3.41,13.5551704655409,13.6704310373955,14.8742157755891,14.6270387522989,51.7103638790984,51.7156317019866,0.604131732419482,0.604131732419482,0,0,0,0
3.3,3.18000000000001,13.5638370408011,13.5551704655409,14.5224119977097,14.8742157755891,52.0226135567646,51.7103638790984,0.224298545394849,0.224298545394849,0,0,0,0
2.98,3.3,13.4589160133381,13.5638370408011,14.3188609630074,14.5224119977097,52.0970175702578,52.0226135567646,-0.172903457899903,-0.172903457899903,0,0,0,0
2.04000000000001,2.98,13.4797783257689,13.4589160133381,14.4609782570911,14.3188609630074,52.7384434734766,52.0970175702578,-0.295709351634354,-0.295709351634354,0,0,0,-1
2.09999999999999,2.04000000000001,13.6067962865736,13.4797783257689,14.2863008278529,14.4609782570911,52.8464574119241,52.7384434734766,-0.119794702308202,-0.119794702308202,0,0,-1,1
2.52,2.09999999999999,13.3625570348223,13.6067962865736,14.0135637208288,14.2863008278529,53.2381987051063,52.8464574119241,0.292313451931442,0.292313451931442,0,0,1,0
3.36,2.52,14.0985436021243,13.3625570348223,14.1575798080643,14.0135637208288,52.2691415932354,53.2381987051063,-1.92325516729135,-1.92325516729135,0,0,0,0
3.23999999999999,3.36,14.0704367142293,14.0985436021243,14.0410091114453,14.1575798080643,52.1050139187937,52.2691415932354,0.637065780499267,0.637065780499267,0,0,0,0
3.59,3.23999999999999,14.2315471827778,14.0704367142293,13.7393919865565,14.0410091114453,52.4098424290145,52.1050139187937,0.0708645063531286,0.0708645063531286,0,0,0,-1
3.84999999999999,3.59,14.1989966024249,14.2315471827778,13.3968697198791,13.7393919865565,52.4443805328863,52.4098424290145,-0.442791343315005,-0.442791343315005,0,0,-1,1
3.73,3.84999999999999,14.1094404713499,14.1989966024249,13.4414300851305,13.3968697198791,52.9148361503968,52.4443805328863,-0.122485714305558,-0.122485714305558,0,0,1,0
3.84,3.73,14.3133995477866,14.1094404713499,13.3134306636305,13.4414300851305,53.2156696951006,52.9148361503968,-0.34995749061331,-0.34995749061331,0,0,0,0
4.31999999999999,3.84,13.7782574978621,14.3133995477866,13.0343643684696,13.3134306636305,53.2902034741447,53.2156696951006,4.79853379400944,4.79853379400944,0,0,0,0
4.40000000000001,4.31999999999999,13.9241692137554,13.7782574978621,13.0854371120458,13.0343643684696,53.3048473323227,53.2902034741447,-3.14136377945639,-3.14136377945639,0,0,0,0
4.93000000000001,4.40000000000001,13.9273009758201,13.9241692137554,12.9474398047222,13.0854371120458,52.9867714398954,53.3048473323227,-0.558636367477391,-0.558636367477391,0,0,0,0
5.34999999999999,4.93000000000001,13.9485885877105,13.9273009758201,12.873104073813,12.9474398047222,53.4517970075904,52.9867714398954,0.0136584634519359,0.0136584634519359,0,0,0,0
5.77,5.34999999999999,13.9341379178496,13.9485885877105,12.8130835841785,12.873104073813,54.0009548880247,53.4517970075904,0.354806192694786,0.354806192694786,0,0,0,1
5.68000000000001,5.77,14.0136269539825,13.9341379178496,12.7616150586953,12.8130835841785,54.7352991618863,54.0009548880247,-0.525692826875712,-0.525692826875712,0,0,0,-1
5.03,5.68000000000001,14.0701185125911,14.0136269539825,12.5732519949039,12.7616150586953,55.1787917767448,54.7352991618863,0.853238759669049,0.853238759669049,0,0,0,0
5.48999999999999,5.03,13.5749839799476,14.0701185125911,12.8554922265399,12.5732519949039,55.8809089989795,55.1787917767448,0.223469131078785,0.223469131078785,0,0,1,1
6.04000000000001,5.48999999999999,13.9781340391008,13.5749839799476,12.883068235943,12.8554922265399,56.6773361209,55.8809089989795,-0.955130924869447,-0.955130924869447,0,0,-1,-1
6.31,6.04000000000001,13.8102574407394,13.9781340391008,12.994454428729,12.883068235943,56.732550364421,56.6773361209,0.0285164784650451,0.0285164784650451,0,0,0,0
6.90000000000001,6.31,13.6996458524414,13.8102574407394,12.862509045828,12.994454428729,57.5740528147861,56.732550364421,0.496396877265354,0.496396877265354,0,0,1,0
7.53,6.90000000000001,13.7076095160914,13.6996458524414,12.7921496041419,12.862509045828,58.0918348065257,57.5740528147861,-0.146076127954611,-0.146076127954611,0,0,-1,0
7.41,7.53,13.6476327397053,13.7076095160914,13.3154455544173,12.7921496041419,58.6013117069151,58.0918348065257,0.541858599931217,0.541858599931217,0,0,0,0
7.95,7.41,13.506054353404,13.6476327397053,13.5690746073111,13.3154455544173,58.2783825658103,58.6013117069151,-0.624837717399792,-0.624837717399792,0,0,0,0
7.8,7.95,13.4851442171505,13.506054353404,13.5695282843181,13.5690746073111,58.7599076128717,58.2783825658103,5.29167397660498,5.29167397660498,0,0,0,-1
8.06999999999999,7.8,12.956872620888,13.4851442171505,13.5341809080888,13.5695282843181,59.5518328511712,58.7599076128717,-3.44916572281051,-3.44916572281051,0,0,-1,0
7.81,8.06999999999999,13.4725333025493,12.956872620888,14.4401922063615,13.5341809080888,60.0412476902107,59.5518328511712,-2.73710325735289,-2.73710325735289,0,0,1,1
15.97,7.81,14.3100964034323,13.4725333025493,19.6666630993172,14.4401922063615,59.3735563852889,60.0412476902107,-1.87338904480528,-1.87338904480528,0,0,0,0
17.09,15.97,14.0734097219139,14.3100964034323,21.9614375483444,19.6666630993172,58.6334356459531,59.3735563852889,2.73143325452513,2.73143325452513,0,0,0,0
16.73,17.09,14.1494155863514,14.0734097219139,20.9867614807842,21.9614375483444,57.9450754041727,58.6334356459531,-0.724260211531156,-0.724260211531156,0,0,0,0
14.99,16.73,14.7654561011669,14.1494155863514,18.9220335379708,20.9867614807842,57.4541148152848,57.9450754041727,2.8657128594502,2.8657128594502,0,0,0,0
13.81,14.99,14.5503565122833,14.7654561011669,16.5526699710004,18.9220335379708,56.6030552860508,57.4541148152848,-0.506434658915303,-0.506434658915303,0,0,0,0
12.65,13.81,14.577147309356,14.5503565122833,16.4676612261105,16.5526699710004,56.4987910032784,56.6030552860508,-0.921732476157693,-0.921732476157693,0,0,0,0
12.12,12.65,14.5743830341261,14.577147309356,17.6753330473918,16.4676612261105,56.8801697355054,56.4987910032784,-0.176982568817097,-0.176982568817097,0,0,0,1
11.57,12.12,14.4822423355831,14.5743830341261,15.9697513760111,17.6753330473918,56.7987086285025,56.8801697355054,-0.00987692322549982,-0.00987692322549982,0,0,0,-1
11.17,11.57,14.6887287554915,14.4822423355831,16.8809669594814,15.9697513760111,57.0557092035407,56.7987086285025,-2.08697942896877,-2.08697942896877,0,0,1,0
11.38,11.17,14.4677819574844,14.6887287554915,17.4028863560714,16.8809669594814,56.6703070421427,57.0557092035407,1.48234527551285,1.48234527551285,0,0,-1,0
10.62,11.38,14.6405884735253,14.4677819574844,16.6303402292959,17.4028863560714,56.3914513212713,56.6703070421427,-0.0858261368690396,-0.0858261368690396,0,0,0,0
10.84,10.62,14.4997524536312,14.6405884735253,16.2973751108558,16.6303402292959,56.307158652287,56.3914513212713,0.0855621893392779,0.0855621893392779,0,0,0,0
2.64,10.84,14.2916563832436,14.4997524536312,16.2098018579627,16.2973751108558,56.7375079798997,56.307158652287,-0.0694924849490306,-0.0694924849490306,0,0,0,1
1.61,2.64,14.1584131935311,14.2916563832436,15.9618347395439,16.2098018579627,57.0882108595328,56.7375079798997,-0.0150522367082608,-0.0150522367082608,0,0,0,0
1.7,1.61,13.6207527697874,14.1584131935311,16.2351028815515,15.9618347395439,57.29658908385,57.0882108595328,0.757592946502786,0.757592946502786,0,0,1,-1
2.67,1.7,13.6446494678836,13.6207527697874,16.2324539635827,16.2351028815515,57.7134194742019,57.29658908385,2.4972290169703,2.4972290169703,0,0,-1,1
4.09,2.67,13.3854652226262,13.6446494678836,16.0098769865268,16.2324539635827,57.8371178050417,57.7134194742019,-1.84168907065787,-1.84168907065787,0,0,1,-1
5.29000000000001,4.09,13.283829859845,13.3854652226262,16.4722511376855,16.0098769865268,58.8822386919477,57.8371178050417,0.850895361256956,0.850895361256956,0,0,0,0
5.76000000000001,5.29000000000001,13.1701444492635,13.283829859845,18.2825402342912,16.4722511376855,59.801288457767,58.8822386919477,-3.24247020059627,-3.24247020059627,0,0,-1,1
6.58,5.76000000000001,12.9410423564962,13.1701444492635,18.956263077925,18.2825402342912,60.423175026843,59.801288457767,2.21008655524883,2.21008655524883,0,0,0,-1
7.15000000000001,6.58,13.0475123630294,12.9410423564962,19.4664559909024,18.956263077925,60.4356250038281,60.423175026843,-2.2378425154308,-2.2378425154308,0,0,1,0
7.06999999999999,7.15000000000001,12.9792875590258,13.0475123630294,20.7064731668309,19.4664559909024,59.4929624694241,60.4356250038281,1.51933748883128,1.51933748883128,0,0,-1,0
7.11,7.06999999999999,13.0819412056006,12.9792875590258,22.4755868898968,20.7064731668309,60.0375646614085,59.4929624694241,-0.0387339306838328,-0.0387339306838328,0,0,0,0
7.19,7.11,12.9829824785301,13.0819412056006,23.495469978114,22.4755868898968,59.6273259462336,60.0375646614085,-1.74209617894006,-1.74209617894006,0,0,0,1
7.43000000000001,7.19,12.8970351107475,12.9829824785301,22.6703240465961,23.495469978114,59.7777490026515,59.6273259462336,1.37820301786078,1.37820301786078,0,0,0,0
7.28,7.43000000000001,12.8781704397285,12.8970351107475,22.6239591762912,22.6703240465961,59.4486033922794,59.7777490026515,-0.147723243239266,-0.147723243239266,0,0,0,0
7.70999999999999,7.28,12.5062045451521,12.8781704397285,22.6124974496607,22.6239591762912,59.4582876830606,59.4486033922794,1.99752624521402,1.99752624521402,0,0,1,-1
8.20999999999999,7.70999999999999,12.5364388158587,12.5062045451521,23.1519895586713,22.6124974496607,59.7219730702486,59.4582876830606,-3.32207411321289,-3.32207411321289,0,0,-1,1
8.48,8.20999999999999,11.6527783526015,12.5364388158587,23.6944723217994,23.1519895586713,58.1499295677287,59.7219730702486,2.57929124483088,2.57929124483088,0,0,1,-1
8.26000000000001,8.48,11.6149991961137,11.6527783526015,25.3289277760765,23.6944723217994,57.741924837123,58.1499295677287,1.37150917776396,1.37150917776396,0,0,0,0
7.68000000000001,8.26000000000001,11.55823562698,11.6149991961137,24.4895147464517,25.3289277760765,56.7742822487691,57.741924837123,-1.69837436785221,-1.69837436785221,0,0,0,-1
7.7,7.68000000000001,11.3849700376561,11.55823562698,25.8879902262781,24.4895147464517,55.7252355944401,56.7742822487691,-0.0926841374253904,-0.0926841374253904,0,0,-2,1
8.98999999999999,7.7,11.5197867866137,11.3849700376561,27.4901480160184,25.8879902262781,53.1052559815315,55.7252355944401,0.0683155196827663,0.0683155196827663,0,0,1,-1
8.72,8.98999999999999,12.0803605783719,11.5197867866137,27.2727105802017,27.4901480160184,51.1967832176825,53.1052559815315,0.0971594068581645,0.0971594068581645,0,0,-1,1
9.28,8.72,12.1052794132847,12.0803605783719,29.2998360778638,27.2727105802017,49.5910116764115,51.1967832176825,0.167552665291165,0.167552665291165,0,0,2,0
9.34,9.28,12.3752906974393,12.1052794132847,29.8950642548608,29.2998360778638,48.6577692777843,49.5910116764115,-0.199229542945385,-0.199229542945385,0,0,-1,1
9.51000000000001,9.34,12.6722250228032,12.3752906974393,30.3474469961305,29.8950642548608,47.9956614758143,48.6577692777843,0.230801283085562,0.230801283085562,0,0,0,-1
9.68000000000001,9.51000000000001,12.5965142244188,12.6722250228032,27.5132270522354,30.3474469961305,47.3663119617187,47.9956614758143,-0.910546663580597,-0.910546663580597,0,0,0,0
9.25,9.68000000000001,12.6813265090284,12.5965142244188,27.4087537404925,27.5132270522354,46.9459476608027,47.3663119617187,-1.10175622401147,-1.10175622401147,0,0,1,0
8.70999999999999,9.25,13.1502071757704,12.6813265090284,26.7336812109009,27.4087537404925,46.2973483698766,46.9459476608027,1.65838241362351,1.65838241362351,0,0,-1,0
8.03,8.70999999999999,12.3080232049427,13.1502071757704,26.0004405737814,26.7336812109009,45.4945285155782,46.2973483698766,-0.694869746936615,-0.694869746936615,0,0,-1,0
7.66,8.03,12.3130011781499,12.3080232049427,25.0277437004975,26.0004405737814,45.4756614835967,45.4945285155782,0.241865546751328,0.241865546751328,0,0,2,1
7.87000000000001,7.66,12.3305496500982,12.3130011781499,23.5032164572411,25.0277437004975,45.1354536135109,45.4756614835967,0.47542100114168,0.47542100114168,0,0,-1,-1
4.72,0,13.4976325548498,0,14.6715053376831,0,54.0644751612753,0,-0.233318385153751,0,0,0,1,0
4.58,4.72,13.5605841154077,13.4976325548498,14.6084079841337,14.6715053376831,54.1029797207372,54.0644751612753,0.0463141473731241,0,0,0,-1,0
4.7,4.58,13.5158365883854,13.5605841154077,14.6522227936278,14.6084079841337,55.7416735380966,54.1029797207372,-0.35785203631988,0,0,0,0,1
4.58,4.7,13.4573328464211,13.5158365883854,14.7753040309621,14.6522227936278,56.0752704645102,55.7416735380966,-0.084639006412992,0,0,0,0,-1
3.98,4.58,13.2135568645644,13.4573328464211,14.643959352885,14.7753040309621,56.2256664390759,56.0752704645102,0.224833048530936,0,0,0,0,0
3.77,3.98,13.4175040700726,13.2135568645644,14.6190140851407,14.643959352885,53.9754371605659,56.2256664390759,-0.0873685308722294,0,0,0,0,0
3.37,3.77,13.3779834402648,13.4175040700726,14.16069843686,14.6190140851407,54.39441512854,53.9754371605659,-0.544289851517746,0,0,0,1,0
3.26000000000001,3.37,13.5780622396215,13.3779834402648,14.042086173101,14.16069843686,54.8148855159045,54.39441512854,0.234458260675932,0,0,0,-1,0
3.38,3.26000000000001,13.4618465890658,13.5780622396215,14.3528302558081,14.042086173101,56.5352030109473,54.8148855159045,0.604131732419482,0,0,0,0,0
3.40000000000001,3.38,13.4723137905955,13.4618465890658,14.1562318869465,14.3528302558081,56.7809849073521,56.5352030109473,0.224298545394849,0,0,0,0,0
2.93000000000001,3.40000000000001,13.4101038899424,13.4723137905955,13.949665032698,14.1562318869465,56.471661117649,56.7809849073521,-0.172903457899903,0,0,0,0,0
2.45999999999999,2.93000000000001,13.4503058288222,13.4101038899424,13.9991502620175,13.949665032698,55.8267431610864,56.471661117649,-0.295709351634354,0,0,0,0,-1
2.36,2.45999999999999,13.5036775061459,13.4503058288222,13.9987540446837,13.9991502620175,55.6702996643072,55.8267431610864,-0.119794702308202,0,0,0,-1,1
3.03,2.36,13.3139515807718,13.5036775061459,13.5053696885103,13.9987540446837,56.1991324825941,55.6702996643072,0.292313451931442,0,0,0,1,0
3.59999999999999,3.03,14.1131153869568,13.3139515807718,13.5226198261007,13.5053696885103,55.2472965753789,56.1991324825941,-1.92325516729135,0,0,0,0,0
3.59,3.59999999999999,14.0948667862295,14.1131153869568,13.6025955102872,13.5226198261007,54.8364027618822,55.2472965753789,0.637065780499267,0,0,0,0,0
3.98,3.59,14.2521098206246,14.0948667862295,13.5196060091642,13.6025955102872,55.0116232939888,54.8364027618822,0.0708645063531286,0,0,0,0,-1
4.39,3.98,14.1647654888812,14.2521098206246,13.1017435313142,13.5196060091642,54.8048565469419,55.0116232939888,-0.442791343315005,0,0,0,-1,1
4.31,4.39,14.039061786485,14.1647654888812,13.1373327022251,13.1017435313142,55.7452219323201,54.8048565469419,-0.122485714305558,0,0,0,1,0
4.06,4.31,14.2668895200771,14.039061786485,13.0584222924678,13.1373327022251,56.4518123989178,55.7452219323201,-0.34995749061331,0,0,0,0,0
4.09999999999999,4.06,13.691796396801,14.2668895200771,12.7546106946341,13.0584222924678,58.0415677002671,56.4518123989178,4.79853379400944,0,0,0,0,0
4.53,4.09999999999999,13.8570170842634,13.691796396801,12.8740807154193,12.7546106946341,57.8190654930045,58.0415677002671,-3.14136377945639,0,0,0,0,0
5.28,4.53,13.9187840701481,13.8570170842634,12.6329972990617,12.8740807154193,57.6390617116696,57.8190654930045,-0.558636367477391,0,0,0,0,0
5.73,5.28,13.8719177695599,13.9187840701481,12.5655538073011,12.6329972990617,59.1078878352995,57.6390617116696,0.0136584634519359,0,0,0,0,0
6.26000000000001,5.73,13.8497661913347,13.8719177695599,12.3883254308138,12.5655538073011,60.1985345326072,59.1078878352995,0.354806192694786,0,0,0,0,1
5.79000000000001,6.26000000000001,14.0141046294598,13.8497661913347,12.2030053761425,12.3883254308138,61.2885060081671,60.1985345326072,-0.525692826875712,0,0,0,0,-1
5.5,5.79000000000001,14.0820336685308,14.0141046294598,12.1088673119604,12.2030053761425,62.188468230248,61.2885060081671,0.853238759669049,0,0,0,0,0
6.12000000000001,5.5,13.4855969714662,14.0820336685308,12.3332209755376,12.1088673119604,63.1496991343258,62.188468230248,0.223469131078785,0,0,0,1,1
6.41,6.12000000000001,13.9469094857512,13.4855969714662,12.4223103687727,12.3332209755376,64.0041932039013,63.1496991343258,-0.955130924869447,0,0,0,-1,-1
6.17,6.41,13.7291906105536,13.9469094857512,12.2166292348886,12.4223103687727,64.2626925568462,64.0041932039013,0.0285164784650451,0,0,0,0,0
6.68000000000001,6.17,13.6460930330496,13.7291906105536,12.2267022115321,12.2166292348886,64.9455983182209,64.2626925568462,0.496396877265354,0,0,0,1,0
7.98,6.68000000000001,13.6740097011125,13.6460930330496,12.1126605788511,12.2267022115321,65.6793302820383,64.9455983182209,-0.146076127954611,0,0,0,-1,0
8.59,7.98,13.6345851871575,13.6740097011125,12.6029219303578,12.1126605788511,66.8893852503283,65.6793302820383,0.541858599931217,0,0,0,0,0
9.23999999999999,8.59,13.4677523671586,13.6345851871575,13.0689322063677,12.6029219303578,65.7343609774408,66.8893852503283,-0.624837717399792,0,0,0,0,0
9.31,9.23999999999999,13.4354104762481,13.4677523671586,13.1212583349456,13.0689322063677,66.3490644042383,65.7343609774408,5.29167397660498,0,0,0,0,-1
9.81,9.31,12.8509295238847,13.4354104762481,13.6883603678365,13.1212583349456,66.7926091417252,66.3490644042383,-3.44916572281051,0,0,0,-1,0
10.08,9.81,13.1904810390027,12.8509295238847,13.3617682448544,13.6883603678365,65.9805902659942,66.7926091417252,-2.73710325735289,0,0,0,1,1
18.31,10.08,14.1387387308488,13.1904810390027,19.2161534323988,13.3617682448544,64.6329740895712,65.9805902659942,-1.87338904480528,0,0,0,0,0
19.15,18.31,13.9500849027165,14.1387387308488,19.3728144291694,19.2161534323988,63.3474715700177,64.6329740895712,2.73143325452513,0,0,0,0,0
18.78,19.15,14.0989485213718,13.9500849027165,19.196858620116,19.3728144291694,62.2108322470557,63.3474715700177,-0.724260211531156,0,0,0,0,0
17.12,18.78,14.6355247015366,14.0989485213718,18.3175990492503,19.196858620116,61.5060365735318,62.2108322470557,2.8657128594502,0,0,0,0,0
16.13,17.12,14.3734241036797,14.6355247015366,16.1932650888834,18.3175990492503,61.4985892078679,61.5060365735318,-0.506434658915303,0,0,0,0,0
15.98,16.13,14.4165372008344,14.3734241036797,15.654905673075,16.1932650888834,61.1718607394109,61.4985892078679,-0.921732476157693,0,0,0,0,0
14.8,15.98,14.4247957095785,14.4165372008344,15.831974411159,15.654905673075,61.3265676845467,61.1718607394109,-0.176982568817097,0,0,0,0,1
13.7,14.8,14.3033226166975,14.4247957095785,15.3444823224766,15.831974411159,59.458386922563,61.3265676845467,-0.00987692322549982,0,0,0,0,-1
12.68,13.7,14.6472623321862,14.3033226166975,15.8709467489391,15.3444823224766,59.5033021683738,59.458386922563,-2.08697942896877,0,0,0,1,0
12.58,12.68,14.4172953634865,14.6472623321862,16.2881578302735,15.8709467489391,59.3914119400272,59.5033021683738,1.48234527551285,0,0,0,-1,0
12.19,12.58,14.5393933904873,14.4172953634865,16.2723541741811,16.2881578302735,61.2270197504091,59.3914119400272,-0.0858261368690396,0,0,0,0,0
11.05,12.19,14.4224868721097,14.5393933904873,16.0402088311456,16.2723541741811,61.6735189631009,61.2270197504091,0.0855621893392779,0,0,0,0,0
3.34,11.05,14.1093646995837,14.4224868721097,15.8392299782116,16.0402088311456,62.3271876556814,61.6735189631009,-0.0694924849490306,0,0,0,0,1
2.84999999999999,3.34,13.944901246551,14.1093646995837,15.6916193861693,15.8392299782116,62.7660036180223,62.3271876556814,-0.0150522367082608,0,0,0,0,0
2.5,2.84999999999999,13.3212017680857,13.944901246551,15.9279347754977,15.6916193861693,63.0980378617467,62.7660036180223,0.757592946502786,0,0,0,1,-1
3.59,2.5,13.3691319896007,13.3212017680857,15.938256571204,15.9279347754977,63.5905268521716,63.0980378617467,2.4972290169703,0,0,0,-1,1
4.81999999999999,3.59,13.1147289524774,13.3691319896007,15.6704387108514,15.938256571204,62.0025318276073,63.5905268521716,-1.84168907065787,0,0,0,1,-1
5.19,4.81999999999999,12.9842131324654,13.1147289524774,15.8594517456606,15.6704387108514,63.3725670405477,62.0025318276073,0.850895361256956,0,0,0,0,0
6.31999999999999,5.19,12.907751425179,12.9842131324654,17.4569747574454,15.8594517456606,64.5046049952339,63.3725670405477,-3.24247020059627,0,0,0,-1,1
6.81999999999999,6.31999999999999,12.7015855273948,12.907751425179,18.0844103974565,17.4569747574454,66.6325960383499,64.5046049952339,2.21008655524883,0,0,0,0,-1
7.62000000000001,6.81999999999999,12.8223205600212,12.7015855273948,19.67312056612,18.0844103974565,66.6729209616348,66.6325960383499,-2.2378425154308,0,0,0,1,0
7.83,7.62000000000001,12.9121558896699,12.8223205600212,19.0833996613153,19.67312056612,65.5842418301063,66.6729209616348,1.51933748883128,0,0,0,-1,0
7.70999999999999,7.83,13.0119212026229,12.9121558896699,21.7087503386201,19.0833996613153,67.0244701477289,65.5842418301063,-0.0387339306838328,0,0,0,0,0
8.06,7.70999999999999,12.8741912308155,13.0119212026229,22.487476269402,21.7087503386201,67.2680246075091,67.0244701477289,-1.74209617894006,0,0,0,0,1
7.95,8.06,12.7919222241915,12.8741912308155,21.5927471900868,22.487476269402,66.5443340920797,67.2680246075091,1.37820301786078,0,0,0,0,0
7.81999999999999,7.95,12.7674149823097,12.7919222241915,21.7017133362231,21.5927471900868,64.4460822270432,66.5443340920797,-0.147723243239266,0,0,0,0,0
8.14,7.81999999999999,12.3713612432312,12.7674149823097,21.7735212122325,21.7017133362231,64.5545679383572,64.4460822270432,1.99752624521402,0,0,0,1,-1
8.48,8.14,12.4363722832571,12.3713612432312,22.2742827066517,21.7735212122325,65.0345310650841,64.5545679383572,-3.32207411321289,0,0,0,-1,1
8.91,8.48,11.5034074232892,12.4363722832571,22.6720445703189,22.2742827066517,64.5977092328493,65.0345310650841,2.57929124483088,0,0,0,1,-1
8.78,8.91,11.4670827184117,11.5034074232892,23.9096728739424,22.6720445703189,64.1493122364227,64.5977092328493,1.37150917776396,0,0,0,0,0
8.33,8.78,11.4833444638261,11.4670827184117,24.3297042897347,23.9096728739424,63.2823883708937,64.1493122364227,-1.69837436785221,0,0,0,0,-1
8.77,8.33,11.3427658414769,11.4833444638261,25.3907717253716,24.3297042897347,61.7231914635088,63.2823883708937,-0.0926841374253904,0,0,0,-2,1
9.52,8.77,11.5049780696278,11.3427658414769,26.8320152933064,25.3907717253716,58.8374777991265,61.7231914635088,0.0683155196827663,0,0,0,1,-1
10.02,9.52,12.181717562876,11.5049780696278,27.1801014371896,26.8320152933064,56.5124137946563,58.8374777991265,0.0971594068581645,0,0,0,-1,1
10.62,10.02,12.1928337322578,12.181717562876,29.281261822944,27.1801014371896,55.3893113515992,56.5124137946563,0.167552665291165,0,0,0,2,0
11.29,10.62,12.5161998317633,12.1928337322578,29.0633486631394,29.281261822944,53.8887040795228,55.3893113515992,-0.199229542945385,0,0,0,-1,1
12.24,11.29,12.8285673669187,12.5161998317633,28.9485460027576,29.0633486631394,53.4871530412349,53.8887040795228,0.230801283085562,0,0,0,0,-1
12.26,12.24,12.7288857182083,12.8285673669187,27.3159269702995,28.9485460027576,52.3045424007058,53.4871530412349,-0.910546663580597,0,0,0,0,0
11.98,12.26,12.8017794045662,12.7288857182083,27.3535685545964,27.3159269702995,51.9165908257301,52.3045424007058,-1.10175622401147,0,0,0,1,0
11.7,11.98,13.2982398593942,12.8017794045662,25.9331503935886,27.3535685545964,51.3436953292164,51.9165908257301,1.65838241362351,0,0,0,-1,0
11.07,11.7,12.3345441079281,13.2982398593942,24.7693874284384,25.9331503935886,50.206688011682,51.3436953292164,-0.694869746936615,0,0,0,-1,0
10.4,11.07,12.3674646618638,12.3345441079281,23.429588549512,24.7693874284384,50.2793666703465,50.206688011682,0.241865546751328,0,0,0,2,1
10.01,10.4,12.451750078841,12.3674646618638,22.0361053884217,23.429588549512,50.2539538776779,50.2793666703465,0.47542100114168,0,0,0,-1,-1
5.34,0,13.6193932475291,0,15.1404941656475,0,48.8181559505626,0,-0.233318385153751,0,0,0,1,0
5.27,5.34,13.6352601172932,13.6193932475291,14.9939607059196,15.1404941656475,49.325516563105,48.8181559505626,0.0463141473731241,0,0,0,-1,0
5.11,5.27,13.5108595781792,13.6352601172932,15.0589856959659,14.9939607059196,49.8584252429578,49.325516563105,-0.35785203631988,0,0,0,0,1
5.09999999999999,5.11,13.4570704114454,13.5108595781792,15.1800904395321,15.0589856959659,50.4727394809121,49.8584252429578,-0.084639006412992,0,0,0,0,-1
4.53,5.09999999999999,13.2411944620199,13.4570704114454,15.0895474992628,15.1800904395321,50.9552767070421,50.4727394809121,0.224833048530936,0,0,0,0,0
4.48,4.53,13.500549812958,13.2411944620199,15.0574652732731,15.0895474992628,51.007997695793,50.9552767070421,-0.0873685308722294,0,0,0,0,0
4.16,4.48,13.666656831119,13.500549812958,14.5670760977193,15.0574652732731,51.7470048953807,51.007997695793,-0.544289851517746,0,0,0,1,0
3.81,4.16,13.8216641629018,13.666656831119,14.5393474271914,14.5670760977193,52.3008785796348,51.7470048953807,0.234458260675932,0,0,0,-1,0
3.7,3.81,13.7316860457539,13.8216641629018,14.7935044071595,14.5393474271914,52.5109732498041,52.3008785796348,0.604131732419482,0,0,0,0,0
3.44,3.7,13.7360398808361,13.7316860457539,14.3675519540011,14.7935044071595,52.9047446549394,52.5109732498041,0.224298545394849,0,0,0,0,0
2.56,3.44,13.6484379283145,13.7360398808361,14.1862593177276,14.3675519540011,53.1352655117365,52.9047446549394,-0.172903457899903,0,0,0,0,0
2.31999999999999,2.56,13.6235901053374,13.6484379283145,14.3868247191646,14.1862593177276,53.7120553851709,53.1352655117365,-0.295709351634354,0,0,0,0,-1
2.40000000000001,2.31999999999999,13.7504561712405,13.6235901053374,14.4798713874538,14.3868247191646,53.9277406368439,53.7120553851709,-0.119794702308202,0,0,0,-1,1
3.09999999999999,2.40000000000001,13.5244397404034,13.7504561712405,13.988633499426,14.4798713874538,54.6184845442754,53.9277406368439,0.292313451931442,0,0,0,1,0
3.91,3.09999999999999,14.3235655510136,13.5244397404034,14.1151172348073,13.988633499426,54.2385342821851,54.6184845442754,-1.92325516729135,0,0,0,0,0
4.14,3.91,14.278253066181,14.3235655510136,14.0991029425766,14.1151172348073,53.9516929233174,54.2385342821851,0.637065780499267,0,0,0,0,0
4.41,4.14,14.4613482128685,14.278253066181,14.0238044350692,14.0991029425766,54.1795108644441,53.9516929233174,0.0708645063531286,0,0,0,0,-1
4.62000000000001,4.41,14.4170877704025,14.4613482128685,13.6508347644586,14.0238044350692,54.7976654243518,54.1795108644441,-0.442791343315005,0,0,0,-1,1
4.87000000000001,4.62000000000001,14.2639954417687,14.4170877704025,13.1916441740641,13.6508347644586,55.6597089687086,54.7976654243518,-0.122485714305558,0,0,0,1,0
5.09999999999999,4.87000000000001,14.4450117427295,14.2639954417687,13.4992201363472,13.1916441740641,56.0996264981352,55.6597089687086,-0.34995749061331,0,0,0,0,0
5.70999999999999,5.09999999999999,13.8727235474426,14.4450117427295,13.2396885267828,13.4992201363472,56.5872002570616,56.0996264981352,4.79853379400944,0,0,0,0,0
6.08,5.70999999999999,14.0358824791183,13.8727235474426,13.2868147552417,13.2396885267828,56.4153079316199,56.5872002570616,-3.14136377945639,0,0,0,0,0
6.93000000000001,6.08,14.0258412317335,14.0358824791183,13.1452769103879,13.2868147552417,56.0495859715358,56.4153079316199,-0.558636367477391,0,0,0,0,0
6.84999999999999,6.93000000000001,14.0147895236986,14.0258412317335,13.1968340415521,13.1452769103879,56.2194376806582,56.0495859715358,0.0136584634519359,0,0,0,0,0
7.48,6.84999999999999,13.9973351044509,14.0147895236986,13.0071489243804,13.1968340415521,56.6234012277953,56.2194376806582,0.354806192694786,0,0,0,0,1
7.31,7.48,14.0820687874227,13.9973351044509,12.92590147288,13.0071489243804,57.2409617204566,56.6234012277953,-0.525692826875712,0,0,0,0,-1
7.3,7.31,14.247705656797,14.0820687874227,12.6673296742504,12.92590147288,57.1946988525141,57.2409617204566,0.853238759669049,0,0,0,0,0
7.45999999999999,7.3,13.6424447801209,14.247705656797,13.0239463023596,12.6673296742504,57.8332753650404,57.1946988525141,0.223469131078785,0,0,0,1,1
7.84999999999999,7.45999999999999,14.0319814297324,13.6424447801209,12.9938855848663,13.0239463023596,58.5469787586496,57.8332753650404,-0.955130924869447,0,0,0,-1,-1
8.05,7.84999999999999,13.890912318267,14.0319814297324,13.0132901808623,12.9938855848663,58.4518363584114,58.5469787586496,0.0285164784650451,0,0,0,0,0
8.56999999999999,8.05,13.8128065299298,13.890912318267,13.1438788188114,13.0132901808623,59.0581316154181,58.4518363584114,0.496396877265354,0,0,0,1,0
9.43000000000001,8.56999999999999,13.8703630948029,13.8128065299298,13.0964541227287,13.1438788188114,59.479261970331,59.0581316154181,-0.146076127954611,0,0,0,-1,0
9.83,9.43000000000001,13.8183551574392,13.8703630948029,13.4731024880661,13.0964541227287,59.6998823778579,59.479261970331,0.541858599931217,0,0,0,0,0
9.61,9.83,13.6419945948127,13.8183551574392,13.5706261463928,13.4731024880661,59.3139809508706,59.6998823778579,-0.624837717399792,0,0,0,0,0
9.28,9.61,13.5875050800252,13.6419945948127,13.6085932389478,13.5706261463928,59.3840734351051,59.3139809508706,5.29167397660498,0,0,0,0,-1
9.56999999999999,9.28,13.0434398864342,13.5875050800252,14.0592575352853,13.6085932389478,59.9017963187511,59.3840734351051,-3.44916572281051,0,0,0,-1,0
9.72,9.56999999999999,13.3738198177355,13.0434398864342,14.3256080591066,14.0592575352853,60.5256899359218,59.9017963187511,-2.73710325735289,0,0,0,1,1
17.2,9.72,14.2444751507895,13.3738198177355,20.8233096383963,14.3256080591066,60.0234858952707,60.5256899359218,-1.87338904480528,0,0,0,0,0
18.37,17.2,14.0731104536852,14.2444751507895,22.3168617366604,20.8233096383963,57.4879296177379,60.0234858952707,2.73143325452513,0,0,0,0,0
18.09,18.37,14.2123303531623,14.0731104536852,19.9695999023381,22.3168617366604,56.6728666504457,57.4879296177379,-0.724260211531156,0,0,0,0,0
16.86,18.09,14.8429191543164,14.2123303531623,18.627527392877,19.9695999023381,56.1259530046951,56.6728666504457,2.8657128594502,0,0,0,0,0
15.28,16.86,14.5805935928125,14.8429191543164,16.7642932111012,18.627527392877,57.4396872105815,56.1259530046951,-0.506434658915303,0,0,0,0,0
14.3,15.28,14.6289044150977,14.5805935928125,16.8467245341315,16.7642932111012,57.3745252471746,57.4396872105815,-0.921732476157693,0,0,0,0,0
13.4,14.3,14.6003256127271,14.6289044150977,16.8188364830624,16.8467245341315,57.5405754654119,57.3745252471746,-0.176982568817097,0,0,0,0,1
12.67,13.4,14.5020786533606,14.6003256127271,16.1776190391039,16.8188364830624,58.520390566487,57.5405754654119,-0.00987692322549982,0,0,0,0,-1
12.14,12.67,14.7328857461763,14.5020786533606,16.4544605383456,16.1776190391039,58.576291498055,58.520390566487,-2.08697942896877,0,0,0,1,0
12.34,12.14,14.4831271514509,14.7328857461763,17.1739871259032,16.4544605383456,58.5520326117059,58.576291498055,1.48234527551285,0,0,0,-1,0
12.21,12.34,14.6394412017265,14.4831271514509,16.6889967227038,17.1739871259032,58.5449391152711,58.5520326117059,-0.0858261368690396,0,0,0,0,0
11.36,12.21,14.4819218630904,14.6394412017265,16.6465725406005,16.6889967227038,58.4186623088084,58.5449391152711,0.0855621893392779,0,0,0,0,0
3.77,11.36,14.2786601827901,14.4819218630904,16.4328038876965,16.6465725406005,59.0656379616253,58.4186623088084,-0.0694924849490306,0,0,0,0,1
2.13,3.77,14.1375352600645,14.2786601827901,16.2664102769399,16.4328038876965,58.3169914561865,59.0656379616253,-0.0150522367082608,0,0,0,0,0
1.53,2.13,13.55191921648,14.1375352600645,16.5061566838955,16.2664102769399,58.7771717998447,58.3169914561865,0.757592946502786,0,0,0,1,-1
2.17,1.53,13.5595515939198,13.55191921648,16.3828843339991,16.5061566838955,59.1315141956094,58.7771717998447,2.4972290169703,0,0,0,-1,1
3.55,2.17,13.279973177287,13.5595515939198,16.0531876060514,16.3828843339991,58.365246887165,59.1315141956094,-1.84168907065787,0,0,0,1,-1
4.33,3.55,13.2326424099595,13.279973177287,16.8194700932404,16.0531876060514,59.5050603452658,58.365246887165,0.850895361256956,0,0,0,0,0
5.39,4.33,13.1248320851936,13.2326424099595,18.5827227724884,16.8194700932404,60.8912494199342,59.5050603452658,-3.24247020059627,0,0,0,-1,1
5.97,5.39,12.9389827465713,13.1248320851936,19.2782312579149,18.5827227724884,60.0888364953251,60.8912494199342,2.21008655524883,0,0,0,0,-1
6.95,5.97,12.9777892776071,12.9389827465713,19.7871231196414,19.2782312579149,60.2751501847348,60.0888364953251,-2.2378425154308,0,0,0,1,0
7.01000000000001,6.95,13.0340769102424,12.9777892776071,20.8857257858252,19.7871231196414,59.3542258383005,60.2751501847348,1.51933748883128,0,0,0,-1,0
6.87999999999999,7.01000000000001,13.1049430225842,13.0340769102424,23.2366755142183,20.8857257858252,60.385142764674,59.3542258383005,-0.0387339306838328,0,0,0,0,0
7.15000000000001,6.87999999999999,12.9767244867198,13.1049430225842,24.4963348817008,23.2366755142183,60.0299859778094,60.385142764674,-1.74209617894006,0,0,0,0,1
7.26000000000001,7.15000000000001,12.8707443676598,12.9767244867198,23.8478411249486,24.4963348817008,60.2435285516187,60.0299859778094,1.37820301786078,0,0,0,0,0
7.23,7.26000000000001,12.8430677768583,12.8707443676598,23.3433936385116,23.8478411249486,60.5804136177171,60.2435285516187,-0.147723243239266,0,0,0,0,0
7.87999999999999,7.23,12.4451686531319,12.8430677768583,23.6366372690543,23.3433936385116,60.8615438938866,60.5804136177171,1.99752624521402,0,0,0,1,-1
8.31,7.87999999999999,12.5558159723245,12.4451686531319,23.3855051436302,23.6366372690543,61.8228599639461,60.8615438938866,-3.32207411321289,0,0,0,-1,1
9.08,8.31,11.6187885593299,12.5558159723245,24.0909536678501,23.3855051436302,61.19297366034,61.8228599639461,2.57929124483088,0,0,0,1,-1
9.34999999999999,9.08,11.6022447540925,11.6187885593299,25.7195694050375,24.0909536678501,60.9839636265332,61.19297366034,1.37150917776396,0,0,0,0,0
9.23,9.34999999999999,11.6150598972504,11.6022447540925,25.5786388457383,25.7195694050375,60.3257746688627,60.9839636265332,-1.69837436785221,0,0,0,0,-1
9.62,9.23,11.4727593833446,11.6150598972504,27.7952955275957,25.5786388457383,59.1053252639434,60.3257746688627,-0.0926841374253904,0,0,0,-2,1
10.35,9.62,11.6099399965653,11.4727593833446,28.1509435106804,27.7952955275957,56.5655336506729,59.1053252639434,0.0683155196827663,0,0,0,1,-1
10.45,10.35,12.2745662310058,11.6099399965653,27.7014042826888,28.1509435106804,54.6900676724702,56.5655336506729,0.0971594068581645,0,0,0,-1,1
11.09,10.45,12.2748979236116,12.2745662310058,29.3288063647784,27.7014042826888,53.175856274442,54.6900676724702,0.167552665291165,0,0,0,2,0
11.52,11.09,12.5734639759348,12.2748979236116,30.4491629744568,29.3288063647784,52.2130671143171,53.175856274442,-0.199229542945385,0,0,0,-1,1
11.97,11.52,12.8707455346773,12.5734639759348,30.0417974114985,30.4491629744568,51.3857512845713,52.2130671143171,0.230801283085562,0,0,0,0,-1
11.81,11.97,12.7823902908042,12.8707455346773,28.236571387704,30.0417974114985,49.9508935074559,51.3857512845713,-0.910546663580597,0,0,0,0,0
11.3,11.81,12.8673524640099,12.7823902908042,28.1252695350704,28.236571387704,49.3292804233483,49.9508935074559,-1.10175622401147,0,0,0,1,0
10.93,11.3,13.3236374334661,12.8673524640099,27.2396808979162,28.1252695350704,48.5793388060167,49.3292804233483,1.65838241362351,0,0,0,-1,0
10.23,10.93,12.4355530612807,13.3236374334661,25.5373106273931,27.2396808979162,47.7483557641588,48.5793388060167,-0.694869746936615,0,0,0,-1,0
8.90000000000001,10.23,12.4682818290521,12.4355530612807,25.0354209385763,25.5373106273931,47.4682382634784,47.7483557641588,0.241865546751328,0,0,0,2,1
8.31,8.90000000000001,12.434606188218,12.4682818290521,23.4122521896879,25.0354209385763,47.1295799068936,47.4682382634784,0.47542100114168,0,0,0,-1,-1
5.27,0,13.8112455140288,0,15.070769063638,0,46.4033156986905,0,-0.233318385153751,0,0,0,1,0
5.27,5.27,13.789565546789,13.8112455140288,15.1865856555424,15.070769063638,46.8351204880844,46.4033156986905,0.0463141473731241,0,0,0,-1,0
5.23999999999999,5.27,13.784089248394,13.789565546789,15.0600868851703,15.1865856555424,45.7875687308857,46.8351204880844,-0.35785203631988,0,0,0,0,1
5.45,5.23999999999999,13.7569240804036,13.784089248394,15.2644751810301,15.0600868851703,46.1651387489895,45.7875687308857,-0.084639006412992,0,0,0,0,-1
5.36,5.45,13.4361304796734,13.7569240804036,14.8144286033292,15.2644751810301,46.390573897413,46.1651387489895,0.224833048530936,0,0,0,0,0
5.37999999999999,5.36,13.6580687521332,13.4361304796734,15.0120106706457,14.8144286033292,45.5596457315195,46.390573897413,-0.0873685308722294,0,0,0,0,0
5.66,5.37999999999999,13.9747267984988,13.6580687521332,14.8477015338263,15.0120106706457,46.115222660785,45.5596457315195,-0.544289851517746,0,0,0,1,0
5.52,5.66,14.1510483917344,13.9747267984988,14.7491900314946,14.8477015338263,46.4626370908683,46.115222660785,0.234458260675932,0,0,0,-1,0
5.25,5.52,14.0651721167564,14.1510483917344,15.1095596219859,14.7491900314946,48.7446244645948,46.4626370908683,0.604131732419482,0,0,0,0,0
5,5.25,14.0617402464403,14.0651721167564,14.75641671427,15.1095596219859,49.0006005802055,48.7446244645948,0.224298545394849,0,0,0,0,0
4.72,5,13.9377111848208,14.0617402464403,14.4651079045412,14.75641671427,48.7474645329371,49.0006005802055,-0.172903457899903,0,0,0,0,0
4.75,4.72,13.8871956984285,13.9377111848208,14.6279620241999,14.4651079045412,50.5986082865364,48.7474645329371,-0.295709351634354,0,0,0,0,-1
4.52,4.75,13.9732190140202,13.8871956984285,14.4170927374956,14.6279620241999,50.5660092457295,50.5986082865364,-0.119794702308202,0,0,0,-1,1
4.62999999999999,4.52,13.7027198943078,13.9732190140202,14.3510587604664,14.4170927374956,50.9588764872733,50.5660092457295,0.292313451931442,0,0,0,1,0
5.5,4.62999999999999,14.5732152295929,13.7027198943078,13.8470579735206,14.3510587604664,47.8926402184691,50.9588764872733,-1.92325516729135,0,0,0,0,0
5.29000000000001,5.5,14.3742649987153,14.5732152295929,14.0578088066122,13.8470579735206,47.8120083600546,47.8926402184691,0.637065780499267,0,0,0,0,0
5.26000000000001,5.29000000000001,14.5053050803982,14.3742649987153,13.9802775706318,14.0578088066122,47.6399098183546,47.8120083600546,0.0708645063531286,0,0,0,0,-1
4.97,5.26000000000001,14.4380003370635,14.5053050803982,13.7510267437418,13.9802775706318,46.8371406212617,47.6399098183546,-0.442791343315005,0,0,0,-1,1
4.92,4.97,14.2894613008373,14.4380003370635,13.5905037555322,13.7510267437418,47.3260270669011,46.8371406212617,-0.122485714305558,0,0,0,1,0
4.84,4.92,14.4920917154864,14.2894613008373,13.4800352526076,13.5905037555322,47.3982106051447,47.3260270669011,-0.34995749061331,0,0,0,0,0
4.95,4.84,13.8807500185499,14.4920917154864,13.3015159948923,13.4800352526076,47.3429647397654,47.3982106051447,4.79853379400944,0,0,0,0,0
5.39,4.95,14.0289257052102,13.8807500185499,13.3303982807241,13.3015159948923,47.4811290769122,47.3429647397654,-3.14136377945639,0,0,0,0,0
6.06,5.39,14.0420008772882,14.0289257052102,13.2545704423673,13.3303982807241,47.1400343270271,47.4811290769122,-0.558636367477391,0,0,0,0,0
5.90000000000001,6.06,14.0706589391122,14.0420008772882,12.9485816182952,13.2545704423673,52.0070995396336,47.1400343270271,0.0136584634519359,0,0,0,0,0
6.16,5.90000000000001,14.0416336255609,14.0706589391122,12.7934021649545,12.9485816182952,52.270693535398,52.0070995396336,0.354806192694786,0,0,0,0,1
6.08,6.16,14.1201876473791,14.0416336255609,12.9067423935062,12.7934021649545,52.9336132756246,52.270693535398,-0.525692826875712,0,0,0,0,-1
5.23999999999999,6.08,14.3034479162098,14.1201876473791,12.6051934719667,12.9067423935062,50.18172843175,52.9336132756246,0.853238759669049,0,0,0,0,0
6.25,5.23999999999999,13.6460541338575,14.3034479162098,12.8802705161281,12.6051934719667,50.8370954509666,50.18172843175,0.223469131078785,0,0,0,1,1
6.36,6.25,14.0646719823519,13.6460541338575,12.8908990198615,12.8802705161281,51.3969809407794,50.8370954509666,-0.955130924869447,0,0,0,-1,-1
7.09999999999999,6.36,13.8746655566007,14.0646719823519,13.0733149897556,12.8908990198615,51.531548470155,51.3969809407794,0.0285164784650451,0,0,0,0,0
7.25,7.09999999999999,13.7708776634523,13.8746655566007,13.4777113943011,13.0733149897556,52.0895415577832,51.531548470155,0.496396877265354,0,0,0,1,0
6.97,7.25,13.917291384115,13.7708776634523,13.4359915812425,13.4777113943011,52.5055239853839,52.0895415577832,-0.146076127954611,0,0,0,-1,0
7.79000000000001,6.97,13.7817404107692,13.917291384115,13.7665874270418,13.4359915812425,52.883454655608,52.5055239853839,0.541858599931217,0,0,0,0,0
8.39,7.79000000000001,13.6247157465486,13.7817404107692,13.5030059099114,13.7665874270418,53.0188555614268,52.883454655608,-0.624837717399792,0,0,0,0,0
8.45,8.39,13.6083149277429,13.6247157465486,13.6244594302518,13.5030059099114,52.5696867837321,53.0188555614268,5.29167397660498,0,0,0,0,-1
9.03,8.45,13.0654314198854,13.6083149277429,14.1744438020033,13.6244594302518,54.570710083301,52.5696867837321,-3.44916572281051,0,0,0,-1,0
9.22,9.03,13.3120648707698,13.0654314198854,14.392143425815,14.1744438020033,55.0257955666077,54.570710083301,-2.73710325735289,0,0,0,1,1
17.23,9.22,14.2371837395581,13.3120648707698,17.663693819565,14.392143425815,54.5913649295365,55.0257955666077,-1.87338904480528,0,0,0,0,0
18.21,17.23,14.1057855051162,14.2371837395581,18.6398388233927,17.663693819565,53.3614333647977,54.5913649295365,2.73143325452513,0,0,0,0,0
17.26,18.21,14.1832850808348,14.1057855051162,19.0736020556107,18.6398388233927,52.8976628473547,53.3614333647977,-0.724260211531156,0,0,0,0,0
15.78,17.26,14.8478677201791,14.1832850808348,18.390391345675,19.0736020556107,52.5441648342001,52.8976628473547,2.8657128594502,0,0,0,0,0
15.19,15.78,14.567812306747,14.8478677201791,16.2217607314328,18.390391345675,51.0047020815217,52.5441648342001,-0.506434658915303,0,0,0,0,0
14.61,15.19,14.5816632518847,14.567812306747,16.2659751432707,16.2217607314328,50.8118171474604,51.0047020815217,-0.921732476157693,0,0,0,0,0
14.24,14.61,14.5415054307558,14.5816632518847,16.7682440442956,16.2659751432707,51.2581318543432,50.8118171474604,-0.176982568817097,0,0,0,0,1
13.69,14.24,14.4237131897703,14.5415054307558,16.028963395797,16.7682440442956,51.9694804463624,51.2581318543432,-0.00987692322549982,0,0,0,0,-1
12.86,13.69,14.6672503979865,14.4237131897703,16.4398397382404,16.028963395797,52.138592560914,51.9694804463624,-2.08697942896877,0,0,0,1,0
13.04,12.86,14.4588854364698,14.6672503979865,17.7398398200202,16.4398397382404,52.1805049346133,52.138592560914,1.48234527551285,0,0,0,-1,0
13.04,13.04,14.607268086066,14.4588854364698,17.145130066362,17.7398398200202,53.5727965164323,52.1805049346133,-0.0858261368690396,0,0,0,0,0
12.09,13.04,14.4379851070239,14.607268086066,16.6115386570142,17.145130066362,53.1954852506421,53.5727965164323,0.0855621893392779,0,0,0,0,0
4.34999999999999,12.09,14.2885192382142,14.4379851070239,16.7010227596674,16.6115386570142,53.5069492534998,53.1954852506421,-0.0694924849490306,0,0,0,0,1
3.56,4.34999999999999,14.1673331327845,14.2885192382142,16.5302919930316,16.7010227596674,55.7387463148535,53.5069492534998,-0.0150522367082608,0,0,0,0,0
3.64,3.56,13.4636973964785,14.1673331327845,17.7645630102725,16.5302919930316,56.4910450467411,55.7387463148535,0.757592946502786,0,0,0,1,-1
4.18000000000001,3.64,13.4884876550316,13.4636973964785,16.7993360421047,17.7645630102725,56.7851766449138,56.4910450467411,2.4972290169703,0,0,0,-1,1
4.45999999999999,4.18000000000001,13.1936920612504,13.4884876550316,16.3319733989374,16.7993360421047,55.2594792265879,56.7851766449138,-1.84168907065787,0,0,0,1,-1
5.62000000000001,4.45999999999999,13.0285252716027,13.1936920612504,17.3875498615742,16.3319733989374,56.5649320697786,55.2594792265879,0.850895361256956,0,0,0,0,0
6.90000000000001,5.62000000000001,12.9692030740333,13.0285252716027,19.0557201487717,17.3875498615742,57.4300302945994,56.5649320697786,-3.24247020059627,0,0,0,-1,1
7.48,6.90000000000001,12.7122752364123,12.9692030740333,19.0380096101917,19.0557201487717,59.5855883837703,57.4300302945994,2.21008655524883,0,0,0,0,-1
8.13,7.48,12.7581780251256,12.7122752364123,21.1485343182279,19.0380096101917,59.1769689969744,59.5855883837703,-2.2378425154308,0,0,0,1,0
7.97,8.13,12.7672326104505,12.7581780251256,22.0379382126639,21.1485343182279,57.5940152516699,59.1769689969744,1.51933748883128,0,0,0,-1,0
7.76000000000001,7.97,12.8895834365496,12.7672326104505,23.8975930764735,22.0379382126639,55.1545368245321,57.5940152516699,-0.0387339306838328,0,0,0,0,0
8.3,7.76000000000001,12.81645433542,12.8895834365496,25.9754273287255,23.8975930764735,54.8854797176193,55.1545368245321,-1.74209617894006,0,0,0,0,1
8.29000000000001,8.3,12.7444135343285,12.81645433542,24.1525016167515,25.9754273287255,55.1757360919042,54.8854797176193,1.37820301786078,0,0,0,0,0
8.81999999999999,8.29000000000001,12.7784165875177,12.7444135343285,23.9638386605198,24.1525016167515,53.4674320825175,55.1757360919042,-0.147723243239266,0,0,0,0,0
8.93000000000001,8.81999999999999,12.4091649125524,12.7784165875177,24.5263251059582,23.9638386605198,53.6404432394843,53.4674320825175,1.99752624521402,0,0,0,1,-1
9.02,8.93000000000001,12.5269396906178,12.4091649125524,25.7383857840288,24.5263251059582,54.0115894226368,53.6404432394843,-3.32207411321289,0,0,0,-1,1
9.56,9.02,11.5031146023426,12.5269396906178,26.1790607872816,25.7383857840288,54.5688758437109,54.0115894226368,2.57929124483088,0,0,0,1,-1
9.28,9.56,11.4498118267021,11.5031146023426,27.2452951750255,26.1790607872816,54.6352598773547,54.5688758437109,1.37150917776396,0,0,0,0,0
8.48,9.28,11.4253641572974,11.4498118267021,27.0359922986583,27.2452951750255,54.2193784869495,54.6352598773547,-1.69837436785221,0,0,0,0,-1
8.91,8.48,11.238904890737,11.4253641572974,30.1230165158201,27.0359922986583,50.7972611093149,54.2193784869495,-0.0926841374253904,0,0,0,-2,1
9.09,8.91,11.3519340293005,11.238904890737,30.3501445681524,30.1230165158201,48.0327963909529,50.7972611093149,0.0683155196827663,0,0,0,1,-1
8.47,9.09,12.0362121483327,11.3519340293005,30.6080997316142,30.3501445681524,46.2679207493905,48.0327963909529,0.0971594068581645,0,0,0,-1,1
8.98,8.47,12.0669594036725,12.0362121483327,32.5315215685846,30.6080997316142,44.8418098037601,46.2679207493905,0.167552665291165,0,0,0,2,0
9.02,8.98,12.3657333832167,12.0669594036725,36.5847297584083,32.5315215685846,44.1023150619342,44.8418098037601,-0.199229542945385,0,0,0,-1,1
9.53,9.02,12.6223789253875,12.3657333832167,33.5582733910681,36.5847297584083,43.4215316020145,44.1023150619342,0.230801283085562,0,0,0,0,-1
9.52,9.53,12.5859213794506,12.6223789253875,34.5296232162533,33.5582733910681,42.8212513008277,43.4215316020145,-0.910546663580597,0,0,0,0,0
9.55,9.52,12.6971757585273,12.5859213794506,34.0176632834906,34.5296232162533,42.1087009933782,42.8212513008277,-1.10175622401147,0,0,0,1,0
9.40000000000001,9.55,13.1136046909431,12.6971757585273,31.3103558754547,34.0176632834906,41.1959199536111,42.1087009933782,1.65838241362351,0,0,0,-1,0
9.26000000000001,9.40000000000001,12.2408755130693,13.1136046909431,30.4729694066583,31.3103558754547,40.4043118014382,41.1959199536111,-0.694869746936615,0,0,0,-1,0
8.62,9.26000000000001,12.2733717686095,12.2408755130693,30.2356142673938,30.4729694066583,40.2411731477721,40.4043118014382,0.241865546751328,0,0,0,2,1
8.76000000000001,8.62,12.3288257776367,12.2733717686095,30.3520976098686,30.2356142673938,39.8041652479406,40.2411731477721,0.47542100114168,0,0,0,-1,-1
4.97,0,13.523121241861,0,15.3005481661572,0,30.0169334218633,0,-0.233318385153751,0,-0.233318385153751,0,1,0
4.84999999999999,4.97,13.5203856828407,13.523121241861,15.1762886134976,15.3005481661572,31.4008649551819,30.0169334218633,0.0463141473731241,0,0.0463141473731241,0,-1,0
4.98,4.84999999999999,13.4369686715848,13.5203856828407,15.3482065394024,15.1762886134976,32.8856443644231,31.4008649551819,-0.35785203631988,0,-0.35785203631988,0,0,1
5.03,4.98,13.4185512661328,13.4369686715848,15.4864691503472,15.3482065394024,35.0184999681226,32.8856443644231,-0.084639006412992,0,-0.084639006412992,0,0,-1
5.01000000000001,5.03,13.1711923614329,13.4185512661328,15.3769427735707,15.4864691503472,36.8566838991235,35.0184999681226,0.224833048530936,0,0.224833048530936,0,0,0
5.22,5.01000000000001,13.4046624434154,13.1711923614329,15.4733557420674,15.3769427735707,38.8476595207644,36.8566838991235,-0.0873685308722294,0,-0.0873685308722294,0,0,0
4.95,5.22,13.4397004304829,13.4046624434154,15.1247576966664,15.4733557420674,40.7196888354408,38.8476595207644,-0.544289851517746,0,-0.544289851517746,0,1,0
4.7,4.95,13.6573189487844,13.4397004304829,14.9215921199545,15.1247576966664,42.8166195557161,40.7196888354408,0.234458260675932,0,0.234458260675932,0,-1,0
4.31999999999999,4.7,13.5359831042106,13.6573189487844,15.1726199439951,14.9215921199545,44.7042152242051,42.8166195557161,0.604131732419482,0,0.604131732419482,0,0,0
4.11,4.31999999999999,13.5315945841548,13.5359831042106,14.8519515095002,15.1726199439951,46.8292404685241,44.7042152242051,0.224298545394849,0,0.224298545394849,0,0,0
3.84999999999999,4.11,13.4934969282722,13.5315945841548,14.7224801205992,14.8519515095002,50.1750078110898,46.8292404685241,-0.172903457899903,0,-0.172903457899903,0,0,0
3.8,3.84999999999999,13.4542244736871,13.4934969282722,14.6378064885705,14.7224801205992,50.2666323304702,50.1750078110898,-0.295709351634354,0,-0.295709351634354,0,0,-1
3.43000000000001,3.8,13.5541970585676,13.4542244736871,14.6474603251145,14.6378064885705,50.5081610067006,50.2666323304702,-0.119794702308202,0,-0.119794702308202,0,-1,1
3.95999999999999,3.43000000000001,13.261938392179,13.5541970585676,14.3012871535805,14.6474603251145,50.8802290201085,50.5081610067006,0.292313451931442,0,0.292313451931442,0,1,0
4.62000000000001,3.95999999999999,14.2198426194766,13.261938392179,14.1669969847151,14.3012871535805,50.4518157993201,50.8802290201085,-1.92325516729135,0,-1.92325516729135,0,0,0
4.62000000000001,4.62000000000001,14.1797668132824,14.2198426194766,14.1889938846761,14.1669969847151,50.0425090621219,50.4518157993201,0.637065780499267,0,0.637065780499267,0,0,0
4.44,4.62000000000001,14.3438368768003,14.1797668132824,14.2324360178504,14.1889938846761,50.1619835282443,50.0425090621219,0.0708645063531286,0,0.0708645063531286,0,0,-1
4.68000000000001,4.44,14.2571782234341,14.3438368768003,13.8197056297769,14.2324360178504,50.8169661848314,50.1619835282443,-0.442791343315005,0,-0.442791343315005,0,-1,1
4.86,4.68000000000001,14.1173998973344,14.2571782234341,13.7597179387934,13.8197056297769,51.5429932336198,50.8169661848314,-0.122485714305558,0,-0.122485714305558,0,1,0
4.5,4.86,14.3004740481003,14.1173998973344,13.7330197166854,13.7597179387934,52.0901660896529,51.5429932336198,-0.34995749061331,0,-0.34995749061331,0,0,0
4.37000000000001,4.5,13.6226675135625,14.3004740481003,13.5006621177378,13.7330197166854,52.7537629182973,52.0901660896529,4.79853379400944,0,4.79853379400944,0,0,0
4.86,4.37000000000001,13.7968994236149,13.6226675135625,13.7089948515776,13.5006621177378,53.0122675897967,52.7537629182973,-3.14136377945639,0,-3.14136377945639,0,0,0
5.3,4.86,13.8896713672199,13.7968994236149,13.5684478416684,13.7089948515776,52.5522141140633,53.0122675897967,-0.558636367477391,0,-0.558636367477391,0,0,0
5.31,5.3,13.8827340664609,13.8896713672199,13.2267572437721,13.5684478416684,52.8600733366238,52.5522141140633,0.0136584634519359,0,0.0136584634519359,0,0,0
5.91,5.31,13.8586283519935,13.8827340664609,13.1412715263369,13.2267572437721,53.2548804273295,52.8600733366238,0.354806192694786,0,0.354806192694786,0,0,1
5.92,5.91,13.993915469751,13.8586283519935,13.0082197024793,13.1412715263369,54.1649957396631,53.2548804273295,-0.525692826875712,0,-0.525692826875712,0,0,-1
5.48999999999999,5.92,14.1429162277718,13.993915469751,12.717774304915,13.0082197024793,55.4567873862479,54.1649957396631,0.853238759669049,0,0.853238759669049,0,0,0
5.93000000000001,5.48999999999999,13.4669977146032,14.1429162277718,13.0882257514744,12.717774304915,56.6842312158547,55.4567873862479,0.223469131078785,0,0.223469131078785,0,1,1
6.42,5.93000000000001,13.9397039983844,13.4669977146032,13.1959141764882,13.0882257514744,57.4802687056365,56.6842312158547,-0.955130924869447,0,-0.955130924869447,0,-1,-1
6.90000000000001,6.42,13.7199171720488,13.9397039983844,13.4540756201229,13.1959141764882,58.532103086065,57.4802687056365,0.0285164784650451,0,0.0285164784650451,0,0,0
7.36,6.90000000000001,13.6541103943112,13.7199171720488,13.3349731205148,13.4540756201229,59.6220965789493,58.532103086065,0.496396877265354,0,0.496396877265354,0,1,0
8.34,7.36,13.7834904537824,13.6541103943112,13.3509330888065,13.3349731205148,60.3864020294151,59.6220965789493,-0.146076127954611,0,-0.146076127954611,0,-1,0
8.91,8.34,13.6952422243719,13.7834904537824,13.8080502518673,13.3509330888065,60.7830000019163,60.3864020294151,0.541858599931217,0,0.541858599931217,0,0,0
9.13,8.91,13.5016814003784,13.6952422243719,13.8626434967553,13.8080502518673,60.8892897097491,60.7830000019163,-0.624837717399792,0,-0.624837717399792,0,0,0
9.37,9.13,13.4739567507627,13.5016814003784,14.0430083040642,13.8626434967553,61.1561950692513,60.8892897097491,5.29167397660498,0,5.29167397660498,0,0,-1
10.13,9.37,12.8795230283579,13.4739567507627,14.4092356703698,14.0430083040642,64.1489619655222,61.1561950692513,-3.44916572281051,0,-3.44916572281051,0,-1,0
10.52,10.13,12.986621886812,12.8795230283579,13.9879265575073,14.4092356703698,64.5043438224712,64.1489619655222,-2.73710325735289,0,-2.73710325735289,0,1,1
17.94,10.52,13.8658997423264,12.986621886812,18.1203508657663,13.9879265575073,63.9136510525202,64.5043438224712,-1.87338904480528,0,-1.87338904480528,0,0,0
18.69,17.94,13.684525201934,13.8658997423264,19.7933163519893,18.1203508657663,60.5100759043785,63.9136510525202,2.73143325452513,0,2.73143325452513,0,0,0
18.15,18.69,13.7563499277709,13.684525201934,19.9587590240159,19.7933163519893,59.4781653007619,60.5100759043785,-0.724260211531156,0,-0.724260211531156,0,0,0
16.85,18.15,14.5096200166001,13.7563499277709,18.6967044727937,19.9587590240159,58.779005906081,59.4781653007619,2.8657128594502,0,2.8657128594502,0,0,0
15.84,16.85,14.2209438140575,14.5096200166001,16.3892406800472,18.6967044727937,58.6914305531255,58.779005906081,-0.506434658915303,0,-0.506434658915303,0,0,0
14.51,15.84,14.2508524527224,14.2209438140575,16.690904272594,16.3892406800472,58.6072475021279,58.6914305531255,-0.921732476157693,0,-0.921732476157693,0,0,0
14,14.51,14.2230348192906,14.2508524527224,16.5096821134399,16.690904272594,58.8207982890876,58.6072475021279,-0.176982568817097,0,-0.176982568817097,0,0,1
13.51,14,14.069581953462,14.2230348192906,16.1951582030827,16.5096821134399,60.7338767705944,58.8207982890876,-0.00987692322549982,0,-0.00987692322549982,0,0,-1
12.88,13.51,14.3919122446879,14.069581953462,16.71297958833,16.1951582030827,60.4147659159255,60.7338767705944,-2.08697942896877,0,-2.08697942896877,0,1,0
12.99,12.88,14.1327554178753,14.3919122446879,17.6680490725297,16.71297958833,60.1952268004234,60.4147659159255,1.48234527551285,0,1.48234527551285,0,-1,0
12.44,12.99,14.2455454812142,14.1327554178753,17.0309288190877,17.6680490725297,60.1705859034694,60.1952268004234,-0.0858261368690396,0,-0.0858261368690396,0,0,0
11.48,12.44,14.0937188636623,14.2455454812142,16.7635658867839,17.0309288190877,60.0627692235953,60.1705859034694,0.0855621893392779,0,0.0855621893392779,0,0,0
4.17,11.48,13.8866222381866,14.0937188636623,16.6249692674196,16.7635658867839,60.7152609723869,60.0627692235953,-0.0694924849490306,0,-0.0694924849490306,0,0,1
3.51000000000001,4.17,13.7282187025894,13.8866222381866,16.5113108637951,16.6249692674196,60.1047623727353,60.7152609723869,-0.0150522367082608,0,-0.0150522367082608,0,0,0
3.56,3.51000000000001,13.0110715880441,13.7282187025894,17.1373561513189,16.5113108637951,60.7089182346691,60.1047623727353,0.757592946502786,0,0.757592946502786,0,1,-1
4.33,3.56,13.0272793398921,13.0110715880441,16.9176111586737,17.1373561513189,61.6782717404232,60.7089182346691,2.4972290169703,0,2.4972290169703,0,-1,1
5.06,4.33,12.7437621488073,13.0272793398921,16.6605270012424,16.9176111586737,64.7283467827767,61.6782717404232,-1.84168907065787,0,-1.84168907065787,0,1,-1
6.33,5.06,12.6100919723013,12.7437621488073,17.205103233072,16.6605270012424,66.1561537879731,64.7283467827767,0.850895361256956,0,0.850895361256956,0,0,0
7.64,6.33,12.5912444259913,12.6100919723013,18.6900855279542,17.205103233072,67.3162964981639,66.1561537879731,-3.24247020059627,0,-3.24247020059627,0,-1,1
8.55,7.64,12.477726879066,12.5912444259913,18.981610214646,18.6900855279542,65.0028086069317,67.3162964981639,2.21008655524883,0,2.21008655524883,0,0,-1
10.02,8.55,12.565540598158,12.477726879066,20.937505709335,18.981610214646,65.1825891912362,65.0028086069317,-2.2378425154308,0,-2.2378425154308,0,1,0
10.07,10.02,12.7192671229026,12.565540598158,21.0448613057604,20.937505709335,63.264208782681,65.1825891912362,1.51933748883128,0,1.51933748883128,0,-1,0
9.84,10.07,12.8483556829617,12.7192671229026,23.973577851403,21.0448613057604,65.5762936190505,63.264208782681,-0.0387339306838328,0,-0.0387339306838328,0,0,0
9.94,9.84,12.6946128496777,12.8483556829617,24.6947144100116,23.973577851403,65.1623553062864,65.5762936190505,-1.74209617894006,0,-1.74209617894006,0,0,1
9.78,9.94,12.6311221384268,12.6946128496777,24.1153743567626,24.6947144100116,65.2065345314554,65.1623553062864,1.37820301786078,0,1.37820301786078,0,0,0
9.47,9.78,12.6367204702983,12.6311221384268,23.9988065362088,24.1153743567626,66.5879365729543,65.2065345314554,-0.147723243239266,0,-0.147723243239266,0,0,0
10,9.47,12.244345010324,12.6367204702983,25.2547820377544,23.9988065362088,66.5501412995104,66.5879365729543,1.99752624521402,0,1.99752624521402,0,1,-1
9.79000000000001,10,12.4523843480716,12.244345010324,25.0342032086849,25.2547820377544,66.7700747693789,66.5501412995104,-3.32207411321289,0,-3.32207411321289,0,-1,1
10.77,9.79000000000001,11.3534175976786,12.4523843480716,25.5415235090464,25.0342032086849,64.7565212168659,66.7700747693789,2.57929124483088,0,2.57929124483088,0,1,-1
10.52,10.77,11.3221870805074,11.3534175976786,27.6667393830853,25.5415235090464,64.6752080018555,64.7565212168659,1.37150917776396,0,1.37150917776396,0,0,0
9.81999999999999,10.52,11.3500755504103,11.3221870805074,27.4658687479916,27.6667393830853,63.9976609348912,64.6752080018555,-1.69837436785221,0,-1.69837436785221,0,0,-1
9.56,9.81999999999999,11.2233455993012,11.3500755504103,27.8310867427625,27.4658687479916,59.9490213097984,63.9976609348912,-0.0926841374253904,0,-0.0926841374253904,0,-2,1
8.88,9.56,11.3690471060481,11.2233455993012,32.1358241778032,27.8310867427625,56.5376209736416,59.9490213097984,0.0683155196827663,0,0.0683155196827663,0,1,-1
8.75,8.88,12.1477911749459,11.3690471060481,30.1725990211801,32.1358241778032,53.9503552816657,56.5376209736416,0.0971594068581645,0,0.0971594068581645,0,-1,1
9.43000000000001,8.75,12.1054556375212,12.1477911749459,31.8318081817442,30.1725990211801,53.5180584257002,53.9503552816657,0.167552665291165,0,0.167552665291165,0,2,0
9.45,9.43000000000001,12.3996016553867,12.1054556375212,32.6742045134623,31.8318081817442,52.7822573737038,53.5180584257002,-0.199229542945385,0,-0.199229542945385,0,-1,1
10.25,9.45,12.6814217316978,12.3996016553867,33.1365997580423,32.6742045134623,52.0471412648922,52.7822573737038,0.230801283085562,0,0.230801283085562,0,0,-1
10.21,10.25,12.6150043093008,12.6814217316978,31.1567922292851,33.1365997580423,52.2049165485465,52.0471412648922,-0.910546663580597,0,-0.910546663580597,0,0,0
9.17,10.21,12.75323176685,12.6150043093008,31.064285014827,31.1567922292851,51.7396191395213,52.2049165485465,-1.10175622401147,0,-1.10175622401147,0,1,0
9.2,9.17,13.1647870118724,12.75323176685,30.7658516671876,31.064285014827,50.9830987975726,51.7396191395213,1.65838241362351,0,1.65838241362351,0,-1,0
8.43000000000001,9.2,12.1964599051462,13.1647870118724,30.7073338884855,30.7658516671876,50.1690312767314,50.9830987975726,-0.694869746936615,0,-0.694869746936615,0,-1,0
7.97,8.43000000000001,12.2644341124215,12.1964599051462,29.8595278939043,30.7073338884855,50.3516104923374,50.1690312767314,0.241865546751328,0,0.241865546751328,0,2,1
7.67,7.97,12.322444402262,12.2644341124215,28.5904146539373,29.8595278939043,49.7625973796064,50.3516104923374,0.47542100114168,0,0.47542100114168,0,-1,-1
6.23,0,13.4250887479343,0,15.3840044162492,0,54.0302819700879,0,-0.233318385153751,0,0,0,1,0
6.06,6.23,13.4629785932263,13.4250887479343,15.2528480661241,15.3840044162492,53.8719279628471,54.0302819700879,0.0463141473731241,0,0,0,-1,0
6,6.06,13.3121142338441,13.4629785932263,15.2882951195529,15.2528480661241,52.6487221392106,53.8719279628471,-0.35785203631988,0,0,0,0,1
5.83,6,13.2762805829939,13.3121142338441,15.4727654339399,15.2882951195529,52.7202489255026,52.6487221392106,-0.084639006412992,0,0,0,0,-1
5.18000000000001,5.83,13.0926092186492,13.2762805829939,15.2231456119424,15.4727654339399,53.7085588699055,52.7202489255026,0.224833048530936,0,0,0,0,0
5.19,5.18000000000001,13.3857224080214,13.0926092186492,15.1970116658706,15.2231456119424,55.3920885735835,53.7085588699055,-0.0873685308722294,0,0,0,0,0
4.59999999999999,5.19,13.4233392572171,13.3857224080214,14.8490149573469,15.1970116658706,56.1051566503951,55.3920885735835,-0.544289851517746,0,0,0,1,0
4.23,4.59999999999999,13.5913834543032,13.4233392572171,14.6979519127749,14.8490149573469,56.5953624700172,56.1051566503951,0.234458260675932,0,0,0,-1,0
3.68000000000001,4.23,13.4943426995324,13.5913834543032,14.8769946135038,14.6979519127749,55.8118139251778,56.5953624700172,0.604131732419482,0,0,0,0,0
3.43000000000001,3.68000000000001,13.5565535004222,13.4943426995324,14.6282978592182,14.8769946135038,55.6319545298955,55.8118139251778,0.224298545394849,0,0,0,0,0
2.84999999999999,3.43000000000001,13.4193556736403,13.5565535004222,14.3526188394145,14.6282978592182,55.528002145053,55.6319545298955,-0.172903457899903,0,0,0,0,0
2.15000000000001,2.84999999999999,13.4255128831737,13.4193556736403,14.429946297853,14.3526188394145,57.8282441663903,55.528002145053,-0.295709351634354,0,0,0,0,-1
2.22,2.15000000000001,13.4955481475891,13.4255128831737,14.4530224107905,14.429946297853,57.9806200318335,57.8282441663903,-0.119794702308202,0,0,0,-1,1
2.87,2.22,13.2290645947082,13.4955481475891,13.8987720767826,14.4530224107905,58.4410175327757,57.9806200318335,0.292313451931442,0,0,0,1,0
3.52,2.87,14.0070263133481,13.2290645947082,14.1824208788746,13.8987720767826,57.0688086948242,58.4410175327757,-1.92325516729135,0,0,0,0,0
3.18000000000001,3.52,14.024427094378,14.0070263133481,13.9530479216709,14.1824208788746,56.6817774910478,57.0688086948242,0.637065780499267,0,0,0,0,0
3.68000000000001,3.18000000000001,14.181262195669,14.024427094378,13.6992455409285,13.9530479216709,56.9292601382728,56.6817774910478,0.0708645063531286,0,0,0,0,-1
3.92,3.68000000000001,14.1518680296818,14.181262195669,13.5182498628886,13.6992455409285,56.8716018887108,56.9292601382728,-0.442791343315005,0,0,0,-1,1
4.48,3.92,14.0313476260147,14.1518680296818,13.4091667527283,13.5182498628886,57.9888148447763,56.8716018887108,-0.122485714305558,0,0,0,1,0
4.44,4.48,14.2602567989867,14.0313476260147,13.3287488615974,13.4091667527283,58.790793587257,57.9888148447763,-0.34995749061331,0,0,0,0,0
5.06,4.44,13.6885174185993,14.2602567989867,13.0849194922536,13.3287488615974,58.3429261436653,58.790793587257,4.79853379400944,0,0,0,0,0
5.43000000000001,5.06,13.8661731200283,13.6885174185993,13.2332594837795,13.0849194922536,58.7492117424815,58.3429261436653,-3.14136377945639,0,0,0,0,0
5.79000000000001,5.43000000000001,13.8678146465599,13.8661731200283,12.9222822120518,13.2332594837795,58.8358813849791,58.7492117424815,-0.558636367477391,0,0,0,0,0
6.34,5.79000000000001,13.8720811904578,13.8678146465599,12.9722986362746,12.9222822120518,60.2431071241767,58.8358813849791,0.0136584634519359,0,0,0,0,0
6.98999999999999,6.34,13.8386564341465,13.8720811904578,12.7765577110631,12.9722986362746,60.7746666198178,60.2431071241767,0.354806192694786,0,0,0,0,1
6.64,6.98999999999999,13.9075039758417,13.8386564341465,12.7364871444415,12.7765577110631,61.4850744540819,60.7746666198178,-0.525692826875712,0,0,0,0,-1
6.53,6.64,14.0330758244054,13.9075039758417,12.5776694937756,12.7364871444415,61.6473069629009,61.4850744540819,0.853238759669049,0,0,0,0,0
7.2,6.53,13.4615542300197,14.0330758244054,12.7659117414412,12.5776694937756,62.2930867025887,61.6473069629009,0.223469131078785,0,0,0,1,1
7.76000000000001,7.2,13.856872294249,13.4615542300197,12.8663499352046,12.7659117414412,63.0113861313285,62.2930867025887,-0.955130924869447,0,0,0,-1,-1
7.56999999999999,7.76000000000001,13.639947425815,13.856872294249,13.0419511867016,12.8663499352046,63.3763318171354,63.0113861313285,0.0285164784650451,0,0,0,0,0
7.87000000000001,7.56999999999999,13.5414879731564,13.639947425815,13.001639621027,13.0419511867016,63.7451085610704,63.3763318171354,0.496396877265354,0,0,0,1,0
8.59999999999999,7.87000000000001,13.5869340420082,13.5414879731564,12.8468396355055,13.001639621027,64.0413580532021,63.7451085610704,-0.146076127954611,0,0,0,-1,0
9.63,8.59999999999999,13.521148088557,13.5869340420082,13.327543569285,12.8468396355055,63.4771147432277,64.0413580532021,0.541858599931217,0,0,0,0,0
9.77,9.63,13.3871718487101,13.521148088557,13.3189118869925,13.327543569285,62.8316440389623,63.4771147432277,-0.624837717399792,0,0,0,0,0
9.94,9.77,13.3596218012806,13.3871718487101,13.5659300810148,13.3189118869925,62.1409380755467,62.8316440389623,5.29167397660498,0,0,0,0,-1
10.18,9.94,12.8446127716648,13.3596218012806,14.0015888785218,13.5659300810148,64.8514137318395,62.1409380755467,-3.44916572281051,0,0,0,-1,0
10.28,10.18,13.3961921895608,12.8446127716648,14.0772600067586,14.0015888785218,65.4753694647127,64.8514137318395,-2.73710325735289,0,0,0,1,1
19.54,10.28,14.2692778491917,13.3961921895608,19.9582730087558,14.0772600067586,64.2447557253105,65.4753694647127,-1.87338904480528,0,0,0,0,0
21.46,19.54,14.0972046259945,14.2692778491917,22.1165605195247,19.9582730087558,62.156866176239,64.2447557253105,2.73143325452513,0,0,0,0,0
20.41,21.46,14.1662592438514,14.0972046259945,20.9302382760404,22.1165605195247,61.1779041161127,62.156866176239,-0.724260211531156,0,0,0,0,0
19.17,20.41,14.6924908468415,14.1662592438514,19.0116672420496,20.9302382760404,60.5771878467252,61.1779041161127,2.8657128594502,0,0,0,0,0
18.02,19.17,14.4736219153147,14.6924908468415,17.3501584924278,19.0116672420496,60.7451872622867,60.5771878467252,-0.506434658915303,0,0,0,0,0
16.78,18.02,14.4691963651167,14.4736219153147,17.0921753870994,17.3501584924278,60.6473375549164,60.7451872622867,-0.921732476157693,0,0,0,0,0
15.79,16.78,14.4436352362466,14.4691963651167,16.2795174403576,17.0921753870994,61.0991545622213,60.6473375549164,-0.176982568817097,0,0,0,0,1
14.1,15.79,14.3231892701193,14.4436352362466,16.233312350149,16.2795174403576,60.0521380378139,61.0991545622213,-0.00987692322549982,0,0,0,0,-1
13.58,14.1,14.546722816991,14.3231892701193,17.0193064407623,16.233312350149,60.2558334329267,60.0521380378139,-2.08697942896877,0,0,0,1,0
12.73,13.58,14.3709205563196,14.546722816991,17.2278169067764,17.0193064407623,59.3084987874945,60.2558334329267,1.48234527551285,0,0,0,-1,0
12.66,12.73,14.5174001136628,14.3709205563196,16.4267777255728,17.2278169067764,60.5589194128842,59.3084987874945,-0.0858261368690396,0,0,0,0,0
12.26,12.66,14.3680820177669,14.5174001136628,16.4134088190921,16.4267777255728,60.600091147059,60.5589194128842,0.0855621893392779,0,0,0,0,0
3.06999999999999,12.26,14.1541931333183,14.3680820177669,15.9421036228482,16.4134088190921,61.2189965005085,60.600091147059,-0.0694924849490306,0,0,0,0,1
0.909999999999997,3.06999999999999,14.0524251327952,14.1541931333183,15.994554024612,15.9421036228482,62.2530091361219,61.2189965005085,-0.0150522367082608,0,0,0,0,0
0.980000000000004,0.909999999999997,13.5073069790175,14.0524251327952,16.735957403459,15.994554024612,62.6796645945009,62.2530091361219,0.757592946502786,0,0,0,1,-1
1.67,0.980000000000004,13.5335692721714,13.5073069790175,16.2981858443545,16.735957403459,63.1986568230521,62.6796645945009,2.4972290169703,0,0,0,-1,1
2.97,1.67,13.2446575850197,13.5335692721714,15.9814709926114,16.2981858443545,63.4729072032027,63.1986568230521,-1.84168907065787,0,0,0,1,-1
4.2,2.97,13.1268780042241,13.2446575850197,16.7596069733393,15.9814709926114,65.0573034024007,63.4729072032027,0.850895361256956,0,0,0,0,0
5.43000000000001,4.2,13.0145777300196,13.1268780042241,17.8479618688637,16.7596069733393,66.4692019845605,65.0573034024007,-3.24247020059627,0,0,0,-1,1
6.23999999999999,5.43000000000001,12.7732971344245,13.0145777300196,19.120232126908,17.8479618688637,65.7946715020178,66.4692019845605,2.21008655524883,0,0,0,0,-1
7.02,6.23999999999999,12.8231103518563,12.7732971344245,20.5492365630164,19.120232126908,65.9281115432001,65.7946715020178,-2.2378425154308,0,0,0,1,0
7.62999999999999,7.02,12.8229256101037,12.8231103518563,20.9876152403475,20.5492365630164,64.4045873935183,65.9281115432001,1.51933748883128,0,0,0,-1,0
7.86,7.62999999999999,12.9029223679431,12.8229256101037,22.8455188195765,20.9876152403475,65.1720646532565,64.4045873935183,-0.0387339306838328,0,0,0,0,0
7.55,7.86,12.8171571987663,12.9029223679431,22.9905820624204,22.8455188195765,64.8701399197333,65.1720646532565,-1.74209617894006,0,0,0,0,1
7.81999999999999,7.55,12.7264144695013,12.8171571987663,22.7661167141929,22.9905820624204,65.1342374613963,64.8701399197333,1.37820301786078,0,0,0,0,0
7.65000000000001,7.81999999999999,12.7124648525206,12.7264144695013,21.9524325718268,22.7661167141929,63.5672621059185,65.1342374613963,-0.147723243239266,0,0,0,0,0
8.18000000000001,7.65000000000001,12.3331641751853,12.7124648525206,22.5322637150975,21.9524325718268,63.9764418303422,63.5672621059185,1.99752624521402,0,0,0,1,-1
8.45999999999999,8.18000000000001,12.4045990645115,12.3331641751853,23.5639239800028,22.5322637150975,64.5773149070863,63.9764418303422,-3.32207411321289,0,0,0,-1,1
9.39,8.45999999999999,11.4637808246758,12.4045990645115,23.8009832551538,23.5639239800028,64.0734829954508,64.5773149070863,2.57929124483088,0,0,0,1,-1
9.18000000000001,9.39,11.4210049323992,11.4637808246758,25.5906033987668,23.8009832551538,63.9215781601273,64.0734829954508,1.37150917776396,0,0,0,0,0
8.86,9.18000000000001,11.4230405206941,11.4210049323992,26.0766898990645,25.5906033987668,63.2518675161087,63.9215781601273,-1.69837436785221,0,0,0,0,-1
9.06999999999999,8.86,11.2565109679094,11.4230405206941,26.7702702377916,26.0766898990645,61.5248417514355,63.2518675161087,-0.0926841374253904,0,0,0,-2,1
9.34,9.06999999999999,11.4173766553524,11.2565109679094,27.4513282587767,26.7702702377916,58.4328517685408,61.5248417514355,0.0683155196827663,0,0,0,1,-1
9.97,9.34,12.0641170559846,11.4173766553524,27.1071091076308,27.4513282587767,56.2967692665947,58.4328517685408,0.0971594068581645,0,0,0,-1,1
10.47,9.97,12.0413447484583,12.0641170559846,29.6490744807713,27.1071091076308,57.6767894341976,56.2967692665947,0.167552665291165,0,0,0,2,0
11.08,10.47,12.3292518482249,12.0413447484583,31.7557473773663,29.6490744807713,56.8061594218995,57.6767894341976,-0.199229542945385,0,0,0,-1,1
11.53,11.08,12.6056576240885,12.3292518482249,31.1382234714255,31.7557473773663,56.1907282367058,56.8061594218995,0.230801283085562,0,0,0,0,-1
11.86,11.53,12.5215840329285,12.6056576240885,28.4677568901914,31.1382234714255,54.5662057522015,56.1907282367058,-0.910546663580597,0,0,0,0,0
11.46,11.86,12.5815958852108,12.5215840329285,27.6979356405956,28.4677568901914,53.9778752204372,54.5662057522015,-1.10175622401147,0,0,0,1,0
10.79,11.46,13.0213906373202,12.5815958852108,27.0824618301032,27.6979356405956,53.3347868651565,53.9778752204372,1.65838241362351,0,0,0,-1,0
9.75,10.79,12.1727610714458,13.0213906373202,26.4311203044767,27.0824618301032,52.260460718199,53.3347868651565,-0.694869746936615,0,0,0,-1,0
9.44,9.75,12.1874019340655,12.1727610714458,25.3381402059878,26.4311203044767,52.2626549099991,52.260460718199,0.241865546751328,0,0,0,2,1
9.02,9.44,12.3182783831225,12.1874019340655,22.6658074222091,25.3381402059878,51.882163877624,52.2626549099991,0.47542100114168,0,0,0,-1,-1
5.86,0,13.5782699123893,0,14.8876011812304,0,57.1908301257085,0,-0.233318385153751,0,-0.233318385153751,0,1,0
6.09,5.86,13.5499829140559,13.5782699123893,14.8314824769442,14.8876011812304,56.962312768544,57.1908301257085,0.0463141473731241,0,0.0463141473731241,0,-1,0
6.31,6.09,13.4502489905373,13.5499829140559,14.9166165822905,14.8314824769442,55.7127161140082,56.962312768544,-0.35785203631988,0,-0.35785203631988,0,0,1
6.04000000000001,6.31,13.4123989922676,13.4502489905373,15.1159626590076,14.9166165822905,55.3917919122966,55.7127161140082,-0.084639006412992,0,-0.084639006412992,0,0,-1
6.22,6.04000000000001,13.1417937524918,13.4123989922676,14.9691624560822,15.1159626590076,55.4065828088024,55.3917919122966,0.224833048530936,0,0.224833048530936,0,0,0
6.12999999999999,6.22,13.4082325530816,13.1417937524918,14.9502032694471,14.9691624560822,54.1340314213701,55.4065828088024,-0.0873685308722294,0,-0.0873685308722294,0,0,0
6.45,6.12999999999999,13.4977157858012,13.4082325530816,14.667087331828,14.9502032694471,54.332841960022,54.1340314213701,-0.544289851517746,0,-0.544289851517746,0,1,0
5.37999999999999,6.45,13.7004780375501,13.4977157858012,14.4363515158449,14.667087331828,54.7366819947673,54.332841960022,0.234458260675932,0,0.234458260675932,0,-1,0
4.87000000000001,5.37999999999999,13.6012918201251,13.7004780375501,14.7807046202117,14.4363515158449,53.7672787730927,54.7366819947673,0.604131732419482,0,0.604131732419482,0,0,0
4.47,4.87000000000001,13.6187759641166,13.6012918201251,14.4345812686963,14.7807046202117,53.785923822058,53.7672787730927,0.224298545394849,0,0.224298545394849,0,0,0
4.08,4.47,13.5005798614093,13.6187759641166,14.2695706614723,14.4345812686963,54.1404021289815,53.785923822058,-0.172903457899903,0,-0.172903457899903,0,0,0
3.47,4.08,13.4453109435149,13.5005798614093,14.3615987539374,14.2695706614723,56.7650026752332,54.1404021289815,-0.295709351634354,0,-0.295709351634354,0,0,-1
3.27,3.47,13.5743618530504,13.4453109435149,14.2768696672494,14.3615987539374,56.8942018753752,56.7650026752332,-0.119794702308202,0,-0.119794702308202,0,-1,1
3.06,3.27,13.3540371203528,13.5743618530504,13.8658403508391,14.2768696672494,57.2500749928934,56.8942018753752,0.292313451931442,0,0.292313451931442,0,1,0
3.93000000000001,3.06,14.2401977194981,13.3540371203528,13.8346876901701,13.8658403508391,57.2080252978267,57.2500749928934,-1.92325516729135,0,-1.92325516729135,0,0,0
4.26000000000001,3.93000000000001,14.2083413903955,14.2401977194981,13.9228477385636,13.8346876901701,56.9765653481651,57.2080252978267,0.637065780499267,0,0.637065780499267,0,0,0
3.53,4.26000000000001,14.3689255134586,14.2083413903955,13.6617316686321,13.9228477385636,56.9814577418116,56.9765653481651,0.0708645063531286,0,0.0708645063531286,0,0,-1
3.47,3.53,14.2775964523508,14.3689255134586,13.3509784046837,13.6617316686321,55.7058430207476,56.9814577418116,-0.442791343315005,0,-0.442791343315005,0,-1,1
3.48999999999999,3.47,14.1377432503461,14.2775964523508,13.4089498396301,13.3509784046837,56.3726626025506,55.7058430207476,-0.122485714305558,0,-0.122485714305558,0,1,0
3.84999999999999,3.48999999999999,14.3644787760972,14.1377432503461,13.27905555007,13.4089498396301,56.9562144665416,56.3726626025506,-0.34995749061331,0,-0.34995749061331,0,0,0
4.06,3.84999999999999,13.715996774203,14.3644787760972,13.164601999398,13.27905555007,56.791260766045,56.9562144665416,4.79853379400944,0,4.79853379400944,0,0,0
4.8,4.06,13.8651049722912,13.715996774203,13.1254970384562,13.164601999398,56.8151408233009,56.791260766045,-3.14136377945639,0,-3.14136377945639,0,0,0
5.09,4.8,13.9140637420675,13.8651049722912,13.0096094812135,13.1254970384562,56.5211145319897,56.8151408233009,-0.558636367477391,0,-0.558636367477391,0,0,0
5.37000000000001,5.09,13.9352066261645,13.9140637420675,12.8438996182895,13.0096094812135,58.0771461649584,56.5211145319897,0.0136584634519359,0,0.0136584634519359,0,0,0
6.19,5.37000000000001,13.9012399339145,13.9352066261645,12.6878657879056,12.8438996182895,58.5447244227804,58.0771461649584,0.354806192694786,0,0.354806192694786,0,0,1
6.81999999999999,6.19,14.00094760059,13.9012399339145,12.6480960243473,12.6878657879056,59.5734829363524,58.5447244227804,-0.525692826875712,0,-0.525692826875712,0,0,-1
6.01000000000001,6.81999999999999,14.1427542913547,14.00094760059,12.3844183742785,12.6480960243473,60.6491640514147,59.5734829363524,0.853238759669049,0,0.853238759669049,0,0,0
6.19,6.01000000000001,13.4982062837528,14.1427542913547,12.7091417059324,12.3844183742785,61.9309022644284,60.6491640514147,0.223469131078785,0,0.223469131078785,0,1,1
6.53,6.19,13.9787539302565,13.4982062837528,12.7645645709745,12.7091417059324,62.7310710000387,61.9309022644284,-0.955130924869447,0,-0.955130924869447,0,-1,-1
6.7,6.53,13.805197371145,13.9787539302565,12.9333949588759,12.7645645709745,63.25346152137,62.7310710000387,0.0285164784650451,0,0.0285164784650451,0,0,0
6.98,6.7,13.7151560346241,13.805197371145,12.9286647824681,12.9333949588759,64.3330530405992,63.25346152137,0.496396877265354,0,0.496396877265354,0,1,0
7.52,6.98,13.8049399963593,13.7151560346241,13.0149631774128,12.9286647824681,65.0857526271268,64.3330530405992,-0.146076127954611,0,-0.146076127954611,0,-1,0
8.26000000000001,7.52,13.7284704462142,13.8049399963593,13.4574921453254,13.0149631774128,65.1872976225785,65.0857526271268,0.541858599931217,0,0.541858599931217,0,0,0
8.68000000000001,8.26000000000001,13.5508395933022,13.7284704462142,13.5308868393069,13.4574921453254,64.4988086299745,65.1872976225785,-0.624837717399792,0,-0.624837717399792,0,0,0
8.87,8.68000000000001,13.5116323433268,13.5508395933022,13.5796667448033,13.5308868393069,64.5908483995059,64.4988086299745,5.29167397660498,0,5.29167397660498,0,0,-1
9.38,8.87,12.934958720196,13.5116323433268,13.9160136829646,13.5796667448033,65.7810322392816,64.5908483995059,-3.44916572281051,0,-3.44916572281051,0,-1,0
9.48,9.38,13.2236223019018,12.934958720196,13.5000161944496,13.9160136829646,66.0511067624493,65.7810322392816,-2.73710325735289,0,-2.73710325735289,0,1,1
17.04,9.48,14.1354272500649,13.2236223019018,18.4572675520638,13.5000161944496,64.6483816826811,66.0511067624493,-1.87338904480528,0,-1.87338904480528,0,0,0
18.98,17.04,13.9083758250936,14.1354272500649,19.8583514173038,18.4572675520638,61.7071087961636,64.6483816826811,2.73143325452513,0,2.73143325452513,0,0,0
18.5,18.98,13.9698568880668,13.9083758250936,19.3518312452848,19.8583514173038,60.7975831612519,61.7071087961636,-0.724260211531156,0,-0.724260211531156,0,0,0
18.74,18.5,14.6565456983383,13.9698568880668,18.247002437421,19.3518312452848,60.414353565298,60.7975831612519,2.8657128594502,0,2.8657128594502,0,0,0
18.11,18.74,14.3893970194242,14.6565456983383,16.3150366716577,18.247002437421,60.8779349958174,60.414353565298,-0.506434658915303,0,-0.506434658915303,0,0,0
16.75,18.11,14.4432001379237,14.3893970194242,16.0895181230518,16.3150366716577,60.6624317590439,60.8779349958174,-0.921732476157693,0,-0.921732476157693,0,0,0
16.23,16.75,14.4422462651724,14.4432001379237,16.3562965492578,16.0895181230518,60.9531318737993,60.6624317590439,-0.176982568817097,0,-0.176982568817097,0,0,1
15.39,16.23,14.3335347934213,14.4422462651724,15.8617667421573,16.3562965492578,59.3997880433562,60.9531318737993,-0.00987692322549982,0,-0.00987692322549982,0,0,-1
14.76,15.39,14.6060480548144,14.3335347934213,16.2614873350062,15.8617667421573,59.3271787961787,59.3997880433562,-2.08697942896877,0,-2.08697942896877,0,1,0
14.65,14.76,14.3695604429533,14.6060480548144,16.8042593745556,16.2614873350062,59.2381588142382,59.3271787961787,1.48234527551285,0,1.48234527551285,0,-1,0
14.21,14.65,14.5088292431192,14.3695604429533,16.6717891584078,16.8042593745556,61.158471906437,59.2381588142382,-0.0858261368690396,0,-0.0858261368690396,0,0,0
13.06,14.21,14.3575411664261,14.5088292431192,16.3587571327782,16.6717891584078,60.9529438294975,61.158471906437,0.0855621893392779,0,0.0855621893392779,0,0,0
5.31,13.06,14.147074153076,14.3575411664261,16.1768994651922,16.3587571327782,61.4397296778446,60.9529438294975,-0.0694924849490306,0,-0.0694924849490306,0,0,1
3.41,5.31,13.9867509848758,14.147074153076,16.1646079287767,16.1768994651922,61.1046668964473,61.4397296778446,-0.0150522367082608,0,-0.0150522367082608,0,0,0
3.47,3.41,13.3090687848348,13.9867509848758,16.5256831491541,16.1646079287767,61.6085112762935,61.1046668964473,0.757592946502786,0,0.757592946502786,0,1,-1
3.77,3.47,13.3212118395441,13.3090687848348,16.4921473165744,16.5256831491541,62.2977036239115,61.6085112762935,2.4972290169703,0,2.4972290169703,0,-1,1
4.23,3.77,13.0531964644044,13.3212118395441,16.0228966989744,16.4921473165744,61.9000309009621,62.2977036239115,-1.84168907065787,0,-1.84168907065787,0,1,-1
5.12000000000001,4.23,12.9286692812171,13.0531964644044,16.7240601153402,16.0228966989744,63.1677774765786,61.9000309009621,0.850895361256956,0,0.850895361256956,0,0,0
6.56999999999999,5.12000000000001,12.8640513028918,12.9286692812171,18.5438360384595,16.7240601153402,64.2188671276735,63.1677774765786,-3.24247020059627,0,-3.24247020059627,0,-1,1
7.47,6.56999999999999,12.6742581578696,12.8640513028918,19.4504254069566,18.5438360384595,64.0800865754203,64.2188671276735,2.21008655524883,0,2.21008655524883,0,0,-1
8.09999999999999,7.47,12.7352386865418,12.6742581578696,20.4107585202569,19.4504254069566,64.1785380982098,64.0800865754203,-2.2378425154308,0,-2.2378425154308,0,1,0
8.20999999999999,8.09999999999999,12.8358588763944,12.7352386865418,21.137885757526,20.4107585202569,62.8356891002326,64.1785380982098,1.51933748883128,0,1.51933748883128,0,-1,0
8.45999999999999,8.20999999999999,12.9459394046815,12.8358588763944,23.327606066472,21.137885757526,64.2028840343981,62.8356891002326,-0.0387339306838328,0,-0.0387339306838328,0,0,0
9.8,8.45999999999999,12.8084549477824,12.9459394046815,24.2696669860912,23.327606066472,63.7709377477522,64.2028840343981,-1.74209617894006,0,-1.74209617894006,0,0,1
8.95,9.8,12.7070091954929,12.8084549477824,23.4962937913329,24.2696669860912,63.3643311975815,63.7709377477522,1.37820301786078,0,1.37820301786078,0,0,0
9.40000000000001,8.95,12.6988594263998,12.7070091954929,23.4167833972995,23.4962937913329,62.8824107804898,63.3643311975815,-0.147723243239266,0,-0.147723243239266,0,0,0
9.22,9.40000000000001,12.318519805782,12.6988594263998,23.662735332634,23.4167833972995,62.8535693758532,62.8824107804898,1.99752624521402,0,1.99752624521402,0,1,-1
8.94,9.22,12.4461027619954,12.318519805782,23.982408517293,23.662735332634,63.3787599799163,62.8535693758532,-3.32207411321289,0,-3.32207411321289,0,-1,1
10.3,8.94,11.4175272085164,12.4461027619954,24.9575064104047,23.982408517293,62.1829457318191,63.3787599799163,2.57929124483088,0,2.57929124483088,0,1,-1
9.45,10.3,11.3803965771218,11.4175272085164,26.8568114344705,24.9575064104047,62.2331343338821,62.1829457318191,1.37150917776396,0,1.37150917776396,0,0,0
9.09,9.45,11.3847406125389,11.3803965771218,27.195111539857,26.8568114344705,61.7138345660186,62.2331343338821,-1.69837436785221,0,-1.69837436785221,0,0,-1
8.25,9.09,11.2451968130391,11.3847406125389,27.9656565626668,27.195111539857,59.5676801208967,61.7138345660186,-0.0926841374253904,0,-0.0926841374253904,0,-2,1
8.23999999999999,8.25,11.415456222323,11.2451968130391,29.7979699292846,27.9656565626668,56.9645189118884,59.5676801208967,0.0683155196827663,0,0.0683155196827663,0,1,-1
8.70999999999999,8.23999999999999,12.1302339732509,11.415456222323,30.7585607209051,29.7979699292846,54.8349547825809,56.9645189118884,0.0971594068581645,0,0.0971594068581645,0,-1,1
9.36,8.70999999999999,12.1284121647718,12.1302339732509,30.7568980440478,30.7585607209051,55.6973656747596,54.8349547825809,0.167552665291165,0,0.167552665291165,0,2,0
8.79000000000001,9.36,12.4219975257325,12.1284121647718,32.2079614575137,30.7568980440478,54.8872167603422,55.6973656747596,-0.199229542945385,0,-0.199229542945385,0,-1,1
9.81,8.79000000000001,12.6951011172111,12.4219975257325,32.7531011192596,32.2079614575137,54.7043384395955,54.8872167603422,0.230801283085562,0,0.230801283085562,0,0,-1
9.84,9.81,12.6430186727614,12.6951011172111,30.4534484790329,32.7531011192596,53.9102870891953,54.7043384395955,-0.910546663580597,0,-0.910546663580597,0,0,0
9.95,9.84,12.7519408418619,12.6430186727614,30.6568274406279,30.4534484790329,53.4795314557176,53.9102870891953,-1.10175622401147,0,-1.10175622401147,0,1,0
9.58,9.95,13.189691066598,12.7519408418619,29.8169088433369,30.6568274406279,52.7240809190056,53.4795314557176,1.65838241362351,0,1.65838241362351,0,-1,0
7.97,9.58,12.2539579887976,13.189691066598,29.9185377624369,29.8169088433369,51.9823859279116,52.7240809190056,-0.694869746936615,0,-0.694869746936615,0,-1,0
8.45,7.97,12.288897525868,12.2539579887976,28.1397569356004,29.9185377624369,52.0357569508703,51.9823859279116,0.241865546751328,0,0.241865546751328,0,2,1
7.65000000000001,8.45,12.3421959679211,12.288897525868,26.9516324728621,28.1397569356004,51.7126041711556,52.0357569508703,0.47542100114168,0,0.47542100114168,0,-1,-1
5.06999999999999,0,14.3257871607834,0,16.3978304008817,0,34.0474433579368,0,-0.233318385153751,0,0,0,1,0
5.56,5.06999999999999,14.3283119071983,14.3257871607834,16.1206528012984,16.3978304008817,34.6426849748669,34.0474433579368,0.0463141473731241,0,0,0,-1,0
5.65000000000001,5.56,14.2531986173138,14.3283119071983,16.3373132710796,16.1206528012984,35.4756588681882,34.6426849748669,-0.35785203631988,0,0,0,0,1
6.12000000000001,5.65000000000001,14.2342393371485,14.2531986173138,16.0934206695505,16.3373132710796,35.7040510402579,35.4756588681882,-0.084639006412992,0,0,0,0,-1
5.02,6.12000000000001,13.7581109161272,14.2342393371485,15.9889264155571,16.0934206695505,35.8024343110984,35.7040510402579,0.224833048530936,0,0,0,0,0
4.81,5.02,14.0590392219396,13.7581109161272,15.8076301879156,15.9889264155571,34.5444847698475,35.8024343110984,-0.0873685308722294,0,0,0,0,0
4.68000000000001,4.81,14.4905929900143,14.0590392219396,15.7639624475533,15.8076301879156,34.8933876646441,34.5444847698475,-0.544289851517746,0,0,0,1,0
4.66,4.68000000000001,14.5938114824018,14.4905929900143,15.7159643340569,15.7639624475533,35.157992476268,34.8933876646441,0.234458260675932,0,0,0,-1,0
4.89,4.66,14.5427165778697,14.5938114824018,15.8751560184116,15.7159643340569,36.3298790616689,35.157992476268,0.604131732419482,0,0,0,0,0
4.39,4.89,14.5833525173408,14.5427165778697,15.4244465382361,15.8751560184116,36.5202343962354,36.3298790616689,0.224298545394849,0,0,0,0,0
3.69,4.39,14.3483942138915,14.5833525173408,15.299399207482,15.4244465382361,36.5435611445531,36.5202343962354,-0.172903457899903,0,0,0,0,0
3.03,3.69,14.2750526440787,14.3483942138915,15.3914396398338,15.299399207482,37.3343138322198,36.5435611445531,-0.295709351634354,0,0,0,0,-1
2.70999999999999,3.03,14.3997580586959,14.2750526440787,15.4556362374787,15.3914396398338,37.4204290590858,37.3343138322198,-0.119794702308202,0,0,0,-1,1
2.84,2.70999999999999,14.0683599210266,14.3997580586959,15.3632651367858,15.4556362374787,37.6956625302209,37.4204290590858,0.292313451931442,0,0,0,1,0
3.56999999999999,2.84,14.8242953741024,14.0683599210266,15.850688111403,15.3632651367858,35.8395816614659,37.6956625302209,-1.92325516729135,0,0,0,0,0
3.14,3.56999999999999,14.5011998074256,14.8242953741024,14.9996801247003,15.850688111403,35.2485890586452,35.8395816614659,0.637065780499267,0,0,0,0,0
3.56999999999999,3.14,14.6504511050129,14.5011998074256,14.8918460288539,14.9996801247003,35.2171311299873,35.2485890586452,0.0708645063531286,0,0,0,0,-1
3.5,3.56999999999999,14.6342998996628,14.6504511050129,14.5439279963075,14.8918460288539,34.4199185601032,35.2171311299873,-0.442791343315005,0,0,0,-1,1
3.79000000000001,3.5,14.4614250677875,14.6342998996628,14.1851369917082,14.5439279963075,34.977295725313,34.4199185601032,-0.122485714305558,0,0,0,1,0
4.26000000000001,3.79000000000001,14.7230599072285,14.4614250677875,14.4262982012929,14.1851369917082,35.1656191634232,34.977295725313,-0.34995749061331,0,0,0,0,0
4.47,4.26000000000001,14.1379855360859,14.7230599072285,14.2515509485467,14.4262982012929,35.9573644907286,35.1656191634232,4.79853379400944,0,0,0,0,0
4.87000000000001,4.47,14.2972878759262,14.1379855360859,14.5243864475337,14.2515509485467,36.2584867806866,35.9573644907286,-3.14136377945639,0,0,0,0,0
5.39,4.87000000000001,14.192179401858,14.2972878759262,14.1411030502864,14.5243864475337,36.3861204127698,36.2584867806866,-0.558636367477391,0,0,0,0,0
5.48999999999999,5.39,14.2773520318042,14.192179401858,14.3251653471486,14.1411030502864,37.6610819377991,36.3861204127698,0.0136584634519359,0,0,0,0,0
6.16,5.48999999999999,14.2277042972955,14.2773520318042,13.9086834141532,14.3251653471486,38.0140422343248,37.6610819377991,0.354806192694786,0,0,0,0,1
6.83,6.16,14.2622477388547,14.2277042972955,13.5229486512526,13.9086834141532,38.4674606120734,38.0140422343248,-0.525692826875712,0,0,0,0,-1
6.37000000000001,6.83,14.3939391987739,14.2622477388547,12.9138481631644,13.5229486512526,38.0860525286286,38.4674606120734,0.853238759669049,0,0,0,0,0
6.69,6.37000000000001,13.7676399363474,14.3939391987739,13.5782339105755,12.9138481631644,38.5742320627862,38.0860525286286,0.223469131078785,0,0,0,1,1
7.27,6.69,14.1173545803001,13.7676399363474,13.5088079524878,13.5782339105755,39.5149888787165,38.5742320627862,-0.955130924869447,0,0,0,-1,-1
7.66,7.27,13.8887381143917,14.1173545803001,13.6706999305068,13.5088079524878,40.2756243518197,39.5149888787165,0.0285164784650451,0,0,0,0,0
7.72,7.66,13.726305511043,13.8887381143917,13.3881969676509,13.6706999305068,41.0234263307342,40.2756243518197,0.496396877265354,0,0,0,1,0
8.37,7.72,13.8118250151384,13.726305511043,13.574812485124,13.3881969676509,41.5628490043358,41.0234263307342,-0.146076127954611,0,0,0,-1,0
8.83,8.37,13.6642940762407,13.8118250151384,13.8561378386847,13.574812485124,42.791530512334,41.5628490043358,0.541858599931217,0,0,0,0,0
8.91,8.83,13.6069489021312,13.6642940762407,14.2372322032836,13.8561378386847,43.1046876573297,42.791530512334,-0.624837717399792,0,0,0,0,0
8.17,8.91,13.659138661356,13.6069489021312,14.0401410779736,14.2372322032836,44.0836483531111,43.1046876573297,5.29167397660498,0,0,0,0,-1
8.84,8.17,13.1378843297577,13.659138661356,14.1036230470739,14.0401410779736,43.8169052641901,44.0836483531111,-3.44916572281051,0,0,0,-1,0
8.73,8.84,13.8651557718749,13.1378843297577,14.5713357004397,14.1036230470739,44.1734758256556,43.8169052641901,-2.73710325735289,0,0,0,1,1
13.29,8.73,14.6980952227481,13.8651557718749,20.2142111673084,14.5713357004397,43.6858501029799,44.1734758256556,-1.87338904480528,0,0,0,0,0
16,13.29,14.5120145970826,14.6980952227481,22.6083417987642,20.2142111673084,42.229918418937,43.6858501029799,2.73143325452513,0,0,0,0,0
16.31,16,14.5461480636926,14.5120145970826,22.6528661718998,22.6083417987642,41.7005698284983,42.229918418937,-0.724260211531156,0,0,0,0,0
14.88,16.31,15.0849634369359,14.5461480636926,22.3698963798441,22.6528661718998,41.2445147167854,41.7005698284983,2.8657128594502,0,0,0,0,0
13.75,14.88,14.836931291428,15.0849634369359,17.795619223702,22.3698963798441,42.6386934265901,41.2445147167854,-0.506434658915303,0,0,0,0,0
12.92,13.75,14.7690678974935,14.836931291428,17.2409771323799,17.795619223702,42.6743711698086,42.6386934265901,-0.921732476157693,0,0,0,0,0
12.46,12.92,14.715520983146,14.7690678974935,17.055469872471,17.2409771323799,43.1198263305987,42.6743711698086,-0.176982568817097,0,0,0,0,1
12.17,12.46,14.5883262807365,14.715520983146,16.6248943781566,17.055469872471,43.5305141053931,43.1198263305987,-0.00987692322549982,0,0,0,0,-1
11.51,12.17,14.7979710440605,14.5883262807365,18.020705018911,16.6248943781566,43.8964707204004,43.5305141053931,-2.08697942896877,0,0,0,1,0
11.9,11.51,14.5635217170047,14.7979710440605,18.4124613262626,18.020705018911,43.9531374254556,43.8964707204004,1.48234527551285,0,0,0,-1,0
11.8,11.9,14.6872581244663,14.5635217170047,16.9403332700453,18.4124613262626,45.5153666817822,43.9531374254556,-0.0858261368690396,0,0,0,0,0
11.59,11.8,14.5284275656087,14.6872581244663,16.7804445698634,16.9403332700453,45.5568666060055,45.5153666817822,0.0855621893392779,0,0,0,0,0
6.14,11.59,14.3728663123571,14.5284275656087,16.9510766687567,16.7804445698634,45.8456418895461,45.5568666060055,-0.0694924849490306,0,0,0,0,1
3.51000000000001,6.14,14.2942621732934,14.3728663123571,16.9048709510627,16.9510766687567,46.4540417164973,45.8456418895461,-0.0150522367082608,0,0,0,0,0
2.55,3.51000000000001,13.6791514867709,14.2942621732934,16.9781329602613,16.9048709510627,46.9478576830048,46.4540417164973,0.757592946502786,0,0,0,1,-1
3.69,2.55,13.7282982563251,13.6791514867709,17.0066653305191,16.9781329602613,47.3239111945662,46.9478576830048,2.4972290169703,0,0,0,-1,1
5.03,3.69,13.4796832964646,13.7282982563251,16.4161039268997,17.0066653305191,47.8346676605328,47.3239111945662,-1.84168907065787,0,0,0,1,-1
5.56,5.03,13.3612087235242,13.4796832964646,16.7607509771215,16.4161039268997,49.1017601690757,47.8346676605328,0.850895361256956,0,0,0,0,0
7.05,5.56,13.2767114730851,13.3612087235242,18.8503064424201,16.7607509771215,50.2084903532897,49.1017601690757,-3.24247020059627,0,0,0,-1,1
6.84,7.05,12.9532694425612,13.2767114730851,20.35968579205,18.8503064424201,50.8314549527106,50.2084903532897,2.21008655524883,0,0,0,0,-1
7.34,6.84,13.0234663965447,12.9532694425612,20.9286936992285,20.35968579205,51.0724537545882,50.8314549527106,-2.2378425154308,0,0,0,1,0
7.05,7.34,12.9499291491014,13.0234663965447,22.7172109081673,20.9286936992285,50.2672525593198,51.0724537545882,1.51933748883128,0,0,0,-1,0
6.77,7.05,13.0239162794992,12.9499291491014,22.4263704512966,22.7172109081673,50.1229487365583,50.2672525593198,-0.0387339306838328,0,0,0,0,0
6.54000000000001,6.77,12.9680476622581,13.0239162794992,24.0114353550246,22.4263704512966,50.1073277887645,50.1229487365583,-1.74209617894006,0,0,0,0,1
6.68000000000001,6.54000000000001,12.8981606900325,12.9680476622581,23.9255921727906,24.0114353550246,50.3256690640336,50.1073277887645,1.37820301786078,0,0,0,0,0
6.31999999999999,6.68000000000001,12.8788698372807,12.8981606900325,23.3214373376614,23.9255921727906,49.9446112356305,50.3256690640336,-0.147723243239266,0,0,0,0,0
7.59,6.31999999999999,12.4755034916511,12.8788698372807,24.4489791376445,23.3214373376614,50.3502859797921,49.9446112356305,1.99752624521402,0,0,0,1,-1
7.33,7.59,12.565106364143,12.4755034916511,23.2499383194056,24.4489791376445,50.6740129024174,50.3502859797921,-3.32207411321289,0,0,0,-1,1
7.94,7.33,11.6418323828582,12.565106364143,23.643434694213,23.2499383194056,49.6235684231728,50.6740129024174,2.57929124483088,0,0,0,1,-1
8.09999999999999,7.94,11.573809757777,11.6418323828582,25.4086161754937,23.643434694213,49.8837122429623,49.6235684231728,1.37150917776396,0,0,0,0,0
6.91,8.09999999999999,11.561263087206,11.573809757777,24.2886310533958,25.4086161754937,49.5519299022947,49.8837122429623,-1.69837436785221,0,0,0,0,-1
7.48999999999999,6.91,11.3517725920896,11.561263087206,24.3157287699229,24.2886310533958,49.0681743284456,49.5519299022947,-0.0926841374253904,0,0,0,-2,1
8.31,7.48999999999999,11.455464143494,11.3517725920896,25.9167469953246,24.3157287699229,46.6610490193539,49.0681743284456,0.0683155196827663,0,0,0,1,-1
8.98,8.31,12.0610610982551,11.455464143494,27.3831308402333,25.9167469953246,45.2187475072808,46.6610490193539,0.0971594068581645,0,0,0,-1,1
8.95,8.98,12.1417086873187,12.0610610982551,24.4372802771709,27.3831308402333,42.9856537772889,45.2187475072808,0.167552665291165,0,0,0,2,0
9.83,8.95,12.4353930812268,12.1417086873187,26.7994510167147,24.4372802771709,42.4381647785252,42.9856537772889,-0.199229542945385,0,0,0,-1,1
10.13,9.83,12.6878202102737,12.4353930812268,28.0060716354121,26.7994510167147,42.036628290431,42.4381647785252,0.230801283085562,0,0,0,0,-1
10.3,10.13,12.6169775365675,12.6878202102737,25.3621137532844,28.0060716354121,41.3676692111532,42.036628290431,-0.910546663580597,0,0,0,0,0
9.2,10.3,12.6710780857332,12.6169775365675,26.5963125454957,25.3621137532844,41.1426085793263,41.3676692111532,-1.10175622401147,0,0,0,1,0
8.95999999999999,9.2,13.0834098024819,12.6710780857332,25.9217630323844,26.5963125454957,40.6007319461166,41.1426085793263,1.65838241362351,0,0,0,-1,0
8.19,8.95999999999999,12.294175867684,13.0834098024819,27.4388727005854,25.9217630323844,39.8331457342214,40.6007319461166,-0.694869746936615,0,0,0,-1,0
7.48,8.19,12.3131481637626,12.294175867684,24.0254030163426,27.4388727005854,39.8540318423589,39.8331457342214,0.241865546751328,0,0,0,2,1
7.87999999999999,7.48,12.3613249270975,12.3131481637626,24.7927188338915,24.0254030163426,39.5394152368699,39.8540318423589,0.47542100114168,0,0,0,-1,-1
5.7,0,13.8291097723493,0,14.913688774613,0,57.3469020615646,0,-0.233318385153751,-0.233318385153751,0,0,1,0
6.06999999999999,5.7,13.7817887788616,13.8291097723493,14.7393527017956,14.913688774613,58.1136662053227,57.3469020615646,0.0463141473731241,0.0463141473731241,0,0,-1,0
5.78,6.06999999999999,13.6742475251637,13.7817887788616,14.7825795559457,14.7393527017956,57.7223181708591,58.1136662053227,-0.35785203631988,-0.35785203631988,0,0,0,1
6.14,5.78,13.5986353271948,13.6742475251637,14.7973066287014,14.7825795559457,58.5283797907254,57.7223181708591,-0.084639006412992,-0.084639006412992,0,0,0,-1
5.2,6.14,13.3526450004553,13.5986353271948,14.6531287049534,14.7973066287014,59.2635924024722,58.5283797907254,0.224833048530936,0.224833048530936,0,0,0,0
5.43000000000001,5.2,13.4650167598135,13.3526450004553,14.728041469534,14.6531287049534,61.3425159761651,59.2635924024722,-0.0873685308722294,-0.0873685308722294,0,0,0,0
5.16,5.43000000000001,13.7275583399052,13.4650167598135,14.3884624562163,14.728041469534,62.2190845722594,61.3425159761651,-0.544289851517746,-0.544289851517746,0,0,1,0
4.3,5.16,13.8626323291096,13.7275583399052,14.1388421962437,14.3884624562163,62.951546053563,62.2190845722594,0.234458260675932,0.234458260675932,0,0,-1,0
3.87,4.3,13.7661117175689,13.8626323291096,14.5715607591902,14.1388421962437,61.704498726639,62.951546053563,0.604131732419482,0.604131732419482,0,0,0,0
3.63,3.87,13.7467126975424,13.7661117175689,14.3337853427173,14.5715607591902,62.3526444926614,61.704498726639,0.224298545394849,0.224298545394849,0,0,0,0
2.76000000000001,3.63,13.7071058313292,13.7467126975424,13.9224139610118,14.3337853427173,62.0515308335286,62.3526444926614,-0.172903457899903,-0.172903457899903,0,0,0,0
2.09999999999999,2.76000000000001,13.7391559529907,13.7071058313292,14.1022312361337,13.9224139610118,63.1842706839548,62.0515308335286,-0.295709351634354,-0.295709351634354,0,0,0,-1
2.28,2.09999999999999,13.8766612399888,13.7391559529907,14.0049952008897,14.1022312361337,63.5898584900057,63.1842706839548,-0.119794702308202,-0.119794702308202,0,0,-1,1
2.51000000000001,2.28,13.6579356943291,13.8766612399888,13.55734218938,14.0049952008897,64.1409571656193,63.5898584900057,0.292313451931442,0.292313451931442,0,0,1,0
3.02,2.51000000000001,14.2590094033078,13.6579356943291,13.5774311832418,13.55734218938,63.9745461688978,64.1409571656193,-1.92325516729135,-1.92325516729135,0,0,0,0
2.63,3.02,14.1798628737965,14.2590094033078,13.7110298725776,13.5774311832418,63.9515443988902,63.9745461688978,0.637065780499267,0.637065780499267,0,0,0,0
3.27,2.63,14.2866797983964,14.1798628737965,13.4130878293972,13.7110298725776,64.9734320319424,63.9515443988902,0.0708645063531286,0.0708645063531286,0,0,0,-1
3.98,3.27,14.2340331695608,14.2866797983964,13.1231746385189,13.4130878293972,65.8021363879187,64.9734320319424,-0.442791343315005,-0.442791343315005,0,0,-1,1
4.79000000000001,3.98,14.1766208389384,14.2340331695608,13.0201225716733,13.1231746385189,66.5140138498092,65.8021363879187,-0.122485714305558,-0.122485714305558,0,0,1,0
4.41,4.79000000000001,14.3192757999201,14.1766208389384,12.7700980604665,13.0201225716733,67.1621870919615,66.5140138498092,-0.34995749061331,-0.34995749061331,0,0,0,0
4.53,4.41,13.8589919596791,14.3192757999201,12.4863592848067,12.7700980604665,66.6588061956343,67.1621870919615,4.79853379400944,4.79853379400944,0,0,0,0
5.01000000000001,4.53,13.9193133270989,13.8589919596791,12.6562743705719,12.4863592848067,66.3981498217034,66.6588061956343,-3.14136377945639,-3.14136377945639,0,0,0,0
5.14,5.01000000000001,13.9361669747964,13.9193133270989,12.3725429002752,12.6562743705719,66.0687442995539,66.3981498217034,-0.558636367477391,-0.558636367477391,0,0,0,0
5.25,5.14,13.9397664435624,13.9361669747964,12.5025924579515,12.3725429002752,66.7068809557915,66.0687442995539,0.0136584634519359,0.0136584634519359,0,0,0,0
6.2,5.25,13.8982261901181,13.9397664435624,12.1686339344557,12.5025924579515,67.5651532350493,66.7068809557915,0.354806192694786,0.354806192694786,0,0,0,1
5.76000000000001,6.2,13.9850933578381,13.8982261901181,12.1547797353974,12.1686339344557,68.6910374459979,67.5651532350493,-0.525692826875712,-0.525692826875712,0,0,0,-1
6.33,5.76000000000001,13.9942752522679,13.9850933578381,12.0101352317803,12.1547797353974,68.4085944897077,68.6910374459979,0.853238759669049,0.853238759669049,0,0,0,0
7.04000000000001,6.33,13.632822325166,13.9942752522679,12.2227700039803,12.0101352317803,69.3609138675742,68.4085944897077,0.223469131078785,0.223469131078785,0,0,1,1
7.25,7.04000000000001,14.0065099359323,13.632822325166,12.2942967827365,12.2227700039803,70.2749719803563,69.3609138675742,-0.955130924869447,-0.955130924869447,0,0,-1,-1
7.22,7.25,13.8794256114942,14.0065099359323,12.794202954908,12.2942967827365,69.3179754928486,70.2749719803563,0.0285164784650451,0.0285164784650451,0,0,0,0
7.31999999999999,7.22,13.7873330336141,13.8794256114942,12.4004567274782,12.794202954908,70.2075681212511,69.3179754928486,0.496396877265354,0.496396877265354,0,0,1,0
8.39,7.31999999999999,13.7951022722515,13.7873330336141,12.3450336052654,12.4004567274782,70.6060198578409,70.2075681212511,-0.146076127954611,-0.146076127954611,0,0,-1,0
9.18000000000001,8.39,13.7859764485496,13.7951022722515,12.6884774638078,12.3450336052654,71.5459230074127,70.6060198578409,0.541858599931217,0.541858599931217,0,0,0,0
9.43000000000001,9.18000000000001,13.6533026948936,13.7859764485496,12.8360402605582,12.6884774638078,71.0111871307929,71.5459230074127,-0.624837717399792,-0.624837717399792,0,0,0,0
9.48999999999999,9.43000000000001,13.6245088236879,13.6533026948936,13.2247175170228,12.8360402605582,70.7328609909747,71.0111871307929,5.29167397660498,5.29167397660498,0,0,0,-1
9.38,9.48999999999999,13.1091749895956,13.6245088236879,13.4651548840882,13.2247175170228,71.6599571298472,70.7328609909747,-3.44916572281051,-3.44916572281051,0,0,-1,0
9.06,9.38,13.668689337611,13.1091749895956,13.6162832242758,13.4651548840882,72.0193645415896,71.6599571298472,-2.73710325735289,-2.73710325735289,0,0,1,1
19.41,9.06,14.4997188252122,13.668689337611,18.5246664902663,13.6162832242758,70.7741587013051,72.0193645415896,-1.87338904480528,-1.87338904480528,0,0,0,0
18.41,19.41,14.348562835657,14.4997188252122,19.9592859007679,18.5246664902663,69.1780836822281,70.7741587013051,2.73143325452513,2.73143325452513,0,0,0,0
17.38,18.41,14.5625079369877,14.348562835657,19.5210420342263,19.9592859007679,68.335467208974,69.1780836822281,-0.724260211531156,-0.724260211531156,0,0,0,0
16.61,17.38,15.1387635375569,14.5625079369877,18.5522810575355,19.5210420342263,67.7120247899663,68.335467208974,2.8657128594502,2.8657128594502,0,0,0,0
15.67,16.61,14.9127707825891,15.1387635375569,15.8799401996503,18.5522810575355,66.7592558595493,67.7120247899663,-0.506434658915303,-0.506434658915303,0,0,0,0
14.63,15.67,14.9650647094408,14.9127707825891,15.5917736651662,15.8799401996503,66.6033855776741,66.7592558595493,-0.921732476157693,-0.921732476157693,0,0,0,0
13.71,14.63,14.9160393173755,14.9650647094408,15.546025266675,15.5917736651662,66.8772607186491,66.6033855776741,-0.176982568817097,-0.176982568817097,0,0,0,1
12.03,13.71,14.8145611424948,14.9160393173755,15.7546229086328,15.546025266675,66.7318612768464,66.8772607186491,-0.00987692322549982,-0.00987692322549982,0,0,0,-1
11.59,12.03,14.9993182221254,14.8145611424948,15.8026066341455,15.7546229086328,66.8190810007389,66.7318612768464,-2.08697942896877,-2.08697942896877,0,0,1,0
12.92,11.59,14.7465988817821,14.9993182221254,16.3431849434512,15.8026066341455,66.6585575572548,66.8190810007389,1.48234527551285,1.48234527551285,0,0,-1,0
12.94,12.92,14.9209959127607,14.7465988817821,15.8232607871514,16.3431849434512,65.796534105723,66.6585575572548,-0.0858261368690396,-0.0858261368690396,0,0,0,0
12.27,12.94,14.8009333755288,14.9209959127607,15.6684577200284,15.8232607871514,65.8563041415204,65.796534105723,0.0855621893392779,0.0855621893392779,0,0,0,0
2.56,12.27,14.5711945836868,14.8009333755288,15.382862977049,15.6684577200284,66.6207898545802,65.8563041415204,-0.0694924849490306,-0.0694924849490306,0,0,0,1
2.3,2.56,14.4411673048269,14.5711945836868,15.7916760498265,15.382862977049,66.0125076367234,66.6207898545802,-0.0150522367082608,-0.0150522367082608,0,0,0,0
2.58,2.3,13.9103745688924,14.4411673048269,16.0651675878907,15.7916760498265,66.3322040577304,66.0125076367234,0.757592946502786,0.757592946502786,0,0,1,-1
3.63,2.58,13.9231733550896,13.9103745688924,15.6186569972763,16.0651675878907,66.6270687677457,66.3322040577304,2.4972290169703,2.4972290169703,0,0,-1,1
4.54000000000001,3.63,13.6776487256336,13.9231733550896,15.4109541541332,15.6186569972763,66.2070922332896,66.6270687677457,-1.84168907065787,-1.84168907065787,0,0,1,-1
5.73,4.54000000000001,13.6067187250005,13.6776487256336,15.9641180052599,15.4109541541332,67.0274033538888,66.2070922332896,0.850895361256956,0.850895361256956,0,0,0,0
6.87999999999999,5.73,13.4671287112378,13.6067187250005,17.5513426971296,15.9641180052599,68.0063211354902,67.0274033538888,-3.24247020059627,-3.24247020059627,0,0,-1,1
7.87999999999999,6.87999999999999,13.1614476468627,13.4671287112378,18.7072530795928,17.5513426971296,68.9043209021566,68.0063211354902,2.21008655524883,2.21008655524883,0,0,0,-1
8.87,7.87999999999999,13.2366703384669,13.1614476468627,18.7023498235048,18.7072530795928,69.017742316085,68.9043209021566,-2.2378425154308,-2.2378425154308,0,0,1,0
8.16,8.87,13.1612447934365,13.2366703384669,21.2718014494611,18.7023498235048,68.1540341307998,69.017742316085,1.51933748883128,1.51933748883128,0,0,-1,0
7.89,8.16,13.2340478493422,13.1612447934365,22.7005398266898,21.2718014494611,68.0894443884075,68.1540341307998,-0.0387339306838328,-0.0387339306838328,0,0,0,0
8.5,7.89,13.1706179623894,13.2340478493422,23.7815059048405,22.7005398266898,67.6895443697725,68.0894443884075,-1.74209617894006,-1.74209617894006,0,0,0,1
8.3,8.5,13.0785866796652,13.1706179623894,23.8897852106734,23.7815059048405,67.8763549365644,67.6895443697725,1.37820301786078,1.37820301786078,0,0,0,0
9.37,8.3,13.0009435678798,13.0785866796652,22.7853483195794,23.8897852106734,65.5549591244222,67.8763549365644,-0.147723243239266,-0.147723243239266,0,0,0,0
10.01,9.37,12.5808709984425,13.0009435678798,22.2421590966654,22.7853483195794,65.7042958880396,65.5549591244222,1.99752624521402,1.99752624521402,0,0,1,-1
10.24,10.01,12.624941219697,12.5808709984425,24.427467215075,22.2421590966654,66.621084028847,65.7042958880396,-3.32207411321289,-3.32207411321289,0,0,-1,1
11.18,10.24,11.8345767947958,12.624941219697,24.0465745691126,24.427467215075,65.3831329922665,66.621084028847,2.57929124483088,2.57929124483088,0,0,1,-1
10.12,11.18,11.8157322157347,11.8345767947958,25.3417489536711,24.0465745691126,65.0983563995534,65.3831329922665,1.37150917776396,1.37150917776396,0,0,0,0
9.61,10.12,11.8262793102054,11.8157322157347,25.0068216921854,25.3417489536711,64.2736472489733,65.0983563995534,-1.69837436785221,-1.69837436785221,0,0,0,-1
9.86,9.61,11.6289938966277,11.8262793102054,24.9542444609781,25.0068216921854,63.7737088590898,64.2736472489733,-0.0926841374253904,-0.0926841374253904,0,0,-2,1
9.66,9.86,11.8042229504714,11.6289938966277,27.3624655921937,24.9542444609781,61.4858925688871,63.7737088590898,0.0683155196827663,0.0683155196827663,0,0,1,-1
10.34,9.66,12.3286437455397,11.8042229504714,28.7868910122213,27.3624655921937,59.2650998741263,61.4858925688871,0.0971594068581645,0.0971594068581645,0,0,-1,1
11.31,10.34,12.4269025486721,12.3286437455397,29.7640214700527,28.7868910122213,61.1434622616876,59.2650998741263,0.167552665291165,0.167552665291165,0,0,2,0
11.99,11.31,12.7144025635377,12.4269025486721,30.7425856213674,29.7640214700527,60.1351035339859,61.1434622616876,-0.199229542945385,-0.199229542945385,0,0,-1,1
12.48,11.99,13.0278169441872,12.7144025635377,31.6669561653407,30.7425856213674,59.4507896099134,60.1351035339859,0.230801283085562,0.230801283085562,0,0,0,-1
12.38,12.48,12.9405107177952,13.0278169441872,30.634550364911,31.6669561653407,60.6573600964902,59.4507896099134,-0.910546663580597,-0.910546663580597,0,0,0,0
12.13,12.38,13.0033662875088,12.9405107177952,28.7106035637737,30.634550364911,60.1925772824302,60.6573600964902,-1.10175622401147,-1.10175622401147,0,0,1,0
11.81,12.13,13.4669376669701,13.0033662875088,27.6118575210008,28.7106035637737,59.2556041370075,60.1925772824302,1.65838241362351,1.65838241362351,0,0,-1,0
10.39,11.81,12.6827782270217,13.4669376669701,26.8544210403237,27.6118575210008,58.3517745715045,59.2556041370075,-0.694869746936615,-0.694869746936615,0,0,-1,0
10.79,10.39,12.7610432032785,12.6827782270217,25.9147053996569,26.8544210403237,58.2783744621373,58.3517745715045,0.241865546751328,0.241865546751328,0,0,2,1
9.97,10.79,12.8496842221596,12.7610432032785,24.8945560282322,25.9147053996569,58.0152350863491,58.2783744621373,0.47542100114168,0.47542100114168,0,0,-1,-1
5.5,0,13.6060202567585,0,14.9667201586383,0,51.6154722171633,0,-0.233318385153751,0,0,0,1,0
5.5,5.5,13.6279930820033,13.6060202567585,14.9969228725858,14.9667201586383,52.2461618750461,51.6154722171633,0.0463141473731241,0,0,0,-1,0
5.59,5.5,13.5294609380384,13.6279930820033,15.0419931491136,14.9969228725858,53.4611997928278,52.2461618750461,-0.35785203631988,0,0,0,0,1
5.06,5.59,13.4917223610798,13.5294609380384,15.3070365320833,15.0419931491136,54.0610683423931,53.4611997928278,-0.084639006412992,0,0,0,0,-1
4.52,5.06,13.2409174276761,13.4917223610798,15.0229694602566,15.3070365320833,54.3220721683237,54.0610683423931,0.224833048530936,0,0,0,0,0
4.42,4.52,13.5292834595497,13.2409174276761,14.9511979750616,15.0229694602566,54.3267707941756,54.3220721683237,-0.0873685308722294,0,0,0,0,0
4.02,4.42,13.6500621038068,13.5292834595497,14.7333506621536,14.9511979750616,54.8665796462181,54.3267707941756,-0.544289851517746,0,0,0,1,0
3.84999999999999,4.02,13.8168063874149,13.6500621038068,14.5505346820054,14.7333506621536,55.3931566515102,54.8665796462181,0.234458260675932,0,0,0,-1,0
3.28,3.84999999999999,13.7282890351201,13.8168063874149,14.8562060324572,14.5505346820054,54.0534461287294,55.3931566515102,0.604131732419482,0,0,0,0,0
3.23999999999999,3.28,13.7537118167223,13.7282890351201,14.2956981931974,14.8562060324572,54.4437475085964,54.0534461287294,0.224298545394849,0,0,0,0,0
2.66,3.23999999999999,13.644416533175,13.7537118167223,14.126609174156,14.2956981931974,54.530265780484,54.4437475085964,-0.172903457899903,0,0,0,0,0
1.67,2.66,13.5969082106114,13.644416533175,14.2557513429457,14.126609174156,55.424679148888,54.530265780484,-0.295709351634354,0,0,0,0,-1
2.01000000000001,1.67,13.7272736953025,13.5969082106114,14.5381655455848,14.2557513429457,55.7773615020899,55.424679148888,-0.119794702308202,0,0,0,-1,1
2.28,2.01000000000001,13.4397564117021,13.7272736953025,14.148349102145,14.5381655455848,56.3227824450747,55.7773615020899,0.292313451931442,0,0,0,1,0
3.31,2.28,14.2671096863412,13.4397564117021,13.9953942457373,14.148349102145,55.8202395165953,56.3227824450747,-1.92325516729135,0,0,0,0,0
3.39,3.31,14.2438322219794,14.2671096863412,13.6930779272563,13.9953942457373,55.3295161185962,55.8202395165953,0.637065780499267,0,0,0,0,0
3.7,3.39,14.4100414980882,14.2438322219794,13.7684852517279,13.6930779272563,55.7418672978924,55.3295161185962,0.0708645063531286,0,0,0,0,-1
3.81,3.7,14.3776792217039,14.4100414980882,13.2683119190338,13.7684852517279,55.6455419890233,55.7418672978924,-0.442791343315005,0,0,0,-1,1
4.3,3.81,14.2332320141632,14.3776792217039,13.3166741917885,13.2683119190338,56.4709500785502,55.6455419890233,-0.122485714305558,0,0,0,1,0
4.09999999999999,4.3,14.4335060713227,14.2332320141632,13.1647388266223,13.3166741917885,57.1433340998881,56.4709500785502,-0.34995749061331,0,0,0,0,0
5,4.09999999999999,13.8301147330252,14.4335060713227,13.0155775006257,13.1647388266223,57.3813088887306,57.1433340998881,4.79853379400944,0,0,0,0,0
5.05,5,14.0061598336281,13.8301147330252,13.1525846812205,13.0155775006257,57.6287455884536,57.3813088887306,-3.14136377945639,0,0,0,0,0
5.72,5.05,14.0100437603735,14.0061598336281,13.0800429053551,13.1525846812205,57.6258201717543,57.6287455884536,-0.558636367477391,0,0,0,0,0
6.42,5.72,14.0406473909878,14.0100437603735,13.0202302586767,13.0800429053551,57.0281872559684,57.6258201717543,0.0136584634519359,0,0,0,0,0
6.73999999999999,6.42,14.0242409688185,14.0406473909878,12.9374214599094,13.0202302586767,57.3440967648849,57.0281872559684,0.354806192694786,0,0,0,0,1
6.95,6.73999999999999,14.1221034859929,14.0242409688185,12.7381381290811,12.9374214599094,57.8715969821227,57.3440967648849,-0.525692826875712,0,0,0,0,-1
5.94,6.95,14.2482509141985,14.1221034859929,12.4317258034599,12.7381381290811,58.6736892895499,57.8715969821227,0.853238759669049,0,0,0,0,0
6.75,5.94,13.645782255955,14.2482509141985,12.7038244524114,12.4317258034599,59.4224599459814,58.6736892895499,0.223469131078785,0,0,0,1,1
7.33,6.75,14.0585291884017,13.645782255955,12.9495880011661,12.7038244524114,59.9198686320588,59.4224599459814,-0.955130924869447,0,0,0,-1,-1
7.34999999999999,7.33,13.8901528238463,14.0585291884017,13.0093893953127,12.9495880011661,61.0435113303127,59.9198686320588,0.0285164784650451,0,0,0,0,0
7.12999999999999,7.34999999999999,13.7878056375507,13.8901528238463,12.9800843204197,13.0093893953127,61.92184030395,61.0435113303127,0.496396877265354,0,0,0,1,0
8.25,7.12999999999999,13.8644021937238,13.7878056375507,13.0206830510159,12.9800843204197,62.5326349523465,61.92184030395,-0.146076127954611,0,0,0,-1,0
8.98,8.25,13.803405000919,13.8644021937238,13.2699703124789,13.0206830510159,62.1395444552639,62.5326349523465,0.541858599931217,0,0,0,0,0
9.25,8.98,13.6682031934435,13.803405000919,13.4317754276717,13.2699703124789,62.197144560277,62.1395444552639,-0.624837717399792,0,0,0,0,0
8.86,9.25,13.6345564085603,13.6682031934435,13.5101628095524,13.4317754276717,62.5874543442887,62.197144560277,5.29167397660498,0,0,0,0,-1
9.48,8.86,13.0903883420795,13.6345564085603,13.9245603507393,13.5101628095524,63.2662941632931,62.5874543442887,-3.44916572281051,0,0,0,-1,0
9.94,9.48,13.3779120445535,13.0903883420795,14.0897790490202,13.9245603507393,63.8252986717216,63.2662941632931,-2.73710325735289,0,0,0,1,1
19.31,9.94,14.3102678195601,13.3779120445535,19.3694733103002,14.0897790490202,62.9116088304582,63.8252986717216,-1.87338904480528,0,0,0,0,0
21.82,19.31,14.1981664361449,14.3102678195601,21.0690215611824,19.3694733103002,61.0077217338535,62.9116088304582,2.73143325452513,0,0,0,0,0
20.92,21.82,14.3231640229229,14.1981664361449,20.3354878418022,21.0690215611824,60.3369414072954,61.0077217338535,-0.724260211531156,0,0,0,0,0
19.65,20.92,14.9712002000595,14.3231640229229,19.160632505221,20.3354878418022,60.0609747811698,60.3369414072954,2.8657128594502,0,0,0,0,0
18.97,19.65,14.7201133084763,14.9712002000595,17.0048805436917,19.160632505221,60.7524684397504,60.0609747811698,-0.506434658915303,0,0,0,0,0
18.3,18.97,14.7599265028576,14.7201133084763,17.2166975992853,17.0048805436917,60.9158416386281,60.7524684397504,-0.921732476157693,0,0,0,0,0
17.11,18.3,14.7599432287796,14.7599265028576,16.5064623991978,17.2166975992853,61.4801200440117,60.9158416386281,-0.176982568817097,0,0,0,0,1
15.85,17.11,14.6670063030554,14.7599432287796,16.2496503183538,16.5064623991978,62.8662763415366,61.4801200440117,-0.00987692322549982,0,0,0,0,-1
15.38,15.85,14.9266853450941,14.6670063030554,16.3678498915599,16.2496503183538,62.9955402316635,62.8662763415366,-2.08697942896877,0,0,0,1,0
15.62,15.38,14.6791767412365,14.9266853450941,18.2122469799789,16.3678498915599,63.1830121104261,62.9955402316635,1.48234527551285,0,0,0,-1,0
14.99,15.62,14.8430130725167,14.6791767412365,16.2125234845737,18.2122469799789,61.428407415056,63.1830121104261,-0.0858261368690396,0,0,0,0,0
14.04,14.99,14.6809000120715,14.8430130725167,15.9738182923079,16.2125234845737,61.3739907817351,61.428407415056,0.0855621893392779,0,0,0,0,0
5,14.04,14.4968145160289,14.6809000120715,15.9343430170185,15.9738182923079,62.0257926321538,61.3739907817351,-0.0694924849490306,0,0,0,0,1
2.73999999999999,5,14.3811284359085,14.4968145160289,15.9417788115582,15.9343430170185,62.9747299823819,62.0257926321538,-0.0150522367082608,0,0,0,0,0
3.09999999999999,2.73999999999999,13.7515581188675,14.3811284359085,16.1613884858893,15.9417788115582,63.4040553236488,62.9747299823819,0.757592946502786,0,0,0,1,-1
3.34999999999999,3.09999999999999,13.7441297246002,13.7515581188675,15.95136897394,16.1613884858893,63.9494166966503,63.4040553236488,2.4972290169703,0,0,0,-1,1
4.93000000000001,3.34999999999999,13.4609871825893,13.7441297246002,15.7787741499132,15.95136897394,66.9898601187931,63.9494166966503,-1.84168907065787,0,0,0,1,-1
5.68000000000001,4.93000000000001,13.3463557522769,13.4609871825893,16.2900228117497,15.7787741499132,68.0304036682299,66.9898601187931,0.850895361256956,0,0,0,0,0
6.78,5.68000000000001,13.2649767348279,13.3463557522769,18.5454551733856,16.2900228117497,69.1408832152146,68.0304036682299,-3.24247020059627,0,0,0,-1,1
7.08,6.78,13.0564875592966,13.2649767348279,19.091257095416,18.5454551733856,68.1218236092842,69.1408832152146,2.21008655524883,0,0,0,0,-1
8.05,7.08,13.0828458037851,13.0564875592966,19.7016268865901,19.091257095416,68.2631181719989,68.1218236092842,-2.2378425154308,0,0,0,1,0
8.05,8.05,13.1291813110743,13.0828458037851,19.987877876956,19.7016268865901,67.0465413660741,68.2631181719989,1.51933748883128,0,0,0,-1,0
7.47,8.05,13.2114123868756,13.1291813110743,22.389881937687,19.987877876956,68.3385014339289,67.0465413660741,-0.0387339306838328,0,0,0,0,0
7.95,7.47,13.0976335788458,13.2114123868756,23.1051168257282,22.389881937687,67.9113432884337,68.3385014339289,-1.74209617894006,0,0,0,0,1
7.84999999999999,7.95,13.0153458798268,13.0976335788458,22.3724569079407,23.1051168257282,68.0152587058639,67.9113432884337,1.37820301786078,0,0,0,0,0
8.09,7.84999999999999,12.9910895186903,13.0153458798268,22.1020061825093,22.3724569079407,66.2818598168857,68.0152587058639,-0.147723243239266,0,0,0,0,0
8.3,8.09,12.5977272367691,12.9910895186903,22.2338653582042,22.1020061825093,66.5215983646783,66.2818598168857,1.99752624521402,0,0,0,1,-1
8.98999999999999,8.3,12.7302337997637,12.5977272367691,23.14317165669,22.2338653582042,66.9023797567774,66.5215983646783,-3.32207411321289,0,0,0,-1,1
9.34999999999999,8.98999999999999,11.738385909489,12.7302337997637,23.4846681940119,23.14317165669,65.6799768006449,66.9023797567774,2.57929124483088,0,0,0,1,-1
9.27,9.34999999999999,11.7165736205889,11.738385909489,25.3025873083314,23.4846681940119,65.3535385703718,65.6799768006449,1.37150917776396,0,0,0,0,0
9.12,9.27,11.7227776823558,11.7165736205889,24.9721441361943,25.3025873083314,64.5957829051216,65.3535385703718,-1.69837436785221,0,0,0,0,-1
8.31,9.12,11.5599772281022,11.7227776823558,26.6773872413224,24.9721441361943,60.8518214548891,64.5957829051216,-0.0926841374253904,0,0,0,-2,1
8.58,8.31,11.6997285875989,11.5599772281022,26.9653943192784,26.6773872413224,57.9778842333788,60.8518214548891,0.0683155196827663,0,0,0,1,-1
9.11,8.58,12.3468796914554,11.6997285875989,28.0003435267306,26.9653943192784,55.6036669840336,57.9778842333788,0.0971594068581645,0,0,0,-1,1
9.98,9.11,12.3300073753109,12.3468796914554,29.3224784711171,28.0003435267306,58.1128024207635,55.6036669840336,0.167552665291165,0,0,0,2,0
9.79000000000001,9.98,12.6202875100573,12.3300073753109,30.0590993299279,29.3224784711171,57.1508075762941,58.1128024207635,-0.199229542945385,0,0,0,-1,1
9.89,9.79000000000001,12.8869978501401,12.6202875100573,30.3800224057076,30.0590993299279,56.2875037891387,57.1508075762941,0.230801283085562,0,0,0,0,-1
9.73999999999999,9.89,12.7986413403788,12.8869978501401,27.4506413441623,30.3800224057076,56.81104268606,56.2875037891387,-0.910546663580597,0,0,0,0,0
9.45,9.73999999999999,12.8742523588815,12.7986413403788,27.6721178431655,27.4506413441623,56.2137517902206,56.81104268606,-1.10175622401147,0,0,0,1,0
9.23999999999999,9.45,13.3621189367913,12.8742523588815,26.7238516407936,27.6721178431655,55.4136868484028,56.2137517902206,1.65838241362351,0,0,0,-1,0
8.14,9.23999999999999,12.3874658369727,13.3621189367913,25.1477296117432,26.7238516407936,54.2481164325318,55.4136868484028,-0.694869746936615,0,0,0,-1,0
7.83,8.14,12.4138960931066,12.3874658369727,24.4889166661485,25.1477296117432,54.1183883236133,54.2481164325318,0.241865546751328,0,0,0,2,1
7.55,7.83,12.447301881519,12.4138960931066,23.2534152209422,24.4889166661485,53.7746425797734,54.1183883236133,0.47542100114168,0,0,0,-1,-1
4.36,0,13.3608556092468,0,14.5444416817827,0,32.7909913486746,0,-0.233318385153751,0,-0.233318385153751,0,1,0
4.31999999999999,4.36,13.327946638558,13.3608556092468,14.3766212446975,14.5444416817827,33.2352152570604,32.7909913486746,0.0463141473731241,0,0.0463141473731241,0,-1,0
4.28,4.31999999999999,13.2179437353026,13.327946638558,14.2868071328203,14.3766212446975,33.972803973262,33.2352152570604,-0.35785203631988,0,-0.35785203631988,0,0,1
4,4.28,13.1873750654187,13.2179437353026,14.3242974990244,14.2868071328203,34.1273844909338,33.972803973262,-0.084639006412992,0,-0.084639006412992,0,0,-1
3.92,4,12.9653205894669,13.1873750654187,14.3777587787505,14.3242974990244,34.5226058854652,34.1273844909338,0.224833048530936,0,0.224833048530936,0,0,0
3.48999999999999,3.92,13.1651290909317,12.9653205894669,14.2719178051243,14.3777587787505,35.0480073473344,34.5226058854652,-0.0873685308722294,0,-0.0873685308722294,0,0,0
3.55,3.48999999999999,13.2212654283456,13.1651290909317,13.9874875838205,14.2719178051243,35.2880842553243,35.0480073473344,-0.544289851517746,0,-0.544289851517746,0,1,0
3.02,3.55,13.3968501017302,13.2212654283456,13.7129674937767,13.9874875838205,35.3287269695758,35.2880842553243,0.234458260675932,0,0.234458260675932,0,-1,0
3.06999999999999,3.02,13.3136035780106,13.3968501017302,14.0350972921058,13.7129674937767,35.486401638829,35.3287269695758,0.604131732419482,0,0.604131732419482,0,0,0
2.84,3.06999999999999,13.3202614348604,13.3136035780106,13.600201242103,14.0350972921058,35.9192403438138,35.486401638829,0.224298545394849,0,0.224298545394849,0,0,0
2.53,2.84,13.2195215213524,13.3202614348604,13.7121696902398,13.600201242103,35.9271671815954,35.9192403438138,-0.172903457899903,0,-0.172903457899903,0,0,0
2.22,2.53,13.2937782468134,13.2195215213524,13.6789896834757,13.7121696902398,36.2183274669813,35.9271671815954,-0.295709351634354,0,-0.295709351634354,0,0,-1
1.92,2.22,13.3753175251378,13.2937782468134,13.6468934240475,13.6789896834757,36.5023651233738,36.2183274669813,-0.119794702308202,0,-0.119794702308202,0,-1,1
1.56999999999999,1.92,13.1074738478352,13.3753175251378,13.4972821110551,13.6468934240475,36.8575164115423,36.5023651233738,0.292313451931442,0,0.292313451931442,0,1,0
1.90000000000001,1.56999999999999,13.9533432577666,13.1074738478352,13.3638115129634,13.4972821110551,36.4837250955706,36.8575164115423,-1.92325516729135,0,-1.92325516729135,0,0,0
2.06999999999999,1.90000000000001,13.9284365501406,13.9533432577666,13.3650239531718,13.3638115129634,36.3053977361194,36.4837250955706,0.637065780499267,0,0.637065780499267,0,0,0
2.22,2.06999999999999,14.070437285945,13.9284365501406,13.3035192760515,13.3650239531718,36.3095097899174,36.3053977361194,0.0708645063531286,0,0.0708645063531286,0,0,-1
2.84,2.22,13.9617153141921,14.070437285945,13.1308451312924,13.3035192760515,37.0820265346689,36.3095097899174,-0.442791343315005,0,-0.442791343315005,0,-1,1
3.03,2.84,13.8107394017821,13.9617153141921,13.0375900988982,13.1308451312924,37.7929684237454,37.0820265346689,-0.122485714305558,0,-0.122485714305558,0,1,0
2.83,3.03,14.030234593416,13.8107394017821,12.6929576542789,13.0375900988982,38.3889636041614,37.7929684237454,-0.34995749061331,0,-0.34995749061331,0,0,0
2.90000000000001,2.83,13.4045424833292,14.030234593416,12.7463434109889,12.6929576542789,39.3065430068533,38.3889636041614,4.79853379400944,0,4.79853379400944,0,0,0
2.94,2.90000000000001,13.5576609389273,13.4045424833292,12.6020216196925,12.7463434109889,39.655121481814,39.3065430068533,-3.14136377945639,0,-3.14136377945639,0,0,0
3.33,2.94,13.7037594887864,13.5576609389273,12.3432692486445,12.6020216196925,39.6487327038457,39.655121481814,-0.558636367477391,0,-0.558636367477391,0,0,0
3.36,3.33,13.700402060945,13.7037594887864,12.1816016875672,12.3432692486445,40.5399254448969,39.6487327038457,0.0136584634519359,0,0.0136584634519359,0,0,0
3.83,3.36,13.6770007176378,13.700402060945,12.1554290971588,12.1816016875672,40.9629643218788,40.5399254448969,0.354806192694786,0,0.354806192694786,0,0,1
4.55,3.83,13.8354367074105,13.6770007176378,11.8944246310945,12.1554290971588,41.6725018874329,40.9629643218788,-0.525692826875712,0,-0.525692826875712,0,0,-1
4.56999999999999,4.55,13.9756616455348,13.8354367074105,11.7991754881844,11.8944246310945,41.5052902077313,41.6725018874329,0.853238759669049,0,0.853238759669049,0,0,0
4.69,4.56999999999999,13.3351543664063,13.9756616455348,12.0377646205725,11.7991754881844,42.1491769463831,41.5052902077313,0.223469131078785,0,0.223469131078785,0,1,1
4.92,4.69,13.829907242938,13.3351543664063,12.119996712301,12.0377646205725,42.8025145549985,42.1491769463831,-0.955130924869447,0,-0.955130924869447,0,-1,-1
5.26000000000001,4.92,13.6195981293613,13.829907242938,12.3243927734626,12.119996712301,43.2568080274652,42.8025145549985,0.0285164784650451,0,0.0285164784650451,0,0,0
5.45999999999999,5.26000000000001,13.5560398049351,13.6195981293613,12.1288654758194,12.3243927734626,43.9524681710236,43.2568080274652,0.496396877265354,0,0.496396877265354,0,1,0
5.81999999999999,5.45999999999999,13.6750532110478,13.5560398049351,11.8849830450076,12.1288654758194,43.6547471369375,43.9524681710236,-0.146076127954611,0,-0.146076127954611,0,-1,0
5.95999999999999,5.81999999999999,13.5989209310868,13.6750532110478,12.6872376692541,11.8849830450076,43.8987892870701,43.6547471369375,0.541858599931217,0,0.541858599931217,0,0,0
6.52,5.95999999999999,13.3983488835469,13.5989209310868,12.8435965961913,12.6872376692541,44.0082156186868,43.8987892870701,-0.624837717399792,0,-0.624837717399792,0,0,0
6.69,6.52,13.3476525332537,13.3983488835469,12.8714394705066,12.8435965961913,44.181131651051,44.0082156186868,5.29167397660498,0,5.29167397660498,0,0,-1
7.61,6.69,12.7582865241783,13.3476525332537,13.4327677794257,12.8714394705066,45.5065839674007,44.181131651051,-3.44916572281051,0,-3.44916572281051,0,-1,0
7.52,7.61,12.9872780647839,12.7582865241783,13.8711737855319,13.4327677794257,46.0376473524145,45.5065839674007,-2.73710325735289,0,-2.73710325735289,0,1,1
11.38,7.52,13.8499386165766,12.9872780647839,18.3233604472568,13.8711737855319,45.7761018420681,46.0376473524145,-1.87338904480528,0,-1.87338904480528,0,0,0
13.1,11.38,13.6468489480232,13.8499386165766,18.7899550510808,18.3233604472568,45.0138091346458,45.7761018420681,2.73143325452513,0,2.73143325452513,0,0,0
13.5,13.1,13.73674068429,13.6468489480232,19.0288199245664,18.7899550510808,44.1328072866039,45.0138091346458,-0.724260211531156,0,-0.724260211531156,0,0,0
13.61,13.5,14.3938619013323,13.73674068429,17.9864576604414,19.0288199245664,43.0918142485438,44.1328072866039,2.8657128594502,0,2.8657128594502,0,0,0
13.04,13.61,14.0961057957184,14.3938619013323,16.2770765811842,17.9864576604414,42.5662084538178,43.0918142485438,-0.506434658915303,0,-0.506434658915303,0,0,0
12.98,13.04,14.1289729494447,14.0961057957184,15.5885384187866,16.2770765811842,42.4963692148468,42.5662084538178,-0.921732476157693,0,-0.921732476157693,0,0,0
12.9,12.98,14.1028930005024,14.1289729494447,15.7367271610401,15.5885384187866,43.5873539418127,42.4963692148468,-0.176982568817097,0,-0.176982568817097,0,0,1
12.68,12.9,13.9578376166117,14.1028930005024,15.8659289522007,15.7367271610401,46.5777763408537,43.5873539418127,-0.00987692322549982,0,-0.00987692322549982,0,0,-1
12.3,12.68,14.2824594252766,13.9578376166117,16.1952280951285,15.8659289522007,47.0205630049878,46.5777763408537,-2.08697942896877,0,-2.08697942896877,0,1,0
12.23,12.3,14.0427066504848,14.2824594252766,16.8755332627258,16.1952280951285,46.6606377709328,47.0205630049878,1.48234527551285,0,1.48234527551285,0,-1,0
11.88,12.23,14.1491021641989,14.0427066504848,16.5964644829297,16.8755332627258,46.0620702517914,46.6606377709328,-0.0858261368690396,0,-0.0858261368690396,0,0,0
11.92,11.88,13.9969440444052,14.1491021641989,16.368787291254,16.5964644829297,46.2112862843275,46.0620702517914,0.0855621893392779,0,0.0855621893392779,0,0,0
7.90000000000001,11.92,13.7684135015265,13.9969440444052,16.1048023954271,16.368787291254,46.4771787968653,46.2112862843275,-0.0694924849490306,0,-0.0694924849490306,0,0,1
6.26000000000001,7.90000000000001,13.6214539133541,13.7684135015265,15.7907772783328,16.1048023954271,45.2220872212585,46.4771787968653,-0.0150522367082608,0,-0.0150522367082608,0,0,0
5.72,6.26000000000001,12.9662107787834,13.6214539133541,16.1947154815825,15.7907772783328,45.9323226913015,45.2220872212585,0.757592946502786,0,0.757592946502786,0,1,-1
5.65000000000001,5.72,12.9858873546717,12.9662107787834,16.1369589092066,16.1947154815825,47.4116603285088,45.9323226913015,2.4972290169703,0,2.4972290169703,0,-1,1
6.11,5.65000000000001,12.7176283288232,12.9858873546717,16.2217537015699,16.1369589092066,46.6396264949254,47.4116603285088,-1.84168907065787,0,-1.84168907065787,0,1,-1
5.94,6.11,12.5939141891155,12.7176283288232,16.4364528613696,16.2217537015699,46.7647216504146,46.6396264949254,0.850895361256956,0,0.850895361256956,0,0,0
6.53,5.94,12.5871406612808,12.5939141891155,17.7924879166441,16.4364528613696,46.7748384885157,46.7647216504146,-3.24247020059627,0,-3.24247020059627,0,-1,1
7.18000000000001,6.53,12.4310743431095,12.5871406612808,18.4065992804199,17.7924879166441,46.5552199175737,46.7748384885157,2.21008655524883,0,2.21008655524883,0,0,-1
7.70999999999999,7.18000000000001,12.520394806367,12.4310743431095,19.7693877415874,18.4065992804199,46.7037809104216,46.5552199175737,-2.2378425154308,0,-2.2378425154308,0,1,0
7.78,7.70999999999999,12.6564414474949,12.520394806367,19.7062760577406,19.7693877415874,45.2450803512844,46.7037809104216,1.51933748883128,0,1.51933748883128,0,-1,0
7.59999999999999,7.78,12.7628728593142,12.6564414474949,22.809706745131,19.7062760577406,46.3283726774126,45.2450803512844,-0.0387339306838328,0,-0.0387339306838328,0,0,0
7.93000000000001,7.59999999999999,12.620031358957,12.7628728593142,24.0777545599007,22.809706745131,46.0228672545256,46.3283726774126,-1.74209617894006,0,-1.74209617894006,0,0,1
7.75,7.93000000000001,12.5297370846074,12.620031358957,22.8754146707176,24.0777545599007,46.0933986665762,46.0228672545256,1.37820301786078,0,1.37820301786078,0,0,0
8.23999999999999,7.75,12.5171762526197,12.5297370846074,22.8926290445096,22.8754146707176,45.0700075506292,46.0933986665762,-0.147723243239266,0,-0.147723243239266,0,0,0
8.42,8.23999999999999,12.1473741671073,12.5171762526197,23.2620152968136,22.8926290445096,44.6935867204286,45.0700075506292,1.99752624521402,0,1.99752624521402,0,1,-1
8.55,8.42,12.3208163211388,12.1473741671073,24.6413368724372,23.2620152968136,45.123931635541,44.6935867204286,-3.32207411321289,0,-3.32207411321289,0,-1,1
8.89,8.55,11.2693424665583,12.3208163211388,24.5840616348746,24.6413368724372,45.0003685170258,45.123931635541,2.57929124483088,0,2.57929124483088,0,1,-1
9.58,8.89,11.2289397929135,11.2693424665583,27.6326235664304,24.5840616348746,45.3225429678375,45.0003685170258,1.37150917776396,0,1.37150917776396,0,0,0
9.93000000000001,9.58,11.238334910737,11.2289397929135,28.0018383994988,27.6326235664304,45.3859542753051,45.3225429678375,-1.69837436785221,0,-1.69837436785221,0,0,-1
9.18000000000001,9.93000000000001,11.1182777865943,11.238334910737,30.2523414312725,28.0018383994988,44.2682565247534,45.3859542753051,-0.0926841374253904,0,-0.0926841374253904,0,-2,1
9.73999999999999,9.18000000000001,11.2757742849445,11.1182777865943,33.3993966431602,30.2523414312725,43.1757263835429,44.2682565247534,0.0683155196827663,0,0.0683155196827663,0,1,-1
10.26,9.73999999999999,12.0331212534588,11.2757742849445,31.6048338128371,33.3993966431602,41.6428924397564,43.1757263835429,0.0971594068581645,0,0.0971594068581645,0,-1,1
10.94,10.26,12.0211942653944,12.0331212534588,32.358922442873,31.6048338128371,43.3454763648167,41.6428924397564,0.167552665291165,0,0.167552665291165,0,2,0
10.63,10.94,12.3101359296625,12.0211942653944,39.411634420574,32.358922442873,42.7935119887197,43.3454763648167,-0.199229542945385,0,-0.199229542945385,0,-1,1
10.53,10.63,12.6158599860042,12.3101359296625,39.0383156367365,39.411634420574,42.2802353986948,42.7935119887197,0.230801283085562,0,0.230801283085562,0,0,-1
10.28,10.53,12.5184484426007,12.6158599860042,35.7032721262039,39.0383156367365,39.8649427355543,42.2802353986948,-0.910546663580597,0,-0.910546663580597,0,0,0
10.48,10.28,12.6454982689307,12.5184484426007,33.0565619795102,35.7032721262039,39.5463977308871,39.8649427355543,-1.10175622401147,0,-1.10175622401147,0,1,0
10.26,10.48,13.0417928691776,12.6454982689307,32.187307952633,33.0565619795102,39.1231197848592,39.5463977308871,1.65838241362351,0,1.65838241362351,0,-1,0
10.21,10.26,12.1176098276807,13.0417928691776,31.0892677830756,32.187307952633,38.6224196332458,39.1231197848592,-0.694869746936615,0,-0.694869746936615,0,-1,0
9.56,10.21,12.1664215039542,12.1176098276807,31.304718190886,31.0892677830756,38.3887770972117,38.6224196332458,0.241865546751328,0,0.241865546751328,0,2,1
9.67,9.56,12.2575894685636,12.1664215039542,28.7708278268729,31.304718190886,37.603987264272,38.3887770972117,0.47542100114168,0,0.47542100114168,0,-1,-1
5.2,0,14.2439458351335,0,16.5754497278982,0,51.3228416657712,0,-0.233318385153751,0,0,-0.233318385153751,1,0
5.41,5.2,14.2148101725803,14.2439458351335,16.4526941880449,16.5754497278982,52.095834739718,51.3228416657712,0.0463141473731241,0,0,0.0463141473731241,-1,0
5.61,5.41,14.2118074985636,14.2148101725803,16.548343436261,16.4526941880449,54.2418223144699,52.095834739718,-0.35785203631988,0,0,-0.35785203631988,0,1
5.66,5.61,14.1895063939083,14.2118074985636,16.6950513332544,16.548343436261,54.8017199825167,54.2418223144699,-0.084639006412992,0,0,-0.084639006412992,0,-1
4.66,5.66,13.6752832151387,14.1895063939083,16.6092308674114,16.6950513332544,55.2998505471517,54.8017199825167,0.224833048530936,0,0,0.224833048530936,0,0
4.98999999999999,4.66,14.1623380600382,13.6752832151387,16.668722679607,16.6092308674114,53.3356188147675,55.2998505471517,-0.0873685308722294,0,0,-0.0873685308722294,0,0
4.27,4.98999999999999,14.6199256916438,14.1623380600382,16.2596385868598,16.668722679607,54.2275759732173,53.3356188147675,-0.544289851517746,0,0,-0.544289851517746,1,0
3.76000000000001,4.27,14.7586604741907,14.6199256916438,15.8965070471883,16.2596385868598,54.7779565367617,54.2275759732173,0.234458260675932,0,0,0.234458260675932,-1,0
3.7,3.76000000000001,14.7010069170222,14.7586604741907,16.2446801105791,15.8965070471883,53.0372250336384,54.7779565367617,0.604131732419482,0,0,0.604131732419482,0,0
3.47,3.7,14.7840662899301,14.7010069170222,15.436115758483,16.2446801105791,53.5850285130161,53.0372250336384,0.224298545394849,0,0,0.224298545394849,0,0
2.95,3.47,14.5697806258407,14.7840662899301,15.6996607532007,15.436115758483,53.6131767313855,53.5850285130161,-0.172903457899903,0,0,-0.172903457899903,0,0
2.33,2.95,14.3807835880195,14.5697806258407,15.6086888297421,15.6996607532007,55.9345978767759,53.6131767313855,-0.295709351634354,0,0,-0.295709351634354,0,-1
2.29000000000001,2.33,14.4947342538965,14.3807835880195,15.6466850451305,15.6086888297421,55.9749043570439,55.9345978767759,-0.119794702308202,0,0,-0.119794702308202,-1,1
2.59999999999999,2.29000000000001,14.1055864582892,14.4947342538965,15.8683513006509,15.6466850451305,56.0363121839675,55.9749043570439,0.292313451931442,0,0,0.292313451931442,1,0
2.83,2.59999999999999,15.0157406187678,14.1055864582892,16.1814761767343,15.8683513006509,55.8462219956224,56.0363121839675,-1.92325516729135,0,0,-1.92325516729135,0,0
2.72,2.83,14.6744836884809,15.0157406187678,15.7448810657135,16.1814761767343,55.237761100642,55.8462219956224,0.637065780499267,0,0,0.637065780499267,0,0
3.52,2.72,14.8583916182906,14.6744836884809,15.2122925432241,15.7448810657135,54.8543219017605,55.237761100642,0.0708645063531286,0,0,0.0708645063531286,0,-1
3.5,3.52,14.8531952452863,14.8583916182906,14.8941596351193,15.2122925432241,55.0333006537245,54.8543219017605,-0.442791343315005,0,0,-0.442791343315005,-1,1
4.15000000000001,3.5,14.5498153899182,14.8531952452863,14.8453050566655,14.8941596351193,55.6951469537298,55.0333006537245,-0.122485714305558,0,0,-0.122485714305558,1,0
4.19,4.15000000000001,14.8795159618656,14.5498153899182,14.7478303750837,14.8453050566655,55.7497384291546,55.6951469537298,-0.34995749061331,0,0,-0.34995749061331,0,0
4.51000000000001,4.19,14.1875897644405,14.8795159618656,14.5817603022991,14.7478303750837,55.6133846493738,55.7497384291546,4.79853379400944,0,0,4.79853379400944,0,0
4.67,4.51000000000001,14.3730456090061,14.1875897644405,14.6041853205451,14.5817603022991,55.9690672357469,55.6133846493738,-3.14136377945639,0,0,-3.14136377945639,0,0
5.18000000000001,4.67,14.271324359052,14.3730456090061,14.4318138706716,14.6041853205451,55.8651218860735,55.9690672357469,-0.558636367477391,0,0,-0.558636367477391,0,0
4.92,5.18000000000001,14.4034789259375,14.271324359052,14.4731861578048,14.4318138706716,57.5453359801658,55.8651218860735,0.0136584634519359,0,0,0.0136584634519359,0,0
5.91,4.92,14.3587619015584,14.4034789259375,14.6297387053975,14.4731861578048,57.6105960562773,57.5453359801658,0.354806192694786,0,0,0.354806192694786,0,1
5.45999999999999,5.91,14.3649812971165,14.3587619015584,14.3001125310676,14.6297387053975,58.3375935707414,57.6105960562773,-0.525692826875712,0,0,-0.525692826875712,0,-1
5.28,5.45999999999999,14.6082516198687,14.3649812971165,13.9600687364203,14.3001125310676,56.1121265354487,58.3375935707414,0.853238759669049,0,0,0.853238759669049,0,0
5.05,5.28,13.8039521562595,14.6082516198687,14.2895322655056,13.9600687364203,57.1071872014339,56.1121265354487,0.223469131078785,0,0,0.223469131078785,1,1
4.98999999999999,5.05,14.2048061958769,13.8039521562595,14.4490283049094,14.2895322655056,58.1327519646344,57.1071872014339,-0.955130924869447,0,0,-0.955130924869447,-1,-1
5.19,4.98999999999999,13.8981315247644,14.2048061958769,14.5982507672022,14.4490283049094,60.0689705935461,58.1327519646344,0.0285164784650451,0,0,0.0285164784650451,0,0
6.09,5.19,13.7380975648976,13.8981315247644,14.7679465267044,14.5982507672022,61.5872355335539,60.0689705935461,0.496396877265354,0,0,0.496396877265354,1,0
6.73,6.09,13.8696163076653,13.7380975648976,14.3704583173584,14.7679465267044,62.7307683090321,61.5872355335539,-0.146076127954611,0,0,-0.146076127954611,-1,0
7.12999999999999,6.73,13.6912305172155,13.8696163076653,14.7777573313584,14.3704583173584,59.4954831459152,62.7307683090321,0.541858599931217,0,0,0.541858599931217,0,0
7.53,7.12999999999999,13.5936079477066,13.6912305172155,14.8667017498898,14.7777573313584,60.3038199421878,59.4954831459152,-0.624837717399792,0,0,-0.624837717399792,0,0
7.53,7.53,13.615761650824,13.5936079477066,14.8869275576796,14.8667017498898,61.6282634619,60.3038199421878,5.29167397660498,0,0,5.29167397660498,0,-1
7.78,7.53,13.0894518124071,13.615761650824,15.1519223825202,14.8869275576796,64.4789188535915,61.6282634619,-3.44916572281051,0,0,-3.44916572281051,-1,0
7.81999999999999,7.78,13.4610772635587,13.0894518124071,15.4610958747323,15.1519223825202,65.3224686896534,64.4789188535915,-2.73710325735289,0,0,-2.73710325735289,1,1
16.91,7.81999999999999,14.3543914048095,13.4610772635587,21.3988036787278,15.4610958747323,64.8160795352976,65.3224686896534,-1.87338904480528,0,0,-1.87338904480528,0,0
17.7,16.91,14.2937718416884,14.3543914048095,26.2212823439403,21.3988036787278,63.9356753940676,64.8160795352976,2.73143325452513,0,0,2.73143325452513,0,0
17.7,17.7,14.3398132188082,14.2937718416884,22.685752819837,26.2212823439403,63.0890908505039,63.9356753940676,-0.724260211531156,0,0,-0.724260211531156,0,0
16.77,17.7,15.0502309612654,14.3398132188082,22.4638720202137,22.685752819837,62.6261077289245,63.0890908505039,2.8657128594502,0,0,2.8657128594502,0,0
15.49,16.77,14.7216688810626,15.0502309612654,19.2117312443885,22.4638720202137,64.6829358203254,62.6261077289245,-0.506434658915303,0,0,-0.506434658915303,0,0
14.31,15.49,14.6809184750645,14.7216688810626,18.5316882319733,19.2117312443885,64.812356197329,64.6829358203254,-0.921732476157693,0,0,-0.921732476157693,0,0
13.42,14.31,14.6603824729429,14.6809184750645,18.2381639644735,18.5316882319733,65.8981662032274,64.812356197329,-0.176982568817097,0,0,-0.176982568817097,0,1
13.01,13.42,14.564476953526,14.6603824729429,18.4909057310267,18.2381639644735,63.2203271340671,65.8981662032274,-0.00987692322549982,0,0,-0.00987692322549982,0,-1
12.24,13.01,14.7737768256998,14.564476953526,19.0465883697656,18.4909057310267,64.152842242282,63.2203271340671,-2.08697942896877,0,0,-2.08697942896877,1,0
12.1,12.24,14.5138703677087,14.7737768256998,20.2076062506622,19.0465883697656,65.159265087269,64.152842242282,1.48234527551285,0,0,1.48234527551285,-1,0
12.3,12.1,14.6798026370256,14.5138703677087,18.917287917878,20.2076062506622,67.4583112138332,65.159265087269,-0.0858261368690396,0,0,-0.0858261368690396,0,0
11.75,12.3,14.5163085686121,14.6798026370256,18.378503669051,18.917287917878,67.6700596523563,67.4583112138332,0.0855621893392779,0,0,0.0855621893392779,0,0
2.86,11.75,14.4686801314544,14.5163085686121,17.5627023957656,18.378503669051,68.5368722068184,67.6700596523563,-0.0694924849490306,0,0,-0.0694924849490306,0,1
2.06999999999999,2.86,14.3159545136408,14.4686801314544,18.9839562342362,17.5627023957656,66.4487257817798,68.5368722068184,-0.0150522367082608,0,0,-0.0150522367082608,0,0
2.02,2.06999999999999,13.6833113669592,14.3159545136408,18.6505578865937,18.9839562342362,67.4359406988217,66.4487257817798,0.757592946502786,0,0,0.757592946502786,1,-1
3.41,2.02,13.7097781845196,13.6833113669592,18.4490981669673,18.6505578865937,68.4000265457195,67.4359406988217,2.4972290169703,0,0,2.4972290169703,-1,1
4.69,3.41,13.413610269146,13.7097781845196,17.8434565339247,18.4490981669673,67.0237983049917,68.4000265457195,-1.84168907065787,0,0,-1.84168907065787,1,-1
5.2,4.69,13.2325765683904,13.413610269146,18.3023006539765,17.8434565339247,68.8303164549055,67.0237983049917,0.850895361256956,0,0,0.850895361256956,0,0
6.73999999999999,5.2,13.1823798184518,13.2325765683904,20.5723556831501,18.3023006539765,70.1697518499795,68.8303164549055,-3.24247020059627,0,0,-3.24247020059627,-1,1
6.95999999999999,6.73999999999999,12.9488891667305,13.1823798184518,21.062867142028,20.5723556831501,72.6098575120342,70.1697518499795,2.21008655524883,0,0,2.21008655524883,0,-1
7.27,6.95999999999999,12.9910660611092,12.9488891667305,22.812323004749,21.062867142028,73.3970693288003,72.6098575120342,-2.2378425154308,0,0,-2.2378425154308,1,0
7.61,7.27,13.0580341427046,12.9910660611092,22.482800530657,22.812323004749,72.1120150070805,73.3970693288003,1.51933748883128,0,0,1.51933748883128,-1,0
7.62000000000001,7.61,13.1689902293093,13.0580341427046,24.3689523002908,22.482800530657,73.078791397663,72.1120150070805,-0.0387339306838328,0,0,-0.0387339306838328,0,0
7.33,7.62000000000001,13.1058134768864,13.1689902293093,25.0794799682994,24.3689523002908,72.8690835258348,73.078791397663,-1.74209617894006,0,0,-1.74209617894006,0,1
7.27,7.33,13.0378017201273,13.1058134768864,24.2431247470389,25.0794799682994,72.7780516439462,72.8690835258348,1.37820301786078,0,0,1.37820301786078,0,0
6.92,7.27,13.0839774915559,13.0378017201273,25.1497453315397,24.2431247470389,73.4885220985588,72.7780516439462,-0.147723243239266,0,0,-0.147723243239266,0,0
7.47,6.92,12.669753554482,13.0839774915559,25.034612619853,25.1497453315397,73.5402354616873,73.4885220985588,1.99752624521402,0,0,1.99752624521402,1,-1
7.31999999999999,7.47,12.8972008477471,12.669753554482,25.8394864978743,25.034612619853,73.6386312765535,73.5402354616873,-3.32207411321289,0,0,-3.32207411321289,-1,1
8.06999999999999,7.31999999999999,11.7884958225722,12.8972008477471,25.9964616113841,25.8394864978743,73.8558069978619,73.6386312765535,2.57929124483088,0,0,2.57929124483088,1,-1
8.25,8.06999999999999,11.7353689861754,11.7884958225722,27.5594949196274,25.9964616113841,73.7952432061508,73.8558069978619,1.37150917776396,0,0,1.37150917776396,0,0
7.37999999999999,8.25,11.7267042985218,11.7353689861754,25.5889344565092,27.5594949196274,73.020742672458,73.7952432061508,-1.69837436785221,0,0,-1.69837436785221,0,-1
7.40000000000001,7.37999999999999,11.503802121213,11.7267042985218,25.3820255342986,25.5889344565092,70.1710449861309,73.020742672458,-0.0926841374253904,0,0,-0.0926841374253904,-2,1
8.3,7.40000000000001,11.6410761030566,11.503802121213,26.6424830991254,25.3820255342986,67.2196434540957,70.1710449861309,0.0683155196827663,0,0,0.0683155196827663,1,-1
8.78,8.3,12.3637932413574,11.6410761030566,27.7905393750884,26.6424830991254,65.8954312633321,67.2196434540957,0.0971594068581645,0,0,0.0971594068581645,-1,1
8.81999999999999,8.78,12.4183434864328,12.3637932413574,27.1223753676106,27.7905393750884,62.8230534872067,65.8954312633321,0.167552665291165,0,0,0.167552665291165,2,0
9.19,8.81999999999999,12.7604655975655,12.4183434864328,28.3316440157646,27.1223753676106,61.8100550940926,62.8230534872067,-0.199229542945385,0,0,-0.199229542945385,-1,1
9.62,9.19,12.9982880480895,12.7604655975655,29.4634151410129,28.3316440157646,60.883884547115,61.8100550940926,0.230801283085562,0,0,0.230801283085562,0,-1
10.1,9.62,12.9705759528966,12.9982880480895,28.7086973126037,29.4634151410129,59.1289905833545,60.883884547115,-0.910546663580597,0,0,-0.910546663580597,0,0
9.93000000000001,10.1,13.0609608332507,12.9705759528966,28.2408234129472,28.7086973126037,58.6456190367891,59.1289905833545,-1.10175622401147,0,0,-1.10175622401147,1,0
9.51000000000001,9.93000000000001,13.4718360744077,13.0609608332507,28.7003605673636,28.2408234129472,57.9423099705515,58.6456190367891,1.65838241362351,0,0,1.65838241362351,-1,0
8.77,9.51000000000001,12.4913964049362,13.4718360744077,29.1493526110407,28.7003605673636,56.9429545961986,57.9423099705515,-0.694869746936615,0,0,-0.694869746936615,-1,0
7.53,8.77,12.536465456656,12.4913964049362,27.5332315417006,29.1493526110407,57.1410576341249,56.9429545961986,0.241865546751328,0,0,0.241865546751328,2,1
8.06999999999999,7.53,12.5468926606943,12.536465456656,27.7058633730895,27.5332315417006,56.6427623186253,57.1410576341249,0.47542100114168,0,0,0.47542100114168,-1,-1
6.27,0,13.7606767556392,0,15.0300418994357,0,41.5885123242224,0,-0.233318385153751,0,0,0,1,0
6.47,6.27,13.7951479286904,13.7606767556392,14.9009131454208,15.0300418994357,42.3926580915177,41.5885123242224,0.0463141473731241,0,0,0,-1,0
6.44,6.47,13.6333682491862,13.7951479286904,14.8825222970084,14.9009131454208,44.5335902305966,42.3926580915177,-0.35785203631988,0,0,0,0,1
6.59999999999999,6.44,13.5710739413079,13.6333682491862,15.1355497809048,14.8825222970084,45.7156625088238,44.5335902305966,-0.084639006412992,0,0,0,0,-1
5.91,6.59999999999999,13.3408393085372,13.5710739413079,15.06047931543,15.1355497809048,46.2573876757446,45.7156625088238,0.224833048530936,0,0,0,0,0
5.25,5.91,13.5636692189009,13.3408393085372,14.9328423642603,15.06047931543,45.3372662040458,46.2573876757446,-0.0873685308722294,0,0,0,0,0
5.16,5.25,13.6075303041185,13.5636692189009,14.7285005593779,14.9328423642603,46.230839088374,45.3372662040458,-0.544289851517746,0,0,0,1,0
5.01000000000001,5.16,13.7550532123166,13.6075303041185,14.5704282851458,14.7285005593779,47.2800208468059,46.230839088374,0.234458260675932,0,0,0,-1,0
4.76000000000001,5.01000000000001,13.6366009528317,13.7550532123166,14.8522128781207,14.5704282851458,48.6251846002338,47.2800208468059,0.604131732419482,0,0,0,0,0
4.52,4.76000000000001,13.6686039116425,13.6366009528317,14.6259911886454,14.8522128781207,49.3064445913447,48.6251846002338,0.224298545394849,0,0,0,0,0
3.89,4.52,13.57047421761,13.6686039116425,14.3330599354301,14.6259911886454,50.4505856097703,49.3064445913447,-0.172903457899903,0,0,0,0,0
2.7,3.89,13.5943364900631,13.57047421761,14.3420299380201,14.3330599354301,51.2427193904084,50.4505856097703,-0.295709351634354,0,0,0,0,-1
2.45,2.7,13.7241491623999,13.5943364900631,14.31592041049,14.3420299380201,51.4294494658194,51.2427193904084,-0.119794702308202,0,0,0,-1,1
2.87,2.45,13.4649830917707,13.7241491623999,13.6213821257303,14.31592041049,51.9771667840211,51.4294494658194,0.292313451931442,0,0,0,1,0
3.36,2.87,14.2207074421146,13.4649830917707,13.8218322297987,13.6213821257303,52.0757005751598,51.9771667840211,-1.92325516729135,0,0,0,0,0
2.87,3.36,14.1678185342081,14.2207074421146,13.9918042162642,13.8218322297987,52.1785203774728,52.0757005751598,0.637065780499267,0,0,0,0,0
3.29000000000001,2.87,14.3040012622437,14.1678185342081,13.7465629376499,13.9918042162642,52.6552891160649,52.1785203774728,0.0708645063531286,0,0,0,0,-1
3.06,3.29000000000001,14.2319194709058,14.3040012622437,13.3036410533652,13.7465629376499,52.9143801052213,52.6552891160649,-0.442791343315005,0,0,0,-1,1
3.20999999999999,3.06,14.1371751611763,14.2319194709058,13.1851244095541,13.3036410533652,53.7613740692501,52.9143801052213,-0.122485714305558,0,0,0,1,0
3.73,3.20999999999999,14.3442217658029,14.1371751611763,13.2042133279658,13.1851244095541,54.4227345439717,53.7613740692501,-0.34995749061331,0,0,0,0,0
3.8,3.73,13.7738286101833,14.3442217658029,12.9963284544726,13.2042133279658,55.2620697065396,54.4227345439717,4.79853379400944,0,0,0,0,0
4.11,3.8,13.9233297191395,13.7738286101833,13.0095065244957,12.9963284544726,55.0914766196337,55.2620697065396,-3.14136377945639,0,0,0,0,0
4.58,4.11,13.9788058969059,13.9233297191395,12.6872348624814,13.0095065244957,55.0681205830037,55.0914766196337,-0.558636367477391,0,0,0,0,0
5.20999999999999,4.58,13.9967364128158,13.9788058969059,12.6783789576296,12.6872348624814,56.509467248905,55.0681205830037,0.0136584634519359,0,0,0,0,0
5.45,5.20999999999999,13.9413716829244,13.9967364128158,12.5977546104912,12.6783789576296,56.9448332148082,56.509467248905,0.354806192694786,0,0,0,0,1
5.59999999999999,5.45,14.0146866356628,13.9413716829244,12.4840346196839,12.5977546104912,57.7086888209253,56.9448332148082,-0.525692826875712,0,0,0,0,-1
5.37999999999999,5.59999999999999,14.0973842584571,14.0146866356628,12.3169549299407,12.4840346196839,57.6631913129355,57.7086888209253,0.853238759669049,0,0,0,0,0
6.12999999999999,5.37999999999999,13.5603494871998,14.0973842584571,12.5801057256253,12.3169549299407,58.2545384280226,57.6631913129355,0.223469131078785,0,0,0,1,1
6.62999999999999,6.12999999999999,13.9862005967262,13.5603494871998,12.6476557982007,12.5801057256253,59.1272772900792,58.2545384280226,-0.955130924869447,0,0,0,-1,-1
7.3,6.62999999999999,13.8386624759084,13.9862005967262,12.9574353919696,12.6476557982007,59.7165432732922,59.1272772900792,0.0285164784650451,0,0,0,0,0
7.87999999999999,7.3,13.7455687735187,13.8386624759084,12.8850718686326,12.9574353919696,60.3708900360201,59.7165432732922,0.496396877265354,0,0,0,1,0
7.56,7.87999999999999,13.792398534872,13.7455687735187,12.8913446667116,12.8850718686326,60.8051811432101,60.3708900360201,-0.146076127954611,0,0,0,-1,0
8.52,7.56,13.7584199353012,13.792398534872,13.2736238852761,12.8913446667116,59.468626063006,60.8051811432101,0.541858599931217,0,0,0,0,0
9.09999999999999,8.52,13.6074064127849,13.7584199353012,13.3839068818589,13.2736238852761,58.9673570704048,59.468626063006,-0.624837717399792,0,0,0,0,0
9.16,9.09999999999999,13.5724705518576,13.6074064127849,13.4831726910644,13.3839068818589,59.0794721049143,58.9673570704048,5.29167397660498,0,0,0,0,-1
10.21,9.16,12.9624592947657,13.5724705518576,13.8192323657045,13.4831726910644,61.0383731418542,59.0794721049143,-3.44916572281051,0,0,0,-1,0
10.37,10.21,13.3506578193958,12.9624592947657,13.6344417310227,13.8192323657045,61.0149828647138,61.0383731418542,-2.73710325735289,0,0,0,1,1
19.22,10.37,14.2379295526774,13.3506578193958,18.9528888851377,13.6344417310227,59.9900954836651,61.0149828647138,-1.87338904480528,0,0,0,0,0
20.5,19.22,13.9885467694674,14.2379295526774,20.0100172020848,18.9528888851377,58.83758793164,59.9900954836651,2.73143325452513,0,0,0,0,0
18.48,20.5,14.0489863546915,13.9885467694674,19.2376155424933,20.0100172020848,57.8446722490758,58.83758793164,-0.724260211531156,0,0,0,0,0
17.11,18.48,14.6945687122652,14.0489863546915,18.1975788336031,19.2376155424933,57.0678091817084,57.8446722490758,2.8657128594502,0,0,0,0,0
16.4,17.11,14.4736690317856,14.6945687122652,16.2417172047576,18.1975788336031,56.7885066643925,57.0678091817084,-0.506434658915303,0,0,0,0,0
15.51,16.4,14.5335384190167,14.4736690317856,16.1416929089093,16.2417172047576,56.5985850915387,56.7885066643925,-0.921732476157693,0,0,0,0,0
15.12,15.51,14.5255120185476,14.5335384190167,16.8647896279305,16.1416929089093,56.755415819897,56.5985850915387,-0.176982568817097,0,0,0,0,1
14.07,15.12,14.4097992400326,14.5255120185476,16.0496862880906,16.8647896279305,57.1545344385331,56.755415819897,-0.00987692322549982,0,0,0,0,-1
13.05,14.07,14.626239539117,14.4097992400326,15.9243652928526,16.0496862880906,57.1130736132892,57.1545344385331,-2.08697942896877,0,0,0,1,0
12.58,13.05,14.3763481634293,14.626239539117,16.7700723056465,15.9243652928526,56.9070984766712,57.1130736132892,1.48234527551285,0,0,0,-1,0
11.52,12.58,14.5327103780433,14.3763481634293,16.1002615954461,16.7700723056465,55.8026736534339,56.9070984766712,-0.0858261368690396,0,0,0,0,0
11.16,11.52,14.3915026876067,14.5327103780433,15.9128733641638,16.1002615954461,55.904261081867,55.8026736534339,0.0855621893392779,0,0,0,0,0
2.11,11.16,14.140845958479,14.3915026876067,15.5961792609425,15.9128733641638,56.2264208472186,55.904261081867,-0.0694924849490306,0,0,0,0,1
0.730000000000004,2.11,13.9922578903994,14.140845958479,15.6307812880622,15.5961792609425,57.715092350963,56.2264208472186,-0.0150522367082608,0,0,0,0,0
2.04000000000001,0.730000000000004,13.3953733307153,13.9922578903994,15.8776059366066,15.6307812880622,58.1917365058382,57.715092350963,0.757592946502786,0,0,0,1,-1
2.93000000000001,2.04000000000001,13.409531598301,13.3953733307153,15.6268342234097,15.8776059366066,58.9543766899981,58.1917365058382,2.4972290169703,0,0,0,-1,1
3.86,2.93000000000001,13.1411800572547,13.409531598301,15.542145301419,15.6268342234097,59.6483153011118,58.9543766899981,-1.84168907065787,0,0,0,1,-1
4.95,3.86,13.0313752372259,13.1411800572547,16.0084123926611,15.542145301419,60.7217159709633,59.6483153011118,0.850895361256956,0,0,0,0,0
6.08,4.95,12.9168649812797,13.0313752372259,17.4556830127556,16.0084123926611,61.8523248758705,60.7217159709633,-3.24247020059627,0,0,0,-1,1
7,6.08,12.696207024061,12.9168649812797,18.4499307136394,17.4556830127556,61.9687601502526,61.8523248758705,2.21008655524883,0,0,0,0,-1
7.68000000000001,7,12.7833267248831,12.696207024061,19.5428210350128,18.4499307136394,61.7463357520102,61.9687601502526,-2.2378425154308,0,0,0,1,0
8.13,7.68000000000001,12.824512683465,12.7833267248831,20.0635804987164,19.5428210350128,60.1527933444048,61.7463357520102,1.51933748883128,0,0,0,-1,0
8.55,8.13,12.9305805353342,12.824512683465,22.0034850015603,20.0635804987164,59.9261079943501,60.1527933444048,-0.0387339306838328,0,0,0,0,0
8.59999999999999,8.55,12.8086046249054,12.9305805353342,22.9868865369911,22.0034850015603,59.6280084465409,59.9261079943501,-1.74209617894006,0,0,0,0,1
8.56,8.59999999999999,12.6860033949907,12.8086046249054,22.1010204621766,22.9868865369911,60.1666662152952,59.6280084465409,1.37820301786078,0,0,0,0,0
8.92,8.56,12.6333722934912,12.6860033949907,21.916514577764,22.1010204621766,60.0164073080406,60.1666662152952,-0.147723243239266,0,0,0,0,0
8.59999999999999,8.92,12.2543185016742,12.6333722934912,22.2719964497316,21.916514577764,60.1485476636131,60.0164073080406,1.99752624521402,0,0,0,1,-1
9.17,8.59999999999999,12.3033767885214,12.2543185016742,23.1172809158811,22.2719964497316,60.6387920127115,60.1485476636131,-3.32207411321289,0,0,0,-1,1
9.84999999999999,9.17,11.4016478117393,12.3033767885214,23.368883966818,23.1172809158811,59.0520087134183,60.6387920127115,2.57929124483088,0,0,0,1,-1
9.17,9.84999999999999,11.3737931340013,11.4016478117393,25.348490242624,23.368883966818,58.6987526373772,59.0520087134183,1.37150917776396,0,0,0,0,0
8.29000000000001,9.17,11.364794417957,11.3737931340013,25.1800752088054,25.348490242624,57.9817864339004,58.6987526373772,-1.69837436785221,0,0,0,0,-1
8.45999999999999,8.29000000000001,11.2136851093663,11.364794417957,26.3108101736234,25.1800752088054,57.184635303877,57.9817864339004,-0.0926841374253904,0,0,0,-2,1
9.22,8.45999999999999,11.3779606513436,11.2136851093663,28.0865490406408,26.3108101736234,54.3979710481571,57.184635303877,0.0683155196827663,0,0,0,1,-1
9.55,9.22,12.0035199947501,11.3779606513436,28.2453330690748,28.0865490406408,52.4328260654394,54.3979710481571,0.0971594068581645,0,0,0,-1,1
10.11,9.55,12.0068218846463,12.0035199947501,30.2498184000401,28.2453330690748,50.8408123090453,52.4328260654394,0.167552665291165,0,0,0,2,0
10.37,10.11,12.2757888160159,12.0068218846463,30.972432441268,30.2498184000401,50.0369919339494,50.8408123090453,-0.199229542945385,0,0,0,-1,1
11.24,10.37,12.5443547211382,12.2757888160159,31.494784150289,30.972432441268,49.5103818360385,50.0369919339494,0.230801283085562,0,0,0,0,-1
10.8,11.24,12.4706502181376,12.5443547211382,29.4121487437498,31.494784150289,49.638158600811,49.5103818360385,-0.910546663580597,0,0,0,0,0
10.7,10.8,12.5545665147328,12.4706502181376,29.2135573604181,29.4121487437498,49.3288240626192,49.638158600811,-1.10175622401147,0,0,0,1,0
10.29,10.7,12.9885003323329,12.5545665147328,28.5153255168863,29.2135573604181,48.7368721203428,49.3288240626192,1.65838241362351,0,0,0,-1,0
9.65000000000001,10.29,12.1908837277998,12.9885003323329,27.8555403276792,28.5153255168863,48.150510953869,48.7368721203428,-0.694869746936615,0,0,0,-1,0
9.04000000000001,9.65000000000001,12.2322205492755,12.1908837277998,27.1114588130425,27.8555403276792,48.4934715176291,48.150510953869,0.241865546751328,0,0,0,2,1
8.83,9.04000000000001,12.2614024904918,12.2322205492755,25.9894903449718,27.1114588130425,48.3705245575283,48.4934715176291,0.47542100114168,0,0,0,-1,-1
4.81,0,13.7727165484552,0,15.2263099748844,0,63.9247805068868,0,-0.233318385153751,0,0,0,1,0
4.95,4.81,13.7487575082395,13.7727165484552,15.0454771259542,15.2263099748844,64.726023535677,63.9247805068868,0.0463141473731241,0,0,0,-1,0
4.97,4.95,13.6468388479602,13.7487575082395,15.1690633747424,15.0454771259542,64.1926248766532,64.726023535677,-0.35785203631988,0,0,0,0,1
4.69,4.97,13.6294109941619,13.6468388479602,15.3439586382159,15.1690633747424,64.7454069708089,64.1926248766532,-0.084639006412992,0,0,0,0,-1
4.17,4.69,13.365693910034,13.6294109941619,15.1429481332182,15.3439586382159,65.0489916928558,64.7454069708089,0.224833048530936,0,0,0,0,0
3.47,4.17,13.6471311632128,13.365693910034,15.0704548721301,15.1429481332182,64.1727213958616,65.0489916928558,-0.0873685308722294,0,0,0,0,0
3.28,3.47,13.6988916903748,13.6471311632128,14.9163210574158,15.0704548721301,64.9283865029653,64.1727213958616,-0.544289851517746,0,0,0,1,0
3.12,3.28,13.8648019434193,13.6988916903748,14.6882839612117,14.9163210574158,65.5588124448783,64.9283865029653,0.234458260675932,0,0,0,-1,0
3.06999999999999,3.12,13.7857645150383,13.8648019434193,15.0461655410391,14.6882839612117,65.3716704917615,65.5588124448783,0.604131732419482,0,0,0,0,0
2.91,3.06999999999999,13.7877321958875,13.7857645150383,14.7254613147966,15.0461655410391,65.6751258577518,65.3716704917615,0.224298545394849,0,0,0,0,0
2.67,2.91,13.6876222168522,13.7877321958875,14.6172839253794,14.7254613147966,65.7731437242857,65.6751258577518,-0.172903457899903,0,0,0,0,0
2.61,2.67,13.6249157339135,13.6876222168522,14.6790559203964,14.6172839253794,69.3085241533452,65.7731437242857,-0.295709351634354,0,0,0,0,-1
2.56999999999999,2.61,13.7433341917825,13.6249157339135,14.574519989166,14.6790559203964,69.4823056475872,69.3085241533452,-0.119794702308202,0,0,0,-1,1
3.06999999999999,2.56999999999999,13.4797930708945,13.7433341917825,14.1091981468268,14.574519989166,69.8427660282904,69.4823056475872,0.292313451931442,0,0,0,1,0
3.91,3.06999999999999,14.2980411216226,13.4797930708945,14.1848347223253,14.1091981468268,67.8978501672511,69.8427660282904,-1.92325516729135,0,0,0,0,0
3.65000000000001,3.91,14.2601987398997,14.2980411216226,14.0548649111521,14.1848347223253,67.6791023942891,67.8978501672511,0.637065780499267,0,0,0,0,0
4.05,3.65000000000001,14.3905031369926,14.2601987398997,13.7682220655238,14.0548649111521,67.8855504125697,67.6791023942891,0.0708645063531286,0,0,0,0,-1
4.06999999999999,4.05,14.3377460932458,14.3905031369926,13.4160114499799,13.7682220655238,66.7022566431595,67.8855504125697,-0.442791343315005,0,0,0,-1,1
4.11,4.06999999999999,14.2459383593312,14.3377460932458,13.4880501338655,13.4160114499799,67.4094328091922,66.7022566431595,-0.122485714305558,0,0,0,1,0
4.09,4.11,14.4322986525184,14.2459383593312,13.4605717453085,13.4880501338655,68.0721091844309,67.4094328091922,-0.34995749061331,0,0,0,0,0
4.48,4.09,13.8265549151939,14.4322986525184,13.3148883955855,13.4605717453085,67.6313761932801,68.0721091844309,4.79853379400944,0,0,0,0,0
4.93000000000001,4.48,14.0114828948848,13.8265549151939,13.349009836602,13.3148883955855,67.2987603986096,67.6313761932801,-3.14136377945639,0,0,0,0,0
5.27,4.93000000000001,14.0375915191305,14.0114828948848,13.026767094486,13.349009836602,67.3419666563208,67.2987603986096,-0.558636367477391,0,0,0,0,0
5.34,5.27,14.0427578309445,14.0375915191305,13.063027722438,13.026767094486,73.5405414954491,67.3419666563208,0.0136584634519359,0,0,0,0,0
5.44,5.34,14.0147328452682,14.0427578309445,12.9707862789859,13.063027722438,74.025569188225,73.5405414954491,0.354806192694786,0,0,0,0,1
5.7,5.44,14.1181481953719,14.0147328452682,12.7696667544023,12.9707862789859,74.9183457224946,74.025569188225,-0.525692826875712,0,0,0,0,-1
5.47,5.7,14.2227447689506,14.1181481953719,12.7344867022788,12.7696667544023,72.0917385148584,74.9183457224946,0.853238759669049,0,0,0,0,0
6.12000000000001,5.47,13.6318571701267,14.2227447689506,13.0392932792432,12.7344867022788,73.0003564278176,72.0917385148584,0.223469131078785,0,0,0,1,1
6.31,6.12000000000001,14.0573791823628,13.6318571701267,13.008168246665,13.0392932792432,73.9161194357672,73.0003564278176,-0.955130924869447,0,0,0,-1,-1
6.83,6.31,13.8786521635565,14.0573791823628,13.1635569033864,13.008168246665,73.6303375329619,73.9161194357672,0.0285164784650451,0,0,0,0,0
7.27,6.83,13.7980157287793,13.8786521635565,13.1722812665459,13.1635569033864,74.4742620576309,73.6303375329619,0.496396877265354,0,0,0,1,0
8.20999999999999,7.27,13.8952054080204,13.7980157287793,13.0386464654346,13.1722812665459,74.7855179060515,74.4742620576309,-0.146076127954611,0,0,0,-1,0
8.89,8.20999999999999,13.8017802390883,13.8952054080204,13.489978085612,13.0386464654346,75.1473300245694,74.7855179060515,0.541858599931217,0,0,0,0,0
9.38,8.89,13.6739125020905,13.8017802390883,13.5974026017397,13.489978085612,73.8372233565461,75.1473300245694,-0.624837717399792,0,0,0,0,0
9.23999999999999,9.38,13.6312439365904,13.6739125020905,13.7612343571995,13.5974026017397,73.8611053370714,73.8372233565461,5.29167397660498,0,0,0,0,-1
10.04,9.23999999999999,13.0819776962176,13.6312439365904,14.1857576611133,13.7612343571995,78.3909412707605,73.8611053370714,-3.44916572281051,0,0,0,-1,0
10.64,10.04,13.4506693255925,13.0819776962176,14.2062501232653,14.1857576611133,78.7476256116465,78.3909412707605,-2.73710325735289,0,0,0,1,1
18.33,10.64,14.29413496923,13.4506693255925,19.6411823995413,14.2062501232653,77.7228352204165,78.7476256116465,-1.87338904480528,0,0,0,0,0
19.21,18.33,14.1740666372599,14.29413496923,21.2742464956775,19.6411823995413,74.1153953783207,77.7228352204165,2.73143325452513,0,0,0,0,0
18.06,19.21,14.2844736871417,14.1740666372599,19.9875600766217,21.2742464956775,72.8043117771811,74.1153953783207,-0.724260211531156,0,0,0,0,0
16.82,18.06,14.8791415710799,14.2844736871417,18.7172130634016,19.9875600766217,71.869820237806,72.8043117771811,2.8657128594502,0,0,0,0,0
15.68,16.82,14.5892944959476,14.8791415710799,17.0628866851443,18.7172130634016,72.441690156955,71.869820237806,-0.506434658915303,0,0,0,0,0
14.67,15.68,14.6443162818786,14.5892944959476,16.9207244533679,17.0628866851443,72.2421288871269,72.441690156955,-0.921732476157693,0,0,0,0,0
14.27,14.67,14.5964483212232,14.6443162818786,17.6447053397507,16.9207244533679,72.5245202710458,72.2421288871269,-0.176982568817097,0,0,0,0,1
13.34,14.27,14.4827299355988,14.5964483212232,16.6639304263938,17.6447053397507,71.5425640673803,72.5245202710458,-0.00987692322549982,0,0,0,0,-1
12.29,13.34,14.7547520131482,14.4827299355988,16.8018471632242,16.6639304263938,71.496366720422,71.5425640673803,-2.08697942896877,0,0,0,1,0
12.52,12.29,14.4859613142383,14.7547520131482,18.8494273238723,16.8018471632242,71.8209161538837,71.496366720422,1.48234527551285,0,0,0,-1,0
12.3,12.52,14.638372060209,14.4859613142383,17.1120063333928,18.8494273238723,73.965562985495,71.8209161538837,-0.0858261368690396,0,0,0,0,0
11.63,12.3,14.4907804156639,14.638372060209,16.8504120959207,17.1120063333928,73.5131113964132,73.965562985495,0.0855621893392779,0,0,0,0,0
3.59999999999999,11.63,14.3036552305159,14.4907804156639,16.5504507390727,16.8504120959207,73.5833134417306,73.5131113964132,-0.0694924849490306,0,0,0,0,1
2.34999999999999,3.59999999999999,14.2098234917352,14.3036552305159,16.5326825885649,16.5504507390727,72.357039293674,73.5833134417306,-0.0150522367082608,0,0,0,0,0
2.94,2.34999999999999,13.5107894933965,14.2098234917352,16.6590044569115,16.5326825885649,72.6102658644377,72.357039293674,0.757592946502786,0,0,0,1,-1
3.63,2.94,13.5082481825707,13.5107894933965,16.5608044708054,16.6590044569115,72.9515647421608,72.6102658644377,2.4972290169703,0,0,0,-1,1
5.01000000000001,3.63,13.209476599618,13.5082481825707,16.2408663944814,16.5608044708054,72.7463421254975,72.9515647421608,-1.84168907065787,0,0,0,1,-1
5.84,5.01000000000001,13.095079119218,13.209476599618,17.0259763123026,16.2408663944814,74.114937040075,72.7463421254975,0.850895361256956,0,0,0,0,0
6.83,5.84,13.0261312693394,13.095079119218,18.3529783298415,17.0259763123026,75.2351523514466,74.114937040075,-3.24247020059627,0,0,0,-1,1
7.25,6.83,12.8454590294887,13.0261312693394,19.0172859341993,18.3529783298415,74.9739763902132,75.2351523514466,2.21008655524883,0,0,0,0,-1
8.06999999999999,7.25,12.9267041250233,12.8454590294887,20.879308951806,19.0172859341993,74.65394695618,74.9739763902132,-2.2378425154308,0,0,0,1,0
8.08,8.06999999999999,12.9381958731817,12.9267041250233,21.1706635593634,20.879308951806,73.3325848956259,74.65394695618,1.51933748883128,0,0,0,-1,0
8.17,8.08,13.0337371322824,12.9381958731817,22.8548969659578,21.1706635593634,73.9981363293715,73.3325848956259,-0.0387339306838328,0,0,0,0,0
8.40000000000001,8.17,12.9164683458765,13.0337371322824,23.9291016140036,22.8548969659578,73.4848980088749,73.9981363293715,-1.74209617894006,0,0,0,0,1
8.67,8.40000000000001,12.8385961129029,12.9164683458765,23.2506193470496,23.9291016140036,73.478600976877,73.4848980088749,1.37820301786078,0,0,0,0,0
8.84,8.67,12.8539253831762,12.8385961129029,23.1694508696078,23.2506193470496,73.6225603768369,73.478600976877,-0.147723243239266,0,0,0,0,0
9.09999999999999,8.84,12.475080563869,12.8539253831762,22.9966764698485,23.1694508696078,73.7452336257856,73.6225603768369,1.99752624521402,0,0,0,1,-1
9.48999999999999,9.09999999999999,12.5749951806393,12.475080563869,22.9726955269126,22.9966764698485,74.372705548369,73.7452336257856,-3.32207411321289,0,0,0,-1,1
9.51000000000001,9.48999999999999,11.5914299941738,12.5749951806393,23.9305024599966,22.9726955269126,72.6709634305861,74.372705548369,2.57929124483088,0,0,0,1,-1
9.29000000000001,9.51000000000001,11.5454408136645,11.5914299941738,25.9620415209669,23.9305024599966,72.4947559741853,72.6709634305861,1.37150917776396,0,0,0,0,0
8.34999999999999,9.29000000000001,11.5553665539743,11.5454408136645,25.5745798752521,25.9620415209669,71.5313360912582,72.4947559741853,-1.69837436785221,0,0,0,0,-1
8.66,8.34999999999999,11.4154386567585,11.5553665539743,26.1811584745616,25.5745798752521,70.3464881953654,71.5313360912582,-0.0926841374253904,0,0,0,-2,1
9.66,8.66,11.574368681655,11.4154386567585,27.6432706432361,26.1811584745616,67.3054291770364,70.3464881953654,0.0683155196827663,0,0,0,1,-1
10.24,9.66,12.268368287845,11.574368681655,28.9660679640531,27.6432706432361,65.2049109934077,67.3054291770364,0.0971594068581645,0,0,0,-1,1
10.68,10.24,12.248811207687,12.268368287845,29.0629441977361,28.9660679640531,64.6795203664788,65.2049109934077,0.167552665291165,0,0,0,2,0
11.35,10.68,12.5470335137565,12.248811207687,30.1596622763195,29.0629441977361,63.5963640288306,64.6795203664788,-0.199229542945385,0,0,0,-1,1
11.56,11.35,12.827404395722,12.5470335137565,29.9635949657305,30.1596622763195,62.5743781402903,63.5963640288306,0.230801283085562,0,0,0,0,-1
11.54,11.56,12.7641409131248,12.827404395722,28.2528243082733,29.9635949657305,61.9049915317453,62.5743781402903,-0.910546663580597,0,0,0,0,0
11.3,11.54,12.8295632569513,12.7641409131248,28.2391350819484,28.2528243082733,61.2131563364401,61.9049915317453,-1.10175622401147,0,0,0,1,0
10.62,11.3,13.2658690937329,12.8295632569513,27.163908478617,28.2391350819484,60.3069233164119,61.2131563364401,1.65838241362351,0,0,0,-1,0
9.81,10.62,12.3462277246449,13.2658690937329,26.7565377013679,27.163908478617,59.3578661593469,60.3069233164119,-0.694869746936615,0,0,0,-1,0
9.7,9.81,12.402476555425,12.3462277246449,25.5259459260006,26.7565377013679,59.2949283426243,59.3578661593469,0.241865546751328,0,0,0,2,1
9.86,9.7,12.3916138384007,12.402476555425,24.3902644772442,25.5259459260006,59.0178274136094,59.2949283426243,0.47542100114168,0,0,0,-1,-1
5.36,0,13.8892529259024,0,15.3417743016893,0,55.5302362480092,0,-0.233318385153751,0,0,0,1,0
5.17,5.36,13.8975346508605,13.8892529259024,15.0822955977936,15.3417743016893,55.4799925412595,55.5302362480092,0.0463141473731241,0,0,0,-1,0
5.29000000000001,5.17,13.7935015347594,13.8975346508605,15.242577172579,15.0822955977936,55.7865551595806,55.4799925412595,-0.35785203631988,0,0,0,0,1
5.37000000000001,5.29000000000001,13.7353581922095,13.7935015347594,15.2940898205654,15.242577172579,56.2742397636037,55.7865551595806,-0.084639006412992,0,0,0,0,-1
5.06999999999999,5.37000000000001,13.5293749725429,13.7353581922095,15.280419605083,15.2940898205654,56.6522375601153,56.2742397636037,0.224833048530936,0,0,0,0,0
5.14,5.06999999999999,13.7312414670734,13.5293749725429,15.1445439001377,15.280419605083,55.9709311890578,56.6522375601153,-0.0873685308722294,0,0,0,0,0
4.73,5.14,13.7722317149389,13.7312414670734,14.9692848892451,15.1445439001377,56.7447359435388,55.9709311890578,-0.544289851517746,0,0,0,1,0
4.51000000000001,4.73,13.9350478642829,13.7722317149389,14.6774501733082,14.9692848892451,57.2904133971299,56.7447359435388,0.234458260675932,0,0,0,-1,0
4.48,4.51000000000001,13.8310033039016,13.9350478642829,15.067484415648,14.6774501733082,59.7310083355023,57.2904133971299,0.604131732419482,0,0,0,0,0
4.36,4.48,13.8569348884843,13.8310033039016,14.6553271838401,15.067484415648,59.9939470209097,59.7310083355023,0.224298545394849,0,0,0,0,0
3.73999999999999,4.36,13.7551123368546,13.8569348884843,14.5388637081016,14.6553271838401,59.816316089084,59.9939470209097,-0.172903457899903,0,0,0,0,0
3.27,3.73999999999999,13.784113696273,13.7551123368546,14.6840462570186,14.5388637081016,59.6635776576285,59.816316089084,-0.295709351634354,0,0,0,0,-1
3.18000000000001,3.27,13.87226450165,13.784113696273,14.524928288563,14.6840462570186,59.688557801946,59.6635776576285,-0.119794702308202,0,0,0,-1,1
3.54000000000001,3.18000000000001,13.5743311957514,13.87226450165,13.9650039478752,14.524928288563,60.5941171530373,59.688557801946,0.292313451931442,0,0,0,1,0
3.72,3.54000000000001,14.4107931992867,13.5743311957514,14.0258295006026,13.9650039478752,63.1354334270308,60.5941171530373,-1.92325516729135,0,0,0,0,0
3.55,3.72,14.4332525556122,14.4107931992867,13.9905874459008,14.0258295006026,63.1349925165571,63.1354334270308,0.637065780499267,0,0,0,0,0
3.84,3.55,14.5655415881193,14.4332525556122,13.8042778626725,13.9905874459008,63.8568751407383,63.1349925165571,0.0708645063531286,0,0,0,0,-1
3.95999999999999,3.84,14.5333835942963,14.5655415881193,13.6029800770775,13.8042778626725,59.6402137182143,63.8568751407383,-0.442791343315005,0,0,0,-1,1
4.12999999999999,3.95999999999999,14.4177268715504,14.5333835942963,13.4573060640434,13.6029800770775,60.3073027324698,59.6402137182143,-0.122485714305558,0,0,0,1,0
4.12999999999999,4.12999999999999,14.6063564369971,14.4177268715504,13.5725329353216,13.4573060640434,61.101855549207,60.3073027324698,-0.34995749061331,0,0,0,0,0
4.42,4.12999999999999,13.9846354898796,14.6063564369971,12.9661399773121,13.5725329353216,62.5213707321576,61.101855549207,4.79853379400944,0,0,0,0,0
4.76000000000001,4.42,14.1502615679358,13.9846354898796,13.0512223888975,12.9661399773121,63.0489237912477,62.5213707321576,-3.14136377945639,0,0,0,0,0
5.22,4.76000000000001,14.2025006879804,14.1502615679358,12.7936803013455,13.0512223888975,62.4147788054527,63.0489237912477,-0.558636367477391,0,0,0,0,0
5.70999999999999,5.22,14.2161079089174,14.2025006879804,13.0411450564806,12.7936803013455,65.455278009148,62.4147788054527,0.0136584634519359,0,0,0,0,0
6.31,5.70999999999999,14.1696831781603,14.2161079089174,13.0321006899621,13.0411450564806,66.0543955230541,65.455278009148,0.354806192694786,0,0,0,0,1
6.48999999999999,6.31,14.2514846830325,14.1696831781603,12.8976807312199,13.0321006899621,66.6838748536755,66.0543955230541,-0.525692826875712,0,0,0,0,-1
6.76000000000001,6.48999999999999,14.3674341430439,14.2514846830325,12.5760551051661,12.8976807312199,67.5586915310118,66.6838748536755,0.853238759669049,0,0,0,0,0
6.94,6.76000000000001,13.7432184430373,14.3674341430439,12.8545171221543,12.5760551051661,68.1755199566561,67.5586915310118,0.223469131078785,0,0,0,1,1
7.3,6.94,14.1441215468674,13.7432184430373,13.0088477414991,12.8545171221543,68.5544819830391,68.1755199566561,-0.955130924869447,0,0,0,-1,-1
7.05,7.3,13.952081382687,14.1441215468674,13.7608708493243,13.0088477414991,68.7077724104495,68.5544819830391,0.0285164784650451,0,0,0,0,0
7.31,7.05,13.8751179945733,13.952081382687,13.1481521673954,13.7608708493243,69.6804509764478,68.7077724104495,0.496396877265354,0,0,0,1,0
7.93000000000001,7.31,13.9514859093202,13.8751179945733,13.0768868989116,13.1481521673954,70.2596516034448,69.6804509764478,-0.146076127954611,0,0,0,-1,0
8.67,7.93000000000001,13.8913811175533,13.9514859093202,13.3844893310209,13.0768868989116,69.6680808748069,70.2596516034448,0.541858599931217,0,0,0,0,0
8.81999999999999,8.67,13.7463179348874,13.8913811175533,13.6153394384606,13.3844893310209,69.2484752094536,69.6680808748069,-0.624837717399792,0,0,0,0,0
8.48999999999999,8.81999999999999,13.7032984488357,13.7463179348874,13.485448966107,13.6153394384606,70.5174182559089,69.2484752094536,5.29167397660498,0,0,0,0,-1
9.2,8.48999999999999,13.1529992267934,13.7032984488357,14.0895553037811,13.485448966107,71.7765196970034,70.5174182559089,-3.44916572281051,0,0,0,-1,0
9.13,9.2,13.4702965091174,13.1529992267934,14.4936944772993,14.0895553037811,73.3452601412777,71.7765196970034,-2.73710325735289,0,0,0,1,1
16.97,9.13,14.3471164367228,13.4702965091174,18.9937895823385,14.4936944772993,71.9884583254835,73.3452601412777,-1.87338904480528,0,0,0,0,0
17.75,16.97,14.205396893692,14.3471164367228,20.5709901690311,18.9937895823385,74.5106014862018,71.9884583254835,2.73143325452513,0,0,0,0,0
17.43,17.75,14.3194494788211,14.205396893692,20.1465308718025,20.5709901690311,73.4769773642184,74.5106014862018,-0.724260211531156,0,0,0,0,0
16.71,17.43,14.9083683823845,14.3194494788211,18.7098639561849,20.1465308718025,72.4894196823469,73.4769773642184,2.8657128594502,0,0,0,0,0
16.4,16.71,14.6640439516237,14.9083683823845,16.7870332689099,18.7098639561849,69.5931193829763,72.4894196823469,-0.506434658915303,0,0,0,0,0
16.15,16.4,14.6857233118075,14.6640439516237,16.6884371221361,16.7870332689099,69.3228247287348,69.5931193829763,-0.921732476157693,0,0,0,0,0
15.71,16.15,14.6460413318727,14.6857233118075,16.9992545042165,16.6884371221361,70.1563160547029,69.3228247287348,-0.176982568817097,0,0,0,0,1
14.92,15.71,14.513795375804,14.6460413318727,16.4765982889416,16.9992545042165,67.9521662419521,70.1563160547029,-0.00987692322549982,0,0,0,0,-1
14.31,14.92,14.7678734167845,14.513795375804,16.4053446678744,16.4765982889416,67.7817265480811,67.9521662419521,-2.08697942896877,0,0,0,1,0
14.68,14.31,14.5224399728893,14.7678734167845,18.0443449633079,16.4053446678744,67.3327265348987,67.7817265480811,1.48234527551285,0,0,0,-1,0
14,14.68,14.6642154921984,14.5224399728893,16.6230257543964,18.0443449633079,69.9826713064792,67.3327265348987,-0.0858261368690396,0,0,0,0,0
13.68,14,14.5114080401237,14.6642154921984,16.4598910916488,16.6230257543964,69.9448777959929,69.9826713064792,0.0855621893392779,0,0,0,0,0
5.66,13.68,14.3073916171097,14.5114080401237,15.9980846873246,16.4598910916488,70.5664089951245,69.9448777959929,-0.0694924849490306,0,0,0,0,1
4.28,5.66,14.2538027213356,14.3073916171097,16.0276451461742,15.9980846873246,71.6763987358302,70.5664089951245,-0.0150522367082608,0,0,0,0,0
4.31,4.28,13.56569268482,14.2538027213356,16.190794607706,16.0276451461742,72.359840127512,71.6763987358302,0.757592946502786,0,0,0,1,-1
5.11,4.31,13.5942923899169,13.56569268482,16.0474553491218,16.190794607706,73.2393504116135,72.359840127512,2.4972290169703,0,0,0,-1,1
6.03,5.11,13.2964465602342,13.5942923899169,16.0931069539359,16.0474553491218,72.334320692747,73.2393504116135,-1.84168907065787,0,0,0,1,-1
6.92,6.03,13.1547808895615,13.2964465602342,16.4453629793822,16.0931069539359,73.8961272726905,72.334320692747,0.850895361256956,0,0,0,0,0
7.45999999999999,6.92,13.0758044395592,13.1547808895615,18.3889791763081,16.4453629793822,75.3003409165532,73.8961272726905,-3.24247020059627,0,0,0,-1,1
7.41,7.45999999999999,12.8955652710849,13.0758044395592,19.18905498778,18.3889791763081,73.5014355186155,75.3003409165532,2.21008655524883,0,0,0,0,-1
8.16,7.41,12.923814668648,12.8955652710849,20.2914800949095,19.18905498778,73.7267700692158,73.5014355186155,-2.2378425154308,0,0,0,1,0
7.98999999999999,8.16,12.9734413268338,12.923814668648,20.8657708899938,20.2914800949095,72.5664965271107,73.7267700692158,1.51933748883128,0,0,0,-1,0
8.05,7.98999999999999,13.0456429888909,12.9734413268338,22.9709192291358,20.8657708899938,75.3007002587707,72.5664965271107,-0.0387339306838328,0,0,0,0,0
8.03,8.05,12.9222091530929,13.0456429888909,22.9179666345273,22.9709192291358,74.2797896433322,75.3007002587707,-1.74209617894006,0,0,0,0,1
8.18000000000001,8.03,12.8415486655992,12.9222091530929,22.6204363298715,22.9179666345273,74.249673664036,74.2797896433322,1.37820301786078,0,0,0,0,0
8.36,8.18000000000001,12.8360317805561,12.8415486655992,22.6758750992508,22.6204363298715,74.8573752221925,74.249673664036,-0.147723243239266,0,0,0,0,0
8.65000000000001,8.36,12.4634460333554,12.8360317805561,23.1318874423563,22.6758750992508,74.7770174407255,74.8573752221925,1.99752624521402,0,0,0,1,-1
8.65000000000001,8.65000000000001,12.5615565347442,12.4634460333554,23.3631139551769,23.1318874423563,75.1232883418474,74.7770174407255,-3.32207411321289,0,0,0,-1,1
9.33,8.65000000000001,11.5539365465049,12.5615565347442,24.6302245951436,23.3631139551769,73.5710764232356,75.1232883418474,2.57929124483088,0,0,0,1,-1
8.53,9.33,11.5096170538603,11.5539365465049,25.340720154853,24.6302245951436,73.3252551531611,73.5710764232356,1.37150917776396,0,0,0,0,0
8.45,8.53,11.5114932943313,11.5096170538603,25.7258819540587,25.340720154853,72.2277334521017,73.3252551531611,-1.69837436785221,0,0,0,0,-1
8.55,8.45,11.3460014064185,11.5114932943313,28.3146609827377,25.7258819540587,69.4521988068212,72.2277334521017,-0.0926841374253904,0,0,0,-2,1
9.05,8.55,11.4962595227443,11.3460014064185,28.1503525092388,28.3146609827377,66.6103773821089,69.4521988068212,0.0683155196827663,0,0,0,1,-1
9.45,9.05,12.1621900668513,11.4962595227443,30.0956685839863,28.1503525092388,65.0920510667743,66.6103773821089,0.0971594068581645,0,0,0,-1,1
10.04,9.45,12.1447878825617,12.1621900668513,30.2218955815205,30.0956685839863,64.4730925577689,65.0920510667743,0.167552665291165,0,0,0,2,0
10.33,10.04,12.4041028153286,12.1447878825617,30.9465371287478,30.2218955815205,63.332149420206,64.4730925577689,-0.199229542945385,0,0,0,-1,1
10.75,10.33,12.6419051928557,12.4041028153286,30.442947796507,30.9465371287478,62.7997701368432,63.332149420206,0.230801283085562,0,0,0,0,-1
10.86,10.75,12.599099704734,12.6419051928557,29.530933122997,30.442947796507,64.644751447344,62.7997701368432,-0.910546663580597,0,0,0,0,0
10.77,10.86,12.6788124635974,12.599099704734,27.9536188323761,29.530933122997,64.2635404420948,64.644751447344,-1.10175622401147,0,0,0,1,0
10.27,10.77,13.0405959213545,12.6788124635974,27.2981622475667,27.9536188323761,65.0637461984255,64.2635404420948,1.65838241362351,0,0,0,-1,0
9.65000000000001,10.27,12.2222055914593,13.0405959213545,26.1590679117117,27.2981622475667,63.3595681586655,65.0637461984255,-0.694869746936615,0,0,0,-1,0
9.78,9.65000000000001,12.2392931310383,12.2222055914593,25.2737637142678,26.1590679117117,63.4158019462851,63.3595681586655,0.241865546751328,0,0,0,2,1
9.44,9.78,12.3156157500494,12.2392931310383,24.0905839904369,25.2737637142678,63.2637466698222,63.4158019462851,0.47542100114168,0,0,0,-1,-1
5.22,0,13.4699820572755,0,15.1864318637769,0,51.3999226376415,0,-0.233318385153751,-0.233318385153751,0,0,1,0
5.48,5.22,13.4207033478359,13.4699820572755,15.0834538556554,15.1864318637769,52.2765906676811,51.3999226376415,0.0463141473731241,0.0463141473731241,0,0,-1,0
5.48,5.48,13.284110564414,13.4207033478359,15.1371674536566,15.0834538556554,51.6626805255085,52.2765906676811,-0.35785203631988,-0.35785203631988,0,0,0,1
5.42,5.48,13.2194542712739,13.284110564414,15.3575905941348,15.1371674536566,52.1797364582643,51.6626805255085,-0.084639006412992,-0.084639006412992,0,0,0,-1
4.95,5.42,13.0483051560864,13.2194542712739,15.0764319468965,15.3575905941348,52.660765228702,52.1797364582643,0.224833048530936,0.224833048530936,0,0,0,0
5.01000000000001,4.95,13.2492049577922,13.0483051560864,15.081544517091,15.0764319468965,52.1262782956501,52.660765228702,-0.0873685308722294,-0.0873685308722294,0,0,0,0
4.56999999999999,5.01000000000001,13.3739946721763,13.2492049577922,14.8816359324423,15.081544517091,52.5933342955288,52.1262782956501,-0.544289851517746,-0.544289851517746,0,0,1,0
3.84999999999999,4.56999999999999,13.5393921212676,13.3739946721763,14.6690462886504,14.8816359324423,53.0467587656075,52.5933342955288,0.234458260675932,0.234458260675932,0,0,-1,0
3.56999999999999,3.84999999999999,13.4222108347828,13.5393921212676,14.876014915494,14.6690462886504,54.0280525837647,53.0467587656075,0.604131732419482,0.604131732419482,0,0,0,0
3.22,3.56999999999999,13.4743630060873,13.4222108347828,14.6415562370993,14.876014915494,54.6908558870672,54.0280525837647,0.224298545394849,0.224298545394849,0,0,0,0
2.56,3.22,13.4174902954132,13.4743630060873,14.4107725703925,14.6415562370993,55.1945963272829,54.6908558870672,-0.172903457899903,-0.172903457899903,0,0,0,0
1.91,2.56,13.7063305687193,13.4174902954132,14.4143795969192,14.4107725703925,54.9690510981286,55.1945963272829,-0.295709351634354,-0.295709351634354,0,0,0,-1
1.84,1.91,13.8354353018709,13.7063305687193,14.5217580006441,14.4143795969192,55.4533008929516,54.9690510981286,-0.119794702308202,-0.119794702308202,0,0,-1,1
2.2,1.84,13.5687298941253,13.8354353018709,14.1221340882708,14.5217580006441,56.0328028323913,55.4533008929516,0.292313451931442,0.292313451931442,0,0,1,0
2.90000000000001,2.2,14.3056623425224,13.5687298941253,14.243616492574,14.1221340882708,55.0489942946512,56.0328028323913,-1.92325516729135,-1.92325516729135,0,0,0,0
2.64,2.90000000000001,14.2404301980606,14.3056623425224,14.0668269082901,14.243616492574,55.1502057038465,55.0489942946512,0.637065780499267,0.637065780499267,0,0,0,0
2.73999999999999,2.64,14.4123469374846,14.2404301980606,13.9006784799373,14.0668269082901,55.6408938725338,55.1502057038465,0.0708645063531286,0.0708645063531286,0,0,0,-1
3,2.73999999999999,14.3933304334914,14.4123469374846,13.5885323358195,13.9006784799373,57.9506312933604,55.6408938725338,-0.442791343315005,-0.442791343315005,0,0,-1,1
3.53,3,14.3381726959287,14.3933304334914,13.4763582734554,13.5885323358195,58.8616770543914,57.9506312933604,-0.122485714305558,-0.122485714305558,0,0,1,0
3.72,3.53,14.5543465450056,14.3381726959287,13.3717141409142,13.4763582734554,59.8437249324463,58.8616770543914,-0.34995749061331,-0.34995749061331,0,0,0,0
4.20999999999999,3.72,14.0539635734623,14.5543465450056,12.9823587320324,13.3717141409142,59.79004663544,59.8437249324463,4.79853379400944,4.79853379400944,0,0,0,0
4.73999999999999,4.20999999999999,14.1970332893384,14.0539635734623,13.161143625809,12.9823587320324,60.4315540627947,59.79004663544,-3.14136377945639,-3.14136377945639,0,0,0,0
5.06999999999999,4.73999999999999,14.1915391027123,14.1970332893384,12.9793458469642,13.161143625809,60.457673214396,60.4315540627947,-0.558636367477391,-0.558636367477391,0,0,0,0
5.52,5.06999999999999,14.2095020193441,14.1915391027123,12.9773572394424,12.9793458469642,60.7964754612917,60.457673214396,0.0136584634519359,0.0136584634519359,0,0,0,0
6.17,5.52,14.2028729352052,14.2095020193441,12.9083423112461,12.9773572394424,61.5491642169984,60.7964754612917,0.354806192694786,0.354806192694786,0,0,0,1
6.37999999999999,6.17,14.2148397919988,14.2028729352052,12.8466654883759,12.9083423112461,62.8481995606446,61.5491642169984,-0.525692826875712,-0.525692826875712,0,0,0,-1
6.09999999999999,6.37999999999999,14.2602154725542,14.2148397919988,12.6924566518333,12.8466654883759,64.6953690167994,62.8481995606446,0.853238759669049,0.853238759669049,0,0,0,0
6.70999999999999,6.09999999999999,13.7558804314636,14.2602154725542,12.925939346775,12.6924566518333,65.6266545566741,64.6953690167994,0.223469131078785,0.223469131078785,0,0,1,1
7.81,6.70999999999999,14.1534400438122,13.7558804314636,12.9011966084053,12.925939346775,66.5277650956463,65.6266545566741,-0.955130924869447,-0.955130924869447,0,0,-1,-1
7.58,7.81,14.0217724136748,14.1534400438122,13.1958242360017,12.9011966084053,66.6317425765146,66.5277650956463,0.0285164784650451,0.0285164784650451,0,0,0,0
7.76000000000001,7.58,13.9176486814607,14.0217724136748,13.0965811475514,13.1958242360017,67.524987204417,66.6317425765146,0.496396877265354,0.496396877265354,0,0,1,0
8.04000000000001,7.76000000000001,13.9357544720552,13.9176486814607,13.0918007681013,13.0965811475514,68.2201018968052,67.524987204417,-0.146076127954611,-0.146076127954611,0,0,-1,0
9.08,8.04000000000001,13.8971529995712,13.9357544720552,13.3760782220369,13.0918007681013,68.1227413791758,68.2201018968052,0.541858599931217,0.541858599931217,0,0,0,0
8.97,9.08,13.7764983521974,13.8971529995712,13.6037385911652,13.3760782220369,68.7626267086263,68.1227413791758,-0.624837717399792,-0.624837717399792,0,0,0,0
9.25,8.97,13.7608354027822,13.7764983521974,13.8200804924958,13.6037385911652,70.0678955315157,68.7626267086263,5.29167397660498,5.29167397660498,0,0,0,-1
9.48999999999999,9.25,13.2621446693217,13.7608354027822,13.8786724536526,13.8200804924958,71.8717564035065,70.0678955315157,-3.44916572281051,-3.44916572281051,0,0,-1,0
9.53,9.48999999999999,13.8754026643625,13.2621446693217,14.7174980786471,13.8786724536526,72.7384215399858,71.8717564035065,-2.73710325735289,-2.73710325735289,0,0,1,1
16.19,9.53,14.713340579713,13.8754026643625,20.0770661723112,14.7174980786471,71.7808818781271,72.7384215399858,-1.87338904480528,-1.87338904480528,0,0,0,0
17.49,16.19,14.5082169841374,14.713340579713,21.4521705644998,20.0770661723112,70.2242875003372,71.7808818781271,2.73143325452513,2.73143325452513,0,0,0,0
16.79,17.49,14.566036116848,14.5082169841374,20.777590530298,21.4521705644998,69.5574603772023,70.2242875003372,-0.724260211531156,-0.724260211531156,0,0,0,0
15.12,16.79,15.1887768800829,14.566036116848,19.5525556980555,20.777590530298,69.2526388492421,69.5574603772023,2.8657128594502,2.8657128594502,0,0,0,0
14.45,15.12,14.9643916954616,15.1887768800829,18.3838114390831,19.5525556980555,69.4312024870916,69.2526388492421,-0.506434658915303,-0.506434658915303,0,0,0,0
13.06,14.45,14.9866987933256,14.9643916954616,17.3975055094518,18.3838114390831,69.3407027507729,69.4312024870916,-0.921732476157693,-0.921732476157693,0,0,0,0
13.08,13.06,14.9689056685121,14.9866987933256,17.5492149842877,17.3975055094518,69.6066964718289,69.3407027507729,-0.176982568817097,-0.176982568817097,0,0,0,1
11.5,13.08,14.9017706944967,14.9689056685121,16.2278732236746,17.5492149842877,70.5129350881763,69.6066964718289,-0.00987692322549982,-0.00987692322549982,0,0,0,-1
11.14,11.5,15.0624783821786,14.9017706944967,16.650767189596,16.2278732236746,70.8855867060798,70.5129350881763,-2.08697942896877,-2.08697942896877,0,0,1,0
10.98,11.14,14.8042380840561,15.0624783821786,17.6456505965782,16.650767189596,71.6474642000075,70.8855867060798,1.48234527551285,1.48234527551285,0,0,-1,0
11,10.98,14.985774411045,14.8042380840561,16.8232493012732,17.6456505965782,70.3170398091677,71.6474642000075,-0.0858261368690396,-0.0858261368690396,0,0,0,0
10.69,11,14.8164098791686,14.985774411045,16.5171857292303,16.8232493012732,70.5289681030486,70.3170398091677,0.0855621893392779,0.0855621893392779,0,0,0,0
3.79000000000001,10.69,14.6142332587131,14.8164098791686,16.3799367922696,16.5171857292303,71.7837860711578,70.5289681030486,-0.0694924849490306,-0.0694924849490306,0,0,0,1
2.19,3.79000000000001,14.4289833338521,14.6142332587131,16.0529232297683,16.3799367922696,71.4323058281297,71.7837860711578,-0.0150522367082608,-0.0150522367082608,0,0,0,0
2.56999999999999,2.19,13.8872728607544,14.4289833338521,16.3814055839143,16.0529232297683,72.1664679239171,71.4323058281297,0.757592946502786,0.757592946502786,0,0,1,-1
3.48999999999999,2.56999999999999,13.8748447760281,13.8872728607544,16.3244474483866,16.3814055839143,73.0523680496718,72.1664679239171,2.4972290169703,2.4972290169703,0,0,-1,1
5.22,3.48999999999999,13.6143640341611,13.8748447760281,16.0375934605451,16.3244474483866,74.4578316679389,73.0523680496718,-1.84168907065787,-1.84168907065787,0,0,1,-1
6.3,5.22,13.5405407739317,13.6143640341611,17.0037625034951,16.0375934605451,75.9584271776137,74.4578316679389,0.850895361256956,0.850895361256956,0,0,0,0
7.06999999999999,6.3,13.4013988768502,13.5405407739317,18.9008741368796,17.0037625034951,77.7146705339425,75.9584271776137,-3.24247020059627,-3.24247020059627,0,0,-1,1
7.72,7.06999999999999,13.1746989205569,13.4013988768502,19.3663461795732,18.9008741368796,78.7902838765678,77.7146705339425,2.21008655524883,2.21008655524883,0,0,0,-1
8.23,7.72,13.1685622765528,13.1746989205569,19.273255347716,19.3663461795732,79.822332021978,78.7902838765678,-2.2378425154308,-2.2378425154308,0,0,1,0
8.37,8.23,13.1529135467812,13.1685622765528,21.3220506089763,19.273255347716,80.0445928795407,79.822332021978,1.51933748883128,1.51933748883128,0,0,-1,0
8.2,8.37,13.2250035039297,13.1529135467812,22.8268120548837,21.3220506089763,79.9602074615737,80.0445928795407,-0.0387339306838328,-0.0387339306838328,0,0,0,0
8.04000000000001,8.2,13.0913280930742,13.2250035039297,23.3682668207042,22.8268120548837,80.1042920192867,79.9602074615737,-1.74209617894006,-1.74209617894006,0,0,0,1
8,8.04000000000001,12.9630003839487,13.0913280930742,22.6125390137488,23.3682668207042,80.3937415398618,80.1042920192867,1.37820301786078,1.37820301786078,0,0,0,0
7.86,8,12.9110621983466,12.9630003839487,22.6561492556323,22.6125390137488,80.2618616831673,80.3937415398618,-0.147723243239266,-0.147723243239266,0,0,0,0
8.39,7.86,12.5109481072417,12.9110621983466,22.7396504010736,22.6561492556323,80.3788402543867,80.2618616831673,1.99752624521402,1.99752624521402,0,0,1,-1
8.8,8.39,12.5390731165652,12.5109481072417,23.7068993773827,22.7396504010736,80.8030045152622,80.3788402543867,-3.32207411321289,-3.32207411321289,0,0,-1,1
9.16,8.8,11.6982051710766,12.5390731165652,23.0538328246338,23.7068993773827,79.8406946113519,80.8030045152622,2.57929124483088,2.57929124483088,0,0,1,-1
9.48,9.16,11.656143376494,11.6982051710766,24.7369809950631,23.0538328246338,79.3975238598516,79.8406946113519,1.37150917776396,1.37150917776396,0,0,0,0
8.64,9.48,11.6620261942131,11.656143376494,24.9341620772283,24.7369809950631,78.5628266553685,79.3975238598516,-1.69837436785221,-1.69837436785221,0,0,0,-1
8.48,8.64,11.5311172262129,11.6620261942131,26.2342918978712,24.9341620772283,77.1039681532582,78.5628266553685,-0.0926841374253904,-0.0926841374253904,0,0,-2,1
8.89,8.48,11.6200187011729,11.5311172262129,27.2717774267425,26.2342918978712,75.5993621809197,77.1039681532582,0.0683155196827663,0.0683155196827663,0,0,1,-1
9.48,8.89,12.163409999633,11.6200187011729,27.3186532705974,27.2717774267425,73.7187500163544,75.5993621809197,0.0971594068581645,0.0971594068581645,0,0,-1,1
9.91,9.48,12.200245182482,12.163409999633,28.8834434850995,27.3186532705974,73.0256859955494,73.7187500163544,0.167552665291165,0.167552665291165,0,0,2,0
10.17,9.91,12.4791698099067,12.200245182482,30.2710674491942,28.8834434850995,72.1415695565582,73.0256859955494,-0.199229542945385,-0.199229542945385,0,0,-1,1
10.81,10.17,12.7616091654785,12.4791698099067,30.1625186971385,30.2710674491942,71.6255296972266,72.1415695565582,0.230801283085562,0.230801283085562,0,0,0,-1
11.24,10.81,12.6772103233832,12.7616091654785,28.2849394594939,30.1625186971385,71.1317107693917,71.6255296972266,-0.910546663580597,-0.910546663580597,0,0,0,0
10.72,11.24,12.7499572376238,12.6772103233832,28.4069875080829,28.2849394594939,70.4976945568854,71.1317107693917,-1.10175622401147,-1.10175622401147,0,0,1,0
9.93000000000001,10.72,13.188703430364,12.7499572376238,27.5304583061695,28.4069875080829,70.0485601887709,70.4976945568854,1.65838241362351,1.65838241362351,0,0,-1,0
8.87,9.93000000000001,12.3711553930839,13.188703430364,26.3628470385089,27.5304583061695,69.3016497766789,70.0485601887709,-0.694869746936615,-0.694869746936615,0,0,-1,0
7.47,8.87,12.3839784936152,12.3711553930839,25.3105587295709,26.3628470385089,69.1560052410505,69.3016497766789,0.241865546751328,0.241865546751328,0,0,2,1
7.62999999999999,7.47,12.3689527173734,12.3839784936152,25.1963253425318,25.3105587295709,69.0297194852765,69.1560052410505,0.47542100114168,0.47542100114168,0,0,-1,-1
5.47,0,13.5179011386224,0,15.0849986179907,0,77.4076402659939,0,-0.233318385153751,0,-0.233318385153751,0,1,0
5.69,5.47,13.4819124988441,13.5179011386224,15.012121596375,15.0849986179907,73.6438108482295,77.4076402659939,0.0463141473731241,0,0.0463141473731241,0,-1,0
5.62000000000001,5.69,13.3640124201169,13.4819124988441,14.9233461173159,15.012121596375,68.7333034798034,73.6438108482295,-0.35785203631988,0,-0.35785203631988,0,0,1
5.73999999999999,5.62000000000001,13.3115415645319,13.3640124201169,15.0788056716688,14.9233461173159,65.2523729592818,68.7333034798034,-0.084639006412992,0,-0.084639006412992,0,0,-1
5.23,5.73999999999999,13.1278673066929,13.3115415645319,14.9814747141648,15.0788056716688,62.3278185412594,65.2523729592818,0.224833048530936,0,0.224833048530936,0,0,0
5.54000000000001,5.23,13.3571409262607,13.1278673066929,14.8892263399477,14.9814747141648,59.4263604680404,62.3278185412594,-0.0873685308722294,0,-0.0873685308722294,0,0,0
4.97,5.54000000000001,13.4602145973178,13.3571409262607,14.7372429619694,14.8892263399477,58.075787029367,59.4263604680404,-0.544289851517746,0,-0.544289851517746,0,1,0
4.61,4.97,13.6375111074898,13.4602145973178,14.5047893489784,14.7372429619694,56.5446231654865,58.075787029367,0.234458260675932,0,0.234458260675932,0,-1,0
4.37000000000001,4.61,13.5317257617957,13.6375111074898,14.7184265215198,14.5047893489784,53.8459833687716,56.5446231654865,0.604131732419482,0,0.604131732419482,0,0,0
4.03,4.37000000000001,13.5405666192709,13.5317257617957,14.4364976565673,14.7184265215198,52.2796805727726,53.8459833687716,0.224298545394849,0,0.224298545394849,0,0,0
3.83,4.03,13.4469882572129,13.5405666192709,14.2530077403421,14.4364976565673,50.0584130994071,52.2796805727726,-0.172903457899903,0,-0.172903457899903,0,0,0
3.16,3.83,13.4991268886981,13.4469882572129,14.1548947119054,14.2530077403421,50.2979600176958,50.0584130994071,-0.295709351634354,0,-0.295709351634354,0,0,-1
2.87,3.16,13.6265062931773,13.4991268886981,14.1490781146489,14.1548947119054,50.5761558178311,50.2979600176958,-0.119794702308202,0,-0.119794702308202,0,-1,1
2.73999999999999,2.87,13.3903845317133,13.6265062931773,13.6787078711608,14.1490781146489,51.0354253721873,50.5761558178311,0.292313451931442,0,0.292313451931442,0,1,0
3.18000000000001,2.73999999999999,14.1517168988001,13.3903845317133,13.8812720079539,13.6787078711608,51.5950467917165,51.0354253721873,-1.92325516729135,0,-1.92325516729135,0,0,0
2.84999999999999,3.18000000000001,14.1297310033293,14.1517168988001,13.9677582810154,13.8812720079539,51.2367865725175,51.5950467917165,0.637065780499267,0,0.637065780499267,0,0,0
2.93000000000001,2.84999999999999,14.286358553658,14.1297310033293,13.7291364150555,13.9677582810154,51.2881332393355,51.2367865725175,0.0708645063531286,0,0.0708645063531286,0,0,-1
3,2.93000000000001,14.2035870347485,14.286358553658,13.470077965909,13.7291364150555,52.6075560174206,51.2881332393355,-0.442791343315005,0,-0.442791343315005,0,-1,1
3.06999999999999,3,14.1026528491839,14.2035870347485,13.2776889346842,13.470077965909,53.3163868421804,52.6075560174206,-0.122485714305558,0,-0.122485714305558,0,1,0
3.31,3.06999999999999,14.2797254036073,14.1026528491839,13.0319206865576,13.2776889346842,54.0399113759369,53.3163868421804,-0.34995749061331,0,-0.34995749061331,0,0,0
3.55,3.31,13.6908837702674,14.2797254036073,12.8672331556877,13.0319206865576,54.6097142615706,54.0399113759369,4.79853379400944,0,4.79853379400944,0,0,0
4.31,3.55,13.844157645844,13.6908837702674,12.9748367283461,12.8672331556877,54.2603512687129,54.6097142615706,-3.14136377945639,0,-3.14136377945639,0,0,0
4.69,4.31,13.9041946807043,13.844157645844,12.726964497354,12.9748367283461,53.7145284084489,54.2603512687129,-0.558636367477391,0,-0.558636367477391,0,0,0
5.05,4.69,13.9111400632786,13.9041946807043,12.6944977001741,12.726964497354,53.1891683774561,53.7145284084489,0.0136584634519359,0,0.0136584634519359,0,0,0
5.31999999999999,5.05,13.8905675294475,13.9111400632786,12.5823405257323,12.6944977001741,53.5225322919386,53.1891683774561,0.354806192694786,0,0.354806192694786,0,0,1
5.51000000000001,5.31999999999999,13.9993230671629,13.8905675294475,12.4424833308429,12.5823405257323,54.3235884685835,53.5225322919386,-0.525692826875712,0,-0.525692826875712,0,0,-1
5.68000000000001,5.51000000000001,14.087256560165,13.9993230671629,12.2487946613236,12.4424833308429,54.7006250711263,54.3235884685835,0.853238759669049,0,0.853238759669049,0,0,0
6.56999999999999,5.68000000000001,13.5337008489042,14.087256560165,12.5595348063597,12.2487946613236,55.7653514030795,54.7006250711263,0.223469131078785,0,0.223469131078785,0,1,1
7.01000000000001,6.56999999999999,13.9761565887314,13.5337008489042,12.5992416143701,12.5595348063597,56.3804202225255,55.7653514030795,-0.955130924869447,0,-0.955130924869447,0,-1,-1
7.18000000000001,7.01000000000001,13.8337147735704,13.9761565887314,12.7969739435483,12.5992416143701,56.9939069872962,56.3804202225255,0.0285164784650451,0,0.0285164784650451,0,0,0
7.42,7.18000000000001,13.7477102707375,13.8337147735704,12.8087598186743,12.7969739435483,57.7901917562724,56.9939069872962,0.496396877265354,0,0.496396877265354,0,1,0
7.91,7.42,13.7987271972392,13.7477102707375,12.705773882447,12.8087598186743,58.2606335421815,57.7901917562724,-0.146076127954611,0,-0.146076127954611,0,-1,0
8.75,7.91,13.7441437332136,13.7987271972392,13.1654276918236,12.705773882447,58.7834661751209,58.2606335421815,0.541858599931217,0,0.541858599931217,0,0,0
8.90000000000001,8.75,13.5927985007906,13.7441437332136,13.2220733868403,13.1654276918236,58.520826299496,58.7834661751209,-0.624837717399792,0,-0.624837717399792,0,0,0
9.04000000000001,8.90000000000001,13.554729374418,13.5927985007906,13.34893634451,13.2220733868403,58.2266565199378,58.520826299496,5.29167397660498,0,5.29167397660498,0,0,-1
9.56,9.04000000000001,12.9995356357768,13.554729374418,13.6589084530164,13.34893634451,60.4161981975309,58.2266565199378,-3.44916572281051,0,-3.44916572281051,0,-1,0
9.77,9.56,13.3467616652692,12.9995356357768,13.7159150344506,13.6589084530164,60.7053573382962,60.4161981975309,-2.73710325735289,0,-2.73710325735289,0,1,1
18.56,9.77,14.201694665032,13.3467616652692,19.871873948407,13.7159150344506,59.1205297102656,60.7053573382962,-1.87338904480528,0,-1.87338904480528,0,0,0
19.34,18.56,13.9899797069477,14.201694665032,21.1624536689402,19.871873948407,57.4409117759834,59.1205297102656,2.73143325452513,0,2.73143325452513,0,0,0
17.4,19.34,14.0785947179965,13.9899797069477,19.5843338027842,21.1624536689402,56.5500607648554,57.4409117759834,-0.724260211531156,0,-0.724260211531156,0,0,0
15.92,17.4,14.7573066357956,14.0785947179965,18.2629852996977,19.5843338027842,56.3423382360288,56.5500607648554,2.8657128594502,0,2.8657128594502,0,0,0
15.34,15.92,14.4987995143157,14.7573066357956,16.2675513885165,18.2629852996977,56.3155783609396,56.3423382360288,-0.506434658915303,0,-0.506434658915303,0,0,0
14.37,15.34,14.5529507091537,14.4987995143157,15.8584816279406,16.2675513885165,56.4584883334772,56.3155783609396,-0.921732476157693,0,-0.921732476157693,0,0,0
13.63,14.37,14.5337677734848,14.5529507091537,15.8356787869434,15.8584816279406,56.809804458941,56.4584883334772,-0.176982568817097,0,-0.176982568817097,0,0,1
12.65,13.63,14.4329243576901,14.5337677734848,15.8634460527829,15.8356787869434,56.3484134932069,56.809804458941,-0.00987692322549982,0,-0.00987692322549982,0,0,-1
11.99,12.65,14.6524743961244,14.4329243576901,15.9521538562584,15.8634460527829,56.3299036361158,56.3484134932069,-2.08697942896877,0,-2.08697942896877,0,1,0
12.09,11.99,14.4292445906912,14.6524743961244,16.6289693498485,15.9521538562584,55.9784370859594,56.3299036361158,1.48234527551285,0,1.48234527551285,0,-1,0
11.31,12.09,14.5890195954555,14.4292445906912,16.3327769878824,16.6289693498485,56.9333852699656,55.9784370859594,-0.0858261368690396,0,-0.0858261368690396,0,0,0
10.73,11.31,14.4161796909267,14.5890195954555,16.0693875494587,16.3327769878824,56.7984877713243,56.9333852699656,0.0855621893392779,0,0.0855621893392779,0,0,0
2.45999999999999,10.73,14.2317811191365,14.4161796909267,16.0202793323345,16.0693875494587,57.9690118639377,56.7984877713243,-0.0694924849490306,0,-0.0694924849490306,0,0,1
1.23,2.45999999999999,14.0737866200581,14.2317811191365,15.7581425986259,16.0202793323345,56.3888073965342,57.9690118639377,-0.0150522367082608,0,-0.0150522367082608,0,0,0
2.31999999999999,1.23,13.4761536361092,14.0737866200581,15.9196873606147,15.7581425986259,56.950650918124,56.3888073965342,0.757592946502786,0,0.757592946502786,0,1,-1
3.39,2.31999999999999,13.4575849920368,13.4761536361092,15.795263083859,15.9196873606147,57.7492832200535,56.950650918124,2.4972290169703,0,2.4972290169703,0,-1,1
4.20999999999999,3.39,13.1872331837715,13.4575849920368,15.677756888961,15.795263083859,58.4138393357171,57.7492832200535,-1.84168907065787,0,-1.84168907065787,0,1,-1
5.54000000000001,4.20999999999999,13.1052809653636,13.1872331837715,16.3634775748356,15.677756888961,59.69406511508,58.4138393357171,0.850895361256956,0,0.850895361256956,0,0,0
6.66,5.54000000000001,13.0431069994561,13.1052809653636,18.1513403858362,16.3634775748356,60.8551447703053,59.69406511508,-3.24247020059627,0,-3.24247020059627,0,-1,1
7.61,6.66,12.8573705896424,13.0431069994561,19.0399159581095,18.1513403858362,60.6600463055963,60.8551447703053,2.21008655524883,0,2.21008655524883,0,0,-1
8.20999999999999,7.61,12.9079421246283,12.8573705896424,19.0235065306206,19.0399159581095,60.677037090169,60.6600463055963,-2.2378425154308,0,-2.2378425154308,0,1,0
7.78,8.20999999999999,12.921457232144,12.9079421246283,20.5609754620337,19.0235065306206,59.6548330892992,60.677037090169,1.51933748883128,0,1.51933748883128,0,-1,0
8.38,7.78,13.0185841530673,12.921457232144,23.0719010897629,20.5609754620337,60.0685016682907,59.6548330892992,-0.0387339306838328,0,-0.0387339306838328,0,0,0
8.47,8.38,12.9006335605273,13.0185841530673,24.2240201923319,23.0719010897629,59.6667399960207,60.0685016682907,-1.74209617894006,0,-1.74209617894006,0,0,1
8.45999999999999,8.47,12.8076476683677,12.9006335605273,24.1296273383401,24.2240201923319,59.1375712844048,59.6667399960207,1.37820301786078,0,1.37820301786078,0,0,0
8.72,8.45999999999999,12.7697650402633,12.8076476683677,23.761118768254,24.1296273383401,58.3019255008407,59.1375712844048,-0.147723243239266,0,-0.147723243239266,0,0,0
8.93000000000001,8.72,12.4115885312064,12.7697650402633,23.5873908844604,23.761118768254,58.2239938522043,58.3019255008407,1.99752624521402,0,1.99752624521402,0,1,-1
8.95,8.93000000000001,12.5030187224831,12.4115885312064,24.1055942120484,23.5873908844604,58.7004859803186,58.2239938522043,-3.32207411321289,0,-3.32207411321289,0,-1,1
9.45999999999999,8.95,11.5770353167793,12.5030187224831,24.7614041764795,24.1055942120484,57.3371436671459,58.7004859803186,2.57929124483088,0,2.57929124483088,0,1,-1
9.34,9.45999999999999,11.5666740203955,11.5770353167793,26.7084636559768,24.7614041764795,57.3238752516136,57.3371436671459,1.37150917776396,0,1.37150917776396,0,0,0
8.59,9.34,11.5621772783952,11.5666740203955,26.7229450170554,26.7084636559768,56.5536582770269,57.3238752516136,-1.69837436785221,0,-1.69837436785221,0,0,-1
8.56999999999999,8.59,11.4149162291788,11.5621772783952,27.3592657574403,26.7229450170554,54.3315749698878,56.5536582770269,-0.0926841374253904,0,-0.0926841374253904,0,-2,1
8.90000000000001,8.56999999999999,11.5334148674471,11.4149162291788,29.1162497067089,27.3592657574403,51.9399345228268,54.3315749698878,0.0683155196827663,0,0.0683155196827663,0,1,-1
9.62,8.90000000000001,12.142018343302,11.5334148674471,30.9398608930447,29.1162497067089,49.8778965737145,51.9399345228268,0.0971594068581645,0,0.0971594068581645,0,-1,1
10.14,9.62,12.1640077758912,12.142018343302,31.5182536918339,30.9398608930447,52.4194865690084,49.8778965737145,0.167552665291165,0,0.167552665291165,0,2,0
10.56,10.14,12.4374109656844,12.1640077758912,32.0364220321057,31.5182536918339,51.6536797728634,52.4194865690084,-0.199229542945385,0,-0.199229542945385,0,-1,1
11.13,10.56,12.7068036608666,12.4374109656844,33.2275264761423,32.0364220321057,51.3153778305856,51.6536797728634,0.230801283085562,0,0.230801283085562,0,0,-1
10.98,11.13,12.6378401492493,12.7068036608666,30.7839909923158,33.2275264761423,49.7598097618856,51.3153778305856,-0.910546663580597,0,-0.910546663580597,0,0,0
10.57,10.98,12.7661333777431,12.6378401492493,30.9008911060667,30.7839909923158,49.3991348565583,49.7598097618856,-1.10175622401147,0,-1.10175622401147,0,1,0
10.56,10.57,13.2225893710862,12.7661333777431,30.23412196404,30.9008911060667,48.7667602859713,49.3991348565583,1.65838241362351,0,1.65838241362351,0,-1,0
9.53,10.56,12.342548746881,13.2225893710862,29.4002551544951,30.23412196404,47.9827946304102,48.7667602859713,-0.694869746936615,0,-0.694869746936615,0,-1,0
8.91,9.53,12.3767295682328,12.342548746881,28.726856951305,29.4002551544951,47.8390945585072,47.9827946304102,0.241865546751328,0,0.241865546751328,0,2,1
8.83,8.91,12.3969277507298,12.3767295682328,27.7553118659316,28.726856951305,47.5750570448603,47.8390945585072,0.47542100114168,0,0.47542100114168,0,-1,-1
5.22,0,13.928274761098,0,15.6593202684764,0,70.9598999256633,0,-0.233318385153751,0,0,0,1,0
5.09999999999999,5.22,13.9416831197092,13.928274761098,15.4422404881368,15.6593202684764,71.7474549342563,70.9598999256633,0.0463141473731241,0,0,0,-1,0
5.03,5.09999999999999,13.8755398186992,13.9416831197092,15.5451546446415,15.4422404881368,69.8445113994546,71.7474549342563,-0.35785203631988,0,0,0,0,1
4.83,5.03,13.8304423408216,13.8755398186992,15.756157483676,15.5451546446415,70.4063334656105,69.8445113994546,-0.084639006412992,0,0,0,0,-1
4.56,4.83,13.5538931494055,13.8304423408216,15.5285817425373,15.756157483676,70.9190712059181,70.4063334656105,0.224833048530936,0,0,0,0,0
4.58,4.56,13.7887947480369,13.5538931494055,15.5794651367356,15.5285817425373,73.8134591825615,70.9190712059181,-0.0873685308722294,0,0,0,0,0
4.36,4.58,13.8503325012573,13.7887947480369,15.3198473952971,15.5794651367356,74.7556397219277,73.8134591825615,-0.544289851517746,0,0,0,1,0
4.2,4.36,13.9846349630586,13.8503325012573,14.9741192137395,15.3198473952971,75.3604638752975,74.7556397219277,0.234458260675932,0,0,0,-1,0
4.25,4.2,13.8494744283715,13.9846349630586,15.3340926830557,14.9741192137395,73.2687966885861,75.3604638752975,0.604131732419482,0,0,0,0,0
3.93000000000001,4.25,13.8533053353332,13.8494744283715,14.9006469348029,15.3340926830557,73.5213986196222,73.2687966885861,0.224298545394849,0,0,0,0,0
3.20999999999999,3.93000000000001,13.6953913627003,13.8533053353332,14.7705175717188,14.9006469348029,72.7962999601068,73.5213986196222,-0.172903457899903,0,0,0,0,0
2.59999999999999,3.20999999999999,13.6073223503602,13.6953913627003,14.830808788671,14.7705175717188,72.7494449365197,72.7962999601068,-0.295709351634354,0,0,0,0,-1
2.41,2.59999999999999,13.7379535042583,13.6073223503602,14.7664225628297,14.830808788671,72.609884620932,72.7494449365197,-0.119794702308202,0,0,0,-1,1
2.79000000000001,2.41,13.4661220774811,13.7379535042583,14.6359642402463,14.7664225628297,73.0972394686483,72.609884620932,0.292313451931442,0,0,0,1,0
3.52,2.79000000000001,14.3952355948969,13.4661220774811,14.6303498867083,14.6359642402463,70.981396568326,73.0972394686483,-1.92325516729135,0,0,0,0,0
3.62,3.52,14.3974356317884,14.3952355948969,14.613395825419,14.6303498867083,70.8781318626296,70.981396568326,0.637065780499267,0,0,0,0,0
3.79000000000001,3.62,14.5613004922367,14.3974356317884,14.3317206154088,14.613395825419,70.9723831711708,70.8781318626296,0.0708645063531286,0,0,0,0,-1
3.77,3.79000000000001,14.495945708396,14.5613004922367,13.9036289362131,14.3317206154088,75.1219255132945,70.9723831711708,-0.442791343315005,0,0,0,-1,1
4.06999999999999,3.77,14.3819112043672,14.495945708396,13.9168690558939,13.9036289362131,76.0730029802232,75.1219255132945,-0.122485714305558,0,0,0,1,0
4.23999999999999,4.06999999999999,14.5799769853247,14.3819112043672,13.8140380773912,13.9168690558939,76.9462960080915,76.0730029802232,-0.34995749061331,0,0,0,0,0
4.45999999999999,4.23999999999999,13.9227338549413,14.5799769853247,13.656118234232,13.8140380773912,76.3074323840123,76.9462960080915,4.79853379400944,0,0,0,0,0
5.26000000000001,4.45999999999999,14.1128329665905,13.9227338549413,13.5187096967982,13.656118234232,76.3458506510068,76.3074323840123,-3.14136377945639,0,0,0,0,0
5.91,5.26000000000001,14.1173954258918,14.1128329665905,13.1688378028255,13.5187096967982,76.1216366811348,76.3458506510068,-0.558636367477391,0,0,0,0,0
5.84999999999999,5.91,14.1618536810323,14.1173954258918,13.3119484616182,13.1688378028255,78.156199971279,76.1216366811348,0.0136584634519359,0,0,0,0,0
6.31,5.84999999999999,14.1342095313086,14.1618536810323,13.2953157770664,13.3119484616182,78.7654986585938,78.156199971279,0.354806192694786,0,0,0,0,1
6.42,6.31,14.2262323553833,14.1342095313086,13.2588327070817,13.2953157770664,79.7789462140959,78.7654986585938,-0.525692826875712,0,0,0,0,-1
6.37999999999999,6.42,14.4088810125276,14.2262323553833,13.0865591360004,13.2588327070817,79.8323798963787,79.7789462140959,0.853238759669049,0,0,0,0,0
6.78,6.37999999999999,13.7451114218069,14.4088810125276,13.4881713138641,13.0865591360004,80.8019052839197,79.8323798963787,0.223469131078785,0,0,0,1,1
7.40000000000001,6.78,14.1953645404269,13.7451114218069,13.4309268495297,13.4881713138641,81.9414796294273,80.8019052839197,-0.955130924869447,0,0,0,-1,-1
7.67,7.40000000000001,14.024513271531,14.1953645404269,13.637768283753,13.4309268495297,82.1984820255356,81.9414796294273,0.0285164784650451,0,0,0,0,0
7.65000000000001,7.67,13.8852751617945,14.024513271531,13.5885767564619,13.637768283753,83.4373854241953,82.1984820255356,0.496396877265354,0,0,0,1,0
8,7.65000000000001,13.9712442483924,13.8852751617945,13.5193923961857,13.5885767564619,83.9471711212494,83.4373854241953,-0.146076127954611,0,0,0,-1,0
9.33,8,13.9043663094232,13.9712442483924,13.793014626174,13.5193923961857,85.8608624029974,83.9471711212494,0.541858599931217,0,0,0,0,0
9.23,9.33,13.736394556071,13.9043663094232,13.9383769026499,13.793014626174,85.5790577049785,85.8608624029974,-0.624837717399792,0,0,0,0,0
9.01000000000001,9.23,13.717617399056,13.736394556071,13.8957915716066,13.9383769026499,86.0258225871914,85.5790577049785,5.29167397660498,0,0,0,0,-1
10.31,9.01000000000001,13.1408172080267,13.717617399056,14.340724159646,13.8957915716066,84.9775794499844,86.0258225871914,-3.44916572281051,0,0,0,-1,0
10.5,10.31,13.4003334066536,13.1408172080267,14.468057002218,14.340724159646,85.5036159979223,84.9775794499844,-2.73710325735289,0,0,0,1,1
17.59,10.5,14.3365341910752,13.4003334066536,18.4692944032079,14.468057002218,84.9688006382541,85.5036159979223,-1.87338904480528,0,0,0,0,0
18.74,17.59,14.1809690840922,14.3365341910752,22.2766878867149,18.4692944032079,85.7711532890959,84.9688006382541,2.73143325452513,0,0,0,0,0
18.33,18.74,14.265383250165,14.1809690840922,21.4432827806211,22.2766878867149,84.3197413854778,85.7711532890959,-0.724260211531156,0,0,0,0,0
16.8,18.33,14.9533103947405,14.265383250165,19.1778805206809,21.4432827806211,83.5167311268875,84.3197413854778,2.8657128594502,0,0,0,0,0
15.49,16.8,14.6814018004468,14.9533103947405,17.2374828210319,19.1778805206809,82.3547163637356,83.5167311268875,-0.506434658915303,0,0,0,0,0
14.41,15.49,14.7083366383314,14.6814018004468,17.2077092492064,17.2374828210319,81.9663444107126,82.3547163637356,-0.921732476157693,0,0,0,0,0
13.94,14.41,14.6839128564841,14.7083366383314,17.6296383498306,17.2077092492064,82.2734674435088,81.9663444107126,-0.176982568817097,0,0,0,0,1
12.33,13.94,14.5792213430809,14.6839128564841,16.4576073066323,17.6296383498306,82.9789800724115,82.2734674435088,-0.00987692322549982,0,0,0,0,-1
11.49,12.33,14.8459287356955,14.5792213430809,16.9814099393308,16.4576073066323,82.6814026768277,82.9789800724115,-2.08697942896877,0,0,0,1,0
11.33,11.49,14.6057684888252,14.8459287356955,17.3109922460231,16.9814099393308,81.7684707415204,82.6814026768277,1.48234527551285,0,0,0,-1,0
10.45,11.33,14.7693446906324,14.6057684888252,17.1090391760119,17.3109922460231,80.6441988301324,81.7684707415204,-0.0858261368690396,0,0,0,0,0
9.81999999999999,10.45,14.5962676134339,14.7693446906324,16.7682546827479,17.1090391760119,80.1864082615481,80.6441988301324,0.0855621893392779,0,0,0,0,0
2.43000000000001,9.81999999999999,14.445411443149,14.5962676134339,16.548331759797,16.7682546827479,80.0762703542862,80.1864082615481,-0.0694924849490306,0,0,0,0,1
1.06,2.43000000000001,14.3220833554638,14.445411443149,16.268952703371,16.548331759797,78.7131315719099,80.0762703542862,-0.0150522367082608,0,0,0,0,0
1.19,1.06,13.6142255193585,14.3220833554638,16.8200837400629,16.268952703371,78.4562411266375,78.7131315719099,0.757592946502786,0,0,0,1,-1
2,1.19,13.6326099426444,13.6142255193585,16.5649700026107,16.8200837400629,78.9163019562765,78.4562411266375,2.4972290169703,0,0,0,-1,1
3.29000000000001,2,13.3270521870585,13.6326099426444,16.3425543708382,16.5649700026107,78.9811363071597,78.9163019562765,-1.84168907065787,0,0,0,1,-1
5.12000000000001,3.29000000000001,13.202559354536,13.3270521870585,17.1579177536021,16.3425543708382,80.4671840828532,78.9811363071597,0.850895361256956,0,0,0,0,0
6.03,5.12000000000001,13.126946927835,13.202559354536,18.9232621343949,17.1579177536021,81.6603968851382,80.4671840828532,-3.24247020059627,0,0,0,-1,1
6.59999999999999,6.03,12.9003982266696,13.126946927835,19.2748559195764,18.9232621343949,81.0910566988791,81.6603968851382,2.21008655524883,0,0,0,0,-1
7.26000000000001,6.59999999999999,12.9231879345392,12.9003982266696,20.6072731331062,19.2748559195764,80.7892482761398,81.0910566988791,-2.2378425154308,0,0,0,1,0
7.26000000000001,7.26000000000001,12.9666790287488,12.9231879345392,22.1367008732023,20.6072731331062,79.1754784417071,80.7892482761398,1.51933748883128,0,0,0,-1,0
7.73999999999999,7.26000000000001,13.0461206559091,12.9666790287488,23.0566334173256,22.1367008732023,78.7907928757015,79.1754784417071,-0.0387339306838328,0,0,0,0,0
8.13,7.73999999999999,12.9131312316341,13.0461206559091,23.9257664220673,23.0566334173256,77.9643482467168,78.7907928757015,-1.74209617894006,0,0,0,0,1
8.28,8.13,12.8486109508425,12.9131312316341,23.151554632634,23.9257664220673,77.8644988490161,77.9643482467168,1.37820301786078,0,0,0,0,0
8.01000000000001,8.28,12.8577404268547,12.8486109508425,23.2386961698765,23.151554632634,77.9181971991902,77.8644988490161,-0.147723243239266,0,0,0,0,0
7.72,8.01000000000001,12.4802390801137,12.8577404268547,23.2375002004996,23.2386961698765,77.4262910752915,77.9181971991902,1.99752624521402,0,0,0,1,-1
7.84999999999999,7.72,12.5889092102628,12.4802390801137,24.2042253500514,23.2375002004996,78.1719440730916,77.4262910752915,-3.32207411321289,0,0,0,-1,1
8.16,7.84999999999999,11.5544065875807,12.5889092102628,24.5669365384564,24.2042253500514,77.5836167059772,78.1719440730916,2.57929124483088,0,0,0,1,-1
7.45,8.16,11.5361810079715,11.5544065875807,26.2378240174195,24.5669365384564,77.2101618056248,77.5836167059772,1.37150917776396,0,0,0,0,0
7.31,7.45,11.5430969329247,11.5361810079715,25.8661256271131,26.2378240174195,76.2054588820241,77.2101618056248,-1.69837436785221,0,0,0,0,-1
7.70999999999999,7.31,11.3762217437009,11.5430969329247,27.6120200081315,25.8661256271131,75.3019306398255,76.2054588820241,-0.0926841374253904,0,0,0,-2,1
8.41,7.70999999999999,11.5204652084362,11.3762217437009,29.1876118633461,27.6120200081315,70.9738341945867,75.3019306398255,0.0683155196827663,0,0,0,1,-1
9.56,8.41,12.2617435125971,11.5204652084362,28.1995638798607,29.1876118633461,68.2971054118915,70.9738341945867,0.0971594068581645,0,0,0,-1,1
9.79000000000001,9.56,12.2072625867571,12.2617435125971,30.6031426725771,28.1995638798607,65.5644899977665,68.2971054118915,0.167552665291165,0,0,0,2,0
10.02,9.79000000000001,12.508785702401,12.2072625867571,32.0278793197971,30.6031426725771,64.4705037721434,65.5644899977665,-0.199229542945385,0,0,0,-1,1
10.23,10.02,12.7956808483495,12.508785702401,31.2050872386119,32.0278793197971,63.5595937950352,64.4705037721434,0.230801283085562,0,0,0,0,-1
11.12,10.23,12.7551289693314,12.7956808483495,29.7005341036219,31.2050872386119,62.8314379555988,63.5595937950352,-0.910546663580597,0,0,0,0,0
11.1,11.12,12.8395175769749,12.7551289693314,30.0937387755232,29.7005341036219,62.4688861637427,62.8314379555988,-1.10175622401147,0,0,0,1,0
10.9,11.1,13.2722314310443,12.8395175769749,28.4505663414393,30.0937387755232,61.6179977379397,62.4688861637427,1.65838241362351,0,0,0,-1,0
10.3,10.9,12.3562427028999,13.2722314310443,27.3540799424383,28.4505663414393,60.4783577440309,61.6179977379397,-0.694869746936615,0,0,0,-1,0
9.48,10.3,12.4052645554615,12.3562427028999,26.2301585683288,27.3540799424383,60.6166344975801,60.4783577440309,0.241865546751328,0,0,0,2,1
9.17,9.48,12.3809672585644,12.4052645554615,24.8301141876712,26.2301585683288,60.586739060403,60.6166344975801,0.47542100114168,0,0,0,-1,-1
6.22,0,13.7267703639483,0,15.0817483003552,0,51.3444445190921,0,-0.233318385153751,0,0,0,1,0
6.37999999999999,6.22,13.7910096764847,13.7267703639483,14.9244364290378,15.0817483003552,51.7064208899195,51.3444445190921,0.0463141473731241,0,0,0,-1,0
6.09999999999999,6.37999999999999,13.6361124266692,13.7910096764847,15.0240853700531,14.9244364290378,52.1791092346909,51.7064208899195,-0.35785203631988,0,0,0,0,1
6.06999999999999,6.09999999999999,13.5894320086669,13.6361124266692,15.0824260565716,15.0240853700531,52.7492231046338,52.1791092346909,-0.084639006412992,0,0,0,0,-1
5.54000000000001,6.06999999999999,13.3139660439866,13.5894320086669,15.0036269801147,15.0824260565716,52.991207080606,52.7492231046338,0.224833048530936,0,0,0,0,0
5.67,5.54000000000001,13.5221777133392,13.3139660439866,14.8769836309678,15.0036269801147,53.0737262651041,52.991207080606,-0.0873685308722294,0,0,0,0,0
5.45999999999999,5.67,13.6055555631596,13.5221777133392,14.6804093678819,14.8769836309678,53.4932692846939,53.0737262651041,-0.544289851517746,0,0,0,1,0
5,5.45999999999999,13.7981891720606,13.6055555631596,14.4607138547583,14.6804093678819,53.7398753940869,53.4932692846939,0.234458260675932,0,0,0,-1,0
4.15000000000001,5,13.7297054030837,13.7981891720606,14.7608556357032,14.4607138547583,53.5736618019794,53.7398753940869,0.604131732419482,0,0,0,0,0
3.91,4.15000000000001,13.7995127774854,13.7297054030837,14.6259370973172,14.7608556357032,53.8015593660558,53.5736618019794,0.224298545394849,0,0,0,0,0
3.23,3.91,13.6444837905176,13.7995127774854,14.2527140134755,14.6259370973172,53.5419508615861,53.8015593660558,-0.172903457899903,0,0,0,0,0
2.78,3.23,13.6780025904528,13.6444837905176,14.2999211963918,14.2527140134755,54.1539088055755,53.5419508615861,-0.295709351634354,0,0,0,0,-1
2.73999999999999,2.78,13.8151336965296,13.6780025904528,14.4469217471238,14.2999211963918,54.3941917811347,54.1539088055755,-0.119794702308202,0,0,0,-1,1
2.86,2.73999999999999,13.3928814238028,13.8151336965296,14.0219556612168,14.4469217471238,54.8508361494318,54.3941917811347,0.292313451931442,0,0,0,1,0
3.72,2.86,14.2014372248561,13.3928814238028,13.9730129875854,14.0219556612168,54.8694196138693,54.8508361494318,-1.92325516729135,0,0,0,0,0
3.54000000000001,3.72,14.1724720392971,14.2014372248561,13.8942235525756,13.9730129875854,54.2814011171648,54.8694196138693,0.637065780499267,0,0,0,0,0
3.92,3.54000000000001,14.3565936046011,14.1724720392971,13.8694715588047,13.8942235525756,54.3879455174804,54.2814011171648,0.0708645063531286,0,0,0,0,-1
4.2,3.92,14.3358429543957,14.3565936046011,13.4483587394101,13.8694715588047,54.2233697509719,54.3879455174804,-0.442791343315005,0,0,0,-1,1
4.14,4.2,14.1850621234447,14.3358429543957,13.3531131686365,13.4483587394101,54.9315142415885,54.2233697509719,-0.122485714305558,0,0,0,1,0
3.95999999999999,4.14,14.383525691154,14.1850621234447,13.2808821615748,13.3531131686365,55.5218550505561,54.9315142415885,-0.34995749061331,0,0,0,0,0
4.61,3.95999999999999,13.7830634066992,14.383525691154,13.0624938881704,13.2808821615748,56.1978598189299,55.5218550505561,4.79853379400944,0,0,0,0,0
5.27,4.61,13.9253872064692,13.7830634066992,13.2299930204822,13.0624938881704,55.9559358847709,56.1978598189299,-3.14136377945639,0,0,0,0,0
5.77,5.27,13.9582446391473,13.9253872064692,13.0227974574746,13.2299930204822,55.5714195049515,55.9559358847709,-0.558636367477391,0,0,0,0,0
6.14,5.77,13.9572199879284,13.9582446391473,13.0880924224948,13.0227974574746,56.1808204718569,55.5714195049515,0.0136584634519359,0,0,0,0,0
6.81999999999999,6.14,13.925038593564,13.9572199879284,12.8426196241432,13.0880924224948,56.3894103226596,56.1808204718569,0.354806192694786,0,0,0,0,1
6.91,6.81999999999999,14.0411396165793,13.925038593564,12.6999884924457,12.8426196241432,56.9979253427163,56.3894103226596,-0.525692826875712,0,0,0,0,-1
6.19,6.91,14.0962131315504,14.0411396165793,12.4657980541903,12.6999884924457,56.5861990950495,56.9979253427163,0.853238759669049,0,0,0,0,0
6.86,6.19,13.513605340935,14.0962131315504,12.9432446355165,12.4657980541903,57.1604088870501,56.5861990950495,0.223469131078785,0,0,0,1,1
6.92,6.86,13.9688697092407,13.513605340935,12.9730585970645,12.9432446355165,57.6376905106049,57.1604088870501,-0.955130924869447,0,0,0,-1,-1
6.92,6.92,13.8138726169201,13.9688697092407,12.8833215375427,12.9730585970645,56.5516297481232,57.6376905106049,0.0285164784650451,0,0,0,0,0
7.56,6.92,13.7203810309058,13.8138726169201,12.876590251298,12.8833215375427,57.2050139069567,56.5516297481232,0.496396877265354,0,0,0,1,0
8.91,7.56,13.7968637082839,13.7203810309058,13.054511923716,12.876590251298,57.595129111342,57.2050139069567,-0.146076127954611,0,0,0,-1,0
9.7,8.91,13.7216047875711,13.7968637082839,13.4058648229139,13.054511923716,58.1331832461548,57.595129111342,0.541858599931217,0,0,0,0,0
9.93000000000001,9.7,13.5531788359485,13.7216047875711,13.592010174853,13.4058648229139,57.8728366133206,58.1331832461548,-0.624837717399792,0,0,0,0,0
9.8,9.93000000000001,13.5119063871132,13.5531788359485,13.5463835999566,13.592010174853,57.7933666367498,57.8728366133206,5.29167397660498,0,0,0,0,-1
9.95999999999999,9.8,12.935803701145,13.5119063871132,13.8864637382037,13.5463835999566,59.2007775045625,57.7933666367498,-3.44916572281051,0,0,0,-1,0
9.95999999999999,9.95999999999999,13.2958048109422,12.935803701145,13.9707368973117,13.8864637382037,59.6275515169324,59.2007775045625,-2.73710325735289,0,0,0,1,1
17.9,9.95999999999999,14.2033723833871,13.2958048109422,19.7535880351326,13.9707368973117,58.6571027542346,59.6275515169324,-1.87338904480528,0,0,0,0,0
19.77,17.9,13.986777254757,14.2033723833871,20.2014866713509,19.7535880351326,58.6701962751308,58.6571027542346,2.73143325452513,0,0,0,0,0
19.81,19.77,14.075844512674,13.986777254757,20.7207962428781,20.2014866713509,57.9034504839558,58.6701962751308,-0.724260211531156,0,0,0,0,0
18.57,19.81,14.685594901986,14.075844512674,19.0836877896993,20.7207962428781,57.3821550086641,57.9034504839558,2.8657128594502,0,0,0,0,0
17.57,18.57,14.4520669278971,14.685594901986,17.0067751681838,19.0836877896993,58.5331315172718,57.3821550086641,-0.506434658915303,0,0,0,0,0
16.8,17.57,14.4880174438814,14.4520669278971,16.8829093380252,17.0067751681838,58.2843930535503,58.5331315172718,-0.921732476157693,0,0,0,0,0
15.73,16.8,14.4650088987107,14.4880174438814,16.6777502554405,16.8829093380252,58.4379672366251,58.2843930535503,-0.176982568817097,0,0,0,0,1
14.29,15.73,14.3449507875666,14.4650088987107,16.2429452066149,16.6777502554405,56.0688270662559,58.4379672366251,-0.00987692322549982,0,0,0,0,-1
13.2,14.29,14.610560530473,14.3449507875666,16.4556422978681,16.2429452066149,56.1475774877783,56.0688270662559,-2.08697942896877,0,0,0,1,0
13.27,13.2,14.3718459728599,14.610560530473,17.8812094520073,16.4556422978681,56.0238760842525,56.1475774877783,1.48234527551285,0,0,0,-1,0
13.1,13.27,14.507757119207,14.3718459728599,17.1934496487732,17.8812094520073,56.7948572976398,56.0238760842525,-0.0858261368690396,0,0,0,0,0
12.4,13.1,14.3658206384725,14.507757119207,16.3425504915919,17.1934496487732,56.6686835447786,56.7948572976398,0.0855621893392779,0,0,0,0,0
4.43000000000001,12.4,14.1258230426414,14.3658206384725,16.2956327349048,16.3425504915919,57.2320877516594,56.6686835447786,-0.0694924849490306,0,0,0,0,1
2.95999999999999,4.43000000000001,14.058564832241,14.1258230426414,16.216514914946,16.2956327349048,58.4770284545488,57.2320877516594,-0.0150522367082608,0,0,0,0,0
2.28,2.95999999999999,13.4287244352988,14.058564832241,16.6341361996887,16.216514914946,58.7883351286821,58.4770284545488,0.757592946502786,0,0,0,1,-1
3.11,2.28,13.4457326451455,13.4287244352988,16.6448441643102,16.6341361996887,59.2907927907635,58.7883351286821,2.4972290169703,0,0,0,-1,1
4.47,3.11,13.172299799774,13.4457326451455,16.1620154351177,16.6448441643102,59.6414582203396,59.2907927907635,-1.84168907065787,0,0,0,1,-1
5.67,4.47,13.0666506024632,13.172299799774,16.5336895059668,16.1620154351177,61.0265748260367,59.6414582203396,0.850895361256956,0,0,0,0,0
6.59,5.67,12.9615430176134,13.0666506024632,19.0289890816474,16.5336895059668,62.2789029051771,61.0265748260367,-3.24247020059627,0,0,0,-1,1
7.08,6.59,12.7680562872681,12.9615430176134,19.2192138018908,19.0289890816474,62.9802700623867,62.2789029051771,2.21008655524883,0,0,0,0,-1
8.12,7.08,12.8197635505742,12.7680562872681,20.7824193757189,19.2192138018908,63.1554150609893,62.9802700623867,-2.2378425154308,0,0,0,1,0
7.84999999999999,8.12,12.8881744627151,12.8197635505742,20.8031438722187,20.7824193757189,61.8279751355678,63.1554150609893,1.51933748883128,0,0,0,-1,0
7.91,7.84999999999999,12.9570112901785,12.8881744627151,22.2864028380508,20.8031438722187,61.6590704162684,61.8279751355678,-0.0387339306838328,0,0,0,0,0
8.34999999999999,7.91,12.8406680893438,12.9570112901785,23.6035458441082,22.2864028380508,61.112514214945,61.6590704162684,-1.74209617894006,0,0,0,0,1
8.43000000000001,8.34999999999999,12.7447742902219,12.8406680893438,23.4996595484541,23.6035458441082,61.1791845680175,61.112514214945,1.37820301786078,0,0,0,0,0
8.11,8.43000000000001,12.7252413238803,12.7447742902219,23.2991754680979,23.4996595484541,60.5654017802229,61.1791845680175,-0.147723243239266,0,0,0,0,0
8.41,8.11,12.3408500102001,12.7252413238803,22.6922618646117,23.2991754680979,60.7906773734628,60.5654017802229,1.99752624521402,0,0,0,1,-1
8.3,8.41,12.4264805432665,12.3408500102001,23.3885717670463,22.6922618646117,61.3691470208613,60.7906773734628,-3.32207411321289,0,0,0,-1,1
8.33,8.3,11.4598684883402,12.4264805432665,23.8259724552377,23.3885717670463,59.5854473210801,61.3691470208613,2.57929124483088,0,0,0,1,-1
8.38,8.33,11.4268104648072,11.4598684883402,27.1453815936543,23.8259724552377,58.9482503691825,59.5854473210801,1.37150917776396,0,0,0,0,0
7.86,8.38,11.4476862494262,11.4268104648072,23.7606426508444,27.1453815936543,57.5982012634445,58.9482503691825,-1.69837436785221,0,0,0,0,-1
8.31999999999999,7.86,11.2814657715954,11.4476862494262,26.7508300077043,23.7606426508444,55.8778645544798,57.5982012634445,-0.0926841374253904,0,0,0,-2,1
8.81999999999999,8.31999999999999,11.4241846536792,11.2814657715954,27.9713271519442,26.7508300077043,52.8915373050236,55.8778645544798,0.0683155196827663,0,0,0,1,-1
9.78,8.81999999999999,12.0987394135158,11.4241846536792,27.6043964316718,27.9713271519442,50.8745381978591,52.8915373050236,0.0971594068581645,0,0,0,-1,1
10.41,9.78,12.0872010083523,12.0987394135158,30.2312602011364,27.6043964316718,49.7632910875754,50.8745381978591,0.167552665291165,0,0,0,2,0
10.56,10.41,12.3857389064856,12.0872010083523,31.7490953478866,30.2312602011364,48.8397830099898,49.7632910875754,-0.199229542945385,0,0,0,-1,1
10.88,10.56,12.7244805656922,12.3857389064856,29.5036194144451,31.7490953478866,47.9990754108526,48.8397830099898,0.230801283085562,0,0,0,0,-1
10.8,10.88,12.6466869847623,12.7244805656922,27.4411446163654,29.5036194144451,47.4881775838963,47.9990754108526,-0.910546663580597,0,0,0,0,0
10.31,10.8,12.7128654893025,12.6466869847623,26.9319059310977,27.4411446163654,47.0174918864178,47.4881775838963,-1.10175622401147,0,0,0,1,0
10.32,10.31,13.184487470365,12.7128654893025,25.945148725557,26.9319059310977,46.3750123625137,47.0174918864178,1.65838241362351,0,0,0,-1,0
10.04,10.32,12.2826225054551,13.184487470365,25.0883315350206,25.945148725557,45.7570482431862,46.3750123625137,-0.694869746936615,0,0,0,-1,0
9.15000000000001,10.04,12.3059784692181,12.2826225054551,23.899487079158,25.0883315350206,45.7772568302773,45.7570482431862,0.241865546751328,0,0,0,2,1
9.18000000000001,9.15000000000001,12.3850895029784,12.3059784692181,22.0038136157905,23.899487079158,45.7456379643596,45.7772568302773,0.47542100114168,0,0,0,-1,-1
4.70999999999999,0,13.8257195603501,0,14.5591899628589,0,51.5426400431694,0,-0.233318385153751,-0.233318385153751,0,0,1,0
4.51000000000001,4.70999999999999,13.8484412644796,13.8257195603501,14.3926251705435,14.5591899628589,52.3482746441295,51.5426400431694,0.0463141473731241,0.0463141473731241,0,0,-1,0
4.39,4.51000000000001,13.7406582822336,13.8484412644796,14.5030809518752,14.3926251705435,53.1407536683128,52.3482746441295,-0.35785203631988,-0.35785203631988,0,0,0,1
4.36,4.39,13.6717705843476,13.7406582822336,14.7556001957369,14.5030809518752,53.7497501388548,53.1407536683128,-0.084639006412992,-0.084639006412992,0,0,0,-1
4.14,4.36,13.4672710540001,13.6717705843476,14.4246396430401,14.7556001957369,54.3321320564174,53.7497501388548,0.224833048530936,0.224833048530936,0,0,0,0
4.04000000000001,4.14,13.6499425326171,13.4672710540001,14.3508428746143,14.4246396430401,54.2221852777583,54.3321320564174,-0.0873685308722294,-0.0873685308722294,0,0,0,0
3.95,4.04000000000001,13.6828075230956,13.6499425326171,14.1553311185926,14.3508428746143,54.9419722474027,54.2221852777583,-0.544289851517746,-0.544289851517746,0,0,1,0
3.87,3.95,13.886574992411,13.6828075230956,13.9756812248814,14.1553311185926,55.5643744409249,54.9419722474027,0.234458260675932,0.234458260675932,0,0,-1,0
3.58,3.87,13.7525661846192,13.886574992411,14.1805345272361,13.9756812248814,55.9226416892522,55.5643744409249,0.604131732419482,0.604131732419482,0,0,0,0
3.51000000000001,3.58,13.7743357216465,13.7525661846192,13.8714763693053,14.1805345272361,56.3775442453729,55.9226416892522,0.224298545394849,0.224298545394849,0,0,0,0
2.86,3.51000000000001,13.733416886496,13.7743357216465,13.7429935491431,13.8714763693053,56.4774821091345,56.3775442453729,-0.172903457899903,-0.172903457899903,0,0,0,0
2.29000000000001,2.86,13.7625211370549,13.733416886496,13.7099015589535,13.7429935491431,55.96235458774,56.4774821091345,-0.295709351634354,-0.295709351634354,0,0,0,-1
2.19,2.29000000000001,13.8848607474763,13.7625211370549,13.8802422645841,13.7099015589535,56.3390556577304,55.96235458774,-0.119794702308202,-0.119794702308202,0,0,-1,1
2.43000000000001,2.19,13.5769598392236,13.8848607474763,13.3905405214178,13.8802422645841,57.1301908868118,56.3390556577304,0.292313451931442,0.292313451931442,0,0,1,0
2.95999999999999,2.43000000000001,14.2750516797332,13.5769598392236,13.616767804364,13.3905405214178,56.9872577677978,57.1301908868118,-1.92325516729135,-1.92325516729135,0,0,0,0
2.76000000000001,2.95999999999999,14.2636599188867,14.2750516797332,13.4342470942506,13.616767804364,57.1602945073427,56.9872577677978,0.637065780499267,0.637065780499267,0,0,0,0
2.40000000000001,2.76000000000001,14.4401664991543,14.2636599188867,13.2660960369802,13.4342470942506,57.5761455885185,57.1602945073427,0.0708645063531286,0.0708645063531286,0,0,0,-1
3.03,2.40000000000001,14.3451896851308,14.4401664991543,13.0096628507262,13.2660960369802,58.1255259334701,57.5761455885185,-0.442791343315005,-0.442791343315005,0,0,-1,1
3.19,3.03,14.273888692719,14.3451896851308,12.8328995399949,13.0096628507262,59.1954545029664,58.1255259334701,-0.122485714305558,-0.122485714305558,0,0,1,0
3.08,3.19,14.3747356775704,14.273888692719,12.8345367258527,12.8328995399949,59.9780808243497,59.1954545029664,-0.34995749061331,-0.34995749061331,0,0,0,0
3.26000000000001,3.08,13.9118306940763,14.3747356775704,12.3093411547668,12.8345367258527,60.2561134959119,59.9780808243497,4.79853379400944,4.79853379400944,0,0,0,0
3.42,3.26000000000001,14.0389407697807,13.9118306940763,12.5810463907976,12.3093411547668,60.5715982692005,60.2561134959119,-3.14136377945639,-3.14136377945639,0,0,0,0
4.06,3.42,14.0497295780711,14.0389407697807,12.3708053609646,12.5810463907976,60.6129596516696,60.5715982692005,-0.558636367477391,-0.558636367477391,0,0,0,0
4.3,4.06,14.039766145805,14.0497295780711,12.247724674772,12.3708053609646,60.6138521947432,60.6129596516696,0.0136584634519359,0.0136584634519359,0,0,0,0
4.86,4.3,14.0116221514886,14.039766145805,12.2120450632919,12.247724674772,61.4154629753703,60.6138521947432,0.354806192694786,0.354806192694786,0,0,0,1
5.28,4.86,14.1147797771739,14.0116221514886,11.997378294014,12.2120450632919,62.2859087768338,61.4154629753703,-0.525692826875712,-0.525692826875712,0,0,0,-1
4.98,5.28,14.1049413338231,14.1147797771739,12.0849957319677,11.997378294014,62.6009443133812,62.2859087768338,0.853238759669049,0.853238759669049,0,0,0,0
5.56,4.98,13.670980760647,14.1049413338231,12.2089590223762,12.0849957319677,63.5333596649387,62.6009443133812,0.223469131078785,0.223469131078785,0,0,1,1
6.34,5.56,14.0385829540969,13.670980760647,12.1729599469698,12.2089590223762,64.7057708974857,63.5333596649387,-0.955130924869447,-0.955130924869447,0,0,-1,-1
5.90000000000001,6.34,13.9194866426639,14.0385829540969,12.3695718616288,12.1729599469698,65.1831499668612,64.7057708974857,0.0285164784650451,0.0285164784650451,0,0,0,0
6.25,5.90000000000001,13.8447018978626,13.9194866426639,12.4402562852734,12.3695718616288,66.0843612095563,65.1831499668612,0.496396877265354,0.496396877265354,0,0,1,0
6.67,6.25,13.8189304323136,13.8447018978626,12.360782309494,12.4402562852734,66.6658531325265,66.0843612095563,-0.146076127954611,-0.146076127954611,0,0,-1,0
7.69,6.67,13.8321360896775,13.8189304323136,12.7175100250973,12.360782309494,67.1907209008304,66.6658531325265,0.541858599931217,0.541858599931217,0,0,0,0
8.16,7.69,13.6995351536106,13.8321360896775,12.9620447798786,12.7175100250973,67.6262285768699,67.1907209008304,-0.624837717399792,-0.624837717399792,0,0,0,0
7.95999999999999,8.16,13.6792866369434,13.6995351536106,13.2169422931979,12.9620447798786,67.7957700411961,67.6262285768699,5.29167397660498,5.29167397660498,0,0,0,-1
8.29000000000001,7.95999999999999,13.1446108135201,13.6792866369434,13.5561311306602,13.2169422931979,64.9894356945107,67.7957700411961,-3.44916572281051,-3.44916572281051,0,0,-1,0
8.79000000000001,8.29000000000001,13.5560026042604,13.1446108135201,13.760881128323,13.5561311306602,65.703451781066,64.9894356945107,-2.73710325735289,-2.73710325735289,0,0,1,1
14.13,8.79000000000001,14.5014321348844,13.5560026042604,19.7288597651725,13.760881128323,64.9488966830256,65.703451781066,-1.87338904480528,-1.87338904480528,0,0,0,0
15.28,14.13,14.4893053135793,14.5014321348844,20.0880239678872,19.7288597651725,63.0869374945522,64.9488966830256,2.73143325452513,2.73143325452513,0,0,0,0
14.93,15.28,14.7257616908835,14.4893053135793,19.4404624226245,20.0880239678872,62.5223565562131,63.0869374945522,-0.724260211531156,-0.724260211531156,0,0,0,0
13.82,14.93,15.3866372877656,14.7257616908835,18.4655830586387,19.4404624226245,62.0714394414206,62.5223565562131,2.8657128594502,2.8657128594502,0,0,0,0
13,13.82,15.1940508917811,15.3866372877656,18.3281714871697,18.4655830586387,62.0446072794328,62.0714394414206,-0.506434658915303,-0.506434658915303,0,0,0,0
12.36,13,15.27485730549,15.1940508917811,18.006420877141,18.3281714871697,62.1728194422872,62.0446072794328,-0.921732476157693,-0.921732476157693,0,0,0,0
12.44,12.36,15.2236556904647,15.27485730549,18.5973136941489,18.006420877141,62.7051025122144,62.1728194422872,-0.176982568817097,-0.176982568817097,0,0,0,1
11.44,12.44,15.2049417043833,15.2236556904647,15.7665762231896,18.5973136941489,62.2270310607808,62.7051025122144,-0.00987692322549982,-0.00987692322549982,0,0,0,-1
10.89,11.44,15.4273856618956,15.2049417043833,16.3465063311702,15.7665762231896,62.3808559220658,62.2270310607808,-2.08697942896877,-2.08697942896877,0,0,1,0
10.83,10.89,15.1319469338315,15.4273856618956,18.1944962761629,16.3465063311702,62.3965862762543,62.3808559220658,1.48234527551285,1.48234527551285,0,0,-1,0
11.31,10.83,15.3042578834453,15.1319469338315,15.6885110028141,18.1944962761629,64.4827716946395,62.3965862762543,-0.0858261368690396,-0.0858261368690396,0,0,0,0
10.66,11.31,15.1976124667145,15.3042578834453,15.6361385651788,15.6885110028141,64.4174537358192,64.4827716946395,0.0855621893392779,0.0855621893392779,0,0,0,0
4.86,10.66,15.0070349921322,15.1976124667145,15.2925931819795,15.6361385651788,65.0843737636244,64.4174537358192,-0.0694924849490306,-0.0694924849490306,0,0,0,1
3.44,4.86,14.8612163818996,15.0070349921322,15.3172748011438,15.2925931819795,64.7818286853145,65.0843737636244,-0.0150522367082608,-0.0150522367082608,0,0,0,0
3.23,3.44,14.3248277833518,14.8612163818996,15.4551416123773,15.3172748011438,64.9849752288959,64.7818286853145,0.757592946502786,0.757592946502786,0,0,1,-1
3.88,3.23,14.3584669086359,14.3248277833518,15.218644620108,15.4551416123773,65.335451554752,64.9849752288959,2.4972290169703,2.4972290169703,0,0,-1,1
4.64,3.88,14.098942024581,14.3584669086359,14.8817704838909,15.218644620108,65.41656592889,65.335451554752,-1.84168907065787,-1.84168907065787,0,0,1,-1
5.34999999999999,4.64,14.0123856733314,14.098942024581,15.6878329080297,14.8817704838909,66.2982070444508,65.41656592889,0.850895361256956,0.850895361256956,0,0,0,0
5.47,5.34999999999999,13.8790014778476,14.0123856733314,17.4058547276803,15.6878329080297,67.2131562036856,66.2982070444508,-3.24247020059627,-3.24247020059627,0,0,-1,1
5.7,5.47,13.5734857000153,13.8790014778476,18.1971783832596,17.4058547276803,67.2295000660033,67.2131562036856,2.21008655524883,2.21008655524883,0,0,0,-1
6.15000000000001,5.7,13.647011609426,13.5734857000153,18.1506390596887,18.1971783832596,67.0115802107651,67.2295000660033,-2.2378425154308,-2.2378425154308,0,0,1,0
6.04000000000001,6.15000000000001,13.5545850343655,13.647011609426,19.5176362034296,18.1506390596887,66.1243396324981,67.0115802107651,1.51933748883128,1.51933748883128,0,0,-1,0
5.78,6.04000000000001,13.6038200182303,13.5545850343655,21.924487287366,19.5176362034296,65.177438982562,66.1243396324981,-0.0387339306838328,-0.0387339306838328,0,0,0,0
6.01000000000001,5.78,13.5147934012386,13.6038200182303,22.3673077222158,21.924487287366,64.6231683005226,65.177438982562,-1.74209617894006,-1.74209617894006,0,0,0,1
6.41,6.01000000000001,13.4642426108714,13.5147934012386,21.3557993496106,22.3673077222158,64.6151821032624,64.6231683005226,1.37820301786078,1.37820301786078,0,0,0,0
6.65000000000001,6.41,13.3947826576867,13.4642426108714,21.4629970406893,21.3557993496106,64.5136769250118,64.6151821032624,-0.147723243239266,-0.147723243239266,0,0,0,0
6.93000000000001,6.65000000000001,12.9383470813941,13.3947826576867,21.1593551573498,21.4629970406893,64.2563925799065,64.5136769250118,1.99752624521402,1.99752624521402,0,0,1,-1
7.5,6.93000000000001,13.0520165750411,12.9383470813941,21.8280115200219,21.1593551573498,64.4263092954366,64.2563925799065,-3.32207411321289,-3.32207411321289,0,0,-1,1
7.91,7.5,12.2689664426976,13.0520165750411,22.2097809288761,21.8280115200219,63.1921743066137,64.4263092954366,2.57929124483088,2.57929124483088,0,0,1,-1
7.56,7.91,12.2634641995781,12.2689664426976,22.9764036542477,22.2097809288761,62.7699064703176,63.1921743066137,1.37150917776396,1.37150917776396,0,0,0,0
7.36,7.56,12.2982661030411,12.2634641995781,23.4819990087488,22.9764036542477,61.8585370490766,62.7699064703176,-1.69837436785221,-1.69837436785221,0,0,0,-1
7.45,7.36,12.0970619065441,12.2982661030411,24.8193166421492,23.4819990087488,60.1675200205531,61.8585370490766,-0.0926841374253904,-0.0926841374253904,0,0,-2,1
8.09999999999999,7.45,12.2320551616774,12.0970619065441,26.2510850941699,24.8193166421492,57.5469577484757,60.1675200205531,0.0683155196827663,0.0683155196827663,0,0,1,-1
9.25,8.09999999999999,12.750979433862,12.2320551616774,27.1017465807083,26.2510850941699,55.3368132549862,57.5469577484757,0.0971594068581645,0.0971594068581645,0,0,-1,1
9.78,9.25,12.8086144602984,12.750979433862,29.1611826013167,27.1017465807083,58.9238606265374,55.3368132549862,0.167552665291165,0.167552665291165,0,0,2,0
9.75,9.78,13.1160976154228,12.8086144602984,29.7130756403234,29.1611826013167,58.0106404828145,58.9238606265374,-0.199229542945385,-0.199229542945385,0,0,-1,1
10.18,9.75,13.4138227773704,13.1160976154228,29.7029864805297,29.7130756403234,57.3387575870406,58.0106404828145,0.230801283085562,0.230801283085562,0,0,0,-1
10.1,10.18,13.2682357258331,13.4138227773704,28.1021020020799,29.7029864805297,56.6637989502024,57.3387575870406,-0.910546663580597,-0.910546663580597,0,0,0,0
9.76000000000001,10.1,13.3597153454797,13.2682357258331,27.5776924478573,28.1021020020799,56.1284369843092,56.6637989502024,-1.10175622401147,-1.10175622401147,0,0,1,0
9.26000000000001,9.76000000000001,13.8622141809022,13.3597153454797,26.6716562763804,27.5776924478573,55.5431666782441,56.1284369843092,1.65838241362351,1.65838241362351,0,0,-1,0
9.55,9.26000000000001,12.8994682577145,13.8622141809022,25.4446984525243,26.6716562763804,54.7146645407946,55.5431666782441,-0.694869746936615,-0.694869746936615,0,0,-1,0
9.37,9.55,12.9951821013805,12.8994682577145,24.1014878199068,25.4446984525243,54.5998454523383,54.7146645407946,0.241865546751328,0.241865546751328,0,0,2,1
9.7,9.37,12.9607991936221,12.9951821013805,23.6238235653725,24.1014878199068,54.4074372322902,54.5998454523383,0.47542100114168,0.47542100114168,0,0,-1,-1
6.18000000000001,0,13.8008428745579,0,15.1611615703917,0,44.9290291004455,0,-0.233318385153751,0,0,0,1,0
6.19,6.18000000000001,13.842855464501,13.8008428745579,14.9617333537057,15.1611615703917,44.8941242472827,44.9290291004455,0.0463141473731241,0,0,0,-1,0
6.23999999999999,6.19,13.7603342007396,13.842855464501,15.0194986986478,14.9617333537057,44.9638791993954,44.8941242472827,-0.35785203631988,0,0,0,0,1
6.2,6.23999999999999,13.7097992014722,13.7603342007396,15.1268486390835,15.0194986986478,45.4754499199489,44.9638791993954,-0.084639006412992,0,0,0,0,-1
5.45,6.2,13.4143494409769,13.7097992014722,14.9104155770856,15.1268486390835,45.9507697434884,45.4754499199489,0.224833048530936,0,0,0,0,0
5.12000000000001,5.45,13.6690261569421,13.4143494409769,14.9475918337031,14.9104155770856,46.1891098269367,45.9507697434884,-0.0873685308722294,0,0,0,0,0
4.72,5.12000000000001,13.8067098878102,13.6690261569421,14.5778231736034,14.9475918337031,46.6588798939955,46.1891098269367,-0.544289851517746,0,0,0,1,0
4.03,4.72,13.978915833864,13.8067098878102,14.579530522047,14.5778231736034,47.0022370051642,46.6588798939955,0.234458260675932,0,0,0,-1,0
3.92,4.03,13.7814265264879,13.978915833864,14.766983729042,14.579530522047,47.3332559393635,47.0022370051642,0.604131732419482,0,0,0,0,0
3.55,3.92,13.735712693679,13.7814265264879,14.4052131218674,14.766983729042,47.6620797831372,47.3332559393635,0.224298545394849,0,0,0,0,0
2.88,3.55,13.6572748516922,13.735712693679,14.2483498828396,14.4052131218674,47.5942075574362,47.6620797831372,-0.172903457899903,0,0,0,0,0
2.63,2.88,13.6680139686251,13.6572748516922,14.3764410892142,14.2483498828396,47.7581971893666,47.5942075574362,-0.295709351634354,0,0,0,0,-1
2.33,2.63,13.8136149514514,13.6680139686251,14.2872594221389,14.3764410892142,47.9636166457239,47.7581971893666,-0.119794702308202,0,0,0,-1,1
2.45999999999999,2.33,13.5244335350038,13.8136149514514,13.8896894096605,14.2872594221389,48.7840266847479,47.9636166457239,0.292313451931442,0,0,0,1,0
3.17,2.45999999999999,14.2951216299328,13.5244335350038,14.0165196548128,13.8896894096605,48.399804162089,48.7840266847479,-1.92325516729135,0,0,0,0,0
3.06999999999999,3.17,14.2262257092513,14.2951216299328,13.8866565761033,14.0165196548128,48.1722890866722,48.399804162089,0.637065780499267,0,0,0,0,0
3.34999999999999,3.06999999999999,14.4108366132507,14.2262257092513,13.8888566673694,13.8866565761033,48.4886535764613,48.1722890866722,0.0708645063531286,0,0,0,0,-1
3.69,3.34999999999999,14.363972486685,14.4108366132507,13.5117319893489,13.8888566673694,48.9331921650782,48.4886535764613,-0.442791343315005,0,0,0,-1,1
4.03,3.69,14.2558278820993,14.363972486685,13.3221775950179,13.5117319893489,49.7119704929105,48.9331921650782,-0.122485714305558,0,0,0,1,0
4.31,4.03,14.4572589154347,14.2558278820993,13.1922958779489,13.3221775950179,50.4429615229806,49.7119704929105,-0.34995749061331,0,0,0,0,0
4.59,4.31,13.8915946978997,14.4572589154347,12.7696934076933,13.1922958779489,51.1193983056601,50.4429615229806,4.79853379400944,0,0,0,0,0
5.42,4.59,14.0599147909861,13.8915946978997,13.0499298335584,12.7696934076933,50.9157637787429,51.1193983056601,-3.14136377945639,0,0,0,0,0
6.14,5.42,14.1279472773908,14.0599147909861,12.9059767038472,13.0499298335584,50.9106537545714,50.9157637787429,-0.558636367477391,0,0,0,0,0
6.22,6.14,14.1181348526511,14.1279472773908,13.0078755301041,12.9059767038472,50.935458173367,50.9106537545714,0.0136584634519359,0,0,0,0,0
6.81999999999999,6.22,14.1275172550709,14.1181348526511,12.817161996777,13.0078755301041,51.3503124443045,50.935458173367,0.354806192694786,0,0,0,0,1
7.14,6.81999999999999,14.2120745671468,14.1275172550709,12.6038822219112,12.817161996777,51.9510175971838,51.3503124443045,-0.525692826875712,0,0,0,0,-1
6.65000000000001,7.14,14.290662925827,14.2120745671468,12.4612006412201,12.6038822219112,52.2608641028307,51.9510175971838,0.853238759669049,0,0,0,0,0
7.15000000000001,6.65000000000001,13.7383118238404,14.290662925827,12.9120828646035,12.4612006412201,52.7538310540447,52.2608641028307,0.223469131078785,0,0,0,1,1
7.55,7.15000000000001,14.1758870907878,13.7383118238404,12.8852372992679,12.9120828646035,53.291485111869,52.7538310540447,-0.955130924869447,0,0,0,-1,-1
7.55,7.55,14.0118801341597,14.1758870907878,12.9020406763636,12.8852372992679,54.1328626114045,53.291485111869,0.0285164784650451,0,0,0,0,0
8.04000000000001,7.55,13.8907090364514,14.0118801341597,12.8706948099944,12.9020406763636,54.9081429978511,54.1328626114045,0.496396877265354,0,0,0,1,0
8.67,8.04000000000001,13.9505943967199,13.8907090364514,12.9214205368416,12.8706948099944,55.4271227442883,54.9081429978511,-0.146076127954611,0,0,0,-1,0
9.78,8.67,13.8587163324971,13.9505943967199,13.3941869781665,12.9214205368416,55.9133654318716,55.4271227442883,0.541858599931217,0,0,0,0,0
9.45999999999999,9.78,13.7220254715344,13.8587163324971,13.5003091615465,13.3941869781665,56.141993927685,55.9133654318716,-0.624837717399792,0,0,0,0,0
9.09999999999999,9.45999999999999,13.6731661411703,13.7220254715344,13.4569162800485,13.5003091615465,56.4078390788489,56.141993927685,5.29167397660498,0,0,0,0,-1
9.76000000000001,9.09999999999999,13.1254931043953,13.6731661411703,13.9094939779234,13.4569162800485,56.41178155872,56.4078390788489,-3.44916572281051,0,0,0,-1,0
9.79000000000001,9.76000000000001,13.4869859406356,13.1254931043953,14.1829187854002,13.9094939779234,56.5823821699195,56.41178155872,-2.73710325735289,0,0,0,1,1
16.7,9.79000000000001,14.3855576594878,13.4869859406356,20.0466026500629,14.1829187854002,54.8462513704213,56.5823821699195,-1.87338904480528,0,0,0,0,0
18.78,16.7,14.2421778570273,14.3855576594878,21.016429502908,20.0466026500629,52.5404423109839,54.8462513704213,2.73143325452513,0,0,0,0,0
18.18,18.78,14.3347390573291,14.2421778570273,19.8903884665872,21.016429502908,51.8927420853175,52.5404423109839,-0.724260211531156,0,0,0,0,0
17.32,18.18,14.9958952993377,14.3347390573291,18.242525795773,19.8903884665872,51.4467918001032,51.8927420853175,2.8657128594502,0,0,0,0,0
16.48,17.32,14.7592833182043,14.9958952993377,16.4706636558918,18.242525795773,52.6598795630187,51.4467918001032,-0.506434658915303,0,0,0,0,0
15.27,16.48,14.7916596908726,14.7592833182043,16.1791850297765,16.4706636558918,52.5549723014313,52.6598795630187,-0.921732476157693,0,0,0,0,0
14.72,15.27,14.7567714928564,14.7916596908726,16.5352805381351,16.1791850297765,52.8608062298307,52.5549723014313,-0.176982568817097,0,0,0,0,1
13.16,14.72,14.6330482899915,14.7567714928564,15.5799696573926,16.5352805381351,52.9869755165387,52.8608062298307,-0.00987692322549982,0,0,0,0,-1
12.63,13.16,14.8414762331255,14.6330482899915,16.5546091750975,15.5799696573926,53.0974982225031,52.9869755165387,-2.08697942896877,0,0,0,1,0
12.96,12.63,14.6094953543327,14.8414762331255,17.5795376770541,16.5546091750975,52.8256391305041,53.0974982225031,1.48234527551285,0,0,0,-1,0
12.37,12.96,14.76823427832,14.6094953543327,16.3501297883969,17.5795376770541,53.669548699825,52.8256391305041,-0.0858261368690396,0,0,0,0,0
11.61,12.37,14.5760298186847,14.76823427832,16.204348209583,16.3501297883969,53.8277281694119,53.669548699825,0.0855621893392779,0,0,0,0,0
4.3,11.61,14.4366458717004,14.5760298186847,16.0084084519731,16.204348209583,54.8735298077497,53.8277281694119,-0.0694924849490306,0,0,0,0,1
2.34999999999999,4.3,14.2941382482805,14.4366458717004,16.1056962529535,16.0084084519731,55.0557522816856,54.8735298077497,-0.0150522367082608,0,0,0,0,0
2.59,2.34999999999999,13.7399628315325,14.2941382482805,16.0791311094952,16.1056962529535,55.4109289769849,55.0557522816856,0.757592946502786,0,0,0,1,-1
3.16,2.59,13.7010783442832,13.7399628315325,16.325273337392,16.0791311094952,55.8352406848682,55.4109289769849,2.4972290169703,0,0,0,-1,1
3.98,3.16,13.3886845179202,13.7010783442832,16.0249349358611,16.325273337392,56.00894683524,55.8352406848682,-1.84168907065787,0,0,0,1,-1
5.14,3.98,13.2642469782166,13.3886845179202,16.5447851785702,16.0249349358611,57.247548743766,56.00894683524,0.850895361256956,0,0,0,0,0
5.59999999999999,5.14,13.1683992842023,13.2642469782166,18.6585219818102,16.5447851785702,58.0928982552587,57.247548743766,-3.24247020059627,0,0,0,-1,1
5.98999999999999,5.59999999999999,12.933125042327,13.1683992842023,19.2321463371439,18.6585219818102,58.2769507425222,58.0928982552587,2.21008655524883,0,0,0,0,-1
6.95,5.98999999999999,12.9334283501243,12.933125042327,20.4917699796649,19.2321463371439,58.214315526008,58.2769507425222,-2.2378425154308,0,0,0,1,0
6.69,6.95,12.987861702335,12.9334283501243,22.0649660675378,20.4917699796649,56.9842077534535,58.214315526008,1.51933748883128,0,0,0,-1,0
6.84999999999999,6.69,13.0465927529156,12.987861702335,23.2185287662829,22.0649660675378,56.819515086391,56.9842077534535,-0.0387339306838328,0,0,0,0,0
7.53,6.84999999999999,12.9559605377495,13.0465927529156,24.1678378780258,23.2185287662829,56.1104030783502,56.819515086391,-1.74209617894006,0,0,0,0,1
7.48,7.53,12.8622890246355,12.9559605377495,23.0965829766525,24.1678378780258,56.0644265898772,56.1104030783502,1.37820301786078,0,0,0,0,0
7.62999999999999,7.48,12.8377346080127,12.8622890246355,23.2544980392254,23.0965829766525,55.9463285056653,56.0644265898772,-0.147723243239266,0,0,0,0,0
7.87999999999999,7.62999999999999,12.4840065251297,12.8377346080127,23.1021811258003,23.2544980392254,55.9743515087611,55.9463285056653,1.99752624521402,0,0,0,1,-1
7.75,7.87999999999999,12.5686748878924,12.4840065251297,23.7292515815658,23.1021811258003,56.2572410904886,55.9743515087611,-3.32207411321289,0,0,0,-1,1
8.56999999999999,7.75,11.6406015869144,12.5686748878924,24.186347999137,23.7292515815658,55.3058629961391,56.2572410904886,2.57929124483088,0,0,0,1,-1
8.34999999999999,8.56999999999999,11.6217774062691,11.6406015869144,26.4222657332348,24.186347999137,54.8779999661443,55.3058629961391,1.37150917776396,0,0,0,0,0
7.98,8.34999999999999,11.6206075700296,11.6217774062691,26.1980178020867,26.4222657332348,54.2057223707447,54.8779999661443,-1.69837436785221,0,0,0,0,-1
8.61,7.98,11.4542655912508,11.6206075700296,26.1160113342746,26.1980178020867,52.5499307506793,54.2057223707447,-0.0926841374253904,0,0,0,-2,1
9.05,8.61,11.5969656401002,11.4542655912508,27.8906533173441,26.1160113342746,49.1719257700065,52.5499307506793,0.0683155196827663,0,0,0,1,-1
10.01,9.05,12.1885974789399,11.5969656401002,28.2065695737154,27.8906533173441,46.632783507651,49.1719257700065,0.0971594068581645,0,0,0,-1,1
10.48,10.01,12.1578281585491,12.1885974789399,29.4183273438368,28.2065695737154,44.7013231316886,46.632783507651,0.167552665291165,0,0,0,2,0
10.39,10.48,12.4439547765322,12.1578281585491,30.6235843457357,29.4183273438368,44.0292040273734,44.7013231316886,-0.199229542945385,0,0,0,-1,1
11.05,10.39,12.7092186697194,12.4439547765322,30.7652888948836,30.6235843457357,43.503643599892,44.0292040273734,0.230801283085562,0,0,0,0,-1
11.06,11.05,12.6233741961024,12.7092186697194,28.1324299241778,30.7652888948836,42.5094662239602,43.503643599892,-0.910546663580597,0,0,0,0,0
11.01,11.06,12.6952383607986,12.6233741961024,27.5429115282587,28.1324299241778,42.077399431162,42.5094662239602,-1.10175622401147,0,0,0,1,0
10.81,11.01,13.1620896723905,12.6952383607986,27.6266098802504,27.5429115282587,41.5052311955955,42.077399431162,1.65838241362351,0,0,0,-1,0
9.86,10.81,12.2911579468796,13.1620896723905,26.4939438197568,27.6266098802504,40.9445741754955,41.5052311955955,-0.694869746936615,0,0,0,-1,0
8.89,9.86,12.3083373803146,12.2911579468796,24.8164392182234,26.4939438197568,40.8769413513616,40.9445741754955,0.241865546751328,0,0,0,2,1
9.02,8.89,12.3318498261944,12.3083373803146,22.9023751324215,24.8164392182234,40.7735104221921,40.8769413513616,0.47542100114168,0,0,0,-1,-1
5.45999999999999,0,13.4470253198796,0,14.4045127965923,0,32.9042059288335,0,-0.233318385153751,0,-0.233318385153751,0,1,0
5.51000000000001,5.45999999999999,13.4377477165826,13.4470253198796,14.6271075531126,14.4045127965923,33.2664361672404,32.9042059288335,0.0463141473731241,0,0.0463141473731241,0,-1,0
5.59,5.51000000000001,13.3512274552654,13.4377477165826,14.8124079642991,14.6271075531126,33.3904019270589,33.2664361672404,-0.35785203631988,0,-0.35785203631988,0,0,1
5.73999999999999,5.59,13.3275535456697,13.3512274552654,14.9738699953954,14.8124079642991,33.459820673751,33.3904019270589,-0.084639006412992,0,-0.084639006412992,0,0,-1
5.53,5.73999999999999,13.1044481515679,13.3275535456697,14.6998542654613,14.9738699953954,33.6212597248215,33.459820673751,0.224833048530936,0,0.224833048530936,0,0,0
5.29000000000001,5.53,13.3109366363648,13.1044481515679,14.694795118739,14.6998542654613,33.9169306458201,33.6212597248215,-0.0873685308722294,0,-0.0873685308722294,0,0,0
4.87999999999999,5.29000000000001,13.3584483143846,13.3109366363648,14.1944692529453,14.694795118739,34.1737798343507,33.9169306458201,-0.544289851517746,0,-0.544289851517746,0,1,0
4.09999999999999,4.87999999999999,13.5438008516435,13.3584483143846,13.8546583900992,14.1944692529453,34.6361920389616,34.1737798343507,0.234458260675932,0,0.234458260675932,0,-1,0
2.62,4.09999999999999,13.4735591927021,13.5438008516435,14.3371663866518,13.8546583900992,34.5866499521974,34.6361920389616,0.604131732419482,0,0.604131732419482,0,0,0
2.65000000000001,2.62,13.4791771635349,13.4735591927021,13.5878106109247,14.3371663866518,34.8523282847271,34.5866499521974,0.224298545394849,0,0.224298545394849,0,0,0
2.56999999999999,2.65000000000001,13.3925758355565,13.4791771635349,13.7771597565333,13.5878106109247,34.7482818702982,34.8523282847271,-0.172903457899903,0,-0.172903457899903,0,0,0
1.38,2.56999999999999,13.2997844600205,13.3925758355565,13.9117591116869,13.7771597565333,35.6521460213244,34.7482818702982,-0.295709351634354,0,-0.295709351634354,0,0,-1
1.87,1.38,13.4157410398361,13.2997844600205,13.7881302353004,13.9117591116869,35.7093506121351,35.6521460213244,-0.119794702308202,0,-0.119794702308202,0,-1,1
2.42,1.87,13.1832306148401,13.4157410398361,13.639514006441,13.7881302353004,35.8578240193021,35.7093506121351,0.292313451931442,0,0.292313451931442,0,1,0
2.68000000000001,2.42,14.1402314039594,13.1832306148401,13.7136367197396,13.639514006441,35.2981219638545,35.8578240193021,-1.92325516729135,0,-1.92325516729135,0,0,0
2.65000000000001,2.68000000000001,14.1489294651108,14.1402314039594,13.3961801664422,13.7136367197396,35.3270622848802,35.2981219638545,0.637065780499267,0,0.637065780499267,0,0,0
2.95999999999999,2.65000000000001,14.3013316318987,14.1489294651108,13.4443015527093,13.3961801664422,35.3443241727211,35.3270622848802,0.0708645063531286,0,0.0708645063531286,0,0,-1
4.26000000000001,2.95999999999999,14.1800947646734,14.3013316318987,12.8103666665563,13.4443015527093,34.1223897991257,35.3443241727211,-0.442791343315005,0,-0.442791343315005,0,-1,1
3.95,4.26000000000001,14.0024152708551,14.1800947646734,13.0399178201556,12.8103666665563,34.6908051105523,34.1223897991257,-0.122485714305558,0,-0.122485714305558,0,1,0
3.78,3.95,14.2153648908386,14.0024152708551,12.8131922846741,13.0399178201556,35.0335524344504,34.6908051105523,-0.34995749061331,0,-0.34995749061331,0,0,0
3.56999999999999,3.78,13.5645685565743,14.2153648908386,12.8603902171888,12.8131922846741,35.0466379363259,35.0335524344504,4.79853379400944,0,4.79853379400944,0,0,0
3.88,3.56999999999999,13.7253025032595,13.5645685565743,12.7869771442801,12.8603902171888,34.4577433844087,35.0466379363259,-3.14136377945639,0,-3.14136377945639,0,0,0
5,3.88,13.799525893719,13.7253025032595,12.6823157509027,12.7869771442801,34.7643765257007,34.4577433844087,-0.558636367477391,0,-0.558636367477391,0,0,0
5.72,5,13.8029525750598,13.799525893719,12.3815385657099,12.6823157509027,35.0871637433614,34.7643765257007,0.0136584634519359,0,0.0136584634519359,0,0,0
5.58,5.72,13.7644860354499,13.8029525750598,12.3198234750366,12.3815385657099,35.3673565256667,35.0871637433614,0.354806192694786,0,0.354806192694786,0,0,1
5.73,5.58,13.8916185039706,13.7644860354499,12.195715950284,12.3198234750366,35.7660092864875,35.3673565256667,-0.525692826875712,0,-0.525692826875712,0,0,-1
6.14,5.73,14.0695008495888,13.8916185039706,11.4027405065286,12.195715950284,36.7106210564906,35.7660092864875,0.853238759669049,0,0.853238759669049,0,0,0
6.3,6.14,13.3550448574708,14.0695008495888,12.2394451921644,11.4027405065286,37.1318900179209,36.7106210564906,0.223469131078785,0,0.223469131078785,0,1,1
6.39,6.3,13.8235599404865,13.3550448574708,12.2408162387973,12.2394451921644,37.8788393696611,37.1318900179209,-0.955130924869447,0,-0.955130924869447,0,-1,-1
5.8,6.39,13.6102896469846,13.8235599404865,12.1424291133601,12.2408162387973,38.3806143780894,37.8788393696611,0.0285164784650451,0,0.0285164784650451,0,0,0
5.78,5.8,13.5604464011431,13.6102896469846,11.9430669930532,12.1424291133601,39.2798243807937,38.3806143780894,0.496396877265354,0,0.496396877265354,0,1,0
6.12000000000001,5.78,13.7241251003051,13.5604464011431,12.11420329768,11.9430669930532,40.0686523055013,39.2798243807937,-0.146076127954611,0,-0.146076127954611,0,-1,0
7.48,6.12000000000001,13.6177441677073,13.7241251003051,12.6649296652625,12.11420329768,40.1410422100796,40.0686523055013,0.541858599931217,0,0.541858599931217,0,0,0
9.37,7.48,13.3948640450116,13.6177441677073,12.4173731418268,12.6649296652625,40.6147577667091,40.1410422100796,-0.624837717399792,0,-0.624837717399792,0,0,0
8.58,9.37,13.3618993323971,13.3948640450116,13.0436784274348,12.4173731418268,41.2132454084557,40.6147577667091,5.29167397660498,0,5.29167397660498,0,0,-1
9.14,8.58,12.76564426815,13.3618993323971,13.3379755148525,13.0436784274348,43.6339492782778,41.2132454084557,-3.44916572281051,0,-3.44916572281051,0,-1,0
9.16,9.14,12.9468209868873,12.76564426815,13.5916487357494,13.3379755148525,43.793695828503,43.6339492782778,-2.73710325735289,0,-2.73710325735289,0,1,1
12.65,9.16,13.851192538472,12.9468209868873,18.2115237645615,13.5916487357494,43.2536986715631,43.793695828503,-1.87338904480528,0,-1.87338904480528,0,0,0
13.16,12.65,13.6717068220958,13.851192538472,19.158131614365,18.2115237645615,41.8875108245591,43.2536986715631,2.73143325452513,0,2.73143325452513,0,0,0
13.52,13.16,13.7477793289157,13.6717068220958,18.9178448272525,19.158131614365,41.4711551425755,41.8875108245591,-0.724260211531156,0,-0.724260211531156,0,0,0
13.03,13.52,14.4708478689081,13.7477793289157,18.1679663507989,18.9178448272525,41.2428863689883,41.4711551425755,2.8657128594502,0,2.8657128594502,0,0,0
13.17,13.03,14.1693589300608,14.4708478689081,17.3386454954743,18.1679663507989,42.7783747635096,41.2428863689883,-0.506434658915303,0,-0.506434658915303,0,0,0
13.58,13.17,14.2298335010189,14.1693589300608,15.588477375487,17.3386454954743,43.0074235849168,42.7783747635096,-0.921732476157693,0,-0.921732476157693,0,0,0
14.64,13.58,14.193778102673,14.2298335010189,15.3333864691238,15.588477375487,43.5461467590158,43.0074235849168,-0.176982568817097,0,-0.176982568817097,0,0,1
13.64,14.64,14.0427320173945,14.193778102673,15.0745600832365,15.3333864691238,43.0253423667722,43.5461467590158,-0.00987692322549982,0,-0.00987692322549982,0,0,-1
11.41,13.64,14.3699583112944,14.0427320173945,15.7110854068188,15.0745600832365,42.901497397731,43.0253423667722,-2.08697942896877,0,-2.08697942896877,0,1,0
11.36,11.41,14.0979036150048,14.3699583112944,16.7518765430577,15.7110854068188,42.8336057004472,42.901497397731,1.48234527551285,0,1.48234527551285,0,-1,0
10.8,11.36,14.1933212248524,14.0979036150048,16.2975280890393,16.7518765430577,44.3332571992341,42.8336057004472,-0.0858261368690396,0,-0.0858261368690396,0,0,0
10.51,10.8,14.0446294357958,14.1933212248524,16.4506118081302,16.2975280890393,44.4535161774209,44.3332571992341,0.0855621893392779,0,0.0855621893392779,0,0,0
6.34,10.51,13.79327904627,14.0446294357958,16.0937182658318,16.4506118081302,44.7309325741856,44.4535161774209,-0.0694924849490306,0,-0.0694924849490306,0,0,1
5.41,6.34,13.6552125597169,13.79327904627,15.6094085266059,16.0937182658318,45.1491013309245,44.7309325741856,-0.0150522367082608,0,-0.0150522367082608,0,0,0
5.09,5.41,12.9226366585444,13.6552125597169,16.1341971158799,15.6094085266059,45.66670369574,45.1491013309245,0.757592946502786,0,0.757592946502786,0,1,-1
4.70999999999999,5.09,12.9431940367842,12.9226366585444,16.0814611152475,16.1341971158799,46.1608638385088,45.66670369574,2.4972290169703,0,2.4972290169703,0,-1,1
4.56,4.70999999999999,12.6869456333148,12.9431940367842,16.0483014927136,16.0814611152475,46.3105188555013,46.1608638385088,-1.84168907065787,0,-1.84168907065787,0,1,-1
4.81,4.56,12.5719095213682,12.6869456333148,16.8716575010515,16.0483014927136,47.1622523945453,46.3105188555013,0.850895361256956,0,0.850895361256956,0,0,0
4.73,4.81,12.5373970859666,12.5719095213682,18.2814412259923,16.8716575010515,47.7281534872089,47.1622523945453,-3.24247020059627,0,-3.24247020059627,0,-1,1
5.43000000000001,4.73,12.3891867951069,12.5373970859666,18.2614589355974,18.2814412259923,48.405939580348,47.7281534872089,2.21008655524883,0,2.21008655524883,0,0,-1
6.34,5.43000000000001,12.4546321063728,12.3891867951069,19.9246207306422,18.2614589355974,48.1780914576242,48.405939580348,-2.2378425154308,0,-2.2378425154308,0,1,0
6.41,6.34,12.6595620446982,12.4546321063728,19.6609223010942,19.9246207306422,46.8213517230987,48.1780914576242,1.51933748883128,0,1.51933748883128,0,-1,0
6.03,6.41,12.787523662997,12.6595620446982,24.2621864741996,19.6609223010942,46.6641037868664,46.8213517230987,-0.0387339306838328,0,-0.0387339306838328,0,0,0
5.95,6.03,12.6286438420775,12.787523662997,24.398506120219,24.2621864741996,45.7135895948268,46.6641037868664,-1.74209617894006,0,-1.74209617894006,0,0,1
6.47,5.95,12.5440649568678,12.6286438420775,24.3222262335217,24.398506120219,45.710804994834,45.7135895948268,1.37820301786078,0,1.37820301786078,0,0,0
6.04000000000001,6.47,12.5229211444008,12.5440649568678,23.2441482297567,24.3222262335217,47.0287612806774,45.710804994834,-0.147723243239266,0,-0.147723243239266,0,0,0
7.34,6.04000000000001,12.1301684468694,12.5229211444008,23.2034854232676,23.2441482297567,47.1989381828879,47.0287612806774,1.99752624521402,0,1.99752624521402,0,1,-1
8.77,7.34,12.3156828011251,12.1301684468694,23.9218444930482,23.2034854232676,47.3952829129846,47.1989381828879,-3.32207411321289,0,-3.32207411321289,0,-1,1
8.63,8.77,11.2036672461976,12.3156828011251,24.4392886089506,23.9218444930482,47.8488859244393,47.3952829129846,2.57929124483088,0,2.57929124483088,0,1,-1
8.7,8.63,11.1633212894859,11.2036672461976,26.4138887952485,24.4392886089506,47.7649978469501,47.8488859244393,1.37150917776396,0,1.37150917776396,0,0,0
7.44,8.7,11.1896269489748,11.1633212894859,26.9818563625805,26.4138887952485,47.801742647658,47.7649978469501,-1.69837436785221,0,-1.69837436785221,0,0,-1
8.65000000000001,7.44,11.0700620151193,11.1896269489748,30.6486231053998,26.9818563625805,46.2738841203153,47.801742647658,-0.0926841374253904,0,-0.0926841374253904,0,-2,1
7.62000000000001,8.65000000000001,11.2382884382817,11.0700620151193,35.1819697918999,30.6486231053998,43.776798727683,46.2738841203153,0.0683155196827663,0,0.0683155196827663,0,1,-1
7.59,7.62000000000001,12.0313038405988,11.2382884382817,33.9099097655005,35.1819697918999,41.6858039200789,43.776798727683,0.0971594068581645,0,0.0971594068581645,0,-1,1
8.66,7.59,11.9932681187415,12.0313038405988,34.6139554181228,33.9099097655005,39.4467028300146,41.6858039200789,0.167552665291165,0,0.167552665291165,0,2,0
9.05,8.66,12.2876408369662,11.9932681187415,34.0403640121507,34.6139554181228,39.1722785975877,39.4467028300146,-0.199229542945385,0,-0.199229542945385,0,-1,1
8.09,9.05,12.5653562503876,12.2876408369662,34.8566113831947,34.0403640121507,38.7377695477932,39.1722785975877,0.230801283085562,0,0.230801283085562,0,0,-1
9.33,8.09,12.4882138251021,12.5653562503876,33.5618071784351,34.8566113831947,36.7542756544229,38.7377695477932,-0.910546663580597,0,-0.910546663580597,0,0,0
7.72,9.33,12.6348171548888,12.4882138251021,33.8529092996347,33.5618071784351,36.363088392248,36.7542756544229,-1.10175622401147,0,-1.10175622401147,0,1,0
6.67,7.72,13.0168270612638,12.6348171548888,30.9071953073756,33.8529092996347,35.6836910978971,36.363088392248,1.65838241362351,0,1.65838241362351,0,-1,0
7.03,6.67,12.07495472695,13.0168270612638,29.3858311755351,30.9071953073756,34.6932597617304,35.6836910978971,-0.694869746936615,0,-0.694869746936615,0,-1,0
6.39,7.03,12.139819641913,12.07495472695,29.5871344742418,29.3858311755351,34.593150488355,34.6932597617304,0.241865546751328,0,0.241865546751328,0,2,1
7.77,6.39,12.2115708454425,12.139819641913,29.6689849885802,29.5871344742418,34.2515351762916,34.593150488355,0.47542100114168,0,0.47542100114168,0,-1,-1
6.41,0,13.7808710956994,0,14.2088587495625,0,49.9268119895384,0,-0.233318385153751,-0.233318385153751,0,0,1,0
6.20999999999999,6.41,13.7543476733018,13.7808710956994,14.1951358609187,14.2088587495625,50.6447064913829,49.9268119895384,0.0463141473731241,0.0463141473731241,0,0,-1,0
5.5,6.20999999999999,13.5889699741558,13.7543476733018,13.6231800506355,14.1951358609187,52.1293478500706,50.6447064913829,-0.35785203631988,-0.35785203631988,0,0,0,1
5.08,5.5,13.5556972354675,13.5889699741558,14.3429811288096,13.6231800506355,52.7197603148372,52.1293478500706,-0.084639006412992,-0.084639006412992,0,0,0,-1
4.81,5.08,13.3611187093182,13.5556972354675,14.1251880607056,14.3429811288096,53.3361526333906,52.7197603148372,0.224833048530936,0.224833048530936,0,0,0,0
4.59,4.81,13.5351019431648,13.3611187093182,14.0914427837078,14.1251880607056,51.7608014391041,53.3361526333906,-0.0873685308722294,-0.0873685308722294,0,0,0,0
4.28,4.59,13.5858045581976,13.5351019431648,13.7604708355692,14.0914427837078,52.630185885449,51.7608014391041,-0.544289851517746,-0.544289851517746,0,0,1,0
3.95,4.28,13.7385185136729,13.5858045581976,13.5432338095637,13.7604708355692,53.2642459015501,52.630185885449,0.234458260675932,0.234458260675932,0,0,-1,0
3.73999999999999,3.95,13.5906534764413,13.7385185136729,13.8618307804597,13.5432338095637,53.3628731676941,53.2642459015501,0.604131732419482,0.604131732419482,0,0,0,0
3.31999999999999,3.73999999999999,13.6148962847603,13.5906534764413,13.5791176006756,13.8618307804597,53.9458503512951,53.3628731676941,0.224298545394849,0.224298545394849,0,0,0,0
2.61,3.31999999999999,13.5274018479191,13.6148962847603,13.4088994538111,13.5791176006756,54.0262875110797,53.9458503512951,-0.172903457899903,-0.172903457899903,0,0,0,0
1.7,2.61,13.7284648870207,13.5274018479191,13.3403709453507,13.4088994538111,54.5745316164741,54.0262875110797,-0.295709351634354,-0.295709351634354,0,0,0,-1
1.61,1.7,13.8308980679006,13.7284648870207,13.5089844766327,13.3403709453507,55.0392287586921,54.5745316164741,-0.119794702308202,-0.119794702308202,0,0,-1,1
1.72,1.61,13.6045704206665,13.8308980679006,12.9886438630268,13.5089844766327,55.8226215617115,55.0392287586921,0.292313451931442,0.292313451931442,0,0,1,0
2.22,1.72,14.2316744902135,13.6045704206665,13.2021486414431,12.9886438630268,57.1127786565076,55.8226215617115,-1.92325516729135,-1.92325516729135,0,0,0,0
2.31999999999999,2.22,14.1540029292718,14.2316744902135,13.1167806590837,13.2021486414431,56.7782727883981,57.1127786565076,0.637065780499267,0.637065780499267,0,0,0,0
2.41,2.31999999999999,14.3118871657678,14.1540029292718,12.9712078524979,13.1167806590837,57.4004773696138,56.7782727883981,0.0708645063531286,0.0708645063531286,0,0,0,-1
2.51000000000001,2.41,14.2375222986279,14.3118871657678,12.2769200832681,12.9712078524979,57.861096702333,57.4004773696138,-0.442791343315005,-0.442791343315005,0,0,-1,1
2.59,2.51000000000001,14.1454083038179,14.2375222986279,12.5140505535316,12.2769200832681,58.7453288342829,57.861096702333,-0.122485714305558,-0.122485714305558,0,0,1,0
2.84999999999999,2.59,14.2828271158365,14.1454083038179,12.4456079356329,12.5140505535316,59.7007072601756,58.7453288342829,-0.34995749061331,-0.34995749061331,0,0,0,0
3.41,2.84999999999999,13.8194403732302,14.2828271158365,11.9113521668832,12.4456079356329,60.7009497315742,59.7007072601756,4.79853379400944,4.79853379400944,0,0,0,0
3.90000000000001,3.41,13.9369467118925,13.8194403732302,12.1737856124179,11.9113521668832,61.1562890633125,60.7009497315742,-3.14136377945639,-3.14136377945639,0,0,0,0
4.7,3.90000000000001,14.0784088586403,13.9369467118925,12.0082716250389,12.1737856124179,61.0947313276819,61.1562890633125,-0.558636367477391,-0.558636367477391,0,0,0,0
5.03,4.7,14.063777927683,14.0784088586403,11.840415470477,12.0082716250389,61.383947643803,61.0947313276819,0.0136584634519359,0.0136584634519359,0,0,0,0
5.5,5.03,14.0502139988835,14.063777927683,11.7567032936994,11.840415470477,62.1052912465312,61.383947643803,0.354806192694786,0.354806192694786,0,0,0,1
5.81999999999999,5.5,14.1750221951731,14.0502139988835,11.6537604297118,11.7567032936994,63.1231334060347,62.1052912465312,-0.525692826875712,-0.525692826875712,0,0,0,-1
5.70999999999999,5.81999999999999,14.1068006836812,14.1750221951731,11.5043778813152,11.6537604297118,63.0093659445382,63.1231334060347,0.853238759669049,0.853238759669049,0,0,0,0
6.48,5.70999999999999,13.6986077563027,14.1068006836812,11.675218141163,11.5043778813152,63.7986168520266,63.0093659445382,0.223469131078785,0.223469131078785,0,0,1,1
7.29000000000001,6.48,14.0594313382007,13.6986077563027,11.7322828878975,11.675218141163,64.366716628409,63.7986168520266,-0.955130924869447,-0.955130924869447,0,0,-1,-1
7.45,7.29000000000001,13.9553041162617,14.0594313382007,11.8240438469175,11.7322828878975,64.9721292216606,64.366716628409,0.0285164784650451,0.0285164784650451,0,0,0,0
7.86,7.45,13.8632654282278,13.9553041162617,11.7043261078782,11.8240438469175,65.9045134230475,64.9721292216606,0.496396877265354,0.496396877265354,0,0,1,0
8.79000000000001,7.86,13.7951290507143,13.8632654282278,11.8545405641743,11.7043261078782,66.4427035371429,65.9045134230475,-0.146076127954611,-0.146076127954611,0,0,-1,0
9.54000000000001,8.79000000000001,13.7921169063928,13.7951290507143,12.2138282193951,11.8545405641743,67.3811906695583,66.4427035371429,0.541858599931217,0.541858599931217,0,0,0,0
10.18,9.54000000000001,13.648922291503,13.7921169063928,12.5605017434495,12.2138282193951,67.364409060432,67.3811906695583,-0.624837717399792,-0.624837717399792,0,0,0,0
9.76000000000001,10.18,13.5709714764633,13.648922291503,12.8089940092973,12.5605017434495,67.7870941313995,67.364409060432,5.29167397660498,5.29167397660498,0,0,0,-1
10.79,9.76000000000001,13.0359412043193,13.5709714764633,12.6094189899983,12.8089940092973,67.0082719018823,67.7870941313995,-3.44916572281051,-3.44916572281051,0,0,-1,0
11.38,10.79,13.4709721605082,13.0359412043193,13.9498483649784,12.6094189899983,67.7997206840673,67.0082719018823,-2.73710325735289,-2.73710325735289,0,0,1,1
18.69,11.38,14.3156719069795,13.4709721605082,18.8154994297635,13.9498483649784,66.6819126483057,67.7997206840673,-1.87338904480528,-1.87338904480528,0,0,0,0
20.07,18.69,14.0784273202699,14.3156719069795,19.4706313152132,18.8154994297635,65.5846825579552,66.6819126483057,2.73143325452513,2.73143325452513,0,0,0,0
19.08,20.07,14.2003253835817,14.0784273202699,19.030161788451,19.4706313152132,65.2542915611726,65.5846825579552,-0.724260211531156,-0.724260211531156,0,0,0,0
17.56,19.08,14.816744542075,14.2003253835817,17.8914827202202,19.030161788451,65.1326180199977,65.2542915611726,2.8657128594502,2.8657128594502,0,0,0,0
16.55,17.56,14.6356055753419,14.816744542075,16.1408881108157,17.8914827202202,65.5197061462158,65.1326180199977,-0.506434658915303,-0.506434658915303,0,0,0,0
15.91,16.55,14.6781649722235,14.6356055753419,15.523404155425,16.1408881108157,65.9116532034035,65.5197061462158,-0.921732476157693,-0.921732476157693,0,0,0,0
15.63,15.91,14.6658326234903,14.6781649722235,15.2391647116723,15.523404155425,66.6266252289574,65.9116532034035,-0.176982568817097,-0.176982568817097,0,0,0,1
14.58,15.63,14.6006114930552,14.6658326234903,14.743715343217,15.2391647116723,66.8671522372287,66.6266252289574,-0.00987692322549982,-0.00987692322549982,0,0,0,-1
14.01,14.58,14.8109856344647,14.6006114930552,14.967715571887,14.743715343217,67.1615587843524,66.8671522372287,-2.08697942896877,-2.08697942896877,0,0,1,0
14.11,14.01,14.5631650734421,14.8109856344647,16.1440773230659,14.967715571887,67.1025732211644,67.1615587843524,1.48234527551285,1.48234527551285,0,0,-1,0
13.47,14.11,14.7296094611564,14.5631650734421,15.129949711352,16.1440773230659,64.3699679895157,67.1025732211644,-0.0858261368690396,-0.0858261368690396,0,0,0,0
13,13.47,14.5931705807758,14.7296094611564,14.8457842491221,15.129949711352,64.3956405700639,64.3699679895157,0.0855621893392779,0.0855621893392779,0,0,0,0
6.04000000000001,13,14.3197982459723,14.5931705807758,14.7647413914277,14.8457842491221,65.0878153650801,64.3956405700639,-0.0694924849490306,-0.0694924849490306,0,0,0,1
4.89,6.04000000000001,14.1433103216882,14.3197982459723,14.6137411650832,14.7647413914277,65.4286712697696,65.0878153650801,-0.0150522367082608,-0.0150522367082608,0,0,0,0
5.33,4.89,13.6565243166937,14.1433103216882,15.0165726836224,14.6137411650832,65.7911286626574,65.4286712697696,0.757592946502786,0.757592946502786,0,0,1,-1
5.81,5.33,13.6063623407293,13.6565243166937,14.9787411060786,15.0165726836224,66.1000863009014,65.7911286626574,2.4972290169703,2.4972290169703,0,0,-1,1
7.01000000000001,5.81,13.3888796091051,13.6063623407293,14.7436811124338,14.9787411060786,66.1930856661896,66.1000863009014,-1.84168907065787,-1.84168907065787,0,0,1,-1
7.27,7.01000000000001,13.3110211458856,13.3888796091051,15.0054595376397,14.7436811124338,67.1353390659685,66.1930856661896,0.850895361256956,0.850895361256956,0,0,0,0
7.5,7.27,13.1788120752128,13.3110211458856,16.8247684685379,15.0054595376397,67.8567445484198,67.1353390659685,-3.24247020059627,-3.24247020059627,0,0,-1,1
7.56,7.5,12.9768312183513,13.1788120752128,17.8442801919401,16.8247684685379,67.8549670024901,67.8567445484198,2.21008655524883,2.21008655524883,0,0,0,-1
7.81999999999999,7.56,13.0289443219713,12.9768312183513,17.4778787201085,17.8442801919401,67.4800487501085,67.8549670024901,-2.2378425154308,-2.2378425154308,0,0,1,0
7.28,7.81999999999999,13.069711356115,13.0289443219713,19.0731864520578,17.4778787201085,66.0385366814306,67.4800487501085,1.51933748883128,1.51933748883128,0,0,-1,0
7.15000000000001,7.28,13.1581283537414,13.069711356115,21.427596603733,19.0731864520578,66.4253991485255,66.0385366814306,-0.0387339306838328,-0.0387339306838328,0,0,0,0
7.06999999999999,7.15000000000001,13.0378048255925,13.1581283537414,22.4801790130562,21.427596603733,65.9048872671104,66.4253991485255,-1.74209617894006,-1.74209617894006,0,0,0,1
6.95999999999999,7.06999999999999,12.8833400030578,13.0378048255925,21.7595586868684,22.4801790130562,65.8525301663576,65.9048872671104,1.37820301786078,1.37820301786078,0,0,0,0
6.73,6.95999999999999,12.784278543184,12.8833400030578,21.2895436298169,21.7595586868684,65.4612943494926,65.8525301663576,-0.147723243239266,-0.147723243239266,0,0,0,0
7.25,6.73,12.3917116934723,12.784278543184,21.1794765333853,21.2895436298169,65.3810809686232,65.4612943494926,1.99752624521402,1.99752624521402,0,0,1,-1
8.13,7.25,12.470438292188,12.3917116934723,21.8093604049478,21.1794765333853,65.8051683696489,65.3810809686232,-3.32207411321289,-3.32207411321289,0,0,-1,1
8.81999999999999,8.13,11.6735595815647,12.470438292188,21.9151096706078,21.8093604049478,64.4076491794084,65.8051683696489,2.57929124483088,2.57929124483088,0,0,1,-1
8.73,8.81999999999999,11.6727427334117,11.6735595815647,23.1103318059928,21.9151096706078,64.0796551440736,64.4076491794084,1.37150917776396,1.37150917776396,0,0,0,0
8.7,8.73,11.6916370511732,11.6727427334117,23.6808181135441,23.1103318059928,63.143009891372,64.0796551440736,-1.69837436785221,-1.69837436785221,0,0,0,-1
8.65000000000001,8.7,11.5696517182673,11.6916370511732,25.8455514268094,23.6808181135441,60.8400190078505,63.143009891372,-0.0926841374253904,-0.0926841374253904,0,0,-2,1
8.84999999999999,8.65000000000001,11.6810978028484,11.5696517182673,27.932000341751,25.8455514268094,59.291618635476,60.8400190078505,0.0683155196827663,0.0683155196827663,0,0,1,-1
9.66,8.84999999999999,12.1587427663446,11.6810978028484,27.7519049097894,27.932000341751,56.7691814790757,59.291618635476,0.0971594068581645,0.0971594068581645,0,0,-1,1
10.05,9.66,12.2221945003819,12.1587427663446,30.1559793469175,27.7519049097894,58.1465633240002,56.7691814790757,0.167552665291165,0.167552665291165,0,0,2,0
10.13,10.05,12.4951626298953,12.2221945003819,31.7908024280685,30.1559793469175,57.2450348503801,58.1465633240002,-0.199229542945385,-0.199229542945385,0,0,-1,1
10.16,10.13,12.7655075067937,12.4951626298953,30.6520230250556,31.7908024280685,56.5759957410895,57.2450348503801,0.230801283085562,0.230801283085562,0,0,0,-1
9.90000000000001,10.16,12.6473481725991,12.7655075067937,28.8995684691875,30.6520230250556,54.9114266443621,56.5759957410895,-0.910546663580597,-0.910546663580597,0,0,0,0
9.45999999999999,9.90000000000001,12.7614355059342,12.6473481725991,28.3282029075434,28.8995684691875,54.3979172832183,54.9114266443621,-1.10175622401147,-1.10175622401147,0,0,1,0
8.56,9.45999999999999,13.3541310239812,12.7614355059342,27.1797585710814,28.3282029075434,53.6358952750124,54.3979172832183,1.65838241362351,1.65838241362351,0,0,-1,0
8.16,8.56,12.3590187975478,13.3541310239812,25.9365904475216,27.1797585710814,52.7339056165322,53.6358952750124,-0.694869746936615,-0.694869746936615,0,0,-1,0
7.45999999999999,8.16,12.3818944844227,12.3590187975478,25.7339110578523,25.9365904475216,52.5818239396263,52.7339056165322,0.241865546751328,0.241865546751328,0,0,2,1
6.98,7.45999999999999,12.4059553253901,12.3818944844227,24.6821273612912,25.7339110578523,52.2460914269042,52.5818239396263,0.47542100114168,0.47542100114168,0,0,-1,-1
5.78,0,13.7705031789965,0,14.3333575558745,0,43.0918843842474,0,-0.233318385153751,0,-0.233318385153751,0,1,0
5.69,5.78,13.8574398590524,13.7705031789965,14.2661233986587,14.3333575558745,43.2785439463315,43.0918843842474,0.0463141473731241,0,0.0463141473731241,0,-1,0
5.42,5.69,13.6913204600148,13.8574398590524,14.2796283311827,14.2661233986587,44.0560683780043,43.2785439463315,-0.35785203631988,0,-0.35785203631988,0,0,1
5.27,5.42,13.6538462945624,13.6913204600148,14.5451194325448,14.2796283311827,44.2366132945529,44.0560683780043,-0.084639006412992,0,-0.084639006412992,0,0,-1
4.81999999999999,5.27,13.3095024214393,13.6538462945624,14.3457345012736,14.5451194325448,44.4996070281352,44.2366132945529,0.224833048530936,0,0.224833048530936,0,0,0
4.64,4.81999999999999,13.5009915270239,13.3095024214393,14.3928670322623,14.3457345012736,42.800594719864,44.4996070281352,-0.0873685308722294,0,-0.0873685308722294,0,0,0
4.53,4.64,13.6466725100444,13.5009915270239,14.0756815085238,14.3928670322623,43.2035391317628,42.800594719864,-0.544289851517746,0,-0.544289851517746,0,1,0
4.29000000000001,4.53,13.8060419946592,13.6466725100444,13.862249104273,14.0756815085238,43.5380103885634,43.2035391317628,0.234458260675932,0,0.234458260675932,0,-1,0
4.27,4.29000000000001,13.7043327331771,13.8060419946592,14.1244925111093,13.862249104273,43.8135506607355,43.5380103885634,0.604131732419482,0,0.604131732419482,0,0,0
4.01000000000001,4.27,13.7183396720268,13.7043327331771,13.7013763845546,14.1244925111093,43.9474354201778,43.8135506607355,0.224298545394849,0,0.224298545394849,0,0,0
3.48,4.01000000000001,13.6103947269423,13.7183396720268,13.5484603624708,13.7013763845546,43.6705556264895,43.9474354201778,-0.172903457899903,0,-0.172903457899903,0,0,0
2.70999999999999,3.48,13.5754036001067,13.6103947269423,13.6392021334697,13.5484603624708,45.473562600464,43.6705556264895,-0.295709351634354,0,-0.295709351634354,0,0,-1
2.39,2.70999999999999,13.7492278033519,13.5754036001067,13.5435378558872,13.6392021334697,45.3888274588598,45.473562600464,-0.119794702308202,0,-0.119794702308202,0,-1,1
2.5,2.39,13.4663895740863,13.7492278033519,13.2700784542245,13.5435378558872,45.5116083099715,45.3888274588598,0.292313451931442,0,0.292313451931442,0,1,0
3.2,2.5,14.2852030391195,13.4663895740863,13.3914267077267,13.2700784542245,45.0220555565262,45.5116083099715,-1.92325516729135,0,-1.92325516729135,0,0,0
3.20999999999999,3.2,14.1410796579865,14.2852030391195,13.4757739605115,13.3914267077267,44.7915363513198,45.0220555565262,0.637065780499267,0,0.637065780499267,0,0,0
3.18000000000001,3.20999999999999,14.2897974869865,14.1410796579865,13.3180007794377,13.4757739605115,45.0080852519343,44.7915363513198,0.0708645063531286,0,0.0708645063531286,0,0,-1
3.69,3.18000000000001,14.2098653501096,14.2897974869865,12.9326093333933,13.3180007794377,45.1246045827959,45.0080852519343,-0.442791343315005,0,-0.442791343315005,0,-1,1
3.51000000000001,3.69,14.084905378558,14.2098653501096,12.9664657649185,12.9326093333933,45.8678127479798,45.1246045827959,-0.122485714305558,0,-0.122485714305558,0,1,0
3.59999999999999,3.51000000000001,14.318612168589,14.084905378558,12.7370547405473,12.9664657649185,46.5407180802554,45.8678127479798,-0.34995749061331,0,-0.34995749061331,0,0,0
3.39,3.59999999999999,13.6987474394455,14.318612168589,12.5270394003568,12.7370547405473,47.5483408361303,46.5407180802554,4.79853379400944,0,4.79853379400944,0,0,0
3.63,3.39,13.8265896183207,13.6987474394455,12.4091032823277,12.5270394003568,47.7426398532968,47.5483408361303,-3.14136377945639,0,-3.14136377945639,0,0,0
4.09,3.63,13.8781898198074,13.8265896183207,12.4152766403083,12.4091032823277,47.2755914272439,47.7426398532968,-0.558636367477391,0,-0.558636367477391,0,0,0
4.52,4.09,13.9028403134483,13.8781898198074,12.1997691043393,12.4152766403083,47.7278778623174,47.2755914272439,0.0136584634519359,0,0.0136584634519359,0,0,0
4.8,4.52,13.8673134398241,13.9028403134483,12.2101939001648,12.1997691043393,47.9084299301803,47.7278778623174,0.354806192694786,0,0.354806192694786,0,0,1
5.01000000000001,4.8,14.006389804036,13.8673134398241,11.9427451472882,12.2101939001648,48.3151713894012,47.9084299301803,-0.525692826875712,0,-0.525692826875712,0,0,-1
4.48999999999999,5.01000000000001,14.110045142565,14.006389804036,11.771436744301,11.9427451472882,47.41163337168,48.3151713894012,0.853238759669049,0,0.853238759669049,0,0,0
5.09999999999999,4.48999999999999,13.534458395469,14.110045142565,12.044319023586,11.771436744301,48.0162531318667,47.41163337168,0.223469131078785,0,0.223469131078785,0,1,1
5.48999999999999,5.09999999999999,13.9582884641737,13.534458395469,12.1686505817864,12.044319023586,48.6967679742604,48.0162531318667,-0.955130924869447,0,-0.955130924869447,0,-1,-1
5.34999999999999,5.48999999999999,13.7892564927947,13.9582884641737,12.1908581839384,12.1686505817864,49.7254128702834,48.6967679742604,0.0285164784650451,0,0.0285164784650451,0,0,0
5.81,5.34999999999999,13.6798329104588,13.7892564927947,12.1355365661019,12.1908581839384,50.4978267195461,49.7254128702834,0.496396877265354,0,0.496396877265354,0,1,0
6.06,5.81,13.7350514182327,13.6798329104588,12.1818442829877,12.1355365661019,50.7367671073067,50.4978267195461,-0.146076127954611,0,-0.146076127954611,0,-1,0
7.16,6.06,13.653120078088,13.7350514182327,12.4622629286388,12.1818442829877,52.0038724155224,50.7367671073067,0.541858599931217,0,0.541858599931217,0,0,0
7.06999999999999,7.16,13.4697988909258,13.653120078088,12.8902097898645,12.4622629286388,51.8086071856695,52.0038724155224,-0.624837717399792,0,-0.624837717399792,0,0,0
7.17,7.06999999999999,13.4417827409294,13.4697988909258,13.0722418878522,12.8902097898645,51.8375039796763,51.8086071856695,5.29167397660498,0,5.29167397660498,0,0,-1
7.41,7.17,12.8602491398112,13.4417827409294,13.3345475598494,13.0722418878522,54.4278123858839,51.8375039796763,-3.44916572281051,0,-3.44916572281051,0,-1,0
8.18000000000001,7.41,13.1043980102429,12.8602491398112,13.2642910383746,13.3345475598494,54.431382580583,54.4278123858839,-2.73710325735289,0,-2.73710325735289,0,1,1
16.16,8.18000000000001,14.0191979443611,13.1043980102429,18.192424270614,13.2642910383746,53.1100770556224,54.431382580583,-1.87338904480528,0,-1.87338904480528,0,0,0
18.16,16.16,13.773612703125,14.0191979443611,19.6552463434053,18.192424270614,51.7105420975795,53.1100770556224,2.73143325452513,0,2.73143325452513,0,0,0
17.52,18.16,13.8670819906174,13.773612703125,18.6503842323075,19.6552463434053,50.9003303396844,51.7105420975795,-0.724260211531156,0,-0.724260211531156,0,0,0
16.9,17.52,14.5583397069631,13.8670819906174,17.5590899579623,18.6503842323075,50.1029519922067,50.9003303396844,2.8657128594502,0,2.8657128594502,0,0,0
16.18,16.9,14.2714808808134,14.5583397069631,16.1587774957668,17.5590899579623,49.0756060303663,50.1029519922067,-0.506434658915303,0,-0.506434658915303,0,0,0
15.82,16.18,14.3407928471858,14.2714808808134,15.7327482687663,16.1587774957668,49.0108078590346,49.0756060303663,-0.921732476157693,0,-0.921732476157693,0,0,0
15.36,15.82,14.3326820523154,14.3407928471858,16.209534211734,15.7327482687663,49.4778991278337,49.0108078590346,-0.176982568817097,0,-0.176982568817097,0,0,1
14.68,15.36,14.1945555399904,14.3326820523154,15.2931135993729,16.209534211734,51.5431275573389,49.4778991278337,-0.00987692322549982,0,-0.00987692322549982,0,0,-1
15.4,14.68,14.44764742888,14.1945555399904,15.8019851015299,15.2931135993729,51.7265977678792,51.5431275573389,-2.08697942896877,0,-2.08697942896877,0,1,0
15.27,15.4,14.2026648382093,14.44764742888,16.9655747525135,15.8019851015299,50.8299775114217,51.7265977678792,1.48234527551285,0,1.48234527551285,0,-1,0
14.46,15.27,14.3480862684618,14.2026648382093,16.5211787569236,16.9655747525135,51.3276245737595,50.8299775114217,-0.0858261368690396,0,-0.0858261368690396,0,0,0
13.53,14.46,14.1968906999329,14.3480862684618,16.0333998596294,16.5211787569236,51.0763664008483,51.3276245737595,0.0855621893392779,0,0.0855621893392779,0,0,0
5.25,13.53,13.9380359371615,14.1968906999329,15.9388771025142,16.0333998596294,51.7051950619772,51.0763664008483,-0.0694924849490306,0,-0.0694924849490306,0,0,1
3.86,5.25,13.7477508512162,13.9380359371615,15.785851776662,15.9388771025142,51.5000437708406,51.7051950619772,-0.0150522367082608,0,-0.0150522367082608,0,0,0
3.76000000000001,3.86,13.093160890418,13.7477508512162,15.9564588040031,15.785851776662,51.7680046702944,51.5000437708406,0.757592946502786,0,0.757592946502786,0,1,-1
4.16,3.76000000000001,13.1232378777822,13.093160890418,15.668236216871,15.9564588040031,52.5017884321051,51.7680046702944,2.4972290169703,0,2.4972290169703,0,-1,1
4.87999999999999,4.16,12.8522154533458,13.1232378777822,15.3969555209898,15.668236216871,51.6090103985904,52.5017884321051,-1.84168907065787,0,-1.84168907065787,0,1,-1
4.87999999999999,4.87999999999999,12.7036626989255,12.8522154533458,15.8053515996011,15.3969555209898,52.5256852435117,51.6090103985904,0.850895361256956,0,0.850895361256956,0,0,0
6.18000000000001,4.87999999999999,12.6151162431777,12.7036626989255,17.4328335747288,15.8053515996011,53.1964179092354,52.5256852435117,-3.24247020059627,0,-3.24247020059627,0,-1,1
6.83,6.18000000000001,12.393297920073,12.6151162431777,18.2093272659224,17.4328335747288,55.3255417337456,53.1964179092354,2.21008655524883,0,2.21008655524883,0,0,-1
7.37000000000001,6.83,12.4938627519514,12.393297920073,19.0517495562466,18.2093272659224,55.2847137804898,55.3255417337456,-2.2378425154308,0,-2.2378425154308,0,1,0
7.94,7.37000000000001,12.5854871175466,12.4938627519514,19.1585822289157,19.0517495562466,53.8014527863341,55.2847137804898,1.51933748883128,0,1.51933748883128,0,-1,0
9.05,7.94,12.6919639992758,12.5854871175466,21.8161848897093,19.1585822289157,53.9684570300288,53.8014527863341,-0.0387339306838328,0,-0.0387339306838328,0,0,0
9.05,9.05,12.5895734471293,12.6919639992758,22.3838340317567,21.8161848897093,53.4937622122144,53.9684570300288,-1.74209617894006,0,-1.74209617894006,0,0,1
9.28,9.05,12.4808119056614,12.5895734471293,22.0470703173464,22.3838340317567,53.2665352843903,53.4937622122144,1.37820301786078,0,1.37820301786078,0,0,0
9.20999999999999,9.28,12.4705244400431,12.4808119056614,21.8579903230701,22.0470703173464,51.9787788309599,53.2665352843903,-0.147723243239266,0,-0.147723243239266,0,0,0
10.03,9.20999999999999,12.0998383432211,12.4705244400431,22.0238463656529,21.8579903230701,52.0382195360511,51.9787788309599,1.99752624521402,0,1.99752624521402,0,1,-1
9.70999999999999,10.03,12.1836410168963,12.0998383432211,22.6488415535502,22.0238463656529,52.411656694094,52.0382195360511,-3.32207411321289,0,-3.32207411321289,0,-1,1
9.75,9.70999999999999,11.2102478620249,12.1836410168963,23.1319184089582,22.6488415535502,49.8910587416785,52.411656694094,2.57929124483088,0,2.57929124483088,0,1,-1
9.55,9.75,11.1605655973853,11.2102478620249,24.6066783096824,23.1319184089582,50.0439257881826,49.8910587416785,1.37150917776396,0,1.37150917776396,0,0,0
8.54000000000001,9.55,11.1564298300559,11.1605655973853,25.1898447192814,24.6066783096824,49.4793052682136,50.0439257881826,-1.69837436785221,0,-1.69837436785221,0,0,-1
8.59999999999999,8.54000000000001,10.9976060440936,11.1564298300559,27.2390984892135,25.1898447192814,51.2966571077202,49.4793052682136,-0.0926841374253904,0,-0.0926841374253904,0,-2,1
7.92,8.59999999999999,11.184606813703,10.9976060440936,29.5929335694054,27.2390984892135,49.3208057132845,51.2966571077202,0.0683155196827663,0,0.0683155196827663,0,1,-1
8.15000000000001,7.92,11.8863121076775,11.184606813703,30.1484783454503,29.5929335694054,47.1003521747246,49.3208057132845,0.0971594068581645,0,0.0971594068581645,0,-1,1
8.90000000000001,8.15000000000001,11.9113656636322,11.8863121076775,32.1243127168599,30.1484783454503,45.1412648845922,47.1003521747246,0.167552665291165,0,0.167552665291165,0,2,0
9.38,8.90000000000001,12.199375379837,11.9113656636322,31.9526255817769,32.1243127168599,44.4116673834041,45.1412648845922,-0.199229542945385,0,-0.199229542945385,0,-1,1
10.43,9.38,12.5256811972202,12.199375379837,32.4219516301752,31.9526255817769,44.0088847319771,44.4116673834041,0.230801283085562,0,0.230801283085562,0,0,-1
9.93000000000001,10.43,12.4787772924455,12.5256811972202,30.2850553491613,32.4219516301752,44.7239280230136,44.0088847319771,-0.910546663580597,0,-0.910546663580597,0,0,0
9.23999999999999,9.93000000000001,12.5704571689992,12.4787772924455,29.3578660124346,30.2850553491613,44.3856380286598,44.7239280230136,-1.10175622401147,0,-1.10175622401147,0,1,0
9.27,9.23999999999999,12.9806146637638,12.5704571689992,28.6036560348494,29.3578660124346,43.8093450277797,44.3856380286598,1.65838241362351,0,1.65838241362351,0,-1,0
9.56,9.27,12.1275962240071,12.9806146637638,27.889174916448,28.6036560348494,43.3437744993108,43.8093450277797,-0.694869746936615,0,-0.694869746936615,0,-1,0
9.65000000000001,9.56,12.1541664965162,12.1275962240071,26.7290011308281,27.889174916448,43.5951046155436,43.3437744993108,0.241865546751328,0,0.241865546751328,0,2,1
9.84,9.65000000000001,12.2421016505088,12.1541664965162,26.5927478775324,26.7290011308281,43.418079311809,43.5951046155436,0.47542100114168,0,0.47542100114168,0,-1,-1
5.47,0,13.8801668016075,0,14.9046749889792,0,47.9598151494015,0,-0.233318385153751,-0.233318385153751,0,0,1,0
5.26000000000001,5.47,13.8710132208336,13.8801668016075,14.766152211578,14.9046749889792,48.3238480210702,47.9598151494015,0.0463141473731241,0.0463141473731241,0,0,-1,0
5.14,5.26000000000001,13.7706832162646,13.8710132208336,14.8479281391895,14.766152211578,48.8656910731415,48.3238480210702,-0.35785203631988,-0.35785203631988,0,0,0,1
5.45999999999999,5.14,13.7301311980592,13.7706832162646,15.0588575154426,14.8479281391895,49.2399485445396,48.8656910731415,-0.084639006412992,-0.084639006412992,0,0,0,-1
4.43000000000001,5.45999999999999,13.4906880000027,13.7301311980592,14.8837030979838,15.0588575154426,49.4665135905264,49.2399485445396,0.224833048530936,0.224833048530936,0,0,0,0
4.28,4.43000000000001,13.7088676844156,13.4906880000027,14.8573296096488,14.8837030979838,49.2694165805215,49.4665135905264,-0.0873685308722294,-0.0873685308722294,0,0,0,0
4.14,4.28,13.8738211872104,13.7088676844156,14.5766015715251,14.8573296096488,49.8062698119836,49.2694165805215,-0.544289851517746,-0.544289851517746,0,0,1,0
3.73,4.14,14.0209946369198,13.8738211872104,14.4093809561902,14.5766015715251,50.2601856677275,49.8062698119836,0.234458260675932,0.234458260675932,0,0,-1,0
3.45999999999999,3.73,13.8990027325441,14.0209946369198,14.6240593822859,14.4093809561902,50.3248948628885,50.2601856677275,0.604131732419482,0.604131732419482,0,0,0,0
3.58,3.45999999999999,13.8907745784368,13.8990027325441,14.297555262568,14.6240593822859,50.5842157856619,50.3248948628885,0.224298545394849,0.224298545394849,0,0,0,0
3.02,3.58,13.7820120928385,13.8907745784368,14.0071439532263,14.297555262568,50.3005575004405,50.5842157856619,-0.172903457899903,-0.172903457899903,0,0,0,0
2.48,3.02,13.7825135665169,13.7820120928385,14.2296429767558,14.0071439532263,50.953970005666,50.3005575004405,-0.295709351634354,-0.295709351634354,0,0,0,-1
2.15000000000001,2.48,13.9138795960454,13.7825135665169,14.1874279778879,14.2296429767558,51.1025840209083,50.953970005666,-0.119794702308202,-0.119794702308202,0,0,-1,1
2.83,2.15000000000001,13.6087330385345,13.9138795960454,13.8106820115522,14.1874279778879,51.5008142226815,51.1025840209083,0.292313451931442,0.292313451931442,0,0,1,0
3.58,2.83,14.3880081090984,13.6087330385345,13.9832386638357,13.8106820115522,51.2333122890616,51.5008142226815,-1.92325516729135,-1.92325516729135,0,0,0,0
3.37,3.58,14.3612052121507,14.3880081090984,14.0985112009761,13.9832386638357,51.043092007793,51.2333122890616,0.637065780499267,0.637065780499267,0,0,0,0
3.86,3.37,14.5368480497183,14.3612052121507,13.8731118729528,14.0985112009761,51.3981996982928,51.043092007793,0.0708645063531286,0.0708645063531286,0,0,0,-1
3.90000000000001,3.86,14.4768911908005,14.5368480497183,13.4464671028542,13.8731118729528,51.8579058638751,51.3981996982928,-0.442791343315005,-0.442791343315005,0,0,-1,1
3.97,3.90000000000001,14.3829397831687,14.4768911908005,13.4143795248889,13.4464671028542,52.6230635749352,51.8579058638751,-0.122485714305558,-0.122485714305558,0,0,1,0
4.37999999999999,3.97,14.5369541783216,14.3829397831687,13.284455316058,13.4143795248889,53.1905603334265,52.6230635749352,-0.34995749061331,-0.34995749061331,0,0,0,0
4.79000000000001,4.37999999999999,13.9966409976014,14.5369541783216,12.9709843542637,13.284455316058,53.8847587070806,53.1905603334265,4.79853379400944,4.79853379400944,0,0,0,0
5.33,4.79000000000001,14.1698539435098,13.9966409976014,13.1204145625211,12.9709843542637,53.9859622666681,53.8847587070806,-3.14136377945639,-3.14136377945639,0,0,0,0
5.77,5.33,14.1759427572227,14.1698539435098,12.9437248453531,13.1204145625211,53.9628003783817,53.9859622666681,-0.558636367477391,-0.558636367477391,0,0,0,0
5.92,5.77,14.2031934297367,14.1759427572227,12.9291495024845,12.9437248453531,54.4366808036604,53.9628003783817,0.0136584634519359,0.0136584634519359,0,0,0,0
6.62000000000001,5.92,14.1084441774436,14.2031934297367,12.7829550486146,12.9291495024845,54.7525771886808,54.4366808036604,0.354806192694786,0.354806192694786,0,0,0,1
6.44,6.62000000000001,14.2105048585401,14.1084441774436,12.5877417112454,12.7829550486146,55.5460551324042,54.7525771886808,-0.525692826875712,-0.525692826875712,0,0,0,-1
5.70999999999999,6.44,14.3107361190762,14.2105048585401,12.4330329199757,12.5877417112454,55.9890221782111,55.5460551324042,0.853238759669049,0.853238759669049,0,0,0,0
6.45,5.70999999999999,13.7790240648501,14.3107361190762,12.7480066892881,12.4330329199757,56.630855983259,55.9890221782111,0.223469131078785,0.223469131078785,0,0,1,1
6.73999999999999,6.45,14.1116721056958,13.7790240648501,12.6904715449735,12.7480066892881,56.8908333460024,56.630855983259,-0.955130924869447,-0.955130924869447,0,0,-1,-1
6.8,6.73999999999999,13.9939983630655,14.1116721056958,12.8824845302843,12.6904715449735,57.1989032105729,56.8908333460024,0.0285164784650451,0.0285164784650451,0,0,0,0
7.19,6.8,13.9119406755099,13.9939983630655,12.9003474544522,12.8824845302843,57.9141128269141,57.1989032105729,0.496396877265354,0.496396877265354,0,0,1,0
7.45999999999999,7.19,13.9389879788163,13.9119406755099,12.8109042305327,12.9003474544522,58.3111444099975,57.9141128269141,-0.146076127954611,-0.146076127954611,0,0,-1,0
8.06999999999999,7.45999999999999,13.9049810947435,13.9389879788163,13.1405385733251,12.8109042305327,58.5481825745686,58.3111444099975,0.541858599931217,0.541858599931217,0,0,0,0
8.5,8.06999999999999,13.7444637878387,13.9049810947435,13.5019225537447,13.1405385733251,58.2815355685386,58.5481825745686,-0.624837717399792,-0.624837717399792,0,0,0,0
8.06,8.5,13.7135962709033,13.7444637878387,13.3195906463677,13.5019225537447,58.2346277750879,58.2815355685386,5.29167397660498,5.29167397660498,0,0,0,-1
8.73999999999999,8.06,13.1868281262385,13.7135962709033,13.8724012377037,13.3195906463677,59.7335382737661,58.2346277750879,-3.44916572281051,-3.44916572281051,0,0,-1,0
9.17,8.73999999999999,13.5716659260236,13.1868281262385,13.9436214431701,13.8724012377037,60.3225160503638,59.7335382737661,-2.73710325735289,-2.73710325735289,0,0,1,1
16.2,9.17,14.4224801380824,13.5716659260236,21.1209052007235,13.9436214431701,59.2849181323468,60.3225160503638,-1.87338904480528,-1.87338904480528,0,0,0,0
17.89,16.2,14.2924046109293,14.4224801380824,21.8644632596975,21.1209052007235,57.3455359627419,59.2849181323468,2.73143325452513,2.73143325452513,0,0,0,0
16.44,17.89,14.4478127728343,14.2924046109293,20.1129817176946,21.8644632596975,56.6109212603777,57.3455359627419,-0.724260211531156,-0.724260211531156,0,0,0,0
15.11,16.44,15.107694317187,14.4478127728343,18.8493568239294,20.1129817176946,56.0830614519628,56.6109212603777,2.8657128594502,2.8657128594502,0,0,0,0
13.95,15.11,14.8694207194979,15.107694317187,16.3544736460289,18.8493568239294,55.8297790570412,56.0830614519628,-0.506434658915303,-0.506434658915303,0,0,0,0
13.83,13.95,14.9193500284879,14.8694207194979,16.0576885363951,16.3544736460289,55.7125669162203,55.8297790570412,-0.921732476157693,-0.921732476157693,0,0,0,0
13.2,13.83,14.9238706079921,14.9193500284879,16.124534942445,16.0576885363951,55.8007841132251,55.7125669162203,-0.176982568817097,-0.176982568817097,0,0,0,1
12.35,13.2,14.8558213768414,14.9238706079921,15.9017742787217,16.124534942445,55.3961137191825,55.8007841132251,-0.00987692322549982,-0.00987692322549982,0,0,0,-1
11.07,12.35,15.0506547112465,14.8558213768414,16.4087139197548,15.9017742787217,55.4710394945572,55.3961137191825,-2.08697942896877,-2.08697942896877,0,0,1,0
11.48,11.07,14.8009309823514,15.0506547112465,16.8863043250583,16.4087139197548,55.0615776367211,55.4710394945572,1.48234527551285,1.48234527551285,0,0,-1,0
11.1,11.48,14.9936579271548,14.8009309823514,16.2876128367457,16.8863043250583,55.2420899141657,55.0615776367211,-0.0858261368690396,-0.0858261368690396,0,0,0,0
10.31,11.1,14.8492415423923,14.9936579271548,16.1607462141882,16.2876128367457,55.050859620209,55.2420899141657,0.0855621893392779,0.0855621893392779,0,0,0,0
3.19,10.31,14.636680134846,14.8492415423923,15.845700689302,16.1607462141882,55.6218830898833,55.050859620209,-0.0694924849490306,-0.0694924849490306,0,0,0,1
1.36,3.19,14.5088585192164,14.636680134846,15.8908111992876,15.845700689302,56.3283150311664,55.6218830898833,-0.0150522367082608,-0.0150522367082608,0,0,0,0
1.98,1.36,13.929910575502,14.5088585192164,16.005438929857,15.8908111992876,56.4069865666829,56.3283150311664,0.757592946502786,0.757592946502786,0,0,1,-1
2.66,1.98,13.9094842451581,13.929910575502,15.956191197157,16.005438929857,56.7805835061867,56.4069865666829,2.4972290169703,2.4972290169703,0,0,-1,1
4.09999999999999,2.66,13.6377501877629,13.9094842451581,15.7904069398574,15.956191197157,57.298698048988,56.7805835061867,-1.84168907065787,-1.84168907065787,0,0,1,-1
4.48999999999999,4.09999999999999,13.5699991152813,13.6377501877629,16.3900380178695,15.7904069398574,58.5207225107561,57.298698048988,0.850895361256956,0.850895361256956,0,0,0,0
5.37000000000001,4.48999999999999,13.4442734275629,13.5699991152813,18.791522950008,16.3900380178695,59.7386592596154,58.5207225107561,-3.24247020059627,-3.24247020059627,0,0,-1,1
5.95999999999999,5.37000000000001,13.2495246462542,13.4442734275629,19.2022855868282,18.791522950008,60.5521127675903,59.7386592596154,2.21008655524883,2.21008655524883,0,0,0,-1
6.84,5.95999999999999,13.2734658292199,13.2495246462542,19.1314808960766,19.2022855868282,60.7110104445004,60.5521127675903,-2.2378425154308,-2.2378425154308,0,0,1,0
6.90000000000001,6.84,13.2589927055439,13.2734658292199,20.6936627003849,19.1314808960766,59.8381014827921,60.7110104445004,1.51933748883128,1.51933748883128,0,0,-1,0
6.73,6.90000000000001,13.3163843839933,13.2589927055439,23.2447609947771,20.6936627003849,59.7761916120699,59.8381014827921,-0.0387339306838328,-0.0387339306838328,0,0,0,0
6.69,6.73,13.2005637230724,13.3163843839933,24.1617097532547,23.2447609947771,59.6661382451651,59.7761916120699,-1.74209617894006,-1.74209617894006,0,0,0,1
6.7,6.69,13.1007818013152,13.2005637230724,22.6128080474029,24.1617097532547,59.6916513627925,59.6661382451651,1.37820301786078,1.37820301786078,0,0,0,0
6.98,6.7,13.0764685736099,13.1007818013152,22.5399619571924,22.6128080474029,59.9275120783112,59.6916513627925,-0.147723243239266,-0.147723243239266,0,0,0,0
7.05,6.98,12.687430902049,13.0764685736099,22.9264641164859,22.5399619571924,59.8956273491445,59.9275120783112,1.99752624521402,1.99752624521402,0,0,1,-1
7.47,7.05,12.7649219135439,12.687430902049,23.6121757063013,22.9264641164859,60.2317933032789,59.8956273491445,-3.32207411321289,-3.32207411321289,0,0,-1,1
8.22,7.47,11.8777897218888,12.7649219135439,23.2984204301311,23.6121757063013,59.6127415318828,60.2317933032789,2.57929124483088,2.57929124483088,0,0,1,-1
8.16,8.22,11.8602798913993,11.8777897218888,24.4100233087768,23.2984204301311,59.4979149965992,59.6127415318828,1.37150917776396,1.37150917776396,0,0,0,0
7.86,8.16,11.8616844512295,11.8602798913993,24.5112944739866,24.4100233087768,58.6866142992809,59.4979149965992,-1.69837436785221,-1.69837436785221,0,0,0,-1
7.59999999999999,7.86,11.6940246926767,11.8616844512295,27.3620006974056,24.5112944739866,57.7317822010666,58.6866142992809,-0.0926841374253904,-0.0926841374253904,0,0,-2,1
8.11,7.59999999999999,11.8196196662426,11.6940246926767,27.9927222753604,27.3620006974056,55.0233395305003,57.7317822010666,0.0683155196827663,0.0683155196827663,0,0,1,-1
8.88,8.11,12.3666252087963,11.8196196662426,27.8034999283872,27.9927222753604,52.5119799185679,55.0233395305003,0.0971594068581645,0.0971594068581645,0,0,-1,1
9.52,8.88,12.4007995229497,12.3666252087963,29.298846283528,27.8034999283872,51.3864424519912,52.5119799185679,0.167552665291165,0.167552665291165,0,0,2,0
9.48999999999999,9.52,12.7026317242732,12.4007995229497,30.0060899545763,29.298846283528,50.2069832190507,51.3864424519912,-0.199229542945385,-0.199229542945385,0,0,-1,1
9.78,9.48999999999999,12.9736006372091,12.7026317242732,29.8854717072585,30.0060899545763,49.1969154384824,50.2069832190507,0.230801283085562,0.230801283085562,0,0,0,-1
9.81,9.78,12.8795711863478,12.9736006372091,28.3134924671105,29.8854717072585,48.3472350413845,49.1969154384824,-0.910546663580597,-0.910546663580597,0,0,0,0
9.86,9.81,12.9681840055239,12.8795711863478,27.2419488841437,28.3134924671105,47.6399887621815,48.3472350413845,-1.10175622401147,-1.10175622401147,0,0,1,0
9.5,9.86,13.4489265352148,12.9681840055239,26.1399256627118,27.2419488841437,46.8376776394086,47.6399887621815,1.65838241362351,1.65838241362351,0,0,-1,0
8.61,9.5,12.5343409497416,13.4489265352148,25.2333013923061,26.1399256627118,46.0108247451135,46.8376776394086,-0.694869746936615,-0.694869746936615,0,0,-1,0
7.86,8.61,12.550321104301,12.5343409497416,25.1964452047965,25.2333013923061,45.8965874395614,46.0108247451135,0.241865546751328,0.241865546751328,0,0,2,1
7.92,7.86,12.5364325350856,12.550321104301,22.8773434962305,25.1964452047965,45.6438310729556,45.8965874395614,0.47542100114168,0.47542100114168,0,0,-1,-1
5.62999999999999,0,14.182555258929,0,15.2909615056766,0,55.2649372558329,0,-0.233318385153751,0,0,0,1,0
5.56999999999999,5.62999999999999,14.1429857901862,14.182555258929,15.0011987728461,15.2909615056766,56.0795509083578,55.2649372558329,0.0463141473731241,0,0,0,-1,0
5.45999999999999,5.56999999999999,14.0686304473942,14.1429857901862,15.1264300277276,15.0011987728461,57.2053980786289,56.0795509083578,-0.35785203631988,0,0,0,0,1
5.12000000000001,5.45999999999999,14.000715509341,14.0686304473942,15.2732304764896,15.1264300277276,57.8853615512739,57.2053980786289,-0.084639006412992,0,0,0,0,-1
4.39,5.12000000000001,13.8289620350766,14.000715509341,15.0480247508899,15.2732304764896,58.4838887942523,57.8853615512739,0.224833048530936,0,0,0,0,0
4.08,4.39,14.0194596716746,13.8289620350766,14.9854459745028,15.0480247508899,59.2522930326355,58.4838887942523,-0.0873685308722294,0,0,0,0,0
4.06,4.08,14.0818500402738,14.0194596716746,14.8770425127716,14.9854459745028,59.7494656437043,59.2522930326355,-0.544289851517746,0,0,0,1,0
3.72,4.06,14.2610228124386,14.0818500402738,14.7096131264364,14.8770425127716,60.3217507818173,59.7494656437043,0.234458260675932,0,0,0,-1,0
3.45,3.72,14.1616749599395,14.2610228124386,14.9780363141027,14.7096131264364,59.1339154838023,60.3217507818173,0.604131732419482,0,0,0,0,0
3.05,3.45,14.1752113197742,14.1616749599395,14.5831603627115,14.9780363141027,59.8620626791501,59.1339154838023,0.224298545394849,0,0,0,0,0
2.54000000000001,3.05,14.0513954840178,14.1752113197742,14.3635125508289,14.5831603627115,60.3390931739225,59.8620626791501,-0.172903457899903,0,0,0,0,0
2.3,2.54000000000001,13.9601569316713,14.0513954840178,14.5744938236398,14.3635125508289,64.9718051301885,60.3390931739225,-0.295709351634354,0,0,0,0,-1
2.20999999999999,2.3,14.0648992571185,13.9601569316713,14.375406745188,14.5744938236398,65.4716495087764,64.9718051301885,-0.119794702308202,0,0,0,-1,1
2.7,2.20999999999999,13.7964141592872,14.0648992571185,14.1003568849156,14.375406745188,66.3826821740722,65.4716495087764,0.292313451931442,0,0,0,1,0
3.31999999999999,2.7,14.656154474267,13.7964141592872,13.9080385864885,14.1003568849156,66.1853021056425,66.3826821740722,-1.92325516729135,0,0,0,0,0
3.3,3.31999999999999,14.655588682852,14.656154474267,13.8328380677261,13.9080385864885,66.4447540790744,66.1853021056425,0.637065780499267,0,0,0,0,0
3.58,3.3,14.8385584873704,14.655588682852,13.877324844933,13.8328380677261,67.0210596232336,66.4447540790744,0.0708645063531286,0,0,0,0,-1
4.08,3.58,14.7378661678983,14.8385584873704,13.5511061469913,13.877324844933,67.9882168785541,67.0210596232336,-0.442791343315005,0,0,0,-1,1
4.01000000000001,4.08,14.6006452711908,14.7378661678983,13.4402004927941,13.5511061469913,68.9847441473771,67.9882168785541,-0.122485714305558,0,0,0,1,0
4.01000000000001,4.01000000000001,14.8113550806402,14.6006452711908,13.5550308442529,13.4402004927941,69.8543966212916,68.9847441473771,-0.34995749061331,0,0,0,0,0
4.20999999999999,4.01000000000001,14.2335691209829,14.8113550806402,13.2027359224681,13.5550308442529,68.5567452038656,69.8543966212916,4.79853379400944,0,0,0,0,0
4.72,4.20999999999999,14.3491986247,14.2335691209829,13.3182855547219,13.2027359224681,68.602756713466,68.5567452038656,-3.14136377945639,0,0,0,0,0
5.56999999999999,4.72,14.3652711623855,14.3491986247,13.1277071643584,13.3182855547219,68.5097724929581,68.602756713466,-0.558636367477391,0,0,0,0,0
5.44,5.56999999999999,14.2957843232655,14.3652711623855,13.0090567583381,13.1277071643584,69.2288284225973,68.5097724929581,0.0136584634519359,0,0,0,0,0
5.73999999999999,5.44,14.296385626021,14.2957843232655,12.91711515965,13.0090567583381,70.4780330117479,69.2288284225973,0.354806192694786,0,0,0,0,1
5.59,5.73999999999999,14.331479331891,14.296385626021,12.8453828431498,12.91711515965,70.647959172051,70.4780330117479,-0.525692826875712,0,0,0,0,-1
5.34999999999999,5.59,14.4726342603255,14.331479331891,12.7739120922464,12.8453828431498,68.6742960622286,70.647959172051,0.853238759669049,0,0,0,0,0
5.75,5.34999999999999,13.8944623345227,14.4726342603255,12.9397425562691,12.7739120922464,67.7317696768647,68.6742960622286,0.223469131078785,0,0,0,1,1
6.06999999999999,5.75,14.2548542364572,13.8944623345227,12.9434267996582,12.9397425562691,67.7765313187837,67.7317696768647,-0.955130924869447,0,0,0,-1,-1
6,6.06999999999999,14.0984447635466,14.2548542364572,13.4920552928413,12.9434267996582,67.9817614357366,67.7765313187837,0.0285164784650451,0,0,0,0,0
6.31,6,14.0259452881769,14.0984447635466,13.0629851805319,13.4920552928413,67.9113068076243,67.9817614357366,0.496396877265354,0,0,0,1,0
6.75,6.31,14.074576701494,14.0259452881769,13.0048316457504,13.0629851805319,67.1024819195855,67.9113068076243,-0.146076127954611,0,0,0,-1,0
7.56,6.75,14.0374352571166,14.074576701494,13.5070382330743,13.0048316457504,66.5697733676774,67.1024819195855,0.541858599931217,0,0,0,0,0
7.81999999999999,7.56,13.9190978663411,14.0374352571166,13.5708369031456,13.5070382330743,65.2938119202742,66.5697733676774,-0.624837717399792,0,0,0,0,0
7.42,7.81999999999999,13.8940764346388,13.9190978663411,13.6039614699587,13.5708369031456,63.8718676191128,65.2938119202742,5.29167397660498,0,0,0,0,-1
7.8,7.42,13.3439810771701,13.8940764346388,14.0333722092512,13.6039614699587,66.3351444627091,63.8718676191128,-3.44916572281051,0,0,0,-1,0
8.06,7.8,13.7099359632053,13.3439810771701,14.2495098185219,14.0333722092512,66.3318294430457,66.3351444627091,-2.73710325735289,0,0,0,1,1
14.05,8.06,14.6288493681293,13.7099359632053,19.4087821605578,14.2495098185219,65.0023427920925,66.3318294430457,-1.87338904480528,0,0,0,0,0
14.82,14.05,14.5373450891058,14.6288493681293,22.2101498746114,19.4087821605578,64.1204371839267,65.0023427920925,2.73143325452513,0,0,0,0,0
14.7,14.82,14.691053488793,14.5373450891058,20.5347664673486,22.2101498746114,62.916830640215,64.1204371839267,-0.724260211531156,0,0,0,0,0
14.61,14.7,15.2682658064426,14.691053488793,19.4390455406343,20.5347664673486,62.0932601983313,62.916830640215,2.8657128594502,0,0,0,0,0
13.52,14.61,15.0313074337087,15.2682658064426,16.9726930190564,19.4390455406343,59.5574158059821,62.0932601983313,-0.506434658915303,0,0,0,0,0
13.03,13.52,15.0528906243636,15.0313074337087,18.15703356513,16.9726930190564,59.3006847188525,59.5574158059821,-0.921732476157693,0,0,0,0,0
12.34,13.03,15.0199827596896,15.0528906243636,20.0148272582733,18.15703356513,59.4703781476173,59.3006847188525,-0.176982568817097,0,0,0,0,1
11.47,12.34,14.9242157532269,15.0199827596896,16.1072571967173,20.0148272582733,59.4598093768479,59.4703781476173,-0.00987692322549982,0,0,0,0,-1
10.76,11.47,15.1967750024908,14.9242157532269,17.5060277012084,16.1072571967173,59.4102503221655,59.4598093768479,-2.08697942896877,0,0,0,1,0
11.12,10.76,14.9248983984857,15.1967750024908,19.452273618922,17.5060277012084,59.0675272042572,59.4102503221655,1.48234527551285,0,0,0,-1,0
11.19,11.12,15.0471824841472,14.9248983984857,17.1185710822987,19.452273618922,58.3621228855707,59.0675272042572,-0.0858261368690396,0,0,0,0,0
10.75,11.19,14.905194205407,15.0471824841472,16.607870836606,17.1185710822987,58.3185025988559,58.3621228855707,0.0855621893392779,0,0,0,0,0
4.61,10.75,14.6754197482724,14.905194205407,16.4350745549587,16.607870836606,58.5910018149349,58.3185025988559,-0.0694924849490306,0,0,0,0,1
3.44,4.61,14.5620119166452,14.6754197482724,16.555124389221,16.4350745549587,58.3327824651594,58.5910018149349,-0.0150522367082608,0,0,0,0,0
3.33,3.44,13.8858491351895,14.5620119166452,16.7850556087434,16.555124389221,58.4661192917211,58.3327824651594,0.757592946502786,0,0,0,1,-1
3.39,3.33,13.9340938715839,13.8858491351895,16.6086371581376,16.7850556087434,58.6713492064278,58.4661192917211,2.4972290169703,0,0,0,-1,1
4.31,3.39,13.6583471081182,13.9340938715839,16.6170476304778,16.6086371581376,59.1689750909786,58.6713492064278,-1.84168907065787,0,0,0,1,-1
4.90000000000001,4.31,13.53859860493,13.6583471081182,16.5397326204862,16.6170476304778,60.2695418819938,59.1689750909786,0.850895361256956,0,0,0,0,0
5.79000000000001,4.90000000000001,13.4447333922781,13.53859860493,18.8028965436631,16.5397326204862,60.9517967336413,60.2695418819938,-3.24247020059627,0,0,0,-1,1
6.25,5.79000000000001,13.1947955942807,13.4447333922781,19.3182653214229,18.8028965436631,61.4432692140708,60.9517967336413,2.21008655524883,0,0,0,0,-1
7.08,6.25,13.2386709022959,13.1947955942807,20.6973790217986,19.3182653214229,61.5329871082212,61.4432692140708,-2.2378425154308,0,0,0,1,0
6.91,7.08,13.2549263618628,13.2386709022959,21.4436506374425,20.6973790217986,60.7159710122373,61.5329871082212,1.51933748883128,0,0,0,-1,0
6.62999999999999,6.91,13.3024766906911,13.2549263618628,23.0449830101283,21.4436506374425,60.5451900026758,60.7159710122373,-0.0387339306838328,0,0,0,0,0
7.03,6.62999999999999,13.1743836687173,13.3024766906911,24.1740130323584,23.0449830101283,60.0707548213539,60.5451900026758,-1.74209617894006,0,0,0,0,1
6.81,7.03,13.1005245576344,13.1743836687173,23.2685127534093,24.1740130323584,60.2305816887486,60.0707548213539,1.37820301786078,0,0,0,0,0
7.14,6.81,13.0972520649158,13.1005245576344,22.9871381412588,23.2685127534093,59.7381945940365,60.2305816887486,-0.147723243239266,0,0,0,0,0
7.40000000000001,7.14,12.6640460937503,13.0972520649158,23.5104445154617,22.9871381412588,59.9524829604688,59.7381945940365,1.99752624521402,0,0,0,1,-1
7.19,7.40000000000001,12.747220408253,12.6640460937503,24.372574572089,23.5104445154617,60.5444709856209,59.9524829604688,-3.32207411321289,0,0,0,-1,1
8.13,7.19,11.7985415155065,12.747220408253,24.6297272458491,24.372574572089,60.4496973977405,60.5444709856209,2.57929124483088,0,0,0,1,-1
7.78,8.13,11.773958413813,11.7985415155065,24.8979772669724,24.6297272458491,60.2679349830393,60.4496973977405,1.37150917776396,0,0,0,0,0
8.09999999999999,7.78,11.790094798192,11.773958413813,26.4483559314051,24.8979772669724,59.9164571035518,60.2679349830393,-1.69837436785221,0,0,0,0,-1
7.84999999999999,8.09999999999999,11.59687188274,11.790094798192,27.2216988695509,26.4483559314051,59.3725402142266,59.9164571035518,-0.0926841374253904,0,0,0,-2,1
8.31999999999999,7.84999999999999,11.7580999561621,11.59687188274,27.7617818303428,27.2216988695509,56.0624932170442,59.3725402142266,0.0683155196827663,0,0,0,1,-1
9.2,8.31999999999999,12.4449098701614,11.7580999561621,29.6163047607719,27.7617818303428,53.9236909243347,56.0624932170442,0.0971594068581645,0,0,0,-1,1
9.45999999999999,9.2,12.4753089680273,12.4449098701614,30.2536603169006,29.6163047607719,52.4620316353966,53.9236909243347,0.167552665291165,0,0,0,2,0
9.77,9.45999999999999,12.7602360921111,12.4753089680273,30.9228718120064,30.2536603169006,51.4953618939126,52.4620316353966,-0.199229542945385,0,0,0,-1,1
10.26,9.77,13.05058404968,12.7602360921111,31.9138590551649,30.9228718120064,50.7701482361959,51.4953618939126,0.230801283085562,0,0,0,0,-1
10.2,10.26,12.9704859313868,13.05058404968,29.3953292383434,31.9138590551649,50.8620799656607,50.7701482361959,-0.910546663580597,0,0,0,0,0
10.46,10.2,13.0070620966963,12.9704859313868,28.8168912924538,29.3953292383434,50.3343471647275,50.8620799656607,-1.10175622401147,0,0,0,1,0
10.7,10.46,13.4888525079957,13.0070620966963,28.596777146259,28.8168912924538,49.7042548414264,50.3343471647275,1.65838241362351,0,0,0,-1,0
9.42,10.7,12.5853041419283,13.4888525079957,26.4491885004371,28.596777146259,48.8255698364168,49.7042548414264,-0.694869746936615,0,0,0,-1,0
9.47,9.42,12.6203499122804,12.5853041419283,25.4254537715665,26.4491885004371,48.8511356545295,48.8255698364168,0.241865546751328,0,0,0,2,1
9.02,9.47,12.6674152825589,12.6203499122804,24.1808730676342,25.4254537715665,48.7973846600567,48.8511356545295,0.47542100114168,0,0,0,-1,-1
4.92,0,13.5998508831891,0,14.9184613221525,0,54.0941495530802,0,-0.233318385153751,-0.233318385153751,0,0,1,0
5.43000000000001,4.92,13.5356328465727,13.5998508831891,14.6936010150906,14.9184613221525,55.345761172094,54.0941495530802,0.0463141473731241,0.0463141473731241,0,0,-1,0
5.18000000000001,5.43000000000001,13.4089797579193,13.5356328465727,14.7128276405062,14.6936010150906,57.0760395737201,55.345761172094,-0.35785203631988,-0.35785203631988,0,0,0,1
4.59999999999999,5.18000000000001,13.3150849131521,13.4089797579193,14.8833922709736,14.7128276405062,58.783713916783,57.0760395737201,-0.084639006412992,-0.084639006412992,0,0,0,-1
4.45999999999999,4.59999999999999,13.0915725081812,13.3150849131521,14.7735344975433,14.8833922709736,59.9609269923787,58.783713916783,0.224833048530936,0.224833048530936,0,0,0,0
4.59999999999999,4.45999999999999,13.2679765312789,13.0915725081812,14.7148061476496,14.7735344975433,60.7713611172613,59.9609269923787,-0.0873685308722294,-0.0873685308722294,0,0,0,0
4.31,4.59999999999999,13.4479684884671,13.2679765312789,14.5163678189544,14.7148061476496,62.4080924301293,60.7713611172613,-0.544289851517746,-0.544289851517746,0,0,1,0
3.84999999999999,4.31,13.559033926892,13.4479684884671,14.3297554318425,14.5163678189544,63.882659986819,62.4080924301293,0.234458260675932,0.234458260675932,0,0,-1,0
3.98,3.84999999999999,13.470740919047,13.559033926892,14.5520290782383,14.3297554318425,63.2264283782318,63.882659986819,0.604131732419482,0.604131732419482,0,0,0,0
3.64,3.98,13.4434350822813,13.470740919047,14.2303304038772,14.5520290782383,64.7289708665915,63.2264283782318,0.224298545394849,0.224298545394849,0,0,0,0
2.93000000000001,3.64,13.3693634416254,13.4434350822813,13.7724019194311,14.2303304038772,65.7443061361123,64.7289708665915,-0.172903457899903,-0.172903457899903,0,0,0,0
2.36,2.93000000000001,13.4883460183441,13.3693634416254,14.051161763006,13.7724019194311,67.6502938121174,65.7443061361123,-0.295709351634354,-0.295709351634354,0,0,0,-1
1.95999999999999,2.36,13.6320663221071,13.4883460183441,14.0511424320184,14.051161763006,67.9439194089954,67.6502938121174,-0.119794702308202,-0.119794702308202,0,0,-1,1
2.33,1.95999999999999,13.4570653609857,13.6320663221071,13.4046871430809,14.0511424320184,68.6175833720708,67.9439194089954,0.292313451931442,0.292313451931442,0,0,1,0
3.19,2.33,14.0715184047055,13.4570653609857,13.6024778246501,13.4046871430809,68.3916411624426,68.6175833720708,-1.92325516729135,-1.92325516729135,0,0,0,0
3.19,3.19,13.9974998727898,14.0715184047055,13.7857113738363,13.6024778246501,68.5218214526079,68.3916411624426,0.637065780499267,0.637065780499267,0,0,0,0
3.44,3.19,14.1262040940512,13.9974998727898,13.5527637085404,13.7857113738363,68.835228830586,68.5218214526079,0.0708645063531286,0.0708645063531286,0,0,0,-1
3.22,3.44,14.0845168781656,14.1262040940512,13.0742174750544,13.5527637085404,71.0508017686581,68.835228830586,-0.442791343315005,-0.442791343315005,0,0,-1,1
3.44,3.22,14.0347921974467,14.0845168781656,13.0471748719117,13.0742174750544,72.112940816148,71.0508017686581,-0.122485714305558,-0.122485714305558,0,0,1,0
3.7,3.44,14.1631277370041,14.0347921974467,12.9374887587447,13.0471748719117,73.077899808479,72.112940816148,-0.34995749061331,-0.34995749061331,0,0,0,0
3.90000000000001,3.7,13.6915964370832,14.1631277370041,12.4305593434749,12.9374887587447,73.5429803130662,73.077899808479,4.79853379400944,4.79853379400944,0,0,0,0
4.65000000000001,3.90000000000001,13.7879561606318,13.6915964370832,12.5200073586117,12.4305593434749,73.0399007694681,73.5429803130662,-3.14136377945639,-3.14136377945639,0,0,0,0
4.37999999999999,4.65000000000001,13.7864482320536,13.7879561606318,12.3826891827406,12.5200073586117,73.0140563949356,73.0399007694681,-0.558636367477391,-0.558636367477391,0,0,0,0
4.5,4.37999999999999,13.7863070422391,13.7864482320536,12.4008780853511,12.3826891827406,71.4921386779931,73.0140563949356,0.0136584634519359,0.0136584634519359,0,0,0,0
5.14,4.5,13.7858588556557,13.7863070422391,12.2764902342248,12.4008780853511,72.3036335837615,71.4921386779931,0.354806192694786,0.354806192694786,0,0,0,1
4.86,5.14,13.8382130490657,13.7858588556557,12.216821155518,12.2764902342248,73.6111426321606,72.3036335837615,-0.525692826875712,-0.525692826875712,0,0,0,-1
4.94,4.86,13.8240499694144,13.8382130490657,12.1811476983684,12.216821155518,74.1043352031893,73.6111426321606,0.853238759669049,0.853238759669049,0,0,0,0
5.37999999999999,4.94,13.4493899469867,13.8240499694144,12.3960053480557,12.1811476983684,75.0884650526574,74.1043352031893,0.223469131078785,0.223469131078785,0,0,1,1
6.11,5.37999999999999,13.8228914459742,13.4493899469867,12.4591109325624,12.3960053480557,76.14122540552,75.0884650526574,-0.955130924869447,-0.955130924869447,0,0,-1,-1
6.28,6.11,13.7370542602621,13.8228914459742,12.8887486810738,12.4591109325624,75.2914675384052,76.14122540552,0.0285164784650451,0.0285164784650451,0,0,0,0
6.81999999999999,6.28,13.6412852569918,13.7370542602621,12.6244020280714,12.8887486810738,76.0126541684987,75.2914675384052,0.496396877265354,0.496396877265354,0,0,1,0
7.44,6.81999999999999,13.633261996108,13.6412852569918,12.5252096487085,12.6244020280714,76.5160245252698,76.0126541684987,-0.146076127954611,-0.146076127954611,0,0,-1,0
8.22,7.44,13.6108941211338,13.633261996108,13.0899673921642,12.5252096487085,79.1738185046027,76.5160245252698,0.541858599931217,0.541858599931217,0,0,0,0
7.94,8.22,13.4602354822217,13.6108941211338,13.1471768518001,13.0899673921642,78.5451130210416,79.1738185046027,-0.624837717399792,-0.624837717399792,0,0,0,0
9.20999999999999,7.94,13.4043053612631,13.4602354822217,13.2738880117955,13.1471768518001,78.3898766119049,78.5451130210416,5.29167397660498,5.29167397660498,0,0,0,-1
10.5,9.20999999999999,12.9009290163626,13.4043053612631,13.5612555258868,13.2738880117955,80.9065208448782,78.3898766119049,-3.44916572281051,-3.44916572281051,0,0,-1,0
10.78,10.5,13.4128703433885,12.9009290163626,13.6464990433305,13.5612555258868,81.7735396140613,80.9065208448782,-2.73710325735289,-2.73710325735289,0,0,1,1
18.27,10.78,14.2386040044889,13.4128703433885,20.4869321170621,13.6464990433305,81.0202335869326,81.7735396140613,-1.87338904480528,-1.87338904480528,0,0,0,0
18.93,18.27,13.9034119693164,14.2386040044889,20.5641114256533,20.4869321170621,78.7752136015688,81.0202335869326,2.73143325452513,2.73143325452513,0,0,0,0
17.93,18.93,13.9911830823487,13.9034119693164,19.3480947982154,20.5641114256533,77.7574914137606,78.7752136015688,-0.724260211531156,-0.724260211531156,0,0,0,0
15.82,17.93,14.5781713756232,13.9911830823487,17.693243478144,19.3480947982154,77.1972122812702,77.7574914137606,2.8657128594502,2.8657128594502,0,0,0,0
14.99,15.82,14.388404032594,14.5781713756232,15.7056366298204,17.693243478144,77.614193779374,77.1972122812702,-0.506434658915303,-0.506434658915303,0,0,0,0
13.4,14.99,14.46201011162,14.388404032594,15.565280312418,15.7056366298204,77.931916414955,77.614193779374,-0.921732476157693,-0.921732476157693,0,0,0,0
12.97,13.4,14.4521359365292,14.46201011162,15.5663498120365,15.565280312418,78.5399186971793,77.931916414955,-0.176982568817097,-0.176982568817097,0,0,0,1
11.57,12.97,14.3728930811066,14.4521359365292,15.3801542525695,15.5663498120365,77.0563418830242,78.5399186971793,-0.00987692322549982,-0.00987692322549982,0,0,0,-1
10.79,11.57,14.5689251477178,14.3728930811066,15.295838900087,15.3801542525695,77.3431980800144,77.0563418830242,-2.08697942896877,-2.08697942896877,0,0,1,0
10.4,10.79,14.335331649488,14.5689251477178,15.5872824329708,15.295838900087,77.8665629206842,77.3431980800144,1.48234527551285,1.48234527551285,0,0,-1,0
9.89,10.4,14.525055221132,14.335331649488,15.7147459887711,15.5872824329708,78.7015498838398,77.8665629206842,-0.0858261368690396,-0.0858261368690396,0,0,0,0
8.81999999999999,9.89,14.3832549606629,14.525055221132,15.3586681200969,15.7147459887711,78.4835421820828,78.7015498838398,0.0855621893392779,0.0855621893392779,0,0,0,0
1.91,8.81999999999999,14.1104302037928,14.3832549606629,15.2275942032434,15.3586681200969,79.1383965869315,78.4835421820828,-0.0694924849490306,-0.0694924849490306,0,0,0,1
0.689999999999998,1.91,13.9695163724314,14.1104302037928,15.2814701036097,15.2275942032434,81.4634476958572,79.1383965869315,-0.0150522367082608,-0.0150522367082608,0,0,0,0
0.590000000000003,0.689999999999998,13.4806461760746,13.9695163724314,15.3307317864971,15.2814701036097,81.9402341032156,81.4634476958572,0.757592946502786,0.757592946502786,0,0,1,-1
1.56999999999999,0.590000000000003,13.446334980856,13.4806461760746,15.1157688937555,15.3307317864971,82.4729482419375,81.9402341032156,2.4972290169703,2.4972290169703,0,0,-1,1
3.02,1.56999999999999,13.2209760465604,13.446334980856,15.1176845954755,15.1157688937555,80.5648241973428,82.4729482419375,-1.84168907065787,-1.84168907065787,0,0,1,-1
4.5,3.02,13.1836135027665,13.2209760465604,16.1423528307632,15.1176845954755,82.2239907481643,80.5648241973428,0.850895361256956,0.850895361256956,0,0,0,0
6.17,4.5,13.0546310278271,13.1836135027665,18.0601952274259,16.1423528307632,83.6647221215623,82.2239907481643,-3.24247020059627,-3.24247020059627,0,0,-1,1
6.5,6.17,12.8407515167536,13.0546310278271,18.9732964401772,18.0601952274259,83.8586525613607,83.6647221215623,2.21008655524883,2.21008655524883,0,0,0,-1
8.15000000000001,6.5,12.9334346754293,12.8407515167536,17.8899069973479,18.9732964401772,83.2988192978481,83.8586525613607,-2.2378425154308,-2.2378425154308,0,0,1,0
8.06,8.15000000000001,12.9106501021027,12.9334346754293,20.9278229161932,17.8899069973479,81.9290174272382,83.2988192978481,1.51933748883128,1.51933748883128,0,0,-1,0
7.95,8.06,13.0347017744639,12.9106501021027,22.3994114367073,20.9278229161932,84.3428950237867,81.9290174272382,-0.0387339306838328,-0.0387339306838328,0,0,0,0
8.26000000000001,7.95,12.9145803674202,13.0347017744639,24.0355103945896,22.3994114367073,83.5848772542142,84.3428950237867,-1.74209617894006,-1.74209617894006,0,0,0,1
8.22,8.26000000000001,12.7670752184571,12.9145803674202,23.1762173937959,24.0355103945896,83.5632816536424,83.5848772542142,1.37820301786078,1.37820301786078,0,0,0,0
8.62,8.22,12.7014271364555,12.7670752184571,22.8764067125889,23.1762173937959,81.6794338282662,83.5632816536424,-0.147723243239266,-0.147723243239266,0,0,0,0
9.2,8.62,12.3083836389925,12.7014271364555,22.4437037874204,22.8764067125889,81.6365104629499,81.6794338282662,1.99752624521402,1.99752624521402,0,0,1,-1
9.67,9.2,12.3376068449907,12.3083836389925,23.9638257482938,22.4437037874204,82.2991457468483,81.6365104629499,-3.32207411321289,-3.32207411321289,0,0,-1,1
9.93000000000001,9.67,11.524404743559,12.3376068449907,23.5982441394391,23.9638257482938,79.1013125931771,82.2991457468483,2.57929124483088,2.57929124483088,0,0,1,-1
9.56,9.93000000000001,11.5283493001674,11.524404743559,25.0306519243063,23.5982441394391,78.5073131183768,79.1013125931771,1.37150917776396,1.37150917776396,0,0,0,0
8.34999999999999,9.56,11.5427016395934,11.5283493001674,25.20642470804,25.0306519243063,77.2954655308914,78.5073131183768,-1.69837436785221,-1.69837436785221,0,0,0,-1
9.13,8.34999999999999,11.4100301372838,11.5427016395934,27.5277470159188,25.20642470804,76.9217306083959,77.2954655308914,-0.0926841374253904,-0.0926841374253904,0,0,-2,1
9.17,9.13,11.5201761606892,11.4100301372838,28.9118340328236,27.5277470159188,74.2056342163895,76.9217306083959,0.0683155196827663,0.0683155196827663,0,0,1,-1
9.90000000000001,9.17,12.0217697962639,11.5201761606892,29.9202753105411,28.9118340328236,71.9327837637285,74.2056342163895,0.0971594068581645,0.0971594068581645,0,0,-1,1
10.57,9.90000000000001,12.0658261288109,12.0217697962639,30.3979787666151,29.9202753105411,73.0003455912213,71.9327837637285,0.167552665291165,0.167552665291165,0,0,2,0
11.11,10.57,12.3231475562055,12.0658261288109,31.8979326488183,30.3979787666151,71.8920755725628,73.0003455912213,-0.199229542945385,-0.199229542945385,0,0,-1,1
11.26,11.11,12.5943449427553,12.3231475562055,32.2176578497397,31.8979326488183,71.0953843035482,71.8920755725628,0.230801283085562,0.230801283085562,0,0,0,-1
10.88,11.26,12.4916135595524,12.5943449427553,30.4509903226609,32.2176578497397,67.6342743234579,71.0953843035482,-0.910546663580597,-0.910546663580597,0,0,0,0
10.99,10.88,12.6235964568909,12.4916135595524,29.3079488130876,30.4509903226609,66.9925578427016,67.6342743234579,-1.10175622401147,-1.10175622401147,0,0,1,0
11,10.99,13.1507451604741,12.6235964568909,28.4512599979501,29.3079488130876,65.9708838243654,66.9925578427016,1.65838241362351,1.65838241362351,0,0,-1,0
9.68000000000001,11,12.2787043874905,13.1507451604741,28.2519088650987,28.4512599979501,64.9812609892948,65.9708838243654,-0.694869746936615,-0.694869746936615,0,0,-1,0
9.38,9.68000000000001,12.3322619467736,12.2787043874905,27.8533171212359,28.2519088650987,64.9626985109116,64.9812609892948,0.241865546751328,0.241865546751328,0,0,2,1
8.83,9.38,12.3470512498877,12.3322619467736,25.6417482892237,27.8533171212359,64.5994547980746,64.9626985109116,0.47542100114168,0.47542100114168,0,0,-1,-1
5.45,0,13.6081307610041,0,15.2303162034064,0,45.3471809151143,0,-0.233318385153751,0,0,0,1,0
5.7,5.45,13.6359114235755,13.6081307610041,15.2128853952118,15.2303162034064,46.2070452129714,45.3471809151143,0.0463141473731241,0,0,0,-1,0
5.66,5.7,13.5277766708247,13.6359114235755,15.2563469980071,15.2128853952118,47.5972515257654,46.2070452129714,-0.35785203631988,0,0,0,0,1
5.28,5.66,13.4698681401946,13.5277766708247,15.4568852237282,15.2563469980071,48.5576419783593,47.5972515257654,-0.084639006412992,0,0,0,0,-1
5.31999999999999,5.28,13.2561344131758,13.4698681401946,15.2894235322127,15.4568852237282,49.4432672794022,48.5576419783593,0.224833048530936,0,0,0,0,0
4.95999999999999,5.31999999999999,13.475017790747,13.2561344131758,15.2988057323959,15.2894235322127,50.1209192168285,49.4432672794022,-0.0873685308722294,0,0,0,0,0
4.48999999999999,4.95999999999999,13.5281593823502,13.475017790747,15.0922282137266,15.2988057323959,51.4341261364749,50.1209192168285,-0.544289851517746,0,0,0,1,0
4.45999999999999,4.48999999999999,13.6530571917215,13.5281593823502,14.8250460751665,15.0922282137266,52.6227956606466,51.4341261364749,0.234458260675932,0,0,0,-1,0
4.23999999999999,4.45999999999999,13.5398186679408,13.6530571917215,15.0663434993918,14.8250460751665,53.6529274950264,52.6227956606466,0.604131732419482,0,0,0,0,0
3.79000000000001,4.23999999999999,13.5495307980156,13.5398186679408,14.7457062099314,15.0663434993918,54.5707999361319,53.6529274950264,0.224298545394849,0,0,0,0,0
3.55,3.79000000000001,13.4593007594121,13.5495307980156,14.5030817845794,14.7457062099314,55.397849647653,54.5707999361319,-0.172903457899903,0,0,0,0,0
2.39,3.55,13.5128763120198,13.4593007594121,14.4496408812005,14.5030817845794,55.588206745807,55.397849647653,-0.295709351634354,0,0,0,0,-1
2.42,2.39,13.6663188923821,13.5128763120198,14.4911509647268,14.4496408812005,55.8523058852024,55.588206745807,-0.119794702308202,0,0,0,-1,1
2.25,2.42,13.3535507387065,13.6663188923821,13.9659451721693,14.4911509647268,56.4691991186701,55.8523058852024,0.292313451931442,0,0,0,1,0
2.83,2.25,14.0860553378822,13.3535507387065,14.2552477022229,13.9659451721693,54.641730346256,56.4691991186701,-1.92325516729135,0,0,0,0,0
2.64,2.83,14.0609457674476,14.0860553378822,14.1998075421163,14.2552477022229,54.6985217595031,54.641730346256,0.637065780499267,0,0,0,0,0
2.75,2.64,14.2292068872048,14.0609457674476,13.9799985082783,14.1998075421163,55.1229824904728,54.6985217595031,0.0708645063531286,0,0,0,0,-1
2.70999999999999,2.75,14.1966132132996,14.2292068872048,13.6228572302762,13.9799985082783,55.5609488331748,55.1229824904728,-0.442791343315005,0,0,0,-1,1
3.06,2.70999999999999,14.1294988938804,14.1966132132996,13.5057565611258,13.6228572302762,56.5391159898789,55.5609488331748,-0.122485714305558,0,0,0,1,0
3.34999999999999,3.06,14.2957623572144,14.1294988938804,13.3967535823547,13.5057565611258,57.3604747389961,56.5391159898789,-0.34995749061331,0,0,0,0,0
3.86,3.34999999999999,13.7397675261614,14.2957623572144,12.9724241692818,13.3967535823547,58.5671383331271,57.3604747389961,4.79853379400944,0,0,0,0,0
4.61,3.86,13.9000438789507,13.7397675261614,13.1482016510587,12.9724241692818,58.5470106069869,58.5671383331271,-3.14136377945639,0,0,0,0,0
4.86,4.61,13.9322733643061,13.9000438789507,12.9035018835977,13.1482016510587,58.1935936017346,58.5470106069869,-0.558636367477391,0,0,0,0,0
5.48,4.86,13.9399797373355,13.9322733643061,12.8760483067902,12.9035018835977,59.8964445552299,58.1935936017346,0.0136584634519359,0,0,0,0,0
5.84,5.48,13.9363668059316,13.9399797373355,12.7558616373859,12.8760483067902,60.2965615449586,59.8964445552299,0.354806192694786,0,0,0,0,1
6.06999999999999,5.84,13.9939700055961,13.9363668059316,12.7412799194183,12.7558616373859,61.2178346941165,60.2965615449586,-0.525692826875712,0,0,0,0,-1
6.34,6.06999999999999,14.0498749867073,13.9939700055961,12.6579417161021,12.7412799194183,62.6728957496113,61.2178346941165,0.853238759669049,0,0,0,0,0
6.56999999999999,6.34,13.5472639083595,14.0498749867073,12.7675170627451,12.6579417161021,63.2448546627743,62.6728957496113,0.223469131078785,0,0,0,1,1
7.36,6.56999999999999,13.9553565270083,13.5472639083595,12.844256001382,12.7675170627451,64.18912640678,63.2448546627743,-0.955130924869447,0,0,0,-1,-1
7.51000000000001,7.36,13.8363289282859,13.9553565270083,13.2657108788299,12.844256001382,64.1637292998583,64.18912640678,0.0285164784650451,0,0,0,0,0
7.8,7.51000000000001,13.7079510963062,13.8363289282859,12.9860044412367,13.2657108788299,65.2578061940652,64.1637292998583,0.496396877265354,0,0,0,1,0
8.76000000000001,7.8,13.7458343272253,13.7079510963062,12.9912118872019,12.9860044412367,66.0601142058812,65.2578061940652,-0.146076127954611,0,0,0,-1,0
9.20999999999999,8.76000000000001,13.6871005128657,13.7458343272253,13.481623969374,12.9912118872019,65.4583644810947,66.0601142058812,0.541858599931217,0,0,0,0,0
9.87,9.20999999999999,13.5243574022169,13.6871005128657,13.4475433309979,13.481623969374,64.781807512435,65.4583644810947,-0.624837717399792,0,0,0,0,0
9.38,9.87,13.4782754277059,13.5243574022169,13.9207926585183,13.4475433309979,65.2107624946249,64.781807512435,5.29167397660498,0,0,0,0,-1
10.61,9.38,12.946056154433,13.4782754277059,14.0813838231598,13.9207926585183,67.2408611987868,65.2107624946249,-3.44916572281051,0,0,0,-1,0
10.93,10.61,13.4036301258995,12.946056154433,14.1936620834171,14.0813838231598,67.8314638142969,67.2408611987868,-2.73710325735289,0,0,0,1,1
18.77,10.93,14.2332022054159,13.4036301258995,19.7678237390053,14.1936620834171,67.0411571204081,67.8314638142969,-1.87338904480528,0,0,0,0,0
18.62,18.77,14.0095763003064,14.2332022054159,21.5198574954472,19.7678237390053,66.1243645308288,67.0411571204081,2.73143325452513,0,0,0,0,0
18.28,18.62,14.0914021469915,14.0095763003064,20.4396000120367,21.5198574954472,65.3247609819361,66.1243645308288,-0.724260211531156,0,0,0,0,0
16.31,18.28,14.7433628465046,14.0914021469915,18.9097581150188,20.4396000120367,64.7945784481948,65.3247609819361,2.8657128594502,0,0,0,0,0
15.56,16.31,14.5040805313083,14.7433628465046,16.7090730602223,18.9097581150188,65.8977005465739,64.7945784481948,-0.506434658915303,0,0,0,0,0
13.86,15.56,14.5633584527842,14.5040805313083,16.5808070534485,16.7090730602223,65.7013986257597,65.8977005465739,-0.921732476157693,0,0,0,0,0
13,13.86,14.5785622931003,14.5633584527842,16.7853047349465,16.5808070534485,65.9301425673942,65.7013986257597,-0.176982568817097,0,0,0,0,1
12.05,13,14.4681318566617,14.5785622931003,15.8201975927033,16.7853047349465,65.4875441300626,65.9301425673942,-0.00987692322549982,0,0,0,0,-1
10.64,12.05,14.6477265482068,14.4681318566617,16.2672270418654,15.8201975927033,65.2315680264631,65.4875441300626,-2.08697942896877,0,0,0,1,0
10.94,10.64,14.403067690759,14.6477265482068,17.5271127208234,16.2672270418654,64.6012514135777,65.2315680264631,1.48234527551285,0,0,0,-1,0
10.12,10.94,14.5672514449611,14.403067690759,16.4036814238859,17.5271127208234,65.1507433874553,64.6012514135777,-0.0858261368690396,0,0,0,0,0
8.81,10.12,14.4264614324,14.5672514449611,16.1411852419767,16.4036814238859,64.8559158327657,65.1507433874553,0.0855621893392779,0,0,0,0,0
1.68000000000001,8.81,14.2094878111852,14.4264614324,16.0725184383511,16.1411852419767,65.4732929759813,64.8559158327657,-0.0694924849490306,0,0,0,0,1
0.900000000000006,1.68000000000001,14.0741926785644,14.2094878111852,15.9721107457469,16.0725184383511,66.3113149003495,65.4732929759813,-0.0150522367082608,0,0,0,0,0
1.25,0.900000000000006,13.5338328288514,14.0741926785644,16.0642043163249,15.9721107457469,66.623348640591,66.3113149003495,0.757592946502786,0,0,0,1,-1
1.95,1.25,13.5221820809757,13.5338328288514,15.9519111323808,16.0642043163249,67.2641865913778,66.623348640591,2.4972290169703,0,0,0,-1,1
3.41,1.95,13.2580636159595,13.5221820809757,15.6360380346193,15.9519111323808,68.1471133513472,67.2641865913778,-1.84168907065787,0,0,0,1,-1
4.37999999999999,3.41,13.1562951245194,13.2580636159595,16.7146097472101,15.6360380346193,69.738707549583,68.1471133513472,0.850895361256956,0,0,0,0,0
5.05,4.37999999999999,13.0464552788433,13.1562951245194,18.6996439134601,16.7146097472101,70.7938858789492,69.738707549583,-3.24247020059627,0,0,0,-1,1
6.42,5.05,12.8475648582446,13.0464552788433,19.3774507967489,18.6996439134601,71.4043255852339,70.7938858789492,2.21008655524883,0,0,0,0,-1
7.31,6.42,12.9305107615253,12.8475648582446,20.0974988804833,19.3774507967489,71.2501766770939,71.4043255852339,-2.2378425154308,0,0,0,1,0
7.23,7.31,12.9551624590412,12.9305107615253,21.1907876513465,20.0974988804833,69.809911919721,71.2501766770939,1.51933748883128,0,0,0,-1,0
7.34999999999999,7.23,13.0549180228677,12.9551624590412,23.0775998512999,21.1907876513465,70.1750070913514,69.809911919721,-0.0387339306838328,0,0,0,0,0
8.34999999999999,7.34999999999999,12.9428115632485,13.0549180228677,24.6823474368089,23.0775998512999,69.7301497874095,70.1750070913514,-1.74209617894006,0,0,0,0,1
7.66,8.34999999999999,12.8245002094149,12.9428115632485,23.3956666419927,24.6823474368089,69.9139192705035,69.7301497874095,1.37820301786078,0,0,0,0,0
7.64,7.66,12.7905020292252,12.8245002094149,22.8255921100645,23.3956666419927,69.8174854590461,69.9139192705035,-0.147723243239266,0,0,0,0,0
7.90000000000001,7.64,12.3845415732015,12.7905020292252,23.2752686458464,22.8255921100645,70.0037842612399,69.8174854590461,1.99752624521402,0,0,0,1,-1
8.64,7.90000000000001,12.5019280928261,12.3845415732015,24.0664452514936,23.2752686458464,70.8289097326789,70.0037842612399,-3.32207411321289,0,0,0,-1,1
9.40000000000001,8.64,11.6293196212483,12.5019280928261,24.5608123579216,24.0664452514936,69.5572541585115,70.8289097326789,2.57929124483088,0,0,0,1,-1
9.37,9.40000000000001,11.6116054308789,11.6293196212483,26.2302923895415,24.5608123579216,69.6117007189179,69.5572541585115,1.37150917776396,0,0,0,0,0
8.97,9.37,11.6044983750652,11.6116054308789,26.5462324273053,26.2302923895415,68.7379217149358,69.6117007189179,-1.69837436785221,0,0,0,0,-1
8.90000000000001,8.97,11.4618650520526,11.6044983750652,26.9586047003654,26.5462324273053,68.7162342153896,68.7379217149358,-0.0926841374253904,0,0,0,-2,1
9.40000000000001,8.90000000000001,11.6012217888642,11.4618650520526,28.3138805945778,26.9586047003654,64.9557113879777,68.7162342153896,0.0683155196827663,0,0,0,1,-1
9.78,9.40000000000001,12.1247991442077,11.6012217888642,30.8320276314709,28.3138805945778,63.0290730154107,64.9557113879777,0.0971594068581645,0,0,0,-1,1
10.72,9.78,12.1532323907806,12.1247991442077,31.5514918322812,30.8320276314709,61.3779571239462,63.0290730154107,0.167552665291165,0,0,0,2,0
10.63,10.72,12.4417528662555,12.1532323907806,31.9867898943158,31.5514918322812,60.5532271920456,61.3779571239462,-0.199229542945385,0,0,0,-1,1
11.56,10.63,12.7183734296114,12.4417528662555,32.994835276588,31.9867898943158,59.8215773690043,60.5532271920456,0.230801283085562,0,0,0,0,-1
11.59,11.56,12.6275020618113,12.7183734296114,30.4040154578221,32.994835276588,58.4269045827459,59.8215773690043,-0.910546663580597,0,0,0,0,0
11.15,11.59,12.756335327026,12.6275020618113,30.2538566257097,30.4040154578221,57.8363722263865,58.4269045827459,-1.10175622401147,0,0,0,1,0
10.63,11.15,13.2640641216674,12.756335327026,29.9025023660912,30.2538566257097,56.8745205807622,57.8363722263865,1.65838241362351,0,0,0,-1,0
8.84,10.63,12.433362455378,13.2640641216674,28.8879585241543,29.9025023660912,56.0704423427673,56.8745205807622,-0.694869746936615,0,0,0,-1,0
7.83,8.84,12.4626029157949,12.433362455378,27.8112218559941,28.8879585241543,56.0916777370185,56.0704423427673,0.241865546751328,0,0,0,2,1
7.31,7.83,12.3968801379159,12.4626029157949,26.0979729284062,27.8112218559941,55.7342873326691,56.0916777370185,0.47542100114168,0,0,0,-1,-1
4.95999999999999,0,14.0154004298715,0,15.2704502234547,0,67.0165597177701,0,-0.233318385153751,0,0,0,1,0
5.09999999999999,4.95999999999999,14.0396782040846,14.0154004298715,15.1945398131389,15.2704502234547,67.5971875312036,67.0165597177701,0.0463141473731241,0,0,0,-1,0
5.12000000000001,5.09999999999999,13.8904505998467,14.0396782040846,15.0395320775446,15.1945398131389,68.7912653078055,67.5971875312036,-0.35785203631988,0,0,0,0,1
5.05,5.12000000000001,13.8137849182238,13.8904505998467,15.1333823502233,15.0395320775446,69.3319269941885,68.7912653078055,-0.084639006412992,0,0,0,0,-1
4.52,5.05,13.5775233476909,13.8137849182238,14.9697397934453,15.1333823502233,69.6159287603794,69.3319269941885,0.224833048530936,0,0,0,0,0
4.22,4.52,13.7836829319975,13.5775233476909,14.9218349440517,14.9697397934453,70.6781531644514,69.6159287603794,-0.0873685308722294,0,0,0,0,0
4.16,4.22,13.8559799524366,13.7836829319975,14.7445297792225,14.9218349440517,71.4328607857335,70.6781531644514,-0.544289851517746,0,0,0,1,0
3.77,4.16,13.9840341964072,13.8559799524366,14.4410259113776,14.7445297792225,72.0904760579829,71.4328607857335,0.234458260675932,0,0,0,-1,0
3.47,3.77,13.8528062809004,13.9840341964072,14.7680367851554,14.4410259113776,69.9782764254319,72.0904760579829,0.604131732419482,0,0,0,0,0
3.18000000000001,3.47,13.8670773775974,13.8528062809004,14.3269389132871,14.7680367851554,70.4601273082053,69.9782764254319,0.224298545394849,0,0,0,0,0
2.42,3.18000000000001,13.7767925224961,13.8670773775974,14.1292402369921,14.3269389132871,70.8736915725799,70.4601273082053,-0.172903457899903,0,0,0,0,0
1.78,2.42,13.8279048544348,13.7767925224961,14.3706633349816,14.1292402369921,74.1777450947775,70.8736915725799,-0.295709351634354,0,0,0,0,-1
1.64,1.78,13.9439740057911,13.8279048544348,14.2322119546608,14.3706633349816,74.2747119096374,74.1777450947775,-0.119794702308202,0,0,0,-1,1
1.81999999999999,1.64,13.646598118204,13.9439740057911,13.7146999759377,14.2322119546608,74.8196780053364,74.2747119096374,0.292313451931442,0,0,0,1,0
2.44,1.81999999999999,14.3846734708121,13.646598118204,14.0727729552906,13.7146999759377,72.986109360789,74.8196780053364,-1.92325516729135,0,0,0,0,0
2.33,2.44,14.3129528625771,14.3846734708121,13.9334662060017,14.0727729552906,72.7304672454799,72.986109360789,0.637065780499267,0,0,0,0,0
2.44,2.33,14.4547007177099,14.3129528625771,13.6719345285108,13.9334662060017,73.0519512506097,72.7304672454799,0.0708645063531286,0,0,0,0,-1
2.56,2.44,14.4044031570582,14.4547007177099,13.3573073432457,13.6719345285108,69.8644146286503,73.0519512506097,-0.442791343315005,0,0,0,-1,1
3,2.56,14.3111329124284,14.4044031570582,13.3222905467048,13.3573073432457,71.0319426295773,69.8644146286503,-0.122485714305558,0,0,0,1,0
3.06999999999999,3,14.5200870289083,14.3111329124284,13.0846217980901,13.3222905467048,71.756021235035,71.0319426295773,-0.34995749061331,0,0,0,0,0
3.5,3.06999999999999,13.965690672277,14.5200870289083,12.9773106523612,13.0846217980901,74.661992292477,71.756021235035,4.79853379400944,0,0,0,0,0
4.15000000000001,3.5,14.1132500709491,13.965690672277,13.0599504351364,12.9773106523612,74.7022024404786,74.661992292477,-3.14136377945639,0,0,0,0,0
4.79000000000001,4.15000000000001,14.1442335441585,14.1132500709491,12.619018631498,13.0599504351364,74.6227341936904,74.7022024404786,-0.558636367477391,0,0,0,0,0
5.23999999999999,4.79000000000001,14.1776633141495,14.1442335441585,12.720886051631,12.619018631498,75.0141710004339,74.6227341936904,0.0136584634519359,0,0,0,0,0
5.86,5.23999999999999,14.1471083160396,14.1776633141495,12.6166883774494,12.720886051631,75.4184905117932,75.0141710004339,0.354806192694786,0,0,0,0,1
5.93000000000001,5.86,14.2447549001998,14.1471083160396,12.606768547011,12.6166883774494,76.2229503426588,75.4184905117932,-0.525692826875712,0,0,0,0,-1
5.87999999999999,5.93000000000001,14.2987219427841,14.2447549001998,12.4451951927917,12.606768547011,76.7096076133609,76.2229503426588,0.853238759669049,0,0,0,0,0
6.36,5.87999999999999,13.7882406019492,14.2987219427841,12.6979992412082,12.4451951927917,77.8801128961539,76.7096076133609,0.223469131078785,0,0,0,1,1
7.36,6.36,14.1983677369881,13.7882406019492,12.8225391963441,12.6979992412082,78.7889327148101,77.8801128961539,-0.955130924869447,0,0,0,-1,-1
6.72,7.36,14.0179362503903,14.1983677369881,13.2298997589383,12.8225391963441,81.9310766711398,78.7889327148101,0.0285164784650451,0,0,0,0,0
6.45999999999999,6.72,13.9231714233919,14.0179362503903,12.8949769611063,13.2298997589383,83.1531405245586,81.9310766711398,0.496396877265354,0,0,0,1,0
7.58,6.45999999999999,13.943958890575,13.9231714233919,12.8960927913299,12.8949769611063,83.761140824383,83.1531405245586,-0.146076127954611,0,0,0,-1,0
8.36,7.58,13.9248153021096,13.943958890575,13.3374635526246,12.8960927913299,81.7359292864966,83.761140824383,0.541858599931217,0,0,0,0,0
8.42,8.36,13.7643677758497,13.9248153021096,13.4063247716093,13.3374635526246,81.6654967048867,81.7359292864966,-0.624837717399792,0,0,0,0,0
8.55,8.42,13.7314335338042,13.7643677758497,13.6557433958122,13.4063247716093,81.7360313166283,81.6654967048867,5.29167397660498,0,0,0,0,-1
9.20999999999999,8.55,13.1743574913542,13.7314335338042,13.7780645577158,13.6557433958122,85.7203294489492,81.7360313166283,-3.44916572281051,0,0,0,-1,0
9.53,9.20999999999999,13.6057482484314,13.1743574913542,13.8839805744834,13.7780645577158,86.2562754200781,85.7203294489492,-2.73710325735289,0,0,0,1,1
19.5,9.53,14.3931265376062,13.6057482484314,19.2178115980139,13.8839805744834,85.8461099163391,86.2562754200781,-1.87338904480528,0,0,0,0,0
19.38,19.5,14.135890467695,14.3931265376062,19.8927583115322,19.2178115980139,83.8325944792891,85.8461099163391,2.73143325452513,0,0,0,0,0
18.25,19.38,14.1782148812492,14.135890467695,20.2751116975656,19.8927583115322,82.6383591642769,83.8325944792891,-0.724260211531156,0,0,0,0,0
16.48,18.25,14.7894363790331,14.1782148812492,18.4114092683029,20.2751116975656,82.0888879175475,82.6383591642769,2.8657128594502,0,0,0,0,0
15.94,16.48,14.5444895582221,14.7894363790331,16.6553737723812,18.4114092683029,80.9976009800812,82.0888879175475,-0.506434658915303,0,0,0,0,0
15.37,15.94,14.5675044313883,14.5444895582221,16.6853459663846,16.6553737723812,80.6104410982922,80.9976009800812,-0.921732476157693,0,0,0,0,0
14.56,15.37,14.5567678916475,14.5675044313883,15.9384741895661,16.6853459663846,81.0563638927195,80.6104410982922,-0.176982568817097,0,0,0,0,1
13.18,14.56,14.4441639760998,14.5567678916475,15.8751142467911,15.9384741895661,79.8961012944439,81.0563638927195,-0.00987692322549982,0,0,0,0,-1
12.54,13.18,14.6147812446549,14.4441639760998,16.3094342132879,15.8751142467911,79.7009203118329,79.8961012944439,-2.08697942896877,0,0,0,1,0
12,12.54,14.3899180560876,14.6147812446549,17.6273477505743,16.3094342132879,79.5829392436189,79.7009203118329,1.48234527551285,0,0,0,-1,0
11.81,12,14.5319445890448,14.3899180560876,16.5037887845985,17.6273477505743,79.8095829234461,79.5829392436189,-0.0858261368690396,0,0,0,0,0
10.87,11.81,14.3924420799546,14.5319445890448,16.2791624738837,16.5037887845985,78.8982217031313,79.8095829234461,0.0855621893392779,0,0,0,0,0
1.27,10.87,14.1733908480449,14.3924420799546,16.1024820043338,16.2791624738837,78.608710122871,78.8982217031313,-0.0694924849490306,0,0,0,0,1
0.430000000000007,1.27,14.0689651059161,14.1733908480449,16.0400869257145,16.1024820043338,78.086443412048,78.608710122871,-0.0150522367082608,0,0,0,0,0
0.989999999999995,0.430000000000007,13.4599752348246,14.0689651059161,16.3273520576779,16.0400869257145,78.0468671006955,78.086443412048,0.757592946502786,0,0,0,1,-1
2.08,0.989999999999995,13.4841802844529,13.4599752348246,16.0980195527868,16.3273520576779,78.4087708120211,78.0468671006955,2.4972290169703,0,0,0,-1,1
3.67,2.08,13.2186199983162,13.4841802844529,15.9347055432811,16.0980195527868,75.8947399712008,78.4087708120211,-1.84168907065787,0,0,0,1,-1
4.29000000000001,3.67,13.076495925346,13.2186199983162,16.7463906371675,15.9347055432811,77.3566926840326,75.8947399712008,0.850895361256956,0,0,0,0,0
5.01000000000001,4.29000000000001,13.0011831594671,13.076495925346,18.5691458807813,16.7463906371675,78.4281343966414,77.3566926840326,-3.24247020059627,0,0,0,-1,1
6.53,5.01000000000001,12.8459260970878,13.0011831594671,19.4753300981269,18.5691458807813,78.7560453214923,78.4281343966414,2.21008655524883,0,0,0,0,-1
7,6.53,12.9142045508552,12.8459260970878,20.3782161861663,19.4753300981269,78.5744359603421,78.7560453214923,-2.2378425154308,0,0,0,1,0
7.25,7,12.9743658444881,12.9142045508552,21.4173147101653,20.3782161861663,76.6169310891838,78.5744359603421,1.51933748883128,0,0,0,-1,0
6.84999999999999,7.25,13.064941412321,12.9743658444881,22.743424666273,21.4173147101653,76.4432057678469,76.6169310891838,-0.0387339306838328,0,0,0,0,0
7.26000000000001,6.84999999999999,12.9706654770792,13.064941412321,23.8291719490921,22.743424666273,75.7453964790723,76.4432057678469,-1.74209617894006,0,0,0,0,1
7.06,7.26000000000001,12.8723611330939,12.9706654770792,22.9003639238365,23.8291719490921,75.4267067850627,75.7453964790723,1.37820301786078,0,0,0,0,0
7.72,7.06,12.8583390678785,12.8723611330939,22.9073613974923,22.9003639238365,74.1987981297967,75.4267067850627,-0.147723243239266,0,0,0,0,0
8.03,7.72,12.5068835384636,12.8583390678785,22.7721236276265,22.9073613974923,74.0947105387093,74.1987981297967,1.99752624521402,0,0,0,1,-1
8.02,8.03,12.5889925566976,12.5068835384636,23.5946518236614,22.7721236276265,74.7133197287019,74.0947105387093,-3.32207411321289,0,0,0,-1,1
8.43000000000001,8.02,11.6674197514864,12.5889925566976,24.4259157420524,23.5946518236614,72.3370651985131,74.7133197287019,2.57929124483088,0,0,0,1,-1
8.73,8.43000000000001,11.619336611115,11.6674197514864,25.6420991057951,24.4259157420524,72.1597781122742,72.3370651985131,1.37150917776396,0,0,0,0,0
8.53,8.73,11.6210323537562,11.619336611115,24.6213434046864,25.6420991057951,71.2978657129328,72.1597781122742,-1.69837436785221,0,0,0,0,-1
7.59999999999999,8.53,11.4448978108305,11.6210323537562,26.9728323975286,24.6213434046864,72.1062876582346,71.2978657129328,-0.0926841374253904,0,0,0,-2,1
8.59,7.59999999999999,11.608561466647,11.4448978108305,27.2533556528854,26.9728323975286,68.8877731777281,72.1062876582346,0.0683155196827663,0,0,0,1,-1
9.75,8.59,12.2626522825285,11.608561466647,27.5340411697977,27.2533556528854,66.7389391086132,68.8877731777281,0.0971594068581645,0,0,0,-1,1
10.03,9.75,12.2244950479214,12.2626522825285,29.4015539883889,27.5340411697977,65.5907476505274,66.7389391086132,0.167552665291165,0,0,0,2,0
10.74,10.03,12.5123796787207,12.2244950479214,30.337407649227,29.4015539883889,64.3561549383261,65.5907476505274,-0.199229542945385,0,0,0,-1,1
11.43,10.74,12.776755346511,12.5123796787207,30.4973106015656,30.337407649227,63.6177502311067,64.3561549383261,0.230801283085562,0,0,0,0,-1
11.15,11.43,12.7222473931894,12.776755346511,28.5901670349419,30.4973106015656,62.3572773467804,63.6177502311067,-0.910546663580597,0,0,0,0,0
10.77,11.15,12.8090607908801,12.7222473931894,28.3576202542717,28.5901670349419,61.6894448459722,62.3572773467804,-1.10175622401147,0,0,0,1,0
10.36,10.77,13.232291898162,12.8090607908801,27.1393084017465,28.3576202542717,60.5594938288001,61.6894448459722,1.65838241362351,0,0,0,-1,0
9.88,10.36,12.4846210513571,13.232291898162,26.472770012569,27.1393084017465,59.4808728468297,60.5594938288001,-0.694869746936615,0,0,0,-1,0
8.59999999999999,9.88,12.4931641565971,12.4846210513571,25.4244604758404,26.472770012569,59.3177584438044,59.4808728468297,0.241865546751328,0,0,0,2,1
8.16,8.59999999999999,12.5884298153572,12.4931641565971,23.9725027010548,25.4244604758404,59.0804973387831,59.3177584438044,0.47542100114168,0,0,0,-1,-1
5.70999999999999,0,13.6566536673073,0,15.1769898619081,0,64.2543559218305,0,-0.233318385153751,0,0,0,1,0
5.40000000000001,5.70999999999999,13.7207986219812,13.6566536673073,15.0713291806457,15.1769898619081,64.6635577840103,64.2543559218305,0.0463141473731241,0,0,0,-1,0
5.36,5.40000000000001,13.6066943576326,13.7207986219812,15.2338888860951,15.0713291806457,65.2182849150091,64.6635577840103,-0.35785203631988,0,0,0,0,1
5.19,5.36,13.5797812156475,13.6066943576326,15.3350619925261,15.2338888860951,65.7828479434855,65.2182849150091,-0.084639006412992,0,0,0,0,-1
4.62999999999999,5.19,13.3173132336695,13.5797812156475,15.1693748924351,15.3350619925261,66.3066773179971,65.7828479434855,0.224833048530936,0,0,0,0,0
4.76000000000001,4.62999999999999,13.6396745223949,13.3173132336695,15.150052887065,15.1693748924351,65.0694157721748,66.3066773179971,-0.0873685308722294,0,0,0,0,0
4.43000000000001,4.76000000000001,13.751443347769,13.6396745223949,14.7812816650755,15.150052887065,65.7896998242387,65.0694157721748,-0.544289851517746,0,0,0,1,0
4.11,4.43000000000001,13.944379860822,13.751443347769,14.6065373410827,14.7812816650755,66.2519607317898,65.7896998242387,0.234458260675932,0,0,0,-1,0
4.09999999999999,4.11,13.8692323508336,13.944379860822,14.8811535087973,14.6065373410827,66.7773907232198,66.2519607317898,0.604131732419482,0,0,0,0,0
3.81,4.09999999999999,13.8985037281338,13.8692323508336,14.4036217174361,14.8811535087973,67.0593419730257,66.7773907232198,0.224298545394849,0,0,0,0,0
3.37,3.81,13.7541612501691,13.8985037281338,14.3747691537224,14.4036217174361,66.5017481587103,67.0593419730257,-0.172903457899903,0,0,0,0,0
2.23999999999999,3.37,13.7016514752305,13.7541612501691,14.5030725881542,14.3747691537224,67.7013761902184,66.5017481587103,-0.295709351634354,0,0,0,0,-1
1.99,2.23999999999999,13.8092132827178,13.7016514752305,14.5352187171786,14.5030725881542,68.0022004313807,67.7013761902184,-0.119794702308202,0,0,0,-1,1
2.47,1.99,13.4823818618038,13.8092132827178,14.0187194712118,14.5352187171786,68.5511411297807,68.0022004313807,0.292313451931442,0,0,0,1,0
3.29000000000001,2.47,14.3392178492664,13.4823818618038,14.1107925493562,14.0187194712118,66.2486561619841,68.5511411297807,-1.92325516729135,0,0,0,0,0
3.36,3.29000000000001,14.3055424239291,14.3392178492664,13.990496911777,14.1107925493562,65.9583227539644,66.2486561619841,0.637065780499267,0,0,0,0,0
3.38,3.36,14.478942494201,14.3055424239291,14.1237881971659,13.990496911777,66.1008914601369,65.9583227539644,0.0708645063531286,0,0,0,0,-1
3.5,3.38,14.4619123368256,14.478942494201,13.5027541363238,14.1237881971659,66.8028202533572,66.1008914601369,-0.442791343315005,0,0,0,-1,1
3.93000000000001,3.5,14.279558738703,14.4619123368256,13.345529415373,13.5027541363238,67.5655059187653,66.8028202533572,-0.122485714305558,0,0,0,1,0
3.89,3.93000000000001,14.4825783831735,14.279558738703,13.4274686692473,13.345529415373,68.3451821695524,67.5655059187653,-0.34995749061331,0,0,0,0,0
4.01000000000001,3.89,13.8694107454638,14.4825783831735,13.2512624119336,13.4274686692473,69.1680896384862,68.3451821695524,4.79853379400944,0,0,0,0,0
4.58,4.01000000000001,14.0603964932234,13.8694107454638,13.2106406007403,13.2512624119336,69.4533608711104,69.1680896384862,-3.14136377945639,0,0,0,0,0
5.22,4.58,14.0602336789548,14.0603964932234,13.0908438089583,13.2106406007403,69.5621515323668,69.4533608711104,-0.558636367477391,0,0,0,0,0
5.84,5.22,14.0979286075448,14.0602336789548,13.200511430711,13.0908438089583,73.1085820890391,69.5621515323668,0.0136584634519359,0,0,0,0,0
6.12999999999999,5.84,14.0837669365006,14.0979286075448,12.6953007047985,13.200511430711,73.8027902807531,73.1085820890391,0.354806192694786,0,0,0,0,1
6.29000000000001,6.12999999999999,14.1431906086019,14.0837669365006,12.8409238266096,12.6953007047985,74.7345288888334,73.8027902807531,-0.525692826875712,0,0,0,0,-1
5.81999999999999,6.29000000000001,14.27463659785,14.1431906086019,12.6620710775461,12.8409238266096,73.2677542200958,74.7345288888334,0.853238759669049,0,0,0,0,0
6.54000000000001,5.81999999999999,13.6335678755417,14.27463659785,13.0043382970143,12.6620710775461,73.8329790144127,73.2677542200958,0.223469131078785,0,0,0,1,1
7,6.54000000000001,14.0529064594054,13.6335678755417,12.6997835695708,13.0043382970143,74.768146222863,73.8329790144127,-0.955130924869447,0,0,0,-1,-1
7.12999999999999,7,13.8420218184349,14.0529064594054,12.936808550651,12.6997835695708,73.5587318432165,74.768146222863,0.0285164784650451,0,0,0,0,0
7.59,7.12999999999999,13.7524836502871,13.8420218184349,13.1853103383077,12.936808550651,74.2884044091134,73.5587318432165,0.496396877265354,0,0,0,1,0
8.34999999999999,7.59,13.8340931816948,13.7524836502871,13.1666327692726,13.1853103383077,74.8829874735115,74.2884044091134,-0.146076127954611,0,0,0,-1,0
8.98,8.34999999999999,13.7692343087532,13.8340931816948,13.6544960982404,13.1666327692726,74.8389182977077,74.8829874735115,0.541858599931217,0,0,0,0,0
9.12,8.98,13.5983420132317,13.7692343087532,13.6134073283707,13.6544960982404,74.7962956396735,74.8389182977077,-0.624837717399792,0,0,0,0,0
9.08,9.12,13.5542358078192,13.5983420132317,13.4621348967176,13.6134073283707,74.3958957391125,74.7962956396735,5.29167397660498,0,0,0,0,-1
9.45999999999999,9.08,13.0029700074486,13.5542358078192,13.7722314498763,13.4621348967176,77.566281609009,74.3958957391125,-3.44916572281051,0,0,0,-1,0
9.78,9.45999999999999,13.3111425076866,13.0029700074486,14.3871880504473,13.7722314498763,78.0468380243991,77.566281609009,-2.73710325735289,0,0,0,1,1
18.21,9.78,14.2330051996802,13.3111425076866,19.3550537882831,14.3871880504473,76.9670223083776,78.0468380243991,-1.87338904480528,0,0,0,0,0
19.65,18.21,14.1211246842417,14.2330051996802,20.8866963752245,19.3550537882831,77.3204824276849,76.9670223083776,2.73143325452513,0,0,0,0,0
18.65,19.65,14.2521258604484,14.1211246842417,20.9516400730138,20.8866963752245,76.1666998814879,77.3204824276849,-0.724260211531156,0,0,0,0,0
17.04,18.65,14.8603223167651,14.2521258604484,19.2908480486199,20.9516400730138,75.1655809011453,76.1666998814879,2.8657128594502,0,0,0,0,0
16.06,17.04,14.6304420759272,14.8603223167651,16.8802581442966,19.2908480486199,71.5687187455162,75.1655809011453,-0.506434658915303,0,0,0,0,0
15,16.06,14.6454631274606,14.6304420759272,17.9330626162367,16.8802581442966,71.133670635448,71.5687187455162,-0.921732476157693,0,0,0,0,0
14.64,15,14.6446105509495,14.6454631274606,16.9810357044959,17.9330626162367,71.0731648780553,71.133670635448,-0.176982568817097,0,0,0,0,1
13.77,14.64,14.558877768438,14.6446105509495,16.8581672130051,16.9810357044959,70.8654021076678,71.0731648780553,-0.00987692322549982,0,0,0,0,-1
12.81,13.77,14.8368023348594,14.558877768438,17.0998772350208,16.8581672130051,70.8715294271565,70.8654021076678,-2.08697942896877,0,0,0,1,0
12.87,12.81,14.6035648127365,14.8368023348594,17.5396122795439,17.0998772350208,70.5195886808874,70.8715294271565,1.48234527551285,0,0,0,-1,0
12.46,12.87,14.7523942418346,14.6035648127365,17.0725796273489,17.5396122795439,72.7613968109383,70.5195886808874,-0.0858261368690396,0,0,0,0,0
11.65,12.46,14.5997042102299,14.7523942418346,16.6760456116086,17.0725796273489,72.5780728771599,72.7613968109383,0.0855621893392779,0,0,0,0,0
3.44,11.65,14.4189654441306,14.5997042102299,16.3258330698212,16.6760456116086,72.9774179965319,72.5780728771599,-0.0694924849490306,0,0,0,0,1
1.95999999999999,3.44,14.3430176263268,14.4189654441306,16.5501927004469,16.3258330698212,71.0284139971975,72.9774179965319,-0.0150522367082608,0,0,0,0,0
1.87,1.95999999999999,13.7483755644742,14.3430176263268,16.7707763172683,16.5501927004469,71.2428743271694,71.0284139971975,0.757592946502786,0,0,0,1,-1
2.59,1.87,13.765147947951,13.7483755644742,16.6915827891877,16.7707763172683,71.6571211295826,71.2428743271694,2.4972290169703,0,0,0,-1,1
3.54000000000001,2.59,13.4868872515485,13.765147947951,16.2616946361922,16.6915827891877,72.3459169545153,71.6571211295826,-1.84168907065787,0,0,0,1,-1
4.47,3.54000000000001,13.3561588295669,13.4868872515485,17.0693359697519,16.2616946361922,73.6244266476887,72.3459169545153,0.850895361256956,0,0,0,0,0
5.43000000000001,4.47,13.2609528676673,13.3561588295669,19.2165698361438,17.0693359697519,74.7676020258691,73.6244266476887,-3.24247020059627,0,0,0,-1,1
6.31999999999999,5.43000000000001,13.0461335180886,13.2609528676673,19.4143168383795,19.2165698361438,73.4726541715643,74.7676020258691,2.21008655524883,0,0,0,0,-1
6.87999999999999,6.31999999999999,13.0852605522718,13.0461335180886,19.7251284726704,19.4143168383795,73.2390870770297,73.4726541715643,-2.2378425154308,0,0,0,1,0
7.52,6.87999999999999,13.127074097331,13.0852605522718,20.929285900105,19.7251284726704,71.8901027203775,73.2390870770297,1.51933748883128,0,0,0,-1,0
7.37999999999999,7.52,13.1963560815331,13.127074097331,22.9044655131549,20.929285900105,77.1408261173423,71.8901027203775,-0.0387339306838328,0,0,0,0,0
7.53,7.37999999999999,13.0919850380116,13.1963560815331,24.0655216639903,22.9044655131549,76.6994602423012,77.1408261173423,-1.74209617894006,0,0,0,0,1
7.54000000000001,7.53,13.0086627784536,13.0919850380116,23.7062050926837,24.0655216639903,76.7761469335132,76.6994602423012,1.37820301786078,0,0,0,0,0
7.45999999999999,7.54000000000001,13.0023920600374,13.0086627784536,23.3328591375697,23.7062050926837,73.8397986791545,76.7761469335132,-0.147723243239266,0,0,0,0,0
7.92,7.45999999999999,12.6083667554722,13.0023920600374,23.6398654238157,23.3328591375697,74.0317275332669,73.8397986791545,1.99752624521402,0,0,0,1,-1
8.56999999999999,7.92,12.7111835712713,12.6083667554722,23.8005115725207,23.6398654238157,74.7306368782455,74.0317275332669,-3.32207411321289,0,0,0,-1,1
9.16,8.56999999999999,11.7226537755087,12.7111835712713,24.665564251655,23.8005115725207,73.1001904012326,74.7306368782455,2.57929124483088,0,0,0,1,-1
9.08,9.16,11.6917679834952,11.7226537755087,26.5017056209658,24.665564251655,72.7089655103281,73.1001904012326,1.37150917776396,0,0,0,0,0
8.79000000000001,9.08,11.7060826285625,11.6917679834952,26.942607136434,26.5017056209658,71.949760267025,72.7089655103281,-1.69837436785221,0,0,0,0,-1
8.63,8.79000000000001,11.515893033807,11.7060826285625,27.632021931414,26.942607136434,71.9462219039262,71.949760267025,-0.0926841374253904,0,0,0,-2,1
9.41,8.63,11.6397705792037,11.515893033807,27.9327418874317,27.632021931414,68.1502077410889,71.9462219039262,0.0683155196827663,0,0,0,1,-1
9.81,9.41,12.2659633165338,11.6397705792037,28.9823496626463,27.9327418874317,65.7194620832728,68.1502077410889,0.0971594068581645,0,0,0,-1,1
10.02,9.81,12.2663852829179,12.2659633165338,30.6438853622023,28.9823496626463,64.0833370976597,65.7194620832728,0.167552665291165,0,0,0,2,0
10.26,10.02,12.5586220778817,12.2663852829179,31.7232043581834,30.6438853622023,62.9924479679965,64.0833370976597,-0.199229542945385,0,0,0,-1,1
10.59,10.26,12.8243961341759,12.5586220778817,31.2697022536139,31.7232043581834,62.335748237153,62.9924479679965,0.230801283085562,0,0,0,0,-1
10.46,10.59,12.737913801582,12.8243961341759,29.8743503307359,31.2697022536139,61.4164005503776,62.335748237153,-0.910546663580597,0,0,0,0,0
10.72,10.46,12.8033761012359,12.737913801582,28.9247962835678,29.8743503307359,60.9200371582152,61.4164005503776,-1.10175622401147,0,0,0,1,0
10.21,10.72,13.3069088015394,12.8033761012359,28.330727579844,28.9247962835678,60.0996805861307,60.9200371582152,1.65838241362351,0,0,0,-1,0
9.39,10.21,12.287692618479,13.3069088015394,27.4525850740979,28.330727579844,59.0119615999608,60.0996805861307,-0.694869746936615,0,0,0,-1,0
8.91,9.39,12.3138933102122,12.287692618479,25.8451055144567,27.4525850740979,58.8387385504791,59.0119615999608,0.241865546751328,0,0,0,2,1
8.45999999999999,8.91,12.3813536914879,12.3138933102122,25.0314869344442,25.8451055144567,58.4519969404868,58.8387385504791,0.47542100114168,0,0,0,-1,-1
5.29000000000001,0,13.6226292275813,0,15.5095816333333,0,52.6855739927332,0,-0.233318385153751,0,0,0,1,0
5.08,5.29000000000001,13.5957432321657,13.6226292275813,15.2853660290328,15.5095816333333,53.0510030846647,52.6855739927332,0.0463141473731241,0,0,0,-1,0
4.87999999999999,5.08,13.5385153051404,13.5957432321657,15.2473632979818,15.2853660290328,55.9855585101063,53.0510030846647,-0.35785203631988,0,0,0,0,1
5.02,4.87999999999999,13.4972135065906,13.5385153051404,15.3205369768742,15.2473632979818,56.3683007348957,55.9855585101063,-0.084639006412992,0,0,0,0,-1
4.51000000000001,5.02,13.2534608640339,13.4972135065906,15.1799833309281,15.3205369768742,57.1792107801098,56.3683007348957,0.224833048530936,0,0,0,0,0
4.36,4.51000000000001,13.4757036370825,13.2534608640339,15.143358429002,15.1799833309281,55.7036208510968,57.1792107801098,-0.0873685308722294,0,0,0,0,0
3.77,4.36,13.8033132938884,13.4757036370825,14.7228559799885,15.143358429002,56.4664653423845,55.7036208510968,-0.544289851517746,0,0,0,1,0
3.63,3.77,13.9383190747554,13.8033132938884,14.5442724524117,14.7228559799885,57.0152889160062,56.4664653423845,0.234458260675932,0,0,0,-1,0
3.3,3.63,13.8427240479155,13.9383190747554,14.8840158789911,14.5442724524117,55.3192595300957,57.0152889160062,0.604131732419482,0,0,0,0,0
2.95999999999999,3.3,13.8112704278921,13.8427240479155,14.4668504463354,14.8840158789911,55.5830172768354,55.3192595300957,0.224298545394849,0,0,0,0,0
2.47,2.95999999999999,13.6925796269567,13.8112704278921,14.4255772632456,14.4668504463354,55.222379213242,55.5830172768354,-0.172903457899903,0,0,0,0,0
1.92,2.47,13.6438867467861,13.6925796269567,14.5983255682288,14.4255772632456,59.2362030028843,55.222379213242,-0.295709351634354,0,0,0,0,-1
1.78,1.92,13.7373684867265,13.6438867467861,14.4700341777736,14.5983255682288,59.059525294938,59.2362030028843,-0.119794702308202,0,0,0,-1,1
2.38,1.78,13.5632502513104,13.7373684867265,14.0463643329926,14.4700341777736,59.4756652684471,59.059525294938,0.292313451931442,0,0,0,1,0
3.36,2.38,14.3410418422091,13.5632502513104,14.0162963829997,14.0463643329926,58.2741244747901,59.4756652684471,-1.92325516729135,0,0,0,0,0
2.81,3.36,14.2607167131969,14.3410418422091,14.0717526445189,14.0162963829997,57.9184524025324,58.2741244747901,0.637065780499267,0,0,0,0,0
3.03,2.81,14.405606701739,14.2607167131969,13.8231163412898,14.0717526445189,57.8590736182136,57.9184524025324,0.0708645063531286,0,0,0,0,-1
3.22,3.03,14.3605135161794,14.405606701739,13.3871107601944,13.8231163412898,57.217749201236,57.8590736182136,-0.442791343315005,0,0,0,-1,1
3.59999999999999,3.22,14.246222026114,14.3605135161794,13.4683863831406,13.3871107601944,57.9550454512024,57.217749201236,-0.122485714305558,0,0,0,1,0
3.94,3.59999999999999,14.4584581052387,14.246222026114,13.2654642538337,13.4683863831406,58.9024791796096,57.9550454512024,-0.34995749061331,0,0,0,0,0
4.48,3.94,13.8718553181013,14.4584581052387,12.9481022420334,13.2654642538337,59.3346248979539,58.9024791796096,4.79853379400944,0,0,0,0,0
5.33,4.48,14.0243612327104,13.8718553181013,12.9208726075156,12.9481022420334,59.8899834654058,59.3346248979539,-3.14136377945639,0,0,0,0,0
6.12000000000001,5.33,13.9931681272815,14.0243612327104,12.9813209733118,12.9208726075156,60.4768794693321,59.8899834654058,-0.558636367477391,0,0,0,0,0
6.58,6.12000000000001,13.9875592009352,13.9931681272815,12.8448265753057,12.9813209733118,60.4772538185687,60.4768794693321,0.0136584634519359,0,0,0,0,0
7.12000000000001,6.58,13.9462451290575,13.9875592009352,13.0042864318071,12.8448265753057,60.8371404763366,60.4772538185687,0.354806192694786,0,0,0,0,1
7.22,7.12000000000001,13.9914019197161,13.9462451290575,12.7619148078825,13.0042864318071,61.3475691234834,60.8371404763366,-0.525692826875712,0,0,0,0,-1
6.69,7.22,14.2055889581237,13.9914019197161,12.5483763677218,12.7619148078825,62.1184953687737,61.3475691234834,0.853238759669049,0,0,0,0,0
7.37000000000001,6.69,13.628758672089,14.2055889581237,12.9363265493133,12.5483763677218,62.8541811515855,62.1184953687737,0.223469131078785,0,0,0,1,1
7.7,7.37000000000001,14.0011377132786,13.628758672089,12.8993139316352,12.9363265493133,64.0572116355412,62.8541811515855,-0.955130924869447,0,0,0,-1,-1
7.83,7.7,13.8961971831709,14.0011377132786,12.9917509351771,12.8993139316352,63.7837397588853,64.0572116355412,0.0285164784650451,0,0,0,0,0
7.66,7.83,13.8280986726845,13.8961971831709,12.9596450445417,12.9917509351771,64.770362033162,63.7837397588853,0.496396877265354,0,0,0,1,0
8.2,7.66,13.9003257191834,13.8280986726845,13.1023504926586,12.9596450445417,65.5061628400813,64.770362033162,-0.146076127954611,0,0,0,-1,0
8.95999999999999,8.2,13.8325196266282,13.9003257191834,13.4455381110094,13.1023504926586,65.1076647900974,65.5061628400813,0.541858599931217,0,0,0,0,0
9.23999999999999,8.95999999999999,13.6472938893553,13.8325196266282,13.4377077252522,13.4455381110094,65.3985406905637,65.1076647900974,-0.624837717399792,0,0,0,0,0
8.29000000000001,9.23999999999999,13.5769644273545,13.6472938893553,13.4089785743477,13.4377077252522,65.8121029008019,65.3985406905637,5.29167397660498,0,0,0,0,-1
8.56,8.29000000000001,13.046927764931,13.5769644273545,13.817766120208,13.4089785743477,74.6491822205835,65.8121029008019,-3.44916572281051,0,0,0,-1,0
9.38,8.56,13.3937177248715,13.046927764931,14.1862765059673,13.817766120208,75.5148748967228,74.6491822205835,-2.73710325735289,0,0,0,1,1
17.73,9.38,14.2496304798983,13.3937177248715,21.1029174901972,14.1862765059673,74.9422092488039,75.5148748967228,-1.87338904480528,0,0,0,0,0
18.86,17.73,14.0604836032126,14.2496304798983,21.3673421669012,21.1029174901972,69.6118126841959,74.9422092488039,2.73143325452513,0,0,0,0,0
18.42,18.86,14.1932992867193,14.0604836032126,20.7938196215085,21.3673421669012,68.4514861885163,69.6118126841959,-0.724260211531156,0,0,0,0,0
17.25,18.42,14.8014293561778,14.1932992867193,19.0160761156351,20.7938196215085,67.4063480829713,68.4514861885163,2.8657128594502,0,0,0,0,0
15.66,17.25,14.5308321541327,14.8014293561778,17.0848841051093,19.0160761156351,66.4757988880199,67.4063480829713,-0.506434658915303,0,0,0,0,0
15.06,15.66,14.5429253933983,14.5308321541327,18.8243207766085,17.0848841051093,65.9261665516294,66.4757988880199,-0.921732476157693,0,0,0,0,0
14.59,15.06,14.496021395977,14.5429253933983,18.4096923035624,18.8243207766085,66.1828588166385,65.9261665516294,-0.176982568817097,0,0,0,0,1
13.23,14.59,14.3697937535613,14.496021395977,18.9599784353078,18.4096923035624,65.6618507595966,66.1828588166385,-0.00987692322549982,0,0,0,0,-1
11.89,13.23,14.6039503863923,14.3697937535613,16.7216018316705,18.9599784353078,65.5330131136817,65.6618507595966,-2.08697942896877,0,0,0,1,0
12.35,11.89,14.3735032072954,14.6039503863923,17.3589065906059,16.7216018316705,65.3261464653359,65.5330131136817,1.48234527551285,0,0,0,-1,0
12.04,12.35,14.5314807329587,14.3735032072954,16.6862992101039,17.3589065906059,65.0528724956874,65.3261464653359,-0.0858261368690396,0,0,0,0,0
10.7,12.04,14.3727573361959,14.5314807329587,16.2725732581762,16.6862992101039,64.9606290784646,65.0528724956874,0.0855621893392779,0,0,0,0,0
2.40000000000001,10.7,14.1803014498339,14.3727573361959,16.3223729552449,16.2725732581762,65.5524733437854,64.9606290784646,-0.0694924849490306,0,0,0,0,1
1,2.40000000000001,14.0648922373529,14.1803014498339,16.3274394128359,16.3223729552449,65.5195455025658,65.5524733437854,-0.0150522367082608,0,0,0,0,0
1.20999999999999,1,13.4069947867057,14.0648922373529,16.2972427752071,16.3274394128359,65.8669551126866,65.5195455025658,0.757592946502786,0,0,0,1,-1
1.95999999999999,1.20999999999999,13.4014513305125,13.4069947867057,16.379963178704,16.2972427752071,66.2939225611835,65.8669551126866,2.4972290169703,0,0,0,-1,1
3.59999999999999,1.95999999999999,13.1087571982163,13.4014513305125,15.9135316272035,16.379963178704,64.8709542906401,66.2939225611835,-1.84168907065787,0,0,0,1,-1
4.56999999999999,3.59999999999999,13.0760161983935,13.1087571982163,16.6446369313848,15.9135316272035,66.3409046961689,64.8709542906401,0.850895361256956,0,0,0,0,0
5.19,4.56999999999999,12.9701739068007,13.0760161983935,18.8759202914564,16.6446369313848,67.5347379187545,66.3409046961689,-3.24247020059627,0,0,0,-1,1
5.76000000000001,5.19,12.7439465285803,12.9701739068007,19.8620516369295,18.8759202914564,68.0165295420743,67.5347379187545,2.21008655524883,0,0,0,0,-1
6.73999999999999,5.76000000000001,12.7901104286199,12.7439465285803,20.4468580734289,19.8620516369295,68.1232829341248,68.0165295420743,-2.2378425154308,0,0,0,1,0
6.86,6.73999999999999,12.8192457378375,12.7901104286199,23.1200977490451,20.4468580734289,67.164365423868,68.1232829341248,1.51933748883128,0,0,0,-1,0
6.55,6.86,12.8952220037727,12.8192457378375,24.3934338238804,23.1200977490451,67.3040432768606,67.164365423868,-0.0387339306838328,0,0,0,0,0
7.23,6.55,12.7872144226226,12.8952220037727,24.1759170423778,24.3934338238804,66.6712022719694,67.3040432768606,-1.74209617894006,0,0,0,0,1
7.04000000000001,7.23,12.6939421402687,12.7872144226226,23.8162968650729,24.1759170423778,66.6354781196145,66.6712022719694,1.37820301786078,0,0,0,0,0
7.34,7.04000000000001,12.66914374622,12.6939421402687,23.7364518958455,23.8162968650729,67.4053921697278,66.6354781196145,-0.147723243239266,0,0,0,0,0
7.87000000000001,7.34,12.2965771385508,12.66914374622,22.4670039602953,23.7364518958455,67.4801015167613,67.4053921697278,1.99752624521402,0,0,0,1,-1
8.27,7.87000000000001,12.3620434841599,12.2965771385508,25.2109667683209,22.4670039602953,68.3536862020908,67.4801015167613,-3.32207411321289,0,0,0,-1,1
8.62,8.27,11.4167605322681,12.3620434841599,23.5054588796445,25.2109667683209,68.504622624912,68.3536862020908,2.57929124483088,0,0,0,1,-1
8.40000000000001,8.62,11.3760728865867,11.4167605322681,25.5964848238083,23.5054588796445,68.0880358432654,68.504622624912,1.37150917776396,0,0,0,0,0
7.92,8.40000000000001,11.3687768611427,11.3760728865867,25.5125713513644,25.5964848238083,67.1762856472409,68.0880358432654,-1.69837436785221,0,0,0,0,-1
8.05,7.92,11.2074886753072,11.3687768611427,27.0093309736982,25.5125713513644,66.2624629450605,67.1762856472409,-0.0926841374253904,0,0,0,-2,1
8.67,8.05,11.3674290033428,11.2074886753072,27.8028809088106,27.0093309736982,63.2070661634046,66.2624629450605,0.0683155196827663,0,0,0,1,-1
9.73,8.67,12.0488914216738,11.3674290033428,28.6214491183019,27.8028809088106,61.2350562691532,63.2070661634046,0.0971594068581645,0,0,0,-1,1
10.59,9.73,12.0173307635863,12.0488914216738,29.4725792800956,28.6214491183019,60.7332333764502,61.2350562691532,0.167552665291165,0,0,0,2,0
10.56,10.59,12.2885485635132,12.0173307635863,29.9562700639587,29.4725792800956,59.6171046479029,60.7332333764502,-0.199229542945385,0,0,0,-1,1
10.92,10.56,12.5485811625259,12.2885485635132,29.7211537733176,29.9562700639587,58.9427659742358,59.6171046479029,0.230801283085562,0,0,0,0,-1
10.94,10.92,12.4818145817007,12.5485811625259,27.6220032782386,29.7211537733176,57.4269169218136,58.9427659742358,-0.910546663580597,0,0,0,0,0
10.7,10.94,12.5631021965024,12.4818145817007,27.6165949126198,27.6220032782386,56.8531038200094,57.4269169218136,-1.10175622401147,0,0,0,1,0
10.08,10.7,12.9924988329078,12.5631021965024,26.3796958681973,27.6165949126198,55.7593953124486,56.8531038200094,1.65838241362351,0,0,0,-1,0
9.39,10.08,12.1575870553983,12.9924988329078,25.2233135178488,26.3796958681973,54.7421297876515,55.7593953124486,-0.694869746936615,0,0,0,-1,0
8.73999999999999,9.39,12.182866025207,12.1575870553983,24.6374708573505,25.2233135178488,54.5214656837372,54.7421297876515,0.241865546751328,0,0,0,2,1
8.95,8.73999999999999,12.2933868847731,12.182866025207,23.352199222176,24.6374708573505,53.9661102980869,54.5214656837372,0.47542100114168,0,0,0,-1,-1
4.45999999999999,0,13.7044478378776,0,14.9709176603773,0,60.9828449432686,0,-0.233318385153751,0,0,0,1,0
4.56,4.45999999999999,13.68894577098,13.7044478378776,14.9099981435315,14.9709176603773,61.6390180464037,60.9828449432686,0.0463141473731241,0,0,0,-1,0
4.44,4.56,13.5724070393918,13.68894577098,14.9335264522391,14.9099981435315,63.7953923608589,61.6390180464037,-0.35785203631988,0,0,0,0,1
4.31999999999999,4.44,13.5274668632189,13.5724070393918,15.1573236782529,14.9335264522391,64.2846650856001,63.7953923608589,-0.084639006412992,0,0,0,0,-1
4.12999999999999,4.31999999999999,13.3033176918042,13.5274668632189,15.0271980141556,15.1573236782529,64.4308888901246,64.2846650856001,0.224833048530936,0,0,0,0,0
4.40000000000001,4.12999999999999,13.515013443472,13.3033176918042,14.8947474938121,15.0271980141556,64.0936544500239,64.4308888901246,-0.0873685308722294,0,0,0,0,0
4.09999999999999,4.40000000000001,13.6062572738733,13.515013443472,14.71049833951,14.8947474938121,64.730614465065,64.0936544500239,-0.544289851517746,0,0,0,1,0
3.92,4.09999999999999,13.7443645879551,13.6062572738733,14.5162810913539,14.71049833951,65.2591904686443,64.730614465065,0.234458260675932,0,0,0,-1,0
3.77,3.92,13.630255338789,13.7443645879551,14.7653571216655,14.5162810913539,64.6245948383754,65.2591904686443,0.604131732419482,0,0,0,0,0
3.62,3.77,13.6208849461952,13.630255338789,14.4524446401321,14.7653571216655,64.9116215664254,64.6245948383754,0.224298545394849,0,0,0,0,0
3.05,3.62,13.5228006961199,13.6208849461952,14.2581278151989,14.4524446401321,64.7281894213813,64.9116215664254,-0.172903457899903,0,0,0,0,0
2.12,3.05,13.5191610864646,13.5228006961199,14.3021260009578,14.2581278151989,65.7679537995605,64.7281894213813,-0.295709351634354,0,0,0,0,-1
2.42,2.12,13.6348176144172,13.5191610864646,14.1635828432395,14.3021260009578,65.9026205636144,65.7679537995605,-0.119794702308202,0,0,0,-1,1
2.48999999999999,2.42,13.3497716444142,13.6348176144172,13.7348493701386,14.1635828432395,66.4010836400523,65.9026205636144,0.292313451931442,0,0,0,1,0
3.3,2.48999999999999,14.1949211171883,13.3497716444142,14.0660236762089,13.7348493701386,63.5273392193629,66.4010836400523,-1.92325516729135,0,0,0,0,0
3.13,3.3,14.1918760925369,14.1949211171883,13.8830762912589,14.0660236762089,63.2639756551266,63.5273392193629,0.637065780499267,0,0,0,0,0
3.33,3.13,14.3831600853145,14.1918760925369,13.6933347616024,13.8830762912589,63.540920231189,63.2639756551266,0.0708645063531286,0,0,0,0,-1
2.92,3.33,14.3079232676612,14.3831600853145,13.3857088316555,13.6933347616024,64.6939567371011,63.540920231189,-0.442791343315005,0,0,0,-1,1
3.27,2.92,14.2236438760401,14.3079232676612,13.4899578002626,13.3857088316555,65.6562996932128,64.6939567371011,-0.122485714305558,0,0,0,1,0
3.28,3.27,14.4115531843246,14.2236438760401,13.2846785645993,13.4899578002626,66.5722274114754,65.6562996932128,-0.34995749061331,0,0,0,0,0
3.66,3.28,13.8361768789249,14.4115531843246,12.9870641038619,13.2846785645993,68.8813695839954,66.5722274114754,4.79853379400944,0,0,0,0,0
4.05,3.66,14.0150837135638,13.8361768789249,13.1074855351523,12.9870641038619,68.9128627807113,68.8813695839954,-3.14136377945639,0,0,0,0,0
4.5,4.05,14.0205082688187,14.0150837135638,12.9576183171925,13.1074855351523,68.9485029837654,68.9128627807113,-0.558636367477391,0,0,0,0,0
4.76000000000001,4.5,14.0382026159453,14.0205082688187,12.890768884124,12.9576183171925,66.9621120560329,68.9485029837654,0.0136584634519359,0,0,0,0,0
5.16,4.76000000000001,14.0246956776189,14.0382026159453,12.691843157268,12.890768884124,67.5973368365434,66.9621120560329,0.354806192694786,0,0,0,0,1
5.15000000000001,5.16,14.1030427565272,14.0246956776189,12.6402807735998,12.691843157268,68.538242176349,67.5973368365434,-0.525692826875712,0,0,0,0,-1
4.79000000000001,5.15000000000001,14.2220664750063,14.1030427565272,12.5764372555643,12.6402807735998,69.6861155464356,68.538242176349,0.853238759669049,0,0,0,0,0
5.68000000000001,4.79000000000001,13.6702741103103,14.2220664750063,12.8078616523264,12.5764372555643,70.5495615848094,69.6861155464356,0.223469131078785,0,0,0,1,1
6.3,5.68000000000001,14.0965978902955,13.6702741103103,12.8764445849678,12.8078616523264,71.4728157157228,70.5495615848094,-0.955130924869447,0,0,0,-1,-1
6.37000000000001,6.3,13.9685558505485,14.0965978902955,12.9958194759746,12.8764445849678,72.5957741821952,71.4728157157228,0.0285164784650451,0,0,0,0,0
6.45,6.37000000000001,13.8870192212218,13.9685558505485,13.0211472588498,12.9958194759746,73.2645137875125,72.5957741821952,0.496396877265354,0,0,0,1,0
7.56999999999999,6.45,13.9131961235759,13.8870192212218,12.9412118672324,13.0211472588498,73.4752264625634,73.2645137875125,-0.146076127954611,0,0,0,-1,0
8.61,7.56999999999999,13.892259001769,13.9131961235759,13.3226178681213,12.9412118672324,74.3290125673149,73.4752264625634,0.541858599931217,0,0,0,0,0
8.79000000000001,8.61,13.7317679603222,13.892259001769,13.4073048241431,13.3226178681213,74.3365301767925,74.3290125673149,-0.624837717399792,0,0,0,0,0
8.86,8.79000000000001,13.7391675792717,13.7317679603222,13.4078035329791,13.4073048241431,73.3547803095072,74.3365301767925,5.29167397660498,0,0,0,0,-1
9.27,8.86,13.2113312018643,13.7391675792717,13.8932366820109,13.4078035329791,74.3770844487582,73.3547803095072,-3.44916572281051,0,0,0,-1,0
9.47,9.27,13.5024337666702,13.2113312018643,13.8861679761464,13.8932366820109,74.7169898471167,74.3770844487582,-2.73710325735289,0,0,0,1,1
19.2,9.47,14.3922595076316,13.5024337666702,19.7388086753404,13.8861679761464,73.5082658971284,74.7169898471167,-1.87338904480528,0,0,0,0,0
20.38,19.2,14.2203959436574,14.3922595076316,21.6120227951118,19.7388086753404,72.6900342922903,73.5082658971284,2.73143325452513,0,0,0,0,0
18.17,20.38,14.368342891345,14.2203959436574,20.513824254515,21.6120227951118,71.5371116948034,72.6900342922903,-0.724260211531156,0,0,0,0,0
16.75,18.17,15.0201454562267,14.368342891345,18.9536287499339,20.513824254515,70.7391782639443,71.5371116948034,2.8657128594502,0,0,0,0,0
16.37,16.75,14.7570853705301,15.0201454562267,16.6401115574119,18.9536287499339,68.983260875271,70.7391782639443,-0.506434658915303,0,0,0,0,0
15.42,16.37,14.8200567395005,14.7570853705301,16.4240746025444,16.6401115574119,68.9135028521037,68.983260875271,-0.921732476157693,0,0,0,0,0
14.25,15.42,14.8202065341563,14.8200567395005,16.3042187726825,16.4240746025444,69.2514765193925,68.9135028521037,-0.176982568817097,0,0,0,0,1
12.85,14.25,14.751423644972,14.8202065341563,16.0510489275846,16.3042187726825,69.1388265918507,69.2514765193925,-0.00987692322549982,0,0,0,0,-1
12.94,12.85,15.014165414959,14.751423644972,16.4495962165312,16.0510489275846,69.3317219002013,69.1388265918507,-2.08697942896877,0,0,0,1,0
12.43,12.94,14.7547298036285,15.014165414959,16.9944360843683,16.4495962165312,69.2235734673365,69.3317219002013,1.48234527551285,0,0,0,-1,0
12.1,12.43,14.9523178090721,14.7547298036285,16.5905574575711,16.9944360843683,68.8610358407106,69.2235734673365,-0.0858261368690396,0,0,0,0,0
11.51,12.1,14.7874116793036,14.9523178090721,16.2030865654375,16.5905574575711,68.8939603037969,68.8610358407106,0.0855621893392779,0,0,0,0,0
2.41,11.51,14.5255838718578,14.7874116793036,16.1992237298124,16.2030865654375,69.6922887468305,68.8939603037969,-0.0694924849490306,0,0,0,0,1
1.34,2.41,14.3668621431553,14.5255838718578,16.1162666846166,16.1992237298124,70.4485544476344,69.6922887468305,-0.0150522367082608,0,0,0,0,0
2.64,1.34,13.735433618808,14.3668621431553,16.3713533666535,16.1162666846166,70.9224184873097,70.4485544476344,0.757592946502786,0,0,0,1,-1
2.84999999999999,2.64,13.7434113764433,13.735433618808,16.1694816021553,16.3713533666535,71.439523497398,70.9224184873097,2.4972290169703,0,0,0,-1,1
3.93000000000001,2.84999999999999,13.4687270555403,13.7434113764433,16.0399340731219,16.1694816021553,72.1129685245345,71.439523497398,-1.84168907065787,0,0,0,1,-1
4.81,3.93000000000001,13.3778280381289,13.4687270555403,16.5650833319653,16.0399340731219,73.562916229141,72.1129685245345,0.850895361256956,0,0,0,0,0
6.04000000000001,4.81,13.2811877010477,13.3778280381289,18.195392081341,16.5650833319653,74.9687507910497,73.562916229141,-3.24247020059627,0,0,0,-1,1
7.42,6.04000000000001,13.0747723165173,13.2811877010477,19.2019779987897,18.195392081341,74.9848602794535,74.9687507910497,2.21008655524883,0,0,0,0,-1
7.55,7.42,13.1202654256539,13.0747723165173,19.3465432031781,19.2019779987897,74.9322352222634,74.9848602794535,-2.2378425154308,0,0,0,1,0
7.73999999999999,7.55,13.1492117992672,13.1202654256539,20.2801521609031,19.3465432031781,73.6264903114487,74.9322352222634,1.51933748883128,0,0,0,-1,0
8.09,7.73999999999999,13.2298384234706,13.1492117992672,22.109328614598,20.2801521609031,73.2444700234944,73.6264903114487,-0.0387339306838328,0,0,0,0,0
8.65000000000001,8.09,13.0822587250196,13.2298384234706,23.7197534197257,22.109328614598,72.6802321941276,73.2444700234944,-1.74209617894006,0,0,0,0,1
8.66,8.65000000000001,13.0057031096289,13.0822587250196,22.457968612948,23.7197534197257,72.6574457611999,72.6802321941276,1.37820301786078,0,0,0,0,0
8.59999999999999,8.66,12.9754558447778,13.0057031096289,22.2440788658151,22.457968612948,72.4128702634998,72.6574457611999,-0.147723243239266,0,0,0,0,0
9.45,8.59999999999999,12.5766098956648,12.9754558447778,22.3833751939791,22.2440788658151,72.4016745430681,72.4128702634998,1.99752624521402,0,0,0,1,-1
9.84,9.45,12.6269382001606,12.5766098956648,23.0007121739092,22.3833751939791,73.1879028550901,72.4016745430681,-3.32207411321289,0,0,0,-1,1
9.89,9.84,11.7069243551979,12.6269382001606,23.325127753539,23.0007121739092,72.3591648976332,73.1879028550901,2.57929124483088,0,0,0,1,-1
9.52,9.89,11.6890000482142,11.7069243551979,24.9127537860233,23.325127753539,72.0578326969084,72.3591648976332,1.37150917776396,0,0,0,0,0
8.77,9.52,11.6498813956722,11.6890000482142,24.9417762875619,24.9127537860233,70.8633897026146,72.0578326969084,-1.69837436785221,0,0,0,0,-1
8.29000000000001,8.77,11.4759611176729,11.6498813956722,26.3088292360883,24.9417762875619,70.4105006347525,70.8633897026146,-0.0926841374253904,0,0,0,-2,1
9.19,8.29000000000001,11.6248757425128,11.4759611176729,27.8392846970242,26.3088292360883,67.7425423542219,70.4105006347525,0.0683155196827663,0,0,0,1,-1
9.86,9.19,12.2781497109898,11.6248757425128,28.533179856445,27.8392846970242,65.4251662854845,67.7425423542219,0.0971594068581645,0,0,0,-1,1
10.01,9.86,12.2791959601333,12.2781497109898,29.3711234863517,28.533179856445,63.9199417551761,65.4251662854845,0.167552665291165,0,0,0,2,0
10.31,10.01,12.5959212706159,12.2791959601333,30.2433740913124,29.3711234863517,63.0325834335937,63.9199417551761,-0.199229542945385,0,0,0,-1,1
10.45,10.31,12.9166965511484,12.5959212706159,30.0157735345076,30.2433740913124,62.3214824596964,63.0325834335937,0.230801283085562,0,0,0,0,-1
10.28,10.45,12.8427024409505,12.9166965511484,28.9274653118926,30.0157735345076,62.0254463981806,62.3214824596964,-0.910546663580597,0,0,0,0,0
9.3,10.28,12.9129064234596,12.8427024409505,28.4158084608055,28.9274653118926,61.5522919805605,62.0254463981806,-1.10175622401147,0,0,0,1,0
9.51000000000001,9.3,13.3700143171364,12.9129064234596,26.8484606264723,28.4158084608055,60.8449895058647,61.5522919805605,1.65838241362351,0,0,0,-1,0
9.44,9.51000000000001,12.496652777185,13.3700143171364,25.5700965289345,26.8484606264723,60.1633417196439,60.8449895058647,-0.694869746936615,0,0,0,-1,0
9.25,9.44,12.533920087258,12.496652777185,24.533500993022,25.5700965289345,60.4197424385705,60.1633417196439,0.241865546751328,0,0,0,2,1
9.27,9.25,12.5276066126841,12.533920087258,24.0453455568087,24.533500993022,60.420270483894,60.4197424385705,0.47542100114168,0,0,0,-1,-1
4.8,0,13.47816896014,0,14.8869559226375,0,42.907690295243,0,-0.233318385153751,0,0,0,1,0
4.8,4.8,13.3961468076787,13.47816896014,14.7840569725515,14.8869559226375,43.5262367769924,42.907690295243,0.0463141473731241,0,0,0,-1,0
4.92,4.8,13.3380766441379,13.3961468076787,14.9056133280611,14.7840569725515,44.5913639905152,43.5262367769924,-0.35785203631988,0,0,0,0,1
4.87000000000001,4.92,13.2834139091797,13.3380766441379,14.9476944724298,14.9056133280611,45.0065145490199,44.5913639905152,-0.084639006412992,0,0,0,0,-1
4.73999999999999,4.87000000000001,13.0433440630371,13.2834139091797,14.677359738469,14.9476944724298,45.4399010162183,45.0065145490199,0.224833048530936,0,0,0,0,0
4.45,4.73999999999999,13.2764825520075,13.0433440630371,14.7498779097139,14.677359738469,45.5015963475854,45.4399010162183,-0.0873685308722294,0,0,0,0,0
4.36,4.45,13.502329122381,13.2764825520075,14.5939226880454,14.7498779097139,45.9561173291458,45.5015963475854,-0.544289851517746,0,0,0,1,0
3.26000000000001,4.36,13.6967440469962,13.502329122381,14.4206937178359,14.5939226880454,46.607365655314,45.9561173291458,0.234458260675932,0,0,0,-1,0
3.14,3.26000000000001,13.6611467917625,13.6967440469962,14.6477526280799,14.4206937178359,46.6207620010544,46.607365655314,0.604131732419482,0,0,0,0,0
3.09999999999999,3.14,13.6618473557584,13.6611467917625,14.3325043139832,14.6477526280799,47.0167412139938,46.6207620010544,0.224298545394849,0,0,0,0,0
3.15000000000001,3.09999999999999,13.5700623142228,13.6618473557584,14.160980928572,14.3325043139832,47.1108550568334,47.0167412139938,-0.172903457899903,0,0,0,0,0
3.08,3.15000000000001,13.6240323763573,13.5700623142228,14.7666175301117,14.160980928572,47.0162738230919,47.1108550568334,-0.295709351634354,0,0,0,0,-1
3,3.08,13.7370314749372,13.6240323763573,14.1183089048998,14.7666175301117,47.5689691776938,47.0162738230919,-0.119794702308202,0,0,0,-1,1
2.76000000000001,3,13.6060588961943,13.7370314749372,13.943650087539,14.1183089048998,48.1794004205998,47.5689691776938,0.292313451931442,0,0,0,1,0
3.53,2.76000000000001,14.3662002444454,13.6060588961943,13.7609380575132,13.943650087539,47.8985926286516,48.1794004205998,-1.92325516729135,0,0,0,0,0
3.48,3.53,14.2641438955573,14.3662002444454,13.7893372689517,13.7609380575132,47.9738851389346,47.8985926286516,0.637065780499267,0,0,0,0,0
3.56,3.48,14.4055633418198,14.2641438955573,13.6991390023859,13.7893372689517,48.4235509275572,47.9738851389346,0.0708645063531286,0,0,0,0,-1
3.92,3.56,14.3190054135817,14.4055633418198,13.3040616396961,13.6991390023859,49.0296049502153,48.4235509275572,-0.442791343315005,0,0,0,-1,1
3.73999999999999,3.92,14.2126042089,14.3190054135817,13.2001671950599,13.3040616396961,49.8110552802122,49.0296049502153,-0.122485714305558,0,0,0,1,0
3.84,3.73999999999999,14.4051652284704,14.2126042089,13.1242651602833,13.2001671950599,50.5417806315842,49.8110552802122,-0.34995749061331,0,0,0,0,0
4.06999999999999,3.84,13.8163627225337,14.4051652284704,12.9162956164154,13.1242651602833,51.3286826885907,50.5417806315842,4.79853379400944,0,0,0,0,0
4.42,4.06999999999999,13.9259459065002,13.8163627225337,13.026527483939,12.9162956164154,51.1203775296102,51.3286826885907,-3.14136377945639,0,0,0,0,0
5.01000000000001,4.42,13.9486958767435,13.9259459065002,12.7802500236565,13.026527483939,51.3634518583804,51.1203775296102,-0.558636367477391,0,0,0,0,0
5.06999999999999,5.01000000000001,13.9620400005893,13.9486958767435,12.5874535777212,12.7802500236565,52.1838988556296,51.3634518583804,0.0136584634519359,0,0,0,0,0
4.98,5.06999999999999,13.9551735612502,13.9620400005893,12.5122030464397,12.5874535777212,53.0511708528576,52.1838988556296,0.354806192694786,0,0,0,0,1
5.68000000000001,4.98,14.0242462833623,13.9551735612502,12.4976601845031,12.5122030464397,54.4783817114223,53.0511708528576,-0.525692826875712,0,0,0,0,-1
5.11,5.68000000000001,14.1654976251062,14.0242462833623,12.0981424777108,12.4976601845031,55.7089807336036,54.4783817114223,0.853238759669049,0,0,0,0,0
5.43000000000001,5.11,13.5981424229471,14.1654976251062,12.5140207262011,12.0981424777108,56.5938258580286,55.7089807336036,0.223469131078785,0,0,0,1,1
5.65000000000001,5.43000000000001,14.0310247802272,13.5981424229471,12.5089851096224,12.5140207262011,57.5771365050655,56.5938258580286,-0.955130924869447,0,0,0,-1,-1
5.87000000000001,5.65000000000001,13.9033149503175,14.0310247802272,12.7713057352559,12.5089851096224,57.6887092808493,57.5771365050655,0.0285164784650451,0,0,0,0,0
6.36,5.87000000000001,13.8251905074168,13.9033149503175,12.7652990587733,12.7713057352559,58.6054380466195,57.6887092808493,0.496396877265354,0,0,0,1,0
6.59999999999999,6.36,13.8699561560381,13.8251905074168,12.6555910367618,12.7652990587733,59.4905071119998,58.6054380466195,-0.146076127954611,0,0,0,-1,0
6.89,6.59999999999999,13.7978720289107,13.8699561560381,12.9910629828883,12.6555910367618,60.4053920409276,59.4905071119998,0.541858599931217,0,0,0,0,0
7.39,6.89,13.6297793049254,13.7978720289107,13.0924105928926,12.9910629828883,59.9071000968242,60.4053920409276,-0.624837717399792,0,0,0,0,0
7.36,7.39,13.538129742897,13.6297793049254,13.6498595301622,13.0924105928926,59.8212953960237,59.9071000968242,5.29167397660498,0,0,0,0,-1
7.73999999999999,7.36,12.9972091166059,13.538129742897,13.9021818188463,13.6498595301622,60.9978898518279,59.8212953960237,-3.44916572281051,0,0,0,-1,0
8,7.73999999999999,13.3140209084102,12.9972091166059,14.7348476989646,13.9021818188463,61.7333160677765,60.9978898518279,-2.73710325735289,0,0,0,1,1
14.96,8,14.1317415346784,13.3140209084102,2.15724156248824,14.7348476989646,61.7690158603902,61.7333160677765,-1.87338904480528,0,0,0,0,0
16.06,14.96,13.8543902177328,14.1317415346784,22.2756892714194,2.15724156248824,62.2070909832037,61.7690158603902,2.73143325452513,0,0,0,0,0
15.32,16.06,13.9592736957406,13.8543902177328,20.4718449274847,22.2756892714194,61.8140117795533,62.2070909832037,-0.724260211531156,0,0,0,0,0
14.47,15.32,14.6290634059848,13.9592736957406,18.9187357176895,20.4718449274847,61.6056446774168,61.8140117795533,2.8657128594502,0,0,0,0,0
14.12,14.47,14.343480133899,14.6290634059848,15.8443982274354,18.9187357176895,61.0806133626762,61.6056446774168,-0.506434658915303,0,0,0,0,0
13.46,14.12,14.3702576934256,14.343480133899,16.3413875237026,15.8443982274354,61.0778506191127,61.0806133626762,-0.921732476157693,0,0,0,0,0
12.66,13.46,14.3382323191372,14.3702576934256,16.6021434892153,16.3413875237026,61.8466299094185,61.0778506191127,-0.176982568817097,0,0,0,0,1
12.22,12.66,14.208944278706,14.3382323191372,17.0015175447341,16.6021434892153,61.2591435231107,61.8466299094185,-0.00987692322549982,0,0,0,0,-1
11.42,12.22,14.4431472999438,14.208944278706,16.9199910600751,17.0015175447341,61.4865873726204,61.2591435231107,-2.08697942896877,0,0,0,1,0
11.33,11.42,14.2301800800579,14.4431472999438,17.3588843727682,16.9199910600751,61.5008499427826,61.4865873726204,1.48234527551285,0,0,0,-1,0
11.25,11.33,14.3612719925293,14.2301800800579,16.6607254472638,17.3588843727682,61.8971386255024,61.5008499427826,-0.0858261368690396,0,0,0,0,0
10.63,11.25,14.1956360322793,14.3612719925293,15.8629058212605,16.6607254472638,62.1587177400681,61.8971386255024,0.0855621893392779,0,0,0,0,0
3.63,10.63,13.9887592371002,14.1956360322793,16.3992122543768,15.8629058212605,63.0621443045613,62.1587177400681,-0.0694924849490306,0,0,0,0,1
2.47,3.63,13.8234721600517,13.9887592371002,16.33222361411,16.3992122543768,63.7562456457019,63.0621443045613,-0.0150522367082608,0,0,0,0,0
2.87,2.47,13.2166957897508,13.8234721600517,16.2655842713658,16.33222361411,64.5492553005469,63.7562456457019,0.757592946502786,0,0,0,1,-1
3.54000000000001,2.87,13.1900606528698,13.2166957897508,16.9494105882372,16.2655842713658,65.2147253353665,64.5492553005469,2.4972290169703,0,0,0,-1,1
4.58,3.54000000000001,12.9427270624578,13.1900606528698,16.343884399958,16.9494105882372,64.9758202275257,65.2147253353665,-1.84168907065787,0,0,0,1,-1
6.62999999999999,4.58,12.9156407602174,12.9427270624578,17.0654231358454,16.343884399958,66.165237261323,64.9758202275257,0.850895361256956,0,0,0,0,0
8.23999999999999,6.62999999999999,12.8313797553006,12.9156407602174,18.9824181211119,17.0654231358454,67.4091923853046,66.165237261323,-3.24247020059627,0,0,0,-1,1
8.76000000000001,8.23999999999999,12.6571016787906,12.8313797553006,19.137397090465,18.9824181211119,69.0794544353065,67.4091923853046,2.21008655524883,0,0,0,0,-1
9.20999999999999,8.76000000000001,12.7081646783689,12.6571016787906,19.772476666223,19.137397090465,69.3166122187804,69.0794544353065,-2.2378425154308,0,0,0,1,0
9.43000000000001,9.20999999999999,12.7650995762706,12.7081646783689,20.2352734550485,19.772476666223,68.8145116846647,69.3166122187804,1.51933748883128,0,0,0,-1,0
9.31,9.43000000000001,12.8957194373632,12.7650995762706,23.6511094557446,20.2352734550485,68.8368128467173,68.8145116846647,-0.0387339306838328,0,0,0,0,0
9.47,9.31,12.7382482797332,12.8957194373632,25.9082978976605,23.6511094557446,68.3953321589394,68.8368128467173,-1.74209617894006,0,0,0,0,1
9.76000000000001,9.47,12.6138321476976,12.7382482797332,25.5794718835519,25.9082978976605,68.6343816451584,68.3953321589394,1.37820301786078,0,0,0,0,0
10.03,9.76000000000001,12.5655677504871,12.6138321476976,24.2531766798948,25.5794718835519,68.4626564150717,68.6343816451584,-0.147723243239266,0,0,0,0,0
10.75,10.03,12.2109772024272,12.5655677504871,23.6483496502838,24.2531766798948,68.3839634469671,68.4626564150717,1.99752624521402,0,0,0,1,-1
10.72,10.75,12.3205196342762,12.2109772024272,25.2081662204517,23.6483496502838,68.9592083570011,68.3839634469671,-3.32207411321289,0,0,0,-1,1
10.48,10.72,11.3557659012569,12.3205196342762,25.3864008728064,25.2081662204517,66.4466081439986,68.9592083570011,2.57929124483088,0,0,0,1,-1
9.31,10.48,11.3278776983179,11.3557659012569,27.9246223504413,25.3864008728064,66.3231318754904,66.4466081439986,1.37150917776396,0,0,0,0,0
8.70999999999999,9.31,11.3103305855706,11.3278776983179,28.4512412076089,27.9246223504413,65.7117661684404,66.3231318754904,-1.69837436785221,0,0,0,0,-1
9.5,8.70999999999999,11.1778224841194,11.3103305855706,31.4215237364687,28.4512412076089,65.0680325141838,65.7117661684404,-0.0926841374253904,0,0,0,-2,1
9.33,9.5,11.3198075133763,11.1778224841194,34.4500849454159,31.4215237364687,62.9715821251014,65.0680325141838,0.0683155196827663,0,0,0,1,-1
9.19,9.33,12.0178319433228,11.3198075133763,41.2899571305361,34.4500849454159,61.3263550207824,62.9715821251014,0.0971594068581645,0,0,0,-1,1
9.62,9.19,12.0052923812341,12.0178319433228,34.2567929062153,41.2899571305361,61.3998510920186,61.3263550207824,0.167552665291165,0,0,0,2,0
10.24,9.62,12.2745607952667,12.0052923812341,33.8131364291858,34.2567929062153,60.7056315851736,61.3998510920186,-0.199229542945385,0,0,0,-1,1
9.92,10.24,12.5530019230631,12.2745607952667,34.688907105416,33.8131364291858,60.1258803620947,60.7056315851736,0.230801283085562,0,0,0,0,-1
9.63,9.92,12.5420820548725,12.5530019230631,37.1433518804965,34.688907105416,58.4667885170973,60.1258803620947,-0.910546663580597,0,0,0,0,0
9.17,9.63,12.6689328818435,12.5420820548725,34.3415397312589,37.1433518804965,58.1155786749352,58.4667885170973,-1.10175622401147,0,0,0,1,0
9.69,9.17,13.0749401858318,12.6689328818435,35.942920187643,34.3415397312589,57.5296282842262,58.1155786749352,1.65838241362351,0,0,0,-1,0
8.78,9.69,12.2732054920242,13.0749401858318,33.4788857301857,35.942920187643,56.4593299874282,57.5296282842262,-0.694869746936615,0,0,0,-1,0
8.53,8.78,12.3366556001949,12.2732054920242,33.9026224073297,33.4788857301857,56.4803339258753,56.4593299874282,0.241865546751328,0,0,0,2,1
8.27,8.53,12.3954647006769,12.3366556001949,30.9395533599014,33.9026224073297,56.3135772205175,56.4803339258753,0.47542100114168,0,0,0,-1,-1
5.77,0,13.8285270924491,0,15.2034434667488,0,56.5443874050454,0,-0.233318385153751,0,0,0,1,0
5.45999999999999,5.77,13.848002957955,13.8285270924491,15.0899193960561,15.2034434667488,56.998126136747,56.5443874050454,0.0463141473731241,0,0,0,-1,0
5.3,5.45999999999999,13.6905479367715,13.848002957955,15.1778162813418,15.0899193960561,58.3445706166064,56.998126136747,-0.35785203631988,0,0,0,0,1
4.94,5.3,13.6245476190854,13.6905479367715,15.4232534141539,15.1778162813418,58.7086689554571,58.3445706166064,-0.084639006412992,0,0,0,0,-1
4.68000000000001,4.94,13.3930001300296,13.6245476190854,15.4190513493148,15.4232534141539,58.9054233449434,58.7086689554571,0.224833048530936,0,0,0,0,0
4.79000000000001,4.68000000000001,13.6176165581142,13.3930001300296,15.2817501455729,15.4190513493148,56.0523780056883,58.9054233449434,-0.0873685308722294,0,0,0,0,0
4.44,4.79000000000001,13.6440305854536,13.6176165581142,14.9279589016123,15.2817501455729,56.544609041694,56.0523780056883,-0.544289851517746,0,0,0,1,0
4.01000000000001,4.44,13.8193445267663,13.6440305854536,14.7094554586527,14.9279589016123,56.86504631105,56.544609041694,0.234458260675932,0,0,0,-1,0
3.7,4.01000000000001,13.7231946247067,13.8193445267663,15.1017704282647,14.7094554586527,61.3170496444272,56.86504631105,0.604131732419482,0,0,0,0,0
3.12,3.7,13.7652498245619,13.7231946247067,14.7282034794552,15.1017704282647,61.7501063249561,61.3170496444272,0.224298545394849,0,0,0,0,0
2.34,3.12,13.6648155215341,13.7652498245619,14.4656833570684,14.7282034794552,61.8906635646207,61.7501063249561,-0.172903457899903,0,0,0,0,0
1.75,2.34,13.6406301302581,13.6648155215341,14.5171308358475,14.4656833570684,65.1748278310907,61.8906635646207,-0.295709351634354,0,0,0,0,-1
1.42,1.75,13.7834293266075,13.6406301302581,14.5556754038249,14.5171308358475,65.2869128062808,65.1748278310907,-0.119794702308202,0,0,0,-1,1
1.98,1.42,13.5180125656104,13.7834293266075,14.2137492885483,14.5556754038249,65.705323971848,65.2869128062808,0.292313451931442,0,0,0,1,0
2.55,1.98,14.3102602648798,13.5180125656104,13.9012598919387,14.2137492885483,64.9094604653365,65.705323971848,-1.92325516729135,0,0,0,0,0
2.78,2.55,14.269835630152,14.3102602648798,14.2215650756158,13.9012598919387,64.4099433599262,64.9094604653365,0.637065780499267,0,0,0,0,0
2.62,2.78,14.4150323198429,14.269835630152,14.0213021013969,14.2215650756158,64.5905260288325,64.4099433599262,0.0708645063531286,0,0,0,0,-1
3.08,2.62,14.3909965363697,14.4150323198429,13.5730938600646,14.0213021013969,61.3775467657383,64.5905260288325,-0.442791343315005,0,0,0,-1,1
3.51000000000001,3.08,14.2794199812603,14.3909965363697,13.4363011413294,13.5730938600646,62.180016066865,61.3775467657383,-0.122485714305558,0,0,0,1,0
3.47,3.51000000000001,14.5217151405558,14.2794199812603,13.3938222199243,13.4363011413294,63.1332470333171,62.180016066865,-0.34995749061331,0,0,0,0,0
3.81999999999999,3.47,13.9606498609217,14.5217151405558,13.0592356126857,13.3938222199243,63.5579519701671,63.1332470333171,4.79853379400944,0,0,0,0,0
4.34999999999999,3.81999999999999,14.0792975079886,13.9606498609217,13.3059330986168,13.0592356126857,63.6974263972293,63.5579519701671,-3.14136377945639,0,0,0,0,0
4.91,4.34999999999999,14.0767019730153,14.0792975079886,12.98958061071,13.3059330986168,63.8540741062685,63.6974263972293,-0.558636367477391,0,0,0,0,0
5.31,4.91,14.0966932951429,14.0767019730153,12.901792674712,12.98958061071,70.2388707552402,63.8540741062685,0.0136584634519359,0,0,0,0,0
5.86,5.31,14.0827938905284,14.0966932951429,12.9918346822302,12.901792674712,70.7263563706199,70.2388707552402,0.354806192694786,0,0,0,0,1
5.64,5.86,14.1680502641389,14.0827938905284,12.934426752141,12.9918346822302,71.4542056458042,70.7263563706199,-0.525692826875712,0,0,0,0,-1
5.23999999999999,5.64,14.227847928272,14.1680502641389,12.6776904425817,12.934426752141,63.5486868485168,71.4542056458042,0.853238759669049,0,0,0,0,0
5.43000000000001,5.23999999999999,13.6918900011535,14.227847928272,12.9369799378953,12.6776904425817,64.2787243118965,63.5486868485168,0.223469131078785,0,0,0,1,1
5.73999999999999,5.43000000000001,14.1114886546645,13.6918900011535,12.9281911998714,12.9369799378953,65.0140141511543,64.2787243118965,-0.955130924869447,0,0,0,-1,-1
5.47,5.73999999999999,13.9554457661404,14.1114886546645,13.1304085619268,12.9281911998714,63.6501052845326,65.0140141511543,0.0285164784650451,0,0,0,0,0
5.62000000000001,5.47,13.8489331389614,13.9554457661404,12.8782433965099,13.1304085619268,64.3337519570114,63.6501052845326,0.496396877265354,0,0,0,1,0
6.69,5.62000000000001,13.8994131946763,13.8489331389614,13.0159099040995,12.8782433965099,64.5077097237434,64.3337519570114,-0.146076127954611,0,0,0,-1,0
7.84,6.69,13.8593390163726,13.8994131946763,13.4091667562799,13.0159099040995,67.0706377855849,64.5077097237434,0.541858599931217,0,0,0,0,0
8.09999999999999,7.84,13.7180947043344,13.8593390163726,13.7262248516701,13.4091667562799,66.9908530134928,67.0706377855849,-0.624837717399792,0,0,0,0,0
8.06,8.09999999999999,13.6955083716511,13.7180947043344,13.9396735023021,13.7262248516701,66.8635437650123,66.9908530134928,5.29167397660498,0,0,0,0,-1
8.48,8.06,13.1455152636952,13.6955083716511,14.0685029620407,13.9396735023021,70.5993099145017,66.8635437650123,-3.44916572281051,0,0,0,-1,0
8.42,8.48,13.5420692124369,13.1455152636952,14.0621017680679,14.0685029620407,70.886472416136,70.5993099145017,-2.73710325735289,0,0,0,1,1
15.89,8.42,14.4622118517305,13.5420692124369,18.132035261738,14.0621017680679,69.9912045946228,70.886472416136,-1.87338904480528,0,0,0,0,0
17.28,15.89,14.2836239264663,14.4622118517305,20.3653285587326,18.132035261738,68.4020905655638,69.9912045946228,2.73143325452513,0,0,0,0,0
16.84,17.28,14.3610076307624,14.2836239264663,20.2002651298126,20.3653285587326,67.4333966660035,68.4020905655638,-0.724260211531156,0,0,0,0,0
16.43,16.84,15.0210682078486,14.3610076307624,19.0633386497092,20.2002651298126,66.7390193908688,67.4333966660035,2.8657128594502,0,0,0,0,0
15.5,16.43,14.7809150715039,15.0210682078486,16.9684906948862,19.0633386497092,65.685352313152,66.7390193908688,-0.506434658915303,0,0,0,0,0
14.72,15.5,14.8241583840282,14.7809150715039,16.8954678045004,16.9684906948862,65.4941279850424,65.685352313152,-0.921732476157693,0,0,0,0,0
13.76,14.72,14.8121701198023,14.8241583840282,17.3902509063855,16.8954678045004,65.9894629067232,65.4941279850424,-0.176982568817097,0,0,0,0,1
11.86,13.76,14.713018435232,14.8121701198023,16.2580443727539,17.3902509063855,65.5748463368198,65.9894629067232,-0.00987692322549982,0,0,0,0,-1
11.58,11.86,14.9281844058295,14.713018435232,17.8728903991125,16.2580443727539,65.6935641430643,65.5748463368198,-2.08697942896877,0,0,0,1,0
12.04,11.58,14.6766004600508,14.9281844058295,18.7209734730003,17.8728903991125,65.8004918018008,65.6935641430643,1.48234527551285,0,0,0,-1,0
11.24,12.04,14.8339185787343,14.6766004600508,16.7754618417857,18.7209734730003,65.0373573956409,65.8004918018008,-0.0858261368690396,0,0,0,0,0
11.3,11.24,14.6930272627622,14.8339185787343,16.5579752135606,16.7754618417857,64.8481458829383,65.0373573956409,0.0855621893392779,0,0,0,0,0
3.88,11.3,14.4751184813107,14.6930272627622,16.5235161912769,16.5579752135606,65.2197905782479,64.8481458829383,-0.0694924849490306,0,0,0,0,1
1.95999999999999,3.88,14.3521334843525,14.4751184813107,16.4875635926177,16.5235161912769,64.8521164801723,65.2197905782479,-0.0150522367082608,0,0,0,0,0
1.97,1.95999999999999,13.7234065237909,14.3521334843525,16.7866722671417,16.4875635926177,64.998485133665,64.8521164801723,0.757592946502786,0,0,0,1,-1
2.68000000000001,1.97,13.7599414090699,13.7234065237909,16.4591158247474,16.7866722671417,65.4693953561011,64.998485133665,2.4972290169703,0,0,0,-1,1
3.39,2.68000000000001,13.4852472909385,13.7599414090699,16.284060605882,16.4591158247474,65.7152475418104,65.4693953561011,-1.84168907065787,0,0,0,1,-1
4.39,3.39,13.3637590990139,13.4852472909385,16.8936212930612,16.284060605882,66.7685686974151,65.7152475418104,0.850895361256956,0,0,0,0,0
5.14,4.39,13.2593047742892,13.3637590990139,18.8061679716631,16.8936212930612,67.8041623061703,66.7685686974151,-3.24247020059627,0,0,0,-1,1
5.92,5.14,12.973084012809,13.2593047742892,19.3355789313078,18.8061679716631,67.7448971645785,67.8041623061703,2.21008655524883,0,0,0,0,-1
6.25,5.92,13.0477369740926,12.973084012809,20.792231954359,19.3355789313078,67.6417216269376,67.7448971645785,-2.2378425154308,0,0,0,1,0
6.03,6.25,13.0573529978083,13.0477369740926,20.9175394501058,20.792231954359,66.3451510569934,67.6417216269376,1.51933748883128,0,0,0,-1,0
6.94,6.03,13.1495910991381,13.0573529978083,22.7197941744371,20.9175394501058,66.1117553055339,66.3451510569934,-0.0387339306838328,0,0,0,0,0
6.54000000000001,6.94,13.0714245215268,13.1495910991381,23.7902054101674,22.7197941744371,65.4856967018784,66.1117553055339,-1.74209617894006,0,0,0,0,1
6.52,6.54000000000001,12.9921877357518,13.0714245215268,22.8259926870296,23.7902054101674,65.4068915379351,65.4856967018784,1.37820301786078,0,0,0,0,0
7.19,6.52,12.9964396789472,12.9921877357518,23.0959538772863,22.8259926870296,64.770383815114,65.4068915379351,-0.147723243239266,0,0,0,0,0
7.58,7.19,12.5891774337921,12.9964396789472,23.3876243761971,23.0959538772863,64.7166645967093,64.770383815114,1.99752624521402,0,0,0,1,-1
7.70999999999999,7.58,12.6488134828876,12.5891774337921,23.9444798374913,23.3876243761971,64.9506429211873,64.7166645967093,-3.32207411321289,0,0,0,-1,1
8.47,7.70999999999999,11.7076338524593,12.6488134828876,24.1044656847511,23.9444798374913,63.1139664004852,64.9506429211873,2.57929124483088,0,0,0,1,-1
8.06,8.47,11.6648350832872,11.7076338524593,26.0791271681067,24.1044656847511,62.5772906576864,63.1139664004852,1.37150917776396,0,0,0,0,0
7.73999999999999,8.06,11.6741805480388,11.6648350832872,25.9512194501733,26.0791271681067,61.7375683423119,62.5772906576864,-1.69837436785221,0,0,0,0,-1
7.64,7.73999999999999,11.4942505448055,11.6741805480388,26.8539760347162,25.9512194501733,60.2295214059417,61.7375683423119,-0.0926841374253904,0,0,0,-2,1
8.12,7.64,11.6612849104901,11.4942505448055,27.9894989078265,26.8539760347162,56.9301947576479,60.2295214059417,0.0683155196827663,0,0,0,1,-1
8.47,8.12,12.2882053381896,11.6612849104901,28.7518953604725,27.9894989078265,54.7179605860565,56.9301947576479,0.0971594068581645,0,0,0,-1,1
8.16,8.47,12.3254712018217,12.2882053381896,30.2638797379778,28.7518953604725,53.8626069487009,54.7179605860565,0.167552665291165,0,0,0,2,0
8.73999999999999,8.16,12.6266556235195,12.3254712018217,31.7618484681122,30.2638797379778,52.9975486207286,53.8626069487009,-0.199229542945385,0,0,0,-1,1
9.81999999999999,8.73999999999999,12.9063979376738,12.6266556235195,31.0958623602722,31.7618484681122,52.1716551693811,52.9975486207286,0.230801283085562,0,0,0,0,-1
10.09,9.81999999999999,12.8134620716503,12.9063979376738,29.1991054303483,31.0958623602722,51.7400797331535,52.1716551693811,-0.910546663580597,0,0,0,0,0
10.13,10.09,12.8773628242359,12.8134620716503,29.4716949464988,29.1991054303483,51.1131261734908,51.7400797331535,-1.10175622401147,0,0,0,1,0
9.93000000000001,10.13,13.3114471070936,12.8773628242359,28.4163979591702,29.4716949464988,50.1971757647066,51.1131261734908,1.65838241362351,0,0,0,-1,0
9.26000000000001,9.93000000000001,12.4572695210793,13.3114471070936,26.5337338810042,28.4163979591702,49.1950460182064,50.1971757647066,-0.694869746936615,0,0,0,-1,0
8.73,9.26000000000001,12.4925051516728,12.4572695210793,25.681802529442,26.5337338810042,49.1370111965841,49.1950460182064,0.241865546751328,0,0,0,2,1
9.05,8.73,12.5502566831602,12.4925051516728,24.6855898744062,25.681802529442,48.7754152019308,49.1370111965841,0.47542100114168,0,0,0,-1,-1
3.42,0,14.2485415140962,0,15.9468819514141,0,53.0441437108184,0,-0.233318385153751,0,0,-0.233318385153751,1,0
3.42,3.42,14.1493131842428,14.2485415140962,15.6729914857943,15.9468819514141,53.7434893253861,53.0441437108184,0.0463141473731241,0,0,0.0463141473731241,-1,0
3.08,3.42,14.1942629349552,14.1493131842428,15.7462317039348,15.6729914857943,53.9282382646991,53.7434893253861,-0.35785203631988,0,0,-0.35785203631988,0,1
3.09,3.08,14.1070509265211,14.1942629349552,15.9044950958985,15.7462317039348,54.8198229486398,53.9282382646991,-0.084639006412992,0,0,-0.084639006412992,0,-1
2.44,3.09,13.8046542684655,14.1070509265211,15.740617214994,15.9044950958985,55.8639438598371,54.8198229486398,0.224833048530936,0,0,0.224833048530936,0,0
2.37,2.44,14.0825528183764,13.8046542684655,15.8292853058722,15.740617214994,57.285820560797,55.8639438598371,-0.0873685308722294,0,0,-0.0873685308722294,0,0
1.44,2.37,14.1683783104559,14.0825528183764,15.5947382404217,15.8292853058722,58.3326799801035,57.285820560797,-0.544289851517746,0,0,-0.544289851517746,1,0
1.67,1.44,14.2721508209842,14.1683783104559,15.139710863093,15.5947382404217,58.9795807017271,58.3326799801035,0.234458260675932,0,0,0.234458260675932,-1,0
1.56,1.67,14.1954058840226,14.2721508209842,15.7370433409641,15.139710863093,58.8384645194284,58.9795807017271,0.604131732419482,0,0,0.604131732419482,0,0
1.72,1.56,14.1963518300813,14.1954058840226,15.3367087744773,15.7370433409641,59.2025159040977,58.8384645194284,0.224298545394849,0,0,0.224298545394849,0,0
1.95,1.72,14.1134728140566,14.1963518300813,14.8658610980199,15.3367087744773,59.18921166742,59.2025159040977,-0.172903457899903,0,0,-0.172903457899903,0,0
1.91,1.95,13.9904907620889,14.1134728140566,15.0050730501641,14.8658610980199,60.1959888405494,59.18921166742,-0.295709351634354,0,0,-0.295709351634354,0,-1
1.59,1.91,14.1020207540647,13.9904907620889,15.1655125810485,15.0050730501641,60.4602800327079,60.1959888405494,-0.119794702308202,0,0,-0.119794702308202,-1,1
1.52,1.59,13.7943751912429,14.1020207540647,14.9166565402975,15.1655125810485,61.3234495677474,60.4602800327079,0.292313451931442,0,0,0.292313451931442,1,0
2.59,1.52,14.7577099486023,13.7943751912429,15.0776756325832,14.9166565402975,59.4138784608167,61.3234495677474,-1.92325516729135,0,0,-1.92325516729135,0,0
2.5,2.59,14.7667751437781,14.7577099486023,14.8058331936354,15.0776756325832,59.1759249493106,59.4138784608167,0.637065780499267,0,0,0.637065780499267,0,0
3.14,2.5,14.8994790275326,14.7667751437781,14.3510955097601,14.8058331936354,59.4903179820319,59.1759249493106,0.0708645063531286,0,0,0.0708645063531286,0,-1
3.01000000000001,3.14,14.9838552766153,14.8994790275326,13.8596929219826,14.3510955097601,57.5649003690215,59.4903179820319,-0.442791343315005,0,0,-0.442791343315005,-1,1
3.8,3.01000000000001,14.7909256119087,14.9838552766153,14.0397971537456,13.8596929219826,58.0912066827411,57.5649003690215,-0.122485714305558,0,0,-0.122485714305558,1,0
3.45,3.8,14.9799358389729,14.7909256119087,14.0351200940939,14.0397971537456,58.5175151326658,58.0912066827411,-0.34995749061331,0,0,-0.34995749061331,0,0
3.3,3.45,14.3104870036235,14.9799358389729,14.4688879144523,14.0351200940939,59.846407262029,58.5175151326658,4.79853379400944,0,0,4.79853379400944,0,0
3.91,3.3,14.4694057930629,14.3104870036235,13.9411003502893,14.4688879144523,60.3396364736257,59.846407262029,-3.14136377945639,0,0,-3.14136377945639,0,0
4.16,3.91,14.4408642174732,14.4694057930629,13.9750686721922,13.9411003502893,60.533403817599,60.3396364736257,-0.558636367477391,0,0,-0.558636367477391,0,0
4.22,4.16,14.5086363688537,14.4408642174732,13.9146841307862,13.9750686721922,62.3626883648744,60.533403817599,0.0136584634519359,0,0,0.0136584634519359,0,0
4.2,4.22,14.4844600691212,14.5086363688537,13.7069458019821,13.9146841307862,62.8691031214264,62.3626883648744,0.354806192694786,0,0,0.354806192694786,0,1
4.68000000000001,4.2,14.4160424632518,14.4844600691212,13.4442992315355,13.7069458019821,64.0813033445687,62.8691031214264,-0.525692826875712,0,0,-0.525692826875712,0,-1
4.28,4.68000000000001,14.563658604116,14.4160424632518,13.0940352574427,13.4442992315355,64.9078001839724,64.0813033445687,0.853238759669049,0,0,0.853238759669049,0,0
4.55,4.28,13.8464266299861,14.563658604116,13.802734550069,13.0940352574427,66.7272862615617,64.9078001839724,0.223469131078785,0,0,0.223469131078785,1,1
4.54000000000001,4.55,14.25059366581,13.8464266299861,14.0242973090038,13.802734550069,67.867545854675,66.7272862615617,-0.955130924869447,0,0,-0.955130924869447,-1,-1
5.56999999999999,4.54000000000001,14.0768439170353,14.25059366581,14.0109918360049,14.0242973090038,72.3246156893252,67.867545854675,0.0285164784650451,0,0,0.0285164784650451,0,0
6.70999999999999,5.56999999999999,13.9829833160669,14.0768439170353,13.9535231967381,14.0109918360049,73.7605604841234,72.3246156893252,0.496396877265354,0,0,0.496396877265354,1,0
6.62999999999999,6.70999999999999,14.2055078334484,13.9829833160669,13.9316878477661,13.9535231967381,74.208694532143,73.7605604841234,-0.146076127954611,0,0,-0.146076127954611,-1,0
7.75,6.62999999999999,14.0326702751903,14.2055078334484,14.6229193349432,13.9316878477661,73.9555467406826,74.208694532143,0.541858599931217,0,0,0.541858599931217,0,0
7.78,7.75,13.9277679749286,14.0326702751903,14.7811298575947,14.6229193349432,74.6531631295733,73.9555467406826,-0.624837717399792,0,0,-0.624837717399792,0,0
8.31,7.78,13.9303686709064,13.9277679749286,14.4153405777532,14.7811298575947,75.1267938276981,74.6531631295733,5.29167397660498,0,0,5.29167397660498,0,-1
9.08,8.31,13.38197349293,13.9303686709064,14.7991498614661,14.4153405777532,78.1251855421632,75.1267938276981,-3.44916572281051,0,0,-3.44916572281051,-1,0
10.03,9.08,13.6504354763577,13.38197349293,14.8593878299272,14.7991498614661,78.4171458943189,78.1251855421632,-2.73710325735289,0,0,-2.73710325735289,1,1
18.12,10.03,14.4987538887286,13.6504354763577,20.7721294572004,14.8593878299272,77.8707580316795,78.4171458943189,-1.87338904480528,0,0,-1.87338904480528,0,0
19.96,18.12,14.385444274952,14.4987538887286,20.7702239814621,20.7721294572004,75.6488890382929,77.8707580316795,2.73143325452513,0,0,2.73143325452513,0,0
19.42,19.96,14.4032475034755,14.385444274952,21.4335032641902,20.7702239814621,74.814192565128,75.6488890382929,-0.724260211531156,0,0,-0.724260211531156,0,0
18.62,19.42,15.021612493695,14.4032475034755,19.7994143009564,21.4335032641902,74.1370845981728,74.814192565128,2.8657128594502,0,0,2.8657128594502,0,0
17.47,18.62,14.833171069034,15.021612493695,17.757784542661,19.7994143009564,73.9937307996975,74.1370845981728,-0.506434658915303,0,0,-0.506434658915303,0,0
15.97,17.47,14.8502685220548,14.833171069034,17.5483001091451,17.757784542661,74.0146861160797,73.9937307996975,-0.921732476157693,0,0,-0.921732476157693,0,0
16.38,15.97,14.8056739719884,14.8502685220548,17.7583957711364,17.5483001091451,73.8927326102764,74.0146861160797,-0.176982568817097,0,0,-0.176982568817097,0,1
15.49,16.38,14.6833648151849,14.8056739719884,17.5975648021578,17.7583957711364,74.2451123356536,73.8927326102764,-0.00987692322549982,0,0,-0.00987692322549982,0,-1
14.74,15.49,14.8977690478924,14.6833648151849,18.0617248981871,17.5975648021578,74.6255075578139,74.2451123356536,-2.08697942896877,0,0,-2.08697942896877,1,0
13.91,14.74,14.6191496985699,14.8977690478924,18.5820018403226,18.0617248981871,74.5972615791113,74.6255075578139,1.48234527551285,0,0,1.48234527551285,-1,0
13.55,13.91,14.7459303380418,14.6191496985699,18.0987190977504,18.5820018403226,78.0685982512938,74.5972615791113,-0.0858261368690396,0,0,-0.0858261368690396,0,0
12.34,13.55,14.6038680513106,14.7459303380418,17.4566578003863,18.0987190977504,77.6708778686858,78.0685982512938,0.0855621893392779,0,0,0.0855621893392779,0,0
4.17,12.34,14.5188286578814,14.6038680513106,17.5306202346467,17.4566578003863,78.4259251959337,77.6708778686858,-0.0694924849490306,0,0,-0.0694924849490306,0,1
2.34,4.17,14.5616671895037,14.5188286578814,17.5455273600579,17.5306202346467,71.4571795158561,78.4259251959337,-0.0150522367082608,0,0,-0.0150522367082608,0,0
2.66,2.34,13.8078616831804,14.5616671895037,17.5707548718657,17.5455273600579,72.393337508905,71.4571795158561,0.757592946502786,0,0,0.757592946502786,1,-1
3.62,2.66,13.8307879960698,13.8078616831804,17.1428337951797,17.5707548718657,73.148469491248,72.393337508905,2.4972290169703,0,0,2.4972290169703,-1,1
3.88,3.62,13.4911668356448,13.8307879960698,16.9965710469427,17.1428337951797,75.014518523314,73.148469491248,-1.84168907065787,0,0,-1.84168907065787,1,-1
4.42,3.88,13.3437314018123,13.4911668356448,17.6094323003272,16.9965710469427,76.7865244868382,75.014518523314,0.850895361256956,0,0,0.850895361256956,0,0
5.12000000000001,4.42,13.2726188883998,13.3437314018123,19.6551113998922,17.6094323003272,77.8640583396619,76.7865244868382,-3.24247020059627,0,0,-3.24247020059627,-1,1
5.59,5.12000000000001,13.0542112192318,13.2726188883998,20.3910865423787,19.6551113998922,77.7438828418814,77.8640583396619,2.21008655524883,0,0,2.21008655524883,0,-1
6.95999999999999,5.59,13.0285739310558,13.0542112192318,22.5583336566141,20.3910865423787,77.9732460602533,77.7438828418814,-2.2378425154308,0,0,-2.2378425154308,1,0
7.45,6.95999999999999,13.1169176628883,13.0285739310558,21.8774446312458,22.5583336566141,76.8057968838002,77.9732460602533,1.51933748883128,0,0,1.51933748883128,-1,0
7.68000000000001,7.45,13.1851831925165,13.1169176628883,24.376499181912,21.8774446312458,77.5149821927671,76.8057968838002,-0.0387339306838328,0,0,-0.0387339306838328,0,0
8.77,7.68000000000001,13.068660451519,13.1851831925165,24.7218422824483,24.376499181912,77.4063857481168,77.5149821927671,-1.74209617894006,0,0,-1.74209617894006,0,1
8.66,8.77,12.9861534421899,13.068660451519,23.7729841382729,24.7218422824483,78.2907962684594,77.4063857481168,1.37820301786078,0,0,1.37820301786078,0,0
8.78,8.66,12.9921154024911,12.9861534421899,23.6180771650574,23.7729841382729,80.9613725034773,78.2907962684594,-0.147723243239266,0,0,-0.147723243239266,0,0
9.26000000000001,8.78,12.5590747337858,12.9921154024911,24.0464426690392,23.6180771650574,81.4548943296357,80.9613725034773,1.99752624521402,0,0,1.99752624521402,1,-1
9.64,9.26000000000001,12.6772325365446,12.5590747337858,24.6526966854009,24.0464426690392,82.0254601960731,81.4548943296357,-3.32207411321289,0,0,-3.32207411321289,-1,1
10.75,9.64,11.5879646969588,12.6772325365446,25.4554695339688,24.6526966854009,80.6924444212295,82.0254601960731,2.57929124483088,0,0,2.57929124483088,1,-1
11.44,10.75,11.5217428361993,11.5879646969588,26.5610301640876,25.4554695339688,80.6674285595188,80.6924444212295,1.37150917776396,0,0,1.37150917776396,0,0
10.98,11.44,11.5223946672284,11.5217428361993,26.9431268422519,26.5610301640876,78.7741492187784,80.6674285595188,-1.69837436785221,0,0,-1.69837436785221,0,-1
10.89,10.98,11.342038551214,11.5223946672284,28.1062580896485,26.9431268422519,75.0382213296507,78.7741492187784,-0.0926841374253904,0,0,-0.0926841374253904,-2,1
9.95,10.89,11.5049644670431,11.342038551214,29.4529692845201,28.1062580896485,73.2122068971053,75.0382213296507,0.0683155196827663,0,0,0.0683155196827663,1,-1
10.55,9.95,12.219812996601,11.5049644670431,29.639668064724,29.4529692845201,70.0058041621987,73.2122068971053,0.0971594068581645,0,0,0.0971594068581645,-1,1
11.04,10.55,12.2029792055901,12.219812996601,31.4919001175608,29.639668064724,70.8418533720329,70.0058041621987,0.167552665291165,0,0,0.167552665291165,2,0
10.17,11.04,12.4930396695862,12.2029792055901,33.696269208952,31.4919001175608,69.6583412705098,70.8418533720329,-0.199229542945385,0,0,-0.199229542945385,-1,1
10.86,10.17,12.7419496610167,12.4930396695862,34.2898520963275,33.696269208952,68.8508423505155,69.6583412705098,0.230801283085562,0,0,0.230801283085562,0,-1
10.92,10.86,12.6924533301376,12.7419496610167,32.4320345655359,34.2898520963275,66.2815215347826,68.8508423505155,-0.910546663580597,0,0,-0.910546663580597,0,0
10.48,10.92,12.7847043151939,12.6924533301376,30.7612625707921,32.4320345655359,65.4004549382024,66.2815215347826,-1.10175622401147,0,0,-1.10175622401147,1,0
9.56,10.48,13.1123944027728,12.7847043151939,30.6041823971304,30.7612625707921,65.4377402464254,65.4004549382024,1.65838241362351,0,0,1.65838241362351,-1,0
8.15000000000001,9.56,12.2736545319078,13.1123944027728,29.8769353234699,30.6041823971304,63.8656367170053,65.4377402464254,-0.694869746936615,0,0,-0.694869746936615,-1,0
6.47,8.15000000000001,12.2954830917913,12.2736545319078,28.164772626043,29.8769353234699,63.5742575592812,63.8656367170053,0.241865546751328,0,0,0.241865546751328,2,1
5.65000000000001,6.47,12.3188464984471,12.2954830917913,28.8179898279188,28.164772626043,63.2624754267984,63.5742575592812,0.47542100114168,0,0,0.47542100114168,-1,-1
5.26000000000001,0,13.667598725639,0,15.1395697115866,0,61.3725166825646,0,-0.233318385153751,-0.233318385153751,0,0,1,0
5.23999999999999,5.26000000000001,13.6454871274934,13.667598725639,14.862820908903,15.1395697115866,61.8840080457704,61.3725166825646,0.0463141473731241,0.0463141473731241,0,0,-1,0
5.14,5.23999999999999,13.6667448189553,13.6454871274934,14.9147852086314,14.862820908903,62.5870900287523,61.8840080457704,-0.35785203631988,-0.35785203631988,0,0,0,1
5.3,5.14,13.6091841202972,13.6667448189553,15.067659910252,14.9147852086314,63.2009108940772,62.5870900287523,-0.084639006412992,-0.084639006412992,0,0,0,-1
4.94,5.3,13.4232553351719,13.6091841202972,14.9575143947457,15.067659910252,63.2011374588974,63.2009108940772,0.224833048530936,0.224833048530936,0,0,0,0
4.75,4.94,13.6464123871929,13.4232553351719,14.8912105272379,14.9575143947457,64.163003145009,63.2011374588974,-0.0873685308722294,-0.0873685308722294,0,0,0,0
4.47,4.75,13.7530350821295,13.6464123871929,14.6545962706893,14.8912105272379,64.7981439049188,64.163003145009,-0.544289851517746,-0.544289851517746,0,0,1,0
4.08,4.47,13.872229601735,13.7530350821295,14.4652383057411,14.6545962706893,65.5233059727775,64.7981439049188,0.234458260675932,0.234458260675932,0,0,-1,0
4.09999999999999,4.08,13.7316836489174,13.872229601735,14.6071356126409,14.4652383057411,64.3218821825954,65.5233059727775,0.604131732419482,0.604131732419482,0,0,0,0
3.58,4.09999999999999,13.7330339929162,13.7316836489174,14.2612067468815,14.6071356126409,64.7702045471621,64.3218821825954,0.224298545394849,0.224298545394849,0,0,0,0
2.87,3.58,13.6487166552739,13.7330339929162,14.0273400936355,14.2612067468815,64.9661949895724,64.7702045471621,-0.172903457899903,-0.172903457899903,0,0,0,0
2.34,2.87,13.5935826105453,13.6487166552739,14.2380498079309,14.0273400936355,67.2706312608112,64.9661949895724,-0.295709351634354,-0.295709351634354,0,0,0,-1
2.20999999999999,2.34,13.6802355612697,13.5935826105453,14.2018683845206,14.2380498079309,67.4423250334557,67.2706312608112,-0.119794702308202,-0.119794702308202,0,0,-1,1
2.81999999999999,2.20999999999999,13.3635860958127,13.6802355612697,13.657022690788,14.2018683845206,68.3377664241345,67.4423250334557,0.292313451931442,0.292313451931442,0,0,1,0
3.75,2.81999999999999,14.1597122138409,13.3635860958127,14.031946227288,13.657022690788,66.0411979935502,68.3377664241345,-1.92325516729135,-1.92325516729135,0,0,0,0
3.51000000000001,3.75,14.1665898166203,14.1597122138409,14.0274168780057,14.031946227288,66.1845413734996,66.0411979935502,0.637065780499267,0.637065780499267,0,0,0,0
3.43000000000001,3.51000000000001,14.3215837442751,14.1665898166203,13.7422079408878,14.0274168780057,66.6846130096433,66.1845413734996,0.0708645063531286,0.0708645063531286,0,0,0,-1
3.37,3.43000000000001,14.2781655980604,14.3215837442751,13.4263782635926,13.7422079408878,65.7577321654609,66.6846130096433,-0.442791343315005,-0.442791343315005,0,0,-1,1
3.76000000000001,3.37,14.1972302047201,14.2781655980604,13.3669725721705,13.4263782635926,66.7754346924068,65.7577321654609,-0.122485714305558,-0.122485714305558,0,0,1,0
3.95999999999999,3.76000000000001,14.3319065670955,14.1972302047201,13.1496915793877,13.3669725721705,67.7454260522321,66.7754346924068,-0.34995749061331,-0.34995749061331,0,0,0,0
3.93000000000001,3.95999999999999,13.801755505826,14.3319065670955,12.878271778341,13.1496915793877,69.135090509576,67.7454260522321,4.79853379400944,4.79853379400944,0,0,0,0
4.59,3.93000000000001,13.9915334516163,13.801755505826,12.9155517514439,12.878271778341,69.2032748704774,69.135090509576,-3.14136377945639,-3.14136377945639,0,0,0,0
5.02,4.59,14.0090256539201,13.9915334516163,12.5541067575138,12.9155517514439,68.8482183644339,69.2032748704774,-0.558636367477391,-0.558636367477391,0,0,0,0
5.23,5.02,14.0235245765149,14.0090256539201,12.7277340675519,12.5541067575138,68.7936626353507,68.8482183644339,0.0136584634519359,0.0136584634519359,0,0,0,0
5.37000000000001,5.23,14.0166634644318,14.0235245765149,12.5660625433136,12.7277340675519,69.5642530631505,68.7936626353507,0.354806192694786,0.354806192694786,0,0,0,1
5.19,5.37000000000001,14.0787797568485,14.0166634644318,12.3975448759049,12.5660625433136,70.6119087406105,69.5642530631505,-0.525692826875712,-0.525692826875712,0,0,0,-1
5.12000000000001,5.19,14.1863260728729,14.0787797568485,12.3175515273436,12.3975448759049,72.9081685527745,70.6119087406105,0.853238759669049,0.853238759669049,0,0,0,0
5.98999999999999,5.12000000000001,13.6429563795597,14.1863260728729,12.5529858547145,12.3175515273436,73.9623683312391,72.9081685527745,0.223469131078785,0.223469131078785,0,0,1,1
6.69,5.98999999999999,14.0379653519314,13.6429563795597,12.6326161053968,12.5529858547145,75.3481164534825,73.9623683312391,-0.955130924869447,-0.955130924869447,0,0,-1,-1
6.86,6.69,13.8837986955519,14.0379653519314,12.7379750217357,12.6326161053968,76.6873528198719,75.3481164534825,0.0285164784650451,0.0285164784650451,0,0,0,0
6.94,6.86,13.8155912389561,13.8837986955519,12.6626902993819,12.7379750217357,77.8191370644561,76.6873528198719,0.496396877265354,0.496396877265354,0,0,1,0
7.62000000000001,6.94,13.8640031741845,13.8155912389561,12.6459788435766,12.6626902993819,78.5938515850536,77.8191370644561,-0.146076127954611,-0.146076127954611,0,0,-1,0
7.89,7.62000000000001,13.8873947536493,13.8640031741845,13.1172447540535,12.6459788435766,78.9634784885197,78.5938515850536,0.541858599931217,0.541858599931217,0,0,0,0
8.48,7.89,13.724420356247,13.8873947536493,13.2439549675273,13.1172447540535,79.1439741354965,78.9634784885197,-0.624837717399792,-0.624837717399792,0,0,0,0
8.70999999999999,8.48,13.718842892722,13.724420356247,13.1190844539402,13.2439549675273,79.7213392079377,79.1439741354965,5.29167397660498,5.29167397660498,0,0,0,-1
9.37,8.70999999999999,13.1649105124635,13.718842892722,13.6925149041497,13.1190844539402,79.0091503034972,79.7213392079377,-3.44916572281051,-3.44916572281051,0,0,-1,0
10.04,9.37,13.5440404857452,13.1649105124635,13.8140151694302,13.6925149041497,79.5600707697907,79.0091503034972,-2.73710325735289,-2.73710325735289,0,0,1,1
19.51,10.04,14.3764141891059,13.5440404857452,20.3218671726085,13.8140151694302,78.8308571735549,79.5600707697907,-1.87338904480528,-1.87338904480528,0,0,0,0
20.09,19.51,14.2664835430933,14.3764141891059,22.7450366024603,20.3218671726085,78.338198661145,78.8308571735549,2.73143325452513,2.73143325452513,0,0,0,0
18.76,20.09,14.3894535450607,14.2664835430933,21.5243954285286,22.7450366024603,77.1394522737337,78.338198661145,-0.724260211531156,-0.724260211531156,0,0,0,0
16.67,18.76,15.0245502530636,14.3894535450607,19.3556883884161,21.5243954285286,76.7239892478617,77.1394522737337,2.8657128594502,2.8657128594502,0,0,0,0
15.56,16.67,14.7849899217802,15.0245502530636,16.2904724646451,19.3556883884161,74.9791063693121,76.7239892478617,-0.506434658915303,-0.506434658915303,0,0,0,0
14.55,15.56,14.8127121745222,14.7849899217802,17.2889777183591,16.2904724646451,74.6585147542856,74.9791063693121,-0.921732476157693,-0.921732476157693,0,0,0,0
13.92,14.55,14.7878576625841,14.8127121745222,17.2811154815826,17.2889777183591,74.9551256135799,74.6585147542856,-0.176982568817097,-0.176982568817097,0,0,0,1
13.1,13.92,14.7184087161968,14.7878576625841,16.3748673644027,17.2811154815826,75.0854755650651,74.9551256135799,-0.00987692322549982,-0.00987692322549982,0,0,0,-1
11.72,13.1,14.9153370119853,14.7184087161968,16.2058203235619,16.3748673644027,75.2187049340166,75.0854755650651,-2.08697942896877,-2.08697942896877,0,0,1,0
11.26,11.72,14.6474551369667,14.9153370119853,16.6088795449667,16.2058203235619,75.3780487860103,75.2187049340166,1.48234527551285,1.48234527551285,0,0,-1,0
10.81,11.26,14.8077088579063,14.6474551369667,16.4651062551107,16.6088795449667,75.0396782383438,75.3780487860103,-0.0858261368690396,-0.0858261368690396,0,0,0,0
9.66,10.81,14.6432394808891,14.8077088579063,16.1612686456111,16.4651062551107,74.9149048035355,75.0396782383438,0.0855621893392779,0.0855621893392779,0,0,0,0
0.739999999999995,9.66,14.4464988195272,14.6432394808891,15.9644345521572,16.1612686456111,75.5470825731608,74.9149048035355,-0.0694924849490306,-0.0694924849490306,0,0,0,1
-0.620000000000005,0.739999999999995,14.3257048007331,14.4464988195272,15.7007297532913,15.9644345521572,76.5866827664302,75.5470825731608,-0.0150522367082608,-0.0150522367082608,0,0,0,0
-0.0600000000000023,-0.620000000000005,13.6901294338134,14.3257048007331,15.9404942761,15.7007297532913,77.2376716897113,76.5866827664302,0.757592946502786,0.757592946502786,0,0,1,-1
1.59,-0.0600000000000023,13.6988885686395,13.6901294338134,15.8476500212004,15.9404942761,78.0740958561799,77.2376716897113,2.4972290169703,2.4972290169703,0,0,-1,1
2.77,1.59,13.4037493146771,13.6988885686395,15.5178974866638,15.8476500212004,79.867893088137,78.0740958561799,-1.84168907065787,-1.84168907065787,0,0,1,-1
3.70999999999999,2.77,13.3110856503926,13.4037493146771,16.1693003873977,15.5178974866638,82.057957894499,79.867893088137,0.850895361256956,0.850895361256956,0,0,0,0
4.52,3.70999999999999,13.2346342526398,13.3110856503926,18.4645826211896,16.1693003873977,84.0339002483244,82.057957894499,-3.24247020059627,-3.24247020059627,0,0,-1,1
5.77,4.52,13.0582150384115,13.2346342526398,19.0850758198436,18.4645826211896,83.7896342448293,84.0339002483244,2.21008655524883,2.21008655524883,0,0,0,-1
6.94,5.77,13.0986239837677,13.0582150384115,19.5566148165303,19.0850758198436,84.3910288972789,83.7896342448293,-2.2378425154308,-2.2378425154308,0,0,1,0
6.87000000000001,6.94,13.116941893355,13.0986239837677,20.6706577022339,19.5566148165303,83.6943516567965,84.3910288972789,1.51933748883128,1.51933748883128,0,0,-1,0
7.05,6.87000000000001,13.1726478179246,13.116941893355,22.4710465557172,20.6706577022339,86.7411040744469,83.6943516567965,-0.0387339306838328,-0.0387339306838328,0,0,0,0
7.62000000000001,7.05,13.0621374633507,13.1726478179246,23.0755875091896,22.4710465557172,86.3000735649471,86.7411040744469,-1.74209617894006,-1.74209617894006,0,0,0,1
7.28,7.62000000000001,12.979988792901,13.0621374633507,22.5584363830092,23.0755875091896,86.0858033720227,86.3000735649471,1.37820301786078,1.37820301786078,0,0,0,0
7.69,7.28,12.9798090563607,12.979988792901,22.2346156973812,22.5584363830092,82.3474989403927,86.0858033720227,-0.147723243239266,-0.147723243239266,0,0,0,0
7.92,7.69,12.5498028207118,12.9798090563607,22.2896270977912,22.2346156973812,82.5723945240713,82.3474989403927,1.99752624521402,1.99752624521402,0,0,1,-1
8.01000000000001,7.92,12.636428609828,12.5498028207118,23.488308376723,22.2896270977912,84.1313372338581,82.5723945240713,-3.32207411321289,-3.32207411321289,0,0,-1,1
8.76000000000001,8.01000000000001,11.6952485764926,12.636428609828,23.3916363452515,23.488308376723,85.2248794344191,84.1313372338581,2.57929124483088,2.57929124483088,0,0,1,-1
8.83,8.76000000000001,11.6587642729938,11.6952485764926,25.0959176118689,23.3916363452515,85.1317653220791,85.2248794344191,1.37150917776396,1.37150917776396,0,0,0,0
7.98,8.83,11.6683874440284,11.6587642729938,24.9697409183684,25.0959176118689,84.2169162421749,85.1317653220791,-1.69837436785221,-1.69837436785221,0,0,0,-1
7.73,7.98,11.4930703490646,11.6683874440284,26.7099260753164,24.9697409183684,82.9764517444912,84.2169162421749,-0.0926841374253904,-0.0926841374253904,0,0,-2,1
8.22,7.73,11.6344934189424,11.4930703490646,28.3794361500202,26.7099260753164,80.1381014559493,82.9764517444912,0.0683155196827663,0.0683155196827663,0,0,1,-1
8.87,8.22,12.279084959216,11.6344934189424,28.8248869772451,28.3794361500202,77.5390288169831,80.1381014559493,0.0971594068581645,0.0971594068581645,0,0,-1,1
9.23999999999999,8.87,12.2654710934085,12.279084959216,29.3375265214876,28.8248869772451,78.8872974861604,77.5390288169831,0.167552665291165,0.167552665291165,0,0,2,0
9.47,9.23999999999999,12.5755224744341,12.2654710934085,31.5259373057235,29.3375265214876,77.7489265000684,78.8872974861604,-0.199229542945385,-0.199229542945385,0,0,-1,1
9.91,9.47,12.8589237624678,12.5755224744341,31.958283357281,31.5259373057235,77.2037855233731,77.7489265000684,0.230801283085562,0.230801283085562,0,0,0,-1
9.55,9.91,12.8150899337407,12.8589237624678,29.04620678022,31.958283357281,74.2267536552051,77.2037855233731,-0.910546663580597,-0.910546663580597,0,0,0,0
9.59999999999999,9.55,12.8945091513017,12.8150899337407,28.5435498073786,29.04620678022,73.7507012818679,74.2267536552051,-1.10175622401147,-1.10175622401147,0,0,1,0
9.22,9.59999999999999,13.320961716561,12.8945091513017,27.7643944120316,28.5435498073786,73.0018518691292,73.7507012818679,1.65838241362351,1.65838241362351,0,0,-1,0
8.58,9.22,12.5052060853708,13.320961716561,26.8980222538797,27.7643944120316,72.1231518865486,73.0018518691292,-0.694869746936615,-0.694869746936615,0,0,-1,0
8.03,8.58,12.5397047500799,12.5052060853708,26.3246299810293,26.8980222538797,72.5051425446452,72.1231518865486,0.241865546751328,0.241865546751328,0,0,2,1
8.23,8.03,12.5389605938639,12.5397047500799,25.1419468700796,26.3246299810293,72.5364163215124,72.5051425446452,0.47542100114168,0.47542100114168,0,0,-1,-1
6.48,0,13.4897237501569,0,15.5812494496349,0,47.4330137157616,0,-0.233318385153751,0,0,0,1,0
6.17,6.48,13.460812838263,13.4897237501569,15.5085465126907,15.5812494496349,48.3119275529381,47.4330137157616,0.0463141473731241,0,0,0,-1,0
6.37000000000001,6.17,13.4390775023308,13.460812838263,15.5848841447316,15.5085465126907,49.6554690854192,48.3119275529381,-0.35785203631988,0,0,0,0,1
6.51000000000001,6.37000000000001,13.3811215983108,13.4390775023308,15.6613948659068,15.5848841447316,50.9502171514923,49.6554690854192,-0.084639006412992,0,0,0,0,-1
6.12000000000001,6.51000000000001,13.1729818898849,13.3811215983108,15.4878442921804,15.6613948659068,51.8808446491208,50.9502171514923,0.224833048530936,0,0,0,0,0
6.05,6.12000000000001,13.3927095084831,13.1729818898849,15.463620280271,15.4878442921804,50.8760069028996,51.8808446491208,-0.0873685308722294,0,0,0,0,0
6.23,6.05,13.4792767309534,13.3927095084831,15.1778670821569,15.463620280271,52.1513312064312,50.8760069028996,-0.544289851517746,0,0,0,1,0
5.58,6.23,13.6793280724005,13.4792767309534,14.9053475368409,15.1778670821569,53.0650286947842,52.1513312064312,0.234458260675932,0,0,0,-1,0
4.87999999999999,5.58,13.5922516900443,13.6793280724005,15.3881080687965,14.9053475368409,54.689123100525,53.0650286947842,0.604131732419482,0,0,0,0,0
4.81,4.87999999999999,13.5698630405119,13.5922516900443,14.9926854344998,15.3881080687965,55.2900667430721,54.689123100525,0.224298545394849,0,0,0,0,0
4.12999999999999,4.81,13.475114742991,13.5698630405119,14.6914281381083,14.9926854344998,55.503871459457,55.2900667430721,-0.172903457899903,0,0,0,0,0
3.98999999999999,4.12999999999999,13.4665197853814,13.475114742991,14.838418933862,14.6914281381083,57.1709237205536,55.503871459457,-0.295709351634354,0,0,0,0,-1
3.59,3.98999999999999,13.5344628130584,13.4665197853814,14.6400977882864,14.838418933862,57.6669998666896,57.1709237205536,-0.119794702308202,0,0,0,-1,1
3.65000000000001,3.59,13.2908682666206,13.5344628130584,14.2010334370797,14.6400977882864,58.3573603276234,57.6669998666896,0.292313451931442,0,0,0,1,0
4.04000000000001,3.65000000000001,14.0834786117178,13.2908682666206,14.197113470257,14.2010334370797,57.6366604879806,58.3573603276234,-1.92325516729135,0,0,0,0,0
4,4.04000000000001,14.0478217274466,14.0834786117178,14.1449544591576,14.197113470257,57.232525701788,57.6366604879806,0.637065780499267,0,0,0,0,0
4.41,4,14.1900085308805,14.0478217274466,13.987263814311,14.1449544591576,57.4532818445051,57.232525701788,0.0708645063531286,0,0,0,0,-1
4.98999999999999,4.41,14.1388332074873,14.1900085308805,13.7716780250755,13.987263814311,57.3919370914489,57.4532818445051,-0.442791343315005,0,0,0,-1,1
4.94,4.98999999999999,14.0072921287195,14.1388332074873,13.6930865462921,13.7716780250755,58.5388593582548,57.3919370914489,-0.122485714305558,0,0,0,1,0
5.08,4.94,14.2434263443905,14.0072921287195,13.6801753363503,13.6930865462921,59.5098292859303,58.5388593582548,-0.34995749061331,0,0,0,0,0
5.22,5.08,13.6460221707818,14.2434263443905,13.4992352119319,13.6801753363503,60.0163202822117,59.5098292859303,4.79853379400944,0,0,0,0,0
5.34,5.22,13.7937136268191,13.6460221707818,13.4464000975806,13.4992352119319,60.5543265540547,60.0163202822117,-3.14136377945639,0,0,0,0,0
5.98,5.34,13.8530217338076,13.7937136268191,13.2886564956122,13.4464000975806,60.6163243701862,60.5543265540547,-0.558636367477391,0,0,0,0,0
5.65000000000001,5.98,13.8464777553614,13.8530217338076,13.0648499352412,13.2886564956122,61.4165436256812,60.6163243701862,0.0136584634519359,0,0,0,0,0
5.89,5.65000000000001,13.8132463007021,13.8464777553614,12.9914159455226,13.0648499352412,62.0565511207042,61.4165436256812,0.354806192694786,0,0,0,0,1
6.02,5.89,13.9305630159695,13.8132463007021,12.8497883640274,12.9914159455226,63.2545708539503,62.0565511207042,-0.525692826875712,0,0,0,0,-1
6.17,6.02,14.0729776878756,13.9305630159695,12.6248016871396,12.8497883640274,63.6695543274223,63.2545708539503,0.853238759669049,0,0,0,0,0
6.62000000000001,6.17,13.4374770030717,14.0729776878756,12.9572806215228,12.6248016871396,65.2962789060359,63.6695543274223,0.223469131078785,0,0,0,1,1
7.03,6.62000000000001,13.8864144914485,13.4374770030717,12.950804344488,12.9572806215228,66.7287917386496,65.2962789060359,-0.955130924869447,0,0,0,-1,-1
6.75,7.03,13.6907665572224,13.8864144914485,13.0655280815116,12.950804344488,67.5653570055425,66.7287917386496,0.0285164784650451,0,0,0,0,0
7.25,6.75,13.6201331538045,13.6907665572224,13.1959257062775,13.0655280815116,68.7456032276129,67.5653570055425,0.496396877265354,0,0,0,1,0
7.89,7.25,13.7629198523802,13.6201331538045,13.1009192068755,13.1959257062775,69.4452926958157,68.7456032276129,-0.146076127954611,0,0,0,-1,0
8.72,7.89,13.6561173029579,13.7629198523802,13.6252782359169,13.1009192068755,70.4153501840397,69.4452926958157,0.541858599931217,0,0,0,0,0
9.36,8.72,13.5190854481696,13.6561173029579,13.5926616213183,13.6252782359169,70.5289205163188,70.4153501840397,-0.624837717399792,0,0,0,0,0
9.42,9.36,13.4950332940841,13.5190854481696,13.7610493807277,13.5926616213183,70.5677723757268,70.5289205163188,5.29167397660498,0,0,0,0,-1
10.42,9.42,12.9441305016553,13.4950332940841,13.9051644879861,13.7610493807277,74.0811381106895,70.5677723757268,-3.44916572281051,0,0,0,-1,0
11.21,10.42,13.3323649942331,12.9441305016553,13.9188861643346,13.9051644879861,74.6369801245123,74.0811381106895,-2.73710325735289,0,0,0,1,1
20.37,11.21,14.1652288758836,13.3323649942331,19.1650647854324,13.9188861643346,73.8744494883727,74.6369801245123,-1.87338904480528,0,0,0,0,0
19.97,20.37,14.0067108674294,14.1652288758836,21.4517064831312,19.1650647854324,71.4106219367738,73.8744494883727,2.73143325452513,0,0,0,0,0
18.8,19.97,14.064266464644,14.0067108674294,20.2301559087363,21.4517064831312,70.0402961185535,71.4106219367738,-0.724260211531156,0,0,0,0,0
17.14,18.8,14.6692319037244,14.064266464644,18.9541835662188,20.2301559087363,69.2642529445441,70.0402961185535,2.8657128594502,0,0,0,0,0
16.55,17.14,14.3980359631387,14.6692319037244,16.5574320610072,18.9541835662188,67.4851268709987,69.2642529445441,-0.506434658915303,0,0,0,0,0
15,16.55,14.4242529793058,14.3980359631387,16.2745411468584,16.5574320610072,67.4998896407421,67.4851268709987,-0.921732476157693,0,0,0,0,0
14.9,15,14.3793421092007,14.4242529793058,16.227043933844,16.2745411468584,67.7942767159527,67.4998896407421,-0.176982568817097,0,0,0,0,1
14.01,14.9,14.2403697050389,14.3793421092007,15.9035447130049,16.227043933844,68.5403006400926,67.7942767159527,-0.00987692322549982,0,0,0,0,-1
12.57,14.01,14.4815351708809,14.2403697050389,16.8810192662674,15.9035447130049,68.6836276916963,68.5403006400926,-2.08697942896877,0,0,0,1,0
12.59,12.57,14.2499714257884,14.4815351708809,16.9708374690854,16.8810192662674,67.5947235380821,68.6836276916963,1.48234527551285,0,0,0,-1,0
11.95,12.59,14.3806772512501,14.2499714257884,16.9917135297816,16.9708374690854,69.4337465988525,67.5947235380821,-0.0858261368690396,0,0,0,0,0
10.8,11.95,14.2215858816759,14.3806772512501,16.9546211738311,16.9917135297816,69.1960997964607,69.4337465988525,0.0855621893392779,0,0,0,0,0
2.22,10.8,14.0450324899044,14.2215858816759,16.5472745544596,16.9546211738311,69.705430102697,69.1960997964607,-0.0694924849490306,0,0,0,0,1
2.29000000000001,2.22,13.9363203636458,14.0450324899044,16.3362510277566,16.5472745544596,68.1418190504195,69.705430102697,-0.0150522367082608,0,0,0,0,0
2.2,2.29000000000001,13.251317703236,13.9363203636458,16.7407286338115,16.3362510277566,68.7612060078828,68.1418190504195,0.757592946502786,0,0,0,1,-1
2.84,2.2,13.2620834802128,13.251317703236,16.7071838516602,16.7407286338115,69.673445154703,68.7612060078828,2.4972290169703,0,0,0,-1,1
4.41,2.84,12.969037207204,13.2620834802128,16.3309081281259,16.7071838516602,67.5958051946921,69.673445154703,-1.84168907065787,0,0,0,1,-1
5.66,4.41,12.8323246038561,12.969037207204,17.0175344703916,16.3309081281259,69.383189536858,67.5958051946921,0.850895361256956,0,0,0,0,0
7,5.66,12.7764697626846,12.8323246038561,18.7079930682207,17.0175344703916,70.6226418182172,69.383189536858,-3.24247020059627,0,0,0,-1,1
8.08,7,12.5830386729209,12.7764697626846,19.363736291933,18.7079930682207,71.6297611205149,70.6226418182172,2.21008655524883,0,0,0,0,-1
9.51000000000001,8.08,12.643715797184,12.5830386729209,20.1182969202451,19.363736291933,72.1895923291058,71.6297611205149,-2.2378425154308,0,0,0,1,0
8.89,9.51000000000001,12.7195429544729,12.643715797184,20.5614732791434,20.1182969202451,71.4446731930339,72.1895923291058,1.51933748883128,0,0,0,-1,0
9.34999999999999,8.89,12.8195157210663,12.7195429544729,23.2926544815476,20.5614732791434,76.1453675484362,71.4446731930339,-0.0387339306838328,0,0,0,0,0
9.72,9.34999999999999,12.7218045848103,12.8195157210663,24.2832509214087,23.2926544815476,75.9376496105616,76.1453675484362,-1.74209617894006,0,0,0,0,1
9.62,9.72,12.6378710262604,12.7218045848103,23.2839317395666,24.2832509214087,76.278559654691,75.9376496105616,1.37820301786078,0,0,0,0,0
9.41,9.62,12.6377799797599,12.6378710262604,23.2504472455374,23.2839317395666,72.0125357035477,76.278559654691,-0.147723243239266,0,0,0,0,0
10.86,9.41,12.2740791358339,12.6377799797599,23.3567871804925,23.2504472455374,72.4104140449044,72.0125357035477,1.99752624521402,0,0,0,1,-1
10.89,10.86,12.3901043069384,12.2740791358339,24.0711450224614,23.3567871804925,73.3955995768757,72.4104140449044,-3.32207411321289,0,0,0,-1,1
10.83,10.89,11.3656946632923,12.3901043069384,24.1891316575047,24.0711450224614,75.0538980002276,73.3955995768757,2.57929124483088,0,0,0,1,-1
10.39,10.83,11.3119871902548,11.3656946632923,25.5510876060091,24.1891316575047,75.6047673850524,75.0538980002276,1.37150917776396,0,0,0,0,0
9.17,10.39,11.2934757409747,11.3119871902548,25.4731732552436,25.5510876060091,75.546569779257,75.6047673850524,-1.69837436785221,0,0,0,0,-1
9.09999999999999,9.17,11.1362065941441,11.2934757409747,27.1799072749946,25.4731732552436,73.3642842466542,75.546569779257,-0.0926841374253904,0,0,0,-2,1
9.16,9.09999999999999,11.3158711957493,11.1362065941441,40.644515474256,27.1799072749946,70.4124614762662,73.3642842466542,0.0683155196827663,0,0,0,1,-1
10.53,9.16,12.029135833195,11.3158711957493,-8.1700815511991,40.644515474256,68.7269417101652,70.4124614762662,0.0971594068581645,0,0,0,-1,1
10.24,10.53,12.0456715897897,12.029135833195,31.4521152722202,-8.1700815511991,67.2622780727888,68.7269417101652,0.167552665291165,0,0,0,2,0
10.41,10.24,12.3430658921102,12.0456715897897,32.2862394101627,31.4521152722202,66.8396080922215,67.2622780727888,-0.199229542945385,0,0,0,-1,1
11.05,10.41,12.623004080596,12.3430658921102,32.8252608963565,32.2862394101627,66.6359058870459,66.8396080922215,0.230801283085562,0,0,0,0,-1
11.35,11.05,12.5812982322816,12.623004080596,31.5950178009628,32.8252608963565,64.1282613294813,66.6359058870459,-0.910546663580597,0,0,0,0,0
10.85,11.35,12.7009035788224,12.5812982322816,31.9748031302866,31.5950178009628,64.0887047129294,64.1282613294813,-1.10175622401147,0,0,0,1,0
10.87,10.85,13.0813312757416,12.7009035788224,30.4409203613112,31.9748031302866,63.7809531883245,64.0887047129294,1.65838241362351,0,0,0,-1,0
10.73,10.87,12.2245047837175,13.0813312757416,30.0993462427303,30.4409203613112,63.3721264355774,63.7809531883245,-0.694869746936615,0,0,0,-1,0
10.49,10.73,12.2610997164532,12.2245047837175,29.8713509907535,30.0993462427303,63.7376535589539,63.3721264355774,0.241865546751328,0,0,0,2,1
10.42,10.49,12.3196699792975,12.2610997164532,28.1809427910369,29.8713509907535,63.6577704374739,63.7376535589539,0.47542100114168,0,0,0,-1,-1
4.70999999999999,0,14.1127180770367,0,16.2226207925549,0,79.9820549727164,0,-0.233318385153751,0,0,-0.233318385153751,1,0
4.59999999999999,4.70999999999999,14.0279291869057,14.1127180770367,16.0794253060281,16.2226207925549,80.9162245942856,79.9820549727164,0.0463141473731241,0,0,0.0463141473731241,-1,0
4.69,4.59999999999999,13.9725511103072,14.0279291869057,15.9923655019352,16.0794253060281,81.1737458950468,80.9162245942856,-0.35785203631988,0,0,-0.35785203631988,0,1
5.97,4.69,13.9007749594258,13.9725511103072,15.9934326400463,15.9923655019352,82.1758458457861,81.1737458950468,-0.084639006412992,0,0,-0.084639006412992,0,-1
5.48,5.97,13.697396003004,13.9007749594258,15.5226085217145,15.9934326400463,83.1694114755321,82.1758458457861,0.224833048530936,0,0,0.224833048530936,0,0
4.87000000000001,5.48,13.966878536047,13.697396003004,15.7003318125501,15.5226085217145,83.671828094342,83.1694114755321,-0.0873685308722294,0,0,-0.0873685308722294,0,0
5.19,4.87000000000001,14.0741127918027,13.966878536047,15.3446691383465,15.7003318125501,84.7892561799475,83.671828094342,-0.544289851517746,0,0,-0.544289851517746,1,0
4.69,5.19,14.2306534020195,14.0741127918027,15.3638906296188,15.3446691383465,86.0955679540222,84.7892561799475,0.234458260675932,0,0,0.234458260675932,-1,0
4.48999999999999,4.69,14.0771902417743,14.2306534020195,15.6742228308381,15.3638906296188,89.9246308426916,86.0955679540222,0.604131732419482,0,0,0.604131732419482,0,0
4.09,4.48999999999999,14.1234404445539,14.0771902417743,14.9616612175425,15.6742228308381,90.7578674428,89.9246308426916,0.224298545394849,0,0,0.224298545394849,0,0
3.29000000000001,4.09,14.0269392388752,14.1234404445539,14.757174238262,14.9616612175425,90.2806788430231,90.7578674428,-0.172903457899903,0,0,-0.172903457899903,0,0
2.70999999999999,3.29000000000001,13.9268009342259,14.0269392388752,14.9075940165313,14.757174238262,86.5095150496594,90.2806788430231,-0.295709351634354,0,0,-0.295709351634354,0,-1
2.23999999999999,2.70999999999999,14.0795201022161,13.9268009342259,15.0680229665627,14.9075940165313,86.6629453480838,86.5095150496594,-0.119794702308202,0,0,-0.119794702308202,-1,1
2.63,2.23999999999999,13.7494932208189,14.0795201022161,14.9051492210627,15.0680229665627,87.1642445191302,86.6629453480838,0.292313451931442,0,0,0.292313451931442,1,0
3.84,2.63,14.7057240466118,13.7494932208189,15.2371766968106,14.9051492210627,85.9532203243718,87.1642445191302,-1.92325516729135,0,0,-1.92325516729135,0,0
3.41,3.84,14.7108571359897,14.7057240466118,14.5916200331621,15.2371766968106,84.2974591404608,85.9532203243718,0.637065780499267,0,0,0.637065780499267,0,0
3.84,3.41,14.8973306562361,14.7108571359897,14.6764138526419,14.5916200331621,84.0010044319023,84.2974591404608,0.0708645063531286,0,0,0.0708645063531286,0,-1
4.34,3.84,14.8685991734808,14.8973306562361,13.9962877641871,14.6764138526419,83.7801644847628,84.0010044319023,-0.442791343315005,0,0,-0.442791343315005,-1,1
4.06999999999999,4.34,14.7155633080095,14.8685991734808,13.9591570343548,13.9962877641871,84.8105055081293,83.7801644847628,-0.122485714305558,0,0,-0.122485714305558,1,0
4.17,4.06999999999999,14.973431923679,14.7155633080095,14.0532015521859,13.9591570343548,85.6905830205666,84.8105055081293,-0.34995749061331,0,0,-0.34995749061331,0,0
5.06999999999999,4.17,14.3291428279024,14.973431923679,13.3391120873676,14.0532015521859,86.3324003530992,85.6905830205666,4.79853379400944,0,0,4.79853379400944,0,0
5.81,5.06999999999999,14.525064027729,14.3291428279024,13.7239871762609,13.3391120873676,86.8968924454729,86.3324003530992,-3.14136377945639,0,0,-3.14136377945639,0,0
6.34,5.81,14.5004347132454,14.525064027729,13.7873937307327,13.7239871762609,87.3523416849738,86.8968924454729,-0.558636367477391,0,0,-0.558636367477391,0,0
6.65000000000001,6.34,14.5430970720813,14.5004347132454,14.3994952538657,13.7873937307327,88.2580507563374,87.3523416849738,0.0136584634519359,0,0,0.0136584634519359,0,0
7.73,6.65000000000001,14.5235742084361,14.5430970720813,13.9957090368557,14.3994952538657,88.3171918544258,88.2580507563374,0.354806192694786,0,0,0.354806192694786,0,1
7.92,7.73,14.5733375826073,14.5235742084361,13.8391773085552,13.9957090368557,88.9564198446258,88.3171918544258,-0.525692826875712,0,0,-0.525692826875712,0,-1
7.43000000000001,7.92,14.7703527761632,14.5733375826073,13.348753493783,13.8391773085552,90.1721672034049,88.9564198446258,0.853238759669049,0,0,0.853238759669049,0,0
8.12,7.43000000000001,14.0501758183681,14.7703527761632,13.8534983037091,13.348753493783,92.0417150524306,90.1721672034049,0.223469131078785,0,0,0.223469131078785,1,1
8.14,8.12,14.4430860865061,14.0501758183681,13.7423223809767,13.8534983037091,94.3611592615833,92.0417150524306,-0.955130924869447,0,0,-0.955130924869447,-1,-1
8.39,8.14,14.3054232306143,14.4430860865061,13.9135197636183,13.7423223809767,96.9400396095686,94.3611592615833,0.0285164784650451,0,0,0.0285164784650451,0,0
9.09,8.39,14.1539707501429,14.3054232306143,13.5247901219861,13.9135197636183,99.1950455020132,96.9400396095686,0.496396877265354,0,0,0.496396877265354,1,0
10.76,9.09,14.2760025276431,14.1539707501429,13.8566080396781,13.5247901219861,100.929261575809,99.1950455020132,-0.146076127954611,0,0,-0.146076127954611,-1,0
11.41,10.76,14.1626869380492,14.2760025276431,14.2162771102738,13.8566080396781,101.623869170898,100.929261575809,0.541858599931217,0,0,0.541858599931217,0,0
11.72,11.41,14.0687285308775,14.1626869380492,14.1176831771392,14.2162771102738,102.617736550812,101.623869170898,-0.624837717399792,0,0,-0.624837717399792,0,0
11.5,11.72,14.0679724541187,14.0687285308775,14.3989788263292,14.1176831771392,103.531919236363,102.617736550812,5.29167397660498,0,0,5.29167397660498,0,-1
12.25,11.5,13.5183193131071,14.0679724541187,14.8270583829679,14.3989788263292,106.880796353854,103.531919236363,-3.44916572281051,0,0,-3.44916572281051,-1,0
11.81,12.25,13.788287158777,13.5183193131071,15.6867825923091,14.8270583829679,108.647803419564,106.880796353854,-2.73710325735289,0,0,-2.73710325735289,1,1
19.48,11.81,14.7724807898951,13.788287158777,37.2973234570896,15.6867825923091,108.681801638919,108.647803419564,-1.87338904480528,0,0,-1.87338904480528,0,0
19.24,19.48,14.7421718218604,14.7724807898951,26.7191483348475,37.2973234570896,105.598050634975,108.681801638919,2.73143325452513,0,0,2.73143325452513,0,0
17.62,19.24,14.8475156848412,14.7421718218604,28.7114885640491,26.7191483348475,104.234717261756,105.598050634975,-0.724260211531156,0,0,-0.724260211531156,0,0
15.98,17.62,15.5481720537061,14.8475156848412,22.3853280985177,28.7114885640491,103.068248333778,104.234717261756,2.8657128594502,0,0,2.8657128594502,0,0
15.59,15.98,15.2556160145287,15.5481720537061,20.8937854379382,22.3853280985177,100.855823073431,103.068248333778,-0.506434658915303,0,0,-0.506434658915303,0,0
13.78,15.59,15.2419003546266,15.2556160145287,19.0761499494444,20.8937854379382,100.971468347643,100.855823073431,-0.921732476157693,0,0,-0.921732476157693,0,0
12.65,13.78,15.1511654667851,15.2419003546266,19.3366160124943,19.0761499494444,102.861410723994,100.971468347643,-0.176982568817097,0,0,-0.176982568817097,0,1
11.42,12.65,15.040333880102,15.1511654667851,18.2503488834002,19.3366160124943,105.434173224052,102.861410723994,-0.00987692322549982,0,0,-0.00987692322549982,0,-1
10.02,11.42,15.2179602025068,15.040333880102,18.4573011770611,18.2503488834002,106.556065288889,105.434173224052,-2.08697942896877,0,0,-2.08697942896877,1,0
9.38,10.02,14.9384508483064,15.2179602025068,22.296817153688,18.4573011770611,108.278384953548,106.556065288889,1.48234527551285,0,0,1.48234527551285,-1,0
8.56,9.38,15.1116138217425,14.9384508483064,17.6514911454566,22.296817153688,108.311579523024,108.278384953548,-0.0858261368690396,0,0,-0.0858261368690396,0,0
9.40000000000001,8.56,14.8787300955206,15.1116138217425,17.3630484734511,17.6514911454566,108.402298531066,108.311579523024,0.0855621893392779,0,0,0.0855621893392779,0,0
1.77,9.40000000000001,14.8055745701599,14.8787300955206,17.5659113091625,17.3630484734511,109.526657560357,108.402298531066,-0.0694924849490306,0,0,-0.0694924849490306,0,1
1.11,1.77,14.6480369191728,14.8055745701599,18.1082539019934,17.5659113091625,111.137422506766,109.526657560357,-0.0150522367082608,0,0,-0.0150522367082608,0,0
1.16,1.11,13.937419773372,14.6480369191728,17.334380986421,18.1082539019934,112.367957049979,111.137422506766,0.757592946502786,0,0,0.757592946502786,1,-1
1.98,1.16,13.9075362285051,13.937419773372,18.2532801566359,17.334380986421,114.704955773475,112.367957049979,2.4972290169703,0,0,2.4972290169703,-1,1
2.56,1.98,13.579947355455,13.9075362285051,17.3455641241812,18.2532801566359,116.656879240435,114.704955773475,-1.84168907065787,0,0,-1.84168907065787,1,-1
3.83,2.56,13.4361036294198,13.579947355455,17.7674875868501,17.3455641241812,121.118738368003,116.656879240435,0.850895361256956,0,0,0.850895361256956,0,0
4.26000000000001,3.83,13.3548112265436,13.4361036294198,20.7516031282249,17.7674875868501,125.581453208006,121.118738368003,-3.24247020059627,0,0,-3.24247020059627,-1,1
4.75,4.26000000000001,13.0908342448009,13.3548112265436,20.3955652682054,20.7516031282249,128.73223790917,125.581453208006,2.21008655524883,0,0,2.21008655524883,0,-1
5.48,4.75,13.0229162331147,13.0908342448009,19.6833928972608,20.3955652682054,131.6013965876,128.73223790917,-2.2378425154308,0,0,-2.2378425154308,1,0
6.61,5.48,13.0871008942208,13.0229162331147,21.4376886997621,19.6833928972608,131.878822064002,131.6013965876,1.51933748883128,0,0,1.51933748883128,-1,0
6.92,6.61,13.1158016961055,13.0871008942208,22.5766383726671,21.4376886997621,131.664931450566,131.878822064002,-0.0387339306838328,0,0,-0.0387339306838328,0,0
6.48999999999999,6.92,12.9849568133014,13.1158016961055,22.8399689999675,22.5766383726671,131.582323797567,131.664931450566,-1.74209617894006,0,0,-1.74209617894006,0,1
6.39,6.48999999999999,12.8777575191281,12.9849568133014,23.3520933097508,22.8399689999675,132.975936849638,131.582323797567,1.37820301786078,0,0,1.37820301786078,0,0
6.72,6.39,12.8494265941225,12.8777575191281,23.0644292863725,23.3520933097508,133.090889101454,132.975936849638,-0.147723243239266,0,0,-0.147723243239266,0,0
7.5,6.72,12.4634278083531,12.8494265941225,23.1458973392673,23.0644292863725,134.097348660335,133.090889101454,1.99752624521402,0,0,1.99752624521402,1,-1
8.16,7.5,12.5259295648357,12.4634278083531,24.1135972755491,23.1458973392673,136.723468963645,134.097348660335,-3.32207411321289,0,0,-3.32207411321289,-1,1
9.38,8.16,11.536011827714,12.5259295648357,23.8049334034296,24.1135972755491,135.256163998365,136.723468963645,2.57929124483088,0,0,2.57929124483088,1,-1
9.98,9.38,11.5096912924643,11.536011827714,24.6717395262854,23.8049334034296,136.446504743681,135.256163998365,1.37150917776396,0,0,1.37150917776396,0,0
9.20999999999999,9.98,11.4895151805561,11.5096912924643,24.7466849584304,24.6717395262854,135.068649714316,136.446504743681,-1.69837436785221,0,0,-1.69837436785221,0,-1
9.17,9.20999999999999,11.3173544447123,11.4895151805561,27.3142772151836,24.7466849584304,130.935728190755,135.068649714316,-0.0926841374253904,0,0,-0.0926841374253904,-2,1
9.78,9.17,11.4676093837569,11.3173544447123,27.1430330220308,27.3142772151836,124.080672707974,130.935728190755,0.0683155196827663,0,0,0.0683155196827663,1,-1
10.26,9.78,12.1343858145548,11.4676093837569,30.094912114322,27.1430330220308,120.52734784555,124.080672707974,0.0971594068581645,0,0,0.0971594068581645,-1,1
10.3,10.26,12.1343808261643,12.1343858145548,29.2899589623143,30.094912114322,117.934061964431,120.52734784555,0.167552665291165,0,0,0.167552665291165,2,0
10.39,10.3,12.4218811502289,12.1343808261643,32.6283038729714,29.2899589623143,116.711903905903,117.934061964431,-0.199229542945385,0,0,-0.199229542945385,-1,1
10.61,10.39,12.7034767299818,12.4218811502289,30.923952610836,32.6283038729714,116.477016496637,116.711903905903,0.230801283085562,0,0,0.230801283085562,0,-1
10.3,10.61,12.6395398666401,12.7034767299818,31.0392796770701,30.923952610836,118.578619914001,116.477016496637,-0.910546663580597,0,0,-0.910546663580597,0,0
9.58,10.3,12.6895283268641,12.6395398666401,30.2832549559639,31.0392796770701,118.046349075572,118.578619914001,-1.10175622401147,0,0,-1.10175622401147,1,0
9.06999999999999,9.58,13.0717544759223,12.6895283268641,28.8595334782731,30.2832549559639,117.374348693424,118.046349075572,1.65838241362351,0,0,1.65838241362351,-1,0
8,9.06999999999999,12.2440085396357,13.0717544759223,30.0011651649203,28.8595334782731,117.671262121024,117.374348693424,-0.694869746936615,0,0,-0.694869746936615,-1,0
7.17,8,12.2638063648338,12.2440085396357,27.6586785700507,30.0011651649203,118.290349095724,117.671262121024,0.241865546751328,0,0,0.241865546751328,2,1
7.62000000000001,7.17,12.2843796627561,12.2638063648338,25.952178783715,27.6586785700507,118.456879413134,118.290349095724,0.47542100114168,0,0,0.47542100114168,-1,-1
5.51000000000001,0,13.6351603311566,0,14.7623457118063,0,60.6229796982165,0,-0.233318385153751,0,0,0,1,0
5.37999999999999,5.51000000000001,13.7101218835214,13.6351603311566,14.6652424642714,14.7623457118063,60.8042604187374,60.6229796982165,0.0463141473731241,0,0,0,-1,0
5.23,5.37999999999999,13.5755199038176,13.7101218835214,14.8711684960565,14.6652424642714,61.7524393402812,60.8042604187374,-0.35785203631988,0,0,0,0,1
4.73,5.23,13.557412914185,13.5755199038176,15.1889799324268,14.8711684960565,61.9427672249422,61.7524393402812,-0.084639006412992,0,0,0,0,-1
4.19,4.73,13.2636710042506,13.557412914185,14.9068296402263,15.1889799324268,62.1750617832641,61.9427672249422,0.224833048530936,0,0,0,0,0
4.26000000000001,4.19,13.5173918756581,13.2636710042506,14.8526315784511,14.9068296402263,62.9816741764427,62.1750617832641,-0.0873685308722294,0,0,0,0,0
4.04000000000001,4.26000000000001,13.5964618498871,13.5173918756581,14.4412424314008,14.8526315784511,63.6295807761434,62.9816741764427,-0.544289851517746,0,0,0,1,0
3.64,4.04000000000001,13.7620359416888,13.5964618498871,14.2224137846589,14.4412424314008,64.4241273146272,63.6295807761434,0.234458260675932,0,0,0,-1,0
3.59999999999999,3.64,13.699243916711,13.7620359416888,14.5558475944869,14.2224137846589,63.5863835742618,64.4241273146272,0.604131732419482,0,0,0,0,0
3.34999999999999,3.59999999999999,13.7173206968734,13.699243916711,14.1729568770018,14.5558475944869,63.9843359778565,63.5863835742618,0.224298545394849,0,0,0,0,0
2.78,3.34999999999999,13.6111236990153,13.7173206968734,14.0324177976773,14.1729568770018,63.9532564391801,63.9843359778565,-0.172903457899903,0,0,0,0,0
2.20999999999999,2.78,13.5497741340042,13.6111236990153,14.220753698627,14.0324177976773,67.1376754585894,63.9532564391801,-0.295709351634354,0,0,0,0,-1
2.33,2.20999999999999,13.687221123286,13.5497741340042,14.177668732324,14.220753698627,67.2973766870709,67.1376754585894,-0.119794702308202,0,0,0,-1,1
2.69,2.33,13.4074675681575,13.687221123286,13.7388856080136,14.177668732324,67.6295046777155,67.2973766870709,0.292313451931442,0,0,0,1,0
3.23,2.69,14.2951206577128,13.4074675681575,13.8590089506223,13.7388856080136,65.4564851910868,67.6295046777155,-1.92325516729135,0,0,0,0,0
3.27,3.23,14.2404839570872,14.2951206577128,13.7097952537129,13.8590089506223,65.5901891659569,65.4564851910868,0.637065780499267,0,0,0,0,0
3.55,3.27,14.4148656804378,14.2404839570872,13.6295084877294,13.7097952537129,65.8801456532971,65.5901891659569,0.0708645063531286,0,0,0,0,-1
4.20999999999999,3.55,14.3499410115348,14.4148656804378,13.3108624695435,13.6295084877294,65.6032762087324,65.8801456532971,-0.442791343315005,0,0,0,-1,1
4.37000000000001,4.20999999999999,14.1999049045685,14.3499410115348,13.229062131384,13.3108624695435,66.3340507058355,65.6032762087324,-0.122485714305558,0,0,0,1,0
4.67,4.37000000000001,14.4010604192816,14.1999049045685,13.0583993590581,13.229062131384,67.0730167074254,66.3340507058355,-0.34995749061331,0,0,0,0,0
5.09,4.67,13.7532913190943,14.4010604192816,12.8265606580375,13.0583993590581,70.2022012748813,67.0730167074254,4.79853379400944,0,0,0,0,0
5.45999999999999,5.09,13.9430897199128,13.7532913190943,13.0523693132295,12.8265606580375,69.9761981262905,70.2022012748813,-3.14136377945639,0,0,0,0,0
6.06,5.45999999999999,13.9852881628319,13.9430897199128,12.9150346195894,13.0523693132295,69.9314271516586,69.9761981262905,-0.558636367477391,0,0,0,0,0
6.25,6.06,14.0010109518963,13.9852881628319,12.7447640456861,12.9150346195894,70.6198915563326,69.9314271516586,0.0136584634519359,0,0,0,0,0
6.89,6.25,13.9775604734058,14.0010109518963,12.739690689125,12.7447640456861,71.0943688425775,70.6198915563326,0.354806192694786,0,0,0,0,1
6.64,6.89,14.0991009159432,13.9775604734058,12.5611487845122,12.739690689125,72.0169453998921,71.0943688425775,-0.525692826875712,0,0,0,0,-1
6.26000000000001,6.64,14.2224789071253,14.0991009159432,12.3074582280266,12.5611487845122,73.5174062045269,72.0169453998921,0.853238759669049,0,0,0,0,0
6.90000000000001,6.26000000000001,13.5524350249618,14.2224789071253,12.5831386836275,12.3074582280266,74.6048209739742,73.5174062045269,0.223469131078785,0,0,0,1,1
7.18000000000001,6.90000000000001,14.0098031237485,13.5524350249618,12.6561458370641,12.5831386836275,75.6327753391493,74.6048209739742,-0.955130924869447,0,0,0,-1,-1
7.06999999999999,7.18000000000001,13.8317737240433,14.0098031237485,12.7846938838278,12.6561458370641,74.7173900754692,75.6327753391493,0.0285164784650451,0,0,0,0,0
7.19,7.06999999999999,13.7396341572258,13.8317737240433,12.8608271993135,12.7846938838278,75.5921740692862,74.7173900754692,0.496396877265354,0,0,0,1,0
8.52,7.19,13.8086038570076,13.7396341572258,12.6832940142433,12.8608271993135,76.1677362954464,75.5921740692862,-0.146076127954611,0,0,0,-1,0
9.16,8.52,13.7656133958287,13.8086038570076,13.1417485300062,12.6832940142433,77.3480439586433,76.1677362954464,0.541858599931217,0,0,0,0,0
9.48999999999999,9.16,13.5592091371654,13.7656133958287,13.2748428220265,13.1417485300062,77.6117116117645,77.3480439586433,-0.624837717399792,0,0,0,0,0
9.36,9.48999999999999,13.5109722098532,13.5592091371654,13.2763901944799,13.2748428220265,77.4823190897555,77.6117116117645,5.29167397660498,0,0,0,0,-1
9.75,9.36,12.9201195258838,13.5109722098532,13.8552680451667,13.2763901944799,80.7936714724644,77.4823190897555,-3.44916572281051,0,0,0,-1,0
9.81,9.75,13.0953720548138,12.9201195258838,13.5826112191696,13.8552680451667,81.044094737012,80.7936714724644,-2.73710325735289,0,0,0,1,1
19.16,9.81,14.0830152930339,13.0953720548138,17.6784120814134,13.5826112191696,79.8676707233204,81.044094737012,-1.87338904480528,0,0,0,0,0
19.94,19.16,13.94886295312,14.0830152930339,19.9482361747346,17.6784120814134,77.8252924229303,79.8676707233204,2.73143325452513,0,0,0,0,0
19.46,19.94,14.1013529425658,13.94886295312,19.7237160323183,19.9482361747346,76.4952056520902,77.8252924229303,-0.724260211531156,0,0,0,0,0
18.01,19.46,14.7605520807658,14.1013529425658,18.206900180323,19.7237160323183,75.6191016782165,76.4952056520902,2.8657128594502,0,0,0,0,0
15.97,18.01,14.4920501332013,14.7605520807658,16.6834277752603,18.206900180323,73.0095038147887,75.6191016782165,-0.506434658915303,0,0,0,0,0
15.19,15.97,14.5611377436063,14.4920501332013,16.2280531174513,16.6834277752603,72.4800861242645,73.0095038147887,-0.921732476157693,0,0,0,0,0
13.36,15.19,14.5965937752574,14.5611377436063,16.5794069383177,16.2280531174513,72.8992072388145,72.4800861242645,-0.176982568817097,0,0,0,0,1
12.13,13.36,14.4985796110172,14.5965937752574,16.1864962790324,16.5794069383177,73.4239056876867,72.8992072388145,-0.00987692322549982,0,0,0,0,-1
12.05,12.13,14.9173053830421,14.4985796110172,16.250559569385,16.1864962790324,74.3166641491125,73.4239056876867,-2.08697942896877,0,0,0,1,0
11.76,12.05,14.6630425057914,14.9173053830421,15.7471251884489,16.250559569385,74.765671343016,74.3166641491125,1.48234527551285,0,0,0,-1,0
12.11,11.76,14.8131115204295,14.6630425057914,16.6707443599175,15.7471251884489,76.8675010634534,74.765671343016,-0.0858261368690396,0,0,0,0,0
11.1,12.11,14.6945304914278,14.8131115204295,16.2824794748106,16.6707443599175,76.2583759328575,76.8675010634534,0.0855621893392779,0,0,0,0,0
2.75,11.1,14.4015357274487,14.6945304914278,16.3371333299264,16.2824794748106,75.9002540362665,76.2583759328575,-0.0694924849490306,0,0,0,0,1
1.68000000000001,2.75,14.2234393000686,14.4015357274487,16.2738602356147,16.3371333299264,74.9247424688653,75.9002540362665,-0.0150522367082608,0,0,0,0,0
1.68000000000001,1.68000000000001,13.5360371741509,14.2234393000686,16.2578632143606,16.2738602356147,75.4210800722975,74.9247424688653,0.757592946502786,0,0,0,1,-1
2.62,1.68000000000001,13.5662522408736,13.5360371741509,16.2319542418822,16.2578632143606,75.5263554167104,75.4210800722975,2.4972290169703,0,0,0,-1,1
4.62000000000001,2.62,13.3005490881667,13.5662522408736,16.018070109709,16.2319542418822,74.3281254497627,75.5263554167104,-1.84168907065787,0,0,0,1,-1
5.62000000000001,4.62000000000001,13.1775763687181,13.3005490881667,16.42931147422,16.018070109709,75.3531267003075,74.3281254497627,0.850895361256956,0,0,0,0,0
7.42,5.62000000000001,13.0947925748447,13.1775763687181,17.8347444400833,16.42931147422,76.2974624475752,75.3531267003075,-3.24247020059627,0,0,0,-1,1
8.02,7.42,12.8733461360799,13.0947925748447,18.5491765026859,17.8347444400833,76.0063861760936,76.2974624475752,2.21008655524883,0,0,0,0,-1
8.01000000000001,8.02,12.9477291739297,12.8733461360799,19.7967094851561,18.5491765026859,75.8213734180468,76.0063861760936,-2.2378425154308,0,0,0,1,0
7.66,8.01000000000001,13.0699089881456,12.9477291739297,19.4663668976391,19.7967094851561,74.178563057731,75.8213734180468,1.51933748883128,0,0,0,-1,0
7.48,7.66,13.076225844808,13.0699089881456,21.9952231462686,19.4663668976391,75.3285310306629,74.178563057731,-0.0387339306838328,0,0,0,0,0
8.16,7.48,12.9397734989843,13.076225844808,22.6798202707446,21.9952231462686,75.0741917957662,75.3285310306629,-1.74209617894006,0,0,0,0,1
7.68000000000001,8.16,12.8509820835867,12.9397734989843,21.9457439376417,22.6798202707446,74.8129343517204,75.0741917957662,1.37820301786078,0,0,0,0,0
8.01000000000001,7.68000000000001,12.8468855876041,12.8509820835867,22.0299632185943,21.9457439376417,73.6522670393081,74.8129343517204,-0.147723243239266,0,0,0,0,0
8.02,8.01000000000001,12.4533874858048,12.8468855876041,22.4139826956177,22.0299632185943,73.9694470699338,73.6522670393081,1.99752624521402,0,0,0,1,-1
7.95,8.02,12.5968743327763,12.4533874858048,22.7710276050215,22.4139826956177,74.5763210411783,73.9694470699338,-3.32207411321289,0,0,0,-1,1
8.09999999999999,7.95,11.5941726586326,12.5968743327763,23.1631722817337,22.7710276050215,76.5535711425643,74.5763210411783,2.57929124483088,0,0,0,1,-1
7.98,8.09999999999999,11.5827818340014,11.5941726586326,24.9132637151475,23.1631722817337,76.473625186196,76.5535711425643,1.37150917776396,0,0,0,0,0
7.31999999999999,7.98,11.6126089827418,11.5827818340014,25.4254031632971,24.9132637151475,75.3074491571694,76.473625186196,-1.69837436785221,0,0,0,0,-1
6.79000000000001,7.31999999999999,11.4489170471692,11.6126089827418,26.9550697740093,25.4254031632971,71.6859631836907,75.3074491571694,-0.0926841374253904,0,0,0,-2,1
7.64,6.79000000000001,11.6087986517138,11.4489170471692,27.6636099210416,26.9550697740093,68.3639678723205,71.6859631836907,0.0683155196827663,0,0,0,1,-1
8.56999999999999,7.64,12.2799664304235,11.6087986517138,27.8885909512967,27.6636099210416,66.3669390873571,68.3639678723205,0.0971594068581645,0,0,0,-1,1
9.11,8.56999999999999,12.2594437569742,12.2799664304235,30.2151979700612,27.8885909512967,65.0910766350106,66.3669390873571,0.167552665291165,0,0,0,2,0
8.95999999999999,9.11,12.5677061090389,12.2594437569742,31.1954133154651,30.2151979700612,63.9714435667712,65.0910766350106,-0.199229542945385,0,0,0,-1,1
9.56,8.95999999999999,12.8483752757755,12.5677061090389,31.3501336688509,31.1954133154651,63.3989507868895,63.9714435667712,0.230801283085562,0,0,0,0,-1
9.40000000000001,9.56,12.7529320294006,12.8483752757755,28.4929425433928,31.3501336688509,63.7552776313949,63.3989507868895,-0.910546663580597,0,0,0,0,0
9.58,9.40000000000001,12.8592547595506,12.7529320294006,28.8564152767077,28.4929425433928,63.3201796628638,63.7552776313949,-1.10175622401147,0,0,0,1,0
9.81,9.58,13.4028173127871,12.8592547595506,28.0797847511012,28.8564152767077,62.160166762826,63.3201796628638,1.65838241362351,0,0,0,-1,0
9.2,9.81,12.2627634453318,13.4028173127871,27.5978494220835,28.0797847511012,61.1701748404585,62.160166762826,-0.694869746936615,0,0,0,-1,0
8.69,9.2,12.2959412951756,12.2627634453318,26.0538159082269,27.5978494220835,61.1294227271254,61.1701748404585,0.241865546751328,0,0,0,2,1
8.78,8.69,12.3686932822829,12.2959412951756,24.7665054294668,26.0538159082269,61.021305878217,61.1294227271254,0.47542100114168,0,0,0,-1,-1
6.37999999999999,0,13.9582728697115,0,14.816791814458,0,53.8589655489765,0,-0.233318385153751,0,-0.233318385153751,0,1,0
6.28,6.37999999999999,14.0527772806924,13.9582728697115,14.6378159488452,14.816791814458,54.2026661913193,53.8589655489765,0.0463141473731241,0,0.0463141473731241,0,-1,0
6.42,6.28,13.9632504957101,14.0527772806924,14.7267220691436,14.6378159488452,54.429393799788,54.2026661913193,-0.35785203631988,0,-0.35785203631988,0,0,1
6.54000000000001,6.42,13.9263662806508,13.9632504957101,14.9799619295387,14.7267220691436,54.9617302267289,54.429393799788,-0.084639006412992,0,-0.084639006412992,0,0,-1
6.51000000000001,6.54000000000001,13.6578422475716,13.9263662806508,14.7167088132425,14.9799619295387,55.3012174556315,54.9617302267289,0.224833048530936,0,0.224833048530936,0,0,0
6.56,6.51000000000001,13.8390369018374,13.6578422475716,14.63985830371,14.7167088132425,56.3632955884722,55.3012174556315,-0.0873685308722294,0,-0.0873685308722294,0,0,0
5.87999999999999,6.56,13.8441378686736,13.8390369018374,14.4978295667044,14.63985830371,57.166151305243,56.3632955884722,-0.544289851517746,0,-0.544289851517746,0,1,0
5.03,5.87999999999999,14.0254335995386,13.8441378686736,14.1683027377588,14.4978295667044,57.7234402715934,57.166151305243,0.234458260675932,0,0.234458260675932,0,-1,0
4.16,5.03,13.8503948449312,14.0254335995386,14.4553065464099,14.1683027377588,55.8376897723341,57.7234402715934,0.604131732419482,0,0.604131732419482,0,0,0
3.79000000000001,4.16,13.8373810078201,13.8503948449312,14.0303683310319,14.4553065464099,56.283271174266,55.8376897723341,0.224298545394849,0,0.224298545394849,0,0,0
3.04000000000001,3.79000000000001,13.6476706157013,13.8373810078201,13.8882330722856,14.0303683310319,56.1559965314965,56.283271174266,-0.172903457899903,0,-0.172903457899903,0,0,0
3.61,3.04000000000001,13.5817736563824,13.6476706157013,14.0945916815953,13.8882330722856,58.9474918391179,56.1559965314965,-0.295709351634354,0,-0.295709351634354,0,0,-1
4.15000000000001,3.61,13.6608770634903,13.5817736563824,13.9033129305853,14.0945916815953,58.9890231901867,58.9474918391179,-0.119794702308202,0,-0.119794702308202,0,-1,1
3.95,4.15000000000001,13.3247926432455,13.6608770634903,13.6622020262885,13.9033129305853,59.2177394720132,58.9890231901867,0.292313451931442,0,0.292313451931442,0,1,0
4.26000000000001,3.95,14.316556836136,13.3247926432455,13.9829508561499,13.6622020262885,59.1696794317859,59.2177394720132,-1.92325516729135,0,-1.92325516729135,0,0,0
4.64,4.26000000000001,14.3813389159656,14.316556836136,13.7518458589326,13.9829508561499,58.7935953242616,59.1696794317859,0.637065780499267,0,0.637065780499267,0,0,0
4.48999999999999,4.64,14.557922662417,14.3813389159656,13.5618317432249,13.7518458589326,58.9430316928932,58.7935953242616,0.0708645063531286,0,0.0708645063531286,0,0,-1
4.18000000000001,4.48999999999999,14.4560245811219,14.557922662417,13.1618664339266,13.5618317432249,57.9754033470825,58.9430316928932,-0.442791343315005,0,-0.442791343315005,0,-1,1
4.52,4.18000000000001,14.2948420553339,14.4560245811219,13.1275823913395,13.1618664339266,58.8959857777466,57.9754033470825,-0.122485714305558,0,-0.122485714305558,0,1,0
4.89,4.52,14.4829235036704,14.2948420553339,12.8499395584062,13.1275823913395,59.505667267871,58.8959857777466,-0.34995749061331,0,-0.34995749061331,0,0,0
5.91,4.89,13.8396762620704,14.4829235036704,12.7424756670117,12.8499395584062,63.3294895569034,59.505667267871,4.79853379400944,0,4.79853379400944,0,0,0
6.20999999999999,5.91,14.077651521632,13.8396762620704,12.7585080209262,12.7424756670117,63.5141688717225,63.3294895569034,-3.14136377945639,0,-3.14136377945639,0,0,0
6.62999999999999,6.20999999999999,14.1333632093413,14.077651521632,12.6453687078069,12.7585080209262,63.282317234838,63.5141688717225,-0.558636367477391,0,-0.558636367477391,0,0,0
5.06999999999999,6.62999999999999,14.1623978102116,14.1333632093413,12.6931022806685,12.6453687078069,63.994672597837,63.282317234838,0.0136584634519359,0,0.0136584634519359,0,0,0
5.18000000000001,5.06999999999999,14.119316654779,14.1623978102116,12.3936688444046,12.6931022806685,64.2003337447484,63.994672597837,0.354806192694786,0,0.354806192694786,0,0,1
5.87999999999999,5.18000000000001,14.2570602176641,14.119316654779,12.2982175839808,12.3936688444046,64.9225010325182,64.2003337447484,-0.525692826875712,0,-0.525692826875712,0,0,-1
5.58,5.87999999999999,14.4106361178033,14.2570602176641,12.2350230096541,12.2982175839808,63.6287029305193,64.9225010325182,0.853238759669049,0,0.853238759669049,0,0,0
5.64,5.58,13.7128801247166,14.4106361178033,12.6521132190998,12.2350230096541,64.0231181326434,63.6287029305193,0.223469131078785,0,0.223469131078785,0,1,1
5.73999999999999,5.64,14.1574374263476,13.7128801247166,12.5877846462333,12.6521132190998,64.9090488857692,64.0231181326434,-0.955130924869447,0,-0.955130924869447,0,-1,-1
5.76000000000001,5.73999999999999,13.9381575517328,14.1574374263476,12.7849020403148,12.5877846462333,66.7970426819371,64.9090488857692,0.0285164784650451,0,0.0285164784650451,0,0,0
5.73,5.76000000000001,13.8244272360346,13.9381575517328,12.8486381772148,12.7849020403148,67.7940267682508,66.7970426819371,0.496396877265354,0,0.496396877265354,0,1,0
6.41,5.73,13.8875257560691,13.8244272360346,12.7254108684321,12.8486381772148,68.5387898209726,67.7940267682508,-0.146076127954611,0,-0.146076127954611,0,-1,0
7.25,6.41,13.8169468367998,13.8875257560691,12.9569896267469,12.7254108684321,68.5308881928018,68.5387898209726,0.541858599931217,0,0.541858599931217,0,0,0
7.19,7.25,13.638639196228,13.8169468367998,12.9859636139847,12.9569896267469,68.5837613712377,68.5308881928018,-0.624837717399792,0,-0.624837717399792,0,0,0
7.45,7.19,13.6071899691149,13.638639196228,13.0765746080631,12.9859636139847,68.6253218948619,68.5837613712377,5.29167397660498,0,5.29167397660498,0,0,-1
8.20999999999999,7.45,13.0200530163931,13.6071899691149,13.5123273978333,13.0765746080631,68.809703546386,68.6253218948619,-3.44916572281051,0,-3.44916572281051,0,-1,0
8.45,8.20999999999999,13.2248955973145,13.0200530163931,13.7807287357783,13.5123273978333,68.7608850142576,68.809703546386,-2.73710325735289,0,-2.73710325735289,0,1,1
16.26,8.45,14.0977901975348,13.2248955973145,18.3349219865732,13.7807287357783,67.7243405199625,68.7608850142576,-1.87338904480528,0,-1.87338904480528,0,0,0
17.62,16.26,13.9872364642438,14.0977901975348,20.4401488963228,18.3349219865732,69.6297505438989,67.7243405199625,2.73143325452513,0,2.73143325452513,0,0,0
16.24,17.62,14.1103866233128,13.9872364642438,19.9591065999899,20.4401488963228,68.7803807110464,69.6297505438989,-0.724260211531156,0,-0.724260211531156,0,0,0
15.1,16.24,14.7507949878571,14.1103866233128,18.4933357418337,19.9591065999899,68.1558261740293,68.7803807110464,2.8657128594502,0,2.8657128594502,0,0,0
14.7,15.1,14.4495716659252,14.7507949878571,17.3679405892046,18.4933357418337,67.2049743771552,68.1558261740293,-0.506434658915303,0,-0.506434658915303,0,0,0
13.84,14.7,14.4690339025951,14.4495716659252,16.6631204263508,17.3679405892046,66.8534696913893,67.2049743771552,-0.921732476157693,0,-0.921732476157693,0,0,0
13.51,13.84,14.4703149634339,14.4690339025951,16.5166525623519,16.6631204263508,66.898851070831,66.8534696913893,-0.176982568817097,0,-0.176982568817097,0,0,1
12.04,13.51,14.3615093451379,14.4703149634339,15.7622921539743,16.5166525623519,65.0078817877801,66.898851070831,-0.00987692322549982,0,-0.00987692322549982,0,0,-1
11.72,12.04,14.6834840553247,14.3615093451379,16.1530891288006,15.7622921539743,64.8188076513818,65.0078817877801,-2.08697942896877,0,-2.08697942896877,0,1,0
11.39,11.72,14.4470559698591,14.6834840553247,17.2425085608726,16.1530891288006,64.2310402161203,64.8188076513818,1.48234527551285,0,1.48234527551285,0,-1,0
11.83,11.39,14.6153783417567,14.4470559698591,16.8705254802244,17.2425085608726,65.6259604809711,64.2310402161203,-0.0858261368690396,0,-0.0858261368690396,0,0,0
10.97,11.83,14.4651353263611,14.6153783417567,16.1931078455157,16.8705254802244,65.3264765312024,65.6259604809711,0.0855621893392779,0,0.0855621893392779,0,0,0
2.95,10.97,14.2944370546362,14.4651353263611,16.1885525949247,16.1931078455157,65.4110037161958,65.3264765312024,-0.0694924849490306,0,-0.0694924849490306,0,0,1
1.69,2.95,14.1291331790213,14.2944370546362,16.4083629889088,16.1885525949247,66.7515836373344,65.4110037161958,-0.0150522367082608,0,-0.0150522367082608,0,0,0
2.79000000000001,1.69,13.4553517951332,14.1291331790213,16.5248300940692,16.4083629889088,66.3140894973933,66.7515836373344,0.757592946502786,0,0.757592946502786,0,1,-1
3.78,2.79000000000001,13.4831591731184,13.4553517951332,16.3832536184669,16.5248300940692,66.5171462129627,66.3140894973933,2.4972290169703,0,2.4972290169703,0,-1,1
4.20999999999999,3.78,13.1997714856988,13.4831591731184,16.0953296256927,16.3832536184669,66.000936353149,66.5171462129627,-1.84168907065787,0,-1.84168907065787,0,1,-1
5.03,4.20999999999999,13.0639361155613,13.1997714856988,16.5944288858458,16.0953296256927,67.3794424952793,66.000936353149,0.850895361256956,0,0.850895361256956,0,0,0
5.66,5.03,13.03033680569,13.0639361155613,18.155776415486,16.5944288858458,68.2083153272662,67.3794424952793,-3.24247020059627,0,-3.24247020059627,0,-1,1
6.90000000000001,5.66,12.859061891883,13.03033680569,19.3223539495401,18.155776415486,69.8572464895504,68.2083153272662,2.21008655524883,0,2.21008655524883,0,0,-1
7.78,6.90000000000001,12.9841480838429,12.859061891883,20.7926926120146,19.3223539495401,69.6208538510933,69.8572464895504,-2.2378425154308,0,-2.2378425154308,0,1,0
7.3,7.78,12.9033090516215,12.9841480838429,20.1571893644713,20.7926926120146,67.9367827257582,69.6208538510933,1.51933748883128,0,1.51933748883128,0,-1,0
6.92,7.3,13.0141425855299,12.9033090516215,23.2937957138298,20.1571893644713,65.5019708210896,67.9367827257582,-0.0387339306838328,0,-0.0387339306838328,0,0,0
7.37999999999999,6.92,12.8813035258471,13.0141425855299,24.1342214855397,23.2937957138298,65.0226884514943,65.5019708210896,-1.74209617894006,0,-1.74209617894006,0,0,1
7.34999999999999,7.37999999999999,12.860130781172,12.8813035258471,23.1004079737876,24.1342214855397,64.9129326690918,65.0226884514943,1.37820301786078,0,1.37820301786078,0,0,0
7.28,7.34999999999999,12.9149539696449,12.860130781172,23.1943711435082,23.1004079737876,67.2412014442751,64.9129326690918,-0.147723243239266,0,-0.147723243239266,0,0,0
7.5,7.28,12.6097586002034,12.9149539696449,23.1837058177859,23.1943711435082,66.6812780661989,67.2412014442751,1.99752624521402,0,1.99752624521402,0,1,-1
7.98,7.5,12.7093879264874,12.6097586002034,24.1120737000743,23.1837058177859,67.1441023949321,66.6812780661989,-3.32207411321289,0,-3.32207411321289,0,-1,1
9.02,7.98,11.7341979618944,12.7093879264874,24.6545190590648,24.1120737000743,62.2314372524779,67.1441023949321,2.57929124483088,0,2.57929124483088,0,1,-1
8.51000000000001,9.02,11.7254409917288,11.7341979618944,25.9316804524972,24.6545190590648,62.1626021706902,62.2314372524779,1.37150917776396,0,1.37150917776396,0,0,0
8.31999999999999,8.51000000000001,11.6258385088943,11.7254409917288,25.8832092007678,25.9316804524972,60.9059478868037,62.1626021706902,-1.69837436785221,0,-1.69837436785221,0,0,-1
8.06999999999999,8.31999999999999,11.4426853105399,11.6258385088943,27.5425915664883,25.8832092007678,60.9935733815645,60.9059478868037,-0.0926841374253904,0,-0.0926841374253904,0,-2,1
8.79000000000001,8.06999999999999,11.5845340267937,11.4426853105399,28.7588607901487,27.5425915664883,58.0578880473906,60.9935733815645,0.0683155196827663,0,0.0683155196827663,0,1,-1
9.3,8.79000000000001,12.2654884225528,11.5845340267937,29.8466402031152,28.7588607901487,55.7084600754322,58.0578880473906,0.0971594068581645,0,0.0971594068581645,0,-1,1
9.51000000000001,9.3,12.2062304965966,12.2654884225528,31.1408377431272,29.8466402031152,55.7514182520035,55.7084600754322,0.167552665291165,0,0.167552665291165,0,2,0
9.79000000000001,9.51000000000001,12.512385041763,12.2062304965966,31.708544890433,31.1408377431272,54.8757125012331,55.7514182520035,-0.199229542945385,0,-0.199229542945385,0,-1,1
10.81,9.79000000000001,12.7770555719695,12.512385041763,32.3564846054856,31.708544890433,54.2315839435849,54.8757125012331,0.230801283085562,0,0.230801283085562,0,0,-1
10.29,10.81,12.7023079748783,12.7770555719695,30.193211835193,32.3564846054856,52.7249997940572,54.2315839435849,-0.910546663580597,0,-0.910546663580597,0,0,0
9.63,10.29,12.8326484864348,12.7023079748783,30.6193159438013,30.193211835193,52.1820024823039,52.7249997940572,-1.10175622401147,0,-1.10175622401147,0,1,0
8.75,9.63,13.3110530466422,12.8326484864348,29.3079803569463,30.6193159438013,51.4333080193177,52.1820024823039,1.65838241362351,0,1.65838241362351,0,-1,0
8.23999999999999,8.75,12.260005860223,13.3110530466422,28.1896143456077,29.3079803569463,50.7528500133122,51.4333080193177,-0.694869746936615,0,-0.694869746936615,0,-1,0
8.08,8.23999999999999,12.3051962307827,12.260005860223,27.4702859598337,28.1896143456077,50.7804604381947,50.7528500133122,0.241865546751328,0,0.241865546751328,0,2,1
8.09999999999999,8.08,12.3837657067293,12.3051962307827,26.0593669520186,27.4702859598337,50.4777520710588,50.7804604381947,0.47542100114168,0,0.47542100114168,0,-1,-1
6.15000000000001,0,13.7910707930081,0,15.1164315982856,0,58.1492965843223,0,-0.233318385153751,0,0,0,1,0
6.19,6.15000000000001,13.8373338932001,13.7910707930081,14.9273717162943,15.1164315982856,58.4809874042272,58.1492965843223,0.0463141473731241,0,0,0,-1,0
5.93000000000001,6.19,13.739540271373,13.8373338932001,14.9028051655243,14.9273717162943,59.1980208208439,58.4809874042272,-0.35785203631988,0,0,0,0,1
5.98,5.93000000000001,13.7288709404188,13.739540271373,15.1046141767775,14.9028051655243,59.5900766906715,59.1980208208439,-0.084639006412992,0,0,0,0,-1
5.44,5.98,13.4698536518712,13.7288709404188,15.0248192951869,15.1046141767775,59.9746570062354,59.5900766906715,0.224833048530936,0,0,0,0,0
5.8,5.44,13.6941041945203,13.4698536518712,14.9621755457352,15.0248192951869,58.8717103081076,59.9746570062354,-0.0873685308722294,0,0,0,0,0
5.06,5.8,13.7920793404465,13.6941041945203,14.7081040302207,14.9621755457352,59.5309329874726,58.8717103081076,-0.544289851517746,0,0,0,1,0
4.56999999999999,5.06,13.9171860011301,13.7920793404465,14.6802023189978,14.7081040302207,60.0663004424085,59.5309329874726,0.234458260675932,0,0,0,-1,0
4.15000000000001,4.56999999999999,13.8337747914358,13.9171860011301,14.7903492901486,14.6802023189978,58.1539917072981,60.0663004424085,0.604131732419482,0,0,0,0,0
3.68000000000001,4.15000000000001,13.857631853155,13.8337747914358,14.5099726926466,14.7903492901486,58.5196566457739,58.1539917072981,0.224298545394849,0,0,0,0,0
2.54000000000001,3.68000000000001,13.7037023223597,13.857631853155,14.2243034836081,14.5099726926466,58.4676342831796,58.5196566457739,-0.172903457899903,0,0,0,0,0
1.59999999999999,2.54000000000001,13.6964478729201,13.7037023223597,14.286265173544,14.2243034836081,59.4799950668009,58.4676342831796,-0.295709351634354,0,0,0,0,-1
1.79000000000001,1.59999999999999,13.7892290920611,13.6964478729201,14.3145228962412,14.286265173544,59.5715341002211,59.4799950668009,-0.119794702308202,0,0,0,-1,1
2.02,1.79000000000001,13.4880103592979,13.7892290920611,13.9043685708876,14.3145228962412,60.1674513197918,59.5715341002211,0.292313451931442,0,0,0,1,0
2.75,2.02,14.2872922192615,13.4880103592979,13.71540687946,13.9043685708876,63.0555868090858,60.1674513197918,-1.92325516729135,0,0,0,0,0
2.73999999999999,2.75,14.2249584123203,14.2872922192615,13.8117918651255,13.71540687946,62.901227354949,63.0555868090858,0.637065780499267,0,0,0,0,0
3.06,2.73999999999999,14.3654532176376,14.2249584123203,13.5095228507712,13.8117918651255,63.0942290425757,62.901227354949,0.0708645063531286,0,0,0,0,-1
3.31999999999999,3.06,14.3123885263971,14.3654532176376,13.2088986063506,13.5095228507712,62.2893437161855,63.0942290425757,-0.442791343315005,0,0,0,-1,1
3.73,3.31999999999999,14.2026267533281,14.3123885263971,13.1609182170337,13.2088986063506,62.9536577619129,62.2893437161855,-0.122485714305558,0,0,0,1,0
3.79000000000001,3.73,14.4070599716035,14.2026267533281,12.9117037573815,13.1609182170337,63.9041165579611,62.9536577619129,-0.34995749061331,0,0,0,0,0
4.06,3.79000000000001,13.7873160600647,14.4070599716035,12.9275566433583,12.9117037573815,64.9884934667612,63.9041165579611,4.79853379400944,0,0,0,0,0
4.65000000000001,4.06,13.9513966439033,13.7873160600647,12.9842818280399,12.9275566433583,64.4970582825749,64.9884934667612,-3.14136377945639,0,0,0,0,0
5.14,4.65000000000001,14.0136020127987,13.9513966439033,12.7044846908822,12.9842818280399,64.2840730745395,64.4970582825749,-0.558636367477391,0,0,0,0,0
5.53,5.14,14.0180229963935,14.0136020127987,12.6740441289091,12.7044846908822,64.0438404982321,64.2840730745395,0.0136584634519359,0,0,0,0,0
5.76000000000001,5.53,13.9808812228844,14.0180229963935,12.4674442720031,12.6740441289091,64.4291101710941,64.0438404982321,0.354806192694786,0,0,0,0,1
5.81999999999999,5.76000000000001,14.076581680077,13.9808812228844,12.5234517242317,12.4674442720031,65.2970992685991,64.4291101710941,-0.525692826875712,0,0,0,0,-1
5.65000000000001,5.81999999999999,14.157755034195,14.076581680077,12.4336609911037,12.5234517242317,64.3188710950083,65.2970992685991,0.853238759669049,0,0,0,0,0
6.06,5.65000000000001,13.5820707573399,14.157755034195,12.7549310234248,12.4336609911037,64.8640988526281,64.3188710950083,0.223469131078785,0,0,0,1,1
5.98999999999999,6.06,13.9887583664707,13.5820707573399,12.570902459705,12.7549310234248,65.8024061911365,64.8640988526281,-0.955130924869447,0,0,0,-1,-1
5.86,5.98999999999999,13.8003031600072,13.9887583664707,12.6603079145367,12.570902459705,65.8691451813372,65.8024061911365,0.0285164784650451,0,0,0,0,0
5.81999999999999,5.86,13.73385927671,13.8003031600072,12.6875496903544,12.6603079145367,66.889823945644,65.8691451813372,0.496396877265354,0,0,0,1,0
6.98999999999999,5.81999999999999,13.8007581398478,13.73385927671,12.7519710709008,12.6875496903544,67.2755562684883,66.889823945644,-0.146076127954611,0,0,0,-1,0
7.84999999999999,6.98999999999999,13.7333038430417,13.8007581398478,13.1295748758425,12.7519710709008,68.5374382293513,67.2755562684883,0.541858599931217,0,0,0,0,0
7.87000000000001,7.84999999999999,13.5739320576846,13.7333038430417,13.2967633238435,13.1295748758425,67.5922770592624,68.5374382293513,-0.624837717399792,0,0,0,0,0
7.75,7.87000000000001,13.5438616710285,13.5739320576846,13.3547190458558,13.2967633238435,67.7923577781052,67.5922770592624,5.29167397660498,0,0,0,0,-1
8.05,7.75,12.9905446872521,13.5438616710285,13.8018668702872,13.3547190458558,70.1622903000148,67.7923577781052,-3.44916572281051,0,0,0,-1,0
8.91,8.05,13.3780646595098,12.9905446872521,13.747657136698,13.8018668702872,70.6904816896702,70.1622903000148,-2.73710325735289,0,0,0,1,1
16.25,8.91,14.2253670229109,13.3780646595098,19.2105870300012,13.747657136698,69.7416683536153,70.6904816896702,-1.87338904480528,0,0,0,0,0
17.81,16.25,14.0571038164078,14.2253670229109,20.7387282148473,19.2105870300012,67.7943771823414,69.7416683536153,2.73143325452513,0,0,0,0,0
17.53,17.81,14.1434014081499,14.0571038164078,20.2249606280314,20.7387282148473,66.6514125547246,67.7943771823414,-0.724260211531156,0,0,0,0,0
17.28,17.53,14.7491125425782,14.1434014081499,18.7511707942141,20.2249606280314,65.880244344032,66.6514125547246,2.8657128594502,0,0,0,0,0
16.65,17.28,14.5022885684867,14.7491125425782,16.2624804556351,18.7511707942141,65.1113231632465,65.880244344032,-0.506434658915303,0,0,0,0,0
15.56,16.65,14.5333913966517,14.5022885684867,15.7585225671417,16.2624804556351,64.5978564077344,65.1113231632465,-0.921732476157693,0,0,0,0,0
14.25,15.56,14.5356035242969,14.5333913966517,16.0230132944009,15.7585225671417,64.2210652012463,64.5978564077344,-0.176982568817097,0,0,0,0,1
13.23,14.25,14.4041879077044,14.5356035242969,15.7954365952587,16.0230132944009,64.4638976452146,64.2210652012463,-0.00987692322549982,0,0,0,0,-1
12.73,13.23,14.5760085485594,14.4041879077044,15.9673748544853,15.7954365952587,64.8433091401636,64.4638976452146,-2.08697942896877,0,0,0,1,0
12.95,12.73,14.3126855872019,14.5760085485594,16.8444221608886,15.9673748544853,64.3376201407104,64.8433091401636,1.48234527551285,0,0,0,-1,0
13.3,12.95,14.4597697753762,14.3126855872019,16.1366493967767,16.8444221608886,65.8422172208629,64.3376201407104,-0.0858261368690396,0,0,0,0,0
12.35,13.3,14.3314344785082,14.4597697753762,16.0311829718136,16.1366493967767,65.3941417344462,65.8422172208629,0.0855621893392779,0,0,0,0,0
5.39,12.35,14.0856304327038,14.3314344785082,16.3160024648259,16.0311829718136,65.8248194166896,65.3941417344462,-0.0694924849490306,0,0,0,0,1
3.7,5.39,14.0421192569245,14.0856304327038,15.8989430789408,16.3160024648259,66.3849503942013,65.8248194166896,-0.0150522367082608,0,0,0,0,0
4.01000000000001,3.7,13.4210797970125,14.0421192569245,16.1314740792042,15.8989430789408,66.4073835308234,66.3849503942013,0.757592946502786,0,0,0,1,-1
4.11,4.01000000000001,13.4750527830047,13.4210797970125,16.1193168457458,16.1314740792042,66.7607207096719,66.4073835308234,2.4972290169703,0,0,0,-1,1
4.81999999999999,4.11,13.1999456540078,13.4750527830047,15.8144932263099,16.1193168457458,62.2766557823168,66.7607207096719,-1.84168907065787,0,0,0,1,-1
5.94,4.81999999999999,13.1115649111597,13.1999456540078,16.5019099141532,15.8144932263099,63.415377393362,62.2766557823168,0.850895361256956,0,0,0,0,0
7.37999999999999,5.94,13.0429760352313,13.1115649111597,18.089516387883,16.5019099141532,64.6844052695598,63.415377393362,-3.24247020059627,0,0,0,-1,1
8.16,7.37999999999999,12.8398605496024,13.0429760352313,18.8177843040749,18.089516387883,64.9663980280978,64.6844052695598,2.21008655524883,0,0,0,0,-1
8.98999999999999,8.16,12.9187508503501,12.8398605496024,19.471817415501,18.8177843040749,64.6009833379865,64.9663980280978,-2.2378425154308,0,0,0,1,0
8.92,8.98999999999999,12.8850533810164,12.9187508503501,20.356314308213,19.471817415501,63.1401872074808,64.6009833379865,1.51933748883128,0,0,0,-1,0
8.88,8.92,12.9718394344243,12.8850533810164,22.081206112941,20.356314308213,64.5103613371419,63.1401872074808,-0.0387339306838328,0,0,0,0,0
8.66,8.88,12.8615781383706,12.9718394344243,23.6422159651335,22.081206112941,63.841890845289,64.5103613371419,-1.74209617894006,0,0,0,0,1
8.45999999999999,8.66,12.7722070552499,12.8615781383706,22.4549389736005,23.6422159651335,63.737585024688,63.841890845289,1.37820301786078,0,0,0,0,0
8.73999999999999,8.45999999999999,12.7744213706955,12.7722070552499,22.1383052993601,22.4549389736005,61.6579652221976,63.737585024688,-0.147723243239266,0,0,0,0,0
8.81,8.73999999999999,12.3995629091885,12.7744213706955,22.5850487885091,22.1383052993601,61.6071646375303,61.6579652221976,1.99752624521402,0,0,0,1,-1
9.34999999999999,8.81,12.4366397417836,12.3995629091885,23.0086568728396,22.5850487885091,61.9869566220374,61.6071646375303,-3.32207411321289,0,0,0,-1,1
9.95999999999999,9.34999999999999,11.4749515788525,12.4366397417836,23.7762625118087,23.0086568728396,58.7961396632257,61.9869566220374,2.57929124483088,0,0,0,1,-1
10.21,9.95999999999999,11.4509224439974,11.4749515788525,25.3626298274392,23.7762625118087,58.3587159261181,58.7961396632257,1.37150917776396,0,0,0,0,0
9.64,10.21,11.4861898421499,11.4509224439974,24.6400064948431,25.3626298274392,57.3932459502226,58.3587159261181,-1.69837436785221,0,0,0,0,-1
9.12,9.64,11.3115549286877,11.4861898421499,26.0309374136374,24.6400064948431,54.5789523874556,57.3932459502226,-0.0926841374253904,0,0,0,-2,1
9.73999999999999,9.12,11.4474850529014,11.3115549286877,27.450751099443,26.0309374136374,51.9793239402958,54.5789523874556,0.0683155196827663,0,0,0,1,-1
10.65,9.73999999999999,12.1173363276972,11.4474850529014,28.2042832200782,27.450751099443,50.268977786839,51.9793239402958,0.0971594068581645,0,0,0,-1,1
10.85,10.65,12.0873617937182,12.1173363276972,29.6683878151865,28.2042832200782,52.048434325716,50.268977786839,0.167552665291165,0,0,0,2,0
11.23,10.85,12.3766024884612,12.0873617937182,30.1495895633936,29.6683878151865,51.0507419352154,52.048434325716,-0.199229542945385,0,0,0,-1,1
11.14,11.23,12.638276237679,12.3766024884612,29.9354978597433,30.1495895633936,50.2998780607199,51.0507419352154,0.230801283085562,0,0,0,0,-1
11.11,11.14,12.5640338320326,12.638276237679,28.7146059566757,29.9354978597433,50.1776433717456,50.2998780607199,-0.910546663580597,0,0,0,0,0
10.82,11.11,12.633341222161,12.5640338320326,28.0890235829306,28.7146059566757,49.7987741005913,50.1776433717456,-1.10175622401147,0,0,0,1,0
10.21,10.82,13.0743858517088,12.633341222161,27.5603540376883,28.0890235829306,49.076416357419,49.7987741005913,1.65838241362351,0,0,0,-1,0
9.68000000000001,10.21,12.2524551078128,13.0743858517088,25.6444617361433,27.5603540376883,48.2818643376494,49.076416357419,-0.694869746936615,0,0,0,-1,0
9.14,9.68000000000001,12.265330863065,12.2524551078128,25.4068115027772,25.6444617361433,48.370817083808,48.2818643376494,0.241865546751328,0,0,0,2,1
9.15000000000001,9.14,12.3381316093212,12.265330863065,24.1101505635762,25.4068115027772,48.1984981139705,48.370817083808,0.47542100114168,0,0,0,-1,-1
4.48999999999999,0,13.7282947035021,0,15.0266017059935,0,51.4355469057919,0,-0.233318385153751,0,0,0,1,0
4.40000000000001,4.48999999999999,13.7463930196056,13.7282947035021,14.9553924658465,15.0266017059935,51.9704703359828,51.4355469057919,0.0463141473731241,0,0,0,-1,0
4.19,4.40000000000001,13.6150051215428,13.7463930196056,15.059529434888,14.9553924658465,53.3324539781263,51.9704703359828,-0.35785203631988,0,0,0,0,1
4.16,4.19,13.570096794394,13.6150051215428,15.2258478943466,15.059529434888,53.7660424911175,53.3324539781263,-0.084639006412992,0,0,0,0,-1
3.78,4.16,13.3561968819968,13.570096794394,15.2112513712361,15.2258478943466,54.20993110318,53.7660424911175,0.224833048530936,0,0,0,0,0
3.81999999999999,3.78,13.5426634418436,13.3561968819968,14.9873434903266,15.2112513712361,54.5512620630217,54.20993110318,-0.0873685308722294,0,0,0,0,0
3.5,3.81999999999999,13.5711305619754,13.5426634418436,14.721354014468,14.9873434903266,54.9798826041166,54.5512620630217,-0.544289851517746,0,0,0,1,0
3.05,3.5,13.7378431949218,13.5711305619754,14.6053005976836,14.721354014468,55.3270351031268,54.9798826041166,0.234458260675932,0,0,0,-1,0
2.72,3.05,13.6204926151804,13.7378431949218,14.8012037485582,14.6053005976836,55.2908649339285,55.3270351031268,0.604131732419482,0,0,0,0,0
2.39,2.72,13.5923693616666,13.6204926151804,14.7105228317025,14.8012037485582,55.4851436181728,55.2908649339285,0.224298545394849,0,0,0,0,0
1.98,2.39,13.4971183202548,13.5923693616666,14.603524150946,14.7105228317025,55.2859431590742,55.4851436181728,-0.172903457899903,0,0,0,0,0
1.12,1.98,13.4253781261413,13.4971183202548,14.4422533600099,14.603524150946,57.8948197638486,55.2859431590742,-0.295709351634354,0,0,0,0,-1
1.15000000000001,1.12,13.5684557101116,13.4253781261413,14.4727814358929,14.4422533600099,57.8273066976007,57.8948197638486,-0.119794702308202,0,0,0,-1,1
1.7,1.15000000000001,13.3137566662087,13.5684557101116,14.1519689964361,14.4727814358929,58.1033698037941,57.8273066976007,0.292313451931442,0,0,0,1,0
2.3,1.7,14.1676885743368,13.3137566662087,14.1560583979591,14.1519689964361,58.783808852498,58.1033698037941,-1.92325516729135,0,0,0,0,0
2.41,2.3,14.1627366515088,14.1676885743368,14.0569758973502,14.1560583979591,58.2278528180796,58.783808852498,0.637065780499267,0,0,0,0,0
2.58,2.41,14.3134294830253,14.1627366515088,13.7682581033986,14.0569758973502,58.0864394330914,58.2278528180796,0.0708645063531286,0,0,0,0,-1
2.76000000000001,2.58,14.286652464765,14.3134294830253,13.5688038219588,13.7682581033986,57.8855997966483,58.0864394330914,-0.442791343315005,0,0,0,-1,1
3.02,2.76000000000001,14.1474010437601,14.286652464765,13.781960027402,13.5688038219588,58.3161444541187,57.8855997966483,-0.122485714305558,0,0,0,1,0
2.95,3.02,14.3754553601588,14.1474010437601,13.488333368719,13.781960027402,58.7153534596195,58.3161444541187,-0.34995749061331,0,0,0,0,0
3.7,2.95,13.7865041841177,14.3754553601588,13.0040546128652,13.488333368719,63.3012043909209,58.7153534596195,4.79853379400944,0,0,0,0,0
4.22,3.7,13.9579037735881,13.7865041841177,13.0744318301356,13.0040546128652,63.3103582181894,63.3012043909209,-3.14136377945639,0,0,0,0,0
4.51000000000001,4.22,13.998639234878,13.9579037735881,13.0051812393984,13.0744318301356,63.3686679964874,63.3103582181894,-0.558636367477391,0,0,0,0,0
5.06999999999999,4.51000000000001,14.0332288866578,13.998639234878,13.1809030846314,13.0051812393984,58.2334939780903,63.3686679964874,0.0136584634519359,0,0,0,0,0
5.48999999999999,5.06999999999999,14.0050502747114,14.0332288866578,12.8600701460352,13.1809030846314,58.6884565920671,58.2334939780903,0.354806192694786,0,0,0,0,1
5.42,5.48999999999999,14.1264700738125,14.0050502747114,12.470012651638,12.8600701460352,59.0866435853946,58.6884565920671,-0.525692826875712,0,0,0,0,-1
5.34999999999999,5.42,14.2059859990042,14.1264700738125,12.4014334161834,12.470012651638,59.0008313550891,59.0866435853946,0.853238759669049,0,0,0,0,0
5.5,5.34999999999999,13.5864544600857,14.2059859990042,12.5873128250492,12.4014334161834,59.1812742288994,59.0008313550891,0.223469131078785,0,0,0,1,1
5.84,5.5,13.9158735545565,13.5864544600857,12.6606859619336,12.5873128250492,59.3415605867716,59.1812742288994,-0.955130924869447,0,0,0,-1,-1
5.92,5.84,13.961642153161,13.9158735545565,13.3426962993048,12.6606859619336,56.4449717997273,59.3415605867716,0.0285164784650451,0,0,0,0,0
5.98,5.92,13.8661146953689,13.961642153161,12.9589849213605,13.3426962993048,57.368193323207,56.4449717997273,0.496396877265354,0,0,0,1,0
6.52,5.98,13.9717168049614,13.8661146953689,12.7193447100298,12.9589849213605,57.9521123300472,57.368193323207,-0.146076127954611,0,0,0,-1,0
6.8,6.52,13.8804815894544,13.9717168049614,13.1957625136913,12.7193447100298,58.9473675674213,57.9521123300472,0.541858599931217,0,0,0,0,0
7.29000000000001,6.8,13.702928110105,13.8804815894544,13.3918510507344,13.1957625136913,59.0434441960228,58.9473675674213,-0.624837717399792,0,0,0,0,0
7.77,7.29000000000001,13.6629059387658,13.702928110105,13.872019439302,13.3918510507344,59.0599808207706,59.0434441960228,5.29167397660498,0,0,0,0,-1
8.01000000000001,7.77,13.0866152565312,13.6629059387658,13.9375241857264,13.872019439302,57.7753546808551,59.0599808207706,-3.44916572281051,0,0,0,-1,0
8.51000000000001,8.01000000000001,13.3480779250947,13.0866152565312,14.6515280680131,13.9375241857264,58.168770940632,57.7753546808551,-2.73710325735289,0,0,0,1,1
15.4,8.51000000000001,14.2624319332835,13.3480779250947,20.4410111759257,14.6515280680131,57.4069381206785,58.168770940632,-1.87338904480528,0,0,0,0,0
16.45,15.4,14.0905497427591,14.2624319332835,21.8282270449368,20.4410111759257,55.8113116697771,57.4069381206785,2.73143325452513,0,0,0,0,0
15.82,16.45,14.1709054438261,14.0905497427591,21.08690742881,21.8282270449368,54.8359769098341,55.8113116697771,-0.724260211531156,0,0,0,0,0
14.8,15.82,14.8396528328566,14.1709054438261,19.7860828728569,21.08690742881,54.3288871947989,54.8359769098341,2.8657128594502,0,0,0,0,0
13.67,14.8,14.592486249189,14.8396528328566,18.7841091629032,19.7860828728569,54.1816020377549,54.3288871947989,-0.506434658915303,0,0,0,0,0
13.03,13.67,14.6466126708426,14.592486249189,17.6750918633595,18.7841091629032,53.7826096825512,54.1816020377549,-0.921732476157693,0,0,0,0,0
12.66,13.03,14.639695334857,14.6466126708426,18.2359160084574,17.6750918633595,53.9770943420765,53.7826096825512,-0.176982568817097,0,0,0,0,1
11.63,12.66,14.5238339644455,14.639695334857,16.3907973298862,18.2359160084574,54.0782967806295,53.9770943420765,-0.00987692322549982,0,0,0,0,-1
10.75,11.63,14.7675132608927,14.5238339644455,16.9654985452037,16.3907973298862,54.2090100636152,54.0782967806295,-2.08697942896877,0,0,0,1,0
10.77,10.75,14.4992269213812,14.7675132608927,18.4797442492907,16.9654985452037,54.2173427871227,54.2090100636152,1.48234527551285,0,0,0,-1,0
10.32,10.77,14.645075975684,14.4992269213812,17.1773545566573,18.4797442492907,54.9957818813842,54.2173427871227,-0.0858261368690396,0,0,0,0,0
9.67,10.32,14.4900087149655,14.645075975684,17.0798180212836,17.1773545566573,54.8266070289709,54.9957818813842,0.0855621893392779,0,0,0,0,0
2.7,9.67,14.3081559571901,14.4900087149655,16.849411240976,17.0798180212836,55.4170031939531,54.8266070289709,-0.0694924849490306,0,0,0,0,1
1.69,2.7,14.2145918774399,14.3081559571901,16.51166024946,16.849411240976,56.0292339116825,55.4170031939531,-0.0150522367082608,0,0,0,0,0
1.8,1.69,13.5293942944444,14.2145918774399,16.8879268976786,16.51166024946,56.5601522722487,56.0292339116825,0.757592946502786,0,0,0,1,-1
2.41,1.8,13.5251860701097,13.5293942944444,16.7438072582538,16.8879268976786,57.1063659621028,56.5601522722487,2.4972290169703,0,0,0,-1,1
3.43000000000001,2.41,13.22727239545,13.5251860701097,16.4364813148874,16.7438072582538,57.8209941588099,57.1063659621028,-1.84168907065787,0,0,0,1,-1
4.20999999999999,3.43000000000001,13.1136181413657,13.22727239545,16.4956019528734,16.4364813148874,59.0381949541879,57.8209941588099,0.850895361256956,0,0,0,0,0
4.83,4.20999999999999,13.0268841148891,13.1136181413657,18.5593112323847,16.4956019528734,60.3187483844213,59.0381949541879,-3.24247020059627,0,0,0,-1,1
5.45,4.83,12.8225073678367,13.0268841148891,19.1898718023234,18.5593112323847,60.9682828837174,60.3187483844213,2.21008655524883,0,0,0,0,-1
6.3,5.45,12.8720751447207,12.8225073678367,19.3992234671948,19.1898718023234,60.9290481422931,60.9682828837174,-2.2378425154308,0,0,0,1,0
5.73,6.3,12.9392284316905,12.8720751447207,21.0408069986469,19.3992234671948,59.822520679683,60.9290481422931,1.51933748883128,0,0,0,-1,0
6.27,5.73,13.0317173966767,12.9392284316905,22.5013408764484,21.0408069986469,59.4680383871841,59.822520679683,-0.0387339306838328,0,0,0,0,0
6.19,6.27,12.9099662220312,13.0317173966767,23.3896370061638,22.5013408764484,58.7743827079754,59.4680383871841,-1.74209617894006,0,0,0,0,1
6.16,6.19,12.8177104226265,12.9099662220312,22.0608451701044,23.3896370061638,58.5690748126021,58.7743827079754,1.37820301786078,0,0,0,0,0
6.18000000000001,6.16,12.8135787480635,12.8177104226265,21.9791930101308,22.0608451701044,58.9660727697581,58.5690748126021,-0.147723243239266,0,0,0,0,0
6.59,6.18000000000001,12.4393226111941,12.8135787480635,22.4960903292377,21.9791930101308,59.0050024061475,58.9660727697581,1.99752624521402,0,0,0,1,-1
6.87000000000001,6.59,12.5280659340454,12.4393226111941,23.6392446055141,22.4960903292377,59.406674312229,59.0050024061475,-3.32207411321289,0,0,0,-1,1
7.56999999999999,6.87000000000001,11.5358766571204,12.5280659340454,23.6837184802811,23.6392446055141,58.837684343121,59.406674312229,2.57929124483088,0,0,0,1,-1
7.45,7.56999999999999,11.5179947124458,11.5358766571204,24.9412710875948,23.6837184802811,58.4539638801367,58.837684343121,1.37150917776396,0,0,0,0,0
7.44,7.45,11.5269692601442,11.5179947124458,25.305058449504,24.9412710875948,57.7385480344344,58.4539638801367,-1.69837436785221,0,0,0,0,-1
7.37999999999999,7.44,11.3746793134288,11.5269692601442,26.8822846380655,25.305058449504,57.4192127052041,57.7385480344344,-0.0926841374253904,0,0,0,-2,1
7.81,7.37999999999999,11.5294498041901,11.3746793134288,28.2319675315794,26.8822846380655,54.2147469961287,57.4192127052041,0.0683155196827663,0,0,0,1,-1
8.70999999999999,7.81,12.1967162510093,11.5294498041901,28.0366415352911,28.2319675315794,52.1354672286774,54.2147469961287,0.0971594068581645,0,0,0,-1,1
9.06999999999999,8.70999999999999,12.1298675885618,12.1967162510093,31.4827652757927,28.0366415352911,49.9007643093865,52.1354672286774,0.167552665291165,0,0,0,2,0
9.5,9.06999999999999,12.4103720270942,12.1298675885618,32.7716145309985,31.4827652757927,48.9894024603992,49.9007643093865,-0.199229542945385,0,0,0,-1,1
9.61,9.5,12.6735317284584,12.4103720270942,30.8463959174691,32.7716145309985,48.2796711769125,48.9894024603992,0.230801283085562,0,0,0,0,-1
9.48999999999999,9.61,12.5991578958129,12.6735317284584,28.6034173863901,30.8463959174691,47.5917427059769,48.2796711769125,-0.910546663580597,0,0,0,0,0
9.28,9.48999999999999,12.6756294439089,12.5991578958129,27.7653073615857,28.6034173863901,47.185434589934,47.5917427059769,-1.10175622401147,0,0,0,1,0
8.94,9.28,13.1501134157249,12.6756294439089,28.0558021901971,27.7653073615857,46.5082611666138,47.185434589934,1.65838241362351,0,0,0,-1,0
9.23,8.94,12.2036973640168,13.1501134157249,26.7897985127474,28.0558021901971,45.6352749108644,46.5082611666138,-0.694869746936615,0,0,0,-1,0
8.65000000000001,9.23,12.2266748680227,12.2036973640168,25.3566669077503,26.7897985127474,45.7374756638272,45.6352749108644,0.241865546751328,0,0,0,2,1
8.73999999999999,8.65000000000001,12.2956598373313,12.2266748680227,24.3581455921441,25.3566669077503,45.4956045699847,45.7374756638272,0.47542100114168,0,0,0,-1,-1
4.02,0,13.5748187018914,0,14.6483057433105,0,58.1823151016007,0,-0.233318385153751,0,-0.233318385153751,0,1,0
4.42,4.02,13.5616212299049,13.5748187018914,14.6630458653607,14.6483057433105,57.4846310175368,58.1823151016007,0.0463141473731241,0,0.0463141473731241,0,-1,0
3.44,4.42,13.4802230625265,13.5616212299049,14.5589639296372,14.6630458653607,58.6449509956015,57.4846310175368,-0.35785203631988,0,-0.35785203631988,0,0,1
3.84,3.44,13.4517096342371,13.4802230625265,14.5913553334813,14.5589639296372,57.3721926150834,58.6449509956015,-0.084639006412992,0,-0.084639006412992,0,0,-1
4.09999999999999,3.84,13.174422385325,13.4517096342371,14.6835150871937,14.5913553334813,56.5173615964925,57.3721926150834,0.224833048530936,0,0.224833048530936,0,0,0
4.45999999999999,4.09999999999999,13.4488692352852,13.174422385325,14.6248445915287,14.6835150871937,54.5812192770806,56.5173615964925,-0.0873685308722294,0,-0.0873685308722294,0,0,0
4.69,4.45999999999999,13.5694102733408,13.4488692352852,14.4203719552691,14.6248445915287,54.9665004595902,54.5812192770806,-0.544289851517746,0,-0.544289851517746,0,1,0
4.90000000000001,4.69,13.7500225233303,13.5694102733408,14.0540514340388,14.4203719552691,54.6363749202965,54.9665004595902,0.234458260675932,0,0.234458260675932,0,-1,0
4.55,4.90000000000001,13.6584959694474,13.7500225233303,14.4182912638289,14.0540514340388,54.4664865604567,54.6363749202965,0.604131732419482,0,0.604131732419482,0,0,0
4.27,4.55,13.6599832120246,13.6584959694474,14.1702764347711,14.4182912638289,53.639108889722,54.4664865604567,0.224298545394849,0,0.224298545394849,0,0,0
4.15000000000001,4.27,13.5462987578602,13.6599832120246,14.2040488413536,14.1702764347711,51.7043649708723,53.639108889722,-0.172903457899903,0,-0.172903457899903,0,0,0
3.23,4.15000000000001,13.4686668047183,13.5462987578602,14.2898970669554,14.2040488413536,50.8920671940852,51.7043649708723,-0.295709351634354,0,-0.295709351634354,0,0,-1
3.45,3.23,13.575383715649,13.4686668047183,14.013144293052,14.2898970669554,51.3585118002789,50.8920671940852,-0.119794702308202,0,-0.119794702308202,0,-1,1
2.90000000000001,3.45,13.30269274197,13.575383715649,13.5860278778466,14.013144293052,51.9843064956344,51.3585118002789,0.292313451931442,0,0.292313451931442,0,1,0
3.78,2.90000000000001,14.2394118366884,13.30269274197,13.6219354550136,13.5860278778466,52.717167088493,51.9843064956344,-1.92325516729135,0,-1.92325516729135,0,0,0
3.3,3.78,14.1926495535597,14.2394118366884,13.2929792042213,13.6219354550136,52.8173829465439,52.717167088493,0.637065780499267,0,0.637065780499267,0,0,0
3.03,3.3,14.3450432450698,14.1926495535597,13.1369663121177,13.2929792042213,53.0872918537793,52.8173829465439,0.0708645063531286,0,0.0708645063531286,0,0,-1
2.5,3.03,14.2583696833923,14.3450432450698,12.8968958016798,13.1369663121177,53.1524488689709,53.0872918537793,-0.442791343315005,0,-0.442791343315005,0,-1,1
2.40000000000001,2.5,14.0852163178443,14.2583696833923,12.9521544346701,12.8968958016798,54.0896345132452,53.1524488689709,-0.122485714305558,0,-0.122485714305558,0,1,0
2.95,2.40000000000001,14.3176635135215,14.0852163178443,12.8544143674115,12.9521544346701,54.7161582081551,54.0896345132452,-0.34995749061331,0,-0.34995749061331,0,0,0
3.20999999999999,2.95,13.6773333677575,14.3176635135215,12.8712883536709,12.8544143674115,54.6768024245023,54.7161582081551,4.79853379400944,0,4.79853379400944,0,0,0
3.67,3.20999999999999,13.8314619339936,13.6773333677575,12.7157412779733,12.8712883536709,54.3147568038929,54.6768024245023,-3.14136377945639,0,-3.14136377945639,0,0,0
3.95,3.67,13.8935044707529,13.8314619339936,12.6590193250399,12.7157412779733,54.1172627319423,54.3147568038929,-0.558636367477391,0,-0.558636367477391,0,0,0
4.59999999999999,3.95,13.9151501023819,13.8935044707529,12.4376756449918,12.6590193250399,54.5714507587191,54.1172627319423,0.0136584634519359,0,0.0136584634519359,0,0,0
4.69,4.59999999999999,13.8852501252032,13.9151501023819,12.2498390448685,12.4376756449918,55.0550409246354,54.5714507587191,0.354806192694786,0,0.354806192694786,0,0,1
4.77,4.69,14.0125428705059,13.8852501252032,12.2513405761678,12.2498390448685,55.8444769309965,55.0550409246354,-0.525692826875712,0,-0.525692826875712,0,0,-1
5.05,4.77,14.1984392019383,14.0125428705059,11.8632694535824,12.2513405761678,55.9794232144954,55.8444769309965,0.853238759669049,0,0.853238759669049,0,0,0
5.58,5.05,13.5282508826054,14.1984392019383,12.0616008432849,11.8632694535824,56.4299198156346,55.9794232144954,0.223469131078785,0,0.223469131078785,0,1,1
5.34,5.58,13.9670184599384,13.5282508826054,12.2128768987383,12.0616008432849,57.4618588754847,56.4299198156346,-0.955130924869447,0,-0.955130924869447,0,-1,-1
6.12999999999999,5.34,13.7632544724829,13.9670184599384,12.3077702872058,12.2128768987383,59.1712749065179,57.4618588754847,0.0285164784650451,0,0.0285164784650451,0,0,0
6.39,6.12999999999999,13.6784491630604,13.7632544724829,12.4397929124802,12.3077702872058,60.4960377990058,59.1712749065179,0.496396877265354,0,0.496396877265354,0,1,0
5.76000000000001,6.39,13.8171172272487,13.6784491630604,12.3584199508729,12.4397929124802,61.4115490678902,60.4960377990058,-0.146076127954611,0,-0.146076127954611,0,-1,0
5.97,5.76000000000001,13.6925364777925,13.8171172272487,12.9369395487963,12.3584199508729,61.6190028510198,61.4115490678902,0.541858599931217,0,0.541858599931217,0,0,0
5.95,5.97,13.5243238915821,13.6925364777925,12.951980592667,12.9369395487963,61.2437423522265,61.6190028510198,-0.624837717399792,0,-0.624837717399792,0,0,0
6.18000000000001,5.95,13.4990295910779,13.5243238915821,13.2821004199767,12.951980592667,60.8309168088424,61.2437423522265,5.29167397660498,0,5.29167397660498,0,0,-1
6.20999999999999,6.18000000000001,12.9340446949076,13.4990295910779,13.5965313757239,13.2821004199767,60.7248502798929,60.8309168088424,-3.44916572281051,0,-3.44916572281051,0,-1,0
6.52,6.20999999999999,13.1103434421276,12.9340446949076,13.350902917378,13.5965313757239,61.2825475743831,60.7248502798929,-2.73710325735289,0,-2.73710325735289,0,1,1
10.96,6.52,14.0252972645853,13.1103434421276,-2.63333341251676,13.350902917378,61.0554139315937,61.2825475743831,-1.87338904480528,0,-1.87338904480528,0,0,0
12.87,10.96,13.890858508415,14.0252972645853,-31.8984174069917,-2.63333341251676,60.3272819304967,61.0554139315937,2.73143325452513,0,2.73143325452513,0,0,0
12.97,12.87,13.9886674517679,13.890858508415,18.9644558353502,-31.8984174069917,59.698697487457,60.3272819304967,-0.724260211531156,0,-0.724260211531156,0,0,0
12.92,12.97,14.6710374918546,13.9886674517679,17.7662069034729,18.9644558353502,59.3512020035278,59.698697487457,2.8657128594502,0,2.8657128594502,0,0,0
11.68,12.92,14.3675449588264,14.6710374918546,15.821690496179,17.7662069034729,59.4324262845162,59.3512020035278,-0.506434658915303,0,-0.506434658915303,0,0,0
11.17,11.68,14.4046072958793,14.3675449588264,15.6526963524399,15.821690496179,60.02728040458,59.4324262845162,-0.921732476157693,0,-0.921732476157693,0,0,0
11.38,11.17,14.3780663783723,14.4046072958793,15.3608710093849,15.6526963524399,60.3192843976889,60.02728040458,-0.176982568817097,0,-0.176982568817097,0,0,1
11.41,11.38,14.248238284715,14.3780663783723,14.7168976935406,15.3608710093849,60.7610571798428,60.3192843976889,-0.00987692322549982,0,-0.00987692322549982,0,0,-1
11.91,11.41,14.5365093127714,14.248238284715,15.2530034059759,14.7168976935406,60.6663740596349,60.7610571798428,-2.08697942896877,0,-2.08697942896877,0,1,0
12.31,11.91,14.3283709235874,14.5365093127714,16.0315052095411,15.2530034059759,60.6120858328545,60.6663740596349,1.48234527551285,0,1.48234527551285,0,-1,0
12.84,12.31,14.4666969447932,14.3283709235874,16.5145313086986,16.0315052095411,58.8276372726635,60.6120858328545,-0.0858261368690396,0,-0.0858261368690396,0,0,0
12.5,12.84,14.3091677834711,14.4666969447932,16.0031744871089,16.5145313086986,58.937330060842,58.8276372726635,0.0855621893392779,0,0.0855621893392779,0,0,0
8.33,12.5,14.0940154335211,14.3091677834711,15.9197228995966,16.0031744871089,59.5004645081062,58.937330060842,-0.0694924849490306,0,-0.0694924849490306,0,0,1
6.69,8.33,13.9429237922799,14.0940154335211,15.723486965462,15.9197228995966,59.6208400886854,59.5004645081062,-0.0150522367082608,0,-0.0150522367082608,0,0,0
6.23999999999999,6.69,13.2138460116075,13.9429237922799,15.6319333554744,15.723486965462,60.0001086228481,59.6208400886854,0.757592946502786,0,0.757592946502786,0,1,-1
6.01000000000001,6.23999999999999,13.2511250754275,13.2138460116075,15.8209545150649,15.6319333554744,60.7107503545883,60.0001086228481,2.4972290169703,0,2.4972290169703,0,-1,1
6.34,6.01000000000001,12.9701851612109,13.2511250754275,15.5934143403324,15.8209545150649,61.4670498506907,60.7107503545883,-1.84168907065787,0,-1.84168907065787,0,1,-1
6.66,6.34,12.8125548861801,12.9701851612109,16.5212022799242,15.5934143403324,63.0717977833925,61.4670498506907,0.850895361256956,0,0.850895361256956,0,0,0
6.98,6.66,12.7630855167251,12.8125548861801,18.1340785993313,16.5212022799242,64.3861573108423,63.0717977833925,-3.24247020059627,0,-3.24247020059627,0,-1,1
7.73999999999999,6.98,12.5514976191711,12.7630855167251,18.515111149366,18.1340785993313,65.2865794570979,64.3861573108423,2.21008655524883,0,2.21008655524883,0,0,-1
7.87000000000001,7.73999999999999,12.6224387360074,12.5514976191711,19.8535035497015,18.515111149366,65.5648772181216,65.2865794570979,-2.2378425154308,0,-2.2378425154308,0,1,0
7.37999999999999,7.87000000000001,12.7360121972891,12.6224387360074,19.5411118261256,19.8535035497015,65.0443911969308,65.5648772181216,1.51933748883128,0,1.51933748883128,0,-1,0
6.81999999999999,7.37999999999999,12.8602004494313,12.7360121972891,23.1768130312792,19.5411118261256,64.877870490829,65.0443911969308,-0.0387339306838328,0,-0.0387339306838328,0,0,0
6.94,6.81999999999999,12.7662346976744,12.8602004494313,25.9544481442849,23.1768130312792,64.5243719987515,64.877870490829,-1.74209617894006,0,-1.74209617894006,0,0,1
7.15000000000001,6.94,12.6887707464707,12.7662346976744,24.461523437452,25.9544481442849,64.5642176257808,64.5243719987515,1.37820301786078,0,1.37820301786078,0,0,0
7.31,7.15000000000001,12.7142400434993,12.6887707464707,25.4847555877021,24.461523437452,63.3915271643173,64.5642176257808,-0.147723243239266,0,-0.147723243239266,0,0,0
7.42,7.31,12.3433572580999,12.7142400434993,24.3304164867794,25.4847555877021,63.4693325846688,63.3915271643173,1.99752624521402,0,1.99752624521402,0,1,-1
7.98,7.42,12.4707182077208,12.3433572580999,23.4329692775076,24.3304164867794,64.2470718647889,63.4693325846688,-3.32207411321289,0,-3.32207411321289,0,-1,1
8.86,7.98,11.3970159724962,12.4707182077208,24.0085090754109,23.4329692775076,63.7146808987071,64.2470718647889,2.57929124483088,0,2.57929124483088,0,1,-1
9.23,8.86,11.3407821296303,11.3970159724962,26.1275342685167,24.0085090754109,64.1959636968364,63.7146808987071,1.37150917776396,0,1.37150917776396,0,0,0
9.09999999999999,9.23,11.3332256242495,11.3407821296303,29.1121667384908,26.1275342685167,63.9607283622352,64.1959636968364,-1.69837436785221,0,-1.69837436785221,0,0,-1
9.15000000000001,9.09999999999999,11.1762919790333,11.3332256242495,32.2468917902832,29.1121667384908,62.8958944855352,63.9607283622352,-0.0926841374253904,0,-0.0926841374253904,0,-2,1
9.29000000000001,9.15000000000001,11.3308773275583,11.1762919790333,32.2612263464351,32.2468917902832,60.9855913291,62.8958944855352,0.0683155196827663,0,0.0683155196827663,0,1,-1
9.23999999999999,9.29000000000001,12.1118243308852,11.3308773275583,29.8255992717721,32.2612263464351,59.1639215091914,60.9855913291,0.0971594068581645,0,0.0971594068581645,0,-1,1
9.81,9.23999999999999,12.1316725215722,12.1118243308852,31.6691561009355,29.8255992717721,57.5686464548877,59.1639215091914,0.167552665291165,0,0.167552665291165,0,2,0
10.18,9.81,12.4447606913061,12.1316725215722,32.3360072242892,31.6691561009355,56.8220592956596,57.5686464548877,-0.199229542945385,0,-0.199229542945385,0,-1,1
9.95999999999999,10.18,12.7305354250587,12.4447606913061,33.4725493713655,32.3360072242892,56.2084103691418,56.8220592956596,0.230801283085562,0,0.230801283085562,0,0,-1
9.89,9.95999999999999,12.6689052580488,12.7305354250587,31.2416905711226,33.4725493713655,55.9633630500414,56.2084103691418,-0.910546663580597,0,-0.910546663580597,0,0,0
9.86,9.89,12.7893687500713,12.6689052580488,31.5637535511905,31.2416905711226,55.5566231027946,55.9633630500414,-1.10175622401147,0,-1.10175622401147,0,1,0
9.48999999999999,9.86,13.174100043046,12.7893687500713,30.0039350378511,31.5637535511905,55.049116627627,55.5566231027946,1.65838241362351,0,1.65838241362351,0,-1,0
9.62,9.48999999999999,12.2271429376948,13.174100043046,29.8187922584452,30.0039350378511,54.6190383096838,55.049116627627,-0.694869746936615,0,-0.694869746936615,0,-1,0
8.75,9.62,12.2682320777086,12.2271429376948,29.6408099502768,29.8187922584452,55.0829624913218,54.6190383096838,0.241865546751328,0,0.241865546751328,0,2,1
8.93000000000001,8.75,12.3205702987186,12.2682320777086,28.3293180241836,29.6408099502768,54.8585449041267,55.0829624913218,0.47542100114168,0,0.47542100114168,0,-1,-1
4.84999999999999,0,13.8847892766928,0,16.4252700432182,0,53.0591959596255,0,-0.233318385153751,0,0,-0.233318385153751,1,0
4.56999999999999,4.84999999999999,13.8962086420949,13.8847892766928,16.3166584786272,16.4252700432182,53.6344148767626,53.0591959596255,0.0463141473731241,0,0,0.0463141473731241,-1,0
4.62999999999999,4.56999999999999,13.7653742354358,13.8962086420949,16.6337162437752,16.3166584786272,55.2458455703778,53.6344148767626,-0.35785203631988,0,0,-0.35785203631988,0,1
4.89,4.62999999999999,13.7505262829206,13.7653742354358,16.756663081294,16.6337162437752,55.6527580282913,55.2458455703778,-0.084639006412992,0,0,-0.084639006412992,0,-1
3.98999999999999,4.89,13.3049664628207,13.7505262829206,16.6315919202069,16.756663081294,55.9435487918645,55.6527580282913,0.224833048530936,0,0,0.224833048530936,0,0
3.65000000000001,3.98999999999999,13.6394246284893,13.3049664628207,16.4295186111145,16.6315919202069,58.8706426049071,55.9435487918645,-0.0873685308722294,0,0,-0.0873685308722294,0,0
3.09999999999999,3.65000000000001,14.0270070607422,13.6394246284893,16.1053243555876,16.4295186111145,59.3984914399198,58.8706426049071,-0.544289851517746,0,0,-0.544289851517746,1,0
2.95999999999999,3.09999999999999,14.1708328006577,14.0270070607422,15.9446079395717,16.1053243555876,59.8853344090742,59.3984914399198,0.234458260675932,0,0,0.234458260675932,-1,0
2.68000000000001,2.95999999999999,14.1465177077298,14.1708328006577,16.1490412144104,15.9446079395717,57.5584566487673,59.8853344090742,0.604131732419482,0,0,0.604131732419482,0,0
2.69,2.68000000000001,14.3457762245001,14.1465177077298,15.8147496627717,16.1490412144104,57.2931550117766,57.5584566487673,0.224298545394849,0,0,0.224298545394849,0,0
1.87,2.69,14.1662501018379,14.3457762245001,15.8053252213412,15.8147496627717,57.5366976696624,57.2931550117766,-0.172903457899903,0,0,-0.172903457899903,0,0
1.47,1.87,14.1270179643507,14.1662501018379,15.7265763137271,15.8053252213412,70.0793490083584,57.5366976696624,-0.295709351634354,0,0,-0.295709351634354,0,-1
0.870000000000005,1.47,14.2517106939734,14.1270179643507,15.8087535849071,15.7265763137271,70.1498530061302,70.0793490083584,-0.119794702308202,0,0,-0.119794702308202,-1,1
1.27,0.870000000000005,13.8948286475351,14.2517106939734,15.5710467434549,15.8087535849071,70.6865487580187,70.1498530061302,0.292313451931442,0,0,0.292313451931442,1,0
2.28,1.27,14.6010914580745,13.8948286475351,15.5632120368965,15.5710467434549,67.4113469324677,70.6865487580187,-1.92325516729135,0,0,-1.92325516729135,0,0
2.04000000000001,2.28,14.2960684761473,14.6010914580745,15.3062772990894,15.5632120368965,66.553688766449,67.4113469324677,0.637065780499267,0,0,0.637065780499267,0,0
2.97,2.04000000000001,14.4650897549347,14.2960684761473,14.6881974640525,15.3062772990894,66.6162269836822,66.553688766449,0.0708645063531286,0,0,0.0708645063531286,0,-1
2.94,2.97,14.4584383654578,14.4650897549347,14.3878496298782,14.6881974640525,59.7821174445116,66.6162269836822,-0.442791343315005,0,0,-0.442791343315005,-1,1
3.31,2.94,14.2725875562986,14.4584383654578,14.5054679917393,14.3878496298782,60.2249038687373,59.7821174445116,-0.122485714305558,0,0,-0.122485714305558,1,0
3.67,3.31,14.7217195673488,14.2725875562986,14.3954115406674,14.5054679917393,60.7051006231484,60.2249038687373,-0.34995749061331,0,0,-0.34995749061331,0,0
4.47,3.67,14.0944018229881,14.7217195673488,14.3220850418528,14.3954115406674,57.9276981364738,60.7051006231484,4.79853379400944,0,0,4.79853379400944,0,0
4.37000000000001,4.47,14.2320187982567,14.0944018229881,14.3318421091463,14.3220850418528,58.4638900272118,57.9276981364738,-3.14136377945639,0,0,-3.14136377945639,0,0
5.05,4.37000000000001,14.1613798613266,14.2320187982567,13.9990458307718,14.3318421091463,58.4174029097634,58.4638900272118,-0.558636367477391,0,0,-0.558636367477391,0,0
5.02,5.05,14.2402148565915,14.1613798613266,13.9662623749965,13.9990458307718,58.294425752875,58.4174029097634,0.0136584634519359,0,0,0.0136584634519359,0,0
5.84,5.02,14.181304210659,14.2402148565915,14.1309381686822,13.9662623749965,58.9110699498649,58.294425752875,0.354806192694786,0,0,0.354806192694786,0,1
6.84999999999999,5.84,14.2562006065609,14.181304210659,13.6035970980656,14.1309381686822,59.5547388774928,58.9110699498649,-0.525692826875712,0,0,-0.525692826875712,0,-1
5.78,6.84999999999999,14.3982159224259,14.2562006065609,13.1781546838306,13.6035970980656,61.5404427143191,59.5547388774928,0.853238759669049,0,0,0.853238759669049,0,0
6.2,5.78,13.7519465695378,14.3982159224259,13.321954521352,13.1781546838306,62.642758153476,61.5404427143191,0.223469131078785,0,0,0.223469131078785,1,1
6.29000000000001,6.2,14.130478496862,13.7519465695378,13.3977575640342,13.321954521352,63.3562152610174,62.642758153476,-0.955130924869447,0,0,-0.955130924869447,-1,-1
6.94,6.29000000000001,13.8211444143187,14.130478496862,13.5278865138863,13.3977575640342,64.1749133307616,63.3562152610174,0.0285164784650451,0,0,0.0285164784650451,0,0
7,6.94,13.6436453182997,13.8211444143187,13.2105516599579,13.5278865138863,65.3695194292559,64.1749133307616,0.496396877265354,0,0,0.496396877265354,1,0
7.90000000000001,7,13.6451076951761,13.6436453182997,12.8212678337489,13.2105516599579,66.2832381579818,65.3695194292559,-0.146076127954611,0,0,-0.146076127954611,-1,0
9.31,7.90000000000001,13.5304622273741,13.6451076951761,13.6946327381624,12.8212678337489,67.5806504138352,66.2832381579818,0.541858599931217,0,0,0.541858599931217,0,0
9.31999999999999,9.31,13.4400025091972,13.5304622273741,13.827680491072,13.6946327381624,68.019140751496,67.5806504138352,-0.624837717399792,0,0,-0.624837717399792,0,0
9.18000000000001,9.31999999999999,13.5030919007156,13.4400025091972,13.4711204150646,13.827680491072,68.3245074564728,68.019140751496,5.29167397660498,0,0,5.29167397660498,0,-1
9.79000000000001,9.18000000000001,12.9776926091828,13.5030919007156,13.9013505640987,13.4711204150646,67.1784051964306,68.3245074564728,-3.44916572281051,0,0,-3.44916572281051,-1,0
9.70999999999999,9.79000000000001,13.991697687718,12.9776926091828,14.0341174426686,13.9013505640987,67.7548528965524,67.1784051964306,-2.73710325735289,0,0,-2.73710325735289,1,1
15.94,9.70999999999999,14.823115841704,13.991697687718,19.5455425224026,14.0341174426686,67.0814634269412,67.7548528965524,-1.87338904480528,0,0,-1.87338904480528,0,0
17.48,15.94,14.5787683263321,14.823115841704,22.3821741634819,19.5455425224026,66.227401720925,67.0814634269412,2.73143325452513,0,0,2.73143325452513,0,0
17.47,17.48,14.592103437418,14.5787683263321,23.1623054769938,22.3821741634819,65.4126106920299,66.227401720925,-0.724260211531156,0,0,-0.724260211531156,0,0
16.45,17.47,15.1628450854245,14.592103437418,20.5646965439775,23.1623054769938,64.7036319838915,65.4126106920299,2.8657128594502,0,0,2.8657128594502,0,0
14.77,16.45,14.8536893480273,15.1628450854245,17.9684127591342,20.5646965439775,62.9702976470307,64.7036319838915,-0.506434658915303,0,0,-0.506434658915303,0,0
13.42,14.77,14.7181762021111,14.8536893480273,17.2328895243378,17.9684127591342,63.0366465015034,62.9702976470307,-0.921732476157693,0,0,-0.921732476157693,0,0
12.96,13.42,14.6676150889284,14.7181762021111,16.8608354263558,17.2328895243378,63.8081253456381,63.0366465015034,-0.176982568817097,0,0,-0.176982568817097,0,1
11.21,12.96,14.5347516304887,14.6676150889284,17.0729012069948,16.8608354263558,63.9546709492803,63.8081253456381,-0.00987692322549982,0,0,-0.00987692322549982,0,-1
10.58,11.21,14.7161560599067,14.5347516304887,17.5402617599755,17.0729012069948,64.7151796831991,63.9546709492803,-2.08697942896877,0,0,-2.08697942896877,1,0
11.2,10.58,14.5070313642759,14.7161560599067,18.5940698377025,17.5402617599755,65.6340775442664,64.7151796831991,1.48234527551285,0,0,1.48234527551285,-1,0
11.29,11.2,14.6410482589553,14.5070313642759,16.9949329733855,18.5940698377025,65.8730424456363,65.6340775442664,-0.0858261368690396,0,0,-0.0858261368690396,0,0
11.25,11.29,14.4564594037512,14.6410482589553,16.875061813416,16.9949329733855,66.2244918143779,65.8730424456363,0.0855621893392779,0,0,0.0855621893392779,0,0
3.90000000000001,11.25,14.31714939771,14.4564594037512,16.4836663427132,16.875061813416,67.016353461048,66.2244918143779,-0.0694924849490306,0,0,-0.0694924849490306,0,1
2.62,3.90000000000001,14.1544158809055,14.31714939771,16.8752733010704,16.4836663427132,67.8850328497361,67.016353461048,-0.0150522367082608,0,0,-0.0150522367082608,0,0
2.09,2.62,13.6144833178536,14.1544158809055,16.8429369932242,16.8752733010704,68.9924179215071,67.8850328497361,0.757592946502786,0,0,0.757592946502786,1,-1
2.88,2.09,13.632286242715,13.6144833178536,17.2231469692464,16.8429369932242,70.1327214015083,68.9924179215071,2.4972290169703,0,0,2.4972290169703,-1,1
4.39,2.88,13.3942891236758,13.632286242715,16.4582294867338,17.2231469692464,69.5171654304303,70.1327214015083,-1.84168907065787,0,0,-1.84168907065787,1,-1
5.48999999999999,4.39,13.2533709603204,13.3942891236758,16.6585791284109,16.4582294867338,71.7476621362195,69.5171654304303,0.850895361256956,0,0,0.850895361256956,0,0
6.05,5.48999999999999,13.1493059613149,13.2533709603204,18.6342212100893,16.6585791284109,73.806134789989,71.7476621362195,-3.24247020059627,0,0,-3.24247020059627,-1,1
6.61,6.05,12.8235544080352,13.1493059613149,19.5879076501515,18.6342212100893,76.0453654804204,73.806134789989,2.21008655524883,0,0,2.21008655524883,0,-1
7.42,6.61,12.8667971015735,12.8235544080352,20.4409998946162,19.5879076501515,77.1952948951995,76.0453654804204,-2.2378425154308,0,0,-2.2378425154308,1,0
7.06,7.42,12.8480228008892,12.8667971015735,21.6894374355946,20.4409998946162,76.9902365909998,77.1952948951995,1.51933748883128,0,0,1.51933748883128,-1,0
7.45999999999999,7.06,12.9313577074328,12.8480228008892,22.9707951017799,21.6894374355946,79.8790175293688,76.9902365909998,-0.0387339306838328,0,0,-0.0387339306838328,0,0
7.55,7.45999999999999,12.8731800597744,12.9313577074328,23.4608601254831,22.9707951017799,80.2057795329791,79.8790175293688,-1.74209617894006,0,0,-1.74209617894006,0,1
7.47,7.55,12.7575179805965,12.8731800597744,22.6932387611574,23.4608601254831,80.7764825499156,80.2057795329791,1.37820301786078,0,0,1.37820301786078,0,0
7.67,7.47,12.7120840475202,12.7575179805965,22.318671804424,22.6932387611574,81.536823361822,80.7764825499156,-0.147723243239266,0,0,-0.147723243239266,0,0
8.36,7.67,12.2863884804941,12.7120840475202,22.8313380218155,22.318671804424,81.9993881821425,81.536823361822,1.99752624521402,0,0,1.99752624521402,1,-1
8.55,8.36,12.4209659582984,12.2863884804941,23.5901369461257,22.8313380218155,82.9208170058677,81.9993881821425,-3.32207411321289,0,0,-3.32207411321289,-1,1
9.31999999999999,8.55,11.4802686551861,12.4209659582984,23.8684249993404,23.5901369461257,77.4644148494412,82.9208170058677,2.57929124483088,0,0,2.57929124483088,1,-1
10.1,9.31999999999999,11.4251517385254,11.4802686551861,24.458934277399,23.8684249993404,77.876347116347,77.4644148494412,1.37150917776396,0,0,1.37150917776396,0,0
9.77,10.1,11.3985889844123,11.4251517385254,24.8954989925367,24.458934277399,77.6653379251972,77.876347116347,-1.69837436785221,0,0,-1.69837436785221,0,-1
9.63,9.77,11.2238263801636,11.3985889844123,24.9731776160041,24.8954989925367,77.7047465864995,77.6653379251972,-0.0926841374253904,0,0,-0.0926841374253904,-2,1
9.87,9.63,11.3920836712662,11.2238263801636,25.9304209795084,24.9731776160041,73.9128677397056,77.7047465864995,0.0683155196827663,0,0,0.0683155196827663,1,-1
9.70999999999999,9.87,12.0537841120724,11.3920836712662,25.2284179146063,25.9304209795084,72.0181938119769,73.9128677397056,0.0971594068581645,0,0,0.0971594068581645,-1,1
9.06,9.70999999999999,12.0582255839249,12.0537841120724,26.4718499592443,25.2284179146063,70.5975169626945,72.0181938119769,0.167552665291165,0,0,0.167552665291165,2,0
9.44,9.06,12.3577871681091,12.0582255839249,27.8559539129084,26.4718499592443,69.7154081514045,70.5975169626945,-0.199229542945385,0,0,-0.199229542945385,-1,1
10.18,9.44,12.6275339974006,12.3577871681091,27.4900453292924,27.8559539129084,68.9548886722647,69.7154081514045,0.230801283085562,0,0,0.230801283085562,0,-1
9.77,10.18,12.5830352141285,12.6275339974006,25.4814600791734,27.4900453292924,68.6564225518514,68.9548886722647,-0.910546663580597,0,0,-0.910546663580597,0,0
9.56999999999999,9.77,12.6509431990238,12.5830352141285,26.4478086747303,25.4814600791734,68.3863889438869,68.6564225518514,-1.10175622401147,0,0,-1.10175622401147,1,0
8.77,9.56999999999999,13.0500666044823,12.6509431990238,26.3214585624624,26.4478086747303,67.441851192742,68.3863889438869,1.65838241362351,0,0,1.65838241362351,-1,0
8.26000000000001,8.77,12.2290479833093,13.0500666044823,25.585197857737,26.3214585624624,66.1084788388924,67.441851192742,-0.694869746936615,0,0,-0.694869746936615,-1,0
6.62000000000001,8.26000000000001,12.2585853120032,12.2290479833093,23.7241517416697,25.585197857737,65.9625071281906,66.1084788388924,0.241865546751328,0,0,0.241865546751328,2,1
7,6.62000000000001,12.2976046733041,12.2585853120032,23.7214126416495,23.7241517416697,65.4235507937289,65.9625071281906,0.47542100114168,0,0,0.47542100114168,-1,-1
4.67,0,14.1234361308594,0,14.8872846930707,0,52.118084804556,0,-0.233318385153751,-0.233318385153751,0,0,1,0
4.92,4.67,14.1043665728375,14.1234361308594,14.7626349690731,14.8872846930707,52.9300951418429,52.118084804556,0.0463141473731241,0.0463141473731241,0,0,-1,0
4.73999999999999,4.92,13.9831888107962,14.1043665728375,14.7865079976942,14.7626349690731,53.7676043308388,52.9300951418429,-0.35785203631988,-0.35785203631988,0,0,0,1
4.67,4.73999999999999,14.0028831960573,13.9831888107962,14.9646708337033,14.7865079976942,54.3158955593707,53.7676043308388,-0.084639006412992,-0.084639006412992,0,0,0,-1
4.34999999999999,4.67,13.8359911531429,14.0028831960573,14.838603843156,14.9646708337033,54.727573384245,54.3158955593707,0.224833048530936,0.224833048530936,0,0,0,0
4.48999999999999,4.34999999999999,14.0672963727687,13.8359911531429,14.7417923172778,14.838603843156,54.7268664322044,54.727573384245,-0.0873685308722294,-0.0873685308722294,0,0,0,0
4.16,4.48999999999999,14.1144340471917,14.0672963727687,14.5387985340116,14.7417923172778,55.3840544433658,54.7268664322044,-0.544289851517746,-0.544289851517746,0,0,1,0
3.89,4.16,14.2115700195274,14.1144340471917,14.3773633895324,14.5387985340116,56.0274796947826,55.3840544433658,0.234458260675932,0.234458260675932,0,0,-1,0
3.43000000000001,3.89,14.0937662260359,14.2115700195274,14.5319680740776,14.3773633895324,56.376148668277,56.0274796947826,0.604131732419482,0.604131732419482,0,0,0,0
3.17,3.43000000000001,14.1757020559841,14.0937662260359,14.3036852451213,14.5319680740776,56.8782925186659,56.376148668277,0.224298545394849,0.224298545394849,0,0,0,0
2.84999999999999,3.17,14.0544753455074,14.1757020559841,14.0087413097014,14.3036852451213,57.419648578118,56.8782925186659,-0.172903457899903,-0.172903457899903,0,0,0,0
2.26000000000001,2.84999999999999,14.1425944799465,14.0544753455074,14.0708954857044,14.0087413097014,57.5497668377967,57.419648578118,-0.295709351634354,-0.295709351634354,0,0,0,-1
2.27,2.26000000000001,14.2784339439755,14.1425944799465,14.1347324258982,14.0708954857044,57.9528091569701,57.5497668377967,-0.119794702308202,-0.119794702308202,0,0,-1,1
2.20999999999999,2.27,13.9945498823799,14.2784339439755,13.7717904430775,14.1347324258982,58.6034626643311,57.9528091569701,0.292313451931442,0.292313451931442,0,0,1,0
2.84,2.20999999999999,14.6602369932902,13.9945498823799,13.8604538983019,13.7717904430775,58.7609272757507,58.6034626643311,-1.92325516729135,-1.92325516729135,0,0,0,0
2.68000000000001,2.84,14.5643801043776,14.6602369932902,13.736688758097,13.8604538983019,58.955927698772,58.7609272757507,0.637065780499267,0.637065780499267,0,0,0,0
2.81999999999999,2.68000000000001,14.7755284401367,14.5643801043776,13.6710049521198,13.736688758097,59.3908808864315,58.955927698772,0.0708645063531286,0.0708645063531286,0,0,0,-1
2.81999999999999,2.81999999999999,14.6556377684986,14.7755284401367,13.2354938746239,13.6710049521198,59.542805860173,59.3908808864315,-0.442791343315005,-0.442791343315005,0,0,-1,1
3.17,2.81999999999999,14.5788007961578,14.6556377684986,13.1892307018351,13.2354938746239,60.5834886741695,59.542805860173,-0.122485714305558,-0.122485714305558,0,0,1,0
3.39,3.17,14.7439713579729,14.5788007961578,13.0579342022536,13.1892307018351,61.5076088044677,60.5834886741695,-0.34995749061331,-0.34995749061331,0,0,0,0
3.7,3.39,14.2200998725748,14.7439713579729,12.5731497022923,13.0579342022536,62.6532176465282,61.5076088044677,4.79853379400944,4.79853379400944,0,0,0,0
4.2,3.7,14.3304090865585,14.2200998725748,12.8156409048247,12.5731497022923,62.7444259112063,62.6532176465282,-3.14136377945639,-3.14136377945639,0,0,0,0
4.78,4.2,14.4656954768789,14.3304090865585,12.5220728060652,12.8156409048247,63.065144640912,62.7444259112063,-0.558636367477391,-0.558636367477391,0,0,0,0
5.08,4.78,14.4100926648029,14.4656954768789,12.5480882787604,12.5220728060652,63.3148661620909,63.065144640912,0.0136584634519359,0.0136584634519359,0,0,0,0
5.59999999999999,5.08,14.427783162913,14.4100926648029,12.4228664158812,12.5480882787604,64.1112593790717,63.3148661620909,0.354806192694786,0.354806192694786,0,0,0,1
5.93000000000001,5.59999999999999,14.4667040993136,14.427783162913,12.3204349555034,12.4228664158812,65.6076392146147,64.1112593790717,-0.525692826875712,-0.525692826875712,0,0,0,-1
5.83,5.93000000000001,14.4040226395193,14.4667040993136,12.1245331801919,12.3204349555034,66.49307954452,65.6076392146147,0.853238759669049,0.853238759669049,0,0,0,0
6.37000000000001,5.83,13.9422969084163,14.4040226395193,12.3710603002825,12.1245331801919,67.2952504668119,66.49307954452,0.223469131078785,0.223469131078785,0,0,1,1
7.08,6.37000000000001,14.3281194312919,13.9422969084163,12.3857204530804,12.3710603002825,68.3740607057101,67.2952504668119,-0.955130924869447,-0.955130924869447,0,0,-1,-1
7.41,7.08,14.1572700064796,14.3281194312919,12.6187476218047,12.3857204530804,68.6040438027302,68.3740607057101,0.0285164784650451,0.0285164784650451,0,0,0,0
7.09999999999999,7.41,14.1421514468185,14.1572700064796,12.5542083843585,12.6187476218047,69.4532161895579,68.6040438027302,0.496396877265354,0.496396877265354,0,0,1,0
7.70999999999999,7.09999999999999,14.0800980924744,14.1421514468185,12.5131903430838,12.5542083843585,69.9168931249501,69.4532161895579,-0.146076127954611,-0.146076127954611,0,0,-1,0
8.2,7.70999999999999,14.0490944383274,14.0800980924744,12.6701078688262,12.5131903430838,70.8569766953351,69.9168931249501,0.541858599931217,0.541858599931217,0,0,0,0
8.78,8.2,13.9075970200376,14.0490944383274,13.083334346511,12.6701078688262,70.889637045582,70.8569766953351,-0.624837717399792,-0.624837717399792,0,0,0,0
8.66,8.78,13.843768202101,13.9075970200376,12.9518480234866,13.083334346511,70.371184040098,70.889637045582,5.29167397660498,5.29167397660498,0,0,0,-1
8.90000000000001,8.66,13.3533579226461,13.843768202101,13.4421290519191,12.9518480234866,70.5053823840081,70.371184040098,-3.44916572281051,-3.44916572281051,0,0,-1,0
9.06999999999999,8.90000000000001,13.9129183280645,13.3533579226461,13.9118440091195,13.4421290519191,71.1487967452288,70.5053823840081,-2.73710325735289,-2.73710325735289,0,0,1,1
18.08,9.06999999999999,14.739029140694,13.9129183280645,20.2818460554076,13.9118440091195,70.2152490922862,71.1487967452288,-1.87338904480528,-1.87338904480528,0,0,0,0
18.59,18.08,14.5749817480279,14.739029140694,22.102228513039,20.2818460554076,68.7540766918099,70.2152490922862,2.73143325452513,2.73143325452513,0,0,0,0
18.01,18.59,14.6131858005953,14.5749817480279,19.8327437140807,22.102228513039,67.6616793167205,68.7540766918099,-0.724260211531156,-0.724260211531156,0,0,0,0
16.2,18.01,15.3033382378993,14.6131858005953,18.0419924355497,19.8327437140807,67.0030838871524,67.6616793167205,2.8657128594502,2.8657128594502,0,0,0,0
15.23,16.2,15.0209332585845,15.3033382378993,15.2459840530347,18.0419924355497,66.7793140737622,67.0030838871524,-0.506434658915303,-0.506434658915303,0,0,0,0
14.72,15.23,15.0607941184471,15.0209332585845,15.5205057085367,15.2459840530347,66.6372690657368,66.7793140737622,-0.921732476157693,-0.921732476157693,0,0,0,0
13.97,14.72,15.0787396003796,15.0607941184471,15.7437773782725,15.5205057085367,67.2804576498229,66.6372690657368,-0.176982568817097,-0.176982568817097,0,0,0,1
12.79,13.97,14.9504682164744,15.0787396003796,15.1976909713233,15.7437773782725,67.3572176735057,67.2804576498229,-0.00987692322549982,-0.00987692322549982,0,0,0,-1
11.76,12.79,14.8975085574493,14.9504682164744,15.4681792528747,15.1976909713233,67.4876368647618,67.3572176735057,-2.08697942896877,-2.08697942896877,0,0,1,0
11.37,11.76,14.6223160069282,14.8975085574493,16.0232716457484,15.4681792528747,68.0097282857535,67.4876368647618,1.48234527551285,1.48234527551285,0,0,-1,0
11.55,11.37,14.7937516356037,14.6223160069282,15.2422159833606,16.0232716457484,68.8669408861157,68.0097282857535,-0.0858261368690396,-0.0858261368690396,0,0,0,0
10.74,11.55,14.6551753692499,14.7937516356037,15.2309209940456,15.2422159833606,68.7782007711843,68.8669408861157,0.0855621893392779,0.0855621893392779,0,0,0,0
1.91,10.74,14.3190983220211,14.6551753692499,15.0939994541065,15.2309209940456,69.5322828518742,68.7782007711843,-0.0694924849490306,-0.0694924849490306,0,0,0,1
1.08,1.91,14.2342042329551,14.3190983220211,14.8599949832581,15.0939994541065,70.0796501420628,69.5322828518742,-0.0150522367082608,-0.0150522367082608,0,0,0,0
0.930000000000007,1.08,13.7361165967162,14.2342042329551,15.1381140350616,14.8599949832581,70.808546684013,70.0796501420628,0.757592946502786,0.757592946502786,0,0,1,-1
2.20999999999999,0.930000000000007,13.7441179511417,13.7361165967162,15.1472261140086,15.1381140350616,71.5801319965332,70.808546684013,2.4972290169703,2.4972290169703,0,0,-1,1
2.98999999999999,2.20999999999999,13.5180735748552,13.7441179511417,14.8398216379335,15.1472261140086,72.1364281900342,71.5801319965332,-1.84168907065787,-1.84168907065787,0,0,1,-1
4.29000000000001,2.98999999999999,13.4747316202376,13.5180735748552,15.6151657497951,14.8398216379335,73.5736917415517,72.1364281900342,0.850895361256956,0.850895361256956,0,0,0,0
5,4.29000000000001,13.3777221736776,13.4747316202376,17.9689021315581,15.6151657497951,75.2682303509473,73.5736917415517,-3.24247020059627,-3.24247020059627,0,0,-1,1
6.37000000000001,5,13.1701068039704,13.3777221736776,18.9798606985984,17.9689021315581,76.3752667310972,75.2682303509473,2.21008655524883,2.21008655524883,0,0,0,-1
6.98,6.37000000000001,13.2202520689407,13.1701068039704,18.5206620825194,18.9798606985984,76.5838819595983,76.3752667310972,-2.2378425154308,-2.2378425154308,0,0,1,0
7.06,6.98,13.1413184176948,13.2202520689407,20.4078415842321,18.5206620825194,76.0495286254689,76.5838819595983,1.51933748883128,1.51933748883128,0,0,-1,0
7.34,7.06,13.236591027483,13.1413184176948,21.7556034305224,20.4078415842321,75.553914503601,76.0495286254689,-0.0387339306838328,-0.0387339306838328,0,0,0,0
7.42,7.34,13.1356660498068,13.236591027483,22.2712198226746,21.7556034305224,75.657598649625,75.553914503601,-1.74209617894006,-1.74209617894006,0,0,0,1
7.28,7.42,13.0056648936074,13.1356660498068,21.8569659340095,22.2712198226746,75.8229322083827,75.657598649625,1.37820301786078,1.37820301786078,0,0,0,0
7.67,7.28,12.9464977125733,13.0056648936074,21.9352081118574,21.8569659340095,75.7971161669054,75.8229322083827,-0.147723243239266,-0.147723243239266,0,0,0,0
8.43000000000001,7.67,12.567041339973,12.9464977125733,21.7625663196284,21.9352081118574,75.9764923496194,75.7971161669054,1.99752624521402,1.99752624521402,0,0,1,-1
8.45999999999999,8.43000000000001,12.5470608401624,12.567041339973,22.7798808891993,21.7625663196284,76.9707888445785,75.9764923496194,-3.32207411321289,-3.32207411321289,0,0,-1,1
9.04000000000001,8.45999999999999,11.7552462723174,12.5470608401624,22.3048157785958,22.7798808891993,75.9239444852695,76.9707888445785,2.57929124483088,2.57929124483088,0,0,1,-1
8.95,9.04000000000001,11.7472173718895,11.7552462723174,23.5260130432725,22.3048157785958,75.5174266531578,75.9239444852695,1.37150917776396,1.37150917776396,0,0,0,0
8.70999999999999,8.95,11.8541122124765,11.7472173718895,23.4894612966249,23.5260130432725,74.6756248132891,75.5174266531578,-1.69837436785221,-1.69837436785221,0,0,0,-1
8.31999999999999,8.70999999999999,11.6696497832887,11.8541122124765,25.9337705606145,23.4894612966249,73.541300011838,74.6756248132891,-0.0926841374253904,-0.0926841374253904,0,0,-2,1
8.83,8.31999999999999,11.7676671157738,11.6696497832887,26.9769717559897,25.9337705606145,71.2208738273847,73.541300011838,0.0683155196827663,0.0683155196827663,0,0,1,-1
9.66,8.83,12.31151489357,11.7676671157738,30.3098295284631,26.9769717559897,68.2978155807296,71.2208738273847,0.0971594068581645,0.0971594068581645,0,0,-1,1
10.03,9.66,12.3332038378829,12.31151489357,28.2044880022855,30.3098295284631,66.7587496911433,68.2978155807296,0.167552665291165,0.167552665291165,0,0,2,0
10.65,10.03,12.5959794255235,12.3332038378829,30.7791865682562,28.2044880022855,65.5392885147318,66.7587496911433,-0.199229542945385,-0.199229542945385,0,0,-1,1
11.1,10.65,12.8116312461539,12.5959794255235,30.0133076865388,30.7791865682562,64.6880149437118,65.5392885147318,0.230801283085562,0.230801283085562,0,0,0,-1
10.74,11.1,12.6858568560811,12.8116312461539,27.438898923895,30.0133076865388,63.8511286220523,64.6880149437118,-0.910546663580597,-0.910546663580597,0,0,0,0
10.56,10.74,12.7114564890655,12.6858568560811,28.0402159831248,27.438898923895,63.1133967451636,63.8511286220523,-1.10175622401147,-1.10175622401147,0,0,1,0
10.07,10.56,13.1814637894731,12.7114564890655,27.0967465608038,28.0402159831248,62.1695503908046,63.1133967451636,1.65838241362351,1.65838241362351,0,0,-1,0
9.59999999999999,10.07,12.4981154105971,13.1814637894731,24.9236820833236,27.0967465608038,61.578100904636,62.1695503908046,-0.694869746936615,-0.694869746936615,0,0,-1,0
8.41,9.59999999999999,12.5013514993845,12.4981154105971,24.1569216546087,24.9236820833236,61.5417028620717,61.578100904636,0.241865546751328,0.241865546751328,0,0,2,1
8.76000000000001,8.41,12.5437934865618,12.5013514993845,23.0866194642333,24.1569216546087,61.1494342706698,61.5417028620717,0.47542100114168,0.47542100114168,0,0,-1,-1
6.37999999999999,0,13.8266003757468,0,15.7254950848318,0,50.8672882601912,0,-0.233318385153751,0,0,0,1,0
6.56999999999999,6.37999999999999,13.7371189559826,13.8266003757468,15.5574802298072,15.7254950848318,50.9431842586888,50.8672882601912,0.0463141473731241,0,0,0,-1,0
6.40000000000001,6.56999999999999,13.6420394919643,13.7371189559826,15.5141657581494,15.5574802298072,51.0377871590016,50.9431842586888,-0.35785203631988,0,0,0,0,1
6.43000000000001,6.40000000000001,13.6067603935691,13.6420394919643,15.683488729234,15.5141657581494,51.2651433461733,51.0377871590016,-0.084639006412992,0,0,0,0,-1
5.86,6.43000000000001,13.4372621834875,13.6067603935691,15.517944125186,15.683488729234,51.9838828955084,51.2651433461733,0.224833048530936,0,0,0,0,0
5.56999999999999,5.86,13.6635665032412,13.4372621834875,15.3120438465911,15.517944125186,51.0470573553291,51.9838828955084,-0.0873685308722294,0,0,0,0,0
5.39,5.56999999999999,13.7140509373429,13.6635665032412,15.2806347419711,15.3120438465911,51.0960128720612,51.0470573553291,-0.544289851517746,0,0,0,1,0
4.76000000000001,5.39,13.9039672625952,13.7140509373429,15.0001697543986,15.2806347419711,51.6376297530804,51.0960128720612,0.234458260675932,0,0,0,-1,0
4.27,4.76000000000001,13.7779603474444,13.9039672625952,15.1886375773941,15.0001697543986,52.8600896083816,51.6376297530804,0.604131732419482,0,0,0,0,0
4.06999999999999,4.27,13.7837883814455,13.7779603474444,14.8218745004627,15.1886375773941,53.0066276746675,52.8600896083816,0.224298545394849,0,0,0,0,0
3.44,4.06999999999999,13.7200210475386,13.7837883814455,14.5836008638262,14.8218745004627,53.1371197270977,53.0066276746675,-0.172903457899903,0,0,0,0,0
2.62,3.44,13.6478785840389,13.7200210475386,14.7353639773753,14.5836008638262,55.6072122683289,53.1371197270977,-0.295709351634354,0,0,0,0,-1
2.11,2.62,13.7491101538109,13.6478785840389,14.6869375082253,14.7353639773753,55.7680991977334,55.6072122683289,-0.119794702308202,0,0,0,-1,1
2.27,2.11,13.5179152901943,13.7491101538109,14.3235796837139,14.6869375082253,56.2157867056336,55.7680991977334,0.292313451931442,0,0,0,1,0
3.22,2.27,14.383541769048,13.5179152901943,14.4530968429885,14.3235796837139,54.3918409262227,56.2157867056336,-1.92325516729135,0,0,0,0,0
3.18000000000001,3.22,14.4136943129197,14.383541769048,14.3274234517265,14.4530968429885,54.0115726670197,54.3918409262227,0.637065780499267,0,0,0,0,0
3.65000000000001,3.18000000000001,14.570834103023,14.4136943129197,14.21613239172,14.3274234517265,53.8569526695557,54.0115726670197,0.0708645063531286,0,0,0,0,-1
4.03,3.65000000000001,14.506197413679,14.570834103023,13.8766849057424,14.21613239172,53.0827760090267,53.8569526695557,-0.442791343315005,0,0,0,-1,1
4.22,4.03,14.4118095421696,14.506197413679,13.6473128789618,13.8766849057424,54.0284029102418,53.0827760090267,-0.122485714305558,0,0,0,1,0
4.68000000000001,4.22,14.6658029872652,14.4118095421696,13.4226570796493,13.6473128789618,54.8640615710534,54.0284029102418,-0.34995749061331,0,0,0,0,0
4.97,4.68000000000001,14.08090138103,14.6658029872652,13.3819778667057,13.4226570796493,56.342919331006,54.8640615710534,4.79853379400944,0,0,0,0,0
5.52,4.97,14.228231275516,14.08090138103,13.409354976735,13.3819778667057,56.7380880326276,56.342919331006,-3.14136377945639,0,0,0,0,0
6.01000000000001,5.52,14.2610805869686,14.228231275516,13.2127788012938,13.409354976735,56.6694634837437,56.7380880326276,-0.558636367477391,0,0,0,0,0
6.56999999999999,6.01000000000001,14.2999670575695,14.2610805869686,13.2396778374215,13.2127788012938,57.0337716472099,56.6694634837437,0.0136584634519359,0,0,0,0,0
7.23,6.56999999999999,14.2284210877066,14.2999670575695,13.2537058892888,13.2396778374215,57.7585143261707,57.0337716472099,0.354806192694786,0,0,0,0,1
7.48999999999999,7.23,14.2791857429858,14.2284210877066,13.1275591505156,13.2537058892888,58.9686238630263,57.7585143261707,-0.525692826875712,0,0,0,0,-1
7.52,7.48999999999999,14.4217472667141,14.2791857429858,12.699646350118,13.1275591505156,60.1990401289246,58.9686238630263,0.853238759669049,0,0,0,0,0
8.06999999999999,7.52,13.8184290921281,14.4217472667141,13.2105694491335,12.699646350118,61.4076095319789,60.1990401289246,0.223469131078785,0,0,0,1,1
8.36,8.06999999999999,14.2345130272615,13.8184290921281,13.282785885471,13.2105694491335,62.4866533218525,61.4076095319789,-0.955130924869447,0,0,0,-1,-1
8.22,8.36,14.0701782440177,14.2345130272615,13.3965370752655,13.282785885471,58.1979708372861,62.4866533218525,0.0285164784650451,0,0,0,0,0
8.31999999999999,8.22,13.9899662474672,14.0701782440177,13.2582123607545,13.3965370752655,59.1389519904379,58.1979708372861,0.496396877265354,0,0,0,1,0
8.70999999999999,8.31999999999999,14.1106481079018,13.9899662474672,13.4136667446864,13.2582123607545,59.7439619827644,59.1389519904379,-0.146076127954611,0,0,0,-1,0
9.70999999999999,8.70999999999999,14.0082558841648,14.1106481079018,13.6873060309777,13.4136667446864,59.0767249805065,59.7439619827644,0.541858599931217,0,0,0,0,0
10.12,9.70999999999999,13.8732849894286,14.0082558841648,13.8994015583717,13.6873060309777,59.2621020426166,59.0767249805065,-0.624837717399792,0,0,0,0,0
10.22,10.12,13.8818171186053,13.8732849894286,13.9963582264571,13.8994015583717,59.3661772602229,59.2621020426166,5.29167397660498,0,0,0,0,-1
11.13,10.22,13.3389414554594,13.8818171186053,14.2189925582086,13.9963582264571,64.3304085856331,59.3661772602229,-3.44916572281051,0,0,0,-1,0
11.53,11.13,13.735450076025,13.3389414554594,14.6269206901553,14.2189925582086,65.0109063749713,64.3304085856331,-2.73710325735289,0,0,0,1,1
21.72,11.53,14.5394657608153,13.735450076025,19.5059986410823,14.6269206901553,64.2681036538439,65.0109063749713,-1.87338904480528,0,0,0,0,0
21.69,21.72,14.3802055944633,14.5394657608153,20.9555730927808,19.5059986410823,62.9699553998213,64.2681036538439,2.73143325452513,0,0,0,0,0
20.37,21.69,14.3864508024443,14.3802055944633,20.3557718340158,20.9555730927808,62.0532284879644,62.9699553998213,-0.724260211531156,0,0,0,0,0
18.67,20.37,15.1073803071572,14.3864508024443,18.4549274786504,20.3557718340158,61.4375829981035,62.0532284879644,2.8657128594502,0,0,0,0,0
17.99,18.67,14.8579698503686,15.1073803071572,16.7553199766256,18.4549274786504,59.0006718593346,61.4375829981035,-0.506434658915303,0,0,0,0,0
16.52,17.99,14.9587399608137,14.8579698503686,16.6522445405035,16.7553199766256,59.1258086625351,59.0006718593346,-0.921732476157693,0,0,0,0,0
15.55,16.52,14.9086897827652,14.9587399608137,16.4642474939914,16.6522445405035,59.5416862123096,59.1258086625351,-0.176982568817097,0,0,0,0,1
14.1,15.55,14.8078578286884,14.9086897827652,16.3829647636055,16.4642474939914,58.0296710837969,59.5416862123096,-0.00987692322549982,0,0,0,0,-1
12.9,14.1,15.0039397450332,14.8078578286884,16.8453502793047,16.3829647636055,58.2496787712796,58.0296710837969,-2.08697942896877,0,0,0,1,0
12.73,12.9,14.7743160927975,15.0039397450332,17.6345968274403,16.8453502793047,58.4939089174953,58.2496787712796,1.48234527551285,0,0,0,-1,0
12.07,12.73,14.9463826511937,14.7743160927975,17.1713006383267,17.6345968274403,59.1993131892906,58.4939089174953,-0.0858261368690396,0,0,0,0,0
10.58,12.07,14.7725888212538,14.9463826511937,16.9731112370997,17.1713006383267,59.070800959902,59.1993131892906,0.0855621893392779,0,0,0,0,0
0.620000000000005,10.58,14.6456907060236,14.7725888212538,16.8214825678352,16.9731112370997,59.9086237393238,59.070800959902,-0.0694924849490306,0,0,0,0,1
-0.219999999999999,0.620000000000005,14.5273726597826,14.6456907060236,17.138906375748,16.8214825678352,61.8955709058732,59.9086237393238,-0.0150522367082608,0,0,0,0,0
0.260000000000005,-0.219999999999999,13.8199806414266,14.5273726597826,17.1794936476638,17.138906375748,62.851886583259,61.8955709058732,0.757592946502786,0,0,0,1,-1
1.72,0.260000000000005,13.8209382896362,13.8199806414266,16.8819028365156,17.1794936476638,63.6661935119123,62.851886583259,2.4972290169703,0,0,0,-1,1
2.65000000000001,1.72,13.4828863791816,13.8209382896362,16.6216948154797,16.8819028365156,61.941489922479,63.6661935119123,-1.84168907065787,0,0,0,1,-1
5.05,2.65000000000001,13.3142199497518,13.4828863791816,17.1907338485716,16.6216948154797,63.5580945221846,61.941489922479,0.850895361256956,0,0,0,0,0
6.37999999999999,5.05,13.2491805090116,13.3142199497518,19.4071047029708,17.1907338485716,65.2511665647974,63.5580945221846,-3.24247020059627,0,0,0,-1,1
8.09,6.37999999999999,13.0521957206743,13.2491805090116,19.7837864048299,19.4071047029708,65.4010442846955,65.2511665647974,2.21008655524883,0,0,0,0,-1
8.95,8.09,13.0437106751175,13.0521957206743,21.9657645251385,19.7837864048299,65.6896282221001,65.4010442846955,-2.2378425154308,0,0,0,1,0
8.90000000000001,8.95,13.1080287489405,13.0437106751175,22.2339480349315,21.9657645251385,64.97177141159,65.6896282221001,1.51933748883128,0,0,0,-1,0
8.93000000000001,8.90000000000001,13.1913527391445,13.1080287489405,23.285464656188,22.2339480349315,67.2178860052058,64.97177141159,-0.0387339306838328,0,0,0,0,0
9.56,8.93000000000001,13.0870593992647,13.1913527391445,24.679441351948,23.285464656188,66.881264921143,67.2178860052058,-1.74209617894006,0,0,0,0,1
9.56999999999999,9.56,13.014563430526,13.0870593992647,24.0117932451466,24.679441351948,67.2673884537063,66.881264921143,1.37820301786078,0,0,0,0,0
9.95,9.56999999999999,13.0147176823547,13.014563430526,24.259861917616,24.0117932451466,67.1165665699961,67.2673884537063,-0.147723243239266,0,0,0,0,0
10.11,9.95,12.6511150956234,13.0147176823547,24.4443134797827,24.259861917616,67.3073736863538,67.1165665699961,1.99752624521402,0,0,0,1,-1
9.53,10.11,12.7578388049664,12.6511150956234,24.8760538909248,24.4443134797827,67.9755724082534,67.3073736863538,-3.32207411321289,0,0,0,-1,1
9.67,9.53,11.7080007429705,12.7578388049664,25.3982211622755,24.8760538909248,67.1613259731947,67.9755724082534,2.57929124483088,0,0,0,1,-1
8.81999999999999,9.67,11.6636187370608,11.7080007429705,26.8839024965948,25.3982211622755,67.0974893776434,67.1613259731947,1.37150917776396,0,0,0,0,0
8.28,8.81999999999999,11.6505786692366,11.6636187370608,27.0694505037298,26.8839024965948,66.5708833465799,67.0974893776434,-1.69837436785221,0,0,0,0,-1
8.25,8.28,11.4760482648858,11.6505786692366,27.5279376461504,27.0694505037298,64.2947767994195,66.5708833465799,-0.0926841374253904,0,0,0,-2,1
8.97,8.25,11.6294537452475,11.4760482648858,29.1790798111943,27.5279376461504,62.3531132382245,64.2947767994195,0.0683155196827663,0,0,0,1,-1
9.44,8.97,12.3120748264927,11.6294537452475,31.0823505189159,29.1790798111943,60.6220139287221,62.3531132382245,0.0971594068581645,0,0,0,-1,1
9.86,9.44,12.3239591513865,12.3120748264927,31.0823318902692,31.0823505189159,59.1355197155882,60.6220139287221,0.167552665291165,0,0,0,2,0
10.47,9.86,12.6312996763026,12.3239591513865,32.0043614276869,31.0823318902692,58.263668520031,59.1355197155882,-0.199229542945385,0,0,0,-1,1
11.05,10.47,12.88916065441,12.6312996763026,32.7786202465962,32.0043614276869,57.5312677392154,58.263668520031,0.230801283085562,0,0,0,0,-1
10.66,11.05,12.8657837060095,12.88916065441,30.3333901402267,32.7786202465962,55.3084106359151,57.5312677392154,-0.910546663580597,0,0,0,0,0
10.67,10.66,12.9748820717875,12.8657837060095,30.8540170603407,30.3333901402267,54.8127990573036,55.3084106359151,-1.10175622401147,0,0,0,1,0
11.04,10.67,13.3561687324775,12.9748820717875,30.5984929811117,30.8540170603407,54.1769195043786,54.8127990573036,1.65838241362351,0,0,0,-1,0
10.98,11.04,12.4744087665081,13.3561687324775,29.5440402306729,30.5984929811117,53.2933727055354,54.1769195043786,-0.694869746936615,0,0,0,-1,0
9.90000000000001,10.98,12.5132170092719,12.4744087665081,29.4861150297583,29.5440402306729,53.3474139404111,53.2933727055354,0.241865546751328,0,0,0,2,1
9.48999999999999,9.90000000000001,12.5277362878403,12.5132170092719,28.2551362969767,29.4861150297583,53.073631039392,53.3474139404111,0.47542100114168,0,0,0,-1,-1
4.75,0,13.4224949824295,0,15.3681212561169,0,54.87170282374,0,-0.233318385153751,0,0,0,1,0
4.79000000000001,4.75,13.3968807368886,13.4224949824295,15.2641576581102,15.3681212561169,55.554829050362,54.87170282374,0.0463141473731241,0,0,0,-1,0
4.92,4.79000000000001,13.2738990666037,13.3968807368886,15.2229139931119,15.2641576581102,55.4202636261082,55.554829050362,-0.35785203631988,0,0,0,0,1
5.67,4.92,13.2490482715735,13.2738990666037,15.4484601629511,15.2229139931119,55.8844430532907,55.4202636261082,-0.084639006412992,0,0,0,0,-1
4.92,5.67,13.0776084868328,13.2490482715735,15.2233414890609,15.4484601629511,56.2155514259385,55.8844430532907,0.224833048530936,0,0,0,0,0
4.87999999999999,4.92,13.2460593128788,13.0776084868328,15.1634646703493,15.2233414890609,56.5323938915884,56.2155514259385,-0.0873685308722294,0,0,0,0,0
4.8,4.87999999999999,13.3975165648521,13.2460593128788,14.9664858845151,15.1634646703493,56.9896485593104,56.5323938915884,-0.544289851517746,0,0,0,1,0
4.56,4.8,13.5604619381602,13.3975165648521,14.8308132373464,14.9664858845151,57.279286995387,56.9896485593104,0.234458260675932,0,0,0,-1,0
3.83,4.56,13.4788019711176,13.5604619381602,15.0118594939225,14.8308132373464,56.8714067413071,57.279286995387,0.604131732419482,0,0,0,0,0
3.37,3.83,13.4934853239929,13.4788019711176,14.6969164696801,15.0118594939225,57.0916603486728,56.8714067413071,0.224298545394849,0,0,0,0,0
2.7,3.37,13.4057861545469,13.4934853239929,14.5279412067788,14.6969164696801,57.0306410979032,57.0916603486728,-0.172903457899903,0,0,0,0,0
2.03,2.7,13.3977789568789,13.4057861545469,14.5162984339356,14.5279412067788,57.2286741934069,57.0306410979032,-0.295709351634354,0,0,0,0,-1
2.09,2.03,13.5285506505617,13.3977789568789,14.5138217085201,14.5162984339356,57.4957251767615,57.2286741934069,-0.119794702308202,0,0,0,-1,1
2.22,2.09,13.3145558628139,13.5285506505617,14.1175568790981,14.5138217085201,58.0103251995249,57.4957251767615,0.292313451931442,0,0,0,1,0
2.86,2.22,14.0337459708557,13.3145558628139,14.0838192928131,14.1175568790981,57.2035271078128,58.0103251995249,-1.92325516729135,0,0,0,0,0
2.54000000000001,2.86,13.9987396961121,14.0337459708557,14.0364209019659,14.0838192928131,57.0127460333277,57.2035271078128,0.637065780499267,0,0,0,0,0
3.38,2.54000000000001,14.1766454781434,13.9987396961121,14.0626020670136,14.0364209019659,57.3430836304651,57.0127460333277,0.0708645063531286,0,0,0,0,-1
3.53,3.38,14.1929529883507,14.1766454781434,13.7414233359539,14.0626020670136,58.1903998646933,57.3430836304651,-0.442791343315005,0,0,0,-1,1
3.62,3.53,14.1165847607265,14.1929529883507,13.7382953496897,13.7414233359539,59.0028964477264,58.1903998646933,-0.122485714305558,0,0,0,1,0
3.59999999999999,3.62,14.3226686550853,14.1165847607265,13.6299449481264,13.7382953496897,59.6207713358048,59.0028964477264,-0.34995749061331,0,0,0,0,0
4.01000000000001,3.59999999999999,13.8145185773446,14.3226686550853,13.185669407056,13.6299449481264,60.0916855617771,59.6207713358048,4.79853379400944,0,0,0,0,0
4.52,4.01000000000001,13.9277409253351,13.8145185773446,13.3838482982519,13.185669407056,60.2119271276333,60.0916855617771,-3.14136377945639,0,0,0,0,0
5.18000000000001,4.52,13.9469818940896,13.9277409253351,13.1630541005471,13.3838482982519,60.0969457505927,60.2119271276333,-0.558636367477391,0,0,0,0,0
5.39,5.18000000000001,13.9451612920709,13.9469818940896,13.1010715419623,13.1630541005471,60.2659982863484,60.0969457505927,0.0136584634519359,0,0,0,0,0
5.79000000000001,5.39,13.9254814896897,13.9451612920709,12.994156685182,13.1010715419623,60.7108435445472,60.2659982863484,0.354806192694786,0,0,0,0,1
6.12000000000001,5.79000000000001,13.9967767456476,13.9254814896897,12.960971365436,12.994156685182,61.5408795985606,60.7108435445472,-0.525692826875712,0,0,0,0,-1
5.73999999999999,6.12000000000001,14.0659293637427,13.9967767456476,12.7428981420727,12.960971365436,60.9720747717559,61.5408795985606,0.853238759669049,0,0,0,0,0
6.02,5.73999999999999,13.5671057306864,14.0659293637427,13.0057951093935,12.7428981420727,61.6436813317971,60.9720747717559,0.223469131078785,0,0,0,1,1
6.23,6.02,13.9631373081111,13.5671057306864,13.0878821430283,13.0057951093935,62.442861290808,61.6436813317971,-0.955130924869447,0,0,0,-1,-1
6.36,6.23,13.821758611096,13.9631373081111,13.1898505367719,13.0878821430283,62.9185683110428,62.442861290808,0.0285164784650451,0,0,0,0,0
6.70999999999999,6.36,13.7338269980256,13.821758611096,13.2303785087159,13.1898505367719,63.6379060261973,62.9185683110428,0.496396877265354,0,0,0,1,0
7.55,6.70999999999999,13.7620296768909,13.7338269980256,13.2586629902354,13.2303785087159,64.0042898826371,63.6379060261973,-0.146076127954611,0,0,0,-1,0
8.56,7.55,13.7299506619343,13.7620296768909,13.5473372214267,13.2586629902354,65.0449926321742,64.0042898826371,0.541858599931217,0,0,0,0,0
8.79000000000001,8.56,13.5595161779461,13.7299506619343,13.6362343662266,13.5473372214267,65.4118733030174,65.0449926321742,-0.624837717399792,0,0,0,0,0
8.56999999999999,8.79000000000001,13.5227773724953,13.5595161779461,13.8879553118966,13.6362343662266,65.9995258317756,65.4118733030174,5.29167397660498,0,0,0,0,-1
8.68000000000001,8.56999999999999,13.0092733978701,13.5227773724953,13.9050977218363,13.8879553118966,66.1350904001307,65.9995258317756,-3.44916572281051,0,0,0,-1,0
8.87,8.68000000000001,13.5571551377339,13.0092733978701,14.8550538731127,13.9050977218363,66.8218166582214,66.1350904001307,-2.73710325735289,0,0,0,1,1
15.2,8.87,14.406178802733,13.5571551377339,20.9622592310479,14.8550538731127,66.0971379883529,66.8218166582214,-1.87338904480528,0,0,0,0,0
17.09,15.2,14.2001549968374,14.406178802733,22.0079305106741,20.9622592310479,64.1834311190445,66.0971379883529,2.73143325452513,0,0,0,0,0
17.18,17.09,14.3121347466152,14.2001549968374,20.6778433696037,22.0079305106741,63.2616271231052,64.1834311190445,-0.724260211531156,0,0,0,0,0
15.98,17.18,14.9193701249044,14.3121347466152,18.8693423785993,20.6778433696037,62.7413508523059,63.2616271231052,2.8657128594502,0,0,0,0,0
15.32,15.98,14.6878256256858,14.9193701249044,16.8286290583732,18.8693423785993,63.1961391850931,62.7413508523059,-0.506434658915303,0,0,0,0,0
14.76,15.32,14.7314505980024,14.6878256256858,16.7921678026124,16.8286290583732,62.9942686394383,63.1961391850931,-0.921732476157693,0,0,0,0,0
13.9,14.76,14.7242225283983,14.7314505980024,16.7895451492302,16.7921678026124,63.1172473182477,62.9942686394383,-0.176982568817097,0,0,0,0,1
12.68,13.9,14.6311777184914,14.7242225283983,16.535117152543,16.7895451492302,62.2411262040362,63.1172473182477,-0.00987692322549982,0,0,0,0,-1
11.92,12.68,14.8354963174648,14.6311777184914,16.7028413715051,16.535117152543,62.202695412941,62.2411262040362,-2.08697942896877,0,0,0,1,0
12.12,11.92,14.5861013071086,14.8354963174648,17.2411326009018,16.7028413715051,62.2940099283978,62.202695412941,1.48234527551285,0,0,0,-1,0
12.35,12.12,14.7368016623464,14.5861013071086,16.7563982738526,17.2411326009018,61.9611538144077,62.2940099283978,-0.0858261368690396,0,0,0,0,0
12.04,12.35,14.5933089554466,14.7368016623464,16.5032649135002,16.7563982738526,61.9212693124205,61.9611538144077,0.0855621893392779,0,0,0,0,0
5.31999999999999,12.04,14.3985711761074,14.5933089554466,16.4552175714102,16.5032649135002,62.340781853158,61.9212693124205,-0.0694924849490306,0,0,0,0,1
3.7,5.31999999999999,14.2396976875338,14.3985711761074,16.2813857334644,16.4552175714102,61.6780939522139,62.340781853158,-0.0150522367082608,0,0,0,0,0
3.02,3.7,13.6904941367279,14.2396976875338,16.5740685018421,16.2813857334644,62.0703789454607,61.6780939522139,0.757592946502786,0,0,0,1,-1
3.47,3.02,13.6851423324254,13.6904941367279,16.4584565027537,16.5740685018421,62.4775356166168,62.0703789454607,2.4972290169703,0,0,0,-1,1
4.29000000000001,3.47,13.4335395270143,13.6851423324254,16.1937519476163,16.4584565027537,63.1700636093889,62.4775356166168,-1.84168907065787,0,0,0,1,-1
5.06,4.29000000000001,13.364973414571,13.4335395270143,17.1845424493358,16.1937519476163,64.6801287553509,63.1700636093889,0.850895361256956,0,0,0,0,0
6.22,5.06,13.2445199108098,13.364973414571,18.7696456015539,17.1845424493358,66.1866368062874,64.6801287553509,-3.24247020059627,0,0,0,-1,1
6.69,6.22,13.0145910676507,13.2445199108098,19.6549535344005,18.7696456015539,67.3095290854361,66.1866368062874,2.21008655524883,0,0,0,0,-1
7.53,6.69,13.0423100060311,13.0145910676507,19.9501813315898,19.6549535344005,67.9051017658808,67.3095290854361,-2.2378425154308,0,0,0,1,0
7.20999999999999,7.53,13.073724154026,13.0423100060311,21.7267389291231,19.9501813315898,67.8329113460224,67.9051017658808,1.51933748883128,0,0,0,-1,0
7.09999999999999,7.20999999999999,13.1526169471156,13.073724154026,23.2559206411623,21.7267389291231,67.9432825357173,67.8329113460224,-0.0387339306838328,0,0,0,0,0
7.29000000000001,7.09999999999999,13.0351237018475,13.1526169471156,23.6081880412526,23.2559206411623,67.7922681675675,67.9432825357173,-1.74209617894006,0,0,0,0,1
7.22,7.29000000000001,12.9155405688748,13.0351237018475,23.0488352402001,23.6081880412526,68.2374767242438,67.7922681675675,1.37820301786078,0,0,0,0,0
6.95999999999999,7.22,12.8737903810692,12.9155405688748,22.9781877562911,23.0488352402001,67.936457741084,68.2374767242438,-0.147723243239266,0,0,0,0,0
7.64,6.95999999999999,12.4787236875536,12.8737903810692,22.9069630864404,22.9781877562911,68.1953349703187,67.936457741084,1.99752624521402,0,0,0,1,-1
8.23,7.64,12.552275642243,12.4787236875536,24.2796614252284,22.9069630864404,69.196492777801,68.1953349703187,-3.32207411321289,0,0,0,-1,1
9.09,8.23,11.651865053314,12.552275642243,24.0562433157764,24.2796614252284,67.8193456982865,69.196492777801,2.57929124483088,0,0,0,1,-1
8.91,9.09,11.6201797571058,11.651865053314,25.4026872533618,24.0562433157764,67.7759813380163,67.8193456982865,1.37150917776396,0,0,0,0,0
8.37,8.91,11.6133243159507,11.6201797571058,25.5775290766532,25.4026872533618,67.3881504443662,67.7759813380163,-1.69837436785221,0,0,0,0,-1
8.34999999999999,8.37,11.4804451652714,11.6133243159507,27.1576687773722,25.5775290766532,67.0366881843827,67.3881504443662,-0.0926841374253904,0,0,0,-2,1
8.65000000000001,8.34999999999999,11.5938434880883,11.4804451652714,27.5946024649034,27.1576687773722,64.1890502721446,67.0366881843827,0.0683155196827663,0,0,0,1,-1
9.45999999999999,8.65000000000001,12.1838747071422,11.5938434880883,27.9264650662708,27.5946024649034,62.0158473873639,64.1890502721446,0.0971594068581645,0,0,0,-1,1
9.97,9.45999999999999,12.1786734007616,12.1838747071422,29.6061780641974,27.9264650662708,59.3973132080921,62.0158473873639,0.167552665291165,0,0,0,2,0
10.2,9.97,12.4297375201332,12.1786734007616,30.7522776327424,29.6061780641974,58.5542515387864,59.3973132080921,-0.199229542945385,0,0,0,-1,1
10.57,10.2,12.7582206586697,12.4297375201332,30.8984492734865,30.7522776327424,58.0321531657166,58.5542515387864,0.230801283085562,0,0,0,0,-1
10.66,10.57,12.6914268243228,12.7582206586697,28.6733782682392,30.8984492734865,57.2498499052767,58.0321531657166,-0.910546663580597,0,0,0,0,0
10.38,10.66,12.774236622398,12.6914268243228,28.4255090709178,28.6733782682392,57.0322838406407,57.2498499052767,-1.10175622401147,0,0,0,1,0
9.66,10.38,13.2111715108617,12.774236622398,27.868089043095,28.4255090709178,56.4221949688611,57.0322838406407,1.65838241362351,0,0,0,-1,0
8.94,9.66,12.4119572289879,13.2111715108617,26.9458028441416,27.868089043095,55.7010288404568,56.4221949688611,-0.694869746936615,0,0,0,-1,0
8.29000000000001,8.94,12.4052432194044,12.4119572289879,26.6998848028696,26.9458028441416,55.6938789375837,55.7010288404568,0.241865546751328,0,0,0,2,1
8.39,8.29000000000001,12.4311433606997,12.4052432194044,25.1691961386497,26.6998848028696,55.4721794905346,55.6938789375837,0.47542100114168,0,0,0,-1,-1
6.95999999999999,0,13.6866142253576,0,15.1038247235708,0,56.8240477856251,0,-0.233318385153751,0,0,0,1,0
6.56,6.95999999999999,13.7199927216487,13.6866142253576,15.1037035026642,15.1038247235708,57.6231769242571,56.8240477856251,0.0463141473731241,0,0,0,-1,0
6.25,6.56,13.5747405037707,13.7199927216487,15.1136037547304,15.1037035026642,60.0865312675683,57.6231769242571,-0.35785203631988,0,0,0,0,1
5.72,6.25,13.5110184444748,13.5747405037707,15.2287151092239,15.1136037547304,60.7800782186604,60.0865312675683,-0.084639006412992,0,0,0,0,-1
4.83,5.72,13.2982849009717,13.5110184444748,15.0351474515653,15.2287151092239,61.3112784421699,60.7800782186604,0.224833048530936,0,0,0,0,0
5.34,4.83,13.5197845918751,13.2982849009717,15.0453217793878,15.0351474515653,58.9134386969593,61.3112784421699,-0.0873685308722294,0,0,0,0,0
5.04000000000001,5.34,13.5514416364693,13.5197845918751,14.7949694329304,15.0453217793878,59.5044513873762,58.9134386969593,-0.544289851517746,0,0,0,1,0
4.34999999999999,5.04000000000001,13.7271806659763,13.5514416364693,14.5605534265117,14.7949694329304,60.1219075399524,59.5044513873762,0.234458260675932,0,0,0,-1,0
4.31,4.34999999999999,13.6262738350985,13.7271806659763,14.8054161142819,14.5605534265117,59.2748968096255,60.1219075399524,0.604131732419482,0,0,0,0,0
3.84999999999999,4.31,13.6423470417693,13.6262738350985,14.4786028340992,14.8054161142819,59.7243914800979,59.2748968096255,0.224298545394849,0,0,0,0,0
2.89,3.84999999999999,13.5597505860606,13.6423470417693,14.1968669008141,14.4786028340992,59.6486396588114,59.7243914800979,-0.172903457899903,0,0,0,0,0
2.09999999999999,2.89,13.5121667293184,13.5597505860606,14.337895327439,14.1968669008141,65.1152564063777,59.6486396588114,-0.295709351634354,0,0,0,0,-1
2.02,2.09999999999999,13.6393487793384,13.5121667293184,14.5020685931421,14.337895327439,65.3560213578286,65.1152564063777,-0.119794702308202,0,0,0,-1,1
2.42,2.02,13.3484052460929,13.6393487793384,13.9946403963155,14.5020685931421,65.8515767300474,65.3560213578286,0.292313451931442,0,0,0,1,0
3.53,2.42,14.1681699414558,13.3484052460929,14.0511356513915,13.9946403963155,65.0025379637376,65.8515767300474,-1.92325516729135,0,0,0,0,0
3.54000000000001,3.53,14.1728806129909,14.1681699414558,13.9354349690531,14.0511356513915,64.9995699976403,65.0025379637376,0.637065780499267,0,0,0,0,0
4.23,3.54000000000001,14.3282567731083,14.1728806129909,13.8767795140389,13.9354349690531,65.0410519011071,64.9995699976403,0.0708645063531286,0,0,0,0,-1
4.08,4.23,14.3208658942282,14.3282567731083,13.599469710356,13.8767795140389,61.4695912445297,65.0410519011071,-0.442791343315005,0,0,0,-1,1
4.23,4.08,14.1817450179396,14.3208658942282,13.4828761674844,13.599469710356,62.4359414172582,61.4695912445297,-0.122485714305558,0,0,0,1,0
4.44,4.23,14.3810582870694,14.1817450179396,13.2780188285571,13.4828761674844,62.9305008216285,62.4359414172582,-0.34995749061331,0,0,0,0,0
4.53,4.44,13.8094180741032,14.3810582870694,13.1195368986489,13.2780188285571,66.5961559655453,62.9305008216285,4.79853379400944,0,0,0,0,0
5.2,4.53,13.9713755809844,13.8094180741032,13.111153562477,13.1195368986489,66.8229937440955,66.5961559655453,-3.14136377945639,0,0,0,0,0
6.01000000000001,5.2,14.0029806945166,13.9713755809844,12.8858542986536,13.111153562477,66.941731135787,66.8229937440955,-0.558636367477391,0,0,0,0,0
6.31999999999999,6.01000000000001,14.0288741024855,14.0029806945166,12.9965230609542,12.8858542986536,65.7729945457433,66.941731135787,0.0136584634519359,0,0,0,0,0
7.09999999999999,6.31999999999999,13.9929814387931,14.0288741024855,12.9072901402257,12.9965230609542,66.1658952940183,65.7729945457433,0.354806192694786,0,0,0,0,1
7.11,7.09999999999999,14.082610536088,13.9929814387931,12.7318054549499,12.9072901402257,66.8301366121568,66.1658952940183,-0.525692826875712,0,0,0,0,-1
6.44,7.11,14.1749012150101,14.082610536088,12.5105680508879,12.7318054549499,71.0147130286694,66.8301366121568,0.853238759669049,0,0,0,0,0
6.90000000000001,6.44,13.6149974243191,14.1749012150101,12.8438927088443,12.5105680508879,71.4927242185518,71.0147130286694,0.223469131078785,0,0,0,1,1
7.06,6.90000000000001,13.9958335197259,13.6149974243191,12.7482867356753,12.8438927088443,72.2846927974068,71.4927242185518,-0.955130924869447,0,0,0,-1,-1
7,7.06,13.825862618041,13.9958335197259,12.993632838046,12.7482867356753,69.5921659884449,72.2846927974068,0.0285164784650451,0,0,0,0,0
7.3,7,13.7367034964127,13.825862618041,12.9707450022823,12.993632838046,70.1804829412422,69.5921659884449,0.496396877265354,0,0,0,1,0
8.06,7.3,13.8001555473548,13.7367034964127,12.8669982496505,12.9707450022823,70.6201198825388,70.1804829412422,-0.146076127954611,0,0,0,-1,0
9.18000000000001,8.06,13.7468963656555,13.8001555473548,13.1487409363486,12.8669982496505,70.523139078017,70.6201198825388,0.541858599931217,0,0,0,0,0
9.15000000000001,9.18000000000001,13.5993443225269,13.7468963656555,13.3901847907942,13.1487409363486,70.2063168979316,70.523139078017,-0.624837717399792,0,0,0,0,0
9.2,9.15000000000001,13.5762277995903,13.5993443225269,13.5084795471774,13.3901847907942,70.4242660273138,70.2063168979316,5.29167397660498,0,0,0,0,-1
9.54000000000001,9.2,13.0389339591816,13.5762277995903,13.8590897316794,13.5084795471774,71.4716242367004,70.4242660273138,-3.44916572281051,0,0,0,-1,0
9.72,9.54000000000001,13.4083950636442,13.0389339591816,14.2419314904097,13.8590897316794,72.123362807083,71.4716242367004,-2.73710325735289,0,0,0,1,1
16.84,9.72,14.2769323352732,13.4083950636442,19.53715434838,14.2419314904097,71.3174866767097,72.123362807083,-1.87338904480528,0,0,0,0,0
18.03,16.84,14.1088840588635,14.2769323352732,20.7299827206568,19.53715434838,68.4410912252738,71.3174866767097,2.73143325452513,0,0,0,0,0
17.69,18.03,14.2096967282972,14.1088840588635,20.0151617234016,20.7299827206568,67.5564622467422,68.4410912252738,-0.724260211531156,0,0,0,0,0
16.23,17.69,14.8073142260753,14.2096967282972,18.1513825305992,20.0151617234016,67.0000645530699,67.5564622467422,2.8657128594502,0,0,0,0,0
15.51,16.23,14.5579135791036,14.8073142260753,16.7352122860714,18.1513825305992,66.6880540614872,67.0000645530699,-0.506434658915303,0,0,0,0,0
14.58,15.51,14.5778204126353,14.5579135791036,16.5474405480771,16.7352122860714,66.6099421977191,66.6880540614872,-0.921732476157693,0,0,0,0,0
14.14,14.58,14.5559995666484,14.5778204126353,17.6481521563984,16.5474405480771,67.0853152067366,66.6099421977191,-0.176982568817097,0,0,0,0,1
12.68,14.14,14.4288291121607,14.5559995666484,17.6186697396321,17.6481521563984,67.2958565429788,67.0853152067366,-0.00987692322549982,0,0,0,0,-1
11.75,12.68,14.6605809405034,14.4288291121607,16.2980886088468,17.6186697396321,67.3136538159763,67.2958565429788,-2.08697942896877,0,0,0,1,0
12.13,11.75,14.4120681489426,14.6605809405034,18.1624186521696,16.2980886088468,67.6750392775121,67.3136538159763,1.48234527551285,0,0,0,-1,0
11.9,12.13,14.5532840414602,14.4120681489426,16.6352548013262,18.1624186521696,68.4145256677186,67.6750392775121,-0.0858261368690396,0,0,0,0,0
10.94,11.9,14.4098038320804,14.5532840414602,16.175850986249,16.6352548013262,68.3605852176023,68.4145256677186,0.0855621893392779,0,0,0,0,0
3.78,10.94,14.1764284619417,14.4098038320804,16.0582216889314,16.175850986249,68.8962700570871,68.3605852176023,-0.0694924849490306,0,0,0,0,1
2.29000000000001,3.78,14.0849671362696,14.1764284619417,15.8910878123185,16.0582216889314,69.5119074381488,68.8962700570871,-0.0150522367082608,0,0,0,0,0
2.09,2.29000000000001,13.4324232518712,14.0849671362696,16.0848918150226,15.8910878123185,69.7473256941015,69.5119074381488,0.757592946502786,0,0,0,1,-1
3.19,2.09,13.4426345208884,13.4324232518712,15.9620911697705,16.0848918150226,70.2518861597002,69.7473256941015,2.4972290169703,0,0,0,-1,1
4.15000000000001,3.19,13.1579788691807,13.4426345208884,15.9142515061784,15.9620911697705,70.6859630928855,70.2518861597002,-1.84168907065787,0,0,0,1,-1
4.81,4.15000000000001,13.0330263170091,13.1579788691807,16.0593288712953,15.9142515061784,71.7994103481269,70.6859630928855,0.850895361256956,0,0,0,0,0
5.83,4.81,12.9269913935258,13.0330263170091,18.1272304561362,16.0593288712953,73.1004323986387,71.7994103481269,-3.24247020059627,0,0,0,-1,1
6.58,5.83,12.7062415838766,12.9269913935258,18.5415249801134,18.1272304561362,73.7198072215467,73.1004323986387,2.21008655524883,0,0,0,0,-1
7.3,6.58,12.7656188063928,12.7062415838766,19.2890528548755,18.5415249801134,73.7708692453377,73.7198072215467,-2.2378425154308,0,0,0,1,0
6.51000000000001,7.3,12.8032995497947,12.7656188063928,20.0543393400627,19.2890528548755,72.6394992223964,73.7708692453377,1.51933748883128,0,0,0,-1,0
6.68000000000001,6.51000000000001,12.8845918602813,12.8032995497947,21.3857230350137,20.0543393400627,72.4566585218233,72.6394992223964,-0.0387339306838328,0,0,0,0,0
7.03,6.68000000000001,12.8002159083083,12.8845918602813,22.5975022828792,21.3857230350137,71.93474970809,72.4566585218233,-1.74209617894006,0,0,0,0,1
6.93000000000001,7.03,12.7048695671842,12.8002159083083,22.3468628587469,22.5975022828792,71.6920784456856,71.93474970809,1.37820301786078,0,0,0,0,0
7.39,6.93000000000001,12.694532814016,12.7048695671842,21.8062145311802,22.3468628587469,71.886958179058,71.6920784456856,-0.147723243239266,0,0,0,0,0
7.87000000000001,7.39,12.3013473710565,12.694532814016,21.4598145192825,21.8062145311802,71.9894132349482,71.886958179058,1.99752624521402,0,0,0,1,-1
7.98,7.87000000000001,12.3720140054892,12.3013473710565,22.777676783243,21.4598145192825,73.0943467035382,71.9894132349482,-3.32207411321289,0,0,0,-1,1
8.47,7.98,11.4121886222579,12.3720140054892,22.8271952426361,22.777676783243,72.1779749614673,73.0943467035382,2.57929124483088,0,0,0,1,-1
8.86,8.47,11.370787458187,11.4121886222579,24.289147722084,22.8271952426361,71.7511801739677,72.1779749614673,1.37150917776396,0,0,0,0,0
7.83,8.86,11.3862506921423,11.370787458187,24.6912912806667,24.289147722084,70.9087323201825,71.7511801739677,-1.69837436785221,0,0,0,0,-1
7.73999999999999,7.83,11.220199475482,11.3862506921423,25.8236502169791,24.6912912806667,69.8326121674128,70.9087323201825,-0.0926841374253904,0,0,0,-2,1
8.34,7.73999999999999,11.3795548251168,11.220199475482,26.8764539617551,25.8236502169791,66.8298793268273,69.8326121674128,0.0683155196827663,0,0,0,1,-1
9.48,8.34,12.045155425889,11.3795548251168,28.8593465458947,26.8764539617551,64.5581999239853,66.8298793268273,0.0971594068581645,0,0,0,-1,1
9.7,9.48,12.0298043769671,12.045155425889,29.9588299367998,28.8593465458947,62.6630486688573,64.5581999239853,0.167552665291165,0,0,0,2,0
10.29,9.7,12.3222026723318,12.0298043769671,31.0269143592442,29.9588299367998,61.7696216627364,62.6630486688573,-0.199229542945385,0,0,0,-1,1
10.55,10.29,12.6098668291456,12.3222026723318,31.861753349601,31.0269143592442,61.2246835016846,61.7696216627364,0.230801283085562,0,0,0,0,-1
10.44,10.55,12.5308725997699,12.6098668291456,29.3438747555563,31.861753349601,60.4582273211698,61.2246835016846,-0.910546663580597,0,0,0,0,0
10.12,10.44,12.6042558342888,12.5308725997699,28.2669498440989,29.3438747555563,59.9539681866667,60.4582273211698,-1.10175622401147,0,0,0,1,0
9.81999999999999,10.12,13.0486240012771,12.6042558342888,25.7304236536202,28.2669498440989,59.1936120221162,59.9539681866667,1.65838241362351,0,0,0,-1,0
10.01,9.81999999999999,12.2038526691469,13.0486240012771,24.2378208411479,25.7304236536202,58.332178915609,59.1936120221162,-0.694869746936615,0,0,0,-1,0
9.45999999999999,10.01,12.2137634366608,12.2038526691469,24.2401829985106,24.2378208411479,58.523427598017,58.332178915609,0.241865546751328,0,0,0,2,1
9.56999999999999,9.45999999999999,12.2876676490661,12.2137634366608,22.303347069228,24.2401829985106,58.2981848074071,58.523427598017,0.47542100114168,0,0,0,-1,-1
5.37999999999999,0,13.9696902016692,0,14.9760867702433,0,50.6653657658825,0,-0.233318385153751,-0.233318385153751,0,0,1,0
5.45,5.37999999999999,13.933625714527,13.9696902016692,14.8316421392595,14.9760867702433,51.2151353652095,50.6653657658825,0.0463141473731241,0.0463141473731241,0,0,-1,0
5.28,5.45,13.827996243837,13.933625714527,14.9395673913652,14.8316421392595,51.3302607642621,51.2151353652095,-0.35785203631988,-0.35785203631988,0,0,0,1
5.23999999999999,5.28,13.7640236967728,13.827996243837,15.1046330234185,14.9395673913652,51.7170265273096,51.3302607642621,-0.084639006412992,-0.084639006412992,0,0,0,-1
4.55,5.23999999999999,13.5871524012406,13.7640236967728,14.9237501526931,15.1046330234185,52.022394904526,51.7170265273096,0.224833048530936,0.224833048530936,0,0,0,0
4.48,4.55,13.7538364754795,13.5871524012406,14.8780857905878,14.9237501526931,52.6754762716836,52.022394904526,-0.0873685308722294,-0.0873685308722294,0,0,0,0
4.23999999999999,4.48,13.9935494425498,13.7538364754795,14.5358476905118,14.8780857905878,53.2699704108058,52.6754762716836,-0.544289851517746,-0.544289851517746,0,0,1,0
3.81999999999999,4.23999999999999,14.0953804407224,13.9935494425498,14.3651949732272,14.5358476905118,53.7905446740351,53.2699704108058,0.234458260675932,0.234458260675932,0,0,-1,0
3.69,3.81999999999999,13.9545192654195,14.0953804407224,14.7472859630394,14.3651949732272,54.4740340084204,53.7905446740351,0.604131732419482,0.604131732419482,0,0,0,0
3.56,3.69,13.9626852834289,13.9545192654195,14.3027667140443,14.7472859630394,54.7626961716361,54.4740340084204,0.224298545394849,0.224298545394849,0,0,0,0
3.02,3.56,13.8732301426656,13.9626852834289,14.1670163794165,14.3027667140443,54.6630089107622,54.7626961716361,-0.172903457899903,-0.172903457899903,0,0,0,0
2.31,3.02,13.8575439716293,13.8732301426656,14.2888750605392,14.1670163794165,54.3209237540556,54.6630089107622,-0.295709351634354,-0.295709351634354,0,0,0,-1
2.56,2.31,13.9990718572308,13.8575439716293,14.2714792037689,14.2888750605392,54.5025270093239,54.3209237540556,-0.119794702308202,-0.119794702308202,0,0,-1,1
2.70999999999999,2.56,13.7948530455242,13.9990718572308,13.7454736640912,14.2714792037689,55.0854063986767,54.5025270093239,0.292313451931442,0.292313451931442,0,0,1,0
3.17,2.70999999999999,14.5125986448122,13.7948530455242,14.0357423425886,13.7454736640912,55.1520251667206,55.0854063986767,-1.92325516729135,-1.92325516729135,0,0,0,0
3.06,3.17,14.4474055427507,14.5125986448122,13.8928839084112,14.0357423425886,55.129464914954,55.1520251667206,0.637065780499267,0.637065780499267,0,0,0,0
3.36,3.06,14.6163160142909,14.4474055427507,13.7087505369874,13.8928839084112,55.2506793051316,55.129464914954,0.0708645063531286,0.0708645063531286,0,0,0,-1
3.88,3.36,14.5594822409856,14.6163160142909,13.3715219357115,13.7087505369874,54.5211910556457,55.2506793051316,-0.442791343315005,-0.442791343315005,0,0,-1,1
4.22,3.88,14.5032254610603,14.5594822409856,13.3080849415483,13.3715219357115,55.2787068176876,54.5211910556457,-0.122485714305558,-0.122485714305558,0,0,1,0
4.34999999999999,4.22,14.6804921285033,14.5032254610603,13.1534733074943,13.3080849415483,55.7968898466056,55.2787068176876,-0.34995749061331,-0.34995749061331,0,0,0,0
4.62999999999999,4.34999999999999,14.1486891188291,14.6804921285033,12.9149525786933,13.1534733074943,56.0266823999179,55.7968898466056,4.79853379400944,4.79853379400944,0,0,0,0
5.12000000000001,4.62999999999999,14.2951568820735,14.1486891188291,13.0354657029977,12.9149525786933,55.7164623630449,56.0266823999179,-3.14136377945639,-3.14136377945639,0,0,0,0
5.56,5.12000000000001,14.256811786144,14.2951568820735,12.8260128356899,13.0354657029977,55.5367381404194,55.7164623630449,-0.558636367477391,-0.558636367477391,0,0,0,0
5.78,5.56,14.2807312977781,14.256811786144,12.7880778348253,12.8260128356899,56.0933411844208,55.5367381404194,0.0136584634519359,0.0136584634519359,0,0,0,0
6.17,5.78,14.2574088829122,14.2807312977781,12.7191933360711,12.7880778348253,56.5406630724071,56.0933411844208,0.354806192694786,0.354806192694786,0,0,0,1
6.5,6.17,14.3113563622155,14.2574088829122,12.5323452058563,12.7191933360711,57.1089691569577,56.5406630724071,-0.525692826875712,-0.525692826875712,0,0,0,-1
6.40000000000001,6.5,14.3902699336683,14.3113563622155,12.3546479357802,12.5323452058563,57.5846806370734,57.1089691569577,0.853238759669049,0.853238759669049,0,0,0,0
6.90000000000001,6.40000000000001,13.9058987796894,14.3902699336683,12.6443887382741,12.3546479357802,58.2268740831867,57.5846806370734,0.223469131078785,0.223469131078785,0,0,1,1
7.26000000000001,6.90000000000001,14.2879404081239,13.9058987796894,12.6650393204146,12.6443887382741,58.7266565302178,58.2268740831867,-0.955130924869447,-0.955130924869447,0,0,-1,-1
7.01000000000001,7.26000000000001,14.1603588351344,14.2879404081239,12.8290347047334,12.6650393204146,58.4972606595977,58.7266565302178,0.0285164784650451,0.0285164784650451,0,0,0,0
7.14,7.01000000000001,14.0848604828977,14.1603588351344,12.7521743399176,12.8290347047334,59.2432455167067,58.4972606595977,0.496396877265354,0.496396877265354,0,0,1,0
8.09999999999999,7.14,14.0683358864178,14.0848604828977,12.7716486324197,12.7521743399176,59.4861839682992,59.2432455167067,-0.146076127954611,-0.146076127954611,0,0,-1,0
8.95999999999999,8.09999999999999,14.0384541633867,14.0683358864178,13.2447310576676,12.7716486324197,61.2332174913152,59.4861839682992,0.541858599931217,0.541858599931217,0,0,0,0
8.83,8.95999999999999,13.891587106529,14.0384541633867,13.3748958715718,13.2447310576676,60.8388587768103,61.2332174913152,-0.624837717399792,-0.624837717399792,0,0,0,0
8.81999999999999,8.83,13.8346974170767,13.891587106529,13.3500199156306,13.3748958715718,60.4009406213344,60.8388587768103,5.29167397660498,5.29167397660498,0,0,0,-1
9.31999999999999,8.81999999999999,13.3192565991662,13.8346974170767,13.693450731447,13.3500199156306,60.5819468737677,60.4009406213344,-3.44916572281051,-3.44916572281051,0,0,-1,0
9.17,9.31999999999999,13.8221089206605,13.3192565991662,13.7928300684952,13.693450731447,60.9662171226754,60.5819468737677,-2.73710325735289,-2.73710325735289,0,0,1,1
16.68,9.17,14.6078863835295,13.8221089206605,19.3288902091809,13.7928300684952,59.8668920971112,60.9662171226754,-1.87338904480528,-1.87338904480528,0,0,0,0
17.79,16.68,14.3983324907868,14.6078863835295,20.844586989078,19.3288902091809,58.4715443142457,59.8668920971112,2.73143325452513,2.73143325452513,0,0,0,0
17.35,17.79,14.5477830789313,14.3983324907868,19.7612419038822,20.844586989078,57.7074858344643,58.4715443142457,-0.724260211531156,-0.724260211531156,0,0,0,0
16.49,17.35,15.2187033264607,14.5477830789313,18.3542294938505,19.7612419038822,57.4437075040491,57.7074858344643,2.8657128594502,2.8657128594502,0,0,0,0
15.8,16.49,14.9538274412701,15.2187033264607,16.1447570912419,18.3542294938505,57.1553255639441,57.4437075040491,-0.506434658915303,-0.506434658915303,0,0,0,0
15.18,15.8,14.9651774252232,14.9538274412701,16.0832023128413,16.1447570912419,56.7967327824166,57.1553255639441,-0.921732476157693,-0.921732476157693,0,0,0,0
14.38,15.18,14.9367776553751,14.9651774252232,15.7717935126377,16.0832023128413,56.9917337743148,56.7967327824166,-0.176982568817097,-0.176982568817097,0,0,0,1
13,14.38,14.8256570269551,14.9367776553751,15.8677038895599,15.7717935126377,56.8739932923,56.9917337743148,-0.00987692322549982,-0.00987692322549982,0,0,0,-1
12.17,13,14.9768843659451,14.8256570269551,16.0882964546736,15.8677038895599,56.8682986306232,56.8739932923,-2.08697942896877,-2.08697942896877,0,0,1,0
12.66,12.17,14.7206467006094,14.9768843659451,16.7173064837097,16.0882964546736,56.7735266417868,56.8682986306232,1.48234527551285,1.48234527551285,0,0,-1,0
12.16,12.66,14.8915810760705,14.7206467006094,16.4750013724079,16.7173064837097,56.5982658529574,56.7735266417868,-0.0858261368690396,-0.0858261368690396,0,0,0,0
11.9,12.16,14.7289075265503,14.8915810760705,15.9751339393056,16.4750013724079,56.2629492045241,56.5982658529574,0.0855621893392779,0.0855621893392779,0,0,0,0
4.12000000000001,11.9,14.5252161139282,14.7289075265503,15.8890907787887,15.9751339393056,56.7140029396381,56.2629492045241,-0.0694924849490306,-0.0694924849490306,0,0,0,1
2.92,4.12000000000001,14.3584096556454,14.5252161139282,15.7516627628371,15.8890907787887,57.3195760537584,56.7140029396381,-0.0150522367082608,-0.0150522367082608,0,0,0,0
3.23,2.92,13.784737385236,14.3584096556454,16.154896677884,15.7516627628371,57.4728772942863,57.3195760537584,0.757592946502786,0.757592946502786,0,0,1,-1
4.08,3.23,13.749608129842,13.784737385236,16.1203512564287,16.154896677884,57.9759716217822,57.4728772942863,2.4972290169703,2.4972290169703,0,0,-1,1
4.97,4.08,13.4852115008285,13.749608129842,15.7928689099272,16.1203512564287,56.6687224248177,57.9759716217822,-1.84168907065787,-1.84168907065787,0,0,1,-1
5.45,4.97,13.4341225898768,13.4852115008285,16.2157661930399,15.7928689099272,57.7001633957479,56.6687224248177,0.850895361256956,0.850895361256956,0,0,0,0
6.22,5.45,13.3032594253956,13.4341225898768,17.8647861947047,16.2157661930399,58.6794067837039,57.7001633957479,-3.24247020059627,-3.24247020059627,0,0,-1,1
6.70999999999999,6.22,13.0841805149593,13.3032594253956,18.7816915090003,17.8647861947047,59.7903215953324,58.6794067837039,2.21008655524883,2.21008655524883,0,0,0,-1
7.95999999999999,6.70999999999999,13.0920289393223,13.0841805149593,19.0804137013308,18.7816915090003,59.9451565403041,59.7903215953324,-2.2378425154308,-2.2378425154308,0,0,1,0
7.48999999999999,7.95999999999999,13.1045050094784,13.0920289393223,20.1382146906186,19.0804137013308,58.6524313457041,59.9451565403041,1.51933748883128,1.51933748883128,0,0,-1,0
7.61,7.48999999999999,13.174795570958,13.1045050094784,22.4052435936292,20.1382146906186,58.8253202391619,58.6524313457041,-0.0387339306838328,-0.0387339306838328,0,0,0,0
7.7,7.61,13.0460895942518,13.174795570958,23.6602946185302,22.4052435936292,58.468418397077,58.8253202391619,-1.74209617894006,-1.74209617894006,0,0,0,1
7.51000000000001,7.7,12.9200013873375,13.0460895942518,22.7864134739533,23.6602946185302,57.9280856728645,58.468418397077,1.37820301786078,1.37820301786078,0,0,0,0
7.70999999999999,7.51000000000001,12.8839362731716,12.9200013873375,21.6654217156419,22.7864134739533,58.1562187832107,57.9280856728645,-0.147723243239266,-0.147723243239266,0,0,0,0
8.01000000000001,7.70999999999999,12.5000769523072,12.8839362731716,21.9133317324709,21.6654217156419,58.4155175451597,58.1562187832107,1.99752624521402,1.99752624521402,0,0,1,-1
8.3,8.01000000000001,12.5849140073989,12.5000769523072,23.5701467098857,21.9133317324709,58.8062803554331,58.4155175451597,-3.32207411321289,-3.32207411321289,0,0,-1,1
8.94,8.3,11.7166589532156,12.5849140073989,23.3752658749108,23.5701467098857,58.1761006386346,58.8062803554331,2.57929124483088,2.57929124483088,0,0,1,-1
9.09999999999999,8.94,11.7118887993821,11.7166589532156,24.4752625233735,23.3752658749108,58.1795710778821,58.1761006386346,1.37150917776396,1.37150917776396,0,0,0,0
8.28,9.09999999999999,11.7182605179449,11.7118887993821,24.3153889673985,24.4752625233735,57.4855693302985,58.1795710778821,-1.69837436785221,-1.69837436785221,0,0,0,-1
8.44,8.28,11.5625530277711,11.7182605179449,25.8349491072536,24.3153889673985,55.8419630575583,57.4855693302985,-0.0926841374253904,-0.0926841374253904,0,0,-2,1
8.98,8.44,11.7208554822982,11.5625530277711,26.3927829256274,25.8349491072536,53.2374823769358,55.8419630575583,0.0683155196827663,0.0683155196827663,0,0,1,-1
9.77,8.98,12.3179339914858,11.7208554822982,26.565083609711,26.3927829256274,51.0333542665073,53.2374823769358,0.0971594068581645,0.0971594068581645,0,0,-1,1
10.26,9.77,12.3373360710606,12.3179339914858,28.2097246351662,26.565083609711,49.9051553808595,51.0333542665073,0.167552665291165,0.167552665291165,0,0,2,0
10.79,10.26,12.6260993193568,12.3373360710606,29.2328123609332,28.2097246351662,49.0090906816411,49.9051553808595,-0.199229542945385,-0.199229542945385,0,0,-1,1
11.28,10.79,12.8956331198604,12.6260993193568,28.9098286119436,29.2328123609332,48.766601311606,49.0090906816411,0.230801283085562,0.230801283085562,0,0,0,-1
11.2,11.28,12.8063086033558,12.8956331198604,27.0482802342025,28.9098286119436,48.6689810738521,48.766601311606,-0.910546663580597,-0.910546663580597,0,0,0,0
10.99,11.2,12.8784921514675,12.8063086033558,26.8257836628923,27.0482802342025,48.165225596139,48.6689810738521,-1.10175622401147,-1.10175622401147,0,0,1,0
10.32,10.99,13.349921987824,12.8784921514675,25.6827047670184,26.8257836628923,47.5078367179128,48.165225596139,1.65838241362351,1.65838241362351,0,0,-1,0
9.98999999999999,10.32,12.511782742116,13.349921987824,24.5873654207493,25.6827047670184,46.7335763131348,47.5078367179128,-0.694869746936615,-0.694869746936615,0,0,-1,0
9.34999999999999,9.98999999999999,12.5350416279491,12.511782742116,23.7048959121689,24.5873654207493,46.7195491470186,46.7335763131348,0.241865546751328,0.241865546751328,0,0,2,1
9.86,9.34999999999999,12.5211289077326,12.5350416279491,22.1293261919723,23.7048959121689,46.6752604473982,46.7195491470186,0.47542100114168,0.47542100114168,0,0,-1,-1
5.47,0,13.7270964221375,0,15.2253791301598,0,55.8658247257013,0,-0.233318385153751,0,0,0,1,0
5.5,5.47,13.7433982403331,13.7270964221375,15.2070778664107,15.2253791301598,56.4746818189568,55.8658247257013,0.0463141473731241,0,0,0,-1,0
5.7,5.5,13.6441350035113,13.7433982403331,15.3012559890898,15.2070778664107,58.7356802484572,56.4746818189568,-0.35785203631988,0,0,0,0,1
5.69,5.7,13.5836299810175,13.6441350035113,15.4520278457281,15.3012559890898,59.5463211092907,58.7356802484572,-0.084639006412992,0,0,0,0,-1
4.90000000000001,5.69,13.354999743239,13.5836299810175,15.258465789849,15.4520278457281,60.3049619430813,59.5463211092907,0.224833048530936,0,0,0,0,0
4.58,4.90000000000001,13.585454155868,13.354999743239,15.1787561082544,15.258465789849,58.7326020748509,60.3049619430813,-0.0873685308722294,0,0,0,0,0
3.97,4.58,13.712638900734,13.585454155868,14.9109842758794,15.1787561082544,59.6174891631244,58.7326020748509,-0.544289851517746,0,0,0,1,0
3.56,3.97,13.8628689712985,13.712638900734,14.7745593260003,14.9109842758794,60.3425774485918,59.6174891631244,0.234458260675932,0,0,0,-1,0
3.23999999999999,3.56,13.7453440194015,13.8628689712985,14.9473145276259,14.7745593260003,60.3411952462641,60.3425774485918,0.604131732419482,0,0,0,0,0
2.93000000000001,3.23999999999999,13.7725965161463,13.7453440194015,14.672437012043,14.9473145276259,60.4288519518905,60.3411952462641,0.224298545394849,0,0,0,0,0
2.53,2.93000000000001,13.6772469817047,13.7725965161463,14.3851678977205,14.672437012043,60.1223292842733,60.4288519518905,-0.172903457899903,0,0,0,0,0
2.01000000000001,2.53,13.6659665001089,13.6772469817047,14.525927502561,14.3851678977205,62.4900251062087,60.1223292842733,-0.295709351634354,0,0,0,0,-1
2.13,2.01000000000001,13.779091042909,13.6659665001089,14.5009916066995,14.525927502561,62.3471565371277,62.4900251062087,-0.119794702308202,0,0,0,-1,1
2.67,2.13,13.4970663546565,13.779091042909,14.040384255984,14.5009916066995,62.6000300322203,62.3471565371277,0.292313451931442,0,0,0,1,0
3.65000000000001,2.67,14.2584704257129,13.4970663546565,14.222968620622,14.040384255984,61.5831123618972,62.6000300322203,-1.92325516729135,0,0,0,0,0
3.76000000000001,3.65000000000001,14.2194085782561,14.2584704257129,14.0677468225969,14.222968620622,60.8293142668079,61.5831123618972,0.637065780499267,0,0,0,0,0
4.36,3.76000000000001,14.3711228036442,14.2194085782561,13.8822469526134,14.0677468225969,60.5304285828828,60.8293142668079,0.0708645063531286,0,0,0,0,-1
4.68000000000001,4.36,14.3377222498151,14.3711228036442,13.5408819713654,13.8822469526134,60.4642654724246,60.5304285828828,-0.442791343315005,0,0,0,-1,1
4.95999999999999,4.68000000000001,14.2364942885839,14.3377222498151,13.4513053260422,13.5408819713654,60.6880745925798,60.4642654724246,-0.122485714305558,0,0,0,1,0
5.25,4.95999999999999,14.4431199729007,14.2364942885839,13.3338094645677,13.4513053260422,60.6640239201991,60.6880745925798,-0.34995749061331,0,0,0,0,0
5.62000000000001,5.25,13.8646581581052,14.4431199729007,13.0878055880914,13.3338094645677,60.73739668736,60.6640239201991,4.79853379400944,0,0,0,0,0
6.15000000000001,5.62000000000001,14.0239549165388,13.8646581581052,13.3089483195318,13.0878055880914,60.807811658458,60.73739668736,-3.14136377945639,0,0,0,0,0
6.69,6.15000000000001,14.0452077389801,14.0239549165388,12.9699606092835,13.3089483195318,60.3352703864908,60.807811658458,-0.558636367477391,0,0,0,0,0
6.54000000000001,6.69,14.0432278610627,14.0452077389801,13.0446015757302,12.9699606092835,60.294008446691,60.3352703864908,0.0136584634519359,0,0,0,0,0
6.65000000000001,6.54000000000001,14.0308493924943,14.0432278610627,12.9262926775008,13.0446015757302,60.6316673681957,60.294008446691,0.354806192694786,0,0,0,0,1
6.58,6.65000000000001,14.0953469895391,14.0308493924943,12.8190864019179,12.9262926775008,61.3849704732133,60.6316673681957,-0.525692826875712,0,0,0,0,-1
5.84,6.58,14.1704651944028,14.0953469895391,12.7125309691718,12.8190864019179,61.6961373974604,61.3849704732133,0.853238759669049,0,0,0,0,0
6.26000000000001,5.84,13.6261188642226,14.1704651944028,12.9357668026205,12.7125309691718,62.2840135608162,61.6961373974604,0.223469131078785,0,0,0,1,1
6.08,6.26000000000001,14.0347951992424,13.6261188642226,13.0005818393484,12.9357668026205,62.9615779157397,62.2840135608162,-0.955130924869447,0,0,0,-1,-1
5.92,6.08,13.8806510252175,14.0347951992424,13.332228296641,13.0005818393484,63.5364230908394,62.9615779157397,0.0285164784650451,0,0,0,0,0
6.06999999999999,5.92,13.7896403691092,13.8806510252175,13.1223403354998,13.332228296641,64.3183257377379,63.5364230908394,0.496396877265354,0,0,0,1,0
7.12000000000001,6.06999999999999,13.8432300580046,13.7896403691092,13.0310125554226,13.1223403354998,64.787245972594,64.3183257377379,-0.146076127954611,0,0,0,-1,0
8.62,7.12000000000001,13.7786072475993,13.8432300580046,13.4124063021641,13.0310125554226,65.1757468820512,64.787245972594,0.541858599931217,0,0,0,0,0
8.83,8.62,13.6400892910723,13.7786072475993,13.6092476897485,13.4124063021641,64.7111887684056,65.1757468820512,-0.624837717399792,0,0,0,0,0
8.73,8.83,13.6177046328812,13.6400892910723,13.6178361145213,13.6092476897485,64.6971584466645,64.7111887684056,5.29167397660498,0,0,0,0,-1
9,8.73,13.0811401145327,13.6177046328812,14.021656418086,13.6178361145213,63.8633367327121,64.6971584466645,-3.44916572281051,0,0,0,-1,0
9.17,9,13.5289261484569,13.0811401145327,13.956657707109,14.021656418086,64.0934425214214,63.8633367327121,-2.73710325735289,0,0,0,1,1
15.59,9.17,14.3765908921337,13.5289261484569,19.6026648206766,13.956657707109,63.0682686130766,64.0934425214214,-1.87338904480528,0,0,0,0,0
17.27,15.59,14.1890805107464,14.3765908921337,20.7498355615273,19.6026648206766,60.5585958756677,63.0682686130766,2.73143325452513,0,0,0,0,0
17.37,17.27,14.2638995515025,14.1890805107464,20.2686491001986,20.7498355615273,59.5916452062832,60.5585958756677,-0.724260211531156,0,0,0,0,0
16.74,17.37,14.9150507898931,14.2638995515025,18.8825930801848,20.2686491001986,59.0305263772808,59.5916452062832,2.8657128594502,0,0,0,0,0
15.51,16.74,14.6834508849973,14.9150507898931,16.8023606837911,18.8825930801848,59.1648883532309,59.0305263772808,-0.506434658915303,0,0,0,0,0
14.04,15.51,14.7113033626726,14.6834508849973,16.6207468610382,16.8023606837911,58.7977561082484,59.1648883532309,-0.921732476157693,0,0,0,0,0
13.63,14.04,14.7037197862072,14.7113033626726,16.622129954546,16.6207468610382,59.0907328206697,58.7977561082484,-0.176982568817097,0,0,0,0,1
11.88,13.63,14.5979770368752,14.7037197862072,16.3036258123554,16.622129954546,60.4624150621513,59.0907328206697,-0.00987692322549982,0,0,0,0,-1
11.3,11.88,14.7700700062257,14.5979770368752,16.8687604874625,16.3036258123554,60.5394000239352,60.4624150621513,-2.08697942896877,0,0,0,1,0
11.27,11.3,14.5247781014649,14.7700700062257,17.1495884812542,16.8687604874625,60.0544109544842,60.5394000239352,1.48234527551285,0,0,0,-1,0
11.42,11.27,14.684924570482,14.5247781014649,16.9145799974882,17.1495884812542,58.6513758779716,60.0544109544842,-0.0858261368690396,0,0,0,0,0
10.59,11.42,14.530987965105,14.684924570482,16.5368574422813,16.9145799974882,58.3082155231887,58.6513758779716,0.0855621893392779,0,0,0,0,0
3.95999999999999,10.59,14.340198858608,14.530987965105,16.3637715973427,16.5368574422813,58.6424910105946,58.3082155231887,-0.0694924849490306,0,0,0,0,1
2.03,3.95999999999999,14.2436462263497,14.340198858608,16.4046791768879,16.3637715973427,58.4753304635823,58.6424910105946,-0.0150522367082608,0,0,0,0,0
1.74,2.03,13.6384421459611,14.2436462263497,16.5414296098215,16.4046791768879,58.7159006828129,58.4753304635823,0.757592946502786,0,0,0,1,-1
2.42,1.74,13.6619683720763,13.6384421459611,16.5073417087965,16.5414296098215,59.1572468783301,58.7159006828129,2.4972290169703,0,0,0,-1,1
3.72,2.42,13.3780586035981,13.6619683720763,16.242175098087,16.5073417087965,58.7602297459985,59.1572468783301,-1.84168907065787,0,0,0,1,-1
5.06,3.72,13.2787400604205,13.3780586035981,16.5811811084428,16.242175098087,59.8551992859743,58.7602297459985,0.850895361256956,0,0,0,0,0
5.26000000000001,5.06,13.1870237597235,13.2787400604205,18.8048541872249,16.5811811084428,60.7305833917847,59.8551992859743,-3.24247020059627,0,0,0,-1,1
5.91,5.26000000000001,12.9946740983965,13.1870237597235,19.4673170180751,18.8048541872249,61.159205016017,60.7305833917847,2.21008655524883,0,0,0,0,-1
6.47,5.91,13.0231690080372,12.9946740983965,19.8370648021546,19.4673170180751,61.0558049920715,61.159205016017,-2.2378425154308,0,0,0,1,0
6.64,6.47,13.0404065518675,13.0231690080372,21.5793142708117,19.8370648021546,59.7000804633696,61.0558049920715,1.51933748883128,0,0,0,-1,0
6.31,6.64,13.109393082333,13.0404065518675,23.1853687539691,21.5793142708117,59.8298430069423,59.7000804633696,-0.0387339306838328,0,0,0,0,0
6.83,6.31,13.0030080950957,13.109393082333,23.8080654668139,23.1853687539691,59.5152912150497,59.8298430069423,-1.74209617894006,0,0,0,0,1
6.7,6.83,12.9014372649839,13.0030080950957,23.1967874259989,23.8080654668139,59.6039203146808,59.5152912150497,1.37820301786078,0,0,0,0,0
7.26000000000001,6.7,12.8745728058962,12.9014372649839,23.1729283236758,23.1967874259989,59.5964291595311,59.6039203146808,-0.147723243239266,0,0,0,0,0
7.34,7.26000000000001,12.4884366134682,12.8745728058962,22.9364339080857,23.1729283236758,59.6119443642213,59.5964291595311,1.99752624521402,0,0,0,1,-1
7.48,7.34,12.5863456184287,12.4884366134682,23.3136918809374,22.9364339080857,60.0604127060342,59.6119443642213,-3.32207411321289,0,0,0,-1,1
8.01000000000001,7.48,11.6582840423514,12.5863456184287,23.9654350213309,23.3136918809374,58.9406175971965,60.0604127060342,2.57929124483088,0,0,0,1,-1
8.31,8.01000000000001,11.6293235847628,11.6582840423514,25.7318467877113,23.9654350213309,58.7898200319438,58.9406175971965,1.37150917776396,0,0,0,0,0
8.23,8.31,11.6245772267372,11.6293235847628,25.4334957140452,25.7318467877113,58.1835786312069,58.7898200319438,-1.69837436785221,0,0,0,0,-1
7.98999999999999,8.23,11.4506328031088,11.6245772267372,27.7582759143481,25.4334957140452,57.2750385966154,58.1835786312069,-0.0926841374253904,0,0,0,-2,1
8.61,7.98999999999999,11.5895336680471,11.4506328031088,27.2192212934909,27.7582759143481,54.3458121523715,57.2750385966154,0.0683155196827663,0,0,0,1,-1
9.2,8.61,12.188453082793,11.5895336680471,28.0944884680714,27.2192212934909,52.6296319852568,54.3458121523715,0.0971594068581645,0,0,0,-1,1
9.73,9.2,12.1846239440789,12.188453082793,29.1124006179607,28.0944884680714,50.7254557855374,52.6296319852568,0.167552665291165,0,0,0,2,0
9.81,9.73,12.4795760830097,12.1846239440789,30.4696436832503,29.1124006179607,49.8987006207947,50.7254557855374,-0.199229542945385,0,0,0,-1,1
10.3,9.81,12.7405532210471,12.4795760830097,30.6780420454024,30.4696436832503,49.2678453638311,49.8987006207947,0.230801283085562,0,0,0,0,-1
10.4,10.3,12.6629535523151,12.7405532210471,28.5600376901605,30.6780420454024,48.5377657219125,49.2678453638311,-0.910546663580597,0,0,0,0,0
10.29,10.4,12.7376232677319,12.6629535523151,27.5662481763398,28.5600376901605,48.1293415657658,48.5377657219125,-1.10175622401147,0,0,0,1,0
10.27,10.29,13.192991192062,12.7376232677319,27.1433114995359,27.5662481763398,47.3743419898916,48.1293415657658,1.65838241362351,0,0,0,-1,0
9.81999999999999,10.27,12.3600820118111,13.192991192062,26.1785480335616,27.1433114995359,46.4465247511229,47.3743419898916,-0.694869746936615,0,0,0,-1,0
8.79000000000001,9.81999999999999,12.381536955766,12.3600820118111,25.435903948007,26.1785480335616,46.3118429150801,46.4465247511229,0.241865546751328,0,0,0,2,1
8.5,8.79000000000001,12.3955960645411,12.381536955766,24.0249649526033,25.435903948007,45.8374764470115,46.3118429150801,0.47542100114168,0,0,0,-1,-1
3.69,0,13.6713019961089,0,14.4633436573552,0,32.1897723660426,0,-0.233318385153751,0,-0.233318385153751,0,1,0
3.70999999999999,3.69,13.610441988954,13.6713019961089,14.4164431417214,14.4633436573552,32.3749495012098,32.1897723660426,0.0463141473731241,0,0.0463141473731241,0,-1,0
3.78,3.70999999999999,13.5214760805691,13.610441988954,14.6045893320811,14.4164431417214,32.4414626126255,32.3749495012098,-0.35785203631988,0,-0.35785203631988,0,0,1
3.79000000000001,3.78,13.4806572049935,13.5214760805691,14.7722460361251,14.6045893320811,32.7199985967793,32.4414626126255,-0.084639006412992,0,-0.084639006412992,0,0,-1
4.06,3.79000000000001,13.2161584025613,13.4806572049935,14.597325305694,14.7722460361251,32.8440280131178,32.7199985967793,0.224833048530936,0,0.224833048530936,0,0,0
4.06,4.06,13.4866681346178,13.2161584025613,14.6326743524327,14.597325305694,33.0144888821809,32.8440280131178,-0.0873685308722294,0,-0.0873685308722294,0,0,0
3.73999999999999,4.06,13.5075354888651,13.4866681346178,14.2193586098982,14.6326743524327,33.281553219661,33.0144888821809,-0.544289851517746,0,-0.544289851517746,0,1,0
3.53,3.73999999999999,13.7268660382367,13.5075354888651,13.973257863263,14.2193586098982,33.5330381252077,33.281553219661,0.234458260675932,0,0.234458260675932,0,-1,0
3.23,3.53,13.6654281945328,13.7268660382367,14.3747288380356,13.973257863263,33.3015082407621,33.5330381252077,0.604131732419482,0,0.604131732419482,0,0,0
3.5,3.23,13.6909922776539,13.6654281945328,13.870372135962,14.3747288380356,33.449620862547,33.3015082407621,0.224298545394849,0,0.224298545394849,0,0,0
3.53,3.5,13.5626477797464,13.6909922776539,13.8592072855619,13.870372135962,33.3923816767321,33.449620862547,-0.172903457899903,0,-0.172903457899903,0,0,0
3.59,3.53,13.5484669556431,13.5626477797464,13.7802813316124,13.8592072855619,33.4271368388329,33.3923816767321,-0.295709351634354,0,-0.295709351634354,0,0,-1
3.37,3.59,13.6609532840035,13.5484669556431,13.9351537028153,13.7802813316124,33.6606525198112,33.4271368388329,-0.119794702308202,0,-0.119794702308202,0,-1,1
3.55,3.37,13.3924489439542,13.6609532840035,13.6658380797606,13.9351537028153,34.0354340323281,33.6606525198112,0.292313451931442,0,0.292313451931442,0,1,0
3.87,3.55,14.3252132430578,13.3924489439542,13.6794213077133,13.6658380797606,34.0823235747935,34.0354340323281,-1.92325516729135,0,-1.92325516729135,0,0,0
3.79000000000001,3.87,14.3166128836075,14.3252132430578,13.7160436656548,13.6794213077133,34.1768810839612,34.0823235747935,0.637065780499267,0,0.637065780499267,0,0,0
3.81999999999999,3.79000000000001,14.4710925088099,14.3166128836075,13.591242616976,13.7160436656548,34.5041759582404,34.1768810839612,0.0708645063531286,0,0.0708645063531286,0,0,-1
4.15000000000001,3.81999999999999,14.3694508345816,14.4710925088099,13.1000054716994,13.591242616976,35.0194006779508,34.5041759582404,-0.442791343315005,0,-0.442791343315005,0,-1,1
4.26000000000001,4.15000000000001,14.2056659170009,14.3694508345816,13.0423098248725,13.1000054716994,35.6551714923347,35.0194006779508,-0.122485714305558,0,-0.122485714305558,0,1,0
4.18000000000001,4.26000000000001,14.4055224353651,14.2056659170009,12.9951463167541,13.0423098248725,36.3757489649975,35.6551714923347,-0.34995749061331,0,-0.34995749061331,0,0,0
4.28,4.18000000000001,13.7226274721649,14.4055224353651,12.9357920349069,12.9951463167541,37.1354478578079,36.3757489649975,4.79853379400944,0,4.79853379400944,0,0,0
5.09,4.28,13.8897862793601,13.7226274721649,12.9978670154963,12.9357920349069,37.4720200947389,37.1354478578079,-3.14136377945639,0,-3.14136377945639,0,0,0
5,5.09,13.988235883583,13.8897862793601,12.7785181528046,12.9978670154963,37.5973457892623,37.4720200947389,-0.558636367477391,0,-0.558636367477391,0,0,0
4.75,5,14.0119586477001,13.988235883583,12.6758312967496,12.7785181528046,38.0698105830024,37.5973457892623,0.0136584634519359,0,0.0136584634519359,0,0,0
4.81,4.75,13.9820322094495,14.0119586477001,12.6041134942797,12.6758312967496,38.6504092447552,38.0698105830024,0.354806192694786,0,0.354806192694786,0,0,1
4.53,4.81,14.0999288586429,13.9820322094495,12.2433047808463,12.6041134942797,39.4811760275331,38.6504092447552,-0.525692826875712,0,-0.525692826875712,0,0,-1
4.42,4.53,14.276302851971,14.0999288586429,12.0335773431094,12.2433047808463,40.2058307372479,39.4811760275331,0.853238759669049,0,0.853238759669049,0,0,0
4.75,4.42,13.5913962344485,14.276302851971,12.2508141485919,12.0335773431094,41.3003403601939,40.2058307372479,0.223469131078785,0,0.223469131078785,0,1,1
4.68000000000001,4.75,14.0806311714842,13.5913962344485,12.3550448610157,12.2508141485919,42.5309875961103,41.3003403601939,-0.955130924869447,0,-0.955130924869447,0,-1,-1
4.70999999999999,4.68000000000001,13.8831054921148,14.0806311714842,12.6499807909567,12.3550448610157,43.5072542462714,42.5309875961103,0.0285164784650451,0,0.0285164784650451,0,0,0
5.39,4.70999999999999,13.7947039220823,13.8831054921148,12.6410452176983,12.6499807909567,44.5047849303777,43.5072542462714,0.496396877265354,0,0.496396877265354,0,1,0
5.73999999999999,5.39,13.9064259499757,13.7947039220823,12.6673810156054,12.6410452176983,45.3464391488955,44.5047849303777,-0.146076127954611,0,-0.146076127954611,0,-1,0
6.09999999999999,5.73999999999999,13.8136840471177,13.9064259499757,13.0984149802804,12.6673810156054,45.8443355182049,45.3464391488955,0.541858599931217,0,0.541858599931217,0,0,0
5.84999999999999,6.09999999999999,13.6365781412552,13.8136840471177,13.1769812862513,13.0984149802804,45.8511833248081,45.8443355182049,-0.624837717399792,0,-0.624837717399792,0,0,0
6.2,5.84999999999999,13.5819628071699,13.6365781412552,13.5205599075403,13.1769812862513,46.3038247285452,45.8511833248081,5.29167397660498,0,5.29167397660498,0,0,-1
6.34,6.2,12.9926114362131,13.5819628071699,13.7499033503708,13.5205599075403,46.6160651031201,46.3038247285452,-3.44916572281051,0,-3.44916572281051,0,-1,0
6.81999999999999,6.34,13.1419574446711,12.9926114362131,13.5738225398701,13.7499033503708,46.8565346561549,46.6160651031201,-2.73710325735289,0,-2.73710325735289,0,1,1
13.76,6.81999999999999,14.070155046019,13.1419574446711,17.9023506149382,13.5738225398701,46.6690873747508,46.8565346561549,-1.87338904480528,0,-1.87338904480528,0,0,0
15.04,13.76,13.8990001514972,14.070155046019,19.6115067608749,17.9023506149382,46.2184756181978,46.6690873747508,2.73143325452513,0,2.73143325452513,0,0,0
15.04,15.04,13.9898687755142,13.8990001514972,19.3427151787249,19.6115067608749,45.734180819911,46.2184756181978,-0.724260211531156,0,-0.724260211531156,0,0,0
15.17,15.04,14.7154170339178,13.9898687755142,17.850102277501,19.3427151787249,45.7144773724899,45.734180819911,2.8657128594502,0,2.8657128594502,0,0,0
14.29,15.17,14.4309268289453,14.7154170339178,16.5775313080922,17.850102277501,45.729827293346,45.7144773724899,-0.506434658915303,0,-0.506434658915303,0,0,0
13.47,14.29,14.5134559088856,14.4309268289453,16.334150611856,16.5775313080922,45.5765640265333,45.729827293346,-0.921732476157693,0,-0.921732476157693,0,0,0
12.94,13.47,14.503346600809,14.5134559088856,16.3234200770398,16.334150611856,45.792525514504,45.5765640265333,-0.176982568817097,0,-0.176982568817097,0,0,1
12.5,12.94,14.3765615642096,14.503346600809,15.7411186664385,16.3234200770398,46.3702724381397,45.792525514504,-0.00987692322549982,0,-0.00987692322549982,0,0,-1
12.25,12.5,14.6962093700416,14.3765615642096,15.9637554092488,15.7411186664385,46.7668510128999,46.3702724381397,-2.08697942896877,0,-2.08697942896877,0,1,0
12.07,12.25,14.4126565839858,14.6962093700416,17.1535435202731,15.9637554092488,46.7170896069367,46.7668510128999,1.48234527551285,0,1.48234527551285,0,-1,0
12.32,12.07,14.5422104683497,14.4126565839858,16.6774503890495,17.1535435202731,46.0836298428773,46.7170896069367,-0.0858261368690396,0,-0.0858261368690396,0,0,0
11.35,12.32,14.3612307821221,14.5422104683497,16.4819621174155,16.6774503890495,46.0876610248306,46.0836298428773,0.0855621893392779,0,0.0855621893392779,0,0,0
4.47,11.35,14.1740661435654,14.3612307821221,15.8769273110487,16.4819621174155,46.5972248888617,46.0876610248306,-0.0694924849490306,0,-0.0694924849490306,0,0,1
3.18000000000001,4.47,14.0501439653849,14.1740661435654,16.1888808568005,15.8769273110487,47.1192034326437,46.5972248888617,-0.0150522367082608,0,-0.0150522367082608,0,0,0
3.08,3.18000000000001,13.3389103070001,14.0501439653849,16.0390746670633,16.1888808568005,47.7089286157574,47.1192034326437,0.757592946502786,0,0.757592946502786,0,1,-1
3.16,3.08,13.347261233364,13.3389103070001,16.1926093277753,16.0390746670633,48.4449133577331,47.7089286157574,2.4972290169703,0,2.4972290169703,0,-1,1
4.22,3.16,13.0573655144939,13.347261233364,16.1412355730266,16.1926093277753,48.8050997774737,48.4449133577331,-1.84168907065787,0,-1.84168907065787,0,1,-1
4.93000000000001,4.22,12.926206389222,13.0573655144939,16.7291332350396,16.1412355730266,49.9024910981251,48.8050997774737,0.850895361256956,0,0.850895361256956,0,0,0
6.90000000000001,4.93000000000001,12.8748683432563,12.926206389222,18.6591304407638,16.7291332350396,50.7129409533839,49.9024910981251,-3.24247020059627,0,-3.24247020059627,0,-1,1
7.61,6.90000000000001,12.7139227056833,12.8748683432563,18.9731942075776,18.6591304407638,51.0901200290843,50.7129409533839,2.21008655524883,0,2.21008655524883,0,0,-1
7.78,7.61,12.7975740715708,12.7139227056833,20.3104235908257,18.9731942075776,51.3030426592461,51.0901200290843,-2.2378425154308,0,-2.2378425154308,0,1,0
7.44,7.78,12.8471120432682,12.7975740715708,20.2342584212891,20.3104235908257,50.4523783661186,51.3030426592461,1.51933748883128,0,1.51933748883128,0,-1,0
7.41,7.44,12.9840275548877,12.8471120432682,23.0698418828534,20.2342584212891,50.9571211365352,50.4523783661186,-0.0387339306838328,0,-0.0387339306838328,0,0,0
8.23999999999999,7.41,12.8388691597081,12.9840275548877,24.5261334082736,23.0698418828534,50.1056472847247,50.9571211365352,-1.74209617894006,0,-1.74209617894006,0,0,1
8.39,8.23999999999999,12.7894313132405,12.8388691597081,23.7923193527757,24.5261334082736,49.9930092375083,50.1056472847247,1.37820301786078,0,1.37820301786078,0,0,0
8.12,8.39,12.7644475874766,12.7894313132405,23.1225861233746,23.7923193527757,49.9724600600528,49.9930092375083,-0.147723243239266,0,-0.147723243239266,0,0,0
8.17,8.12,12.3911388053542,12.7644475874766,23.5340125508227,23.1225861233746,49.743188389703,49.9724600600528,1.99752624521402,0,1.99752624521402,0,1,-1
8.25,8.17,12.5308631795388,12.3911388053542,24.3099752560356,23.5340125508227,49.9587549335111,49.743188389703,-3.32207411321289,0,-3.32207411321289,0,-1,1
8.17,8.25,11.4696615566851,12.5308631795388,25.5401437010682,24.3099752560356,49.3289649242075,49.9587549335111,2.57929124483088,0,2.57929124483088,0,1,-1
7.89,8.17,11.4063158062231,11.4696615566851,27.2368766724914,25.5401437010682,49.3901013053378,49.3289649242075,1.37150917776396,0,1.37150917776396,0,0,0
6.37999999999999,7.89,11.3931063318152,11.4063158062231,28.7012993653481,27.2368766724914,48.901653271992,49.3901013053378,-1.69837436785221,0,-1.69837436785221,0,0,-1
6,6.37999999999999,11.2705902574132,11.3931063318152,31.3784446135766,28.7012993653481,48.1307563144338,48.901653271992,-0.0926841374253904,0,-0.0926841374253904,0,-2,1
6.42,6,11.4283625391873,11.2705902574132,34.1553349221829,31.3784446135766,46.8764064862297,48.1307563144338,0.0683155196827663,0,0.0683155196827663,0,1,-1
7.15000000000001,6.42,12.205925100546,11.4283625391873,35.8400962929642,34.1553349221829,45.3530563963467,46.8764064862297,0.0971594068581645,0,0.0971594068581645,0,-1,1
7.79000000000001,7.15000000000001,12.1921967324766,12.205925100546,32.4228501798458,35.8400962929642,44.22046746523,45.3530563963467,0.167552665291165,0,0.167552665291165,0,2,0
8.09999999999999,7.79000000000001,12.4994216498465,12.1921967324766,32.7897451281734,32.4228501798458,43.9266233086443,44.22046746523,-0.199229542945385,0,-0.199229542945385,0,-1,1
8.52,8.09999999999999,12.7788132488645,12.4994216498465,34.6709239649457,32.7897451281734,43.6348252066882,43.9266233086443,0.230801283085562,0,0.230801283085562,0,0,-1
9.2,8.52,12.7219301893404,12.7788132488645,32.7156243674292,34.6709239649457,43.376837984683,43.6348252066882,-0.910546663580597,0,-0.910546663580597,0,0,0
9.29000000000001,9.2,12.8729638590599,12.7219301893404,34.5888503722648,32.7156243674292,43.1522078926384,43.376837984683,-1.10175622401147,0,-1.10175622401147,0,1,0
9.09,9.29000000000001,13.2663790106894,12.8729638590599,35.3766612635172,34.5888503722648,42.7568853338648,43.1522078926384,1.65838241362351,0,1.65838241362351,0,-1,0
9.44,9.09,12.3309705706097,13.2663790106894,34.2312994161119,35.3766612635172,42.0997537607487,42.7568853338648,-0.694869746936615,0,-0.694869746936615,0,-1,0
8.61,9.44,12.3873025567745,12.3309705706097,32.6757138127824,34.2312994161119,42.2254608711436,42.0997537607487,0.241865546751328,0,0.241865546751328,0,2,1
8.37,8.61,12.4499433853531,12.3873025567745,31.8390053568028,32.6757138127824,41.996656782618,42.2254608711436,0.47542100114168,0,0.47542100114168,0,-1,-1
4.92,0,13.7314464222783,0,14.8388320258083,0,57.5090420355362,0,-0.233318385153751,-0.233318385153751,0,0,1,0
4.95999999999999,4.92,13.7212219807273,13.7314464222783,14.7327695342161,14.8388320258083,57.9680680599908,57.5090420355362,0.0463141473731241,0.0463141473731241,0,0,-1,0
5,4.95999999999999,13.5787698671854,13.7212219807273,14.7926716887093,14.7327695342161,58.8679986668687,57.9680680599908,-0.35785203631988,-0.35785203631988,0,0,0,1
5.34999999999999,5,13.5317038580453,13.5787698671854,14.9952682768023,14.7926716887093,59.4081478904006,58.8679986668687,-0.084639006412992,-0.084639006412992,0,0,0,-1
5.25,5.34999999999999,13.2854506069809,13.5317038580453,14.8503473047635,14.9952682768023,59.8592517942043,59.4081478904006,0.224833048530936,0.224833048530936,0,0,0,0
5.12999999999999,5.25,13.3311371688895,13.2854506069809,14.7806964121294,14.8503473047635,59.9949462973762,59.8592517942043,-0.0873685308722294,-0.0873685308722294,0,0,0,0
4.92,5.12999999999999,13.4420424952381,13.3311371688895,14.4580925732482,14.7806964121294,60.8098450620215,59.9949462973762,-0.544289851517746,-0.544289851517746,0,0,1,0
4.75,4.92,13.5802043764389,13.4420424952381,14.2832741716774,14.4580925732482,61.1513951865105,60.8098450620215,0.234458260675932,0.234458260675932,0,0,-1,0
4.40000000000001,4.75,13.4804963838028,13.5802043764389,14.599831841113,14.2832741716774,59.4149665988496,61.1513951865105,0.604131732419482,0.604131732419482,0,0,0,0
4.2,4.40000000000001,13.5011504160162,13.4804963838028,14.2363822391882,14.599831841113,59.7330400010088,59.4149665988496,0.224298545394849,0.224298545394849,0,0,0,0
3.65000000000001,4.2,13.404499485985,13.5011504160162,13.9702266481564,14.2363822391882,59.844725360972,59.7330400010088,-0.172903457899903,-0.172903457899903,0,0,0,0
2.67,3.65000000000001,13.4426860204001,13.404499485985,13.94571992241,13.9702266481564,61.7783809896885,59.844725360972,-0.295709351634354,-0.295709351634354,0,0,0,-1
2.31,2.67,13.5964578733987,13.4426860204001,14.1605550620008,13.94571992241,62.1348115853952,61.7783809896885,-0.119794702308202,-0.119794702308202,0,0,-1,1
2.5,2.31,13.3884644867796,13.5964578733987,13.5931891491892,14.1605550620008,62.7444973344151,62.1348115853952,0.292313451931442,0.292313451931442,0,0,1,0
3.08,2.5,14.1550976582724,13.3884644867796,13.7935017013887,13.5931891491892,61.2375149779451,62.7444973344151,-1.92325516729135,-1.92325516729135,0,0,0,0
2.81,3.08,14.0887088837906,14.1550976582724,13.5472160051997,13.7935017013887,61.4865735239355,61.2375149779451,0.637065780499267,0.637065780499267,0,0,0,0
2.69,2.81,14.2471564445597,14.0887088837906,13.6628537298599,13.5472160051997,61.9205196213495,61.4865735239355,0.0708645063531286,0.0708645063531286,0,0,0,-1
2.81999999999999,2.69,14.1817156048681,14.2471564445597,13.2836191124323,13.6628537298599,62.918299955066,61.9205196213495,-0.442791343315005,-0.442791343315005,0,0,-1,1
2.98,2.81999999999999,14.1058477251776,14.1817156048681,13.1764885494779,13.2836191124323,63.8796059503749,62.918299955066,-0.122485714305558,-0.122485714305558,0,0,1,0
3.13,2.98,14.2529620624448,14.1058477251776,13.1007259728147,13.1764885494779,64.7104064290406,63.8796059503749,-0.34995749061331,-0.34995749061331,0,0,0,0
3.41,3.13,13.7177424923565,14.2529620624448,12.6850347891356,13.1007259728147,65.7419691366502,64.7104064290406,4.79853379400944,4.79853379400944,0,0,0,0
3.87,3.41,13.8693005735223,13.7177424923565,12.8475469434338,12.6850347891356,65.4906909272543,65.7419691366502,-3.14136377945639,-3.14136377945639,0,0,0,0
4.23999999999999,3.87,13.8841202543032,13.8693005735223,12.6877484836307,12.8475469434338,65.4949899985151,65.4906909272543,-0.558636367477391,-0.558636367477391,0,0,0,0
5.01000000000001,4.23999999999999,13.9199333116077,13.8841202543032,12.7464827607961,12.6877484836307,64.8106185973342,65.4949899985151,0.0136584634519359,0.0136584634519359,0,0,0,0
5.72,5.01000000000001,13.8892087853901,13.9199333116077,12.6048672964646,12.7464827607961,65.4338112586657,64.8106185973342,0.354806192694786,0.354806192694786,0,0,0,1
5.84999999999999,5.72,13.9796272566903,13.8892087853901,12.4964982751952,12.6048672964646,66.3123569587428,65.4338112586657,-0.525692826875712,-0.525692826875712,0,0,0,-1
5.26000000000001,5.84999999999999,14.0834042674334,13.9796272566903,12.4246921705085,12.4964982751952,67.1703041871214,66.3123569587428,0.853238759669049,0.853238759669049,0,0,0,0
5.64,5.26000000000001,13.58081010646,14.0834042674334,12.5620594567059,12.4246921705085,67.9328771104982,67.1703041871214,0.223469131078785,0.223469131078785,0,0,1,1
6.55,5.64,14.0204869322988,13.58081010646,12.6700878333558,12.5620594567059,68.5711428254724,67.9328771104982,-0.955130924869447,-0.955130924869447,0,0,-1,-1
6.56,6.55,13.912825915636,14.0204869322988,12.8490633565919,12.6700878333558,69.6811172038026,68.5711428254724,0.0285164784650451,0.0285164784650451,0,0,0,0
6.58,6.56,13.815470681913,13.912825915636,12.8502210080157,12.8490633565919,70.387795817953,69.6811172038026,0.496396877265354,0.496396877265354,0,0,1,0
7.19,6.58,13.8099624804779,13.815470681913,12.7319330860018,12.8502210080157,70.691161973347,70.387795817953,-0.146076127954611,-0.146076127954611,0,0,-1,0
8.18000000000001,7.19,13.8216983278723,13.8099624804779,13.0422556377435,12.7319330860018,70.6677638092656,70.691161973347,0.541858599931217,0.541858599931217,0,0,0,0
8.37,8.18000000000001,13.688955342286,13.8216983278723,13.0982664293063,13.0422556377435,69.8939919298397,70.6677638092656,-0.624837717399792,-0.624837717399792,0,0,0,0
8.11,8.37,13.6526119069011,13.688955342286,13.3972126729136,13.0982664293063,69.6890839316056,69.8939919298397,5.29167397660498,5.29167397660498,0,0,0,-1
8.2,8.11,13.1173395660233,13.6526119069011,13.8740523682256,13.3972126729136,70.3256680837541,69.6890839316056,-3.44916572281051,-3.44916572281051,0,0,-1,0
8.38,8.2,13.509729553654,13.1173395660233,13.757933018124,13.8740523682256,70.7197886069238,70.3256680837541,-2.73710325735289,-2.73710325735289,0,0,1,1
16.05,8.38,14.3188923416819,13.509729553654,21.4874084804495,13.757933018124,69.9992001101547,70.7197886069238,-1.87338904480528,-1.87338904480528,0,0,0,0
17.66,16.05,14.0819434115772,14.3188923416819,21.7547857047563,21.4874084804495,69.4716447747826,69.9992001101547,2.73143325452513,2.73143325452513,0,0,0,0
17.16,17.66,14.1806499213094,14.0819434115772,19.8168790333115,21.7547857047563,68.4860416575636,69.4716447747826,-0.724260211531156,-0.724260211531156,0,0,0,0
15.64,17.16,14.86894268612,14.1806499213094,18.5289356629012,19.8168790333115,67.899816331612,68.4860416575636,2.8657128594502,2.8657128594502,0,0,0,0
14.78,15.64,14.6295927583264,14.86894268612,16.4454603967163,18.5289356629012,66.7906398870411,67.899816331612,-0.506434658915303,-0.506434658915303,0,0,0,0
14.27,14.78,14.6807597983327,14.6295927583264,16.2287710561598,16.4454603967163,66.7586909640263,66.7906398870411,-0.921732476157693,-0.921732476157693,0,0,0,0
13.5,14.27,14.6683000051892,14.6807597983327,16.2730644953176,16.2287710561598,67.0794770658984,66.7586909640263,-0.176982568817097,-0.176982568817097,0,0,0,1
12.2,13.5,14.593927607493,14.6683000051892,15.8300349601268,16.2730644953176,67.0126543935116,67.0794770658984,-0.00987692322549982,-0.00987692322549982,0,0,0,-1
11.59,12.2,14.789158614136,14.593927607493,16.1277514934618,15.8300349601268,67.1154612420546,67.0126543935116,-2.08697942896877,-2.08697942896877,0,0,1,0
11.83,11.59,14.5515062241415,14.789158614136,16.8350593750043,16.1277514934618,66.688118007173,67.1154612420546,1.48234527551285,1.48234527551285,0,0,-1,0
11.67,11.83,14.7377392993163,14.5515062241415,16.3343791454758,16.8350593750043,65.9837982905019,66.688118007173,-0.0858261368690396,-0.0858261368690396,0,0,0,0
11.28,11.67,14.5976349809331,14.7377392993163,16.0398873348312,16.3343791454758,65.8164759711042,65.9837982905019,0.0855621893392779,0.0855621893392779,0,0,0,0
3.51000000000001,11.28,14.4135040763523,14.5976349809331,16.055422400264,16.0398873348312,66.3776088471146,65.8164759711042,-0.0694924849490306,-0.0694924849490306,0,0,0,1
2.28,3.51000000000001,14.2488743618469,14.4135040763523,15.8638315815301,16.055422400264,66.6168539482812,66.3776088471146,-0.0150522367082608,-0.0150522367082608,0,0,0,0
2.73,2.28,13.6546322301549,14.2488743618469,16.2064583271098,15.8638315815301,67.1509980046196,66.6168539482812,0.757592946502786,0.757592946502786,0,0,1,-1
3.18000000000001,2.73,13.6317782572575,13.6546322301549,16.1111582266621,16.2064583271098,67.7458209468702,67.1509980046196,2.4972290169703,2.4972290169703,0,0,-1,1
4.02,3.18000000000001,13.3663686043036,13.6317782572575,15.8766457207669,16.1111582266621,66.0931491674939,67.7458209468702,-1.84168907065787,-1.84168907065787,0,0,1,-1
4.8,4.02,13.3038465540009,13.3663686043036,16.3587444571377,15.8766457207669,67.5512853478172,66.0931491674939,0.850895361256956,0.850895361256956,0,0,0,0
5.84999999999999,4.8,13.1997572553867,13.3038465540009,18.633406933423,16.3587444571377,69.0587362241155,67.5512853478172,-3.24247020059627,-3.24247020059627,0,0,-1,1
6.48,5.84999999999999,13.0052229617966,13.1997572553867,18.8651484663427,18.633406933423,72.1826625495509,69.0587362241155,2.21008655524883,2.21008655524883,0,0,0,-1
7.27,6.48,13.0205739879413,13.0052229617966,18.5624881456109,18.8651484663427,72.3483707326765,72.1826625495509,-2.2378425154308,-2.2378425154308,0,0,1,0
7.27,7.27,13.0657742322631,13.0205739879413,20.9193256831288,18.5624881456109,71.4344921216265,72.3483707326765,1.51933748883128,1.51933748883128,0,0,-1,0
7.5,7.27,13.1727231616635,13.0657742322631,22.1476012423279,20.9193256831288,71.1680933257017,71.4344921216265,-0.0387339306838328,-0.0387339306838328,0,0,0,0
7.52,7.5,13.0166333959203,13.1727231616635,23.0479452565189,22.1476012423279,70.4619180812253,71.1680933257017,-1.74209617894006,-1.74209617894006,0,0,0,1
7.81999999999999,7.52,12.8957016113926,13.0166333959203,22.0780629645594,23.0479452565189,70.6293896910638,70.4619180812253,1.37820301786078,1.37820301786078,0,0,0,0
7.7,7.81999999999999,12.86320086794,12.8957016113926,22.0305237858467,22.0780629645594,69.8013769645327,70.6293896910638,-0.147723243239266,-0.147723243239266,0,0,0,0
7.86,7.7,12.4528626537794,12.86320086794,21.9613121264027,22.0305237858467,69.8202054801807,69.8013769645327,1.99752624521402,1.99752624521402,0,0,1,-1
8.48999999999999,7.86,12.5555090340728,12.4528626537794,23.17978846623,21.9613121264027,70.5725967721994,69.8202054801807,-3.32207411321289,-3.32207411321289,0,0,-1,1
9.09,8.48999999999999,11.692614612508,12.5555090340728,22.9345333812198,23.17978846623,69.7360446224014,70.5725967721994,2.57929124483088,2.57929124483088,0,0,1,-1
8.70999999999999,9.09,11.6791472681821,11.692614612508,24.3364000779043,22.9345333812198,69.2649916683308,69.7360446224014,1.37150917776396,1.37150917776396,0,0,0,0
8.41,8.70999999999999,11.7190340055623,11.6791472681821,24.4279633345141,24.3364000779043,68.3285174819592,69.2649916683308,-1.69837436785221,-1.69837436785221,0,0,0,-1
8.53,8.41,11.5665129232512,11.7190340055623,25.6241272688772,24.4279633345141,65.9634220605203,68.3285174819592,-0.0926841374253904,-0.0926841374253904,0,0,-2,1
9.17,8.53,11.7029767607861,11.5665129232512,27.472596478879,25.6241272688772,63.7520840090867,65.9634220605203,0.0683155196827663,0.0683155196827663,0,0,1,-1
10.02,9.17,12.3160781278006,11.7029767607861,26.7980660274708,27.472596478879,61.9564105651635,63.7520840090867,0.0971594068581645,0.0971594068581645,0,0,-1,1
10.6,10.02,12.3333647032748,12.3160781278006,28.3350371919273,26.7980660274708,63.1880132378086,61.9564105651635,0.167552665291165,0.167552665291165,0,0,2,0
11.2,10.6,12.6182983151039,12.3333647032748,30.2911760788706,28.3350371919273,62.2179923187145,63.1880132378086,-0.199229542945385,-0.199229542945385,0,0,-1,1
11.36,11.2,12.9213288566666,12.6182983151039,30.8643540509957,30.2911760788706,61.4180453574985,62.2179923187145,0.230801283085562,0.230801283085562,0,0,0,-1
11.22,11.36,12.8485795721011,12.9213288566666,29.6227170187784,30.8643540509957,59.5827374563525,61.4180453574985,-0.910546663580597,-0.910546663580597,0,0,0,0
10.98,11.22,12.9638950649568,12.8485795721011,29.1626418282348,29.6227170187784,58.9745108659384,59.5827374563525,-1.10175622401147,-1.10175622401147,0,0,1,0
10.5,10.98,13.4778273506816,12.9638950649568,27.8722198653061,29.1626418282348,58.193901956067,58.9745108659384,1.65838241362351,1.65838241362351,0,0,-1,0
10.48,10.5,12.6241898840953,13.4778273506816,26.978980771815,27.8722198653061,57.4179249165739,58.193901956067,-0.694869746936615,-0.694869746936615,0,0,-1,0
9.98,10.48,12.7487585081496,12.6241898840953,26.6068974314898,26.978980771815,57.5336865870215,57.4179249165739,0.241865546751328,0.241865546751328,0,0,2,1
9.70999999999999,9.98,12.4361300652652,12.7487585081496,25.2486850782591,26.6068974314898,57.4621046404243,57.5336865870215,0.47542100114168,0.47542100114168,0,0,-1,-1
6.15000000000001,0,13.5709400971791,0,15.0674450455599,0,56.9666411533005,0,-0.233318385153751,0,0,0,1,0
5.84,6.15000000000001,13.651256379565,13.5709400971791,15.1179506082501,15.0674450455599,57.3740516734434,56.9666411533005,0.0463141473731241,0,0,0,-1,0
5.68000000000001,5.84,13.5066244268322,13.651256379565,14.9993139704274,15.1179506082501,56.6885358837927,57.3740516734434,-0.35785203631988,0,0,0,0,1
5.8,5.68000000000001,13.4727278557909,13.5066244268322,15.2877223754152,14.9993139704274,57.1604681843678,56.6885358837927,-0.084639006412992,0,0,0,0,-1
4.92,5.8,13.2128422110769,13.4727278557909,14.981374753968,15.2877223754152,57.5076133639696,57.1604681843678,0.224833048530936,0,0,0,0,0
4.53,4.92,13.4427242299799,13.2128422110769,15.0351451149596,14.981374753968,58.7258364840463,57.5076133639696,-0.0873685308722294,0,0,0,0,0
4.06,4.53,13.5124452616431,13.4427242299799,14.8396707326958,15.0351451149596,59.289781709269,58.7258364840463,-0.544289851517746,0,0,0,1,0
3.67,4.06,13.7122200775452,13.5124452616431,14.5619712715233,14.8396707326958,59.841697451894,59.289781709269,0.234458260675932,0,0,0,-1,0
3.20999999999999,3.67,13.6189848212018,13.7122200775452,14.8650812759892,14.5619712715233,59.3400565270365,59.841697451894,0.604131732419482,0,0,0,0,0
2.76000000000001,3.20999999999999,13.6399352002483,13.6189848212018,14.5971996483701,14.8650812759892,59.5709559422049,59.3400565270365,0.224298545394849,0,0,0,0,0
2.18000000000001,2.76000000000001,13.5207428354278,13.6399352002483,14.2980265707941,14.5971996483701,59.6834826097907,59.5709559422049,-0.172903457899903,0,0,0,0,0
1.28,2.18000000000001,13.4711721701649,13.5207428354278,14.398976071086,14.2980265707941,60.1047889835807,59.6834826097907,-0.295709351634354,0,0,0,0,-1
1.27,1.28,13.5834618938348,13.4711721701649,14.4550948781205,14.398976071086,60.3792288919067,60.1047889835807,-0.119794702308202,0,0,0,-1,1
1.95,1.27,13.292670647613,13.5834618938348,13.9718156360299,14.4550948781205,60.9602697994014,60.3792288919067,0.292313451931442,0,0,0,1,0
3.13,1.95,14.1459961245987,13.292670647613,13.9482053679933,13.9718156360299,61.6458634909448,60.9602697994014,-1.92325516729135,0,0,0,0,0
3.09,3.13,14.1322434241849,14.1459961245987,13.8160945463966,13.9482053679933,61.3778161121884,61.6458634909448,0.637065780499267,0,0,0,0,0
3.45999999999999,3.09,14.2939369349387,14.1322434241849,13.8084191367249,13.8160945463966,61.5155663734864,61.3778161121884,0.0708645063531286,0,0,0,0,-1
4.05,3.45999999999999,14.255451638057,14.2939369349387,13.4602458495596,13.8084191367249,62.0788645896231,61.5155663734864,-0.442791343315005,0,0,0,-1,1
4.01000000000001,4.05,14.1139416669744,14.255451638057,13.5051833380023,13.4602458495596,63.0159615409495,62.0788645896231,-0.122485714305558,0,0,0,1,0
3.98,4.01000000000001,14.337181233939,14.1139416669744,13.4755957274665,13.5051833380023,63.6882888843859,63.0159615409495,-0.34995749061331,0,0,0,0,0
4.48999999999999,3.98,13.7362366388288,14.337181233939,13.1537156919363,13.4755957274665,62.7361024608019,63.6882888843859,4.79853379400944,0,0,0,0,0
4.7,4.48999999999999,13.9160542745927,13.7362366388288,13.2107653946873,13.1537156919363,63.0665786372392,62.7361024608019,-3.14136377945639,0,0,0,0,0
5.41,4.7,13.9513852730789,13.9160542745927,12.828046465223,13.2107653946873,63.1169111377971,63.0665786372392,-0.558636367477391,0,0,0,0,0
5.84999999999999,5.41,13.9659799988228,13.9513852730789,13.0416338281162,12.828046465223,64.1006635358663,63.1169111377971,0.0136584634519359,0,0,0,0,0
6.45,5.84999999999999,13.9333397678378,13.9659799988228,12.7133562609414,13.0416338281162,64.596068977916,64.1006635358663,0.354806192694786,0,0,0,0,1
6.25,6.45,14.0404654245689,13.9333397678378,12.8054210177057,12.7133562609414,65.3571791614988,64.596068977916,-0.525692826875712,0,0,0,0,-1
5.73999999999999,6.25,14.1576862596963,14.0404654245689,12.5812377880333,12.8054210177057,65.3224468532417,65.3571791614988,0.853238759669049,0,0,0,0,0
6.03,5.73999999999999,13.5435256495466,14.1576862596963,12.8255097418622,12.5812377880333,65.8674314061339,65.3224468532417,0.223469131078785,0,0,0,1,1
6.36,6.03,13.9606057003267,13.5435256495466,12.7412890191528,12.8255097418622,66.6983765994596,65.8674314061339,-0.955130924869447,0,0,0,-1,-1
5.68000000000001,6.36,13.7875764529923,13.9606057003267,12.9856674773472,12.7412890191528,66.5675551333669,66.6983765994596,0.0285164784650451,0,0,0,0,0
6.40000000000001,5.68000000000001,13.6904526353979,13.7875764529923,12.9037080759265,12.9856674773472,67.2704153975025,66.5675551333669,0.496396877265354,0,0,0,1,0
7.42,6.40000000000001,13.7698960939275,13.6904526353979,12.7384845387588,12.9037080759265,67.7549160057385,67.2704153975025,-0.146076127954611,0,0,0,-1,0
7.87999999999999,7.42,13.7098807012412,13.7698960939275,13.1541620343507,12.7384845387588,69.3650496954612,67.7549160057385,0.541858599931217,0,0,0,0,0
8.56999999999999,7.87999999999999,13.554079703989,13.7098807012412,13.4148323602653,13.1541620343507,69.3904740673794,69.3650496954612,-0.624837717399792,0,0,0,0,0
8.13,8.56999999999999,13.5307310114754,13.554079703989,13.460280278651,13.4148323602653,69.6004540032407,69.3904740673794,5.29167397660498,0,0,0,0,-1
9.09999999999999,8.13,12.9760118541656,13.5307310114754,13.7479244702533,13.460280278651,70.4923263900301,69.6004540032407,-3.44916572281051,0,0,0,-1,0
9.59,9.09999999999999,13.3187763960076,12.9760118541656,14.1124598046579,13.7479244702533,70.989114353085,70.4923263900301,-2.73710325735289,0,0,0,1,1
16.38,9.59,14.2265434732433,13.3187763960076,18.5163122500245,14.1124598046579,69.9148926472956,70.989114353085,-1.87338904480528,0,0,0,0,0
17.95,16.38,14.0777248311482,14.2265434732433,20.4593029578972,18.5163122500245,66.5591636096932,69.9148926472956,2.73143325452513,0,0,0,0,0
17.06,17.95,14.1935510345097,14.0777248311482,20.3783460369374,20.4593029578972,65.6151831831825,66.5591636096932,-0.724260211531156,0,0,0,0,0
15.43,17.06,14.7999939643536,14.1935510345097,18.6421518831004,20.3783460369374,64.9034536565821,65.6151831831825,2.8657128594502,0,0,0,0,0
14.74,15.43,14.5579551317583,14.7999939643536,17.2845739404389,18.6421518831004,65.7734597181512,64.9034536565821,-0.506434658915303,0,0,0,0,0
13.69,14.74,14.5874180593931,14.5579551317583,16.6363322039288,17.2845739404389,65.6081390046364,65.7734597181512,-0.921732476157693,0,0,0,0,0
12.69,13.69,14.5838101377606,14.5874180593931,16.8779817004311,16.6363322039288,65.7371438869702,65.6081390046364,-0.176982568817097,0,0,0,0,1
11.73,12.69,14.4792495312329,14.5838101377606,16.2262240630483,16.8779817004311,64.2173456572175,65.7371438869702,-0.00987692322549982,0,0,0,0,-1
10.51,11.73,14.7581937724913,14.4792495312329,16.5264749314959,16.2262240630483,64.2010200535723,64.2173456572175,-2.08697942896877,0,0,0,1,0
10.31,10.51,14.5158478060307,14.7581937724913,17.8832806533412,16.5264749314959,63.8405534197426,64.2010200535723,1.48234527551285,0,0,0,-1,0
9.54000000000001,10.31,14.6769636041513,14.5158478060307,16.622067852651,17.8832806533412,65.4396121388544,63.8405534197426,-0.0858261368690396,0,0,0,0,0
8.29000000000001,9.54000000000001,14.5367896999658,14.6769636041513,16.3174793341331,16.622067852651,65.0852542030452,65.4396121388544,0.0855621893392779,0,0,0,0,0
1.86,8.29000000000001,14.3339579345675,14.5367896999658,16.3589108490631,16.3174793341331,65.3975674146409,65.0852542030452,-0.0694924849490306,0,0,0,0,1
-0.0100000000000051,1.86,14.2326152209697,14.3339579345675,16.2986157022237,16.3589108490631,64.4760471022705,65.3975674146409,-0.0150522367082608,0,0,0,0,0
0.420000000000002,-0.0100000000000051,13.5780534133326,14.2326152209697,16.6932806484649,16.2986157022237,64.5385440190493,64.4760471022705,0.757592946502786,0,0,0,1,-1
1.36,0.420000000000002,13.5959706282891,13.5780534133326,16.2213331246754,16.6932806484649,64.7946393094018,64.5385440190493,2.4972290169703,0,0,0,-1,1
2.44,1.36,13.3216045401295,13.5959706282891,16.2284057587246,16.2213331246754,65.038672160855,64.7946393094018,-1.84168907065787,0,0,0,1,-1
3.14,2.44,13.2062830421805,13.3216045401295,16.5867519438704,16.2284057587246,65.899455085198,65.038672160855,0.850895361256956,0,0,0,0,0
4.62999999999999,3.14,13.1153529886649,13.2062830421805,18.4246664092211,16.5867519438704,66.7048435755944,65.899455085198,-3.24247020059627,0,0,0,-1,1
5.17,4.62999999999999,12.8829087529991,13.1153529886649,19.5268467558784,18.4246664092211,68.8445607797506,66.7048435755944,2.21008655524883,0,0,0,0,-1
6.43000000000001,5.17,12.9239451412066,12.8829087529991,20.1092986998997,19.5268467558784,68.3675994375194,68.8445607797506,-2.2378425154308,0,0,0,1,0
7.05,6.43000000000001,12.9480663430544,12.9239451412066,20.9183725094408,20.1092986998997,67.1414719165914,68.3675994375194,1.51933748883128,0,0,0,-1,0
7.12000000000001,7.05,13.0414222214669,12.9480663430544,22.7975407587104,20.9183725094408,69.2551464144154,67.1414719165914,-0.0387339306838328,0,0,0,0,0
7.87000000000001,7.12000000000001,12.9343921317653,13.0414222214669,24.3289747074032,22.7975407587104,68.7657494943648,69.2551464144154,-1.74209617894006,0,0,0,0,1
7.40000000000001,7.87000000000001,12.8459808745491,12.9343921317653,22.9384664615639,24.3289747074032,68.6453066862026,68.7657494943648,1.37820301786078,0,0,0,0,0
7.5,7.40000000000001,12.8406661685485,12.8459808745491,23.0586170587663,22.9384664615639,67.1426114522809,68.6453066862026,-0.147723243239266,0,0,0,0,0
7.66,7.5,12.4417741571974,12.8406661685485,22.9382972083956,23.0586170587663,67.1399472453307,67.1426114522809,1.99752624521402,0,0,0,1,-1
8.70999999999999,7.66,12.5505535090533,12.4417741571974,23.832836967773,22.9382972083956,67.4642760965575,67.1399472453307,-3.32207411321289,0,0,0,-1,1
9.73,8.70999999999999,11.5777129657971,12.5505535090533,24.3570117660172,23.832836967773,66.4370241330172,67.4642760965575,2.57929124483088,0,0,0,1,-1
9.94,9.73,11.5447758698446,11.5777129657971,25.7887302008373,24.3570117660172,65.8727675380885,66.4370241330172,1.37150917776396,0,0,0,0,0
8.86,9.94,11.5619333985001,11.5447758698446,25.9797322579149,25.7887302008373,64.9225419951711,65.8727675380885,-1.69837436785221,0,0,0,0,-1
9.25,8.86,11.3896075630629,11.5619333985001,26.7446454851326,25.9797322579149,61.5033844662705,64.9225419951711,-0.0926841374253904,0,0,0,-2,1
9.56,9.25,11.5472339682263,11.3896075630629,27.7606914045864,26.7446454851326,58.027010840667,61.5033844662705,0.0683155196827663,0,0,0,1,-1
10.3,9.56,12.1773610363373,11.5472339682263,30.3146536445159,27.7606914045864,55.611675300376,58.027010840667,0.0971594068581645,0,0,0,-1,1
10.44,10.3,12.1701114925004,12.1773610363373,30.9915165459736,30.3146536445159,59.2070981124932,55.611675300376,0.167552665291165,0,0,0,2,0
10.33,10.44,12.4740623224019,12.1701114925004,32.4485034477859,30.9915165459736,58.263483498983,59.2070981124932,-0.199229542945385,0,0,0,-1,1
10.79,10.33,12.747612560455,12.4740623224019,31.3453032604077,32.4485034477859,57.5128905703256,58.263483498983,0.230801283085562,0,0,0,0,-1
10.49,10.79,12.6619368558491,12.747612560455,28.5902709619495,31.3453032604077,54.3826490715715,57.5128905703256,-0.910546663580597,0,0,0,0,0
10.21,10.49,12.7393914146433,12.6619368558491,28.6882538768324,28.5902709619495,53.8777764992965,54.3826490715715,-1.10175622401147,0,0,0,1,0
9.41,10.21,13.2198974349693,12.7393914146433,27.6881027336048,28.6882538768324,53.0250980947569,53.8777764992965,1.65838241362351,0,0,0,-1,0
8.73,9.41,12.2548685909877,13.2198974349693,27.1011816760295,27.6881027336048,51.9915236895256,53.0250980947569,-0.694869746936615,0,0,0,-1,0
8.34,8.73,12.281536897032,12.2548685909877,26.6615372291403,27.1011816760295,52.0324874866116,51.9915236895256,0.241865546751328,0,0,0,2,1
8.53,8.34,12.3395413950433,12.281536897032,23.7958803658834,26.6615372291403,51.6750847844116,52.0324874866116,0.47542100114168,0,0,0,-1,-1
5.34,0,13.629368009793,0,15.3281760927931,0,50.3891648042605,0,-0.233318385153751,0,0,0,1,0
5.33,5.34,13.6760697021335,13.629368009793,15.2146094024361,15.3281760927931,50.9228405735037,50.3891648042605,0.0463141473731241,0,0,0,-1,0
5.3,5.33,13.5163073915866,13.6760697021335,15.3379743844762,15.2146094024361,51.0841940478435,50.9228405735037,-0.35785203631988,0,0,0,0,1
5.20999999999999,5.3,13.492987638412,13.5163073915866,15.4667905803183,15.3379743844762,51.5268605433692,51.0841940478435,-0.084639006412992,0,0,0,0,-1
4.61,5.20999999999999,13.260217617933,13.492987638412,15.3338255083909,15.4667905803183,51.7348945951453,51.5268605433692,0.224833048530936,0,0,0,0,0
4.72,4.61,13.5279713240498,13.260217617933,15.2576767653451,15.3338255083909,52.6682003518273,51.7348945951453,-0.0873685308722294,0,0,0,0,0
4.28,4.72,13.5865732066651,13.5279713240498,14.9881998238533,15.2576767653451,53.3011232915286,52.6682003518273,-0.544289851517746,0,0,0,1,0
4.05,4.28,13.7713456276014,13.5865732066651,14.9095470026086,14.9881998238533,53.5977103981553,53.3011232915286,0.234458260675932,0,0,0,-1,0
3.95999999999999,4.05,13.6896915878828,13.7713456276014,15.1339850527899,14.9095470026086,53.7441736297054,53.5977103981553,0.604131732419482,0,0,0,0,0
3.79000000000001,3.95999999999999,13.739061807883,13.6896915878828,14.770973226028,15.1339850527899,53.8471623030191,53.7441736297054,0.224298545394849,0,0,0,0,0
3.08,3.79000000000001,13.6414105001937,13.739061807883,14.597413399796,14.770973226028,53.6516929187046,53.8471623030191,-0.172903457899903,0,0,0,0,0
2.55,3.08,13.5856366257749,13.6414105001937,14.7090433710836,14.597413399796,53.4797075994125,53.6516929187046,-0.295709351634354,0,0,0,0,-1
2.88,2.55,13.7041415667241,13.5856366257749,14.6686765206269,14.7090433710836,53.6293461842064,53.4797075994125,-0.119794702308202,0,0,0,-1,1
3.11,2.88,13.3932913138235,13.7041415667241,14.3041040729206,14.6686765206269,53.9851430115376,53.6293461842064,0.292313451931442,0,0,0,1,0
3.33,3.11,14.2446760367199,13.3932913138235,14.2872276838773,14.3041040729206,53.0834184853547,53.9851430115376,-1.92325516729135,0,0,0,0,0
3.52,3.33,14.2157668133169,14.2446760367199,14.161005501168,14.2872276838773,52.8636141071017,53.0834184853547,0.637065780499267,0,0,0,0,0
3.95,3.52,14.3927485454148,14.2157668133169,14.0958844275171,14.161005501168,53.1643809475869,52.8636141071017,0.0708645063531286,0,0,0,0,-1
3.84,3.95,14.3161605714459,14.3927485454148,13.7812698929697,14.0958844275171,53.5367787989244,53.1643809475869,-0.442791343315005,0,0,0,-1,1
3.94,3.84,14.1886836583106,14.3161605714459,13.7771314768979,13.7812698929697,54.1723162397733,53.5367787989244,-0.122485714305558,0,0,0,1,0
3.84,3.94,14.4503835630755,14.1886836583106,13.8049079677336,13.7771314768979,54.7851175300485,54.1723162397733,-0.34995749061331,0,0,0,0,0
4.23,3.84,13.8312183995813,14.4503835630755,13.5613016015544,13.8049079677336,55.5666401443289,54.7851175300485,4.79853379400944,0,0,0,0,0
4.83,4.23,14.0268115044094,13.8312183995813,13.5282416574604,13.5613016015544,55.8174110411825,55.5666401443289,-3.14136377945639,0,0,0,0,0
5.70999999999999,4.83,14.0551863412286,14.0268115044094,13.2723149759677,13.5282416574604,55.8343959146878,55.8174110411825,-0.558636367477391,0,0,0,0,0
5.62000000000001,5.70999999999999,14.0672773913556,14.0551863412286,13.3176714340691,13.2723149759677,55.6774526824681,55.8343959146878,0.0136584634519359,0,0,0,0,0
6.12000000000001,5.62000000000001,14.0342219615981,14.0672773913556,13.2337493164903,13.3176714340691,56.1058636819585,55.6774526824681,0.354806192694786,0,0,0,0,1
5.8,6.12000000000001,14.1464638812977,14.0342219615981,13.1431737395419,13.2337493164903,56.8103809323774,56.1058636819585,-0.525692826875712,0,0,0,0,-1
5.69,5.8,14.2553415147016,14.1464638812977,12.893188616004,13.1431737395419,57.5731089623474,56.8103809323774,0.853238759669049,0,0,0,0,0
6.37000000000001,5.69,13.6009574323022,14.2553415147016,13.1876736879858,12.893188616004,58.2340546122305,57.5731089623474,0.223469131078785,0,0,0,1,1
7.02,6.37000000000001,14.0407780306235,13.6009574323022,13.2033595603042,13.1876736879858,59.0349282126528,58.2340546122305,-0.955130924869447,0,0,0,-1,-1
6.77,7.02,13.8435008856618,14.0407780306235,13.4030530094851,13.2033595603042,59.6539304601974,59.0349282126528,0.0285164784650451,0,0,0,0,0
7.66,6.77,13.743102437248,13.8435008856618,13.428756878158,13.4030530094851,60.5103380980239,59.6539304601974,0.496396877265354,0,0,0,1,0
8.22,7.66,13.7886260904483,13.743102437248,13.4227450282866,13.428756878158,61.1532751829519,60.5103380980239,-0.146076127954611,0,0,0,-1,0
9.09,8.22,13.7283124471968,13.7886260904483,13.602584499794,13.4227450282866,61.5863236438197,61.1532751829519,0.541858599931217,0,0,0,0,0
9.08,9.09,13.5756870941521,13.7283124471968,13.9062289842813,13.602584499794,61.868117850134,61.5863236438197,-0.624837717399792,0,0,0,0,0
9,9.08,13.5588467515097,13.5756870941521,13.9945313962834,13.9062289842813,62.0223177699715,61.868117850134,5.29167397660498,0,0,0,0,-1
9.39,9,13.0040725091199,13.5588467515097,13.8930146988879,13.9945313962834,61.6678179544411,62.0223177699715,-3.44916572281051,0,0,0,-1,0
9.77,9.39,13.4262225261463,13.0040725091199,14.6344865703984,13.8930146988879,62.3973719725313,61.6678179544411,-2.73710325735289,0,0,0,1,1
16.07,9.77,14.3276466634222,13.4262225261463,19.1393291360085,14.6344865703984,61.6177762652231,62.3973719725313,-1.87338904480528,0,0,0,0,0
16.92,16.07,14.1908095697006,14.3276466634222,21.1007222107309,19.1393291360085,60.2894688975243,61.6177762652231,2.73143325452513,0,0,0,0,0
15.72,16.92,14.280300801889,14.1908095697006,21.1296207668433,21.1007222107309,59.5160902330148,60.2894688975243,-0.724260211531156,0,0,0,0,0
14.26,15.72,14.9308602301795,14.280300801889,19.1247604677186,21.1296207668433,58.9736717454517,59.5160902330148,2.8657128594502,0,0,0,0,0
14.49,14.26,14.6615006795896,14.9308602301795,17.1085572042888,19.1247604677186,58.3777406003144,58.9736717454517,-0.506434658915303,0,0,0,0,0
12.81,14.49,14.6828318898322,14.6615006795896,17.2700712303989,17.1085572042888,58.3810355625324,58.3777406003144,-0.921732476157693,0,0,0,0,0
13.07,12.81,14.6744040822078,14.6828318898322,17.3299355601787,17.2700712303989,58.7494592889914,58.3810355625324,-0.176982568817097,0,0,0,0,1
11.92,13.07,14.5617496747274,14.6744040822078,16.7155593356213,17.3299355601787,60.2088775525468,58.7494592889914,-0.00987692322549982,0,0,0,0,-1
11.26,11.92,14.7973833024045,14.5617496747274,17.0537768489107,16.7155593356213,60.6071810772462,60.2088775525468,-2.08697942896877,0,0,0,1,0
11.17,11.26,14.5377194380118,14.7973833024045,17.9614263136636,17.0537768489107,60.9682671563058,60.6071810772462,1.48234527551285,0,0,0,-1,0
11.32,11.17,14.6917090427825,14.5377194380118,17.1017870396306,17.9614263136636,61.0495852506799,60.9682671563058,-0.0858261368690396,0,0,0,0,0
10.94,11.32,14.5335207435269,14.6917090427825,16.6771838480374,17.1017870396306,61.1408039018641,61.0495852506799,0.0855621893392779,0,0,0,0,0
5.06999999999999,10.94,14.3527538753137,14.5335207435269,16.5519741246168,16.6771838480374,61.6614415812848,61.1408039018641,-0.0694924849490306,0,0,0,0,1
4.14,5.06999999999999,14.1941098704875,14.3527538753137,16.454440154452,16.5519741246168,62.6297612296983,61.6614415812848,-0.0150522367082608,0,0,0,0,0
4.37999999999999,4.14,13.5689001299507,14.1941098704875,16.8452840627804,16.454440154452,63.0888784912247,62.6297612296983,0.757592946502786,0,0,0,1,-1
5.64,4.37999999999999,13.5974447303798,13.5689001299507,16.740753414761,16.8452840627804,63.936281517896,63.0888784912247,2.4972290169703,0,0,0,-1,1
6.09999999999999,5.64,13.3235212046485,13.5974447303798,16.3277439856448,16.740753414761,63.7835027839319,63.936281517896,-1.84168907065787,0,0,0,1,-1
7.2,6.09999999999999,13.1978343238554,13.3235212046485,17.0143482806479,16.3277439856448,65.2040805718372,63.7835027839319,0.850895361256956,0,0,0,0,0
7.14,7.2,13.1115276168577,13.1978343238554,18.9009465754943,17.0143482806479,66.8659852000681,65.2040805718372,-3.24247020059627,0,0,0,-1,1
8.2,7.14,12.9165105887218,13.1115276168577,19.2102917014489,18.9009465754943,67.2370968504519,66.8659852000681,2.21008655524883,0,0,0,0,-1
8.79000000000001,8.2,12.9541566985066,12.9165105887218,20.4457213047654,19.2102917014489,67.9019780982384,67.2370968504519,-2.2378425154308,0,0,0,1,0
8.45999999999999,8.79000000000001,13.0288318700261,12.9541566985066,20.7565440950115,20.4457213047654,67.3556655313869,67.9019780982384,1.51933748883128,0,0,0,-1,0
8.3,8.45999999999999,13.1000473356511,13.0288318700261,22.6949396633509,20.7565440950115,66.7107272827905,67.3556655313869,-0.0387339306838328,0,0,0,0,0
7.7,8.3,12.9884779835385,13.1000473356511,23.3605344122428,22.6949396633509,66.6932789642801,66.7107272827905,-1.74209617894006,0,0,0,0,1
7.98,7.7,12.8948860448437,12.9884779835385,22.6265199978075,23.3605344122428,66.8648447233058,66.6932789642801,1.37820301786078,0,0,0,0,0
7.75,7.98,12.8964210527814,12.8948860448437,22.5762659664408,22.6265199978075,64.8128383618722,66.8648447233058,-0.147723243239266,0,0,0,0,0
8.53,7.75,12.5133929948418,12.8964210527814,22.9535113353882,22.5762659664408,64.8220687547029,64.8128383618722,1.99752624521402,0,0,0,1,-1
7.93000000000001,8.53,12.6212569008021,12.5133929948418,24.05753986478,22.9535113353882,65.462081316785,64.8220687547029,-3.32207411321289,0,0,0,-1,1
9.09,7.93000000000001,11.6401619818862,12.6212569008021,23.8832194370709,24.05753986478,64.9573293395107,65.462081316785,2.57929124483088,0,0,0,1,-1
9.77,9.09,11.6111211758114,11.6401619818862,25.3744718009524,23.8832194370709,64.729828779426,64.9573293395107,1.37150917776396,0,0,0,0,0
9.52,9.77,11.6025401955868,11.6111211758114,25.117315461938,25.3744718009524,64.0124196529244,64.729828779426,-1.69837436785221,0,0,0,0,-1
9.16,9.52,11.4400983690427,11.6025401955868,25.909923152857,25.117315461938,63.1088543757019,64.0124196529244,-0.0926841374253904,0,0,0,-2,1
9.23999999999999,9.16,11.5854023465565,11.4400983690427,26.7885961797091,25.909923152857,60.7451090790926,63.1088543757019,0.0683155196827663,0,0,0,1,-1
10.19,9.23999999999999,12.2799378158322,11.5854023465565,27.160907869191,26.7885961797091,58.7640271435261,60.7451090790926,0.0971594068581645,0,0,0,-1,1
10.98,10.19,12.2832470717047,12.2799378158322,28.669742969825,27.160907869191,58.5843495296522,58.7640271435261,0.167552665291165,0,0,0,2,0
11.8,10.98,12.5977249478076,12.2832470717047,30.3377564514665,28.669742969825,57.6501003965498,58.5843495296522,-0.199229542945385,0,0,0,-1,1
11.76,11.8,12.8768011650786,12.5977249478076,29.8124644957108,30.3377564514665,57.1713594014265,57.6501003965498,0.230801283085562,0,0,0,0,-1
11.56,11.76,12.8221375628796,12.8768011650786,27.9974703613724,29.8124644957108,55.8459115028115,57.1713594014265,-0.910546663580597,0,0,0,0,0
10.97,11.56,12.8924600928071,12.8221375628796,27.8739462013422,27.9974703613724,55.7438339839575,55.8459115028115,-1.10175622401147,0,0,0,1,0
11.14,10.97,13.3098898092098,12.8924600928071,27.0600484554894,27.8739462013422,55.2517110716152,55.7438339839575,1.65838241362351,0,0,0,-1,0
9.72,11.14,12.418474146859,13.3098898092098,26.2270623892116,27.0600484554894,54.3537082456225,55.2517110716152,-0.694869746936615,0,0,0,-1,0
7.73999999999999,9.72,12.4419040232324,12.418474146859,24.8661921445836,26.2270623892116,54.3695292503077,54.3537082456225,0.241865546751328,0,0,0,2,1
7.98,7.73999999999999,12.4671563525052,12.4419040232324,23.8149753334603,24.8661921445836,54.2835751456194,54.3695292503077,0.47542100114168,0,0,0,-1,-1
6.06999999999999,0,13.6901820024846,0,15.3756414920719,0,56.3458746719449,0,-0.233318385153751,0,0,0,1,0
6.44,6.06999999999999,13.7702680433857,13.6901820024846,15.2998771147699,15.3756414920719,56.9450503159299,56.3458746719449,0.0463141473731241,0,0,0,-1,0
6.03,6.44,13.6403012717674,13.7702680433857,15.2885323673058,15.2998771147699,54.7752474344876,56.9450503159299,-0.35785203631988,0,0,0,0,1
6.12999999999999,6.03,13.6068914986551,13.6403012717674,15.4091396508302,15.2885323673058,55.4252932097039,54.7752474344876,-0.084639006412992,0,0,0,0,-1
5.75,6.12999999999999,13.3660633190757,13.6068914986551,15.2840217386889,15.4091396508302,55.9677454112003,55.4252932097039,0.224833048530936,0,0,0,0,0
5.91,5.75,13.6268216516594,13.3660633190757,15.1940471601161,15.2840217386889,57.7619893889607,55.9677454112003,-0.0873685308722294,0,0,0,0,0
5.83,5.91,13.7102629800525,13.6268216516594,14.9660041497508,15.1940471601161,58.3584790972347,57.7619893889607,-0.544289851517746,0,0,0,1,0
5.34,5.83,13.8964304761732,13.7102629800525,14.7327692293191,14.9660041497508,58.6682105190121,58.3584790972347,0.234458260675932,0,0,0,-1,0
5.15000000000001,5.34,13.7872738686941,13.8964304761732,15.10280326911,14.7327692293191,58.482912629737,58.6682105190121,0.604131732419482,0,0,0,0,0
4.59999999999999,5.15000000000001,13.8040884577901,13.7872738686941,14.6503565036843,15.10280326911,58.7393319800984,58.482912629737,0.224298545394849,0,0,0,0,0
4.03,4.59999999999999,13.708134000296,13.8040884577901,14.4391964763037,14.6503565036843,58.5048337445651,58.7393319800984,-0.172903457899903,0,0,0,0,0
3.12,4.03,13.6537973490826,13.708134000296,14.6115557288414,14.4391964763037,57.8525119112223,58.5048337445651,-0.295709351634354,0,0,0,0,-1
2.91,3.12,13.7612603498474,13.6537973490826,14.6699190174494,14.6115557288414,58.0036747744319,57.8525119112223,-0.119794702308202,0,0,0,-1,1
3.06999999999999,2.91,13.4876194859393,13.7612603498474,14.3848343320786,14.6699190174494,58.4399242163915,58.0036747744319,0.292313451931442,0,0,0,1,0
4.17,3.06999999999999,14.3478865400221,13.4876194859393,14.0950779351253,14.3848343320786,59.2723944526992,58.4399242163915,-1.92325516729135,0,0,0,0,0
3.65000000000001,4.17,14.3150789655434,14.3478865400221,14.158730106165,14.0950779351253,58.9585802695343,59.2723944526992,0.637065780499267,0,0,0,0,0
3.95999999999999,3.65000000000001,14.47735408194,14.3150789655434,14.099064178399,14.158730106165,59.1727518799672,58.9585802695343,0.0708645063531286,0,0,0,0,-1
3.97,3.95999999999999,14.4230073355414,14.47735408194,13.8127658860216,14.099064178399,58.877555827398,59.1727518799672,-0.442791343315005,0,0,0,-1,1
3.72,3.97,14.2801641425048,14.4230073355414,13.7462060024476,13.8127658860216,59.5655815719623,58.877555827398,-0.122485714305558,0,0,0,1,0
4.01000000000001,3.72,14.5197801003259,14.2801641425048,13.6352808274772,13.7462060024476,60.117371945913,59.5655815719623,-0.34995749061331,0,0,0,0,0
4.29000000000001,4.01000000000001,13.8997172407942,14.5197801003259,13.3323563637063,13.6352808274772,59.7976602719058,60.117371945913,4.79853379400944,0,0,0,0,0
4.94,4.29000000000001,14.0812131012792,13.8997172407942,13.6066303545218,13.3323563637063,59.9875046953218,59.7976602719058,-3.14136377945639,0,0,0,0,0
5.68000000000001,4.94,14.1104565610095,14.0812131012792,13.4919885495588,13.6066303545218,60.1939241964354,59.9875046953218,-0.558636367477391,0,0,0,0,0
6.37000000000001,5.68000000000001,14.1146174374749,14.1104565610095,13.4326838625453,13.4919885495588,60.7171747668983,60.1939241964354,0.0136584634519359,0,0,0,0,0
7.16,6.37000000000001,14.0833431053317,14.1146174374749,13.1900606715145,13.4326838625453,61.1912150466159,60.7171747668983,0.354806192694786,0,0,0,0,1
7.20999999999999,7.16,14.1765902815477,14.0833431053317,13.1657993523081,13.1900606715145,61.793916843284,61.1912150466159,-0.525692826875712,0,0,0,0,-1
6.37000000000001,7.20999999999999,14.303242005543,14.1765902815477,12.825612029075,13.1657993523081,62.3031528390419,61.793916843284,0.853238759669049,0,0,0,0,0
6.78,6.37000000000001,13.6644960107842,14.303242005543,13.274907486061,12.825612029075,62.9019563475596,62.3031528390419,0.223469131078785,0,0,0,1,1
7.22,6.78,14.0813214245236,13.6644960107842,13.3003007897172,13.274907486061,63.4950504662504,62.9019563475596,-0.955130924869447,0,0,0,-1,-1
7.52,7.22,13.8955595468164,14.0813214245236,13.3243868295596,13.3003007897172,64.3138721066223,63.4950504662504,0.0285164784650451,0,0,0,0,0
7.79000000000001,7.52,13.8004609557424,13.8955595468164,13.465533974384,13.3243868295596,65.1863626604323,64.3138721066223,0.496396877265354,0,0,0,1,0
8.83,7.79000000000001,13.8799763344591,13.8004609557424,13.3701777484955,13.465533974384,65.590140073917,65.1863626604323,-0.146076127954611,0,0,0,-1,0
9.81999999999999,8.83,13.808632162538,13.8799763344591,13.6297980619978,13.3701777484955,67.6546694274481,65.590140073917,0.541858599931217,0,0,0,0,0
10.37,9.81999999999999,13.6412373341948,13.808632162538,13.8580855129687,13.6297980619978,67.718982653581,67.6546694274481,-0.624837717399792,0,0,0,0,0
9.90000000000001,10.37,13.6102838021793,13.6412373341948,14.1529558285744,13.8580855129687,66.7306090883665,67.718982653581,5.29167397660498,0,0,0,0,-1
10.16,9.90000000000001,13.0501234938219,13.6102838021793,14.3517365364961,14.1529558285744,66.3539553569723,66.7306090883665,-3.44916572281051,0,0,0,-1,0
10.33,10.16,13.3705737226491,13.0501234938219,14.3875011683972,14.3517365364961,66.646342268714,66.3539553569723,-2.73710325735289,0,0,0,1,1
16.96,10.33,14.3055454235671,13.3705737226491,19.1336782112839,14.3875011683972,65.7956271315919,66.646342268714,-1.87338904480528,0,0,0,0,0
18.31,16.96,14.1660871548614,14.3055454235671,20.7021541182518,19.1336782112839,62.7822652469966,65.7956271315919,2.73143325452513,0,0,0,0,0
18.56,18.31,14.2780297529688,14.1660871548614,20.3606919627934,20.7021541182518,61.9199514738245,62.7822652469966,-0.724260211531156,0,0,0,0,0
17.97,18.56,14.8882063136807,14.2780297529688,19.4146465483937,20.3606919627934,61.0873005420308,61.9199514738245,2.8657128594502,0,0,0,0,0
16.63,17.97,14.6243227776418,14.8882063136807,17.1771950897515,19.4146465483937,60.9248751726959,61.0873005420308,-0.506434658915303,0,0,0,0,0
16.02,16.63,14.6417916652497,14.6243227776418,17.591475484101,17.1771950897515,60.4860783774101,60.9248751726959,-0.921732476157693,0,0,0,0,0
14.6,16.02,14.6129434084863,14.6417916652497,16.841739603057,17.591475484101,60.5984587104939,60.4860783774101,-0.176982568817097,0,0,0,0,1
13.08,14.6,14.484659984613,14.6129434084863,16.7169321841009,16.841739603057,59.8134751328992,60.5984587104939,-0.00987692322549982,0,0,0,0,-1
11.84,13.08,14.7435916512479,14.484659984613,17.6116914900167,16.7169321841009,59.7055855456388,59.8134751328992,-2.08697942896877,0,0,0,1,0
12.91,11.84,14.499036798288,14.7435916512479,17.6201071548965,17.6116914900167,59.7052226702425,59.7055855456388,1.48234527551285,0,0,0,-1,0
12.72,12.91,14.6419943794135,14.499036798288,16.9523929102561,17.6201071548965,62.4975383497723,59.7052226702425,-0.0858261368690396,0,0,0,0,0
11.84,12.72,14.4885297505595,14.6419943794135,16.7768598823967,16.9523929102561,61.9806626662296,62.4975383497723,0.0855621893392779,0,0,0,0,0
5.08,11.84,14.2689749153062,14.4885297505595,16.6219436315521,16.7768598823967,62.2418310464454,61.9806626662296,-0.0694924849490306,0,0,0,0,1
4.12000000000001,5.08,14.1501248690861,14.2689749153062,16.7870364606803,16.6219436315521,63.0911920097185,62.2418310464454,-0.0150522367082608,0,0,0,0,0
3.12,4.12000000000001,13.4743863040871,14.1501248690861,16.9153350290277,16.7870364606803,63.1802410215056,63.0911920097185,0.757592946502786,0,0,0,1,-1
3.29000000000001,3.12,13.4896991553455,13.4743863040871,16.8923569473202,16.9153350290277,63.6327096398528,63.1802410215056,2.4972290169703,0,0,0,-1,1
4.17,3.29000000000001,13.1998913012491,13.4896991553455,16.1659468437205,16.8923569473202,60.8866359869464,63.6327096398528,-1.84168907065787,0,0,0,1,-1
4.48999999999999,4.17,13.0824399332615,13.1998913012491,16.9564648006399,16.1659468437205,61.9036711062763,60.8866359869464,0.850895361256956,0,0,0,0,0
5.78,4.48999999999999,12.9820965704435,13.0824399332615,18.8053789159556,16.9564648006399,62.6201549853683,61.9036711062763,-3.24247020059627,0,0,0,-1,1
6.53,5.78,12.7571982466745,12.9820965704435,19.377204283248,18.8053789159556,64.8820080035682,62.6201549853683,2.21008655524883,0,0,0,0,-1
7.62999999999999,6.53,12.7964230265721,12.7571982466745,19.8545307742807,19.377204283248,64.8118818282749,64.8820080035682,-2.2378425154308,0,0,0,1,0
6.5,7.62999999999999,12.8779282362731,12.7964230265721,20.8741875663697,19.8545307742807,63.4929004384919,64.8118818282749,1.51933748883128,0,0,0,-1,0
6.47,6.5,12.9524140253148,12.8779282362731,22.5245863148756,20.8741875663697,66.6348012791038,63.4929004384919,-0.0387339306838328,0,0,0,0,0
6.68000000000001,6.47,12.8552626710171,12.9524140253148,23.7135404869455,22.5245863148756,66.1028330986277,66.6348012791038,-1.74209617894006,0,0,0,0,1
6.56999999999999,6.68000000000001,12.7690868441546,12.8552626710171,22.7566822229526,23.7135404869455,66.1112994467194,66.1028330986277,1.37820301786078,0,0,0,0,0
6.72,6.56999999999999,12.7674753295381,12.7690868441546,22.6239661753892,22.7566822229526,64.7594005816797,66.1112994467194,-0.147723243239266,0,0,0,0,0
7.34999999999999,6.72,12.3940860693253,12.7674753295381,22.4967153545737,22.6239661753892,64.8636407875633,64.7594005816797,1.99752624521402,0,0,0,1,-1
7.62000000000001,7.34999999999999,12.4897513828746,12.3940860693253,23.7317312620433,22.4967153545737,65.0596218548745,64.8636407875633,-3.32207411321289,0,0,0,-1,1
9,7.62000000000001,11.5161669105771,12.4897513828746,23.6012609317768,23.7317312620433,61.4203490498997,65.0596218548745,2.57929124483088,0,0,0,1,-1
9.17,9,11.4765170375647,11.5161669105771,24.9407941921377,23.6012609317768,61.0153540022581,61.4203490498997,1.37150917776396,0,0,0,0,0
9.12,9.17,11.4630312851558,11.4765170375647,25.0239128158527,24.9407941921377,59.9709364502057,61.0153540022581,-1.69837436785221,0,0,0,0,-1
9.43000000000001,9.12,11.2950509773245,11.4630312851558,26.600213221753,25.0239128158527,59.765256277241,59.9709364502057,-0.0926841374253904,0,0,0,-2,1
9.8,9.43000000000001,11.4530699414052,11.2950509773245,26.7439106572327,26.600213221753,56.0088513063017,59.765256277241,0.0683155196827663,0,0,0,1,-1
10.8,9.8,12.152072218753,11.4530699414052,27.8475948775728,26.7439106572327,54.2108975070629,56.0088513063017,0.0971594068581645,0,0,0,-1,1
11.17,10.8,12.1273668042729,12.152072218753,28.8130232118606,27.8475948775728,53.2882792575129,54.2108975070629,0.167552665291165,0,0,0,2,0
11.4,11.17,12.4330189006098,12.1273668042729,30.6399232033797,28.8130232118606,52.3363910957954,53.2882792575129,-0.199229542945385,0,0,0,-1,1
11.59,11.4,12.7232467786409,12.4330189006098,30.760305253232,30.6399232033797,51.7483152981952,52.3363910957954,0.230801283085562,0,0,0,0,-1
11.41,11.59,12.6495670073799,12.7232467786409,28.2938790301754,30.760305253232,50.6158813066367,51.7483152981952,-0.910546663580597,0,0,0,0,0
11.41,11.41,12.6984382402078,12.6495670073799,28.0601752387612,28.2938790301754,50.1231897925192,50.6158813066367,-1.10175622401147,0,0,0,1,0
11,11.41,13.1278573017392,12.6984382402078,27.4725350825478,28.0601752387612,49.4651135233311,50.1231897925192,1.65838241362351,0,0,0,-1,0
9.44,11,12.2649712225455,13.1278573017392,26.3811147023007,27.4725350825478,48.4941080787134,49.4651135233311,-0.694869746936615,0,0,0,-1,0
9.65000000000001,9.44,12.2902221905875,12.2649712225455,25.5096647721317,26.3811147023007,48.4465204726528,48.4941080787134,0.241865546751328,0,0,0,2,1
10.07,9.65000000000001,12.3545616631035,12.2902221905875,23.7445466903523,25.5096647721317,48.1685842333067,48.4465204726528,0.47542100114168,0,0,0,-1,-1
5.23,0,13.8145496888631,0,15.0643517130285,0,54.0814864107939,0,-0.233318385153751,0,0,0,1,0
5.33,5.23,13.8317411483889,13.8145496888631,14.9224837469436,15.0643517130285,54.6888175340795,54.0814864107939,0.0463141473731241,0,0,0,-1,0
5.28,5.33,13.740074403939,13.8317411483889,14.9849516200746,14.9224837469436,55.1622659082747,54.6888175340795,-0.35785203631988,0,0,0,0,1
5.06,5.28,13.7043230755835,13.740074403939,15.1536812782291,14.9849516200746,55.691631649897,55.1622659082747,-0.084639006412992,0,0,0,0,-1
3.95,5.06,13.4416442671212,13.7043230755835,14.9607941558298,15.1536812782291,56.1130100230326,55.691631649897,0.224833048530936,0,0,0,0,0
3.56,3.95,13.7014682014231,13.4416442671212,14.9253519971582,14.9607941558298,55.5559584585703,56.1130100230326,-0.0873685308722294,0,0,0,0,0
2.67,3.56,13.8917974805799,13.7014682014231,14.7297583393528,14.9253519971582,56.0847024232886,55.5559584585703,-0.544289851517746,0,0,0,1,0
3.17,2.67,14.0473127464177,13.8917974805799,14.5232469824466,14.7297583393528,56.5160285408051,56.0847024232886,0.234458260675932,0,0,0,-1,0
2.98,3.17,13.9294079042582,14.0473127464177,14.8361616102592,14.5232469824466,59.604183483383,56.5160285408051,0.604131732419482,0,0,0,0,0
2.8,2.98,13.9152318951393,13.9294079042582,14.5578802612896,14.8361616102592,60.0306389760977,59.604183483383,0.224298545394849,0,0,0,0,0
2.14,2.8,13.7893180802487,13.9152318951393,14.2582610575361,14.5578802612896,60.1656407668243,60.0306389760977,-0.172903457899903,0,0,0,0,0
1.48,2.14,13.6953821619326,13.7893180802487,14.3627867985422,14.2582610575361,60.6583675476775,60.1656407668243,-0.295709351634354,0,0,0,0,-1
1.56,1.48,13.8247451157836,13.6953821619326,14.2921151440636,14.3627867985422,60.9723869026328,60.6583675476775,-0.119794702308202,0,0,0,-1,1
1.97,1.56,13.5997455857923,13.8247451157836,13.9361479384311,14.2921151440636,61.3814960868986,60.9723869026328,0.292313451931442,0,0,0,1,0
2.78,1.97,14.4717887381558,13.5997455857923,13.8620560993683,13.9361479384311,60.6452782584857,61.3814960868986,-1.92325516729135,0,0,0,0,0
2.89,2.78,14.4557391616766,14.4717887381558,13.8736299739374,13.8620560993683,60.342500516579,60.6452782584857,0.637065780499267,0,0,0,0,0
4.08,2.89,14.6246207539565,14.4557391616766,13.646365673723,13.8736299739374,60.5114769354508,60.342500516579,0.0708645063531286,0,0,0,0,-1
4.18000000000001,4.08,14.5612386379153,14.6246207539565,13.2627411562168,13.646365673723,60.2371498517468,60.5114769354508,-0.442791343315005,0,0,0,-1,1
4.56,4.18000000000001,14.4341944185015,14.5612386379153,13.3715177246158,13.2627411562168,61.402057524671,60.2371498517468,-0.122485714305558,0,0,0,1,0
4.12000000000001,4.56,14.648208588695,14.4341944185015,13.3590303829313,13.3715177246158,62.5363039483916,61.402057524671,-0.34995749061331,0,0,0,0,0
4.5,4.12000000000001,14.0244840711602,14.648208588695,12.960779133393,13.3590303829313,64.5820130319858,62.5363039483916,4.79853379400944,0,0,0,0,0
4.89,4.5,14.1735648663664,14.0244840711602,12.9296274387104,12.960779133393,64.8607186555427,64.5820130319858,-3.14136377945639,0,0,0,0,0
5.17,4.89,14.1590200988721,14.1735648663664,12.8659250666491,12.9296274387104,64.8479997480728,64.8607186555427,-0.558636367477391,0,0,0,0,0
5.75,5.17,14.1800439838105,14.1590200988721,12.7950479598622,12.8659250666491,66.3723071586707,64.8479997480728,0.0136584634519359,0,0,0,0,0
5.98,5.75,14.1248395457242,14.1800439838105,12.7188409656318,12.7950479598622,66.8525195732207,66.3723071586707,0.354806192694786,0,0,0,0,1
6.03,5.98,14.2013437938663,14.1248395457242,12.6054746760135,12.7188409656318,67.5277618572674,66.8525195732207,-0.525692826875712,0,0,0,0,-1
5.45999999999999,6.03,14.3803043783715,14.2013437938663,12.4950914547787,12.6054746760135,67.7333495915842,67.5277618572674,0.853238759669049,0,0,0,0,0
6.27,5.45999999999999,13.7580939604278,14.3803043783715,12.8399076460928,12.4950914547787,68.1456946088872,67.7333495915842,0.223469131078785,0,0,0,1,1
6.91,6.27,14.1633705901211,13.7580939604278,12.856186732429,12.8399076460928,68.8476551518922,68.1456946088872,-0.955130924869447,0,0,0,-1,-1
6.89,6.91,14.0280418697288,14.1633705901211,12.8864984851244,12.856186732429,68.0346258693524,68.8476551518922,0.0285164784650451,0,0,0,0,0
7.3,6.89,13.9351792560782,14.0280418697288,12.9678344206846,12.8864984851244,68.2692987022865,68.0346258693524,0.496396877265354,0,0,0,1,0
8.14,7.3,13.9777889034568,13.9351792560782,12.8395618964781,12.9678344206846,68.3092688640777,68.2692987022865,-0.146076127954611,0,0,0,-1,0
9.3,8.14,13.929070057697,13.9777889034568,13.1826554274939,12.8395618964781,71.0415296342894,68.3092688640777,0.541858599931217,0,0,0,0,0
9.37,9.3,13.7727626358766,13.929070057697,13.3838769490838,13.1826554274939,70.5350567069598,71.0415296342894,-0.624837717399792,0,0,0,0,0
9.12,9.37,13.7423301709819,13.7727626358766,13.5544357673852,13.3838769490838,70.3490136602544,70.5350567069598,5.29167397660498,0,0,0,0,-1
9.76000000000001,9.12,13.1847060152127,13.7423301709819,13.7636411311674,13.5544357673852,70.5208200333873,70.3490136602544,-3.44916572281051,0,0,0,-1,0
10.51,9.76000000000001,13.5137184708544,13.1847060152127,14.1202493711134,13.7636411311674,71.0711553986309,70.5208200333873,-2.73710325735289,0,0,0,1,1
18.83,10.51,14.4121384748021,13.5137184708544,19.3853525369221,14.1202493711134,69.8678607298998,71.0711553986309,-1.87338904480528,0,0,0,0,0
19.81,18.83,14.2488190971227,14.4121384748021,21.8578544236291,19.3853525369221,67.937849278586,69.8678607298998,2.73143325452513,0,0,0,0,0
19.01,19.81,14.3680152756112,14.2488190971227,19.7320484331138,21.8578544236291,66.9324500416369,67.937849278586,-0.724260211531156,0,0,0,0,0
16.51,19.01,15.0254244140319,14.3680152756112,18.2158785418314,19.7320484331138,66.3270002011203,66.9324500416369,2.8657128594502,0,0,0,0,0
15.9,16.51,14.7646460971803,15.0254244140319,16.8696963591668,18.2158785418314,66.3434326629599,66.3270002011203,-0.506434658915303,0,0,0,0,0
15.33,15.9,14.8038408327655,14.7646460971803,18.081406381822,16.8696963591668,66.1328222772249,66.3434326629599,-0.921732476157693,0,0,0,0,0
14.25,15.33,14.7815081317709,14.8038408327655,16.8120576041217,18.081406381822,66.7506415193871,66.1328222772249,-0.176982568817097,0,0,0,0,1
12.47,14.25,14.6705742953584,14.7815081317709,16.3636020126498,16.8120576041217,66.3682177611738,66.7506415193871,-0.00987692322549982,0,0,0,0,-1
12.29,12.47,14.9216054722208,14.6705742953584,16.4111592663209,16.3636020126498,66.355571532815,66.3682177611738,-2.08697942896877,0,0,0,1,0
12.28,12.29,14.6375069380021,14.9216054722208,17.3679305056944,16.4111592663209,66.637533370422,66.355571532815,1.48234527551285,0,0,0,-1,0
11.74,12.28,14.8029944246058,14.6375069380021,16.8879130417513,17.3679305056944,67.4646438940109,66.637533370422,-0.0858261368690396,0,0,0,0,0
10.89,11.74,14.6517256340751,14.8029944246058,16.3145866362684,16.8879130417513,67.1781252648394,67.4646438940109,0.0855621893392779,0,0,0,0,0
2.63,10.89,14.4684121231,14.6517256340751,16.1671959324678,16.3145866362684,67.5680916143169,67.1781252648394,-0.0694924849490306,0,0,0,0,1
1.31,2.63,14.3511116990883,14.4684121231,16.0689108317617,16.1671959324678,67.2404352467525,67.5680916143169,-0.0150522367082608,0,0,0,0,0
1.02,1.31,13.6745777052795,14.3511116990883,16.2775223759953,16.0689108317617,67.5801229369066,67.2404352467525,0.757592946502786,0,0,0,1,-1
2.03,1.02,13.6866918770908,13.6745777052795,15.9280586228595,16.2775223759953,67.9531603524382,67.5801229369066,2.4972290169703,0,0,0,-1,1
2.86,2.03,13.4151257833019,13.6866918770908,15.906466376568,15.9280586228595,67.274904180656,67.9531603524382,-1.84168907065787,0,0,0,1,-1
3.90000000000001,2.86,13.3497274749603,13.4151257833019,16.6138636938615,15.906466376568,68.3409949354039,67.274904180656,0.850895361256956,0,0,0,0,0
5.28,3.90000000000001,13.2418971347919,13.3497274749603,18.2303966339617,16.6138636938615,69.3387179030105,68.3409949354039,-3.24247020059627,0,0,0,-1,1
6.25,5.28,13.0062018591789,13.2418971347919,18.9835369680708,18.2303966339617,70.8547387217862,69.3387179030105,2.21008655524883,0,0,0,0,-1
6.51000000000001,6.25,13.0391251307687,13.0062018591789,19.6578713909195,18.9835369680708,70.5456367450586,70.8547387217862,-2.2378425154308,0,0,0,1,0
6.59,6.51000000000001,13.0474877208746,13.0391251307687,21.4624660675309,19.6578713909195,69.0518996003036,70.5456367450586,1.51933748883128,0,0,0,-1,0
6.34999999999999,6.59,13.1310289251039,13.0474877208746,22.8976044863686,21.4624660675309,67.9942598107396,69.0518996003036,-0.0387339306838328,0,0,0,0,0
6.31,6.34999999999999,13.0185297964092,13.1310289251039,24.2324501486415,22.8976044863686,67.164765134474,67.9942598107396,-1.74209617894006,0,0,0,0,1
6.14,6.31,12.9378498028281,13.0185297964092,23.3607620629857,24.2324501486415,67.2710947787317,67.164765134474,1.37820301786078,0,0,0,0,0
6.64,6.14,12.9286084857286,12.9378498028281,22.7359546869223,23.3607620629857,64.9786412913266,67.2710947787317,-0.147723243239266,0,0,0,0,0
7.39,6.64,12.5273997721689,12.9286084857286,22.5310826981729,22.7359546869223,64.9529625117008,64.9786412913266,1.99752624521402,0,0,0,1,-1
8.03,7.39,12.6189023272134,12.5273997721689,23.4202604573876,22.5310826981729,65.2583640482416,64.9529625117008,-3.32207411321289,0,0,0,-1,1
8.65000000000001,8.03,11.6338098233837,12.6189023272134,23.5281610914576,23.4202604573876,64.1527573432259,65.2583640482416,2.57929124483088,0,0,0,1,-1
8.59,8.65000000000001,11.6068527666761,11.6338098233837,25.4580754692267,23.5281610914576,63.605978264274,64.1527573432259,1.37150917776396,0,0,0,0,0
7.79000000000001,8.59,11.6030497256205,11.6068527666761,25.857045568645,25.4580754692267,62.7675300240115,63.605978264274,-1.69837436785221,0,0,0,0,-1
7.95999999999999,7.79000000000001,11.42586013488,11.6030497256205,26.4906465860458,25.857045568645,62.475422589078,62.7675300240115,-0.0926841374253904,0,0,0,-2,1
8.7,7.95999999999999,11.5846973783471,11.42586013488,27.6920181695272,26.4906465860458,59.5455846134151,62.475422589078,0.0683155196827663,0,0,0,1,-1
9.34999999999999,8.7,12.2781783767439,11.5846973783471,28.1442549769804,27.6920181695272,57.6671687112976,59.5455846134151,0.0971594068581645,0,0,0,-1,1
10.06,9.34999999999999,12.2670379709014,12.2781783767439,29.7712033528986,28.1442549769804,57.2685490138431,57.6671687112976,0.167552665291165,0,0,0,2,0
10.81,10.06,12.5740817966162,12.2670379709014,29.7042464172716,29.7712033528986,56.3004388208581,57.2685490138431,-0.199229542945385,0,0,0,-1,1
11.41,10.81,12.8435831309977,12.5740817966162,30.383523025151,29.7042464172716,55.5677326157043,56.3004388208581,0.230801283085562,0,0,0,0,-1
11.45,11.41,12.7864399038488,12.8435831309977,28.4843677849105,30.383523025151,54.0408544924725,55.5677326157043,-0.910546663580597,0,0,0,0,0
10.63,11.45,12.8542714502583,12.7864399038488,28.8501065438493,28.4843677849105,53.6800088271143,54.0408544924725,-1.10175622401147,0,0,0,1,0
10.11,10.63,13.2931126352519,12.8542714502583,27.3867768530616,28.8501065438493,52.9737303050833,53.6800088271143,1.65838241362351,0,0,0,-1,0
9.68000000000001,10.11,12.4095011872656,13.2931126352519,26.2375475275416,27.3867768530616,52.0537423184426,52.9737303050833,-0.694869746936615,0,0,0,-1,0
9.09,9.68000000000001,12.4375668098471,12.4095011872656,25.3900491723389,26.2375475275416,52.1751804144143,52.0537423184426,0.241865546751328,0,0,0,2,1
9.02,9.09,12.4804246748688,12.4375668098471,23.5463005136957,25.3900491723389,51.9798484338424,52.1751804144143,0.47542100114168,0,0,0,-1,-1
5.89,0,13.6327255412461,0,14.8226390204167,0,54.3151726867176,0,-0.233318385153751,-0.233318385153751,0,0,1,0
6.23,5.89,13.6692295708821,13.6327255412461,14.9116548018925,14.8226390204167,54.100092970836,54.3151726867176,0.0463141473731241,0.0463141473731241,0,0,-1,0
5.75,6.23,13.5176082848216,13.6692295708821,14.7794119195374,14.9116548018925,53.0063329623295,54.100092970836,-0.35785203631988,-0.35785203631988,0,0,0,1
5.84,5.75,13.4363786098824,13.5176082848216,14.8883490224603,14.7794119195374,52.3083545843678,53.0063329623295,-0.084639006412992,-0.084639006412992,0,0,0,-1
5.33,5.84,13.23679678191,13.4363786098824,14.6178707035964,14.8883490224603,51.698423292384,52.3083545843678,0.224833048530936,0.224833048530936,0,0,0,0
4.93000000000001,5.33,13.3928066345926,13.23679678191,14.5990479749898,14.6178707035964,51.1462730071357,51.698423292384,-0.0873685308722294,-0.0873685308722294,0,0,0,0
4.62999999999999,4.93000000000001,13.443302827311,13.3928066345926,14.474016263837,14.5990479749898,51.2551254466566,51.1462730071357,-0.544289851517746,-0.544289851517746,0,0,1,0
4.65000000000001,4.62999999999999,13.5942386132463,13.443302827311,14.2446289692093,14.474016263837,51.2684157531736,51.2551254466566,0.234458260675932,0.234458260675932,0,0,-1,0
4.59,4.65000000000001,13.4628079303459,13.5942386132463,14.5198954574134,14.2446289692093,52.1934178199899,51.2684157531736,0.604131732419482,0.604131732419482,0,0,0,0
4.45,4.59,13.4760566553836,13.4628079303459,14.0762170991689,14.5198954574134,52.169564252519,52.1934178199899,0.224298545394849,0.224298545394849,0,0,0,0
3.84,4.45,13.4023655897937,13.4760566553836,13.8851032116678,14.0762170991689,51.3285483800964,52.169564252519,-0.172903457899903,-0.172903457899903,0,0,0,0
3.15000000000001,3.84,13.524420660496,13.4023655897937,14.1550455935624,13.8851032116678,51.2873735373426,51.3285483800964,-0.295709351634354,-0.295709351634354,0,0,0,-1
3.06,3.15000000000001,13.6204369061503,13.524420660496,13.9975819974503,14.1550455935624,51.3298321877183,51.2873735373426,-0.119794702308202,-0.119794702308202,0,0,-1,1
2.90000000000001,3.06,13.2888522505387,13.6204369061503,13.4860870280164,13.9975819974503,51.8792668045362,51.3298321877183,0.292313451931442,0.292313451931442,0,0,1,0
3.81,2.90000000000001,13.9687247898239,13.2888522505387,13.789066109256,13.4860870280164,51.1265003034989,51.8792668045362,-1.92325516729135,-1.92325516729135,0,0,0,0
3.63,3.81,13.9263330124805,13.9687247898239,13.7353482605236,13.789066109256,51.2422436525352,51.1265003034989,0.637065780499267,0.637065780499267,0,0,0,0
3.65000000000001,3.63,14.0523088901478,13.9263330124805,13.3956462737893,13.7353482605236,51.36190990697,51.2422436525352,0.0708645063531286,0.0708645063531286,0,0,0,-1
3.72,3.65000000000001,14.0200575886918,14.0523088901478,13.0920936489032,13.3956462737893,51.0710600072072,51.36190990697,-0.442791343315005,-0.442791343315005,0,0,-1,1
3.77,3.72,13.9347384504032,14.0200575886918,12.9175553763675,13.0920936489032,51.744612365886,51.0710600072072,-0.122485714305558,-0.122485714305558,0,0,1,0
4.02,3.77,14.0974037897696,13.9347384504032,12.7493959052733,12.9175553763675,52.2192469273285,51.744612365886,-0.34995749061331,-0.34995749061331,0,0,0,0
3.93000000000001,4.02,13.5933738048168,14.0974037897696,12.5786478439867,12.7493959052733,53.1033403977484,52.2192469273285,4.79853379400944,4.79853379400944,0,0,0,0
3.84,3.93000000000001,13.758566076702,13.5933738048168,12.534456055855,12.5786478439867,53.0255193520583,53.1033403977484,-3.14136377945639,-3.14136377945639,0,0,0,0
4.28,3.84,13.8408646929136,13.758566076702,12.1509703924607,12.534456055855,53.2969733537398,53.0255193520583,-0.558636367477391,-0.558636367477391,0,0,0,0
4.22,4.28,13.8615848422796,13.8408646929136,12.4873443417634,12.1509703924607,53.874314336242,53.2969733537398,0.0136584634519359,0.0136584634519359,0,0,0,0
4.23999999999999,4.22,13.8554111616069,13.8615848422796,11.9176013075914,12.4873443417634,54.3049137844363,53.874314336242,0.354806192694786,0.354806192694786,0,0,0,1
4.70999999999999,4.23999999999999,13.9803460051772,13.8554111616069,12.1120391251083,11.9176013075914,55.0358052371592,54.3049137844363,-0.525692826875712,-0.525692826875712,0,0,0,-1
4.28,4.70999999999999,13.9865600740657,13.9803460051772,11.9021189031498,12.1120391251083,54.6679820283423,55.0358052371592,0.853238759669049,0.853238759669049,0,0,0,0
4.92,4.28,13.5063415619087,13.9865600740657,12.2789626874354,11.9021189031498,55.3483663562689,54.6679820283423,0.223469131078785,0.223469131078785,0,0,1,1
5.23999999999999,4.92,13.89537876366,13.5063415619087,12.2155908206617,12.2789626874354,56.3215261231729,55.3483663562689,-0.955130924869447,-0.955130924869447,0,0,-1,-1
5.65000000000001,5.23999999999999,13.7172925030966,13.89537876366,12.4375667039531,12.2155908206617,56.3242249419142,56.3215261231729,0.0285164784650451,0.0285164784650451,0,0,0,0
6.48999999999999,5.65000000000001,13.6072655837749,13.7172925030966,12.5028919740161,12.4375667039531,57.4352230121263,56.3242249419142,0.496396877265354,0.496396877265354,0,0,1,0
6.34,6.48999999999999,13.6332210894477,13.6072655837749,12.430520863497,12.5028919740161,58.1772245690351,57.4352230121263,-0.146076127954611,-0.146076127954611,0,0,-1,0
6.81,6.34,13.5943181750895,13.6332210894477,12.9176194684986,12.430520863497,59.8754468283731,58.1772245690351,0.541858599931217,0.541858599931217,0,0,0,0
7.91,6.81,13.4801528926044,13.5943181750895,12.8517171199648,12.9176194684986,59.9358665643524,59.8754468283731,-0.624837717399792,-0.624837717399792,0,0,0,0
7.47,7.91,13.4483766125263,13.4801528926044,13.0563229524451,12.8517171199648,60.2180705211048,59.9358665643524,5.29167397660498,5.29167397660498,0,0,0,-1
8.31999999999999,7.47,12.9211233924006,13.4483766125263,13.5982068789548,13.0563229524451,62.5839702798904,60.2180705211048,-3.44916572281051,-3.44916572281051,0,0,-1,0
8.63,8.31999999999999,13.3795972050139,12.9211233924006,13.4652809121342,13.5982068789548,63.2178504361123,62.5839702798904,-2.73710325735289,-2.73710325735289,0,0,1,1
17.22,8.63,14.1417061374279,13.3795972050139,18.0538424799546,13.4652809121342,62.3234454913916,63.2178504361123,-1.87338904480528,-1.87338904480528,0,0,0,0
19.33,17.22,13.929685093222,14.1417061374279,19.6615157004092,18.0538424799546,60.1993929170452,62.3234454913916,2.73143325452513,2.73143325452513,0,0,0,0
17.62,19.33,13.9934093813118,13.929685093222,19.2570474265219,19.6615157004092,59.796897378215,60.1993929170452,-0.724260211531156,-0.724260211531156,0,0,0,0
16.51,17.62,14.5872522126453,13.9934093813118,18.0502261502241,19.2570474265219,59.7302709930494,59.796897378215,2.8657128594502,2.8657128594502,0,0,0,0
15.53,16.51,14.3473769757743,14.5872522126453,16.1649354530938,18.0502261502241,59.2659086801966,59.7302709930494,-0.506434658915303,-0.506434658915303,0,0,0,0
14.1,15.53,14.34965971647,14.3473769757743,15.7061317030631,16.1649354530938,59.236827391519,59.2659086801966,-0.921732476157693,-0.921732476157693,0,0,0,0
13.84,14.1,14.3114602217355,14.34965971647,15.5540984869462,15.7061317030631,59.7398403515222,59.236827391519,-0.176982568817097,-0.176982568817097,0,0,0,1
13.68,13.84,14.1928260541117,14.3114602217355,15.285268876907,15.5540984869462,60.2240836219096,59.7398403515222,-0.00987692322549982,-0.00987692322549982,0,0,0,-1
12.25,13.68,14.3806096565186,14.1928260541117,15.5014873204408,15.285268876907,60.2730697724657,60.2240836219096,-2.08697942896877,-2.08697942896877,0,0,1,0
12.74,12.25,14.1861567952217,14.3806096565186,16.5371334264241,15.5014873204408,60.1164122159858,60.2730697724657,1.48234527551285,1.48234527551285,0,0,-1,0
11.9,12.74,14.3435616004177,14.1861567952217,16.3114213343856,16.5371334264241,58.0234200721946,60.1164122159858,-0.0858261368690396,-0.0858261368690396,0,0,0,0
11.58,11.9,14.1767616620308,14.3435616004177,15.903795748127,16.3114213343856,58.0121425846918,58.0234200721946,0.0855621893392779,0.0855621893392779,0,0,0,0
3.31999999999999,11.58,13.9848057953174,14.1767616620308,15.7714934179665,15.903795748127,58.8757072867974,58.0121425846918,-0.0694924849490306,-0.0694924849490306,0,0,0,1
1.45,3.31999999999999,13.8485100928597,13.9848057953174,15.5651662982511,15.7714934179665,59.6882486592021,58.8757072867974,-0.0150522367082608,-0.0150522367082608,0,0,0,0
2.38,1.45,13.3140329929,13.8485100928597,15.72454530393,15.5651662982511,59.9308132373702,59.6882486592021,0.757592946502786,0.757592946502786,0,0,1,-1
3.11,2.38,13.3024798476093,13.3140329929,15.6052662620993,15.72454530393,60.4677489393055,59.9308132373702,2.4972290169703,2.4972290169703,0,0,-1,1
3.75,3.11,13.0130830171605,13.3024798476093,15.4519534601799,15.6052662620993,62.0087819552572,60.4677489393055,-1.84168907065787,-1.84168907065787,0,0,1,-1
5.16,3.75,12.8772610044215,13.0130830171605,15.9948585702197,15.4519534601799,63.5360899115778,62.0087819552572,0.850895361256956,0.850895361256956,0,0,0,0
6.16,5.16,12.8263125162775,12.8772610044215,17.9615681559849,15.9948585702197,64.3376676834787,63.5360899115778,-3.24247020059627,-3.24247020059627,0,0,-1,1
6.73999999999999,6.16,12.6776661124139,12.8263125162775,18.937337957241,17.9615681559849,65.3504618527393,64.3376676834787,2.21008655524883,2.21008655524883,0,0,0,-1
7.87000000000001,6.73999999999999,12.7672341758617,12.6776661124139,20.0552411949992,18.937337957241,65.2931711502921,65.3504618527393,-2.2378425154308,-2.2378425154308,0,0,1,0
7.61,7.87000000000001,12.7185203991377,12.7672341758617,22.0813464052311,20.0552411949992,63.6807053010528,65.2931711502921,1.51933748883128,1.51933748883128,0,0,-1,0
8.08,7.61,12.8123957742398,12.7185203991377,22.6453145655017,22.0813464052311,61.5632251395424,63.6807053010528,-0.0387339306838328,-0.0387339306838328,0,0,0,0
8.16,8.08,12.741495763253,12.8123957742398,24.0267562513559,22.6453145655017,60.8501943876582,61.5632251395424,-1.74209617894006,-1.74209617894006,0,0,0,1
7.81999999999999,8.16,12.6498088546047,12.741495763253,23.6900502726523,24.0267562513559,60.74261262943,60.8501943876582,1.37820301786078,1.37820301786078,0,0,0,0
7.98,7.81999999999999,12.627987508315,12.6498088546047,23.4125646829463,23.6900502726523,60.5082625178004,60.74261262943,-0.147723243239266,-0.147723243239266,0,0,0,0
8.37,7.98,12.2916584885406,12.627987508315,22.5533689624133,23.4125646829463,60.2211126458238,60.5082625178004,1.99752624521402,1.99752624521402,0,0,1,-1
8.56,8.37,12.372540351741,12.2916584885406,23.6404495669067,22.5533689624133,60.8147642058952,60.2211126458238,-3.32207411321289,-3.32207411321289,0,0,-1,1
9.64,8.56,11.4963352851948,12.372540351741,23.7289060342509,23.6404495669067,59.79149394752,60.8147642058952,2.57929124483088,2.57929124483088,0,0,1,-1
9.02,9.64,11.4624871633748,11.4963352851948,24.9150849403664,23.7289060342509,59.6349964281819,59.79149394752,1.37150917776396,1.37150917776396,0,0,0,0
8.8,9.02,11.4605630133681,11.4624871633748,27.1989068348395,24.9150849403664,59.0650980399789,59.6349964281819,-1.69837436785221,-1.69837436785221,0,0,0,-1
8.09,8.8,11.2813144904369,11.4605630133681,26.5702765855725,27.1989068348395,58.9245588864264,59.0650980399789,-0.0926841374253904,-0.0926841374253904,0,0,-2,1
9.17,8.09,11.3942405679646,11.2813144904369,28.3662561447813,26.5702765855725,55.9920582644078,58.9245588864264,0.0683155196827663,0.0683155196827663,0,0,1,-1
9.40000000000001,9.17,11.9315188697539,11.3942405679646,29.0708637484904,28.3662561447813,53.747510996762,55.9920582644078,0.0971594068581645,0.0971594068581645,0,0,-1,1
9.95,9.40000000000001,11.9611099884651,11.9315188697539,30.5159645007966,29.0708637484904,53.0274806763207,53.747510996762,0.167552665291165,0.167552665291165,0,0,2,0
10.4,9.95,12.2390924398015,11.9611099884651,31.9177347674433,30.5159645007966,52.1689111071813,53.0274806763207,-0.199229542945385,-0.199229542945385,0,0,-1,1
10.93,10.4,12.5099941664218,12.2390924398015,31.4380392151033,31.9177347674433,51.7541165047301,52.1689111071813,0.230801283085562,0.230801283085562,0,0,0,-1
10.74,10.93,12.4416215550147,12.5099941664218,29.5805432209228,31.4380392151033,50.7023054885924,51.7541165047301,-0.910546663580597,-0.910546663580597,0,0,0,0
10.23,10.74,12.5582484310796,12.4416215550147,29.8059165490905,29.5805432209228,50.3254595633482,50.7023054885924,-1.10175622401147,-1.10175622401147,0,0,1,0
9.83,10.23,13.0076702817604,12.5582484310796,28.8208919063676,29.8059165490905,49.7325249214425,50.3254595633482,1.65838241362351,1.65838241362351,0,0,-1,0
8.69,9.83,12.1885226803312,13.0076702817604,28.1125398205056,28.8208919063676,49.2411974630207,49.7325249214425,-0.694869746936615,-0.694869746936615,0,0,-1,0
8.27,8.69,12.2489386454173,12.1885226803312,27.8469357125004,28.1125398205056,49.3689445439394,49.2411974630207,0.241865546751328,0.241865546751328,0,0,2,1
7.67,8.27,12.32221017191,12.2489386454173,25.6705920748763,27.8469357125004,49.0498279926513,49.3689445439394,0.47542100114168,0.47542100114168,0,0,-1,-1
5.23,0,13.4343975428936,0,14.5536744503905,0,49.2679425680178,0,-0.233318385153751,0,0,0,1,0
5.33,5.23,13.4555774299754,13.4343975428936,14.5728633923497,14.5536744503905,49.7101540397737,49.2679425680178,0.0463141473731241,0,0,0,-1,0
5.28,5.33,13.3194267894043,13.4555774299754,14.6100178953696,14.5728633923497,50.0896223585958,49.7101540397737,-0.35785203631988,0,0,0,0,1
5.06,5.28,13.2849065802443,13.3194267894043,14.7397811599488,14.6100178953696,50.5417985344326,50.0896223585958,-0.084639006412992,0,0,0,0,-1
3.95,5.06,13.063485766411,13.2849065802443,14.6513131601412,14.7397811599488,50.7435853683459,50.5417985344326,0.224833048530936,0,0,0,0,0
3.56,3.95,13.3317352040245,13.063485766411,14.5282577754693,14.6513131601412,50.6161329729338,50.7435853683459,-0.0873685308722294,0,0,0,0,0
2.67,3.56,13.5041515317315,13.3317352040245,14.2909897016166,14.5282577754693,51.0984640944123,50.6161329729338,-0.544289851517746,0,0,0,1,0
3.17,2.67,13.6411871155664,13.5041515317315,14.0843179381513,14.2909897016166,51.5719997800378,51.0984640944123,0.234458260675932,0,0,0,-1,0
2.98,3.17,13.5354615829776,13.6411871155664,14.4692498845311,14.0843179381513,51.2172965958903,51.5719997800378,0.604131732419482,0,0,0,0,0
2.8,2.98,13.5461714649643,13.5354615829776,14.0992150108064,14.4692498845311,51.5488473037001,51.2172965958903,0.224298545394849,0,0,0,0,0
2.14,2.8,13.4332110549307,13.5461714649643,13.8639826468027,14.0992150108064,51.4548025113348,51.5488473037001,-0.172903457899903,0,0,0,0,0
1.48,2.14,13.4522516173152,13.4332110549307,14.0086032858978,13.8639826468027,51.441973432889,51.4548025113348,-0.295709351634354,0,0,0,0,-1
1.56,1.48,13.5623681594341,13.4522516173152,13.920918433417,14.0086032858978,51.6485097304045,51.441973432889,-0.119794702308202,0,0,0,-1,1
1.97,1.56,13.3604182875165,13.5623681594341,13.3890456162014,13.920918433417,52.0547715630921,51.6485097304045,0.292313451931442,0,0,0,1,0
2.78,1.97,14.1252822437431,13.3604182875165,13.539646759482,13.3890456162014,51.5996306040176,52.0547715630921,-1.92325516729135,0,0,0,0,0
2.89,2.78,14.0781136896901,14.1252822437431,13.5567145498467,13.539646759482,51.2115964647261,51.5996306040176,0.637065780499267,0,0,0,0,0
4.08,2.89,14.2271455851339,14.0781136896901,13.3312943503378,13.5567145498467,51.4850229742787,51.2115964647261,0.0708645063531286,0,0,0,0,-1
4.18000000000001,4.08,14.1592865136509,14.2271455851339,13.033998172851,13.3312943503378,52.2307730003911,51.4850229742787,-0.442791343315005,0,0,0,-1,1
4.56,4.18000000000001,14.0166561057248,14.1592865136509,13.0092915325502,13.033998172851,52.8894279014768,52.2307730003911,-0.122485714305558,0,0,0,1,0
4.12000000000001,4.56,14.2163516313337,14.0166561057248,12.862560816606,13.0092915325502,53.4150587131078,52.8894279014768,-0.34995749061331,0,0,0,0,0
4.5,4.12000000000001,13.6253834470376,14.2163516313337,12.4688672098253,12.862560816606,54.1922252119288,53.4150587131078,4.79853379400944,0,0,0,0,0
4.89,4.5,13.7633696416634,13.6253834470376,12.7374322575418,12.4688672098253,54.283797665173,54.1922252119288,-3.14136377945639,0,0,0,0,0
5.17,4.89,13.7943281008019,13.7633696416634,12.4550280543596,12.7374322575418,54.1638934402522,54.283797665173,-0.558636367477391,0,0,0,0,0
5.75,5.17,13.8036140222075,13.7943281008019,12.4303476611813,12.4550280543596,54.0064698637446,54.1638934402522,0.0136584634519359,0,0,0,0,0
5.98,5.75,13.7874814901279,13.8036140222075,12.3126618921679,12.4303476611813,54.4589505637566,54.0064698637446,0.354806192694786,0,0,0,0,1
6.03,5.98,13.8904331266094,13.7874814901279,12.3023012281002,12.3126618921679,55.1851808189388,54.4589505637566,-0.525692826875712,0,0,0,0,-1
5.45999999999999,6.03,13.9849806772893,13.8904331266094,12.091332122703,12.3023012281002,55.6176954349756,55.1851808189388,0.853238759669049,0,0,0,0,0
6.27,5.45999999999999,13.442025948439,13.9849806772893,12.2882374681212,12.091332122703,56.2486137628098,55.6176954349756,0.223469131078785,0,0,0,1,1
6.91,6.27,13.8651268336187,13.442025948439,12.4606893754322,12.2882374681212,56.9533882556815,56.2486137628098,-0.955130924869447,0,0,0,-1,-1
6.89,6.91,13.6835198049721,13.8651268336187,12.4701063030672,12.4606893754322,57.3178681746748,56.9533882556815,0.0285164784650451,0,0,0,0,0
7.3,6.89,13.5898608761243,13.6835198049721,12.4550497159467,12.4701063030672,58.0107952596985,57.3178681746748,0.496396877265354,0,0,0,1,0
8.14,7.3,13.6319782257164,13.5898608761243,12.4982244588538,12.4550497159467,58.4985536685857,58.0107952596985,-0.146076127954611,0,0,0,-1,0
9.3,8.14,13.5899892201127,13.6319782257164,12.7470214123962,12.4982244588538,58.8127454844683,58.4985536685857,0.541858599931217,0,0,0,0,0
9.37,9.3,13.4052510946226,13.5899892201127,13.161987886192,12.7470214123962,58.646833263487,58.8127454844683,-0.624837717399792,0,0,0,0,0
9.12,9.37,13.338914612567,13.4052510946226,13.2915217021249,13.161987886192,58.9053311682663,58.646833263487,5.29167397660498,0,0,0,0,-1
9.76000000000001,9.12,12.7817396513444,13.338914612567,13.6390569190952,13.2915217021249,59.3242079659289,58.9053311682663,-3.44916572281051,0,0,0,-1,0
10.51,9.76000000000001,13.1710583426014,12.7817396513444,13.5543062840136,13.6390569190952,59.6319521945758,59.3242079659289,-2.73710325735289,0,0,0,1,1
18.83,10.51,14.0609590430194,13.1710583426014,19.0948942807249,13.5543062840136,58.8694905743458,59.6319521945758,-1.87338904480528,0,0,0,0,0
19.81,18.83,13.8820373532225,14.0609590430194,20.2680837139615,19.0948942807249,57.092663100422,58.8694905743458,2.73143325452513,0,0,0,0,0
19.01,19.81,14.0067090154318,13.8820373532225,18.9761572481595,20.2680837139615,56.284480153195,57.092663100422,-0.724260211531156,0,0,0,0,0
16.51,19.01,14.5730748071878,14.0067090154318,18.0584939586571,18.9761572481595,55.6882447154298,56.284480153195,2.8657128594502,0,0,0,0,0
15.9,16.51,14.3378834220318,14.5730748071878,16.1180157923,18.0584939586571,56.0914430558474,55.6882447154298,-0.506434658915303,0,0,0,0,0
15.33,15.9,14.3912268574042,14.3378834220318,16.2833576607262,16.1180157923,56.2117849362258,56.0914430558474,-0.921732476157693,0,0,0,0,0
14.25,15.33,14.368274397382,14.3912268574042,16.3092168182391,16.2833576607262,56.4842421811206,56.2117849362258,-0.176982568817097,0,0,0,0,1
12.47,14.25,14.26276515855,14.368274397382,15.6509588904552,16.3092168182391,56.4232771559171,56.4842421811206,-0.00987692322549982,0,0,0,0,-1
12.29,12.47,14.5112375065075,14.26276515855,15.8855006202093,15.6509588904552,56.6255780148307,56.4232771559171,-2.08697942896877,0,0,0,1,0
12.28,12.29,14.2734632240654,14.5112375065075,16.7608286310804,15.8855006202093,56.5603801858173,56.6255780148307,1.48234527551285,0,0,0,-1,0
11.74,12.28,14.4088090556119,14.2734632240654,16.1207532028402,16.7608286310804,58.6474455772195,56.5603801858173,-0.0858261368690396,0,0,0,0,0
10.89,11.74,14.2623330844123,14.4088090556119,15.8534248260746,16.1207532028402,58.5314473014596,58.6474455772195,0.0855621893392779,0,0,0,0,0
2.63,10.89,14.0037248083858,14.2623330844123,15.6039313523331,15.8534248260746,58.9672276020052,58.5314473014596,-0.0694924849490306,0,0,0,0,1
1.31,2.63,13.870398761948,14.0037248083858,15.4627666303744,15.6039313523331,59.38431572137,58.9672276020052,-0.0150522367082608,0,0,0,0,0
1.02,1.31,13.3254952771497,13.870398761948,15.6665270175651,15.4627666303744,59.7687984867369,59.38431572137,0.757592946502786,0,0,0,1,-1
2.03,1.02,13.3298480049517,13.3254952771497,15.5769677974075,15.6665270175651,60.1284309736215,59.7687984867369,2.4972290169703,0,0,0,-1,1
2.86,2.03,13.0694291697293,13.3298480049517,15.1661280117592,15.5769677974075,59.9672689034719,60.1284309736215,-1.84168907065787,0,0,0,1,-1
3.90000000000001,2.86,12.9892382600717,13.0694291697293,15.3488923959676,15.1661280117592,61.073020400617,59.9672689034719,0.850895361256956,0,0,0,0,0
5.28,3.90000000000001,12.8892382159444,12.9892382600717,17.1273675036305,15.3488923959676,62.0756060155251,61.073020400617,-3.24247020059627,0,0,0,-1,1
6.25,5.28,12.6953569383222,12.8892382159444,17.8887653548652,17.1273675036305,62.4622011073949,62.0756060155251,2.21008655524883,0,0,0,0,-1
6.51000000000001,6.25,12.7549629166721,12.6953569383222,18.3656996588961,17.8887653548652,62.6790918831017,62.4622011073949,-2.2378425154308,0,0,0,1,0
6.59,6.51000000000001,12.8176100042608,12.7549629166721,19.8977491670823,18.3656996588961,61.2901369080601,62.6790918831017,1.51933748883128,0,0,0,-1,0
6.34999999999999,6.59,12.9022663995939,12.8176100042608,21.3585632707882,19.8977491670823,61.1083329920259,61.2901369080601,-0.0387339306838328,0,0,0,0,0
6.31,6.34999999999999,12.7827512551213,12.9022663995939,22.715978520308,21.3585632707882,60.784863037084,61.1083329920259,-1.74209617894006,0,0,0,0,1
6.14,6.31,12.6768584486707,12.7827512551213,21.5397395424769,22.715978520308,61.0550988470677,60.784863037084,1.37820301786078,0,0,0,0,0
6.64,6.14,12.6247467677098,12.6768584486707,21.4942658165678,21.5397395424769,60.8708681229932,61.0550988470677,-0.147723243239266,0,0,0,0,0
7.39,6.64,12.2428501164446,12.6247467677098,21.3132913019554,21.4942658165678,61.0132210761312,60.8708681229932,1.99752624521402,0,0,0,1,-1
8.03,7.39,12.3245383366423,12.2428501164446,22.2286517107135,21.3132913019554,61.7485969354179,61.0132210761312,-3.32207411321289,0,0,0,-1,1
8.65000000000001,8.03,11.3935920813551,12.3245383366423,22.5149529308355,22.2286517107135,60.8176403868796,61.7485969354179,2.57929124483088,0,0,0,1,-1
8.59,8.65000000000001,11.3711259979018,11.3935920813551,23.822648244939,22.5149529308355,60.4551499479366,60.8176403868796,1.37150917776396,0,0,0,0,0
7.79000000000001,8.59,11.3855328190419,11.3711259979018,23.9798279630901,23.822648244939,59.5611959127748,60.4551499479366,-1.69837436785221,0,0,0,0,-1
7.95999999999999,7.79000000000001,11.2483034773177,11.3855328190419,25.1531523920831,23.9798279630901,59.2011747527488,59.5611959127748,-0.0926841374253904,0,0,0,-2,1
8.7,7.95999999999999,11.3997613584996,11.2483034773177,26.694987602557,25.1531523920831,55.9719824592452,59.2011747527488,0.0683155196827663,0,0,0,1,-1
9.34999999999999,8.7,12.0518912522752,11.3997613584996,27.0840047862358,26.694987602557,53.5714274591101,55.9719824592452,0.0971594068581645,0,0,0,-1,1
10.06,9.34999999999999,12.0211307891429,12.0518912522752,28.8135019110662,27.0840047862358,51.8440674926254,53.5714274591101,0.167552665291165,0,0,0,2,0
10.81,10.06,12.3091944043818,12.0211307891429,30.236398450432,28.8135019110662,50.881777537569,51.8440674926254,-0.199229542945385,0,0,0,-1,1
11.41,10.81,12.6038388898571,12.3091944043818,30.3213531023909,30.236398450432,50.1442878489995,50.881777537569,0.230801283085562,0,0,0,0,-1
11.45,11.41,12.5151251905104,12.6038388898571,27.3336034078945,30.3213531023909,49.3304673977117,50.1442878489995,-0.910546663580597,0,0,0,0,0
10.63,11.45,12.5737138491733,12.5151251905104,27.2726111727095,27.3336034078945,48.7346263790788,49.3304673977117,-1.10175622401147,0,0,0,1,0
10.11,10.63,13.0597041893839,12.5737138491733,26.062204278099,27.2726111727095,48.033312450329,48.7346263790788,1.65838241362351,0,0,0,-1,0
9.68000000000001,10.11,12.1594151008635,13.0597041893839,24.6414631046431,26.062204278099,47.1277038116311,48.033312450329,-0.694869746936615,0,0,0,-1,0
9.09,9.68000000000001,12.1779520895651,12.1594151008635,23.8276798553752,24.6414631046431,47.1703254582798,47.1277038116311,0.241865546751328,0,0,0,2,1
9.02,9.09,12.2453594458732,12.1779520895651,22.4109330591595,23.8276798553752,47.0664568107797,47.1703254582798,0.47542100114168,0,0,0,-1,-1
2.95999999999999,0,14.2498180735295,0,14.1751828194992,0,51.8673364664667,0,-0.233318385153751,0,-0.233318385153751,0,1,0
3.16,2.95999999999999,14.26396634263,14.2498180735295,14.0086616066251,14.1751828194992,52.4793708332899,51.8673364664667,0.0463141473731241,0,0.0463141473731241,0,-1,0
3.25,3.16,14.1068616663585,14.26396634263,13.976829643478,14.0086616066251,52.9167565944825,52.4793708332899,-0.35785203631988,0,-0.35785203631988,0,0,1
3.13,3.25,14.0440164600071,14.1068616663585,14.164196292779,13.976829643478,53.1055808341129,52.9167565944825,-0.084639006412992,0,-0.084639006412992,0,0,-1
3.06,3.13,13.7154076797254,14.0440164600071,14.0693841467088,14.164196292779,53.4472063167438,53.1055808341129,0.224833048530936,0,0.224833048530936,0,0,0
3.05,3.06,13.855376837069,13.7154076797254,13.8888049095575,14.0693841467088,53.8745109838498,53.4472063167438,-0.0873685308722294,0,-0.0873685308722294,0,0,0
2.62,3.05,13.8683521301281,13.855376837069,13.8183258650103,13.8888049095575,54.5079398068674,53.8745109838498,-0.544289851517746,0,-0.544289851517746,0,1,0
2.59999999999999,2.62,13.9563409705166,13.8683521301281,13.4998530249007,13.8183258650103,55.1339891273987,54.5079398068674,0.234458260675932,0,0.234458260675932,0,-1,0
2.45,2.59999999999999,13.8177792431937,13.9563409705166,13.670851231943,13.4998530249007,55.3347406808912,55.1339891273987,0.604131732419482,0,0.604131732419482,0,0,0
2.70999999999999,2.45,13.8798439987131,13.8177792431937,13.3580737651672,13.670851231943,55.8555135776132,55.3347406808912,0.224298545394849,0,0.224298545394849,0,0,0
2.48999999999999,2.70999999999999,13.5981818822128,13.8798439987131,12.9378849574526,13.3580737651672,55.947379007278,55.8555135776132,-0.172903457899903,0,-0.172903457899903,0,0,0
1.90000000000001,2.48999999999999,13.6793742111972,13.5981818822128,13.4083774941009,12.9378849574526,55.8947530029054,55.947379007278,-0.295709351634354,0,-0.295709351634354,0,0,-1
1.83,1.90000000000001,13.770401707537,13.6793742111972,13.3250510684563,13.4083774941009,56.0056821118325,55.8947530029054,-0.119794702308202,0,-0.119794702308202,0,-1,1
2.18000000000001,1.83,13.4435434533415,13.770401707537,13.0091898852926,13.3250510684563,56.4159975817284,56.0056821118325,0.292313451931442,0,0.292313451931442,0,1,0
2.67,2.18000000000001,14.2194193368156,13.4435434533415,13.2783371885699,13.0091898852926,56.06832248296,56.4159975817284,-1.92325516729135,0,-1.92325516729135,0,0,0
2.63,2.67,14.306821573374,14.2194193368156,13.1041479986765,13.2783371885699,55.8456539781273,56.06832248296,0.637065780499267,0,0.637065780499267,0,0,0
2.5,2.63,14.3760478724895,14.306821573374,12.845319479928,13.1041479986765,56.0239010314714,55.8456539781273,0.0708645063531286,0,0.0708645063531286,0,0,-1
2.52,2.5,14.3117517697331,14.3760478724895,12.3408836643849,12.845319479928,56.4381818204632,56.0239010314714,-0.442791343315005,0,-0.442791343315005,0,-1,1
2.92,2.52,14.280572245067,14.3117517697331,12.3412137440315,12.3408836643849,57.375948306487,56.4381818204632,-0.122485714305558,0,-0.122485714305558,0,1,0
2.72,2.92,14.3272059403554,14.280572245067,12.0429683916949,12.3412137440315,57.9903333824971,57.375948306487,-0.34995749061331,0,-0.34995749061331,0,0,0
3.11,2.72,13.9204776360355,14.3272059403554,11.8357692218962,12.0429683916949,58.7576375015709,57.9903333824971,4.79853379400944,0,4.79853379400944,0,0,0
3.34,3.11,14.1534038268319,13.9204776360355,11.643158345882,11.8357692218962,58.7469097642819,58.7576375015709,-3.14136377945639,0,-3.14136377945639,0,0,0
3.63,3.34,14.3195574182255,14.1534038268319,11.5745015394339,11.643158345882,58.0668498962561,58.7469097642819,-0.558636367477391,0,-0.558636367477391,0,0,0
4.05,3.63,14.387224189666,14.3195574182255,11.6759428594169,11.5745015394339,57.9726839291169,58.0668498962561,0.0136584634519359,0,0.0136584634519359,0,0,0
4.37000000000001,4.05,14.5774775504524,14.387224189666,11.3269279923079,11.6759428594169,58.3012499684219,57.9726839291169,0.354806192694786,0,0.354806192694786,0,0,1
4.44,4.37000000000001,14.8268912350785,14.5774775504524,11.1275822722716,11.3269279923079,59.1259855315734,58.3012499684219,-0.525692826875712,0,-0.525692826875712,0,0,-1
4.09999999999999,4.44,14.933845481089,14.8268912350785,11.4355871069708,11.1275822722716,59.1610080268009,59.1259855315734,0.853238759669049,0,0.853238759669049,0,0,0
4.68000000000001,4.09999999999999,14.4463807539441,14.933845481089,11.7683683818474,11.4355871069708,60.1437583332929,59.1610080268009,0.223469131078785,0,0.223469131078785,0,1,1
4.62999999999999,4.68000000000001,14.8833883741657,14.4463807539441,11.8666022983456,11.7683683818474,60.7159490122421,60.1437583332929,-0.955130924869447,0,-0.955130924869447,0,-1,-1
4.72,4.62999999999999,14.7015216363309,14.8833883741657,12.0103421128701,11.8666022983456,60.7194812766174,60.7159490122421,0.0285164784650451,0,0.0285164784650451,0,0,0
4.31999999999999,4.72,14.071206369418,14.7015216363309,11.8691329695791,12.0103421128701,60.4875966169305,60.7194812766174,0.496396877265354,0,0.496396877265354,0,1,0
5.12999999999999,4.31999999999999,13.9921052710249,14.071206369418,11.8996390836861,11.8691329695791,61.1646729408932,60.4875966169305,-0.146076127954611,0,-0.146076127954611,0,-1,0
5.87000000000001,5.12999999999999,13.9496151435253,13.9921052710249,12.2677134593258,11.8996390836861,62.3520496559076,61.1646729408932,0.541858599931217,0,0.541858599931217,0,0,0
6.17,5.87000000000001,13.7412649138739,13.9496151435253,12.2671428516177,12.2677134593258,62.5117921395295,62.3520496559076,-0.624837717399792,0,-0.624837717399792,0,0,0
6.04000000000001,6.17,13.6764945938883,13.7412649138739,12.5238362146149,12.2671428516177,63.2463091748575,62.5117921395295,5.29167397660498,0,5.29167397660498,0,0,-1
5.73,6.04000000000001,13.0919741591952,13.6764945938883,12.8996531268373,12.5238362146149,62.963437662617,63.2463091748575,-3.44916572281051,0,-3.44916572281051,0,-1,0
5.59999999999999,5.73,13.4198010530369,13.0919741591952,13.0061857595822,12.8996531268373,63.3944557488251,62.963437662617,-2.73710325735289,0,-2.73710325735289,0,1,1
12.59,5.59999999999999,14.1897398970392,13.4198010530369,20.7556170318562,13.0061857595822,62.8017906239814,63.3944557488251,-1.87338904480528,0,-1.87338904480528,0,0,0
12.81,12.59,13.907890240909,14.1897398970392,21.6058932020361,20.7556170318562,62.5049176541708,62.8017906239814,2.73143325452513,0,2.73143325452513,0,0,0
11.97,12.81,13.8454167624766,13.907890240909,18.930404160616,21.6058932020361,61.8890195997311,62.5049176541708,-0.724260211531156,0,-0.724260211531156,0,0,0
11.34,11.97,14.6788959240918,13.8454167624766,17.549653946559,18.930404160616,61.8477279654553,61.8890195997311,2.8657128594502,0,2.8657128594502,0,0,0
10.47,11.34,14.4848789470628,14.6788959240918,15.5602061355198,17.549653946559,59.8787766863568,61.8477279654553,-0.506434658915303,0,-0.506434658915303,0,0,0
9.95,10.47,14.418836970768,14.4848789470628,15.5004304728814,15.5602061355198,60.044091945363,59.8787766863568,-0.921732476157693,0,-0.921732476157693,0,0,0
9.25,9.95,14.3178851897562,14.418836970768,15.4318224552925,15.5004304728814,60.3447657297851,60.044091945363,-0.176982568817097,0,-0.176982568817097,0,0,1
8.27,9.25,14.2931105444308,14.3178851897562,14.8680167348577,15.4318224552925,61.3316686211907,60.3447657297851,-0.00987692322549982,0,-0.00987692322549982,0,0,-1
7.41,8.27,14.6519553612527,14.2931105444308,15.0051690867512,14.8680167348577,61.5337905894113,61.3316686211907,-2.08697942896877,0,-2.08697942896877,0,1,0
7.64,7.41,14.4685887672232,14.6519553612527,15.821047799494,15.0051690867512,61.2143881765113,61.5337905894113,1.48234527551285,0,1.48234527551285,0,-1,0
7.3,7.64,14.5997883475036,14.4685887672232,15.7933603610238,15.821047799494,61.470080451458,61.2143881765113,-0.0858261368690396,0,-0.0858261368690396,0,0,0
6.72,7.3,14.4520996583602,14.5997883475036,15.4255114494318,15.7933603610238,61.4440975297766,61.470080451458,0.0855621893392779,0,0.0855621893392779,0,0,0
-0.280000000000001,6.72,14.2223386282955,14.4520996583602,15.2303543949554,15.4255114494318,62.0966313845899,61.4440975297766,-0.0694924849490306,0,-0.0694924849490306,0,0,1
-0.560000000000002,-0.280000000000001,14.0739529516863,14.2223386282955,15.0900754482405,15.2303543949554,62.0746045138763,62.0966313845899,-0.0150522367082608,0,-0.0150522367082608,0,0,0
-0.439999999999998,-0.560000000000002,13.5010028848979,14.0739529516863,15.4240253012942,15.0900754482405,62.5407651472506,62.0746045138763,0.757592946502786,0,0.757592946502786,0,1,-1
0.269999999999996,-0.439999999999998,13.510092531636,13.5010028848979,15.087655751909,15.4240253012942,63.3048343597811,62.5407651472506,2.4972290169703,0,2.4972290169703,0,-1,1
0.819999999999993,0.269999999999996,13.2387394742775,13.510092531636,14.9559540447614,15.087655751909,63.1988983072414,63.3048343597811,-1.84168907065787,0,-1.84168907065787,0,1,-1
1.55,0.819999999999993,13.174655339908,13.2387394742775,15.6450903386796,14.9559540447614,64.8117119169192,63.1988983072414,0.850895361256956,0,0.850895361256956,0,0,0
2.45999999999999,1.55,13.1117223577645,13.174655339908,17.3032557011336,15.6450903386796,66.1288351025288,64.8117119169192,-3.24247020059627,0,-3.24247020059627,0,-1,1
3.31,2.45999999999999,12.8894558247799,13.1117223577645,18.2916291018338,17.3032557011336,64.8813973183024,66.1288351025288,2.21008655524883,0,2.21008655524883,0,0,-1
4.95999999999999,3.31,13.0768242643887,12.8894558247799,19.2524526296687,18.2916291018338,64.6411631415379,64.8813973183024,-2.2378425154308,0,-2.2378425154308,0,1,0
4.8,4.95999999999999,12.8969098016752,13.0768242643887,19.9492893373042,19.2524526296687,63.5795378683791,64.6411631415379,1.51933748883128,0,1.51933748883128,0,-1,0
5.73,4.8,13.0384275984622,12.8969098016752,21.763111919245,19.9492893373042,64.3409868000833,63.5795378683791,-0.0387339306838328,0,-0.0387339306838328,0,0,0
6.09999999999999,5.73,12.9155663485944,13.0384275984622,23.1216241487853,21.763111919245,63.9990455303741,64.3409868000833,-1.74209617894006,0,-1.74209617894006,0,0,1
6.59999999999999,6.09999999999999,12.8568177526375,12.9155663485944,22.4812734610521,23.1216241487853,63.4837030843184,63.9990455303741,1.37820301786078,0,1.37820301786078,0,0,0
7.02,6.59999999999999,12.8036112318092,12.8568177526375,22.201633951042,22.4812734610521,62.9483779728882,63.4837030843184,-0.147723243239266,0,-0.147723243239266,0,0,0
7.02,7.02,12.4957292421821,12.8036112318092,22.4407266328464,22.201633951042,62.7479560062386,62.9483779728882,1.99752624521402,0,1.99752624521402,0,1,-1
7.12999999999999,7.02,12.529784135516,12.4957292421821,23.0418171998814,22.4407266328464,63.5122901009036,62.7479560062386,-3.32207411321289,0,-3.32207411321289,0,-1,1
7.59,7.12999999999999,11.642107746041,12.529784135516,23.070248255551,23.0418171998814,62.9580202325407,63.5122901009036,2.57929124483088,0,2.57929124483088,0,1,-1
7.72,7.59,11.6104531539849,11.642107746041,24.662984721043,23.070248255551,62.8069706195186,62.9580202325407,1.37150917776396,0,1.37150917776396,0,0,0
7.61,7.72,11.6026145086504,11.6104531539849,24.7209200889716,24.662984721043,61.4931796918412,62.8069706195186,-1.69837436785221,0,-1.69837436785221,0,0,-1
7.59,7.61,11.4485750813692,11.6026145086504,26.7715467771216,24.7209200889716,60.7602053865657,61.4931796918412,-0.0926841374253904,0,-0.0926841374253904,0,-2,1
7.18000000000001,7.59,11.5853369430795,11.4485750813692,28.984649882954,26.7715467771216,59.6024188619233,60.7602053865657,0.0683155196827663,0,0.0683155196827663,0,1,-1
7.77,7.18000000000001,12.170796427439,11.5853369430795,29.7718630740596,28.984649882954,57.2069521207753,59.6024188619233,0.0971594068581645,0,0.0971594068581645,0,-1,1
8.36,7.77,12.2259187194425,12.170796427439,30.3975254592482,29.7718630740596,56.0742505809639,57.2069521207753,0.167552665291165,0,0.167552665291165,0,2,0
8.86,8.36,12.5008005601212,12.2259187194425,31.1374557779791,30.3975254592482,55.4484080452811,56.0742505809639,-0.199229542945385,0,-0.199229542945385,0,-1,1
9.05,8.86,12.7830242797225,12.5008005601212,33.1510386686411,31.1374557779791,55.3070562156522,55.4484080452811,0.230801283085562,0,0.230801283085562,0,0,-1
8.68000000000001,9.05,12.7152949502275,12.7830242797225,30.4211048449145,33.1510386686411,54.8907185769519,55.3070562156522,-0.910546663580597,0,-0.910546663580597,0,0,0
8.8,8.68000000000001,12.8576898374109,12.7152949502275,29.5401993696963,30.4211048449145,54.5331776604428,54.8907185769519,-1.10175622401147,0,-1.10175622401147,0,1,0
8.13,8.8,13.2575678558296,12.8576898374109,28.4100870330425,29.5401993696963,53.9742008808766,54.5331776604428,1.65838241362351,0,1.65838241362351,0,-1,0
7.93000000000001,8.13,12.4030691752969,13.2575678558296,26.8105723132145,28.4100870330425,53.4728381168628,53.9742008808766,-0.694869746936615,0,-0.694869746936615,0,-1,0
7.26000000000001,7.93000000000001,12.5225530190243,12.4030691752969,26.7117616345968,26.8105723132145,53.7586607715629,53.4728381168628,0.241865546751328,0,0.241865546751328,0,2,1
6.87000000000001,7.26000000000001,12.5484215155563,12.5225530190243,25.7857335662662,26.7117616345968,53.7360177165075,53.7586607715629,0.47542100114168,0,0.47542100114168,0,-1,-1
4.28,0,13.8751891600102,0,14.9376791247826,0,63.1710580171218,0,-0.233318385153751,0,0,0,1,0
4.03,4.28,13.885180644733,13.8751891600102,14.8273841424717,14.9376791247826,63.9846976663907,63.1710580171218,0.0463141473731241,0,0,0,-1,0
4.05,4.03,13.8016431691222,13.885180644733,14.8956318656826,14.8273841424717,64.0998771264669,63.9846976663907,-0.35785203631988,0,0,0,0,1
3.79000000000001,4.05,13.76417324837,13.8016431691222,15.0230664493753,14.8956318656826,64.6129399473157,64.0998771264669,-0.084639006412992,0,0,0,0,-1
3.20999999999999,3.79000000000001,13.5397681392298,13.76417324837,14.8972391819905,15.0230664493753,65.1759834179039,64.6129399473157,0.224833048530936,0,0,0,0,0
3.31,3.20999999999999,13.7414663333104,13.5397681392298,14.8943993583619,14.8972391819905,66.4589063140517,65.1759834179039,-0.0873685308722294,0,0,0,0,0
3.31999999999999,3.31,13.7853427045864,13.7414663333104,14.6884593511398,14.8943993583619,67.2456451498652,66.4589063140517,-0.544289851517746,0,0,0,1,0
3.16,3.31999999999999,13.8907101956992,13.7853427045864,14.2962445248467,14.6884593511398,68.0655495867785,67.2456451498652,0.234458260675932,0,0,0,-1,0
3.06,3.16,13.774179437792,13.8907101956992,14.7193921817306,14.2962445248467,67.0757798998555,68.0655495867785,0.604131732419482,0,0,0,0,0
2.77,3.06,13.8169178293833,13.774179437792,14.3170415848377,14.7193921817306,67.534943390358,67.0757798998555,0.224298545394849,0,0,0,0,0
2.43000000000001,2.77,13.7373522604923,13.8169178293833,13.9966918919115,14.3170415848377,67.7833176142066,67.534943390358,-0.172903457899903,0,0,0,0,0
1.89,2.43000000000001,13.6340613880512,13.7373522604923,14.2350039901035,13.9966918919115,68.1092554181066,67.7833176142066,-0.295709351634354,0,0,0,0,-1
1.84999999999999,1.89,13.7633918076138,13.6340613880512,14.2525686967799,14.2350039901035,68.2352318624548,68.1092554181066,-0.119794702308202,0,0,0,-1,1
2.34999999999999,1.84999999999999,13.4760004143993,13.7633918076138,13.6990145490699,14.2525686967799,68.796000582065,68.2352318624548,0.292313451931442,0,0,0,1,0
2.73,2.34999999999999,14.3785378764827,13.4760004143993,15.7453526632251,13.6990145490699,67.9289989683716,68.796000582065,-1.92325516729135,0,0,0,0,0
3.02,2.73,14.3671729703191,14.3785378764827,14.0067949136211,15.7453526632251,67.9494643446027,67.9289989683716,0.637065780499267,0,0,0,0,0
3.42,3.02,14.5363740710832,14.3671729703191,13.547690513603,14.0067949136211,68.2294553080943,67.9494643446027,0.0708645063531286,0,0,0,0,-1
3.52,3.42,14.492224437949,14.5363740710832,13.4450065603187,13.547690513603,66.4989350110338,68.2294553080943,-0.442791343315005,0,0,0,-1,1
3.41,3.52,14.3745703435308,14.492224437949,13.3290351498821,13.4450065603187,67.5498896386634,66.4989350110338,-0.122485714305558,0,0,0,1,0
3.54000000000001,3.41,14.5610824697271,14.3745703435308,13.289100688092,13.3290351498821,68.5733663665896,67.5498896386634,-0.34995749061331,0,0,0,0,0
3.91,3.54000000000001,13.9451446596562,14.5610824697271,13.1524170513022,13.289100688092,72.9384098893739,68.5733663665896,4.79853379400944,0,0,0,0,0
4.81,3.91,14.1186559427454,13.9451446596562,13.0510660830307,13.1524170513022,73.4963344691621,72.9384098893739,-3.14136377945639,0,0,0,0,0
5.15000000000001,4.81,14.1616952938043,14.1186559427454,13.0363906684436,13.0510660830307,73.7689305341023,73.4963344691621,-0.558636367477391,0,0,0,0,0
5.31,5.15000000000001,14.1978031299474,14.1616952938043,12.9832320985888,13.0363906684436,73.8034275234383,73.7689305341023,0.0136584634519359,0,0,0,0,0
5.89,5.31,14.162638062969,14.1978031299474,12.8345905210379,12.9832320985888,74.2671506423517,73.8034275234383,0.354806192694786,0,0,0,0,1
6.01000000000001,5.89,14.2131699922474,14.162638062969,12.7586018636136,12.8345905210379,74.9672715005712,74.2671506423517,-0.525692826875712,0,0,0,0,-1
5.86,6.01000000000001,14.3567538691995,14.2131699922474,12.5348868205906,12.7586018636136,76.8378753355532,74.9672715005712,0.853238759669049,0,0,0,0,0
5.93000000000001,5.86,13.7470818313056,14.3567538691995,12.8340217044031,12.5348868205906,78.2665941433556,76.8378753355532,0.223469131078785,0,0,0,1,1
5.94,5.93000000000001,14.1456706594347,13.7470818313056,12.8239329785935,12.8340217044031,79.7952728946771,78.2665941433556,-0.955130924869447,0,0,0,-1,-1
6.06,5.94,13.9776742769619,14.1456706594347,12.9248116896761,12.8239329785935,81.2898132753431,79.7952728946771,0.0285164784650451,0,0,0,0,0
6.45999999999999,6.06,13.9064803307206,13.9776742769619,12.7903070487241,12.9248116896761,82.627686791981,81.2898132753431,0.496396877265354,0,0,0,1,0
7.33,6.45999999999999,13.9664551266919,13.9064803307206,12.6578247495892,12.7903070487241,83.372589301439,82.627686791981,-0.146076127954611,0,0,0,-1,0
8.41,7.33,13.9325232692441,13.9664551266919,13.2107871348455,12.6578247495892,83.3230055589479,83.372589301439,0.541858599931217,0,0,0,0,0
8.54000000000001,8.41,13.7734469362563,13.9325232692441,13.3552411967314,13.2107871348455,83.3503554434973,83.3230055589479,-0.624837717399792,0,0,0,0,0
8.70999999999999,8.54000000000001,13.7576580871753,13.7734469362563,13.5727220342025,13.3552411967314,83.6962277736295,83.3503554434973,5.29167397660498,0,0,0,0,-1
9.18000000000001,8.70999999999999,13.2246546348344,13.7576580871753,14.0130471617532,13.5727220342025,86.044733249368,83.6962277736295,-3.44916572281051,0,0,0,-1,0
9.39,9.18000000000001,13.4931529370171,13.2246546348344,14.1448890956906,14.0130471617532,87.0218690146287,86.044733249368,-2.73710325735289,0,0,0,1,1
18.71,9.39,14.3226082592721,13.4931529370171,91.7612207741948,14.1448890956906,87.1314291656205,87.0218690146287,-1.87338904480528,0,0,0,0,0
19.26,18.71,14.1946887705404,14.3226082592721,21.9824471881381,91.7612207741948,87.1943502737449,87.1314291656205,2.73143325452513,0,0,0,0,0
18.99,19.26,14.2786268361428,14.1946887705404,20.6599920616173,21.9824471881381,85.596648858266,87.1943502737449,-0.724260211531156,0,0,0,0,0
17.82,18.99,14.9597655543774,14.2786268361428,19.7312655377022,20.6599920616173,84.6494661129382,85.596648858266,2.8657128594502,0,0,0,0,0
16.65,17.82,14.6899422965672,14.9597655543774,17.7281792557719,19.7312655377022,82.378518819576,84.6494661129382,-0.506434658915303,0,0,0,0,0
15.76,16.65,14.7154846770395,14.6899422965672,19.2333854346033,17.7281792557719,81.9436548524935,82.378518819576,-0.921732476157693,0,0,0,0,0
14.79,15.76,14.6983542978247,14.7154846770395,18.9039501582157,19.2333854346033,82.2044555702867,81.9436548524935,-0.176982568817097,0,0,0,0,1
13.46,14.79,14.578385174347,14.6983542978247,17.5384652797281,18.9039501582157,83.0898971255696,82.2044555702867,-0.00987692322549982,0,0,0,0,-1
13.03,13.46,14.7623381563265,14.578385174347,16.6422830433932,17.5384652797281,83.3486444652756,83.0898971255696,-2.08697942896877,0,0,0,1,0
12.83,13.03,14.5385759798606,14.7623381563265,18.3558265854184,16.6422830433932,83.4502385999322,83.3486444652756,1.48234527551285,0,0,0,-1,0
12.77,12.83,14.6876918764211,14.5385759798606,17.0699280316352,18.3558265854184,83.8853949153169,83.4502385999322,-0.0858261368690396,0,0,0,0,0
12.13,12.77,14.5393360513699,14.6876918764211,16.5327545146893,17.0699280316352,83.7081965722994,83.8853949153169,0.0855621893392779,0,0,0,0,0
3.34999999999999,12.13,14.3740576417748,14.5393360513699,16.0044807361803,16.5327545146893,84.2521111506497,83.7081965722994,-0.0694924849490306,0,0,0,0,1
2.83,3.34999999999999,14.2926455533865,14.3740576417748,16.0106277374386,16.0044807361803,81.8948583492339,84.2521111506497,-0.0150522367082608,0,0,0,0,0
2.92,2.83,13.5815191084336,14.2926455533865,16.6279493441931,16.0106277374386,82.5303243155519,81.8948583492339,0.757592946502786,0,0,0,1,-1
3.84,2.92,13.5990293053864,13.5815191084336,16.1381050702968,16.6279493441931,83.4396278557353,82.5303243155519,2.4972290169703,0,0,0,-1,1
4.8,3.84,13.3015608274981,13.5990293053864,16.26124226845,16.1381050702968,83.3479589241188,83.4396278557353,-1.84168907065787,0,0,0,1,-1
5.58,4.8,13.1872865643284,13.3015608274981,16.9362796679676,16.26124226845,85.1704194255954,83.3479589241188,0.850895361256956,0,0,0,0,0
6.59,5.58,13.1023467803636,13.1872865643284,18.2328089512214,16.9362796679676,86.694249635643,85.1704194255954,-3.24247020059627,0,0,0,-1,1
7.25,6.59,12.9257165859832,13.1023467803636,19.4400507563339,18.2328089512214,90.0632646080711,86.694249635643,2.21008655524883,0,0,0,0,-1
7.44,7.25,12.9421894641536,12.9257165859832,20.2968843007121,19.4400507563339,90.4959018551548,90.0632646080711,-2.2378425154308,0,0,0,1,0
7.44,7.44,13.0151196684106,12.9421894641536,21.1934585073469,20.2968843007121,89.8027704794119,90.4959018551548,1.51933748883128,0,0,0,-1,0
7.43000000000001,7.44,13.0771463788496,13.0151196684106,22.218540122168,21.1934585073469,90.8407433400756,89.8027704794119,-0.0387339306838328,0,0,0,0,0
7.93000000000001,7.43000000000001,12.9653650357077,13.0771463788496,23.4053292534764,22.218540122168,90.1548322878009,90.8407433400756,-1.74209617894006,0,0,0,0,1
8.15000000000001,7.93000000000001,12.8759550879202,12.9653650357077,22.4132956489961,23.4053292534764,90.0876040518819,90.1548322878009,1.37820301786078,0,0,0,0,0
8.16,8.15000000000001,12.8775608492927,12.8759550879202,22.296535323249,22.4132956489961,87.5506760228175,90.0876040518819,-0.147723243239266,0,0,0,0,0
8.34999999999999,8.16,12.4878028547174,12.8775608492927,22.6814525954839,22.296535323249,87.8013156009602,87.5506760228175,1.99752624521402,0,0,0,1,-1
8.45,8.34999999999999,12.5524251793693,12.4878028547174,23.6952522149969,22.6814525954839,88.6128971159871,87.8013156009602,-3.32207411321289,0,0,0,-1,1
9.34999999999999,8.45,11.5868864829267,12.5524251793693,23.7200100294578,23.6952522149969,87.6872353772711,88.6128971159871,2.57929124483088,0,0,0,1,-1
9.23,9.34999999999999,11.5444140813265,11.5868864829267,25.0308752147546,23.7200100294578,87.3911523095957,87.6872353772711,1.37150917776396,0,0,0,0,0
8.87,9.23,11.5510104016164,11.5444140813265,24.9166879814114,25.0308752147546,86.6241708352389,87.3911523095957,-1.69837436785221,0,0,0,0,-1
8.87,8.87,11.3666003138282,11.5510104016164,27.201341712236,24.9166879814114,86.1915230848512,86.6241708352389,-0.0926841374253904,0,0,0,-2,1
9.5,8.87,11.5315163308563,11.3666003138282,27.2986183228437,27.201341712236,83.3913668837374,86.1915230848512,0.0683155196827663,0,0,0,1,-1
10.38,9.5,12.1926541743248,11.5315163308563,28.798905097808,27.2986183228437,80.5999658856719,83.3913668837374,0.0971594068581645,0,0,0,-1,1
11,10.38,12.1566891666285,12.1926541743248,29.0451987630456,28.798905097808,79.810366852283,80.5999658856719,0.167552665291165,0,0,0,2,0
11.05,11,12.4462321297776,12.1566891666285,29.6057111650896,29.0451987630456,78.4425748560072,79.810366852283,-0.199229542945385,0,0,0,-1,1
11.09,11.05,12.7273987950682,12.4462321297776,29.7313619966861,29.6057111650896,77.5301460954505,78.4425748560072,0.230801283085562,0,0,0,0,-1
10.99,11.09,12.6699882931156,12.7273987950682,28.5657138854646,29.7313619966861,75.0046211102054,77.5301460954505,-0.910546663580597,0,0,0,0,0
10.65,10.99,12.7377337320828,12.6699882931156,27.1485920358361,28.5657138854646,74.2681934010036,75.0046211102054,-1.10175622401147,0,0,0,1,0
10.91,10.65,13.1273441377312,12.7377337320828,26.4509553797596,27.1485920358361,73.4852009355407,74.2681934010036,1.65838241362351,0,0,0,-1,0
10.02,10.91,12.3228362939135,13.1273441377312,24.8820792980761,26.4509553797596,72.4637020706478,73.4852009355407,-0.694869746936615,0,0,0,-1,0
9.09,10.02,12.3487137272237,12.3228362939135,24.1038201113573,24.8820792980761,72.552841709179,72.4637020706478,0.241865546751328,0,0,0,2,1
9.01000000000001,9.09,12.3510571972223,12.3487137272237,23.3111338941157,24.1038201113573,72.4512423568417,72.552841709179,0.47542100114168,0,0,0,-1,-1
5.53,0,13.8745850112068,0,15.1925144338004,0,61.7213607088523,0,-0.233318385153751,0,0,0,1,0
5.73,5.53,13.9314186675922,13.8745850112068,15.1668018951976,15.1925144338004,62.1406218096174,61.7213607088523,0.0463141473731241,0,0,0,-1,0
5.58,5.73,13.8327725276416,13.9314186675922,15.1538774355831,15.1668018951976,63.4492643098228,62.1406218096174,-0.35785203631988,0,0,0,0,1
5.34,5.58,13.8068062316466,13.8327725276416,15.2999817954627,15.1538774355831,63.7309236889064,63.4492643098228,-0.084639006412992,0,0,0,0,-1
5.06999999999999,5.34,13.5318281200804,13.8068062316466,15.1286430556128,15.2999817954627,63.8723766616667,63.7309236889064,0.224833048530936,0,0,0,0,0
4.65000000000001,5.06999999999999,13.7802627959955,13.5318281200804,15.0447438636654,15.1286430556128,63.3455486574242,63.8723766616667,-0.0873685308722294,0,0,0,0,0
4.77,4.65000000000001,13.8766627641986,13.7802627959955,14.8808387886863,15.0447438636654,63.7472530270924,63.3455486574242,-0.544289851517746,0,0,0,1,0
4.44,4.77,14.0233031979078,13.8766627641986,14.67590812005,14.8808387886863,64.1814084255415,63.7472530270924,0.234458260675932,0,0,0,-1,0
3.97,4.44,13.9386054051559,14.0233031979078,14.870979496221,14.67590812005,64.1906588477612,64.1814084255415,0.604131732419482,0,0,0,0,0
3.29000000000001,3.97,13.9426147643072,13.9386054051559,14.6384830031758,14.870979496221,64.1709222092177,64.1906588477612,0.224298545394849,0,0,0,0,0
2.89,3.29000000000001,13.8063241008704,13.9426147643072,14.2313372966379,14.6384830031758,64.0045493119124,64.1709222092177,-0.172903457899903,0,0,0,0,0
2.22,2.89,13.7263740934096,13.8063241008704,14.5241201419033,14.2313372966379,64.9512927345995,64.0045493119124,-0.295709351634354,0,0,0,0,-1
2.36,2.22,13.8696720203406,13.7263740934096,14.4323159724704,14.5241201419033,65.0675409630234,64.9512927345995,-0.119794702308202,0,0,0,-1,1
2.51000000000001,2.36,13.598381651797,13.8696720203406,14.0908532844472,14.4323159724704,65.5691618636709,65.0675409630234,0.292313451931442,0,0,0,1,0
3.12,2.51000000000001,14.4744181158558,13.598381651797,14.2289219562963,14.0908532844472,66.0362785138708,65.5691618636709,-1.92325516729135,0,0,0,0,0
3.23999999999999,3.12,14.4309016936924,14.4744181158558,14.0712508644486,14.2289219562963,65.8357351607496,66.0362785138708,0.637065780499267,0,0,0,0,0
3.65000000000001,3.23999999999999,14.5833680369736,14.4309016936924,13.9462599257679,14.0712508644486,66.0869013113293,65.8357351607496,0.0708645063531286,0,0,0,0,-1
3.94,3.65000000000001,14.545561818993,14.5833680369736,13.639533330481,13.9462599257679,65.8291800714351,66.0869013113293,-0.442791343315005,0,0,0,-1,1
4.02,3.94,14.4149557280831,14.545561818993,13.5656139421985,13.639533330481,66.5016200738723,65.8291800714351,-0.122485714305558,0,0,0,1,0
4.06,4.02,14.6339268899753,14.4149557280831,13.5184447850834,13.5656139421985,67.0714103615244,66.5016200738723,-0.34995749061331,0,0,0,0,0
4.73,4.06,14.0116220546599,14.6339268899753,13.180623073825,13.5184447850834,67.1774084026634,67.0714103615244,4.79853379400944,0,0,0,0,0
5.34999999999999,4.73,14.2126010253445,14.0116220546599,13.2381266543116,13.180623073825,66.9465870265586,67.1774084026634,-3.14136377945639,0,0,0,0,0
5.72,5.34999999999999,14.1885878382267,14.2126010253445,13.0139292116051,13.2381266543116,67.003850405048,66.9465870265586,-0.558636367477391,0,0,0,0,0
6.06,5.72,14.2335272415195,14.1885878382267,13.0445565189819,13.0139292116051,66.4842135470569,67.003850405048,0.0136584634519359,0,0,0,0,0
6.58,6.06,14.2033243474413,14.2335272415195,12.9209127675179,13.0445565189819,66.8022749032511,66.4842135470569,0.354806192694786,0,0,0,0,1
6.94,6.58,14.2710969899951,14.2033243474413,12.7938907960359,12.9209127675179,67.518364614328,66.8022749032511,-0.525692826875712,0,0,0,0,-1
6.52,6.94,14.4123703175632,14.2710969899951,12.737176008948,12.7938907960359,67.9355278496224,67.518364614328,0.853238759669049,0,0,0,0,0
6.78,6.52,13.8091278824097,14.4123703175632,12.9511426448102,12.737176008948,68.7312590143379,67.9355278496224,0.223469131078785,0,0,0,1,1
7.15000000000001,6.78,14.1940581424951,13.8091278824097,12.9146087630691,12.9511426448102,69.6945317009835,68.7312590143379,-0.955130924869447,0,0,0,-1,-1
6.87000000000001,7.15000000000001,14.0445989552135,14.1940581424951,13.0245402613077,12.9146087630691,70.0118868728607,69.6945317009835,0.0285164784650451,0,0,0,0,0
6.98999999999999,6.87000000000001,13.9446498363895,14.0445989552135,13.1849744600599,13.0245402613077,70.6921237724406,70.0118868728607,0.496396877265354,0,0,0,1,0
7.87000000000001,6.98999999999999,14.0111315416673,13.9446498363895,13.2341003198134,13.1849744600599,71.1180657112955,70.6921237724406,-0.146076127954611,0,0,0,-1,0
8.28,7.87000000000001,13.9312540549173,14.0111315416673,13.4569018802411,13.2341003198134,71.5768004278244,71.1180657112955,0.541858599931217,0,0,0,0,0
9.18000000000001,8.28,13.748527507476,13.9312540549173,13.5563063984436,13.4569018802411,71.4903530650143,71.5768004278244,-0.624837717399792,0,0,0,0,0
8.76000000000001,9.18000000000001,13.7576387899094,13.748527507476,13.7268436742409,13.5563063984436,71.6133513923843,71.4903530650143,5.29167397660498,0,0,0,0,-1
9.76000000000001,8.76000000000001,13.1976862833506,13.7576387899094,13.8351994000535,13.7268436742409,71.6965071400664,71.6133513923843,-3.44916572281051,0,0,0,-1,0
9.78,9.76000000000001,13.502382969515,13.1976862833506,14.1839937149091,13.8351994000535,72.0453377916241,71.6965071400664,-2.73710325735289,0,0,0,1,1
17.6,9.78,14.4158977559892,13.502382969515,18.6494038154291,14.1839937149091,71.1909615084962,72.0453377916241,-1.87338904480528,0,0,0,0,0
18.31,17.6,14.2520482329986,14.4158977559892,20.0510010065224,18.6494038154291,69.4495408549601,71.1909615084962,2.73143325452513,0,0,0,0,0
17.75,18.31,14.3586332436123,14.2520482329986,20.0629844199045,20.0510010065224,68.2862602395406,69.4495408549601,-0.724260211531156,0,0,0,0,0
16.68,17.75,15.0378792264069,14.3586332436123,18.554918930228,20.0629844199045,67.3416188847937,68.2862602395406,2.8657128594502,0,0,0,0,0
15.99,16.68,14.7804632451851,15.0378792264069,16.9792189532416,18.554918930228,66.9916435720763,67.3416188847937,-0.506434658915303,0,0,0,0,0
15.61,15.99,14.8290859999481,14.7804632451851,16.5959905243907,16.9792189532416,66.6716602445957,66.9916435720763,-0.921732476157693,0,0,0,0,0
15,15.61,14.8419006465937,14.8290859999481,17.0153445006854,16.5959905243907,66.8525981925167,66.6716602445957,-0.176982568817097,0,0,0,0,1
14.47,15,14.724707736186,14.8419006465937,16.3288012416116,17.0153445006854,66.1881686692822,66.8525981925167,-0.00987692322549982,0,0,0,0,-1
13.17,14.47,14.9470009417361,14.724707736186,16.4247817913759,16.3288012416116,65.864352698664,66.1881686692822,-2.08697942896877,0,0,0,1,0
13.5,13.17,14.6900357458816,14.9470009417361,17.5525479123491,16.4247817913759,65.8718658104548,65.864352698664,1.48234527551285,0,0,0,-1,0
13.21,13.5,14.8634810705836,14.6900357458816,16.5851530994942,17.5525479123491,66.8301108697451,65.8718658104548,-0.0858261368690396,0,0,0,0,0
12.64,13.21,14.702579051379,14.8634810705836,16.0630993316498,16.5851530994942,66.2957445760885,66.8301108697451,0.0855621893392779,0,0,0,0,0
4.79000000000001,12.64,14.5160345138983,14.702579051379,16.4342167212176,16.0630993316498,66.4314319117603,66.2957445760885,-0.0694924849490306,0,0,0,0,1
4.09999999999999,4.79000000000001,14.4023643826028,14.5160345138983,16.0648674797505,16.4342167212176,66.0056193479125,66.4314319117603,-0.0150522367082608,0,0,0,0,0
4.15000000000001,4.09999999999999,13.7123373205142,14.4023643826028,16.2518901134341,16.0648674797505,66.3405524899513,66.0056193479125,0.757592946502786,0,0,0,1,-1
4.73999999999999,4.15000000000001,13.7299775540392,13.7123373205142,16.1644895223703,16.2518901134341,66.6945635640024,66.3405524899513,2.4972290169703,0,0,0,-1,1
5.45,4.73999999999999,13.4307286763703,13.7299775540392,15.9407786876314,16.1644895223703,65.9509217893279,66.6945635640024,-1.84168907065787,0,0,0,1,-1
5.37000000000001,5.45,13.3180304356764,13.4307286763703,16.3413557803607,15.9407786876314,67.1723940532282,65.9509217893279,0.850895361256956,0,0,0,0,0
6.29000000000001,5.37000000000001,13.2135682700285,13.3180304356764,18.1463583619324,16.3413557803607,68.332944443162,67.1723940532282,-3.24247020059627,0,0,0,-1,1
6.40000000000001,6.29000000000001,12.9663146561447,13.2135682700285,18.9422440695669,18.1463583619324,69.7357110603877,68.332944443162,2.21008655524883,0,0,0,0,-1
7.33,6.40000000000001,12.9947889112168,12.9663146561447,19.7314471688644,18.9422440695669,69.7051653434036,69.7357110603877,-2.2378425154308,0,0,0,1,0
7.45999999999999,7.33,13.0345794592661,12.9947889112168,21.0456727293619,19.7314471688644,67.8180329258758,69.7051653434036,1.51933748883128,0,0,0,-1,0
7,7.45999999999999,13.1252299361073,13.0345794592661,22.339093590721,21.0456727293619,70.5216481827407,67.8180329258758,-0.0387339306838328,0,0,0,0,0
7.04000000000001,7,13.0031850319636,13.1252299361073,23.0648809957227,22.339093590721,69.8160644971523,70.5216481827407,-1.74209617894006,0,0,0,0,1
6.64,7.04000000000001,12.9063956461354,13.0031850319636,23.0362423792334,23.0648809957227,69.7450931165756,69.8160644971523,1.37820301786078,0,0,0,0,0
6.34,6.64,12.8960805455674,12.9063956461354,22.0734805288374,23.0362423792334,66.8799333671374,69.7450931165756,-0.147723243239266,0,0,0,0,0
6.90000000000001,6.34,12.5136594744039,12.8960805455674,22.3285541607386,22.0734805288374,67.0083240346195,66.8799333671374,1.99752624521402,0,0,0,1,-1
7.18000000000001,6.90000000000001,12.5693002484491,12.5136594744039,22.601468131663,22.3285541607386,67.8455736825702,67.0083240346195,-3.32207411321289,0,0,0,-1,1
8.34999999999999,7.18000000000001,11.6012540630535,12.5693002484491,23.4195816208649,22.601468131663,66.8764114073148,67.8455736825702,2.57929124483088,0,0,0,1,-1
8.78,8.34999999999999,11.574321876434,11.6012540630535,24.692713710373,23.4195816208649,66.6020514548688,66.8764114073148,1.37150917776396,0,0,0,0,0
8.14,8.78,11.5734641624493,11.574321876434,24.6176129601533,24.692713710373,66.1278022421433,66.6020514548688,-1.69837436785221,0,0,0,0,-1
8.36,8.14,11.3989532975363,11.5734641624493,25.7516629573972,24.6176129601533,66.8391676837801,66.1278022421433,-0.0926841374253904,0,0,0,-2,1
8.47,8.36,11.5567402219566,11.3989532975363,26.9955619922163,25.7516629573972,63.3788861193284,66.8391676837801,0.0683155196827663,0,0,0,1,-1
9.42,8.47,12.2184276061078,11.5567402219566,33.8920029042477,26.9955619922163,61.2673173141854,63.3788861193284,0.0971594068581645,0,0,0,-1,1
9.95,9.42,12.2028675094666,12.2184276061078,28.3507971125327,33.8920029042477,60.3385322544713,61.2673173141854,0.167552665291165,0,0,0,2,0
10.1,9.95,12.4934149010386,12.2028675094666,29.7415660738269,28.3507971125327,59.0784918286759,60.3385322544713,-0.199229542945385,0,0,0,-1,1
10.87,10.1,12.7718656153773,12.4934149010386,30.1671627463071,29.7415660738269,58.172911433476,59.0784918286759,0.230801283085562,0,0,0,0,-1
11.46,10.87,12.6949426921214,12.7718656153773,27.5825981643027,30.1671627463071,56.5582626339097,58.172911433476,-0.910546663580597,0,0,0,0,0
11.35,11.46,12.7488012430122,12.6949426921214,27.7007935448958,27.5825981643027,55.8904320966492,56.5582626339097,-1.10175622401147,0,0,0,1,0
10.98,11.35,13.1849230401531,12.7488012430122,26.5431399720261,27.7007935448958,54.8879048537022,55.8904320966492,1.65838241362351,0,0,0,-1,0
9.7,10.98,12.3391312919569,13.1849230401531,25.4508730095846,26.5431399720261,54.0328539537209,54.8879048537022,-0.694869746936615,0,0,0,-1,0
8.92,9.7,12.3633372729774,12.3391312919569,24.2487805212583,25.4508730095846,54.05908615033,54.0328539537209,0.241865546751328,0,0,0,2,1
9.48,8.92,12.3768628104257,12.3633372729774,23.0799319836053,24.2487805212583,53.6656282925294,54.05908615033,0.47542100114168,0,0,0,-1,-1
5.2,0,13.5350422422514,0,14.9192128466459,0,42.7007291990778,0,-0.233318385153751,0,0,0,1,0
5.16,5.2,13.5177399731061,13.5350422422514,14.8158743171895,14.9192128466459,43.1507283672883,42.7007291990778,0.0463141473731241,0,0,0,-1,0
5.20999999999999,5.16,13.439670431954,13.5177399731061,14.8126177374693,14.8158743171895,44.6403981079983,43.1507283672883,-0.35785203631988,0,0,0,0,1
5.16,5.20999999999999,13.3969181707247,13.439670431954,14.9571218927481,14.8126177374693,45.1144386147698,44.6403981079983,-0.084639006412992,0,0,0,0,-1
4.78,5.16,13.1542883802571,13.3969181707247,14.9101619019368,14.9571218927481,45.6050387171994,45.1144386147698,0.224833048530936,0,0,0,0,0
4.98999999999999,4.78,13.3727383956446,13.1542883802571,14.7949002678439,14.9101619019368,46.3662872331715,45.6050387171994,-0.0873685308722294,0,0,0,0,0
5.20999999999999,4.98999999999999,13.5216509337088,13.3727383956446,14.4330922958967,14.7949002678439,46.9395197341162,46.3662872331715,-0.544289851517746,0,0,0,1,0
4.26000000000001,5.20999999999999,13.6822379798672,13.5216509337088,14.2530713847154,14.4330922958967,47.5728486354262,46.9395197341162,0.234458260675932,0,0,0,-1,0
4.22,4.26000000000001,13.5421705910197,13.6822379798672,14.5941016709612,14.2530713847154,48.9463554537531,47.5728486354262,0.604131732419482,0,0,0,0,0
4.34999999999999,4.22,13.5776633639635,13.5421705910197,14.2723620959496,14.5941016709612,49.3608066941876,48.9463554537531,0.224298545394849,0,0,0,0,0
4.22,4.34999999999999,13.4585229906271,13.5776633639635,14.1165265122857,14.2723620959496,49.1239811639275,49.3608066941876,-0.172903457899903,0,0,0,0,0
3.33,4.22,13.4522141624601,13.4585229906271,14.1340325053573,14.1165265122857,47.4069690607876,49.1239811639275,-0.295709351634354,0,0,0,0,-1
3.29000000000001,3.33,13.5629873084677,13.4522141624601,14.196364650124,14.1340325053573,47.7242607263582,47.4069690607876,-0.119794702308202,0,0,0,-1,1
3.16,3.29000000000001,13.369323842733,13.5629873084677,13.8079441987854,14.196364650124,48.2164846297973,47.7242607263582,0.292313451931442,0,0,0,1,0
3.87,3.16,14.2115790384822,13.369323842733,13.5822861690786,13.8079441987854,47.6476474519274,48.2164846297973,-1.92325516729135,0,0,0,0,0
3.61,3.87,14.1704103017183,14.2115790384822,13.7735932624869,13.5822861690786,47.7577966163114,47.6476474519274,0.637065780499267,0,0,0,0,0
3.83,3.61,14.2975188939724,14.1704103017183,13.557818155786,13.7735932624869,47.9607200939951,47.7577966163114,0.0708645063531286,0,0,0,0,-1
4.05,3.83,14.1873538257406,14.2975188939724,13.1445637346063,13.557818155786,48.4591008181099,47.9607200939951,-0.442791343315005,0,0,0,-1,1
3.64,4.05,14.0542506529038,14.1873538257406,13.2253174467017,13.1445637346063,49.6334530358265,48.4591008181099,-0.122485714305558,0,0,0,1,0
3.66,3.64,14.2561532259675,14.0542506529038,13.0535484661035,13.2253174467017,50.5274628460007,49.6334530358265,-0.34995749061331,0,0,0,0,0
4.33,3.66,13.6416481906482,14.2561532259675,12.8737703177841,13.0535484661035,51.0360082227619,50.5274628460007,4.79853379400944,0,0,0,0,0
4.34,4.33,13.7736505171081,13.6416481906482,12.8913435453463,12.8737703177841,51.3101089772056,51.0360082227619,-3.14136377945639,0,0,0,0,0
4.90000000000001,4.34,13.8183040820196,13.7736505171081,12.7141287575577,12.8913435453463,51.66169739799,51.3101089772056,-0.558636367477391,0,0,0,0,0
4.62000000000001,4.90000000000001,13.8334635492781,13.8183040820196,12.5756811178346,12.7141287575577,52.5206157306276,51.66169739799,0.0136584634519359,0,0,0,0,0
4.78,4.62000000000001,13.8094816341788,13.8334635492781,12.4678004307368,12.5756811178346,53.0124458251658,52.5206157306276,0.354806192694786,0,0,0,0,1
5.09999999999999,4.78,13.92085846212,13.8094816341788,12.343718789258,12.4678004307368,53.6486446239035,53.0124458251658,-0.525692826875712,0,0,0,0,-1
4.68000000000001,5.09999999999999,14.0433041475049,13.92085846212,12.13935001663,12.343718789258,55.4759377117579,53.6486446239035,0.853238759669049,0,0,0,0,0
5.03,4.68000000000001,13.4621424754873,14.0433041475049,12.3382996827646,12.13935001663,56.2941411513724,55.4759377117579,0.223469131078785,0,0,0,1,1
5.09,5.03,13.9325701423838,13.4621424754873,12.4044498308165,12.3382996827646,57.0355565395859,56.2941411513724,-0.955130924869447,0,0,0,-1,-1
5.33,5.09,13.7536549378536,13.9325701423838,12.5328487930912,12.4044498308165,58.7686750193496,57.0355565395859,0.0285164784650451,0,0,0,0,0
5.84,5.33,13.648600491474,13.7536549378536,12.6424056541978,12.5328487930912,59.2667474068367,58.7686750193496,0.496396877265354,0,0,0,1,0
5.92,5.84,13.7242938790465,13.648600491474,12.3518870877881,12.6424056541978,59.7562863216533,59.2667474068367,-0.146076127954611,0,0,0,-1,0
5.98999999999999,5.92,13.6713362009315,13.7242938790465,12.8131914357659,12.3518870877881,57.8555364114937,59.7562863216533,0.541858599931217,0,0,0,0,0
6.48999999999999,5.98999999999999,13.4863215171353,13.6713362009315,12.9445262472761,12.8131914357659,57.3299715556533,57.8555364114937,-0.624837717399792,0,0,0,0,0
6.23999999999999,6.48999999999999,13.427700277122,13.4863215171353,13.0187250494091,12.9445262472761,57.0690816377033,57.3299715556533,5.29167397660498,0,0,0,0,-1
7.09,6.23999999999999,12.8564111310052,13.427700277122,13.5701849906709,13.0187250494091,59.1228454055073,57.0690816377033,-3.44916572281051,0,0,0,-1,0
7.14,7.09,13.2307833327621,12.8564111310052,13.7526336402412,13.5701849906709,59.698393464346,59.1228454055073,-2.73710325735289,0,0,0,1,1
14.36,7.14,14.1465187054663,13.2307833327621,18.3893397445567,13.7526336402412,59.7297733099431,59.698393464346,-1.87338904480528,0,0,0,0,0
15.14,14.36,13.8834040963381,14.1465187054663,20.3778271842396,18.3893397445567,58.8451005754967,59.7297733099431,2.73143325452513,0,0,0,0,0
14.41,15.14,13.9380988529916,13.8834040963381,18.9204991090741,20.3778271842396,58.5287576343321,58.8451005754967,-0.724260211531156,0,0,0,0,0
13.83,14.41,14.6157578735737,13.9380988529916,18.0493893392855,18.9204991090741,58.5553064902086,58.5287576343321,2.8657128594502,0,0,0,0,0
13.36,13.83,14.3314634878516,14.6157578735737,15.6593533554842,18.0493893392855,57.3082793784279,58.5553064902086,-0.506434658915303,0,0,0,0,0
12.05,13.36,14.3644926078665,14.3314634878516,15.9767775884003,15.6593533554842,57.8734474091374,57.3082793784279,-0.921732476157693,0,0,0,0,0
11.62,12.05,14.3390862195644,14.3644926078665,15.8275559736998,15.9767775884003,58.8271558019684,57.8734474091374,-0.176982568817097,0,0,0,0,1
10.85,11.62,14.2021810143086,14.3390862195644,15.5097262288811,15.8275559736998,59.8690739368699,58.8271558019684,-0.00987692322549982,0,0,0,0,-1
10.64,10.85,14.4600524108199,14.2021810143086,16.3756286652346,15.5097262288811,60.2892787958075,59.8690739368699,-2.08697942896877,0,0,0,1,0
10.8,10.64,14.231844078118,14.4600524108199,16.4047019544712,16.3756286652346,60.2369674032643,60.2892787958075,1.48234527551285,0,0,0,-1,0
9.73,10.8,14.3641163752492,14.231844078118,16.3007754683719,16.4047019544712,58.4728044110832,60.2369674032643,-0.0858261368690396,0,0,0,0,0
8.92,9.73,14.1875825045358,14.3641163752492,15.9335321997145,16.3007754683719,58.5041075944103,58.4728044110832,0.0855621893392779,0,0,0,0,0
2.11,8.92,13.9858326861136,14.1875825045358,15.7156166815939,15.9335321997145,58.9293504571734,58.5041075944103,-0.0694924849490306,0,0,0,0,1
0.870000000000005,2.11,13.8287188618321,13.9858326861136,15.50864728861,15.7156166815939,61.4988164679247,58.9293504571734,-0.0150522367082608,0,0,0,0,0
1.38,0.870000000000005,13.2030647421301,13.8287188618321,16.1061213501199,15.50864728861,61.9072482565166,61.4988164679247,0.757592946502786,0,0,0,1,-1
1.67,1.38,13.2087158967738,13.2030647421301,15.7863457496629,16.1061213501199,62.6710034599917,61.9072482565166,2.4972290169703,0,0,0,-1,1
2.11,1.67,12.9378245511866,13.2087158967738,16.059809346942,15.7863457496629,61.3689361326454,62.6710034599917,-1.84168907065787,0,0,0,1,-1
3.41,2.11,12.8225376873726,12.9378245511866,17.1830384578503,16.059809346942,62.5272592745033,61.3689361326454,0.850895361256956,0,0,0,0,0
4.98999999999999,3.41,12.7592063041786,12.8225376873726,19.1733581358886,17.1830384578503,63.7302743844887,62.5272592745033,-3.24247020059627,0,0,0,-1,1
5.81999999999999,4.98999999999999,12.5486381656491,12.7592063041786,19.7348717550714,19.1733581358886,66.768643654826,63.7302743844887,2.21008655524883,0,0,0,0,-1
6.67,5.81999999999999,12.6244738745654,12.5486381656491,19.7937803503453,19.7348717550714,66.9184832762937,66.768643654826,-2.2378425154308,0,0,0,1,0
6.84,6.67,12.6341425995502,12.6244738745654,20.2042853068148,19.7937803503453,65.8365038183645,66.9184832762937,1.51933748883128,0,0,0,-1,0
7.31999999999999,6.84,12.7665121088326,12.6341425995502,24.4530760409708,20.2042853068148,65.4255418016355,65.8365038183645,-0.0387339306838328,0,0,0,0,0
8.17,7.31999999999999,12.6416943080709,12.7665121088326,26.8145742578628,24.4530760409708,65.221265372961,65.4255418016355,-1.74209617894006,0,0,0,0,1
7.91,8.17,12.5637612128815,12.6416943080709,25.0650809088623,26.8145742578628,65.3358939182571,65.221265372961,1.37820301786078,0,0,0,0,0
8.47,7.91,12.5436282503926,12.5637612128815,24.4689285576483,25.0650809088623,63.3047672151189,65.3358939182571,-0.147723243239266,0,0,0,0,0
8.59,8.47,12.1920960721107,12.5436282503926,24.6771444078134,24.4689285576483,63.4429889971287,63.3047672151189,1.99752624521402,0,0,0,1,-1
8.7,8.59,12.2844306853424,12.1920960721107,25.1812075305293,24.6771444078134,64.1250080133787,63.4429889971287,-3.32207411321289,0,0,0,-1,1
9.09,8.7,11.2843104141748,12.2844306853424,24.9724995720401,25.1812075305293,61.8985456893304,64.1250080133787,2.57929124483088,0,0,0,1,-1
8.67,9.09,11.2430503516387,11.2843104141748,27.8839311731966,24.9724995720401,61.9260573242132,61.8985456893304,1.37150917776396,0,0,0,0,0
8,8.67,11.235012072568,11.2430503516387,28.1910899401755,27.8839311731966,61.1234780885711,61.9260573242132,-1.69837436785221,0,0,0,0,-1
8.45,8,11.105000344406,11.235012072568,31.0970126321858,28.1910899401755,61.6304584169872,61.1234780885711,-0.0926841374253904,0,0,0,-2,1
7.98999999999999,8.45,11.2424800549405,11.105000344406,33.0666179847344,31.0970126321858,59.2390291812548,61.6304584169872,0.0683155196827663,0,0,0,1,-1
7.36,7.98999999999999,11.9354590801318,11.2424800549405,36.8058192319443,33.0666179847344,57.2178625146756,59.2390291812548,0.0971594068581645,0,0,0,-1,1
8.48999999999999,7.36,11.9412963848724,11.9354590801318,33.4328633900972,36.8058192319443,57.498109946803,57.2178625146756,0.167552665291165,0,0,0,2,0
8.33,8.48999999999999,12.2195137844315,11.9412963848724,32.966760293087,33.4328633900972,56.6895221454983,57.498109946803,-0.199229542945385,0,0,0,-1,1
8.64,8.33,12.4929166738598,12.2195137844315,35.3399235146954,32.966760293087,56.0988243094895,56.6895221454983,0.230801283085562,0,0,0,0,-1
8.41,8.64,12.4534537029821,12.4929166738598,33.5798748914983,35.3399235146954,54.044957395725,56.0988243094895,-0.910546663580597,0,0,0,0,0
7.8,8.41,12.5844766791261,12.4534537029821,33.235391168132,33.5798748914983,53.6198126160481,54.044957395725,-1.10175622401147,0,0,0,1,0
7.39,7.8,12.9814107004951,12.5844766791261,33.2095340989607,33.235391168132,53.0677632871816,53.6198126160481,1.65838241362351,0,0,0,-1,0
7.17,7.39,12.1495663121971,12.9814107004951,44.4443531045062,33.2095340989607,52.1255559838536,53.0677632871816,-0.694869746936615,0,0,0,-1,0
7.08,7.17,12.2000521420513,12.1495663121971,32.5296231154724,44.4443531045062,52.2405286402683,52.1255559838536,0.241865546751328,0,0,0,2,1
6.81999999999999,7.08,12.2591745020461,12.2000521420513,30.4024220849261,32.5296231154724,52.068389572228,52.2405286402683,0.47542100114168,0,0,0,-1,-1
4.23,0,14.0863721950755,0,15.0532235068828,0,48.3476854540728,0,-0.233318385153751,-0.233318385153751,0,0,1,0
4.17,4.23,14.141125263334,14.0863721950755,14.9657234145116,15.0532235068828,49.0155653241908,48.3476854540728,0.0463141473731241,0.0463141473731241,0,0,-1,0
4.25,4.17,13.9305673443227,14.141125263334,15.0466722458464,14.9657234145116,49.5707764155976,49.0155653241908,-0.35785203631988,-0.35785203631988,0,0,0,1
4.14,4.25,13.8621069861949,13.9305673443227,15.2604741493742,15.0466722458464,49.9890207006891,49.5707764155976,-0.084639006412992,-0.084639006412992,0,0,0,-1
3.94,4.14,13.6849836963273,13.8621069861949,15.1608202394171,15.2604741493742,50.2711589070688,49.9890207006891,0.224833048530936,0.224833048530936,0,0,0,0
3.95999999999999,3.94,13.8143688598371,13.6849836963273,15.0769941443861,15.1608202394171,50.5369207058494,50.2711589070688,-0.0873685308722294,-0.0873685308722294,0,0,0,0
3.73,3.95999999999999,13.9991200410376,13.8143688598371,14.8376727257869,15.0769941443861,51.1822396296283,50.5369207058494,-0.544289851517746,-0.544289851517746,0,0,1,0
3.45999999999999,3.73,14.0936084201242,13.9991200410376,14.6215916558486,14.8376727257869,51.6107073756871,51.1822396296283,0.234458260675932,0.234458260675932,0,0,-1,0
3.25,3.45999999999999,13.9997652860981,14.0936084201242,14.8091681766929,14.6215916558486,51.5713031823781,51.6107073756871,0.604131732419482,0.604131732419482,0,0,0,0
3.3,3.25,13.9891872873064,13.9997652860981,14.4323816508604,14.8091681766929,52.0007797558157,51.5713031823781,0.224298545394849,0.224298545394849,0,0,0,0
3.06,3.3,13.9349493500068,13.9891872873064,14.2729354100508,14.4323816508604,52.0209162798127,52.0007797558157,-0.172903457899903,-0.172903457899903,0,0,0,0
2.56,3.06,13.9370604300148,13.9349493500068,14.3570557045192,14.2729354100508,52.2923811595249,52.0209162798127,-0.295709351634354,-0.295709351634354,0,0,0,-1
2.29000000000001,2.56,14.0756996692118,13.9370604300148,14.3948242459119,14.3570557045192,52.5562847409185,52.2923811595249,-0.119794702308202,-0.119794702308202,0,0,-1,1
2.63,2.29000000000001,13.8765793438667,14.0756996692118,13.8974244775113,14.3948242459119,52.8547080551154,52.5562847409185,0.292313451931442,0.292313451931442,0,0,1,0
3.12,2.63,14.5162594182469,13.8765793438667,14.1486712999246,13.8974244775113,52.6559382787807,52.8547080551154,-1.92325516729135,-1.92325516729135,0,0,0,0
3.27,3.12,14.4730627377745,14.5162594182469,14.1678208698436,14.1486712999246,52.644848640939,52.6559382787807,0.637065780499267,0.637065780499267,0,0,0,0
3.2,3.27,14.5428845951852,14.4730627377745,13.9117415082208,14.1678208698436,52.8989258199156,52.644848640939,0.0708645063531286,0.0708645063531286,0,0,0,-1
3.43000000000001,3.2,14.5537901753702,14.5428845951852,13.5610539163716,13.9117415082208,53.7148044101518,52.8989258199156,-0.442791343315005,-0.442791343315005,0,0,-1,1
3.56999999999999,3.43000000000001,14.5072894487335,14.5537901753702,13.4375082089311,13.5610539163716,54.6397058227669,53.7148044101518,-0.122485714305558,-0.122485714305558,0,0,1,0
3.65000000000001,3.56999999999999,14.6741760882633,14.5072894487335,13.3447982658758,13.4375082089311,55.3690765591269,54.6397058227669,-0.34995749061331,-0.34995749061331,0,0,0,0
4.05,3.65000000000001,14.1735095501267,14.6741760882633,13.1116152434999,13.3447982658758,56.2483550374743,55.3690765591269,4.79853379400944,4.79853379400944,0,0,0,0
4.28,4.05,14.3232261411717,14.1735095501267,12.8931833560764,13.1116152434999,56.3102871811757,56.2483550374743,-3.14136377945639,-3.14136377945639,0,0,0,0
4.56,4.28,14.3164246945141,14.3232261411717,12.9262603853845,12.8931833560764,56.727547210571,56.3102871811757,-0.558636367477391,-0.558636367477391,0,0,0,0
4.54000000000001,4.56,14.285495158734,14.3164246945141,12.8288077566275,12.9262603853845,57.1906605366601,56.727547210571,0.0136584634519359,0.0136584634519359,0,0,0,0
5.19,4.54000000000001,14.2946153275642,14.285495158734,12.8050814847012,12.8288077566275,57.6337510639025,57.1906605366601,0.354806192694786,0.354806192694786,0,0,0,1
5.53,5.19,14.3355960930237,14.2946153275642,12.7670929497645,12.8050814847012,58.5539172561853,57.6337510639025,-0.525692826875712,-0.525692826875712,0,0,0,-1
5.17,5.53,14.3273030608648,14.3355960930237,12.6206924193766,12.7670929497645,58.7302881747087,58.5539172561853,0.853238759669049,0.853238759669049,0,0,0,0
5.34,5.17,13.8900084506716,14.3273030608648,12.8707473941713,12.6206924193766,59.3837696638704,58.7302881747087,0.223469131078785,0.223469131078785,0,0,1,1
5.52,5.34,14.2885493206038,13.8900084506716,12.8896348022773,12.8707473941713,60.1086127555365,59.3837696638704,-0.955130924869447,-0.955130924869447,0,0,-1,-1
5.44,5.52,14.1414481493782,14.2885493206038,13.0154614837435,12.8896348022773,60.2213907388936,60.1086127555365,0.0285164784650451,0.0285164784650451,0,0,0,0
5.31,5.44,14.0392749821651,14.1414481493782,12.9925330748791,13.0154614837435,60.6864581096117,60.2213907388936,0.496396877265354,0.496396877265354,0,0,1,0
6.14,5.31,13.9991270980918,14.0392749821651,12.9673411938259,12.9925330748791,60.9588821448294,60.6864581096117,-0.146076127954611,-0.146076127954611,0,0,-1,0
6.62000000000001,6.14,14.0133884811099,13.9991270980918,13.1815844487301,12.9673411938259,61.366216785598,60.9588821448294,0.541858599931217,0.541858599931217,0,0,0,0
6.93000000000001,6.62000000000001,13.886505975146,14.0133884811099,13.4225888393015,13.1815844487301,60.7606014206956,61.366216785598,-0.624837717399792,-0.624837717399792,0,0,0,0
6.66,6.93000000000001,13.8609394561999,13.886505975146,13.4985145473198,13.4225888393015,60.4694859904492,60.7606014206956,5.29167397660498,5.29167397660498,0,0,0,-1
7.28,6.66,13.3739351847509,13.8609394561999,13.8782600258199,13.4985145473198,64.2102560833499,60.4694859904492,-3.44916572281051,-3.44916572281051,0,0,-1,0
6.92,7.28,13.9178234956533,13.3739351847509,13.9559507506211,13.8782600258199,64.5784028425526,64.2102560833499,-2.73710325735289,-2.73710325735289,0,0,1,1
13.04,6.92,14.7645083051039,13.9178234956533,19.0943811935756,13.9559507506211,63.2724647616511,64.5784028425526,-1.87338904480528,-1.87338904480528,0,0,0,0
14.63,13.04,14.5635811738501,14.7645083051039,21.2568822048205,19.0943811935756,60.2362775882407,63.2724647616511,2.73143325452513,2.73143325452513,0,0,0,0
14.13,14.63,14.6508290943307,14.5635811738501,20.8669962456294,21.2568822048205,59.1937663239871,60.2362775882407,-0.724260211531156,-0.724260211531156,0,0,0,0
13.78,14.13,15.268578103126,14.6508290943307,19.5213418564006,20.8669962456294,58.6186517703092,59.1937663239871,2.8657128594502,2.8657128594502,0,0,0,0
12.91,13.78,15.0491363337977,15.268578103126,16.7851867844771,19.5213418564006,57.8896730154153,58.6186517703092,-0.506434658915303,-0.506434658915303,0,0,0,0
11.98,12.91,15.1051384513785,15.0491363337977,16.6074603010696,16.7851867844771,57.8135321767769,57.8896730154153,-0.921732476157693,-0.921732476157693,0,0,0,0
11.09,11.98,15.0891997357164,15.1051384513785,16.3387966671166,16.6074603010696,58.0765049426231,57.8135321767769,-0.176982568817097,-0.176982568817097,0,0,0,1
10.51,11.09,15.0497729333297,15.0891997357164,16.1528273289476,16.3387966671166,58.0352834322008,58.0765049426231,-0.00987692322549982,-0.00987692322549982,0,0,0,-1
10.02,10.51,15.2087015067045,15.0497729333297,16.4478815949022,16.1528273289476,57.9919355187085,58.0352834322008,-2.08697942896877,-2.08697942896877,0,0,1,0
10.37,10.02,15.0065661892933,15.2087015067045,17.2981297583723,16.4478815949022,57.7792397715679,57.9919355187085,1.48234527551285,1.48234527551285,0,0,-1,0
10.07,10.37,15.1992356864909,15.0065661892933,16.3868785891844,17.2981297583723,57.4809894529398,57.7792397715679,-0.0858261368690396,-0.0858261368690396,0,0,0,0
10.19,10.07,15.0524311428601,15.1992356864909,16.116942446847,16.3868785891844,57.3422567017791,57.4809894529398,0.0855621893392779,0.0855621893392779,0,0,0,0
3.61,10.19,14.8807629458992,15.0524311428601,16.0971070097829,16.116942446847,57.9832722792984,57.3422567017791,-0.0694924849490306,-0.0694924849490306,0,0,0,1
2.19,3.61,14.7329543998301,14.8807629458992,16.0908200167891,16.0971070097829,56.7886796271324,57.9832722792984,-0.0150522367082608,-0.0150522367082608,0,0,0,0
2.68000000000001,2.19,14.1922663778088,14.7329543998301,16.2991611149727,16.0908200167891,57.2561690180033,56.7886796271324,0.757592946502786,0.757592946502786,0,0,1,-1
3.06999999999999,2.68000000000001,14.1624225060825,14.1922663778088,16.2696786089074,16.2991611149727,57.7811768355327,57.2561690180033,2.4972290169703,2.4972290169703,0,0,-1,1
4.08,3.06999999999999,13.8790030426959,14.1624225060825,15.9549054848698,16.2696786089074,57.9731054716799,57.7811768355327,-1.84168907065787,-1.84168907065787,0,0,1,-1
5.37000000000001,4.08,13.7912616540224,13.8790030426959,16.4547754829764,15.9549054848698,59.2686004497147,57.9731054716799,0.850895361256956,0.850895361256956,0,0,0,0
5.98999999999999,5.37000000000001,13.648684142478,13.7912616540224,18.2151044848819,16.4547754829764,60.4062410695622,59.2686004497147,-3.24247020059627,-3.24247020059627,0,0,-1,1
6.62000000000001,5.98999999999999,13.4341286115278,13.648684142478,19.0356103916604,18.2151044848819,61.3323353442054,60.4062410695622,2.21008655524883,2.21008655524883,0,0,0,-1
7.29000000000001,6.62000000000001,13.4424210256709,13.4341286115278,19.51196972975,19.0356103916604,61.5591959161265,61.3323353442054,-2.2378425154308,-2.2378425154308,0,0,1,0
7.31,7.29000000000001,13.4480339439553,13.4424210256709,20.5742562762692,19.51196972975,60.8062247562883,61.5591959161265,1.51933748883128,1.51933748883128,0,0,-1,0
7.68000000000001,7.31,13.4927640611619,13.4480339439553,21.7061297749468,20.5742562762692,59.900479926129,60.8062247562883,-0.0387339306838328,-0.0387339306838328,0,0,0,0
7.73999999999999,7.68000000000001,13.3649131592295,13.4927640611619,23.2457834701518,21.7061297749468,59.3519684730492,59.900479926129,-1.74209617894006,-1.74209617894006,0,0,0,1
7.98999999999999,7.73999999999999,13.2730510689229,13.3649131592295,22.5592640261384,23.2457834701518,59.4109125220222,59.3519684730492,1.37820301786078,1.37820301786078,0,0,0,0
7.45,7.98999999999999,13.2251662037045,13.2730510689229,22.1066857860731,22.5592640261384,59.341373343354,59.4109125220222,-0.147723243239266,-0.147723243239266,0,0,0,0
7.20999999999999,7.45,12.8460049218183,13.2251662037045,21.8756409949554,22.1066857860731,59.3489817988858,59.341373343354,1.99752624521402,1.99752624521402,0,0,1,-1
7.03,7.20999999999999,12.8751892401208,12.8460049218183,23.0554410463901,21.8756409949554,59.8968688504883,59.3489817988858,-3.32207411321289,-3.32207411321289,0,0,-1,1
7.5,7.03,12.0353240243695,12.8751892401208,23.2356014134343,23.0554410463901,58.9839137624186,59.8968688504883,2.57929124483088,2.57929124483088,0,0,1,-1
7.45999999999999,7.5,12.0170127594818,12.0353240243695,24.7921852856903,23.2356014134343,58.8160572725224,58.9839137624186,1.37150917776396,1.37150917776396,0,0,0,0
7.73,7.45999999999999,12.0141404589449,12.0170127594818,24.705940534115,24.7921852856903,58.006817534574,58.8160572725224,-1.69837436785221,-1.69837436785221,0,0,0,-1
7.45999999999999,7.73,11.8420771268554,12.0141404589449,26.0225999325674,24.705940534115,56.7743836624082,58.006817534574,-0.0926841374253904,-0.0926841374253904,0,0,-2,1
8.26000000000001,7.45999999999999,11.9837866944666,11.8420771268554,27.8821063682916,26.0225999325674,54.5483202411036,56.7743836624082,0.0683155196827663,0.0683155196827663,0,0,1,-1
8.62,8.26000000000001,12.5284174100251,11.9837866944666,27.7335580042317,27.8821063682916,52.8671481493364,54.5483202411036,0.0971594068581645,0.0971594068581645,0,0,-1,1
8.83,8.62,12.5478094179624,12.5284174100251,28.9015473103216,27.7335580042317,52.2334190258818,52.8671481493364,0.167552665291165,0.167552665291165,0,0,2,0
9.25,8.83,12.8358412044055,12.5478094179624,30.5024244757192,28.9015473103216,51.4373697394208,52.2334190258818,-0.199229542945385,-0.199229542945385,0,0,-1,1
9.45,9.25,13.1043655286108,12.8358412044055,30.3640102689164,30.5024244757192,50.7831785438639,51.4373697394208,0.230801283085562,0.230801283085562,0,0,0,-1
10.02,9.45,13.0229494997297,13.1043655286108,28.3964311950687,30.3640102689164,50.3192289104784,50.7831785438639,-0.910546663580597,-0.910546663580597,0,0,0,0
10.1,10.02,13.0528219313542,13.0229494997297,28.4492203448656,28.3964311950687,49.9027450476752,50.3192289104784,-1.10175622401147,-1.10175622401147,0,0,1,0
9.97,10.1,13.5235158868709,13.0528219313542,27.7096302321411,28.4492203448656,49.2568280575551,49.9027450476752,1.65838241362351,1.65838241362351,0,0,-1,0
9.18000000000001,9.97,12.7104371398003,13.5235158868709,26.5591354885558,27.7096302321411,48.4069261527329,49.2568280575551,-0.694869746936615,-0.694869746936615,0,0,-1,0
7.91,9.18000000000001,12.8533165453762,12.7104371398003,26.2841549880413,26.5591354885558,48.4322191595173,48.4069261527329,0.241865546751328,0.241865546751328,0,0,2,1
7.31,7.91,12.7297784816124,12.8533165453762,23.8396601920329,26.2841549880413,48.3495825199636,48.4322191595173,0.47542100114168,0.47542100114168,0,0,-1,-1
5.48,0,13.8857223210698,0,15.0276469914294,0,67.4799192257258,0,-0.233318385153751,0,0,0,1,0
5.39,5.48,13.8672555033469,13.8857223210698,14.9214467075403,15.0276469914294,68.0827752137065,67.4799192257258,0.0463141473731241,0,0,0,-1,0
5.66,5.39,13.8037533212968,13.8672555033469,14.9618939609087,14.9214467075403,71.0968953827453,68.0827752137065,-0.35785203631988,0,0,0,0,1
5.70999999999999,5.66,13.7614058118084,13.8037533212968,15.1511291190261,14.9618939609087,71.4255842344075,71.0968953827453,-0.084639006412992,0,0,0,0,-1
4.91,5.70999999999999,13.4884265960817,13.7614058118084,15.0050387399688,15.1511291190261,71.6159515931451,71.4255842344075,0.224833048530936,0,0,0,0,0
4.8,4.91,13.7217795263074,13.4884265960817,15.019995701805,15.0050387399688,69.4068397941671,71.6159515931451,-0.0873685308722294,0,0,0,0,0
3.81999999999999,4.8,13.7982573910312,13.7217795263074,14.6158232482381,15.019995701805,70.0393903018478,69.4068397941671,-0.544289851517746,0,0,0,1,0
3.27,3.81999999999999,13.9378625022431,13.7982573910312,14.5296831847423,14.6158232482381,70.6016264432506,70.0393903018478,0.234458260675932,0,0,0,-1,0
3.3,3.27,13.8671495892879,13.9378625022431,14.8199849513327,14.5296831847423,70.4267320963843,70.6016264432506,0.604131732419482,0,0,0,0,0
2.62,3.3,13.9411459320002,13.8671495892879,14.4931188237761,14.8199849513327,69.9370036246379,70.4267320963843,0.224298545394849,0,0,0,0,0
2,2.62,13.8226951849145,13.9411459320002,14.3572943477997,14.4931188237761,69.8035966585974,69.9370036246379,-0.172903457899903,0,0,0,0,0
1.65000000000001,2,13.7797117911407,13.8226951849145,14.5083619806936,14.3572943477997,69.6345147846753,69.8035966585974,-0.295709351634354,0,0,0,0,-1
1.33,1.65000000000001,13.9096924920673,13.7797117911407,14.5982356906533,14.5083619806936,69.7047890796288,69.6345147846753,-0.119794702308202,0,0,0,-1,1
1.53,1.33,13.6267115368509,13.9096924920673,14.0442896142269,14.5982356906533,70.2114829738028,69.7047890796288,0.292313451931442,0,0,0,1,0
2.41,1.53,14.4718020902302,13.6267115368509,14.0622113544892,14.0442896142269,72.2576005407374,70.2114829738028,-1.92325516729135,0,0,0,0,0
2.26000000000001,2.41,14.429967084951,14.4718020902302,13.8791316370396,14.0622113544892,71.9195302398859,72.2576005407374,0.637065780499267,0,0,0,0,0
2.78,2.26000000000001,14.5594240863081,14.429967084951,13.721431023346,13.8791316370396,72.4535406101744,71.9195302398859,0.0708645063531286,0,0,0,0,-1
2.81,2.78,14.5560515145959,14.5594240863081,13.439583951475,13.721431023346,71.1847276859537,72.4535406101744,-0.442791343315005,0,0,0,-1,1
3.25,2.81,14.4045721518751,14.5560515145959,13.4672784712707,13.439583951475,72.0665452547046,71.1847276859537,-0.122485714305558,0,0,0,1,0
3.23999999999999,3.25,14.5842605513728,14.4045721518751,13.4965941855801,13.4672784712707,72.9969160562759,72.0665452547046,-0.34995749061331,0,0,0,0,0
3.81,3.23999999999999,13.939615476076,14.5842605513728,12.9311984894683,13.4965941855801,73.7602640519569,72.9969160562759,4.79853379400944,0,0,0,0,0
4.64,3.81,14.0998395523975,13.939615476076,13.140167839218,12.9311984894683,74.1617650701848,73.7602640519569,-3.14136377945639,0,0,0,0,0
5.20999999999999,4.64,14.1201608858919,14.0998395523975,13.1305952414448,13.140167839218,74.5734476805943,74.1617650701848,-0.558636367477391,0,0,0,0,0
5.81999999999999,5.20999999999999,14.1444842597308,14.1201608858919,13.0631140401872,13.1305952414448,74.6838457946587,74.5734476805943,0.0136584634519359,0,0,0,0,0
6.39,5.81999999999999,14.1139756193675,14.1444842597308,13.0723392858289,13.0631140401872,75.320227509928,74.6838457946587,0.354806192694786,0,0,0,0,1
6.48,6.39,14.1894032861895,14.1139756193675,12.7847649998424,13.0723392858289,76.0283214134121,75.320227509928,-0.525692826875712,0,0,0,0,-1
5.48999999999999,6.48,14.3267912038372,14.1894032861895,12.5586660035057,12.7847649998424,77.8891076696127,76.0283214134121,0.853238759669049,0,0,0,0,0
5.75,5.48999999999999,13.7039819751009,14.3267912038372,12.8643281754381,12.5586660035057,78.7000841032701,77.8891076696127,0.223469131078785,0,0,0,1,1
5.89,5.75,14.1010133943414,13.7039819751009,12.9742648624177,12.8643281754381,79.0259839496917,78.7000841032701,-0.955130924869447,0,0,0,-1,-1
5.73,5.89,13.936960951402,14.1010133943414,12.9789625971676,12.9742648624177,77.2631806218966,79.0259839496917,0.0285164784650451,0,0,0,0,0
6.42,5.73,13.8593282780707,13.936960951402,12.902103239042,12.9789625971676,78.2281113050304,77.2631806218966,0.496396877265354,0,0,0,1,0
7.5,6.42,13.970102765261,13.8593282780707,13.1514145198161,12.902103239042,78.5670796360255,78.2281113050304,-0.146076127954611,0,0,0,-1,0
8.39,7.5,13.8876785608735,13.970102765261,13.3337111651079,13.1514145198161,81.0287096644965,78.5670796360255,0.541858599931217,0,0,0,0,0
8.53,8.39,13.7192504887783,13.8876785608735,13.490383357707,13.3337111651079,80.5251384548862,81.0287096644965,-0.624837717399792,0,0,0,0,0
8.86,8.53,13.6943792045877,13.7192504887783,13.6672704137082,13.490383357707,79.9193790089928,80.5251384548862,5.29167397660498,0,0,0,0,-1
9,8.86,13.1316866143875,13.6943792045877,13.9221349907305,13.6672704137082,82.9155127267561,79.9193790089928,-3.44916572281051,0,0,0,-1,0
9.63,9,13.4246696186067,13.1316866143875,14.2882658624581,13.9221349907305,83.2627844221308,82.9155127267561,-2.73710325735289,0,0,0,1,1
18.09,9.63,14.3112438829438,13.4246696186067,19.8161226544918,14.2882658624581,82.3445548538747,83.2627844221308,-1.87338904480528,0,0,0,0,0
19.22,18.09,14.1420652348666,14.3112438829438,22.1237686349975,19.8161226544918,81.3017541643771,82.3445548538747,2.73143325452513,0,0,0,0,0
18.58,19.22,14.2332644945603,14.1420652348666,21.375670753486,22.1237686349975,79.8783961357983,81.3017541643771,-0.724260211531156,0,0,0,0,0
17.55,18.58,14.8715017219159,14.2332644945603,18.9607775867298,21.375670753486,78.8440335297952,79.8783961357983,2.8657128594502,0,0,0,0,0
16.72,17.55,14.6119840086646,14.8715017219159,16.5940653834691,18.9607775867298,74.2828618193081,78.8440335297952,-0.506434658915303,0,0,0,0,0
15.24,16.72,14.6490485225314,14.6119840086646,16.9681939174555,16.5940653834691,73.9205160487968,74.2828618193081,-0.921732476157693,0,0,0,0,0
14.45,15.24,14.628209139304,14.6490485225314,17.9534908325608,16.9681939174555,74.163386198517,73.9205160487968,-0.176982568817097,0,0,0,0,1
12.81,14.45,14.4591921747118,14.628209139304,16.2364745189553,17.9534908325608,75.2025429277454,74.163386198517,-0.00987692322549982,0,0,0,0,-1
12.36,12.81,14.6854897816628,14.4591921747118,16.6870594082602,16.2364745189553,75.1287851566595,75.2025429277454,-2.08697942896877,0,0,0,1,0
12.24,12.36,14.4151211094705,14.6854897816628,17.2501588247776,16.6870594082602,75.2240132919823,75.1287851566595,1.48234527551285,0,0,0,-1,0
12.12,12.24,14.5558363489065,14.4151211094705,16.4547176605052,17.2501588247776,74.605763174658,75.2240132919823,-0.0858261368690396,0,0,0,0,0
10.55,12.12,14.4043409275766,14.5558363489065,16.4649966514275,16.4547176605052,74.3240447071847,74.605763174658,0.0855621893392779,0,0,0,0,0
2.76000000000001,10.55,14.1892531741763,14.4043409275766,16.6143563571827,16.4649966514275,74.7953664409601,74.3240447071847,-0.0694924849490306,0,0,0,0,1
1.56,2.76000000000001,14.1299554668812,14.1892531741763,16.233537976295,16.6143563571827,77.2362213559725,74.7953664409601,-0.0150522367082608,0,0,0,0,0
1.41,1.56,13.4450134399767,14.1299554668812,16.4211705568757,16.233537976295,77.2256129847924,77.2362213559725,0.757592946502786,0,0,0,1,-1
2.05,1.41,13.4657940466239,13.4450134399767,16.3307731523228,16.4211705568757,77.4861042816609,77.2256129847924,2.4972290169703,0,0,0,-1,1
3.58,2.05,13.172881094391,13.4657940466239,16.1211400051267,16.3307731523228,74.5508351095377,77.4861042816609,-1.84168907065787,0,0,0,1,-1
4.69,3.58,13.0762712569867,13.172881094391,16.9326943739544,16.1211400051267,76.1250577096647,74.5508351095377,0.850895361256956,0,0,0,0,0
5.7,4.69,12.9881731543966,13.0762712569867,18.3184996030657,16.9326943739544,77.6507336185736,76.1250577096647,-3.24247020059627,0,0,0,-1,1
6.75,5.7,12.7868717823088,12.9881731543966,19.3976223563918,18.3184996030657,77.6846691563641,77.6507336185736,2.21008655524883,0,0,0,0,-1
7.11,6.75,12.8358971805093,12.7868717823088,19.6441436472006,19.3976223563918,77.5109831368517,77.6846691563641,-2.2378425154308,0,0,0,1,0
7.26000000000001,7.11,12.881537515681,12.8358971805093,20.8578698743263,19.6441436472006,76.1590637203631,77.5109831368517,1.51933748883128,0,0,0,-1,0
7.42,7.26000000000001,12.9637283045917,12.881537515681,22.2282356576634,20.8578698743263,76.1386854814354,76.1590637203631,-0.0387339306838328,0,0,0,0,0
8.45,7.42,12.8431705531915,12.9637283045917,23.5210560830577,22.2282356576634,75.5989797054843,76.1386854814354,-1.74209617894006,0,0,0,0,1
8.08,8.45,12.7630837098674,12.8431705531915,22.9256753692401,23.5210560830577,75.7297482905143,75.5989797054843,1.37820301786078,0,0,0,0,0
8.34,8.08,12.7492514788613,12.7630837098674,22.3727615428893,22.9256753692401,77.0403255532982,75.7297482905143,-0.147723243239266,0,0,0,0,0
8.92,8.34,12.3556456181286,12.7492514788613,21.8066687675494,22.3727615428893,76.9942325586939,77.0403255532982,1.99752624521402,0,0,0,1,-1
9.54000000000001,8.92,12.427914253429,12.3556456181286,22.6618130222408,21.8066687675494,77.6072063803167,76.9942325586939,-3.32207411321289,0,0,0,-1,1
9.37,9.54000000000001,11.4408696925599,12.427914253429,23.3050503642343,22.6618130222408,76.2492934610083,77.6072063803167,2.57929124483088,0,0,0,1,-1
9.59999999999999,9.37,11.411421655851,11.4408696925599,24.4669945834273,23.3050503642343,75.8071645554134,76.2492934610083,1.37150917776396,0,0,0,0,0
8.87,9.59999999999999,11.4286725270832,11.411421655851,24.4115819936438,24.4669945834273,74.940054085943,75.8071645554134,-1.69837436785221,0,0,0,0,-1
9.22,8.87,11.2695216766859,11.4286725270832,25.9351535138975,24.4115819936438,75.6287485642672,74.940054085943,-0.0926841374253904,0,0,0,-2,1
10.31,9.22,11.4262144007755,11.2695216766859,27.2550777488947,25.9351535138975,72.6290536533737,75.6287485642672,0.0683155196827663,0,0,0,1,-1
11.04,10.31,12.1236358754354,11.4262144007755,26.7171100624782,27.2550777488947,70.2297985632212,72.6290536533737,0.0971594068581645,0,0,0,-1,1
11.46,11.04,12.094047391824,12.1236358754354,29.3743324378929,26.7171100624782,68.0134271841358,70.2297985632212,0.167552665291165,0,0,0,2,0
11.58,11.46,12.3817070047736,12.094047391824,30.8377493323615,29.3743324378929,67.0092699723359,68.0134271841358,-0.199229542945385,0,0,0,-1,1
12.27,11.58,12.6658325633597,12.3817070047736,29.7870884644107,30.8377493323615,66.2148937351877,67.0092699723359,0.230801283085562,0,0,0,0,-1
12.11,12.27,12.5853111478166,12.6658325633597,27.888104220822,29.7870884644107,63.512377959885,66.2148937351877,-0.910546663580597,0,0,0,0,0
11.9,12.11,12.6549768310822,12.5853111478166,26.7658545964878,27.888104220822,63.1514180307134,63.512377959885,-1.10175622401147,0,0,0,1,0
11.35,11.9,13.0932390337924,12.6549768310822,26.3374797905978,26.7658545964878,62.4203468377562,63.1514180307134,1.65838241362351,0,0,0,-1,0
10.8,11.35,12.24019396342,13.0932390337924,25.6317303334046,26.3374797905978,61.4912884558291,62.4203468377562,-0.694869746936615,0,0,0,-1,0
10.02,10.8,12.2566499397945,12.24019396342,24.5920927149484,25.6317303334046,61.6824619483316,61.4912884558291,0.241865546751328,0,0,0,2,1
10.17,10.02,12.321090169685,12.2566499397945,23.9251060440744,24.5920927149484,61.701849040545,61.6824619483316,0.47542100114168,0,0,0,-1,-1
6.78,0,14.0159273400758,0,15.2244339642348,0,23.382557681649,0,-0.233318385153751,0,-0.233318385153751,0,1,0
7.62000000000001,6.78,14.0210367561243,14.0159273400758,14.9168756923908,15.2244339642348,23.6036296147596,23.382557681649,0.0463141473731241,0,0.0463141473731241,0,-1,0
6.23,7.62000000000001,14.0823898135729,14.0210367561243,15.2225443063836,14.9168756923908,23.0571894256136,23.6036296147596,-0.35785203631988,0,-0.35785203631988,0,0,1
4.97,6.23,14.072476029532,14.0823898135729,15.0403488791919,15.2225443063836,23.6875682873157,23.0571894256136,-0.084639006412992,0,-0.084639006412992,0,0,-1
4.55,4.97,13.7680831493278,14.072476029532,15.2015933927286,15.0403488791919,24.5632712065211,23.6875682873157,0.224833048530936,0,0.224833048530936,0,0,0
4.66,4.55,14.1401631651108,13.7680831493278,15.0640697488439,15.2015933927286,25.4085217386882,24.5632712065211,-0.0873685308722294,0,-0.0873685308722294,0,0,0
5.23,4.66,14.290704850199,14.1401631651108,15.0255100243776,15.0640697488439,26.1553227879784,25.4085217386882,-0.544289851517746,0,-0.544289851517746,0,1,0
5.23,5.23,14.4696948866212,14.290704850199,14.3114722403823,15.0255100243776,26.7874780645622,26.1553227879784,0.234458260675932,0,0.234458260675932,0,-1,0
4.77,5.23,14.3401417549762,14.4696948866212,15.2561621170285,14.3114722403823,27.1934556762891,26.7874780645622,0.604131732419482,0,0.604131732419482,0,0,0
4.25,4.77,14.2962284256607,14.3401417549762,13.800875417966,15.2561621170285,27.2681578145437,27.1934556762891,0.224298545394849,0,0.224298545394849,0,0,0
3.78,4.25,14.1233112399617,14.2962284256607,14.0668392400937,13.800875417966,26.7726509376742,27.2681578145437,-0.172903457899903,0,-0.172903457899903,0,0,0
2.73999999999999,3.78,13.7568295093889,14.1233112399617,13.9081133246266,14.0668392400937,26.8076269536989,26.7726509376742,-0.295709351634354,0,-0.295709351634354,0,0,-1
1.31999999999999,2.73999999999999,13.9309391438846,13.7568295093889,14.4515194407726,13.9081133246266,26.8674491954717,26.8076269536989,-0.119794702308202,0,-0.119794702308202,0,-1,1
0.890000000000001,1.31999999999999,13.6216056133568,13.9309391438846,14.200885135807,14.4515194407726,26.8699642493785,26.8674491954717,0.292313451931442,0,0.292313451931442,0,1,0
1.11,0.890000000000001,14.8703577594182,13.6216056133568,15.169987508823,14.200885135807,27.1990880166813,26.8699642493785,-1.92325516729135,0,-1.92325516729135,0,0,0
1.64,1.11,14.9539955089471,14.8703577594182,14.4508224507678,15.169987508823,27.0284685830509,27.1990880166813,0.637065780499267,0,0.637065780499267,0,0,0
2.26000000000001,1.64,15.153579438844,14.9539955089471,14.5376139584253,14.4508224507678,27.3249855608451,27.0284685830509,0.0708645063531286,0,0.0708645063531286,0,0,-1
2.29000000000001,2.26000000000001,15.0526612435287,15.153579438844,14.0049428326158,14.5376139584253,27.0757505377181,27.3249855608451,-0.442791343315005,0,-0.442791343315005,0,-1,1
2.34,2.29000000000001,14.8302128800162,15.0526612435287,14.0429606927335,14.0049428326158,27.9672750659261,27.0757505377181,-0.122485714305558,0,-0.122485714305558,0,1,0
1.99,2.34,14.9866481257918,14.8302128800162,13.8936334192586,14.0429606927335,28.5421581821415,27.9672750659261,-0.34995749061331,0,-0.34995749061331,0,0,0
2.09999999999999,1.99,14.1823786618217,14.9866481257918,13.2728356073733,13.8936334192586,29.2200599949177,28.5421581821415,4.79853379400944,0,4.79853379400944,0,0,0
1.88,2.09999999999999,14.4369632399653,14.1823786618217,13.7512067618189,13.2728356073733,29.4312493558881,29.2200599949177,-3.14136377945639,0,-3.14136377945639,0,0,0
1.91,1.88,14.4057432510286,14.4369632399653,13.7674618064353,13.7512067618189,28.7404841796602,29.4312493558881,-0.558636367477391,0,-0.558636367477391,0,0,0
2.7,1.91,14.5293948337897,14.4057432510286,13.8623268037203,13.7674618064353,29.1663536132308,28.7404841796602,0.0136584634519359,0,0.0136584634519359,0,0,0
2.48,2.7,14.4804196253619,14.5293948337897,13.7994323190783,13.8623268037203,29.1878937230412,29.1663536132308,0.354806192694786,0,0.354806192694786,0,0,1
1.95,2.48,14.5512247050955,14.4804196253619,13.5796042141119,13.7994323190783,29.5068574499647,29.1878937230412,-0.525692826875712,0,-0.525692826875712,0,0,-1
1.94,1.95,14.9264880869374,14.5512247050955,12.8914348696995,13.5796042141119,28.7202021773896,29.5068574499647,0.853238759669049,0,0.853238759669049,0,0,0
5.12000000000001,1.94,13.9771384759479,14.9264880869374,13.2549647453547,12.8914348696995,29.3539463391892,28.7202021773896,0.223469131078785,0,0.223469131078785,0,1,1
5.90000000000001,5.12000000000001,14.4038793239939,13.9771384759479,13.8333295157719,13.2549647453547,30.4044053598651,29.3539463391892,-0.955130924869447,0,-0.955130924869447,0,-1,-1
4.45999999999999,5.90000000000001,14.2038002423919,14.4038793239939,13.4426018665353,13.8333295157719,31.3177814641172,30.4044053598651,0.0285164784650451,0,0.0285164784650451,0,0,0
2.98999999999999,4.45999999999999,14.1211407306764,14.2038002423919,13.9350187806379,13.4426018665353,32.2182608099468,31.3177814641172,0.496396877265354,0,0.496396877265354,0,1,0
3.2,2.98999999999999,14.3538508090128,14.1211407306764,13.3950568983168,13.9350187806379,32.8482695673694,32.2182608099468,-0.146076127954611,0,-0.146076127954611,0,-1,0
3.12,3.2,14.1549485592299,14.3538508090128,14.0934880489321,13.3950568983168,33.3704987402692,32.8482695673694,0.541858599931217,0,0.541858599931217,0,0,0
4.54000000000001,3.12,13.9795825145635,14.1549485592299,14.6116594475414,14.0934880489321,33.414655699903,33.3704987402692,-0.624837717399792,0,-0.624837717399792,0,0,0
5.76000000000001,4.54000000000001,13.9966197671141,13.9795825145635,13.9218453886675,14.6116594475414,33.1752871845533,33.414655699903,5.29167397660498,0,5.29167397660498,0,0,-1
4.48999999999999,5.76000000000001,13.4083674569796,13.9966197671141,14.5295844262599,13.9218453886675,36.1472953246028,33.1752871845533,-3.44916572281051,0,-3.44916572281051,0,-1,0
5.19,4.48999999999999,13.2265718838227,13.4083674569796,15.1345926953707,14.5295844262599,36.1379553300306,36.1472953246028,-2.73710325735289,0,-2.73710325735289,0,1,1
7.17,5.19,14.174097453306,13.2265718838227,24.548705319648,15.1345926953707,35.7896415981022,36.1379553300306,-1.87338904480528,0,-1.87338904480528,0,0,0
9.67,7.17,14.2017754904745,14.174097453306,21.5441564491984,24.548705319648,32.8037980513681,35.7896415981022,2.73143325452513,0,2.73143325452513,0,0,0
3.65000000000001,9.67,14.2768593034846,14.2017754904745,21.9577407757155,21.5441564491984,32.6042565161331,32.8037980513681,-0.724260211531156,0,-0.724260211531156,0,0,0
2.06,3.65000000000001,15.1739277006355,14.2768593034846,20.602174284862,21.9577407757155,32.8740465607305,32.6042565161331,2.8657128594502,0,2.8657128594502,0,0,0
3.34999999999999,2.06,14.7967309778453,15.1739277006355,18.1846738533053,20.602174284862,34.9812226793075,32.8740465607305,-0.506434658915303,0,-0.506434658915303,0,0,0
5.36,3.34999999999999,14.8536371903853,14.7967309778453,17.9559779462093,18.1846738533053,35.4769329651179,34.9812226793075,-0.921732476157693,0,-0.921732476157693,0,0,0
6.34,5.36,14.8446038132053,14.8536371903853,17.1159840540005,17.9559779462093,35.8361813696572,35.4769329651179,-0.176982568817097,0,-0.176982568817097,0,0,1
6.81,6.34,14.7339226448108,14.8446038132053,20.1481819332554,17.1159840540005,35.6924114845228,35.8361813696572,-0.00987692322549982,0,-0.00987692322549982,0,0,-1
5.53,6.81,15.0107499639739,14.7339226448108,20.4539843075442,20.1481819332554,35.6516586146083,35.6924114845228,-2.08697942896877,0,-2.08697942896877,0,1,0
5.67,5.53,14.7001455997764,15.0107499639739,20.5337782964171,20.4539843075442,35.6759341983819,35.6516586146083,1.48234527551285,0,1.48234527551285,0,-1,0
6.78,5.67,14.8816395747772,14.7001455997764,19.9505114296156,20.5337782964171,34.6201244284992,35.6759341983819,-0.0858261368690396,0,-0.0858261368690396,0,0,0
6.51000000000001,6.78,14.7068621461143,14.8816395747772,19.9357626646305,19.9505114296156,34.561728420749,34.6201244284992,0.0855621893392779,0,0.0855621893392779,0,0,0
4.73999999999999,6.51000000000001,14.6373129085551,14.7068621461143,17.5544236986138,19.9357626646305,34.6849402811594,34.561728420749,-0.0694924849490306,0,-0.0694924849490306,0,0,1
3.15000000000001,4.73999999999999,14.4928998544799,14.6373129085551,16.8968888732512,17.5544236986138,34.3845681409462,34.6849402811594,-0.0150522367082608,0,-0.0150522367082608,0,0,0
6.23,3.15000000000001,13.6038736529723,14.4928998544799,17.2847681752308,16.8968888732512,34.7511006054038,34.3845681409462,0.757592946502786,0,0.757592946502786,0,1,-1
7.12000000000001,6.23,13.5970446595294,13.6038736529723,18.0653565046162,17.2847681752308,35.8179515859565,34.7511006054038,2.4972290169703,0,2.4972290169703,0,-1,1
6.93000000000001,7.12000000000001,13.2630657320886,13.5970446595294,17.8865890144619,18.0653565046162,36.8463102819761,35.8179515859565,-1.84168907065787,0,-1.84168907065787,0,1,-1
6.81,6.93000000000001,13.0849238518992,13.2630657320886,18.4494949196975,17.8865890144619,38.3421926285418,36.8463102819761,0.850895361256956,0,0.850895361256956,0,0,0
5.93000000000001,6.81,13.0749144604693,13.0849238518992,20.32208765591,18.4494949196975,39.5527232893334,38.3421926285418,-3.24247020059627,0,-3.24247020059627,0,-1,1
5.55,5.93000000000001,12.9470290191641,13.0749144604693,21.0151368716092,20.32208765591,40.6612036473639,39.5527232893334,2.21008655524883,0,2.21008655524883,0,0,-1
6.09,5.55,12.9652414029704,12.9470290191641,20.3527134382339,21.0151368716092,40.5872094159015,40.6612036473639,-2.2378425154308,0,-2.2378425154308,0,1,0
4.84,6.09,13.1365466383009,12.9652414029704,22.6054383309906,20.3527134382339,39.3489871749925,40.5872094159015,1.51933748883128,0,1.51933748883128,0,-1,0
4.84999999999999,4.84,13.2705436410835,13.1365466383009,23.9388034527054,22.6054383309906,38.041184097707,39.3489871749925,-0.0387339306838328,0,-0.0387339306838328,0,0,0
4.01000000000001,4.84999999999999,13.1211011794377,13.2705436410835,24.0069528931376,23.9388034527054,37.4351760130598,38.041184097707,-1.74209617894006,0,-1.74209617894006,0,0,1
4.36,4.01000000000001,13.0824499908985,13.1211011794377,22.9000640812603,24.0069528931376,36.98266247509,37.4351760130598,1.37820301786078,0,1.37820301786078,0,0,0
3.45999999999999,4.36,13.1175648412954,13.0824499908985,24.4489432319304,22.9000640812603,35.9983237593614,36.98266247509,-0.147723243239266,0,-0.147723243239266,0,0,0
2.91,3.45999999999999,12.7177586581307,13.1175648412954,23.9607197620213,24.4489432319304,36.1471106993281,35.9983237593614,1.99752624521402,0,1.99752624521402,0,1,-1
2.84,2.91,12.9261831727953,12.7177586581307,24.4820627779513,23.9607197620213,36.5868257934355,36.1471106993281,-3.32207411321289,0,-3.32207411321289,0,-1,1
3.23,2.84,11.6836773047411,12.9261831727953,25.8067440518233,24.4820627779513,35.9189942793838,36.5868257934355,2.57929124483088,0,2.57929124483088,0,1,-1
3.12,3.23,11.6515929989918,11.6836773047411,28.2973154364504,25.8067440518233,35.9742644239,35.9189942793838,1.37150917776396,0,1.37150917776396,0,0,0
4.25,3.12,11.6750759948041,11.6515929989918,28.2321035824952,28.2973154364504,35.6068383825069,35.9742644239,-1.69837436785221,0,-1.69837436785221,0,0,-1
5.51000000000001,4.25,11.5162941672332,11.6750759948041,29.4102975802509,28.2321035824952,35.6393680944901,35.6068383825069,-0.0926841374253904,0,-0.0926841374253904,0,-2,1
5.18000000000001,5.51000000000001,11.6686548352313,11.5162941672332,32.4200275405927,29.4102975802509,35.4095661668685,35.6393680944901,0.0683155196827663,0,0.0683155196827663,0,1,-1
5.11,5.18000000000001,12.4924710587403,11.6686548352313,30.6770235986309,32.4200275405927,34.0723639543783,35.4095661668685,0.0971594068581645,0,0.0971594068581645,0,-1,1
5.45999999999999,5.11,12.493511932612,12.4924710587403,34.8506485617462,30.6770235986309,35.8759039644903,34.0723639543783,0.167552665291165,0,0.167552665291165,0,2,0
6.51000000000001,5.45999999999999,12.8511807990807,12.493511932612,36.3849389640497,34.8506485617462,35.1057927887542,35.8759039644903,-0.199229542945385,0,-0.199229542945385,0,-1,1
6.28,6.51000000000001,13.1104288534639,12.8511807990807,35.5375154732303,36.3849389640497,34.3981536262283,35.1057927887542,0.230801283085562,0,0.230801283085562,0,0,-1
5.65000000000001,6.28,13.0680556677501,13.1104288534639,30.940588186341,35.5375154732303,34.0970750479639,34.3981536262283,-0.910546663580597,0,-0.910546663580597,0,0,0
5.34,5.65000000000001,13.2008874803098,13.0680556677501,31.8206197963496,30.940588186341,33.764892914762,34.0970750479639,-1.10175622401147,0,-1.10175622401147,0,1,0
5.19,5.34,13.5660305899612,13.2008874803098,30.8160144537963,31.8206197963496,33.4052968548657,33.764892914762,1.65838241362351,0,1.65838241362351,0,-1,0
5.2,5.19,12.4718267691173,13.5660305899612,30.072513560079,30.8160144537963,32.8567798825335,33.4052968548657,-0.694869746936615,0,-0.694869746936615,0,-1,0
5.11,5.2,12.5560650140568,12.4718267691173,30.6984073281114,30.072513560079,32.9073355346121,32.8567798825335,0.241865546751328,0,0.241865546751328,0,2,1
4.09,5.11,12.5830659846406,12.5560650140568,30.9948903330979,30.6984073281114,32.5947483604739,32.9073355346121,0.47542100114168,0,0.47542100114168,0,-1,-1
7.09,0,13.6708144190326,0,14.9214290097677,0,45.7417259921148,0,-0.233318385153751,0,0,0,1,0
6.95999999999999,7.09,13.6961717720805,13.6708144190326,14.7600058774958,14.9214290097677,46.0353426814802,45.7417259921148,0.0463141473731241,0,0,0,-1,0
6.91,6.95999999999999,13.5598405653245,13.6961717720805,14.8166987528011,14.7600058774958,46.6842933292051,46.0353426814802,-0.35785203631988,0,0,0,0,1
6.47,6.91,13.4885155984316,13.5598405653245,14.9768243505651,14.8166987528011,47.1095783991356,46.6842933292051,-0.084639006412992,0,0,0,0,-1
6.45,6.47,13.2675388089131,13.4885155984316,14.8342987828291,14.9768243505651,47.4753621869272,47.1095783991356,0.224833048530936,0,0,0,0,0
6.31,6.45,13.51401481654,13.2675388089131,14.7886508205323,14.8342987828291,46.5761685255672,47.4753621869272,-0.0873685308722294,0,0,0,0,0
5.52,6.31,13.5584327457208,13.51401481654,14.5622296762938,14.7886508205323,47.1017343327512,46.5761685255672,-0.544289851517746,0,0,0,1,0
5.3,5.52,13.7279599189911,13.5584327457208,14.3501263519625,14.5622296762938,47.6095817447455,47.1017343327512,0.234458260675932,0,0,0,-1,0
4.81,5.3,13.6289125545985,13.7279599189911,14.7447294516291,14.3501263519625,49.0658004530329,47.6095817447455,0.604131732419482,0,0,0,0,0
4.93000000000001,4.81,13.6291092079569,13.6289125545985,14.2310751535225,14.7447294516291,49.432669953208,49.0658004530329,0.224298545394849,0,0,0,0,0
3.8,4.93000000000001,13.5442456658335,13.6291092079569,14.0581327643901,14.2310751535225,49.6396396795698,49.432669953208,-0.172903457899903,0,0,0,0,0
3.09999999999999,3.8,13.5446178692954,13.5442456658335,14.210146495997,14.0581327643901,50.1431750036231,49.6396396795698,-0.295709351634354,0,0,0,0,-1
2.91,3.09999999999999,13.67601013124,13.5446178692954,14.1663896513149,14.210146495997,50.4479285254682,50.1431750036231,-0.119794702308202,0,0,0,-1,1
3.41,2.91,13.3995996170772,13.67601013124,13.7358276406126,14.1663896513149,51.0095179057356,50.4479285254682,0.292313451931442,0,0,0,1,0
3.63,3.41,14.1838971497728,13.3995996170772,13.8259173363084,13.7358276406126,50.1144306146754,51.0095179057356,-1.92325516729135,0,0,0,0,0
3.70999999999999,3.63,14.1518607368862,14.1838971497728,13.7275698225449,13.8259173363084,49.9797084125418,50.1144306146754,0.637065780499267,0,0,0,0,0
3.93000000000001,3.70999999999999,14.3119817486904,14.1518607368862,13.6825253204676,13.7275698225449,50.2546213202251,49.9797084125418,0.0708645063531286,0,0,0,0,-1
4.37999999999999,3.93000000000001,14.2925854894671,14.3119817486904,13.3099443864096,13.6825253204676,49.1705353306812,50.2546213202251,-0.442791343315005,0,0,0,-1,1
4.59,4.37999999999999,14.1745172601719,14.2925854894671,13.1314582745369,13.3099443864096,49.6459249737955,49.1705353306812,-0.122485714305558,0,0,0,1,0
4.20999999999999,4.59,14.3752191917333,14.1745172601719,13.1236418238716,13.1314582745369,50.1250031527035,49.6459249737955,-0.34995749061331,0,0,0,0,0
4.61,4.20999999999999,13.8260776315771,14.3752191917333,12.8041300488706,13.1236418238716,50.5584495745619,50.1250031527035,4.79853379400944,0,0,0,0,0
4.76000000000001,4.61,13.9665186915769,13.8260776315771,12.8869777819514,12.8041300488706,50.5324985321588,50.5584495745619,-3.14136377945639,0,0,0,0,0
5.51000000000001,4.76000000000001,13.9666140303964,13.9665186915769,12.6824129938619,12.8869777819514,50.3540198354046,50.5324985321588,-0.558636367477391,0,0,0,0,0
5.39,5.51000000000001,14.0080044751639,13.9666140303964,12.6410767514795,12.6824129938619,51.0717772859738,50.3540198354046,0.0136584634519359,0,0,0,0,0
4.81999999999999,5.39,13.9873276789232,14.0080044751639,12.6733907377623,12.6410767514795,51.4796513871292,51.0717772859738,0.354806192694786,0,0,0,0,1
4.73999999999999,4.81999999999999,14.0682739592728,13.9873276789232,12.420004201119,12.6733907377623,52.162699971875,51.4796513871292,-0.525692826875712,0,0,0,0,-1
5.31,4.73999999999999,14.1503852706083,14.0682739592728,12.278459863083,12.420004201119,52.246807760399,52.162699971875,0.853238759669049,0,0,0,0,0
6.3,5.31,13.6259709920046,14.1503852706083,12.5101949709236,12.278459863083,52.7093175987836,52.246807760399,0.223469131078785,0,0,0,1,1
6.64,6.3,14.0038471104588,13.6259709920046,12.6208147626755,12.5101949709236,53.3423879276168,52.7093175987836,-0.955130924869447,0,0,0,-1,-1
6.64,6.64,13.8343578391342,14.0038471104588,12.9827511842892,12.6208147626755,54.0487323983239,53.3423879276168,0.0285164784650451,0,0,0,0,0
7.04000000000001,6.64,13.7212840420823,13.8343578391342,12.694191004247,12.9827511842892,54.6804893604808,54.0487323983239,0.496396877265354,0,0,0,1,0
7.84,7.04000000000001,13.7277823308438,13.7212840420823,12.8042442209957,12.694191004247,54.9995190539435,54.6804893604808,-0.146076127954611,0,0,0,-1,0
8.53,7.84,13.6666039324503,13.7277823308438,12.9784654378929,12.8042442209957,55.9239265579745,54.9995190539435,0.541858599931217,0,0,0,0,0
9.06,8.53,13.5555694257575,13.6666039324503,13.3389093657758,12.9784654378929,55.4166250369571,55.9239265579745,-0.624837717399792,0,0,0,0,0
9.31,9.06,13.5565967006223,13.5555694257575,13.369722217394,13.3389093657758,55.8631850330241,55.4166250369571,5.29167397660498,0,0,0,0,-1
9.84,9.31,13.0300190673988,13.5565967006223,13.6915768129112,13.369722217394,57.8381170214818,55.8631850330241,-3.44916572281051,0,0,0,-1,0
10.85,9.84,13.4494408062091,13.0300190673988,13.7320213008423,13.6915768129112,58.500993474112,57.8381170214818,-2.73710325735289,0,0,0,1,1
20.62,10.85,14.3339203080747,13.4494408062091,18.3860613859062,13.7320213008423,57.8662592729407,58.500993474112,-1.87338904480528,0,0,0,0,0
20.62,20.62,14.1398581423494,14.3339203080747,20.8477900916009,18.3860613859062,56.090042329286,57.8662592729407,2.73143325452513,0,0,0,0,0
18.99,20.62,14.2204669906607,14.1398581423494,19.9814660761902,20.8477900916009,55.3672264659215,56.090042329286,-0.724260211531156,0,0,0,0,0
16.91,18.99,14.8595718942203,14.2204669906607,18.2158127923399,19.9814660761902,54.8512813823959,55.3672264659215,2.8657128594502,0,0,0,0,0
15.59,16.91,14.6226670568039,14.8595718942203,16.1662409270398,18.2158127923399,54.0450708508826,54.8512813823959,-0.506434658915303,0,0,0,0,0
14.54,15.59,14.6620898037659,14.6226670568039,16.3350181828477,16.1662409270398,53.9226925771147,54.0450708508826,-0.921732476157693,0,0,0,0,0
14.42,14.54,14.6844452129599,14.6620898037659,16.2728446765233,16.3350181828477,54.369956135153,53.9226925771147,-0.176982568817097,0,0,0,0,1
13.15,14.42,14.6036615074015,14.6844452129599,15.6691111385749,16.2728446765233,55.7208546405023,54.369956135153,-0.00987692322549982,0,0,0,0,-1
11.92,13.15,14.7911493489884,14.6036615074015,16.0920462861291,15.6691111385749,55.7815953307372,55.7208546405023,-2.08697942896877,0,0,0,1,0
11.58,11.92,14.5719653611481,14.7911493489884,16.3003886728761,16.0920462861291,55.8130919446828,55.7815953307372,1.48234527551285,0,0,0,-1,0
11.75,11.58,14.7576182677545,14.5719653611481,16.0368341251847,16.3003886728761,54.9948654603668,55.8130919446828,-0.0858261368690396,0,0,0,0,0
10.89,11.75,14.6326131017291,14.7576182677545,15.623305867573,16.0368341251847,54.8055293893049,54.9948654603668,0.0855621893392779,0,0,0,0,0
1.91,10.89,14.4237149172806,14.6326131017291,15.3950555657722,15.623305867573,55.4025889080193,54.8055293893049,-0.0694924849490306,0,0,0,0,1
1.22,1.91,14.2815500644801,14.4237149172806,15.6418848536204,15.3950555657722,55.4934696230774,55.4025889080193,-0.0150522367082608,0,0,0,0,0
1.81999999999999,1.22,13.6714193177837,14.2815500644801,15.9815638676365,15.6418848536204,55.7862445414927,55.4934696230774,0.757592946502786,0,0,0,1,-1
3.16,1.81999999999999,13.6772601476583,13.6714193177837,15.5859820263856,15.9815638676365,56.1551357666722,55.7862445414927,2.4972290169703,0,0,0,-1,1
4.27,3.16,13.4033390851591,13.6772601476583,15.5185688198069,15.5859820263856,55.5431376990291,56.1551357666722,-1.84168907065787,0,0,0,1,-1
5.12999999999999,4.27,13.2424498392692,13.4033390851591,16.1887778350746,15.5185688198069,56.7382799325599,55.5431376990291,0.850895361256956,0,0,0,0,0
5.06999999999999,5.12999999999999,13.1372127659633,13.2424498392692,17.9174275762335,16.1887778350746,57.8450448701369,56.7382799325599,-3.24247020059627,0,0,0,-1,1
5.39,5.06999999999999,12.9154382880195,13.1372127659633,18.5141501300753,17.9174275762335,59.0874254404998,57.8450448701369,2.21008655524883,0,0,0,0,-1
6.01000000000001,5.39,12.9688595423615,12.9154382880195,19.2103612696251,18.5141501300753,59.2654686369247,59.0874254404998,-2.2378425154308,0,0,0,1,0
6.09999999999999,6.01000000000001,12.9956293505008,12.9688595423615,20.5712780314868,19.2103612696251,58.3261854779589,59.2654686369247,1.51933748883128,0,0,0,-1,0
6.14,6.09999999999999,13.1002250482105,12.9956293505008,22.0583143461825,20.5712780314868,59.545867080406,58.3261854779589,-0.0387339306838328,0,0,0,0,0
6.78,6.14,13.0128917733597,13.1002250482105,23.4539150037459,22.0583143461825,59.1159942684231,59.545867080406,-1.74209617894006,0,0,0,0,1
6.39,6.78,12.9009250095794,13.0128917733597,22.3189142556298,23.4539150037459,59.1378294654219,59.1159942684231,1.37820301786078,0,0,0,0,0
6.97,6.39,12.8863792398593,12.9009250095794,22.2909228440708,22.3189142556298,59.086540078643,59.1378294654219,-0.147723243239266,0,0,0,0,0
7.48,6.97,12.512395207803,12.8863792398593,22.3106521896284,22.2909228440708,59.294158894966,59.086540078643,1.99752624521402,0,0,0,1,-1
7.84999999999999,7.48,12.6070797150321,12.512395207803,22.7120179473099,22.3106521896284,59.7033936591849,59.294158894966,-3.32207411321289,0,0,0,-1,1
8.31999999999999,7.84999999999999,11.6867151790668,12.6070797150321,23.7349737379844,22.7120179473099,58.2394889629001,59.7033936591849,2.57929124483088,0,0,0,1,-1
8.62,8.31999999999999,11.6524867245764,11.6867151790668,24.721252841557,23.7349737379844,58.0309481572404,58.2394889629001,1.37150917776396,0,0,0,0,0
9.04000000000001,8.62,11.6796150322073,11.6524867245764,24.958421212011,24.721252841557,57.4169462570983,58.0309481572404,-1.69837436785221,0,0,0,0,-1
8.31,9.04000000000001,11.5024325716207,11.6796150322073,25.7790011141009,24.958421212011,55.9263024989047,57.4169462570983,-0.0926841374253904,0,0,0,-2,1
9.40000000000001,8.31,11.6464511946876,11.5024325716207,27.8554531117024,25.7790011141009,53.7869783795278,55.9263024989047,0.0683155196827663,0,0,0,1,-1
10.29,9.40000000000001,12.1929881198636,11.6464511946876,29.3327118629443,27.8554531117024,52.1564677546533,53.7869783795278,0.0971594068581645,0,0,0,-1,1
10.67,10.29,12.2354976389336,12.1929881198636,29.4097601695174,29.3327118629443,52.8213144670233,52.1564677546533,0.167552665291165,0,0,0,2,0
10.51,10.67,12.5169018249576,12.2354976389336,30.7566935704362,29.4097601695174,52.0861324510085,52.8213144670233,-0.199229542945385,0,0,0,-1,1
11.16,10.51,12.7643724681661,12.5169018249576,30.5355727104898,30.7566935704362,51.5719921668763,52.0861324510085,0.230801283085562,0,0,0,0,-1
10.64,11.16,12.6792894424483,12.7643724681661,28.6379672037334,30.5355727104898,51.7456295979311,51.5719921668763,-0.910546663580597,0,0,0,0,0
10.48,10.64,12.7728214381198,12.6792894424483,28.4587942710498,28.6379672037334,51.3519086198339,51.7456295979311,-1.10175622401147,0,0,0,1,0
9.64,10.48,13.297387991772,12.7728214381198,27.203814182979,28.4587942710498,50.6230778314504,51.3519086198339,1.65838241362351,0,0,0,-1,0
9.66,9.64,12.3097319242949,13.297387991772,26.0911684953069,27.203814182979,49.957951800205,50.6230778314504,-0.694869746936615,0,0,0,-1,0
8.58,9.66,12.3243563630606,12.3097319242949,24.9229828389802,26.0911684953069,50.0059039472925,49.957951800205,0.241865546751328,0,0,0,2,1
8.15000000000001,8.58,12.3923902139452,12.3243563630606,24.0659139177247,24.9229828389802,49.9038788887445,50.0059039472925,0.47542100114168,0,0,0,-1,-1
5.31,0,14.0791503482487,0,13.737169087233,0,27.1106014456978,0,-0.233318385153751,-0.233318385153751,0,0,1,0
5.29000000000001,5.31,14.0229138191869,14.0791503482487,13.4806100165212,13.737169087233,27.2601585000892,27.1106014456978,0.0463141473731241,0.0463141473731241,0,0,-1,0
5.15000000000001,5.29000000000001,13.8459868061024,14.0229138191869,13.5135749726996,13.4806100165212,27.5054047361675,27.2601585000892,-0.35785203631988,-0.35785203631988,0,0,0,1
5.08,5.15000000000001,13.8189971323373,13.8459868061024,13.9142718770883,13.5135749726996,27.7830503704102,27.5054047361675,-0.084639006412992,-0.084639006412992,0,0,0,-1
4.51000000000001,5.08,13.6597441492594,13.8189971323373,13.7288733852841,13.9142718770883,28.0768156718155,27.7830503704102,0.224833048530936,0.224833048530936,0,0,0,0
4.48999999999999,4.51000000000001,13.7959485576013,13.6597441492594,13.640604042648,13.7288733852841,28.1356157797395,28.0768156718155,-0.0873685308722294,-0.0873685308722294,0,0,0,0
4.34,4.48999999999999,13.864740020296,13.7959485576013,13.2532057539556,13.640604042648,28.4803385488556,28.1356157797395,-0.544289851517746,-0.544289851517746,0,0,1,0
4.12999999999999,4.34,13.97165316785,13.864740020296,12.9654263480523,13.2532057539556,28.7384127779496,28.4803385488556,0.234458260675932,0.234458260675932,0,0,-1,0
3.95,4.12999999999999,13.7904416793414,13.97165316785,12.7833316731536,12.9654263480523,28.2449775267781,28.7384127779496,0.604131732419482,0.604131732419482,0,0,0,0
3.72,3.95,13.8293519054359,13.7904416793414,13.1315566345805,12.7833316731536,28.478627638831,28.2449775267781,0.224298545394849,0.224298545394849,0,0,0,0
3.34999999999999,3.72,13.7749119193661,13.8293519054359,12.9190257205337,13.1315566345805,28.1664581222528,28.478627638831,-0.172903457899903,-0.172903457899903,0,0,0,0
2.73,3.34999999999999,14.0435654545162,13.7749119193661,12.7290351799506,12.9190257205337,28.5857908637754,28.1664581222528,-0.295709351634354,-0.295709351634354,0,0,0,-1
2.41,2.73,14.1407507501593,14.0435654545162,13.0756377957692,12.7290351799506,28.8603068734866,28.5857908637754,-0.119794702308202,-0.119794702308202,0,0,-1,1
2.41,2.41,13.9042173103022,14.1407507501593,12.5211831082991,13.0756377957692,29.2299579249246,28.8603068734866,0.292313451931442,0.292313451931442,0,0,1,0
2.48,2.41,14.4164646419086,13.9042173103022,13.0084560975106,12.5211831082991,29.0057521016754,29.2299579249246,-1.92325516729135,-1.92325516729135,0,0,0,0
2.62,2.48,14.3337644811417,14.4164646419086,12.6421106274278,13.0084560975106,28.8119938746225,29.0057521016754,0.637065780499267,0.637065780499267,0,0,0,0
2.8,2.62,14.4702154961718,14.3337644811417,12.6585103458973,12.6421106274278,29.1014281169587,28.8119938746225,0.0708645063531286,0.0708645063531286,0,0,0,-1
3.01000000000001,2.8,14.402698682528,14.4702154961718,11.9670477692943,12.6585103458973,29.0795103488718,29.1014281169587,-0.442791343315005,-0.442791343315005,0,0,-1,1
3.2,3.01000000000001,14.3226002713949,14.402698682528,12.1075773685276,11.9670477692943,29.6299530562341,29.0795103488718,-0.122485714305558,-0.122485714305558,0,0,1,0
3.19,3.2,14.3795218768002,14.3226002713949,11.9318312055631,12.1075773685276,30.2054401635371,29.6299530562341,-0.34995749061331,-0.34995749061331,0,0,0,0
3.20999999999999,3.19,14.0277999318162,14.3795218768002,11.3241541532508,11.9318312055631,31.1271101140586,30.2054401635371,4.79853379400944,4.79853379400944,0,0,0,0
3.45999999999999,3.20999999999999,14.0964239445344,14.0277999318162,11.6912696266201,11.3241541532508,31.3399968747997,31.1271101140586,-3.14136377945639,-3.14136377945639,0,0,0,0
3.78,3.45999999999999,14.1243305077985,14.0964239445344,11.4578056302546,11.6912696266201,30.7128113395199,31.3399968747997,-0.558636367477391,-0.558636367477391,0,0,0,0
4.29000000000001,3.78,14.0911664661261,14.1243305077985,11.4488533848467,11.4578056302546,30.7577575237107,30.7128113395199,0.0136584634519359,0.0136584634519359,0,0,0,0
4.72,4.29000000000001,14.0948628685279,14.0911664661261,11.366032530183,11.4488533848467,31.0012418299117,30.7577575237107,0.354806192694786,0.354806192694786,0,0,0,1
4.93000000000001,4.72,14.1688064048849,14.0948628685279,11.2227840340642,11.366032530183,31.5406958762021,31.0012418299117,-0.525692826875712,-0.525692826875712,0,0,0,-1
4.86,4.93000000000001,14.1048748096847,14.1688064048849,11.0883448939049,11.2227840340642,31.697016877797,31.5406958762021,0.853238759669049,0.853238759669049,0,0,0,0
5.11,4.86,13.810320461424,14.1048748096847,11.4164392040529,11.0883448939049,32.2367041473309,31.697016877797,0.223469131078785,0.223469131078785,0,0,1,1
5.45999999999999,5.11,14.1457910297588,13.810320461424,11.3350964246923,11.4164392040529,32.9083292774056,32.2367041473309,-0.955130924869447,-0.955130924869447,0,0,-1,-1
5.2,5.45999999999999,14.0765300433159,14.1457910297588,11.3481327803453,11.3350964246923,33.3763948364541,32.9083292774056,0.0285164784650451,0.0285164784650451,0,0,0,0
5.23999999999999,5.2,13.9974938780471,14.0765300433159,11.3602076216881,11.3481327803453,33.9884418859117,33.3763948364541,0.496396877265354,0.496396877265354,0,0,1,0
5.95999999999999,5.23999999999999,14.1572001737557,13.9974938780471,11.3279560498271,11.3602076216881,34.805630470636,33.9884418859117,-0.146076127954611,-0.146076127954611,0,0,-1,0
6.56,5.95999999999999,13.9062032116002,14.1572001737557,11.8233249607082,11.3279560498271,34.9991271942821,34.805630470636,0.541858599931217,0.541858599931217,0,0,0,0
6.84,6.56,13.7799444352733,13.9062032116002,12.2527332349132,11.8233249607082,35.2700767222662,34.9991271942821,-0.624837717399792,-0.624837717399792,0,0,0,0
7.06,6.84,13.6782940229611,13.7799444352733,12.5384535299769,12.2527332349132,35.354025851605,35.2700767222662,5.29167397660498,5.29167397660498,0,0,0,-1
6.72,7.06,13.1528028053171,13.6782940229611,12.4906692943582,12.5384535299769,35.2976654882973,35.354025851605,-3.44916572281051,-3.44916572281051,0,0,-1,0
7.87000000000001,6.72,13.6236241438929,13.1528028053171,13.8493599955126,12.4906692943582,35.943004063193,35.2976654882973,-2.73710325735289,-2.73710325735289,0,0,1,1
15.04,7.87000000000001,14.4223391048515,13.6236241438929,19.7576160239595,13.8493599955126,35.3233163066821,35.943004063193,-1.87338904480528,-1.87338904480528,0,0,0,0
16.46,15.04,14.1857627960638,14.4223391048515,20.2804117627518,19.7576160239595,35.060466947006,35.3233163066821,2.73143325452513,2.73143325452513,0,0,0,0
15.73,16.46,14.3298293333753,14.1857627960638,15.9122387990996,20.2804117627518,34.9052244419852,35.060466947006,-0.724260211531156,-0.724260211531156,0,0,0,0
15.17,15.73,14.9470334850414,14.3298293333753,17.3123059113468,15.9122387990996,34.843760582014,34.9052244419852,2.8657128594502,2.8657128594502,0,0,0,0
14.55,15.17,14.7851684744688,14.9470334850414,15.0335694934394,17.3123059113468,35.4375790800645,34.843760582014,-0.506434658915303,-0.506434658915303,0,0,0,0
14.06,14.55,14.8656993969219,14.7851684744688,16.1548571823776,15.0335694934394,35.6636290885504,35.4375790800645,-0.921732476157693,-0.921732476157693,0,0,0,0
13.26,14.06,14.8677729311254,14.8656993969219,15.876246605609,16.1548571823776,36.0038097685491,35.6636290885504,-0.176982568817097,-0.176982568817097,0,0,0,1
12.46,13.26,14.821941706486,14.8677729311254,14.4041477409314,15.876246605609,36.1605365474988,36.0038097685491,-0.00987692322549982,-0.00987692322549982,0,0,0,-1
11.89,12.46,15.019976276487,14.821941706486,14.8571678884818,14.4041477409314,36.327302366133,36.1605365474988,-2.08697942896877,-2.08697942896877,0,0,1,0
11.7,11.89,14.7796045940425,15.019976276487,15.8753727753828,14.8571678884818,36.2252058148345,36.327302366133,1.48234527551285,1.48234527551285,0,0,-1,0
12.06,11.7,14.9650265875863,14.7796045940425,14.5247285634221,15.8753727753828,35.6703679528663,36.2252058148345,-0.0858261368690396,-0.0858261368690396,0,0,0,0
10.72,12.06,14.8271670849391,14.9650265875863,14.1897935415247,14.5247285634221,35.848490784162,35.6703679528663,0.0855621893392779,0.0855621893392779,0,0,0,0
3.65000000000001,10.72,14.5567806407617,14.8271670849391,14.4603633173531,14.1897935415247,36.512401805859,35.848490784162,-0.0694924849490306,-0.0694924849490306,0,0,0,1
2.33,3.65000000000001,14.3749923808374,14.5567806407617,14.3551151283237,14.4603633173531,36.6415787323632,36.512401805859,-0.0150522367082608,-0.0150522367082608,0,0,0,0
2.62,2.33,13.9752852219084,14.3749923808374,14.7088627530603,14.3551151283237,36.9359703712922,36.6415787323632,0.757592946502786,0.757592946502786,0,0,1,-1
3.09999999999999,2.62,13.9000595198319,13.9752852219084,14.3809877113187,14.7088627530603,37.2325471486867,36.9359703712922,2.4972290169703,2.4972290169703,0,0,-1,1
4.16,3.09999999999999,13.695888090994,13.9000595198319,14.3329794223654,14.3809877113187,37.6317190722891,37.2325471486867,-1.84168907065787,-1.84168907065787,0,0,1,-1
4.83,4.16,13.6419951323932,13.695888090994,14.3889719874016,14.3329794223654,38.5506267589115,37.6317190722891,0.850895361256956,0.850895361256956,0,0,0,0
5.79000000000001,4.83,13.4928622425229,13.6419951323932,16.4240439961087,14.3889719874016,39.3402405323625,38.5506267589115,-3.24247020059627,-3.24247020059627,0,0,-1,1
6.48,5.79000000000001,13.2918189415024,13.4928622425229,17.6771044992924,16.4240439961087,39.6738404611434,39.3402405323625,2.21008655524883,2.21008655524883,0,0,0,-1
7.70999999999999,6.48,13.3500632327942,13.2918189415024,15.15556364054,17.6771044992924,39.7957762455776,39.6738404611434,-2.2378425154308,-2.2378425154308,0,0,1,0
7.61,7.70999999999999,13.3552642788586,13.3500632327942,18.5756832135934,15.15556364054,38.890508978093,39.7957762455776,1.51933748883128,1.51933748883128,0,0,-1,0
7.45999999999999,7.61,13.4637718339634,13.3552642788586,21.3105107449217,18.5756832135934,38.8352840648122,38.890508978093,-0.0387339306838328,-0.0387339306838328,0,0,0,0
7.70999999999999,7.45999999999999,13.3266113026286,13.4637718339634,22.8258280551808,21.3105107449217,38.530652100647,38.8352840648122,-1.74209617894006,-1.74209617894006,0,0,0,1
7.87999999999999,7.70999999999999,13.1656257342109,13.3266113026286,22.0995353416684,22.8258280551808,38.3033413051856,38.530652100647,1.37820301786078,1.37820301786078,0,0,0,0
8.23,7.87999999999999,13.0499934893738,13.1656257342109,21.3176394242308,22.0995353416684,38.4013319597745,38.3033413051856,-0.147723243239266,-0.147723243239266,0,0,0,0
9.16,8.23,12.6672477787592,13.0499934893738,22.8499910331909,21.3176394242308,38.3383006329867,38.4013319597745,1.99752624521402,1.99752624521402,0,0,1,-1
9.45,9.16,12.7296067411924,12.6672477787592,22.0092029381154,22.8499910331909,38.808048897481,38.3383006329867,-3.32207411321289,-3.32207411321289,0,0,-1,1
9.98999999999999,9.45,12.0124069374253,12.7296067411924,21.5768490599209,22.0092029381154,38.4329717131492,38.808048897481,2.57929124483088,2.57929124483088,0,0,1,-1
10.08,9.98999999999999,12.0410424698272,12.0124069374253,22.3690253942199,21.5768490599209,38.3464356245944,38.4329717131492,1.37150917776396,1.37150917776396,0,0,0,0
9.67,10.08,12.0659884191947,12.0410424698272,23.7686486110643,22.3690253942199,37.9552589210903,38.3464356245944,-1.69837436785221,-1.69837436785221,0,0,0,-1
9.54000000000001,9.67,11.981375373392,12.0659884191947,26.7733965536609,23.7686486110643,37.1337198791471,37.9552589210903,-0.0926841374253904,-0.0926841374253904,0,0,-2,1
9.36,9.54000000000001,12.0501126179723,11.981375373392,28.9206793138749,26.7733965536609,36.0981452122838,37.1337198791471,0.0683155196827663,0.0683155196827663,0,0,1,-1
10.09,9.36,12.3968018328829,12.0501126179723,26.9203535911879,28.9206793138749,34.3239669864473,36.0981452122838,0.0971594068581645,0.0971594068581645,0,0,-1,1
9.87,10.09,12.4761146807952,12.3968018328829,30.0379431676548,26.9203535911879,34.1301107441238,34.3239669864473,0.167552665291165,0.167552665291165,0,0,2,0
9.3,9.87,12.7428381677283,12.4761146807952,33.2093612632082,30.0379431676548,33.9038359962675,34.1301107441238,-0.199229542945385,-0.199229542945385,0,0,-1,1
9.06999999999999,9.3,13.011355867096,12.7428381677283,31.0889748354574,33.2093612632082,33.8072430776862,33.9038359962675,0.230801283085562,0.230801283085562,0,0,0,-1
8.88,9.06999999999999,12.8354326911796,13.011355867096,30.6018677549414,31.0889748354574,32.6355504899783,33.8072430776862,-0.910546663580597,-0.910546663580597,0,0,0,0
8.23999999999999,8.88,12.9892495078252,12.8354326911796,29.3290384252728,30.6018677549414,32.4585033126958,32.6355504899783,-1.10175622401147,-1.10175622401147,0,0,1,0
7.51000000000001,8.23999999999999,13.6622254811486,12.9892495078252,27.5658444448221,29.3290384252728,32.2022830034498,32.4585033126958,1.65838241362351,1.65838241362351,0,0,-1,0
7.02,7.51000000000001,12.5158579580326,13.6622254811486,26.0099220751606,27.5658444448221,31.9317132626062,32.2022830034498,-0.694869746936615,-0.694869746936615,0,0,-1,0
6.33,7.02,12.5522582885885,12.5158579580326,24.76118553553,26.0099220751606,31.8672466887723,31.9317132626062,0.241865546751328,0.241865546751328,0,0,2,1
5.98,6.33,12.5377422124703,12.5522582885885,23.8133981166074,24.76118553553,31.8422436618836,31.8672466887723,0.47542100114168,0.47542100114168,0,0,-1,-1
4.81,0,13.8700123013472,0,14.1085654816997,0,40.7798161622928,0,-0.233318385153751,-0.233318385153751,0,0,1,0
4.73,4.81,13.8413002145559,13.8700123013472,13.7059140413047,14.1085654816997,41.3967089931453,40.7798161622928,0.0463141473731241,0.0463141473731241,0,0,-1,0
4.56,4.73,13.73772887741,13.8413002145559,13.7794041694411,13.7059140413047,42.1754291771363,41.3967089931453,-0.35785203631988,-0.35785203631988,0,0,0,1
4.65000000000001,4.56,13.6652713927301,13.73772887741,14.1644272383137,13.7794041694411,42.7594809258613,42.1754291771363,-0.084639006412992,-0.084639006412992,0,0,0,-1
4.34,4.65000000000001,13.5163850429928,13.6652713927301,13.9746324917153,14.1644272383137,43.3364958258435,42.7594809258613,0.224833048530936,0.224833048530936,0,0,0,0
4.31,4.34,13.672156613895,13.5163850429928,13.8319950488318,13.9746324917153,43.67609734674,43.3364958258435,-0.0873685308722294,-0.0873685308722294,0,0,0,0
3.90000000000001,4.31,13.7025327894056,13.672156613895,13.6742976138545,13.8319950488318,44.44009275318,43.67609734674,-0.544289851517746,-0.544289851517746,0,0,1,0
3.72,3.90000000000001,13.9100523733806,13.7025327894056,13.3871548183364,13.6742976138545,44.9975277064061,44.44009275318,0.234458260675932,0.234458260675932,0,0,-1,0
3.55,3.72,13.7573038966307,13.9100523733806,13.5219237988731,13.3871548183364,44.9935935637226,44.9975277064061,0.604131732419482,0.604131732419482,0,0,0,0
3.29000000000001,3.55,13.7891416824439,13.7573038966307,13.4556125610712,13.5219237988731,45.5257267381326,44.9935935637226,0.224298545394849,0.224298545394849,0,0,0,0
2.95,3.29000000000001,13.7670812755251,13.7891416824439,13.3751947428834,13.4556125610712,45.9518622093324,45.5257267381326,-0.172903457899903,-0.172903457899903,0,0,0,0
2.56999999999999,2.95,13.8664177099968,13.7670812755251,13.1221233116252,13.3751947428834,45.6815976143726,45.9518622093324,-0.295709351634354,-0.295709351634354,0,0,0,-1
2.28,2.56999999999999,14.0049682182138,13.8664177099968,13.4255511435023,13.1221233116252,46.0229242745854,45.6815976143726,-0.119794702308202,-0.119794702308202,0,0,-1,1
2.75,2.28,13.6759621834251,14.0049682182138,12.7469442874304,13.4255511435023,46.4188596577012,46.0229242745854,0.292313451931442,0.292313451931442,0,0,1,0
3.14,2.75,14.2809084896006,13.6759621834251,13.2295681288401,12.7469442874304,46.1225355645552,46.4188596577012,-1.92325516729135,-1.92325516729135,0,0,0,0
2.77,3.14,14.2825868556002,14.2809084896006,13.2015697243131,13.2295681288401,46.009465942634,46.1225355645552,0.637065780499267,0.637065780499267,0,0,0,0
2.68000000000001,2.77,14.4634592273106,14.2825868556002,12.8697963362658,13.2015697243131,46.2021537867491,46.009465942634,0.0708645063531286,0.0708645063531286,0,0,0,-1
2.95,2.68000000000001,14.3625119325179,14.4634592273106,12.4908781893121,12.8697963362658,46.3910985856449,46.2021537867491,-0.442791343315005,-0.442791343315005,0,0,-1,1
3.43000000000001,2.95,14.3420380710658,14.3625119325179,12.5925690536367,12.4908781893121,47.0571475031386,46.3910985856449,-0.122485714305558,-0.122485714305558,0,0,1,0
3.40000000000001,3.43000000000001,14.3289578384409,14.3420380710658,12.4338498433637,12.5925690536367,47.5484155410677,47.0571475031386,-0.34995749061331,-0.34995749061331,0,0,0,0
3.7,3.40000000000001,13.9240489167968,14.3289578384409,11.7494782553865,12.4338498433637,47.9408589455343,47.5484155410677,4.79853379400944,4.79853379400944,0,0,0,0
4.08,3.7,14.0354782033486,13.9240489167968,11.9015244800705,11.7494782553865,48.0825438171191,47.9408589455343,-3.14136377945639,-3.14136377945639,0,0,0,0
4.72,4.08,14.0491087597677,14.0354782033486,11.8565964214594,11.9015244800705,47.9307868567855,48.0825438171191,-0.558636367477391,-0.558636367477391,0,0,0,0
4.73,4.72,14.0315928206225,14.0491087597677,11.827275730552,11.8565964214594,47.9362970676435,47.9307868567855,0.0136584634519359,0.0136584634519359,0,0,0,0
5.48,4.73,14.0182214739078,14.0315928206225,11.7247524455724,11.827275730552,48.3840528527568,47.9362970676435,0.354806192694786,0.354806192694786,0,0,0,1
5.41,5.48,14.1096864054528,14.0182214739078,11.5057572710293,11.7247524455724,49.2037152299916,48.3840528527568,-0.525692826875712,-0.525692826875712,0,0,0,-1
5.09,5.41,14.029378921252,14.1096864054528,11.497464958617,11.5057572710293,49.4218313938318,49.2037152299916,0.853238759669049,0.853238759669049,0,0,0,0
6.04000000000001,5.09,13.7159793374484,14.029378921252,11.551698736051,11.497464958617,50.0801160811092,49.4218313938318,0.223469131078785,0.223469131078785,0,0,1,1
6.97,6.04000000000001,14.0517065790216,13.7159793374484,11.78074661982,11.551698736051,50.7945654360735,50.0801160811092,-0.955130924869447,-0.955130924869447,0,0,-1,-1
6.48999999999999,6.97,13.9651462276061,14.0517065790216,11.7829703023574,11.78074661982,51.5346852062966,50.7945654360735,0.0285164784650451,0.0285164784650451,0,0,0,0
6.67,6.48999999999999,13.8969758066618,13.9651462276061,11.6756314784258,11.7829703023574,52.1839606985881,51.5346852062966,0.496396877265354,0.496396877265354,0,0,1,0
7.22,6.67,13.9081995808296,13.8969758066618,11.748484606549,11.6756314784258,52.879806408561,52.1839606985881,-0.146076127954611,-0.146076127954611,0,0,-1,0
8.03,7.22,13.8667575046226,13.9081995808296,12.2206129638033,11.748484606549,53.880882214323,52.879806408561,0.541858599931217,0.541858599931217,0,0,0,0
8.3,8.03,13.7379518556312,13.8667575046226,12.5415653957757,12.2206129638033,54.2193186194112,53.880882214323,-0.624837717399792,-0.624837717399792,0,0,0,0
8.65000000000001,8.3,13.7078568920441,13.7379518556312,12.9281356667779,12.5415653957757,54.4699957744079,54.2193186194112,5.29167397660498,5.29167397660498,0,0,0,-1
8.94,8.65000000000001,13.1766810470436,13.7078568920441,13.3395015581138,12.9281356667779,53.8003217550422,54.4699957744079,-3.44916572281051,-3.44916572281051,0,0,-1,0
9.62,8.94,13.5619193411859,13.1766810470436,13.5773992684993,13.3395015581138,54.4904377943811,53.8003217550422,-2.73710325735289,-2.73710325735289,0,0,1,1
17.15,9.62,14.5340158055608,13.5619193411859,20.6590762551736,13.5773992684993,53.7518643556631,54.4904377943811,-1.87338904480528,-1.87338904480528,0,0,0,0
17.42,17.15,14.552461395401,14.5340158055608,21.023551235431,20.6590762551736,53.9804891858356,53.7518643556631,2.73143325452513,2.73143325452513,0,0,0,0
16.56,17.42,14.8785954794933,14.552461395401,19.0428506263909,21.023551235431,53.5517979872364,53.9804891858356,-0.724260211531156,-0.724260211531156,0,0,0,0
14.87,16.56,15.548832159812,14.8785954794933,17.6770417813353,19.0428506263909,53.3524615119682,53.5517979872364,2.8657128594502,2.8657128594502,0,0,0,0
13.81,14.87,15.3787498454614,15.548832159812,17.9433459734492,17.6770417813353,53.160088205366,53.3524615119682,-0.506434658915303,-0.506434658915303,0,0,0,0
13.31,13.81,15.5029504614852,15.3787498454614,17.6512448662108,17.9433459734492,53.2945620463498,53.160088205366,-0.921732476157693,-0.921732476157693,0,0,0,0
13.63,13.31,15.4656932065184,15.5029504614852,17.8096492687928,17.6512448662108,53.7861470865636,53.2945620463498,-0.176982568817097,-0.176982568817097,0,0,0,1
12.56,13.63,15.505083161578,15.4656932065184,14.350019019288,17.8096492687928,53.4371711781619,53.7861470865636,-0.00987692322549982,-0.00987692322549982,0,0,0,-1
12.34,12.56,15.757932180546,15.505083161578,15.2894037847881,14.350019019288,53.4301971703535,53.4371711781619,-2.08697942896877,-2.08697942896877,0,0,1,0
11.51,12.34,15.4490493764528,15.757932180546,17.1499069856273,15.2894037847881,53.1928230738055,53.4301971703535,1.48234527551285,1.48234527551285,0,0,-1,0
11.51,11.51,15.6460866446862,15.4490493764528,15.0246735563896,17.1499069856273,52.9017584148331,53.1928230738055,-0.0858261368690396,-0.0858261368690396,0,0,0,0
10.18,11.51,15.5620620623984,15.6460866446862,14.4947998053333,15.0246735563896,52.7846293205357,52.9017584148331,0.0855621893392779,0.0855621893392779,0,0,0,0
2.95999999999999,10.18,15.3390329483463,15.5620620623984,14.8997358699834,14.4947998053333,53.4584882796326,52.7846293205357,-0.0694924849490306,-0.0694924849490306,0,0,0,1
2.51000000000001,2.95999999999999,15.1719163168079,15.3390329483463,14.5528202261624,14.8997358699834,53.7336093242264,53.4584882796326,-0.0150522367082608,-0.0150522367082608,0,0,0,0
2.54000000000001,2.51000000000001,14.7173719631576,15.1719163168079,14.8166179522604,14.5528202261624,53.9656130791976,53.7336093242264,0.757592946502786,0.757592946502786,0,0,1,-1
3.56999999999999,2.54000000000001,14.7241648089741,14.7173719631576,14.6959014526322,14.8166179522604,54.1718450206678,53.9656130791976,2.4972290169703,2.4972290169703,0,0,-1,1
4.95999999999999,3.56999999999999,14.4931456327021,14.7241648089741,14.5021493659267,14.6959014526322,54.3385103269839,54.1718450206678,-1.84168907065787,-1.84168907065787,0,0,1,-1
5.61,4.95999999999999,14.3896126025324,14.4931456327021,15.0365347767834,14.5021493659267,55.270072739294,54.3385103269839,0.850895361256956,0.850895361256956,0,0,0,0
5.47,5.61,14.2320811913404,14.3896126025324,17.2398520154358,15.0365347767834,56.1652471296996,55.270072739294,-3.24247020059627,-3.24247020059627,0,0,-1,1
6.08,5.47,13.9303235342839,14.2320811913404,17.8197640145297,17.2398520154358,56.5015569941282,56.1652471296996,2.21008655524883,2.21008655524883,0,0,0,-1
6.31999999999999,6.08,14.0262420595302,13.9303235342839,16.7276257398071,17.8197640145297,56.6652367383399,56.5015569941282,-2.2378425154308,-2.2378425154308,0,0,1,0
6.76000000000001,6.31999999999999,13.9233958800167,14.0262420595302,19.2303353523845,16.7276257398071,56.1265409650516,56.6652367383399,1.51933748883128,1.51933748883128,0,0,-1,0
6.53,6.76000000000001,13.9800693542147,13.9233958800167,21.317413315441,19.2303353523845,55.8927210900134,56.1265409650516,-0.0387339306838328,-0.0387339306838328,0,0,0,0
7.14,6.53,13.8834013489418,13.9800693542147,22.2213175464796,21.317413315441,55.5596553718833,55.8927210900134,-1.74209617894006,-1.74209617894006,0,0,0,1
7.06,7.14,13.8181897599542,13.8834013489418,21.3782975594065,22.2213175464796,55.9135595706663,55.5596553718833,1.37820301786078,1.37820301786078,0,0,0,0
7.48,7.06,13.7280299431896,13.8181897599542,20.8607470973453,21.3782975594065,55.8160447370205,55.9135595706663,-0.147723243239266,-0.147723243239266,0,0,0,0
7.70999999999999,7.48,13.2232819781906,13.7280299431896,20.9799977199275,20.8607470973453,55.8275725894378,55.8160447370205,1.99752624521402,1.99752624521402,0,0,1,-1
7.79000000000001,7.70999999999999,13.4101775131086,13.2232819781906,21.5613910242177,20.9799977199275,56.3435752329729,55.8275725894378,-3.32207411321289,-3.32207411321289,0,0,-1,1
7.73999999999999,7.79000000000001,12.6824902370017,13.4101775131086,21.6933379825088,21.5613910242177,55.5709392321257,56.3435752329729,2.57929124483088,2.57929124483088,0,0,1,-1
7.73,7.73999999999999,12.7093394820785,12.6824902370017,22.45074114337,21.6933379825088,55.4217515865895,55.5709392321257,1.37150917776396,1.37150917776396,0,0,0,0
8.11,7.73,12.7605520412241,12.7093394820785,23.2122209802516,22.45074114337,54.860883461121,55.4217515865895,-1.69837436785221,-1.69837436785221,0,0,0,-1
7.69,8.11,12.5745257755876,12.7605520412241,25.7909601444251,23.2122209802516,53.5624822842158,54.860883461121,-0.0926841374253904,-0.0926841374253904,0,0,-2,1
8.69,7.69,12.6749748048184,12.5745257755876,27.7993575576702,25.7909601444251,52.473137261011,53.5624822842158,0.0683155196827663,0.0683155196827663,0,0,1,-1
9.45999999999999,8.69,13.1159461933813,12.6749748048184,27.4169248771575,27.7993575576702,50.7851689662537,52.473137261011,0.0971594068581645,0.0971594068581645,0,0,-1,1
10.16,9.45999999999999,13.1945177091966,13.1159461933813,28.0518939891071,27.4169248771575,49.1752042551001,50.7851689662537,0.167552665291165,0.167552665291165,0,0,2,0
9.70999999999999,10.16,13.5060416734856,13.1945177091966,29.2428809111205,28.0518939891071,48.6799960437353,49.1752042551001,-0.199229542945385,-0.199229542945385,0,0,-1,1
10.22,9.70999999999999,13.7940026639637,13.5060416734856,30.0803051107315,29.2428809111205,48.1975756595138,48.6799960437353,0.230801283085562,0.230801283085562,0,0,0,-1
9.95,10.22,13.5700486334428,13.7940026639637,28.3180877561066,30.0803051107315,47.7952936526859,48.1975756595138,-0.910546663580597,-0.910546663580597,0,0,0,0
9.78,9.95,13.7058665382179,13.5700486334428,28.4961696548612,28.3180877561066,47.4594233712973,47.7952936526859,-1.10175622401147,-1.10175622401147,0,0,1,0
9.43000000000001,9.78,14.3303309678462,13.7058665382179,26.4598535659476,28.4961696548612,47.0908872331458,47.4594233712973,1.65838241362351,1.65838241362351,0,0,-1,0
9.09999999999999,9.43000000000001,13.2250090207048,14.3303309678462,24.7302842534508,26.4598535659476,46.6598792051548,47.0908872331458,-0.694869746936615,-0.694869746936615,0,0,-1,0
8.84999999999999,9.09999999999999,13.3539473422447,13.2250090207048,23.9332435392921,24.7302842534508,46.7013943288169,46.6598792051548,0.241865546751328,0.241865546751328,0,0,2,1
8.37,8.84999999999999,13.2652222445001,13.3539473422447,22.8637502888068,23.9332435392921,46.7139073524296,46.7013943288169,0.47542100114168,0.47542100114168,0,0,-1,-1
