Region,Date,Int_Rate_ConsCred,Mon_Shock,Mon_Shock_Cluster_new_cd_1,Mon_Shock_Cluster_new_cd_3,Mon_Shock_Cluster_new_cd_4,Conscred_MaP_Fact,Conscred_MaP_Announcement,Zakred,CPI_reg,Cap_to_assets
Алтайский край,2019-03-01,15.34056500057532,0.7128714995200838,0.0,0.0,0.0,0,0,44.6229191199868,5.159999999999997,13.61340774629569
Алтайский край,2019-04-01,15.28665305834573,0.6911493920479934,0.0,0.0,0.0,0,0,46.4629091212129,5.430000000000007,13.64030897581694
Алтайский край,2019-05-01,15.28715241237045,0.45783100689424217,0.0,0.0,0.0,1,0,47.99585151686173,5.430000000000007,13.51501457368209
Алтайский край,2019-06-01,15.50876480735886,0.5041451542673663,0.0,0.0,0.0,0,0,50.21612277656089,4.939999999999998,13.45817071097163
Алтайский край,2019-07-01,15.35542599631727,0.14629311794748645,0.0,0.0,0.0,0,1,52.71570399885871,4.349999999999994,13.22649098434365
Алтайский край,2019-08-01,15.40225161594731,0.061654111534494405,0.0,0.0,0.0,0,0,53.84927277376141,4.450000000000003,13.46245252236163
Алтайский край,2019-09-01,15.09477731483127,0.2864871600654304,0.0,0.0,0.0,0,0,56.61042930921339,4.280000000000001,13.49334939731888
Алтайский край,2019-10-01,14.89058254625282,0.199118629193201,0.0,0.0,0.0,0,0,59.37071090878191,3.980000000000004,13.63378298012383
Алтайский край,2019-11-01,15.218202087469,-0.3451712223245451,-0.0,-0.0,-0.0,1,0,59.93118914679405,3.780000000000001,13.5407723366006
Алтайский край,2019-12-01,14.9634441169183,-0.11071296164861266,-0.0,-0.0,-0.0,0,0,62.3332396161364,3.650000000000006,13.5507544136595
Алтайский край,2020-01-01,14.75467949365927,0.4934187707708695,0.0,0.0,0.0,0,0,65.18903119947002,3.280000000000001,13.48692074888879
Алтайский край,2020-02-01,14.72095100743192,0.717717316165718,0.0,0.0,0.0,0,0,69.02663398880628,2.609999999999999,13.51332382514504
Алтайский край,2020-03-01,14.6627501096617,0.5448138582658153,0.0,0.0,0.0,0,0,69.20984934462497,2.609999999999999,13.64727390541324
Алтайский край,2020-04-01,14.02458884227236,0.24910450663146122,0.0,0.0,0.0,0,-1,69.90809143124126,2.739999999999995,13.37203846107985
Алтайский край,2020-05-01,14.07736483358839,0.12930980432325967,0.0,0.0,0.0,-1,0,69.24909417110463,2.939999999999998,14.13306266530125
Алтайский край,2020-06-01,14.30120927889834,0.4216232562547013,0.0,0.0,0.0,0,0,69.32639703886603,3.019999999999996,14.09810140084406
Алтайский край,2020-07-01,14.22077161902225,-1.5016319110366503,-0.0,-0.0,-0.0,0,0,69.82406043157589,3.299999999999997,14.23762066558471
Алтайский край,2020-08-01,13.83160441737094,-0.8645661305373835,-0.0,-0.0,-0.0,0,0,72.29341304206113,3.420000000000002,14.20171417193798
Алтайский край,2020-09-01,13.72143543830815,-0.7937016241842549,-0.0,-0.0,-0.0,0,-1,73.642678699852,3.730000000000004,14.10168453469006
Алтайский край,2020-10-01,13.52224520862715,-1.2364929674992595,-0.0,-0.0,-0.0,-1,0,74.7144070020818,3.599999999999994,14.30946457418454
Алтайский край,2020-11-01,13.41287809941451,-1.3589786818048175,-0.0,-0.0,-0.0,0,0,76.14910059379817,3.879999999999995,13.71956041488541
Алтайский край,2020-12-01,13.32886782155325,-1.7089361724181273,-0.0,-0.0,-0.0,0,0,75.78838113687397,5.170000000000002,13.89008004307619
Алтайский край,2021-01-01,13.13607200830862,3.0895976215913166,0.0,0.0,0.0,0,0,76.23061186035648,5.349999999999994,13.92647672193094
Алтайский край,2021-02-01,13.11321727101426,-0.05176615786507455,-0.0,-0.0,-0.0,0,0,76.42714678247651,5.450000000000003,13.93882182430666
Алтайский край,2021-03-01,13.00330443603191,-0.6104025253424652,-0.0,-0.0,-0.0,0,0,77.10870123123124,5.870000000000005,13.93021682084727
Алтайский край,2021-04-01,12.91374841826509,-0.5967440618905293,-0.0,-0.0,-0.0,0,0,78.38834471935704,6.319999999999993,13.98399932369562
Алтайский край,2021-05-01,12.74662645950804,-0.241937869195743,-0.0,-0.0,-0.0,0,1,78.1639898947186,6.689999999999998,14.04867500797874
Алтайский край,2021-06-01,12.99353323015209,-0.7676306960714552,-0.0,-0.0,-0.0,0,0,79.36524620522977,7.430000000000007,13.49357450549837
Алтайский край,2021-07-01,13.02930903141469,0.08560806359759354,0.0,0.0,0.0,0,0,80.64375916003046,7.680000000000007,13.91041630469906
Алтайский край,2021-08-01,13.09721843157477,0.3090771946763784,0.0,0.0,0.0,1,1,79.80381824352634,7.739999999999995,13.74583912971957
Алтайский край,2021-09-01,13.0939722149358,-0.6460537301930689,-0.0,-0.0,-0.0,0,0,80.96636518852871,8.549999999999997,13.64789710907235
Алтайский край,2021-10-01,12.92406715954191,-0.6175372517280238,-0.0,-0.0,-0.0,0,0,81.61278629801471,8.730000000000004,13.71949489145059
Алтайский край,2021-11-01,13.65835855949741,-0.12114037446266934,-0.0,-0.0,-0.0,1,0,82.0919978875711,10.12,13.64084643631337
Алтайский край,2021-12-01,13.70559013013604,-0.26721650241728057,-0.0,-0.0,-0.0,0,0,81.29590457429076,9.579999999999998,13.49184350010992
Алтайский край,2022-01-01,13.80789205090378,0.27464209751393653,0.0,0.0,0.0,0,0,81.52463758057716,10.2,13.47376404499373
Алтайский край,2022-02-01,14.30483178822691,-0.3501956198858558,-0.0,-0.0,-0.0,0,0,79.08959380823589,10.75,12.92374640848293
Алтайский край,2022-03-01,14.2180539245231,4.941478356719127,0.0,0.0,0.0,0,-1,79.68218029915698,10.97,13.28659930217487
Алтайский край,2022-04-01,18.72312937206718,1.4923126339086181,0.0,0.0,0.0,-1,-1,78.85062975408546,18.28,14.14677813925818
Алтайский край,2022-05-01,19.9455677374258,-1.244790623444267,-0.0,-0.0,-0.0,0,0,76.54775291409004,19.90000000000001,13.9025668355024
Алтайский край,2022-06-01,19.95906980655136,-3.118179668249544,-0.0,-0.0,-0.0,0,0,75.49483128705897,18.89,13.96452673626102
Алтайский край,2022-07-01,18.50905790940882,-0.386746413724417,-0.0,-0.0,-0.0,0,0,74.72856046512337,17.87,14.63081112358317
Алтайский край,2022-08-01,16.66168347384029,-1.1110066252555733,-0.0,-0.0,-0.0,0,0,76.75982905587037,16.66,14.40052126187115
Алтайский край,2022-09-01,16.42435222475652,1.7547062341946287,0.0,0.0,0.0,0,0,76.3193383589244,15.09,14.45456376669839
Алтайский край,2022-10-01,16.93241227645739,1.2482715752793254,0.0,0.0,0.0,0,0,76.23716032219735,15.09999999999999,14.44523503556103
Алтайский край,2022-11-01,16.20684752677561,0.32653909912163215,0.0,0.0,0.0,0,0,76.61377887826008,13.39,14.32279502420031
Алтайский край,2022-12-01,16.32795978964691,0.14955653030453497,0.0,0.0,0.0,0,1,76.235365608032,12.70999999999999,14.55869549540716
Алтайский край,2023-01-01,16.84826699412681,0.13967960707903515,0.0,0.0,0.0,0,0,75.64655061047101,12.05,14.32305435881372
Алтайский край,2023-02-01,16.88857452418585,-1.9472998218897306,-0.0,-0.0,-0.0,1,0,73.39510984648423,12.01000000000001,14.48082910469086
Алтайский край,2023-03-01,16.58380184046657,-0.4649545463768856,-0.0,-0.0,-0.0,0,0,72.86257084356309,11.06,14.32696423105078
Алтайский край,2023-04-01,16.46969276289946,-0.5507806832459252,-0.0,-0.0,-0.0,0,0,73.05063840028743,3.5,14.10491942191848
Алтайский край,2023-05-01,16.27269288083715,-0.46521849390664727,-0.0,-0.0,-0.0,0,0,69.49760118609717,1.739999999999995,13.98791451431295
Алтайский край,2023-06-01,16.51655925770239,-0.5347109788556779,-0.0,-0.0,-0.0,0,1,69.78866165213321,1.849999999999994,13.3849812082492
Алтайский край,2023-07-01,16.30295832233447,-0.5497632155639387,-0.0,-0.0,-0.0,0,1,70.27279009266161,3.099999999999994,13.41150682719055
Алтайский край,2023-08-01,16.03196584503096,0.2078297309388475,0.0,0.0,0.0,1,0,70.72418067004877,4.370000000000005,13.14342864000364
Алтайский край,2023-09-01,16.75428588671481,2.7050587479091437,0.0,0.0,0.0,0,1,72.33573282242952,5.890000000000001,13.02724194802521
Алтайский край,2023-10-01,18.3570266874666,0.8633696772512707,0.0,0.0,0.0,1,0,72.75588011760132,6.870000000000005,12.89846628645842
Алтайский край,2023-11-01,19.78806720738865,1.714265038508227,0.0,0.0,0.0,1,0,76.00865838926117,7.980000000000004,12.71372099780427
Алтайский край,2023-12-01,20.40848384698915,-1.5282051620880424,-0.0,-0.0,-0.0,0,1,75.79699259655257,8.439999999999998,12.82017420383533
Алтайский край,2024-01-01,21.2830017940538,0.6818813931607863,0.0,0.0,0.0,0,0,74.62956265995174,8.769999999999996,12.86231486359422
Алтайский край,2024-02-01,23.16387307816649,-1.5559611222700127,-0.0,-0.0,-0.0,1,0,75.66851002569665,8.590000000000003,12.99043823286895
Алтайский край,2024-03-01,24.9175863097565,-0.03662363343873665,-0.0,-0.0,-0.0,0,0,75.12679035333427,8.900000000000006,12.86868977130081
Алтайский край,2024-04-01,23.91987719118712,-0.07535756412256944,-0.0,-0.0,-0.0,0,0,75.40029287339081,8.900000000000006,12.76732128910376
Алтайский край,2024-05-01,23.24580778188112,-1.8174537430626252,-0.0,-0.0,-0.0,0,1,74.00472430493821,8.86,12.74155713792936
Алтайский край,2024-06-01,23.35370998527331,-0.4392507252018447,-0.0,-0.0,-0.0,0,1,73.73852564642651,9.129999999999995,12.30541358760953
Алтайский край,2024-07-01,24.50830273981726,-0.5869739684411108,-0.0,-0.0,-0.0,0,1,74.07010719956291,9.040000000000006,12.41970247287765
Алтайский край,2024-08-01,25.00106886880574,1.4105522767729113,0.0,0.0,0.0,1,0,71.4102850074532,9.879999999999995,11.46211009411308
Алтайский край,2024-09-01,27.35388003508425,-1.9115218364399809,-0.0,-0.0,-0.0,0,1,70.98052614798867,8.989999999999995,11.43007583080733
Алтайский край,2024-10-01,26.90709611179813,0.667769408390896,0.0,0.0,0.0,1,0,70.0527744340289,8.650000000000006,11.41657498386426
Алтайский край,2024-11-01,27.98633784318208,2.039278586154861,0.0,0.0,0.0,1,0,69.81012414615209,8.459999999999994,11.27750443081404
Алтайский край,2024-12-01,29.30847502454601,0.34090421830265427,0.0,0.0,0.0,1,-1,66.22094682887443,9.060000000000002,11.44486021771026
Алтайский край,2025-01-01,29.98469627760201,0.24822008087726388,0.0,0.0,0.0,-1,0,63.76089116468,9.810000000000002,12.09498755321305
Алтайский край,2025-02-01,31.57796701059399,0.31653560056003016,0.0,0.0,0.0,0,-1,61.67894661644989,10.13,12.10890273371095
Алтайский край,2025-03-01,33.38539564755157,0.41369500741819465,0.0,0.0,0.0,-1,0,60.51986604414272,10.73999999999999,12.3951146730693
Алтайский край,2025-04-01,33.0208291270373,0.5812476727093596,0.0,0.0,0.0,1,0,59.56320427980827,11.58,12.66741539633514
Алтайский край,2025-05-01,30.61829657260418,0.3820181297639742,0.0,0.0,0.0,0,1,57.75028151407716,11.66,12.61301693557736
Алтайский край,2025-06-01,30.09398736519792,0.6128194128495359,0.0,0.0,0.0,0,0,57.12033927888223,11.01000000000001,12.73895362517035
Алтайский край,2025-07-01,30.12734510109848,-0.2977272507310609,-0.0,-0.0,-0.0,0,0,56.05718423646713,10.28,13.19993681463669
Алтайский край,2025-08-01,28.92786003466005,-1.399483474742535,-0.0,-0.0,-0.0,1,0,55.09851355313013,9.39,12.41730942335271
Алтайский край,2025-09-01,27.52117504351349,0.2588989388809786,0.0,0.0,0.0,0,0,54.93482535307322,8.849999999999994,12.45330279332456
Алтайский край,2025-10-01,26.57925342989402,-0.43597080805563593,-0.0,-0.0,-0.0,-1,0,54.3870695623565,8.510000000000005,12.41223087714654
Алтайский край,2025-11-01,27.41280730471988,-0.19410526130430839,-0.0,-0.0,-0.0,1,1,53.9636763395595,8.549999999999997,12.33917781163764
Алтайский край,2025-12-01,27.61559931120909,0.2813157398373711,0.0,0.0,0.0,0,0,53.43881749218499,7.579999999999998,12.60704394518013
Амурская область,2019-03-01,15.18429243887794,0.7128714995200838,0.0,0.7128714995200838,0.0,0,0,48.3911406087596,5.340000000000003,13.54439047631186
Амурская область,2019-04-01,14.97596617006778,0.6911493920479934,0.0,0.6911493920479934,0.0,0,0,48.70020737020438,5.340000000000003,13.50793376341778
Амурская область,2019-05-01,15.09615633851516,0.45783100689424217,0.0,0.45783100689424217,0.0,1,0,48.79221796310819,5.620000000000005,13.46215791992908
Амурская область,2019-06-01,15.29436653917507,0.5041451542673663,0.0,0.5041451542673663,0.0,0,0,48.95908553209763,5.620000000000005,13.41846185288292
Амурская область,2019-07-01,15.16982247916088,0.14629311794748645,0.0,0.14629311794748645,0.0,0,1,49.00506844661002,5.650000000000006,13.18174455450565
Амурская область,2019-08-01,15.0835792837587,0.061654111534494405,0.0,0.061654111534494405,0.0,0,0,49.28737246553046,5.310000000000002,13.42100407859105
Амурская область,2019-09-01,14.65948740566068,0.2864871600654304,0.0,0.2864871600654304,0.0,0,0,49.86629801606659,5.439999999999998,13.54043415795229
Амурская область,2019-10-01,14.54973432512552,0.199118629193201,0.0,0.199118629193201,0.0,0,0,50.38167153586611,5.170000000000002,13.71949270430073
Амурская область,2019-11-01,14.80146930500017,-0.3451712223245451,-0.0,-0.3451712223245451,-0.0,1,0,50.52853466323144,5.040000000000006,13.61249144682785
Амурская область,2019-12-01,14.52913229423932,-0.11071296164861266,-0.0,-0.11071296164861266,-0.0,0,0,50.64067289505714,4.799999999999997,13.62732621327493
Амурская область,2020-01-01,14.29150038394636,0.4934187707708695,0.0,0.4934187707708695,0.0,0,0,50.49770645250714,4.760000000000005,13.53638709408195
Амурская область,2020-02-01,14.4386847300432,0.717717316165718,0.0,0.717717316165718,0.0,0,0,50.93249567249465,4.609999999999999,13.5138879193129
Амурская область,2020-03-01,14.29012962279173,0.5448138582658153,0.0,0.5448138582658153,0.0,0,0,51.16024649117156,4.450000000000003,13.59761245522193
Амурская область,2020-04-01,13.86125704202647,0.24910450663146122,0.0,0.24910450663146122,0.0,0,-1,51.5834553244113,4.560000000000002,13.32373124297783
Амурская область,2020-05-01,13.78820126542319,0.12930980432325967,0.0,0.12930980432325967,0.0,-1,0,51.44272583855026,5.109999999999999,14.20744619685732
Амурская область,2020-06-01,13.80107527432621,0.4216232562547013,0.0,0.4216232562547013,0.0,0,0,51.18985182448397,5.439999999999998,14.17607447764437
Амурская область,2020-07-01,13.72328845005244,-1.5016319110366503,-0.0,-1.5016319110366503,-0.0,0,0,51.27923874924474,5.290000000000006,14.30913715942517
Амурская область,2020-08-01,13.50322250910302,-0.8645661305373835,-0.0,-0.8645661305373835,-0.0,0,0,51.60948833230324,5.730000000000004,14.24082726968361
Амурская область,2020-09-01,13.5661265143926,-0.7937016241842549,-0.0,-0.7937016241842549,-0.0,0,-1,52.21861040932681,5.930000000000007,14.07851920895821
Амурская область,2020-10-01,13.42640584296991,-1.2364929674992595,-0.0,-1.2364929674992595,-0.0,-1,0,52.6384974115574,5.590000000000003,14.29293529601249
Амурская область,2020-11-01,13.32248251192061,-1.3589786818048175,-0.0,-1.3589786818048175,-0.0,0,0,53.3071450829951,5.760000000000005,13.66787058435158
Амурская область,2020-12-01,13.30724931211315,-1.7089361724181273,-0.0,-1.7089361724181273,-0.0,0,0,53.51094826211815,5.969999999999999,13.81328984968914
Амурская область,2021-01-01,13.01172638701433,3.0895976215913166,0.0,3.0895976215913166,0.0,0,0,53.14696567279843,7.180000000000007,13.88042303300062
Амурская область,2021-02-01,12.76057896559971,-0.05176615786507455,-0.0,-0.05176615786507455,-0.0,0,0,53.57609676000506,6.299999999999997,13.88934597830626
Амурская область,2021-03-01,12.78374121594031,-0.6104025253424652,-0.0,-0.6104025253424652,-0.0,0,0,54.04105067238615,6.079999999999998,13.86061849098867
Амурская область,2021-04-01,12.74516078478436,-0.5967440618905293,-0.0,-0.5967440618905293,-0.0,0,0,54.73533066229111,6.319999999999993,13.97498570818824
Амурская область,2021-05-01,12.30592397251974,-0.241937869195743,-0.0,-0.241937869195743,-0.0,0,1,55.12155520835221,5.599999999999994,14.1339312656134
Амурская область,2021-06-01,12.72791470134093,-0.7676306960714552,-0.0,-0.7676306960714552,-0.0,0,0,55.87625123995746,5.700000000000003,13.47106198612383
Амурская область,2021-07-01,12.66577894719561,0.08560806359759354,0.0,0.08560806359759354,0.0,0,0,56.62546338504441,6.319999999999993,13.93333163457254
Амурская область,2021-08-01,12.95656495811626,0.3090771946763784,0.0,0.3090771946763784,0.0,1,1,57.51482301321276,6.290000000000006,13.72201156732164
Амурская область,2021-09-01,12.95573058254904,-0.6460537301930689,-0.0,-0.6460537301930689,-0.0,0,0,58.13508328359579,5.790000000000006,13.65339485413373
Амурская область,2021-10-01,12.7941572230442,-0.6175372517280238,-0.0,-0.6175372517280238,-0.0,0,0,58.71845722373621,6.200000000000003,13.81164640187468
Амурская область,2021-11-01,13.276958019431,-0.12114037446266934,-0.0,-0.12114037446266934,-0.0,1,0,58.9982670530783,6.209999999999994,13.71191387355792
Амурская область,2021-12-01,13.32742784416337,-0.26721650241728057,-0.0,-0.26721650241728057,-0.0,0,0,58.70333757007129,6.629999999999995,13.53311563789506
Амурская область,2022-01-01,13.40116050202298,0.27464209751393653,0.0,0.27464209751393653,0.0,0,0,58.82034177299881,6.269999999999996,13.49251795735023
Амурская область,2022-02-01,13.79112418159432,-0.3501956198858558,-0.0,-0.3501956198858558,-0.0,0,0,58.97492046729457,6.959999999999994,12.91484768249259
Амурская область,2022-03-01,13.64935585921584,4.941478356719127,0.0,4.941478356719127,0.0,0,-1,59.66382556187977,7.719999999999999,13.16965483161943
Амурская область,2022-04-01,1.3056266351045,1.4923126339086181,0.0,1.4923126339086181,0.0,-1,-1,59.51080031564192,12.61,14.04237993662703
Амурская область,2022-05-01,21.52253123157432,-1.244790623444267,-0.0,-1.244790623444267,-0.0,0,0,58.80688813849356,13.88,13.88947072362208
Амурская область,2022-06-01,19.89077347890774,-3.118179668249544,-0.0,-3.118179668249544,-0.0,0,0,58.05745082795129,13.59,13.95504874454063
Амурская область,2022-07-01,18.27671043382704,-0.386746413724417,-0.0,-0.386746413724417,-0.0,0,0,57.80286546288285,13.47,14.63417416369002
Амурская область,2022-08-01,16.33216518018697,-1.1110066252555733,-0.0,-1.1110066252555733,-0.0,0,0,59.0597183214389,13.06,14.3436500506965
Амурская область,2022-09-01,15.71589529740997,1.7547062341946287,0.0,1.7547062341946287,0.0,0,0,59.28705496962883,12.92,14.36656561822979
Амурская область,2022-10-01,15.79205549084286,1.2482715752793254,0.0,1.2482715752793254,0.0,0,0,60.00124345462932,12.39,14.33494235461344
Амурская область,2022-11-01,16.22782665279197,0.32653909912163215,0.0,0.32653909912163215,0.0,0,0,58.47351781094561,12.62,14.19768772942882
Амурская область,2022-12-01,16.87937298864026,0.14955653030453497,0.0,0.14955653030453497,0.0,0,1,58.97628113916804,12.34,14.48397814957335
Амурская область,2023-01-01,18.22625423944439,0.13967960707903515,0.0,0.13967960707903515,0.0,0,0,59.37400641929445,12.26000000000001,14.24570462129742
Амурская область,2023-02-01,16.7085083304534,-1.9472998218897306,-0.0,-1.9472998218897306,-0.0,1,0,58.38097588033357,12.7,14.36219564637817
Амурская область,2023-03-01,16.16212881060235,-0.4649545463768856,-0.0,-0.4649545463768856,-0.0,0,0,58.88584021502964,11.8,14.1974246782626
Амурская область,2023-04-01,16.15075337401739,-0.5507806832459252,-0.0,-0.5507806832459252,-0.0,0,0,60.13667460881484,6.349999999999994,14.00388316322881
Амурская область,2023-05-01,15.96623174491283,-0.46521849390664727,-0.0,-0.46521849390664727,-0.0,0,0,62.16206911860272,5.5,13.88631014517976
Амурская область,2023-06-01,16.25779402726023,-0.5347109788556779,-0.0,-0.5347109788556779,-0.0,0,1,63.29172195419302,5.719999999999999,13.18327024492417
Амурская область,2023-07-01,16.5123538510013,-0.5497632155639387,-0.0,-0.5497632155639387,-0.0,0,1,64.32147088599135,5.599999999999994,13.20339952379841
Амурская область,2023-08-01,16.15518817416696,0.2078297309388475,0.0,0.2078297309388475,0.0,1,0,64.05608787994937,5.780000000000001,12.91378944240835
Амурская область,2023-09-01,16.75585932735076,2.7050587479091437,0.0,2.7050587479091437,0.0,0,1,65.46084291950847,7.049999999999997,12.7711913449261
Амурская область,2023-10-01,18.14982028066717,0.8633696772512707,0.0,0.8633696772512707,0.0,1,0,66.79923590885946,7.989999999999995,12.75456361898948
Амурская область,2023-11-01,18.99130384286818,1.714265038508227,0.0,1.714265038508227,0.0,1,0,68.22998901436873,7.969999999999999,12.58002602174277
Амурская область,2023-12-01,20.58522292627548,-1.5282051620880424,-0.0,-1.5282051620880424,-0.0,0,1,68.43376382407573,8.450000000000003,12.65992097026455
Амурская область,2024-01-01,20.75991108350705,0.6818813931607863,0.0,0.6818813931607863,0.0,0,0,67.59149641521067,8.299999999999997,12.73262862058489
Амурская область,2024-02-01,23.72700270920493,-1.5559611222700127,-0.0,-1.5559611222700127,-0.0,1,0,67.2778029679228,7.719999999999999,12.86327280781469
Амурская область,2024-03-01,24.55161798416874,-0.03662363343873665,-0.0,-0.03662363343873665,-0.0,0,0,66.68268040672653,8.170000000000002,12.74888724526298
Амурская область,2024-04-01,23.82936305969391,-0.07535756412256944,-0.0,-0.07535756412256944,-0.0,0,0,66.69388766265298,8.159999999999997,12.69944455903939
Амурская область,2024-05-01,24.84392813858078,-1.8174537430626252,-0.0,-1.8174537430626252,-0.0,0,1,66.7711759259872,8.040000000000006,12.7019404092071
Амурская область,2024-06-01,23.88400963524249,-0.4392507252018447,-0.0,-0.4392507252018447,-0.0,0,1,66.33951675702548,7.829999999999998,12.32583627133637
Амурская область,2024-07-01,24.5268890799397,-0.5869739684411108,-0.0,-0.5869739684411108,-0.0,0,1,66.5401168026702,8.049999999999997,12.47504157775925
Амурская область,2024-08-01,25.12975464612385,1.4105522767729113,0.0,1.4105522767729113,0.0,1,0,65.0050658597778,8.780000000000001,11.37372451092108
Амурская область,2024-09-01,27.43176966814967,-1.9115218364399809,-0.0,-1.9115218364399809,-0.0,0,1,64.81727702384028,8.36,11.31808722171462
Амурская область,2024-10-01,27.79407937261303,0.667769408390896,0.0,0.667769408390896,0.0,1,0,64.33771724779984,7.980000000000004,11.32519729228045
Амурская область,2024-11-01,28.48067627564372,2.039278586154861,0.0,2.039278586154861,0.0,1,0,63.591523605554,8.579999999999998,11.19138059863436
Амурская область,2024-12-01,30.63353707173232,0.34090421830265427,0.0,0.34090421830265427,0.0,1,-1,60.82394727989087,8.680000000000007,11.34011076702359
Амурская область,2025-01-01,41.76030584869977,0.24822008087726388,0.0,0.24822008087726388,0.0,-1,0,58.98648130419104,8.170000000000002,12.10484927680477
Амурская область,2025-02-01,32.51380012757149,0.31653560056003016,0.0,0.31653560056003016,0.0,0,-1,56.44003534609159,9.480000000000004,12.09511052264683
Амурская область,2025-03-01,33.23410531649526,0.41369500741819465,0.0,0.41369500741819465,0.0,-1,0,55.83865817660651,9.799999999999997,12.40294683661838
Амурская область,2025-04-01,34.19874343701359,0.5812476727093596,0.0,0.5812476727093596,0.0,1,0,55.19131223121874,10.62,12.6858759853645
Амурская область,2025-05-01,31.93475529737757,0.3820181297639742,0.0,0.3820181297639742,0.0,0,1,54.74180233966543,10.15000000000001,12.63597773492631
Амурская область,2025-06-01,31.76908320275204,0.6128194128495359,0.0,0.6128194128495359,0.0,0,0,54.48558902045725,9.870000000000005,12.78010732819667
Амурская область,2025-07-01,31.61712732181056,-0.2977272507310609,-0.0,-0.2977272507310609,-0.0,0,0,54.05365069289618,9.989999999999995,13.1446469025577
Амурская область,2025-08-01,30.30074274834472,-1.399483474742535,-0.0,-1.399483474742535,-0.0,1,0,52.49584683689594,9.459999999999994,12.21767266054752
Амурская область,2025-09-01,30.02031115643144,0.2588989388809786,0.0,0.2588989388809786,0.0,0,0,52.7965825278782,8.719999999999999,12.27411151848884
Амурская область,2025-10-01,28.9880708255432,-0.43597080805563593,-0.0,-0.43597080805563593,-0.0,-1,0,52.58279191583657,9.019999999999996,12.32397166286098
Амурская область,2025-11-01,29.08741309490202,-0.19410526130430839,-0.0,-0.19410526130430839,-0.0,1,1,52.6286884325759,8.510000000000005,12.27015327640983
Амурская область,2025-12-01,29.29189316609284,0.2813157398373711,0.0,0.2813157398373711,0.0,0,0,52.21619471388873,7.939999999999998,12.5511414216914
Архангельская область,2019-03-01,14.8050741963426,0.7128714995200838,0.0,0.0,0.0,0,0,50.96843455516489,5.0,13.7259574959201
Архангельская область,2019-04-01,14.65055552910104,0.6911493920479934,0.0,0.0,0.0,0,0,51.48860503275377,4.939999999999998,13.76534193934071
Архангельская область,2019-05-01,14.70965773068617,0.45783100689424217,0.0,0.0,0.0,1,0,53.70466830286698,5.109999999999999,13.70406275944462
Архангельская область,2019-06-01,14.8651759610424,0.5041451542673663,0.0,0.0,0.0,0,0,54.04238552997575,5.280000000000001,13.68577603895019
Архангельская область,2019-07-01,14.8049845149612,0.14629311794748645,0.0,0.0,0.0,0,1,54.44179235324192,4.920000000000002,13.38245688434504
Архангельская область,2019-08-01,14.83690471354599,0.061654111534494405,0.0,0.0,0.0,0,0,54.00344756216096,4.819999999999993,13.76897250384148
Архангельская область,2019-09-01,14.43683853974022,0.2864871600654304,0.0,0.0,0.0,0,0,54.71734042624676,4.459999999999994,13.80612937128863
Архангельская область,2019-10-01,14.16487076036996,0.199118629193201,0.0,0.0,0.0,0,0,55.40792243687035,4.450000000000003,13.97683558800549
Архангельская область,2019-11-01,14.59274141212397,-0.3451712223245451,-0.0,-0.0,-0.0,1,0,52.29299561255291,4.140000000000001,13.86809796127961
Архангельская область,2019-12-01,14.08598752867799,-0.11071296164861266,-0.0,-0.0,-0.0,0,0,52.73382116538456,3.780000000000001,13.86531057558621
Архангельская область,2020-01-01,13.78363535629001,0.4934187707708695,0.0,0.0,0.0,0,0,52.53462441368944,3.25,13.71189117848848
Архангельская область,2020-02-01,14.05468956861794,0.717717316165718,0.0,0.0,0.0,0,0,56.86708887712817,2.980000000000004,13.6123296932166
Архангельская область,2020-03-01,14.09258801875122,0.5448138582658153,0.0,0.0,0.0,0,0,56.98305395360929,3.049999999999997,13.7393738016441
Архангельская область,2020-04-01,13.67051129392977,0.24910450663146122,0.0,0.0,0.0,0,-1,57.35797745548222,3.180000000000007,13.45673622041955
Архангельская область,2020-05-01,13.8492798587079,0.12930980432325967,0.0,0.0,0.0,-1,0,57.71199933740425,3.969999999999999,14.41562948965131
Архангельская область,2020-06-01,13.9214942692546,0.4216232562547013,0.0,0.0,0.0,0,0,57.60084384588009,3.870000000000005,14.40272603413577
Архангельская область,2020-07-01,13.71454386572014,-1.5016319110366503,-0.0,-0.0,-0.0,0,0,57.82987211504225,4.040000000000006,14.58156293760981
Архангельская область,2020-08-01,13.41744936843795,-0.8645661305373835,-0.0,-0.0,-0.0,0,0,56.27944088669786,3.870000000000005,14.49261028868243
Архангельская область,2020-09-01,13.15982887967299,-0.7937016241842549,-0.0,-0.0,-0.0,0,-1,56.9721075564353,3.640000000000001,14.27142373749744
Архангельская область,2020-10-01,13.12876668242554,-1.2364929674992595,-0.0,-0.0,-0.0,-1,0,57.72452192845742,3.599999999999994,14.4913610667838
Архангельская область,2020-11-01,12.91243387412348,-1.3589786818048175,-0.0,-0.0,-0.0,0,0,58.73385466242398,3.680000000000007,13.82167668463958
Архангельская область,2020-12-01,12.9060234887515,-1.7089361724181273,-0.0,-0.0,-0.0,0,0,58.66642438684582,4.140000000000001,14.02787066728922
Архангельская область,2021-01-01,12.58065669735601,3.0895976215913166,0.0,0.0,0.0,0,0,59.18662876720814,4.620000000000005,14.04025156014168
Архангельская область,2021-02-01,12.89096060554642,-0.05176615786507455,-0.0,-0.0,-0.0,0,0,60.64052482343345,4.739999999999995,14.0594197911953
Архангельская область,2021-03-01,12.77610849593865,-0.6104025253424652,-0.0,-0.0,-0.0,0,0,61.10281171501779,4.989999999999995,14.03395564369953
Архангельская область,2021-04-01,12.44188850563993,-0.5967440618905293,-0.0,-0.0,-0.0,0,0,61.80104540130314,5.219999999999999,14.14695663006056
Архангельская область,2021-05-01,12.42073041034489,-0.241937869195743,-0.0,-0.0,-0.0,0,1,61.10862452220339,5.079999999999998,14.36161281198873
Архангельская область,2021-06-01,12.69378503161356,-0.7676306960714552,-0.0,-0.0,-0.0,0,0,61.91201657175663,5.879999999999995,13.65679538303711
Архангельская область,2021-07-01,12.72503899006477,0.08560806359759354,0.0,0.0,0.0,0,0,62.61753412571488,6.569999999999993,14.09927132590088
Архангельская область,2021-08-01,12.82238786661475,0.3090771946763784,0.0,0.0,0.0,1,1,63.32330053396205,7.060000000000002,13.87517551797579
Архангельская область,2021-09-01,12.74024586794601,-0.6460537301930689,-0.0,-0.0,-0.0,0,0,64.15154394985247,7.480000000000004,13.77477166280155
Архангельская область,2021-10-01,12.77625680361213,-0.6175372517280238,-0.0,-0.0,-0.0,0,0,64.52730200949027,8.430000000000007,13.8528057643124
Архангельская область,2021-11-01,13.11805313843625,-0.12114037446266934,-0.0,-0.0,-0.0,1,0,65.76727764784806,9.400000000000006,13.77196328717861
Архангельская область,2021-12-01,13.24877530901241,-0.26721650241728057,-0.0,-0.0,-0.0,0,0,64.97299329013758,9.590000000000003,13.58990700849481
Архангельская область,2022-01-01,13.31477398664149,0.27464209751393653,0.0,0.0,0.0,0,0,64.8521408317256,9.269999999999996,13.54358199604514
Архангельская область,2022-02-01,13.73277442711817,-0.3501956198858558,-0.0,-0.0,-0.0,0,0,66.52184644659155,9.670000000000002,12.96036063865291
Архангельская область,2022-03-01,13.8564119837,4.941478356719127,0.0,0.0,0.0,0,-1,66.92230931175564,10.40000000000001,13.05680032189588
Архангельская область,2022-04-01,18.61071441083923,1.4923126339086181,0.0,0.0,0.0,-1,-1,66.5400526835621,20.84,13.99733052197739
Архангельская область,2022-05-01,20.33677547389352,-1.244790623444267,-0.0,-0.0,-0.0,0,0,64.7462515396952,20.95,13.87839231383899
Архангельская область,2022-06-01,19.75159735938496,-3.118179668249544,-0.0,-0.0,-0.0,0,0,63.79918931502373,19.66,14.01467928085464
Архангельская область,2022-07-01,18.59954535279179,-0.386746413724417,-0.0,-0.0,-0.0,0,0,63.05750963955059,17.44,14.71563617407037
Архангельская область,2022-08-01,16.4694652086734,-1.1110066252555733,-0.0,-0.0,-0.0,0,0,63.18311959947722,15.64,14.416764301464
Архангельская область,2022-09-01,16.47436261572927,1.7547062341946287,0.0,0.0,0.0,0,0,62.8645140955268,14.88,14.47735660142648
Архангельская область,2022-10-01,16.48204897676177,1.2482715752793254,0.0,0.0,0.0,0,0,63.2212835406664,13.90000000000001,14.46794434203496
Архангельская область,2022-11-01,16.13209386200972,0.32653909912163215,0.0,0.0,0.0,0,0,62.89498246781864,12.90000000000001,14.33516720613498
Архангельская область,2022-12-01,16.73955382807365,0.14955653030453497,0.0,0.0,0.0,0,1,63.06845184700032,12.04000000000001,14.64212303471656
Архангельская область,2023-01-01,17.68001701992204,0.13967960707903515,0.0,0.0,0.0,0,0,63.14153198106657,12.01000000000001,14.37066599499773
Архангельская область,2023-02-01,16.51751893273132,-1.9472998218897306,-0.0,-0.0,-0.0,1,0,64.4833244378411,12.22,14.5236766708706
Архангельская область,2023-03-01,16.42244231472327,-0.4649545463768856,-0.0,-0.0,-0.0,0,0,64.25318006794323,11.2,14.36352314428554
Архангельская область,2023-04-01,15.9108003814706,-0.5507806832459252,-0.0,-0.0,-0.0,0,0,64.51010259157532,1.579999999999998,14.14561926210601
Архангельская область,2023-05-01,16.15559054319713,-0.46521849390664727,-0.0,-0.0,-0.0,0,0,64.97692513295522,1.920000000000002,13.9898759589966
Архангельская область,2023-06-01,16.43401833506047,-0.5347109788556779,-0.0,-0.0,-0.0,0,1,65.16179574568591,1.719999999999999,13.36325707888985
Архангельская область,2023-07-01,16.15670461132492,-0.5497632155639387,-0.0,-0.0,-0.0,0,1,65.6416965462665,3.510000000000005,13.39188149394849
Архангельская область,2023-08-01,15.97448920302754,0.2078297309388475,0.0,0.0,0.0,1,0,65.91490872110147,5.129999999999995,13.10011905310897
Архангельская область,2023-09-01,16.54814856342753,2.7050587479091437,0.0,0.0,0.0,0,1,67.07625708729137,5.340000000000003,12.94944655002856
Архангельская область,2023-10-01,17.87283831315224,0.8633696772512707,0.0,0.0,0.0,1,0,68.05587621151129,6.799999999999997,12.87491402359295
Архангельская область,2023-11-01,18.66161073335681,1.714265038508227,0.0,0.0,0.0,1,0,67.65250360500896,7.659999999999997,12.65965608012637
Архангельская область,2023-12-01,20.01805403004193,-1.5282051620880424,-0.0,-0.0,-0.0,0,1,67.45575589984816,8.150000000000006,12.74652547916836
Архангельская область,2024-01-01,19.89004896896681,0.6818813931607863,0.0,0.0,0.0,0,0,66.38491336970263,8.769999999999996,12.83211445604546
Архангельская область,2024-02-01,22.31300990535683,-1.5559611222700127,-0.0,-0.0,-0.0,1,0,67.91863257890704,8.349999999999994,12.94686187183569
Архангельская область,2024-03-01,23.75586220699329,-0.03662363343873665,-0.0,-0.0,-0.0,0,0,67.54701367560637,8.790000000000006,12.83005459672188
Архангельская область,2024-04-01,22.82121797529633,-0.07535756412256944,-0.0,-0.0,-0.0,0,0,67.85489876874009,8.120000000000005,12.74318643747994
Архангельская область,2024-05-01,22.57057894002054,-1.8174537430626252,-0.0,-0.0,-0.0,0,1,67.32611649746877,7.450000000000003,12.73766753198737
Архангельская область,2024-06-01,22.56263347278258,-0.4392507252018447,-0.0,-0.0,-0.0,0,1,67.67741739788364,8.170000000000002,12.33832261816084
Архангельская область,2024-07-01,23.13593211879516,-0.5869739684411108,-0.0,-0.0,-0.0,0,1,68.33903890771184,8.069999999999993,12.46280184540459
Архангельская область,2024-08-01,23.55808001270934,1.4105522767729113,0.0,0.0,0.0,1,0,69.67871920197459,8.579999999999998,11.43969246541585
Архангельская область,2024-09-01,25.48389771522372,-1.9115218364399809,-0.0,-0.0,-0.0,0,1,69.98846125560509,8.370000000000005,11.39824671167207
Архангельская область,2024-10-01,26.22699822656889,0.667769408390896,0.0,0.0,0.0,1,0,69.63366583888042,7.75,11.39477051115048
Архангельская область,2024-11-01,27.62529720392202,2.039278586154861,0.0,0.0,0.0,1,0,68.19605621346558,7.439999999999998,11.2421041704155
Архангельская область,2024-12-01,30.20271244111229,0.34090421830265427,0.0,0.0,0.0,1,-1,65.50949039174982,8.489999999999995,11.41687363272484
Архангельская область,2025-01-01,33.12584062761459,0.24822008087726388,0.0,0.0,0.0,-1,0,63.83704079171147,8.040000000000006,12.16370260164718
Архангельская область,2025-02-01,31.13098705291835,0.31653560056003016,0.0,0.0,0.0,0,-1,62.45025962294009,8.590000000000003,12.14849444492573
Архангельская область,2025-03-01,33.31379320425901,0.41369500741819465,0.0,0.0,0.0,-1,0,61.75532930640569,8.730000000000004,12.45976129668447
Архангельская область,2025-04-01,32.70896107886229,0.5812476727093596,0.0,0.0,0.0,1,0,61.06594322513625,9.450000000000003,12.76617245134726
Архангельская область,2025-05-01,30.57860543425394,0.3820181297639742,0.0,0.0,0.0,0,1,59.99680086598678,9.060000000000002,12.71121644321625
Архангельская область,2025-06-01,29.96961027803734,0.6128194128495359,0.0,0.0,0.0,0,0,59.64325845123359,8.790000000000006,12.81077297147377
Архангельская область,2025-07-01,27.69858122587416,-0.2977272507310609,-0.0,-0.0,-0.0,0,0,59.008731461739,8.230000000000004,13.25933168265004
Архангельская область,2025-08-01,26.26866891517207,-1.399483474742535,-0.0,-0.0,-0.0,1,0,57.92805523010798,7.340000000000003,12.3466945319462
Архангельская область,2025-09-01,25.144685738248,0.2588989388809786,0.0,0.0,0.0,0,0,58.12187338854076,7.260000000000005,12.38349163605776
Архангельская область,2025-10-01,24.42907112959736,-0.43597080805563593,-0.0,-0.0,-0.0,-1,0,57.91484302925043,6.780000000000001,12.44411958536542
Архангельская область,2025-11-01,24.83626515801071,-0.19410526130430839,-0.0,-0.0,-0.0,1,1,57.8820189597449,6.459999999999994,12.29291891500681
Архангельская область,2025-12-01,25.41760681169527,0.2813157398373711,0.0,0.0,0.0,0,0,57.72357390529532,5.379999999999995,12.58198802971935
Астраханская область,2019-03-01,15.47310517243407,0.7128714995200838,0.0,0.0,0.0,0,0,50.24745082558516,4.810000000000002,13.67615919924528
Астраханская область,2019-04-01,15.2983289879679,0.6911493920479934,0.0,0.0,0.0,0,0,50.9048869724272,4.840000000000003,13.74913226028561
Астраханская область,2019-05-01,15.28977145469675,0.45783100689424217,0.0,0.0,0.0,1,0,51.18370075467341,5.010000000000005,13.59855858173903
Астраханская область,2019-06-01,15.23282360612226,0.5041451542673663,0.0,0.0,0.0,0,0,52.05896441950942,5.239999999999995,13.53733733001464
Астраханская область,2019-07-01,15.24081807398641,0.14629311794748645,0.0,0.0,0.0,0,1,52.66497090926224,4.280000000000001,13.31488813200928
Астраханская область,2019-08-01,15.03268136224014,0.061654111534494405,0.0,0.0,0.0,0,0,53.39866480914789,4.329999999999998,13.51686703745736
Астраханская область,2019-09-01,14.81635264801667,0.2864871600654304,0.0,0.0,0.0,0,0,54.07628070252169,4.019999999999996,13.64426164454724
Астраханская область,2019-10-01,14.73747833395717,0.199118629193201,0.0,0.0,0.0,0,0,54.65632860410948,3.659999999999997,13.83206808839855
Астраханская область,2019-11-01,15.00323333835701,-0.3451712223245451,-0.0,-0.0,-0.0,1,0,55.63854132867954,3.510000000000005,13.69210479648576
Астраханская область,2019-12-01,14.51550569943127,-0.11071296164861266,-0.0,-0.0,-0.0,0,0,55.86097609714624,3.129999999999995,13.68285155762594
Астраханская область,2020-01-01,14.483277150963,0.4934187707708695,0.0,0.0,0.0,0,0,56.04883137967256,2.579999999999998,13.56572080666414
Астраханская область,2020-02-01,14.48907058114885,0.717717316165718,0.0,0.0,0.0,0,0,55.97313816560536,1.879999999999995,13.64493216030213
Астраханская область,2020-03-01,14.53056783461774,0.5448138582658153,0.0,0.0,0.0,0,0,56.04139488960016,1.469999999999999,13.69714386445963
Астраханская область,2020-04-01,13.97185564227087,0.24910450663146122,0.0,0.0,0.0,0,-1,56.33486822669985,1.780000000000001,13.37936020728529
Астраханская область,2020-05-01,14.34805083283159,0.12930980432325967,0.0,0.0,0.0,-1,0,55.96898215234523,2.629999999999995,14.09425944842162
Астраханская область,2020-06-01,14.05774965511267,0.4216232562547013,0.0,0.0,0.0,0,0,55.06532086360478,2.620000000000005,14.05473060555743
Астраханская область,2020-07-01,13.67382770886084,-1.5016319110366503,-0.0,-0.0,-0.0,0,0,55.23103963896978,2.900000000000006,14.20813514667237
Астраханская область,2020-08-01,13.41848576892381,-0.8645661305373835,-0.0,-0.0,-0.0,0,0,55.3677529027243,3.200000000000003,14.13579720268244
Астраханская область,2020-09-01,13.31794545704659,-0.7937016241842549,-0.0,-0.0,-0.0,0,-1,55.75765480126079,3.189999999999998,13.93328364379694
Астраханская область,2020-10-01,13.05012391641046,-1.2364929674992595,-0.0,-0.0,-0.0,-1,0,56.06174844670093,3.650000000000006,14.17980647246154
Астраханская область,2020-11-01,12.9286652056148,-1.3589786818048175,-0.0,-0.0,-0.0,0,0,56.47451311512445,4.280000000000001,13.57193625424546
Астраханская область,2020-12-01,12.97877040590019,-1.7089361724181273,-0.0,-0.0,-0.0,0,0,56.90593137025455,4.879999999999995,13.75392356745487
Астраханская область,2021-01-01,12.80598230013303,3.0895976215913166,0.0,0.0,0.0,0,0,56.82215462920283,4.870000000000005,13.84838292819662
Астраханская область,2021-02-01,12.94462690039324,-0.05176615786507455,-0.0,-0.0,-0.0,0,0,57.60349047176436,5.019999999999996,13.83952282817413
Астраханская область,2021-03-01,12.78793263664445,-0.6104025253424652,-0.0,-0.0,-0.0,0,0,58.02176570240829,6.060000000000002,13.79932542771529
Астраханская область,2021-04-01,12.88882802053612,-0.5967440618905293,-0.0,-0.0,-0.0,0,0,58.92144940141242,6.400000000000006,13.9615868366741
Астраханская область,2021-05-01,12.72381555798772,-0.241937869195743,-0.0,-0.0,-0.0,0,1,59.29664762522587,5.379999999999995,14.05897728333619
Астраханская область,2021-06-01,12.8889268942082,-0.7676306960714552,-0.0,-0.0,-0.0,0,0,60.12724412467617,5.379999999999995,13.47955667658339
Астраханская область,2021-07-01,12.85173397512456,0.08560806359759354,0.0,0.0,0.0,0,0,60.97693676809713,6.079999999999998,13.92960549531346
Астраханская область,2021-08-01,13.23577877209576,0.3090771946763784,0.0,0.0,0.0,1,1,61.18158945407611,6.379999999999995,13.65556965814511
Астраханская область,2021-09-01,13.14459322274435,-0.6460537301930689,-0.0,-0.0,-0.0,0,0,62.08000476479235,7.459999999999994,13.55447475224297
Астраханская область,2021-10-01,13.07325229662269,-0.6175372517280238,-0.0,-0.0,-0.0,0,0,62.78244685608213,7.719999999999999,13.59093805451493
Астраханская область,2021-11-01,13.4359403617013,-0.12114037446266934,-0.0,-0.0,-0.0,1,0,62.89609645552334,8.280000000000001,13.54248557647007
Астраханская область,2021-12-01,13.38957248312142,-0.26721650241728057,-0.0,-0.0,-0.0,0,0,62.9283931689259,8.030000000000001,13.37664539070551
Астраханская область,2022-01-01,13.60451671977696,0.27464209751393653,0.0,0.0,0.0,0,0,63.20483387211995,8.489999999999995,13.3311359998594
Астраханская область,2022-02-01,13.32233056454898,-0.3501956198858558,-0.0,-0.0,-0.0,0,0,63.93010683711807,8.920000000000002,12.7832981254798
Астраханская область,2022-03-01,14.36830661287688,4.941478356719127,0.0,0.0,0.0,0,-1,64.46150686284523,8.870000000000005,13.29661034167547
Астраханская область,2022-04-01,20.1185859584324,1.4923126339086181,0.0,0.0,0.0,-1,-1,64.02317856936965,15.67,14.07050757344203
Астраханская область,2022-05-01,21.23213070211901,-1.244790623444267,-0.0,-0.0,-0.0,0,0,62.9817034379029,17.44,13.87798488130786
Астраханская область,2022-06-01,20.28977552909588,-3.118179668249544,-0.0,-0.0,-0.0,0,0,62.08146960434918,17.66,13.9298773186766
Астраханская область,2022-07-01,19.98509759161665,-0.386746413724417,-0.0,-0.0,-0.0,0,0,61.46601544977074,16.05,14.49162753721307
Астраханская область,2022-08-01,17.36742036649208,-1.1110066252555733,-0.0,-0.0,-0.0,0,0,61.3649757728303,15.22,14.23144325686189
Астраханская область,2022-09-01,17.09108703926032,1.7547062341946287,0.0,0.0,0.0,0,0,61.1852499952744,14.45,14.23732661653656
Астраханская область,2022-10-01,17.65550860990124,1.2482715752793254,0.0,0.0,0.0,0,0,61.88838851166376,13.81,14.20938473190551
Астраханская область,2022-11-01,16.26038173166056,0.32653909912163215,0.0,0.0,0.0,0,0,62.14676449498173,12.76000000000001,14.07441253497239
Астраханская область,2022-12-01,16.81209233857332,0.14955653030453497,0.0,0.0,0.0,0,1,62.23545879517396,12.5,14.29898103474985
Астраханская область,2023-01-01,17.76331599617185,0.13967960707903515,0.0,0.0,0.0,0,0,62.07550723114114,12.73,14.08278369234387
Астраханская область,2023-02-01,17.10786549662024,-1.9472998218897306,-0.0,-0.0,-0.0,1,0,62.19381298393922,12.38,14.22076635636799
Астраханская область,2023-03-01,16.73810344569429,-0.4649545463768856,-0.0,-0.0,-0.0,0,0,62.26148780643121,12.04000000000001,14.06329903099729
Астраханская область,2023-04-01,16.54165950590489,-0.5507806832459252,-0.0,-0.0,-0.0,0,0,62.90712592281452,4.959999999999994,13.87812400431471
Астраханская область,2023-05-01,16.56112304110607,-0.46521849390664727,-0.0,-0.0,-0.0,0,0,63.4847875332263,3.319999999999993,13.73444183671116
Астраханская область,2023-06-01,16.64187583193469,-0.5347109788556779,-0.0,-0.0,-0.0,0,1,64.15595232564509,2.790000000000006,13.20901140503693
Астраханская область,2023-07-01,16.55520603000892,-0.5497632155639387,-0.0,-0.0,-0.0,0,1,65.00824832790133,3.590000000000003,13.23332824002569
Астраханская область,2023-08-01,16.58129491936766,0.2078297309388475,0.0,0.0,0.0,1,0,65.26046991711289,3.75,12.94635500747013
Астраханская область,2023-09-01,17.02214643990693,2.7050587479091437,0.0,0.0,0.0,0,1,67.15573969109123,4.219999999999999,12.80667290604517
Астраханская область,2023-10-01,19.08714111416769,0.8633696772512707,0.0,0.0,0.0,1,0,70.11668277713157,5.069999999999993,12.80411495306392
Астраханская область,2023-11-01,19.94863346389594,1.714265038508227,0.0,0.0,0.0,1,0,69.86895120861361,5.840000000000003,12.6199505606011
Астраханская область,2023-12-01,20.8965497366911,-1.5282051620880424,-0.0,-0.0,-0.0,0,1,70.56021179415472,6.569999999999993,12.7175994786664
Астраханская область,2024-01-01,21.57629625977047,0.6818813931607863,0.0,0.0,0.0,0,0,70.41656991330531,7.010000000000005,12.73217553592494
Астраханская область,2024-02-01,22.88572984703863,-1.5559611222700127,-0.0,-0.0,-0.0,1,0,70.50259907510794,7.459999999999994,12.81097371113485
Астраханская область,2024-03-01,23.83214383936956,-0.03662363343873665,-0.0,-0.0,-0.0,0,0,70.45099727602324,7.299999999999997,12.72765387388812
Астраханская область,2024-04-01,23.25322861256578,-0.07535756412256944,-0.0,-0.0,-0.0,0,0,71.0705762530893,7.180000000000007,12.64757350198872
Астраханская область,2024-05-01,22.98202820265466,-1.8174537430626252,-0.0,-0.0,-0.0,0,1,71.04110191788251,7.319999999999993,12.66750870530578
Астраханская область,2024-06-01,23.34405801460691,-0.4392507252018447,-0.0,-0.0,-0.0,0,1,71.49674472219436,7.269999999999996,12.33821827265433
Астраханская область,2024-07-01,24.03728984739566,-0.5869739684411108,-0.0,-0.0,-0.0,0,1,72.97020176445109,8.0,12.47638907341194
Астраханская область,2024-08-01,24.4856048749309,1.4105522767729113,0.0,0.0,0.0,1,0,71.76944349894218,8.5,11.49142471661155
Астраханская область,2024-09-01,26.18772842644564,-1.9115218364399809,-0.0,-0.0,-0.0,0,1,71.8307492394288,8.480000000000004,11.44728132232832
Астраханская область,2024-10-01,26.45664432631995,0.667769408390896,0.0,0.0,0.0,1,0,71.16069346804707,7.840000000000003,11.40802269372077
Астраханская область,2024-11-01,26.89874675527645,2.039278586154861,0.0,0.0,0.0,1,0,70.27933525368296,7.719999999999999,11.22715363911774
Астраханская область,2024-12-01,27.62980342221239,0.34090421830265427,0.0,0.0,0.0,1,-1,67.43658352854574,7.650000000000006,11.38568156288477
Астраханская область,2025-01-01,28.44082372429435,0.24822008087726388,0.0,0.0,0.0,-1,0,65.8470158353187,8.290000000000006,12.08074655782759
Астраханская область,2025-02-01,29.670832634841,0.31653560056003016,0.0,0.0,0.0,0,-1,64.06508527282558,9.269999999999996,12.05060889059781
Астраханская область,2025-03-01,31.16984800789137,0.41369500741819465,0.0,0.0,0.0,-1,0,63.26787885261659,9.689999999999998,12.34841846643502
Астраханская область,2025-04-01,30.78076672639894,0.5812476727093596,0.0,0.0,0.0,1,0,62.63425784927939,10.23,12.62923971163609
Астраханская область,2025-05-01,28.73039620100224,0.3820181297639742,0.0,0.0,0.0,0,1,61.78228984643231,10.04000000000001,12.580998677635
Астраханская область,2025-06-01,28.91653989899771,0.6128194128495359,0.0,0.0,0.0,0,0,61.84474676048175,9.989999999999995,12.69149237634599
Астраханская область,2025-07-01,27.13432159731912,-0.2977272507310609,-0.0,-0.0,-0.0,0,0,60.88122316655667,9.11,13.10912205515316
Астраханская область,2025-08-01,26.9092901636841,-1.399483474742535,-0.0,-0.0,-0.0,1,0,60.4732053089794,8.64,12.23425314097378
Астраханская область,2025-09-01,26.71707812469505,0.2588989388809786,0.0,0.0,0.0,0,0,60.82523855127737,7.609999999999999,12.25574591867038
Астраханская область,2025-10-01,25.43300802107278,-0.43597080805563593,-0.0,-0.0,-0.0,-1,0,60.61047946953894,7.939999999999998,12.32929727306548
Астраханская область,2025-11-01,26.37852037750353,-0.19410526130430839,-0.0,-0.0,-0.0,1,1,60.87651234647203,7.599999999999994,12.23792960354369
Астраханская область,2025-12-01,27.20081869874536,0.2813157398373711,0.0,0.0,0.0,0,0,60.92114183183887,6.909999999999997,12.5325953230775
Белгородская область,2019-03-01,15.09056642014662,0.7128714995200838,0.0,0.0,0.0,0,0,46.10854798986428,5.650000000000006,13.59793377391583
Белгородская область,2019-04-01,15.02246510524037,0.6911493920479934,0.0,0.0,0.0,0,0,46.48368005940085,5.620000000000005,13.62662655682463
Белгородская область,2019-05-01,14.94373667175216,0.45783100689424217,0.0,0.0,0.0,1,0,47.06917985683269,5.450000000000003,13.48898995206881
Белгородская область,2019-06-01,15.13849866278087,0.5041451542673663,0.0,0.0,0.0,0,0,47.58038797829651,5.230000000000004,13.43790086994347
Белгородская область,2019-07-01,14.93696501658693,0.14629311794748645,0.0,0.0,0.0,0,1,47.96949295959797,4.590000000000003,13.23065791256975
Белгородская область,2019-08-01,14.88997111067251,0.061654111534494405,0.0,0.0,0.0,0,0,48.36153672327837,4.510000000000005,13.48125372161452
Белгородская область,2019-09-01,14.54577627560822,0.2864871600654304,0.0,0.0,0.0,0,0,48.92056629595393,4.150000000000006,13.50735748590243
Белгородская область,2019-10-01,14.5521040810313,0.199118629193201,0.0,0.0,0.0,0,0,49.2003500597941,3.980000000000004,13.68382783629531
Белгородская область,2019-11-01,14.77279433175988,-0.3451712223245451,-0.0,-0.0,-0.0,1,0,48.82415587082224,3.590000000000003,13.58948098718368
Белгородская область,2019-12-01,14.33850091167976,-0.11071296164861266,-0.0,-0.0,-0.0,0,0,49.01206377764341,3.159999999999997,13.61082535829939
Белгородская область,2020-01-01,14.16764243130256,0.4934187707708695,0.0,0.0,0.0,0,0,48.93827341067266,2.799999999999997,13.50245339799251
Белгородская область,2020-02-01,14.30411542317129,0.717717316165718,0.0,0.0,0.0,0,0,48.98988084051555,1.980000000000004,13.49062191513912
Белгородская область,2020-03-01,14.26751304268419,0.5448138582658153,0.0,0.0,0.0,0,0,49.10314311659785,1.829999999999998,13.60478699034804
Белгородская область,2020-04-01,13.73067930455322,0.24910450663146122,0.0,0.0,0.0,0,-1,49.63098158394968,2.090000000000003,13.29034039230455
Белгородская область,2020-05-01,15.09774002420691,0.12930980432325967,0.0,0.0,0.0,-1,0,48.46345529770414,2.819999999999993,14.13704894996255
Белгородская область,2020-06-01,14.02927203220737,0.4216232562547013,0.0,0.0,0.0,0,0,48.3440003997181,2.879999999999995,14.15276484887701
Белгородская область,2020-07-01,13.84722140873355,-1.5016319110366503,-0.0,-0.0,-0.0,0,0,48.49665151925755,3.079999999999998,14.31141869826512
Белгородская область,2020-08-01,13.36934240456259,-0.8645661305373835,-0.0,-0.0,-0.0,0,0,48.83339365252601,3.269999999999996,14.27024344300515
Белгородская область,2020-09-01,13.45545136436616,-0.7937016241842549,-0.0,-0.0,-0.0,0,-1,49.62476917608365,3.560000000000002,14.13967194914941
Белгородская область,2020-10-01,13.26227181322419,-1.2364929674992595,-0.0,-0.0,-0.0,-1,0,50.28111752788813,3.810000000000002,14.32610890522854
Белгородская область,2020-11-01,12.95499938137785,-1.3589786818048175,-0.0,-0.0,-0.0,0,0,51.21197021146541,4.069999999999993,13.76300425774828
Белгородская область,2020-12-01,13.04821076499389,-1.7089361724181273,-0.0,-0.0,-0.0,0,0,51.47488081418358,4.489999999999995,13.93598185941332
Белгородская область,2021-01-01,12.95602035360912,3.0895976215913166,0.0,0.0,0.0,0,0,51.51108315651597,4.920000000000002,13.96444042622092
Белгородская область,2021-02-01,13.06680046020618,-0.05176615786507455,-0.0,-0.0,-0.0,0,0,51.86497884717992,5.090000000000003,13.96135684428022
Белгородская область,2021-03-01,12.83947178288472,-0.6104025253424652,-0.0,-0.0,-0.0,0,0,52.37309015712973,5.689999999999998,13.94533124950978
Белгородская область,2021-04-01,12.67881727556051,-0.5967440618905293,-0.0,-0.0,-0.0,0,0,53.07054757315674,6.019999999999996,14.03698767902885
Белгородская область,2021-05-01,12.43988497693916,-0.241937869195743,-0.0,-0.0,-0.0,0,1,53.55146623043518,5.689999999999998,14.12871587940073
Белгородская область,2021-06-01,12.77495928192386,-0.7676306960714552,-0.0,-0.0,-0.0,0,0,54.12827371958093,5.959999999999994,13.53308892930563
Белгородская область,2021-07-01,12.80694414056213,0.08560806359759354,0.0,0.0,0.0,0,0,54.95654414165363,6.579999999999998,13.96746886917471
Белгородская область,2021-08-01,13.14074740777469,0.3090771946763784,0.0,0.0,0.0,1,1,55.86177569449436,6.730000000000004,13.81083121900542
Белгородская область,2021-09-01,12.90096521430035,-0.6460537301930689,-0.0,-0.0,-0.0,0,0,56.64648352219876,7.120000000000005,13.72269739627233
Белгородская область,2021-10-01,13.06602231672846,-0.6175372517280238,-0.0,-0.0,-0.0,0,0,57.07093836160416,7.469999999999999,13.81165634093754
Белгородская область,2021-11-01,13.39682240638884,-0.12114037446266934,-0.0,-0.0,-0.0,1,0,57.38938715119544,8.400000000000006,13.77713451897906
Белгородская область,2021-12-01,13.36457828515319,-0.26721650241728057,-0.0,-0.0,-0.0,0,0,57.29497291726787,9.11,13.60750914253823
Белгородская область,2022-01-01,13.64636855268461,0.27464209751393653,0.0,0.0,0.0,0,0,57.16664331743414,9.129999999999995,13.57514712180429
Белгородская область,2022-02-01,13.96320281047042,-0.3501956198858558,-0.0,-0.0,-0.0,0,0,57.17645326716833,9.5,13.02327024723154
Белгородская область,2022-03-01,13.83735751593906,4.941478356719127,0.0,0.0,0.0,0,-1,57.34634757683958,9.329999999999998,13.34072931527918
Белгородская область,2022-04-01,18.49214373687261,1.4923126339086181,0.0,0.0,0.0,-1,-1,56.29791556370035,16.02,14.23668735726287
Белгородская область,2022-05-01,19.41042086224089,-1.244790623444267,-0.0,-0.0,-0.0,0,0,54.81710641387061,17.89,14.1002800040875
Белгородская область,2022-06-01,19.79102688167792,-3.118179668249544,-0.0,-0.0,-0.0,0,0,53.8365683201699,18.45,14.21772288056284
Белгородская область,2022-07-01,18.66500482895423,-0.386746413724417,-0.0,-0.0,-0.0,0,0,53.35768307168336,17.31,14.82250445462842
Белгородская область,2022-08-01,17.58227386315239,-1.1110066252555733,-0.0,-0.0,-0.0,0,0,53.275604166619,16.56999999999999,14.58710604161566
Белгородская область,2022-09-01,17.16402972234112,1.7547062341946287,0.0,0.0,0.0,0,0,53.17237640576153,15.86,14.63634538080875
Белгородская область,2022-10-01,16.54906295994137,1.2482715752793254,0.0,0.0,0.0,0,0,53.36954935414583,15.19,14.6307976489263
Белгородская область,2022-11-01,15.98955471296026,0.32653909912163215,0.0,0.0,0.0,0,0,53.50562459051894,14.06999999999999,14.51637864747557
Белгородская область,2022-12-01,16.43931473053715,0.14955653030453497,0.0,0.0,0.0,0,1,53.61261763602484,12.95999999999999,14.78417475511464
Белгородская область,2023-01-01,17.31000746827033,0.13967960707903515,0.0,0.0,0.0,0,0,53.73475061386625,12.79000000000001,14.51636341231915
Белгородская область,2023-02-01,16.57781622107175,-1.9472998218897306,-0.0,-0.0,-0.0,1,0,53.78926156090012,12.59999999999999,14.65874980520407
Белгородская область,2023-03-01,16.25804730512856,-0.4649545463768856,-0.0,-0.0,-0.0,0,0,53.85996034252029,12.7,14.50101057768676
Белгородская область,2023-04-01,15.99519440272622,-0.5507806832459252,-0.0,-0.0,-0.0,0,0,54.46981725157677,5.319999999999993,14.27835159745447
Белгородская область,2023-05-01,15.97203916191844,-0.46521849390664727,-0.0,-0.0,-0.0,0,0,54.88514349017218,3.400000000000006,14.18267704276371
Белгородская область,2023-06-01,16.22960050405953,-0.5347109788556779,-0.0,-0.0,-0.0,0,1,55.23832182760191,3.099999999999994,13.56855200537013
Белгородская область,2023-07-01,15.43813723506323,-0.5497632155639387,-0.0,-0.0,-0.0,0,1,55.58603241535267,3.659999999999997,13.57675254111824
Белгородская область,2023-08-01,15.93385125920113,0.2078297309388475,0.0,0.0,0.0,1,0,55.8885315131957,4.079999999999998,13.28595357998532
Белгородская область,2023-09-01,16.19539207525503,2.7050587479091437,0.0,0.0,0.0,0,1,57.12457459151883,4.370000000000005,13.17099185995737
Белгородская область,2023-10-01,18.35469771105687,0.8633696772512707,0.0,0.0,0.0,1,0,58.5276272050525,5.189999999999998,13.07163743659497
Белгородская область,2023-11-01,19.49632183486245,1.714265038508227,0.0,0.0,0.0,1,0,59.18911033544894,6.069999999999993,12.86124911781149
Белгородская область,2023-12-01,20.88848529628334,-1.5282051620880424,-0.0,-0.0,-0.0,0,1,59.27529655830563,6.840000000000003,12.91476624523659
Белгородская область,2024-01-01,21.996813505538,0.6818813931607863,0.0,0.0,0.0,0,0,58.54315560255819,7.010000000000005,12.95990738199297
Белгородская область,2024-02-01,24.05117577128361,-1.5559611222700127,-0.0,-0.0,-0.0,1,0,58.03699325086631,6.939999999999998,13.05392778628203
Белгородская область,2024-03-01,23.99671192705952,-0.03662363343873665,-0.0,-0.0,-0.0,0,0,57.46321858929555,6.900000000000006,12.93922486178055
Белгородская область,2024-04-01,23.72742114114801,-0.07535756412256944,-0.0,-0.0,-0.0,0,0,57.2632237765005,7.290000000000006,12.84910142184587
Белгородская область,2024-05-01,23.42434787591033,-1.8174537430626252,-0.0,-0.0,-0.0,0,1,57.19422278625298,7.349999999999994,12.83397986083936
Белгородская область,2024-06-01,23.02183151599404,-0.4392507252018447,-0.0,-0.0,-0.0,0,1,57.27256872880877,7.290000000000006,12.45433146535561
Белгородская область,2024-07-01,24.02274358760017,-0.5869739684411108,-0.0,-0.0,-0.0,0,1,57.85875172963623,7.719999999999999,12.51867187398746
Белгородская область,2024-08-01,23.96853286566995,1.4105522767729113,0.0,0.0,0.0,1,0,57.0410296948556,8.329999999999998,11.54059316973603
Белгородская область,2024-09-01,25.88825094029343,-1.9115218364399809,-0.0,-0.0,-0.0,0,1,56.82536075470598,8.379999999999995,11.51371685531122
Белгородская область,2024-10-01,25.4677749701396,0.667769408390896,0.0,0.0,0.0,1,0,55.86747415596226,8.200000000000003,11.52404255000384
Белгородская область,2024-11-01,27.52728621961202,2.039278586154861,0.0,0.0,0.0,1,0,55.11937772434572,7.840000000000003,11.37627669865452
Белгородская область,2024-12-01,27.76162434914733,0.34090421830265427,0.0,0.0,0.0,1,-1,52.77210940857036,8.159999999999997,11.50665938121243
Белгородская область,2025-01-01,29.24824468122002,0.24822008087726388,0.0,0.0,0.0,-1,0,50.72427560163146,9.11,12.14679107287872
Белгородская область,2025-02-01,29.26550391447241,0.31653560056003016,0.0,0.0,0.0,0,-1,49.57766749014246,9.519999999999996,12.1313494084017
Белгородская область,2025-03-01,31.03970167798791,0.41369500741819465,0.0,0.0,0.0,-1,0,48.6482556194397,9.680000000000007,12.43020314397822
Белгородская область,2025-04-01,29.60339718733161,0.5812476727093596,0.0,0.0,0.0,1,0,47.83348171622859,9.799999999999997,12.73815945532925
Белгородская область,2025-05-01,27.70163626651573,0.3820181297639742,0.0,0.0,0.0,0,1,47.2987227505323,9.989999999999995,12.64787437614277
Белгородская область,2025-06-01,27.32627435905911,0.6128194128495359,0.0,0.0,0.0,0,0,46.91972022098519,9.549999999999997,12.72339029108491
Белгородская область,2025-07-01,26.22092921823051,-0.2977272507310609,-0.0,-0.0,-0.0,0,0,46.46296975412895,8.86,13.18606062628523
Белгородская область,2025-08-01,25.18209281872673,-1.399483474742535,-0.0,-0.0,-0.0,1,0,46.04017557077083,8.340000000000003,12.28785680156694
Белгородская область,2025-09-01,24.6562013825049,0.2588989388809786,0.0,0.0,0.0,0,0,46.09912184276892,8.079999999999998,12.30928896627905
Белгородская область,2025-10-01,22.90962906978183,-0.43597080805563593,-0.0,-0.0,-0.0,-1,0,46.05384571349019,8.040000000000006,12.369671128398
Белгородская область,2025-11-01,24.37486530755815,-0.19410526130430839,-0.0,-0.0,-0.0,1,1,46.12882575296188,7.739999999999995,12.18296883624811
Белгородская область,2025-12-01,25.10058821910627,0.2813157398373711,0.0,0.0,0.0,0,0,46.21437432582466,7.129999999999995,12.4476681156356
Брянская область,2019-03-01,15.21226740529843,0.7128714995200838,0.0,0.0,0.0,0,0,52.83584185563257,6.329999999999998,13.51273858752603
Брянская область,2019-04-01,15.12522961222203,0.6911493920479934,0.0,0.0,0.0,0,0,53.32173046270976,6.209999999999994,13.56204531773903
Брянская область,2019-05-01,15.16446761199664,0.45783100689424217,0.0,0.0,0.0,1,0,52.6041174173215,6.340000000000003,13.44773157827564
Брянская область,2019-06-01,15.38925487326348,0.5041451542673663,0.0,0.0,0.0,0,0,52.93141377742469,5.939999999999998,13.40531045373444
Брянская область,2019-07-01,15.22699345271087,0.14629311794748645,0.0,0.0,0.0,0,1,53.31982684159426,5.269999999999996,13.1798108922684
Брянская область,2019-08-01,15.16674506423302,0.061654111534494405,0.0,0.0,0.0,0,0,53.00937052659967,5.540000000000006,13.47781403069211
Брянская область,2019-09-01,14.92015755620608,0.2864871600654304,0.0,0.0,0.0,0,0,53.51400021618683,5.299999999999997,13.51674239747114
Брянская область,2019-10-01,14.74846123748491,0.199118629193201,0.0,0.0,0.0,0,0,53.7963230628615,4.930000000000007,13.72321702410574
Брянская область,2019-11-01,14.97786640605582,-0.3451712223245451,-0.0,-0.0,-0.0,1,0,54.74320138683922,4.530000000000001,13.62866098093489
Брянская область,2019-12-01,14.68373890131626,-0.11071296164861266,-0.0,-0.0,-0.0,0,0,54.91501196701254,3.900000000000006,13.65720051080361
Брянская область,2020-01-01,14.43542479645677,0.4934187707708695,0.0,0.0,0.0,0,0,55.03699152512662,3.599999999999994,13.52664034208603
Брянская область,2020-02-01,14.6179610368064,0.717717316165718,0.0,0.0,0.0,0,0,56.41994555958492,2.239999999999995,13.47321435397742
Брянская область,2020-03-01,14.44984417074176,0.5448138582658153,0.0,0.0,0.0,0,0,56.56989625538199,2.290000000000006,13.58303221114475
Брянская область,2020-04-01,14.13068948939366,0.24910450663146122,0.0,0.0,0.0,0,-1,57.03100538035672,2.909999999999997,13.28782429809969
Брянская область,2020-05-01,14.10525371869413,0.12930980432325967,0.0,0.0,0.0,-1,0,56.2422009056538,3.450000000000003,14.14741838085278
Брянская область,2020-06-01,14.15927479460449,0.4216232562547013,0.0,0.0,0.0,0,0,56.05524577268146,3.719999999999999,14.16507244842618
Брянская область,2020-07-01,14.0725859754057,-1.5016319110366503,-0.0,-0.0,-0.0,0,0,56.40866219194448,4.260000000000005,14.3351126271047
Брянская область,2020-08-01,13.62163517338177,-0.8645661305373835,-0.0,-0.0,-0.0,0,0,56.2452755463839,4.430000000000007,14.29604417456793
Брянская область,2020-09-01,13.58682686527427,-0.7937016241842549,-0.0,-0.0,-0.0,0,-1,57.12840867043422,4.569999999999993,14.14774952260641
Брянская область,2020-10-01,13.44137645932292,-1.2364929674992595,-0.0,-0.0,-0.0,-1,0,57.78974077563376,4.260000000000005,14.37055156557835
Брянская область,2020-11-01,13.12302446249487,-1.3589786818048175,-0.0,-0.0,-0.0,0,0,58.33314503709409,4.719999999999999,13.76464989661331
Брянская область,2020-12-01,13.07083099296924,-1.7089361724181273,-0.0,-0.0,-0.0,0,0,58.55001977203403,5.140000000000001,13.94170034825865
Брянская область,2021-01-01,13.05042257458825,3.0895976215913166,0.0,0.0,0.0,0,0,58.4215889339876,5.230000000000004,13.96836003786775
Брянская область,2021-02-01,13.20410940316082,-0.05176615786507455,-0.0,-0.0,-0.0,0,0,58.92070442634032,5.650000000000006,13.98480958995021
Брянская область,2021-03-01,13.01344732676578,-0.6104025253424652,-0.0,-0.0,-0.0,0,0,59.26584724320521,6.209999999999994,13.97350029317872
Брянская область,2021-04-01,12.94680366921756,-0.5967440618905293,-0.0,-0.0,-0.0,0,0,60.04463948901103,6.469999999999999,14.06025435862404
Брянская область,2021-05-01,12.73084210244156,-0.241937869195743,-0.0,-0.0,-0.0,0,1,60.32162400218601,6.379999999999995,14.18084340141015
Брянская область,2021-06-01,12.98929054812591,-0.7676306960714552,-0.0,-0.0,-0.0,0,0,60.59994558333437,6.269999999999996,13.56740238300007
Брянская область,2021-07-01,12.95208985466747,0.08560806359759354,0.0,0.0,0.0,0,0,60.97009412398943,6.170000000000002,13.96197537289589
Брянская область,2021-08-01,13.38683451316735,0.3090771946763784,0.0,0.0,0.0,1,1,61.83100435099622,6.069999999999993,13.77265145373934
Брянская область,2021-09-01,13.0916339522044,-0.6460537301930689,-0.0,-0.0,-0.0,0,0,62.58775311126507,6.680000000000007,13.68211611723822
Брянская область,2021-10-01,13.09675124533185,-0.6175372517280238,-0.0,-0.0,-0.0,0,0,63.04858470125426,7.840000000000003,13.74934832531018
Брянская область,2021-11-01,13.31371006471318,-0.12114037446266934,-0.0,-0.0,-0.0,1,0,62.96374722736913,8.310000000000002,13.70073255730452
Брянская область,2021-12-01,13.64486879175873,-0.26721650241728057,-0.0,-0.0,-0.0,0,0,62.52746666089021,8.659999999999997,13.55670512880758
Брянская область,2022-01-01,13.66779323318234,0.27464209751393653,0.0,0.0,0.0,0,0,62.5510688653625,9.260000000000005,13.51663536242305
Брянская область,2022-02-01,14.02226934916527,-0.3501956198858558,-0.0,-0.0,-0.0,0,0,64.09773802257433,10.11,12.96852703473133
Брянская область,2022-03-01,14.41524483430067,4.941478356719127,0.0,0.0,0.0,0,-1,64.59143316917455,10.39,13.34326195549864
Брянская область,2022-04-01,20.61684779689323,1.4923126339086181,0.0,0.0,0.0,-1,-1,63.44199948431285,15.31,14.21495662700571
Брянская область,2022-05-01,21.41394206571178,-1.244790623444267,-0.0,-0.0,-0.0,0,0,62.28264668146893,17.25,14.08455830409264
Брянская область,2022-06-01,21.13640917696375,-3.118179668249544,-0.0,-0.0,-0.0,0,0,61.57370554250933,17.98,14.1836508897837
Брянская область,2022-07-01,19.87701228692101,-0.386746413724417,-0.0,-0.0,-0.0,0,0,61.09702065060946,17.45999999999999,14.78582755331809
Брянская область,2022-08-01,17.55159043456564,-1.1110066252555733,-0.0,-0.0,-0.0,0,0,59.85245152150704,16.98,14.5462585556532
Брянская область,2022-09-01,18.01286784305057,1.7547062341946287,0.0,0.0,0.0,0,0,59.69622605824212,16.31999999999999,14.56318204728222
Брянская область,2022-10-01,17.7738558188481,1.2482715752793254,0.0,0.0,0.0,0,0,59.99751209699104,15.66,14.56234646432626
Брянская область,2022-11-01,17.19338887966484,0.32653909912163215,0.0,0.0,0.0,0,0,60.25455542317807,14.75,14.46498744191394
Брянская область,2022-12-01,17.08493832245087,0.14955653030453497,0.0,0.0,0.0,0,1,60.10911820493898,14.0,14.71567683886345
Брянская область,2023-01-01,17.87855629990923,0.13967960707903515,0.0,0.0,0.0,0,0,59.76524822899404,13.84,14.4794051975396
Брянская область,2023-02-01,17.02047178321009,-1.9472998218897306,-0.0,-0.0,-0.0,1,0,60.26379053410786,13.12,14.63114428967372
Брянская область,2023-03-01,17.04204993908026,-0.4649545463768856,-0.0,-0.0,-0.0,0,0,59.9671566215987,12.42,14.48484916249311
Брянская область,2023-04-01,16.68235530059185,-0.5507806832459252,-0.0,-0.0,-0.0,0,0,60.2291099303249,7.090000000000003,14.28812772449696
Брянская область,2023-05-01,16.5547654957087,-0.46521849390664727,-0.0,-0.0,-0.0,0,0,61.25468265006345,5.109999999999999,14.17112694918809
Брянская область,2023-06-01,16.52446277370634,-0.5347109788556779,-0.0,-0.0,-0.0,0,1,61.28140230125169,4.159999999999997,13.56329567002803
Брянская область,2023-07-01,16.23797189520837,-0.5497632155639387,-0.0,-0.0,-0.0,0,1,61.58282914295934,4.650000000000006,13.56883591211224
Брянская область,2023-08-01,16.21375607841913,0.2078297309388475,0.0,0.0,0.0,1,0,61.1347538506394,5.599999999999994,13.292230804915
Брянская область,2023-09-01,16.83697817928437,2.7050587479091437,0.0,0.0,0.0,0,1,62.35038564542648,5.739999999999995,13.18108966818034
Брянская область,2023-10-01,18.47919861808359,0.8633696772512707,0.0,0.0,0.0,1,0,63.19601503512159,6.370000000000005,13.0874669673105
Брянская область,2023-11-01,19.34688633900942,1.714265038508227,0.0,0.0,0.0,1,0,63.06284341450429,6.310000000000002,12.89101654612971
Брянская область,2023-12-01,20.24155501669728,-1.5282051620880424,-0.0,-0.0,-0.0,0,1,63.11623202557506,7.280000000000001,12.93320355911908
Брянская область,2024-01-01,20.81172040504101,0.6818813931607863,0.0,0.0,0.0,0,0,61.97126823779533,7.290000000000006,12.96025347625517
Брянская область,2024-02-01,23.12672581487473,-1.5559611222700127,-0.0,-0.0,-0.0,1,0,62.16979039459783,7.5,13.02992669406043
Брянская область,2024-03-01,23.3382032226696,-0.03662363343873665,-0.0,-0.0,-0.0,0,0,61.57648474679366,7.310000000000002,12.9280065286081
Брянская область,2024-04-01,22.72905045053539,-0.07535756412256944,-0.0,-0.0,-0.0,0,0,61.62756606506525,7.409999999999997,12.82914509079528
Брянская область,2024-05-01,22.23168315456919,-1.8174537430626252,-0.0,-0.0,-0.0,0,1,62.69208089108286,7.299999999999997,12.81139520593692
Брянская область,2024-06-01,22.48848972888555,-0.4392507252018447,-0.0,-0.0,-0.0,0,1,62.50822373539814,8.299999999999997,12.41855435560305
Брянская область,2024-07-01,23.18308848505837,-0.5869739684411108,-0.0,-0.0,-0.0,0,1,62.78493261494551,8.370000000000005,12.52603438853239
Брянская область,2024-08-01,23.823367315215,1.4105522767729113,0.0,0.0,0.0,1,0,61.73211103327305,8.980000000000004,11.56629073759868
Брянская область,2024-09-01,25.46129248178501,-1.9115218364399809,-0.0,-0.0,-0.0,0,1,61.39636657585704,9.090000000000003,11.5320553363989
Брянская область,2024-10-01,25.65887026291719,0.667769408390896,0.0,0.0,0.0,1,0,60.38722508992739,8.719999999999999,11.55441587669545
Брянская область,2024-11-01,27.00285207048511,2.039278586154861,0.0,0.0,0.0,1,0,57.35812699854576,8.540000000000006,11.36339653441565
Брянская область,2024-12-01,28.01289392930274,0.34090421830265427,0.0,0.0,0.0,1,-1,54.51150651345144,9.040000000000006,11.49423933261071
Брянская область,2025-01-01,27.87283122371902,0.24822008087726388,0.0,0.0,0.0,-1,0,52.47362038101042,9.370000000000005,12.09566937841906
Брянская область,2025-02-01,30.15142433273291,0.31653560056003016,0.0,0.0,0.0,0,-1,52.78630285782651,10.08,12.0883011948999
Брянская область,2025-03-01,31.86085771518744,0.41369500741819465,0.0,0.0,0.0,-1,0,51.8472902486839,10.95,12.37675286969305
Брянская область,2025-04-01,31.05690255131627,0.5812476727093596,0.0,0.0,0.0,1,0,51.12665630094011,10.89,12.63978988987257
Брянская область,2025-05-01,28.78900436864805,0.3820181297639742,0.0,0.0,0.0,0,1,49.92564928729605,11.02,12.54723797149019
Брянская область,2025-06-01,28.86350215892201,0.6128194128495359,0.0,0.0,0.0,0,0,49.63609847976841,10.86,12.63964480436963
Брянская область,2025-07-01,27.38373455161387,-0.2977272507310609,-0.0,-0.0,-0.0,0,0,49.18012916734077,10.52,13.1250365753407
Брянская область,2025-08-01,25.79553963512551,-1.399483474742535,-0.0,-0.0,-0.0,1,0,48.49029301517297,9.620000000000005,12.16393582132628
Брянская область,2025-09-01,25.02519582099654,0.2588989388809786,0.0,0.0,0.0,0,0,48.53867742963448,9.379999999999995,12.188946112953
Брянская область,2025-10-01,23.49249167284179,-0.43597080805563593,-0.0,-0.0,-0.0,-1,0,48.52815175598008,8.620000000000005,12.26475619105287
Брянская область,2025-11-01,24.19684081270215,-0.19410526130430839,-0.0,-0.0,-0.0,1,1,48.45382082421288,8.489999999999995,12.17147918664164
Брянская область,2025-12-01,25.12204810651314,0.2813157398373711,0.0,0.0,0.0,0,0,48.31614317658139,6.989999999999995,12.45016454821219
Владимирская область,2019-03-01,15.03694617286149,0.7128714995200838,0.0,0.0,0.0,0,0,45.68993129287314,5.909999999999997,13.69537546382742
Владимирская область,2019-04-01,14.8611851676659,0.6911493920479934,0.0,0.0,0.0,0,0,46.23677625135937,6.079999999999998,13.71915969336247
Владимирская область,2019-05-01,14.96394620938567,0.45783100689424217,0.0,0.0,0.0,1,0,46.72186160292962,5.810000000000002,13.564697408503
Владимирская область,2019-06-01,15.21736772911469,0.5041451542673663,0.0,0.0,0.0,0,0,47.34553735500332,6.010000000000005,13.50115808923431
Владимирская область,2019-07-01,14.92114875429403,0.14629311794748645,0.0,0.0,0.0,0,1,47.97129460791581,5.450000000000003,13.28193612106073
Владимирская область,2019-08-01,14.81950800437819,0.061654111534494405,0.0,0.0,0.0,0,0,47.63311163829372,5.489999999999995,13.62066722749388
Владимирская область,2019-09-01,14.75454748863093,0.2864871600654304,0.0,0.0,0.0,0,0,48.35189153410324,4.900000000000006,13.70006506210898
Владимирская область,2019-10-01,14.53854611992921,0.199118629193201,0.0,0.0,0.0,0,0,49.3622892724408,4.109999999999999,13.89104418502953
Владимирская область,2019-11-01,14.75587980524786,-0.3451712223245451,-0.0,-0.0,-0.0,1,0,49.62903883494001,3.790000000000006,13.80157670318826
Владимирская область,2019-12-01,14.50391107029701,-0.11071296164861266,-0.0,-0.0,-0.0,0,0,50.1323848485939,3.230000000000004,13.82092039445588
Владимирская область,2020-01-01,14.22446048329365,0.4934187707708695,0.0,0.0,0.0,0,0,50.31103230478794,2.200000000000003,13.69462009557404
Владимирская область,2020-02-01,14.26818448149392,0.717717316165718,0.0,0.0,0.0,0,0,51.7751031160696,2.060000000000002,13.69011865418023
Владимирская область,2020-03-01,14.16097754554593,0.5448138582658153,0.0,0.0,0.0,0,0,51.9906603354269,2.069999999999993,13.76717325416679
Владимирская область,2020-04-01,13.71904429790317,0.24910450663146122,0.0,0.0,0.0,0,-1,52.4135562018398,2.489999999999995,13.49846258527148
Владимирская область,2020-05-01,13.75094087616778,0.12930980432325967,0.0,0.0,0.0,-1,0,52.19902050619425,3.159999999999997,14.2722634463635
Владимирская область,2020-06-01,13.73643422587528,0.4216232562547013,0.0,0.0,0.0,0,0,51.92730509083945,2.719999999999999,14.22315402458393
Владимирская область,2020-07-01,13.63885682244755,-1.5016319110366503,-0.0,-0.0,-0.0,0,0,52.24992541103213,3.069999999999993,14.36706899968542
Владимирская область,2020-08-01,13.22545855842734,-0.8645661305373835,-0.0,-0.0,-0.0,0,0,51.73596021637845,3.239999999999995,14.32956312111672
Владимирская область,2020-09-01,13.19415583420952,-0.7937016241842549,-0.0,-0.0,-0.0,0,-1,52.61561565854913,3.450000000000003,14.13050260887189
Владимирская область,2020-10-01,13.23092811677331,-1.2364929674992595,-0.0,-0.0,-0.0,-1,0,53.41225379964536,3.959999999999994,14.3419521510428
Владимирская область,2020-11-01,12.89518254189388,-1.3589786818048175,-0.0,-0.0,-0.0,0,0,54.46201834986768,4.219999999999999,13.7915511153284
Владимирская область,2020-12-01,13.09108950827914,-1.7089361724181273,-0.0,-0.0,-0.0,0,0,54.60563274777545,4.640000000000001,13.90067751755219
Владимирская область,2021-01-01,12.75862180538071,3.0895976215913166,0.0,0.0,0.0,0,0,54.69360947111286,5.640000000000001,13.89623917133089
Владимирская область,2021-02-01,12.88270835141189,-0.05176615786507455,-0.0,-0.0,-0.0,0,0,56.2309904969706,5.409999999999997,13.89256190451897
Владимирская область,2021-03-01,12.80975301837792,-0.6104025253424652,-0.0,-0.0,-0.0,0,0,56.64383963459798,5.969999999999999,13.87739570054803
Владимирская область,2021-04-01,12.47909151721598,-0.5967440618905293,-0.0,-0.0,-0.0,0,0,57.30187889049954,5.840000000000003,13.95265770992692
Владимирская область,2021-05-01,12.32047017418978,-0.241937869195743,-0.0,-0.0,-0.0,0,1,56.53362703542552,5.730000000000004,14.1066880057468
Владимирская область,2021-06-01,12.58106302681139,-0.7676306960714552,-0.0,-0.0,-0.0,0,0,57.26656146011666,6.579999999999998,13.55064504872062
Владимирская область,2021-07-01,12.67054085691242,0.08560806359759354,0.0,0.0,0.0,0,0,57.86429739881289,6.709999999999994,13.93217519512257
Владимирская область,2021-08-01,12.82664436243621,0.3090771946763784,0.0,0.0,0.0,1,1,58.13651336988485,6.599999999999994,13.72143506940334
Владимирская область,2021-09-01,12.78491444455588,-0.6460537301930689,-0.0,-0.0,-0.0,0,0,58.83636298067186,7.290000000000006,13.63178310353711
Владимирская область,2021-10-01,12.82811418628265,-0.6175372517280238,-0.0,-0.0,-0.0,0,0,59.1521044934581,8.019999999999996,13.68405528653541
Владимирская область,2021-11-01,13.11849790946773,-0.12114037446266934,-0.0,-0.0,-0.0,1,0,59.85876094763013,9.069999999999993,13.6300042206378
Владимирская область,2021-12-01,13.30728103994286,-0.26721650241728057,-0.0,-0.0,-0.0,0,0,59.67375217303756,9.409999999999997,13.46963167618778
Владимирская область,2022-01-01,13.49765639857437,0.27464209751393653,0.0,0.0,0.0,0,0,59.96606157555314,9.159999999999997,13.40681682865314
Владимирская область,2022-02-01,13.83929075505009,-0.3501956198858558,-0.0,-0.0,-0.0,0,0,60.34028676446914,9.75,12.87475565194805
Владимирская область,2022-03-01,13.98208222485843,4.941478356719127,0.0,0.0,0.0,0,-1,60.68259704567109,10.38,13.28540402865309
Владимирская область,2022-04-01,19.58092243326613,1.4923126339086181,0.0,0.0,0.0,-1,-1,59.58731568808206,18.87,14.1350102354297
Владимирская область,2022-05-01,21.67413603222052,-1.244790623444267,-0.0,-0.0,-0.0,0,0,57.97920037697823,20.05,13.96517501286106
Владимирская область,2022-06-01,20.45099108823927,-3.118179668249544,-0.0,-0.0,-0.0,0,0,56.92448927890328,19.37,14.07306729831111
Владимирская область,2022-07-01,18.93090377885524,-0.386746413724417,-0.0,-0.0,-0.0,0,0,56.0847785326402,18.05,14.63774387743197
Владимирская область,2022-08-01,16.83158619775134,-1.1110066252555733,-0.0,-0.0,-0.0,0,0,55.30561694545236,17.14,14.40970163079602
Владимирская область,2022-09-01,16.70561868310701,1.7547062341946287,0.0,0.0,0.0,0,0,54.93932876001661,16.38,14.42778366110605
Владимирская область,2022-10-01,16.95196768113957,1.2482715752793254,0.0,0.0,0.0,0,0,54.9816917738548,15.47,14.40136551261189
Владимирская область,2022-11-01,16.15872443947193,0.32653909912163215,0.0,0.0,0.0,0,0,53.84824571074541,13.73999999999999,14.3002772239455
Владимирская область,2022-12-01,16.38014748946231,0.14955653030453497,0.0,0.0,0.0,0,1,53.62617607305666,12.98999999999999,14.54345329334456
Владимирская область,2023-01-01,17.56485427636812,0.13967960707903515,0.0,0.0,0.0,0,0,53.18665844282362,13.17,14.31172308516507
Владимирская область,2023-02-01,16.53623265529741,-1.9472998218897306,-0.0,-0.0,-0.0,1,0,55.24575466264948,12.73999999999999,14.47238417349218
Владимирская область,2023-03-01,16.34061723635182,-0.4649545463768856,-0.0,-0.0,-0.0,0,0,55.12011529113911,11.91,14.3068405619498
Владимирская область,2023-04-01,16.26387713754089,-0.5507806832459252,-0.0,-0.0,-0.0,0,0,55.62836359849943,3.599999999999994,14.09853172644005
Владимирская область,2023-05-01,16.14592008043982,-0.46521849390664727,-0.0,-0.0,-0.0,0,0,55.48132613069104,2.480000000000004,13.98934688334211
Владимирская область,2023-06-01,16.52277903782146,-0.5347109788556779,-0.0,-0.0,-0.0,0,1,55.85584825475662,2.25,13.50304605264738
Владимирская область,2023-07-01,16.14401077740648,-0.5497632155639387,-0.0,-0.0,-0.0,0,1,56.41902860854526,3.180000000000007,13.51405809788364
Владимирская область,2023-08-01,15.8971722131905,0.2078297309388475,0.0,0.0,0.0,1,0,55.99489624054858,4.519999999999996,13.23868984776814
Владимирская область,2023-09-01,16.24816559873594,2.7050587479091437,0.0,0.0,0.0,0,1,57.16013139162656,5.340000000000003,13.14174274286935
Владимирская область,2023-10-01,18.39474324111946,0.8633696772512707,0.0,0.0,0.0,1,0,58.07886815035896,6.209999999999994,13.03793402944258
Владимирская область,2023-11-01,18.90425113258741,1.714265038508227,0.0,0.0,0.0,1,0,58.39728306459507,7.340000000000003,12.80379303835919
Владимирская область,2023-12-01,19.53135368306167,-1.5282051620880424,-0.0,-0.0,-0.0,0,1,58.30906784830135,8.129999999999995,12.86270745913612
Владимирская область,2024-01-01,20.5770868368649,0.6818813931607863,0.0,0.0,0.0,0,0,57.28368749980186,7.859999999999999,12.86019532004556
Владимирская область,2024-02-01,22.47507023466402,-1.5559611222700127,-0.0,-0.0,-0.0,1,0,57.33800241891834,8.5,12.95140091691354
Владимирская область,2024-03-01,23.73981753401147,-0.03662363343873665,-0.0,-0.0,-0.0,0,0,56.94015845707406,8.5,12.87504432620519
Владимирская область,2024-04-01,22.56762643420857,-0.07535756412256944,-0.0,-0.0,-0.0,0,0,57.01880690244798,8.189999999999998,12.79030524977947
Владимирская область,2024-05-01,22.46572174672741,-1.8174537430626252,-0.0,-0.0,-0.0,0,1,56.70234930776886,7.840000000000003,12.77729355497678
Владимирская область,2024-06-01,22.77976763145438,-0.4392507252018447,-0.0,-0.0,-0.0,0,1,56.63570117898971,8.439999999999998,12.39188572591342
Владимирская область,2024-07-01,23.36106204660685,-0.5869739684411108,-0.0,-0.0,-0.0,0,1,56.68706156694478,8.659999999999997,12.47460436336524
Владимирская область,2024-08-01,23.71176399763702,1.4105522767729113,0.0,0.0,0.0,1,0,55.66770313010524,9.340000000000003,11.53170402182964
Владимирская область,2024-09-01,25.21053595996914,-1.9115218364399809,-0.0,-0.0,-0.0,0,1,55.43043838535093,8.900000000000006,11.48067464070476
Владимирская область,2024-10-01,24.65953302813737,0.667769408390896,0.0,0.0,0.0,1,0,54.71785874489016,8.540000000000006,11.4844783434668
Владимирская область,2024-11-01,26.13995683643028,2.039278586154861,0.0,0.0,0.0,1,0,53.83403203539167,8.349999999999994,11.3063912959499
Владимирская область,2024-12-01,27.22479138988069,0.34090421830265427,0.0,0.0,0.0,1,-1,51.05204654432078,8.75,11.45293609249149
Владимирская область,2025-01-01,27.54900724153328,0.24822008087726388,0.0,0.0,0.0,-1,0,49.02553670785311,9.620000000000005,12.09870487476203
Владимирская область,2025-02-01,29.50887088756173,0.31653560056003016,0.0,0.0,0.0,0,-1,47.91816262408559,10.13,12.10731364871281
Владимирская область,2025-03-01,30.59452649341438,0.41369500741819465,0.0,0.0,0.0,-1,0,47.05764098288618,10.38,12.39921727055676
Владимирская область,2025-04-01,30.06378351879156,0.5812476727093596,0.0,0.0,0.0,1,0,46.39398455633004,10.98,12.66356859773705
Владимирская область,2025-05-01,28.30752220657964,0.3820181297639742,0.0,0.0,0.0,0,1,45.46440826259105,10.93000000000001,12.58477996116923
Владимирская область,2025-06-01,28.19209628361992,0.6128194128495359,0.0,0.0,0.0,0,0,44.97339925588773,10.7,12.66064159107132
Владимирская область,2025-07-01,26.87688711208296,-0.2977272507310609,-0.0,-0.0,-0.0,0,0,44.33065052192057,10.83,13.09488026234789
Владимирская область,2025-08-01,25.57780408017126,-1.399483474742535,-0.0,-0.0,-0.0,1,0,43.63354579618315,9.89,12.24481254572576
Владимирская область,2025-09-01,25.20052227595981,0.2588989388809786,0.0,0.0,0.0,0,0,43.62389032867159,9.239999999999995,12.27174342790474
Владимирская область,2025-10-01,23.29006377153472,-0.43597080805563593,-0.0,-0.0,-0.0,-1,0,43.3993553441106,9.510000000000005,12.35880972868003
Владимирская область,2025-11-01,23.97941478820279,-0.19410526130430839,-0.0,-0.0,-0.0,1,1,43.22295217866402,9.180000000000007,12.25696029643755
Владимирская область,2025-12-01,25.11359999194079,0.2813157398373711,0.0,0.0,0.0,0,0,42.9497761579332,8.069999999999993,12.53419169071556
Волгоградская область,2019-03-01,15.30723811771923,0.7128714995200838,0.7128714995200838,0.0,0.0,0,0,48.59818200396374,5.420000000000002,13.65047981803385
Волгоградская область,2019-04-01,15.15843154177385,0.6911493920479934,0.6911493920479934,0.0,0.0,0,0,49.44142435016293,4.969999999999999,13.63492056955727
Волгоградская область,2019-05-01,15.18540843149967,0.45783100689424217,0.45783100689424217,0.0,0.0,1,0,50.74872931455441,5.019999999999996,13.46539079865581
Волгоградская область,2019-06-01,15.32033255547693,0.5041451542673663,0.5041451542673663,0.0,0.0,0,0,51.31598025601918,4.890000000000001,13.39493513547051
Волгоградская область,2019-07-01,15.17396123173439,0.14629311794748645,0.14629311794748645,0.0,0.0,0,1,51.70586951563501,4.319999999999993,13.19608308813839
Волгоградская область,2019-08-01,15.0482200459738,0.061654111534494405,0.061654111534494405,0.0,0.0,0,0,50.86471034842953,4.290000000000006,13.38806784891393
Волгоградская область,2019-09-01,14.79197382624253,0.2864871600654304,0.2864871600654304,0.0,0.0,0,0,51.39943884864169,3.75,13.51431504778792
Волгоградская область,2019-10-01,14.62703875229888,0.199118629193201,0.199118629193201,0.0,0.0,0,0,51.71563170198661,3.409999999999997,13.6704310373955
Волгоградская область,2019-11-01,14.87421577558913,-0.3451712223245451,-0.3451712223245451,-0.0,-0.0,1,0,51.71036387909837,3.180000000000007,13.55517046554094
Волгоградская область,2019-12-01,14.52241199770968,-0.11071296164861266,-0.11071296164861266,-0.0,-0.0,0,0,52.02261355676456,3.299999999999997,13.56383704080109
Волгоградская область,2020-01-01,14.31886096300741,0.4934187707708695,0.4934187707708695,0.0,0.0,0,0,52.09701757025781,2.980000000000004,13.45891601333812
Волгоградская область,2020-02-01,14.46097825709112,0.717717316165718,0.717717316165718,0.0,0.0,0,0,52.73844347347661,2.040000000000006,13.47977832576894
Волгоградская область,2020-03-01,14.28630082785292,0.5448138582658153,0.5448138582658153,0.0,0.0,0,0,52.8464574119241,2.099999999999994,13.60679628657361
Волгоградская область,2020-04-01,14.01356372082879,0.24910450663146122,0.24910450663146122,0.0,0.0,0,-1,53.23819870510632,2.519999999999996,13.36255703482232
Волгоградская область,2020-05-01,14.15757980806433,0.12930980432325967,0.12930980432325967,0.0,0.0,-1,0,52.26914159323539,3.359999999999999,14.09854360212426
Волгоградская область,2020-06-01,14.04100911144527,0.4216232562547013,0.4216232562547013,0.0,0.0,0,0,52.10501391879365,3.239999999999995,14.07043671422927
Волгоградская область,2020-07-01,13.73939198655653,-1.5016319110366503,-1.5016319110366503,-0.0,-0.0,0,0,52.40984242901451,3.590000000000003,14.23154718277783
Волгоградская область,2020-08-01,13.39686971987907,-0.8645661305373835,-0.8645661305373835,-0.0,-0.0,0,0,52.44438053288635,3.849999999999994,14.19899660242491
Волгоградская область,2020-09-01,13.4414300851305,-0.7937016241842549,-0.7937016241842549,-0.0,-0.0,0,-1,52.91483615039677,3.730000000000004,14.1094404713499
Волгоградская область,2020-10-01,13.31343066363047,-1.2364929674992595,-1.2364929674992595,-0.0,-0.0,-1,0,53.21566969510062,3.840000000000003,14.31339954778656
Волгоградская область,2020-11-01,13.03436436846963,-1.3589786818048175,-1.3589786818048175,-0.0,-0.0,0,0,53.29020347414466,4.319999999999993,13.77825749786214
Волгоградская область,2020-12-01,13.08543711204581,-1.7089361724181273,-1.7089361724181273,-0.0,-0.0,0,0,53.30484733232266,4.400000000000006,13.92416921375541
Волгоградская область,2021-01-01,12.94743980472217,3.0895976215913166,3.0895976215913166,0.0,0.0,0,0,52.98677143989543,4.930000000000007,13.92730097582007
Волгоградская область,2021-02-01,12.87310407381303,-0.05176615786507455,-0.05176615786507455,-0.0,-0.0,0,0,53.45179700759043,5.349999999999994,13.94858858771051
Волгоградская область,2021-03-01,12.81308358417845,-0.6104025253424652,-0.6104025253424652,-0.0,-0.0,0,0,54.00095488802471,5.769999999999996,13.93413791784955
Волгоградская область,2021-04-01,12.76161505869534,-0.5967440618905293,-0.5967440618905293,-0.0,-0.0,0,0,54.73529916188626,5.680000000000007,14.01362695398249
Волгоградская область,2021-05-01,12.57325199490392,-0.241937869195743,-0.241937869195743,-0.0,-0.0,0,1,55.17879177674476,5.030000000000001,14.07011851259106
Волгоградская область,2021-06-01,12.85549222653994,-0.7676306960714552,-0.7676306960714552,-0.0,-0.0,0,0,55.88090899897947,5.489999999999995,13.57498397994755
Волгоградская область,2021-07-01,12.88306823594301,0.08560806359759354,0.08560806359759354,0.0,0.0,0,0,56.67733612089999,6.040000000000006,13.97813403910078
Волгоградская область,2021-08-01,12.99445442872895,0.3090771946763784,0.3090771946763784,0.0,0.0,1,1,56.73255036442097,6.310000000000002,13.81025744073943
Волгоградская область,2021-09-01,12.86250904582803,-0.6460537301930689,-0.6460537301930689,-0.0,-0.0,0,0,57.57405281478614,6.900000000000006,13.69964585244137
Волгоградская область,2021-10-01,12.79214960414189,-0.6175372517280238,-0.6175372517280238,-0.0,-0.0,0,0,58.09183480652572,7.530000000000001,13.70760951609138
Волгоградская область,2021-11-01,13.31544555441732,-0.12114037446266934,-0.12114037446266934,-0.0,-0.0,1,0,58.60131170691509,7.409999999999997,13.64763273970526
Волгоградская область,2021-12-01,13.56907460731108,-0.26721650241728057,-0.26721650241728057,-0.0,-0.0,0,0,58.27838256581032,7.950000000000003,13.50605435340396
Волгоградская область,2022-01-01,13.56952828431811,0.27464209751393653,0.27464209751393653,0.0,0.0,0,0,58.75990761287168,7.799999999999997,13.48514421715048
Волгоградская область,2022-02-01,13.53418090808884,-0.3501956198858558,-0.3501956198858558,-0.0,-0.0,0,0,59.55183285117125,8.069999999999993,12.95687262088805
Волгоградская область,2022-03-01,14.44019220636151,4.941478356719127,4.941478356719127,0.0,0.0,0,-1,60.04124769021069,7.810000000000002,13.47253330254926
Волгоградская область,2022-04-01,19.66666309931723,1.4923126339086181,1.4923126339086181,0.0,0.0,-1,-1,59.37355638528891,15.97,14.31009640343228
Волгоградская область,2022-05-01,21.96143754834444,-1.244790623444267,-1.244790623444267,-0.0,-0.0,0,0,58.63343564595307,17.09,14.07340972191387
Волгоградская область,2022-06-01,20.98676148078417,-3.118179668249544,-3.118179668249544,-0.0,-0.0,0,0,57.94507540417273,16.73,14.14941558635135
Волгоградская область,2022-07-01,18.92203353797082,-0.386746413724417,-0.386746413724417,-0.0,-0.0,0,0,57.45411481528478,14.98999999999999,14.76545610116694
Волгоградская область,2022-08-01,16.55266997100041,-1.1110066252555733,-1.1110066252555733,-0.0,-0.0,0,0,56.6030552860508,13.81,14.55035651228328
Волгоградская область,2022-09-01,16.46766122611054,1.7547062341946287,1.7547062341946287,0.0,0.0,0,0,56.49879100327843,12.65000000000001,14.57714730935601
Волгоградская область,2022-10-01,17.67533304739182,1.2482715752793254,1.2482715752793254,0.0,0.0,0,0,56.88016973550538,12.12,14.57438303412605
Волгоградская область,2022-11-01,15.96975137601107,0.32653909912163215,0.32653909912163215,0.0,0.0,0,0,56.79870862850247,11.56999999999999,14.48224233558309
Волгоградская область,2022-12-01,16.88096695948138,0.14955653030453497,0.14955653030453497,0.0,0.0,0,1,57.05570920354066,11.17,14.68872875549146
Волгоградская область,2023-01-01,17.40288635607139,0.13967960707903515,0.13967960707903515,0.0,0.0,0,0,56.67030704214265,11.38,14.46778195748436
Волгоградская область,2023-02-01,16.63034022929587,-1.9472998218897306,-1.9472998218897306,-0.0,-0.0,1,0,56.39145132127127,10.62,14.64058847352525
Волгоградская область,2023-03-01,16.29737511085575,-0.4649545463768856,-0.4649545463768856,-0.0,-0.0,0,0,56.30715865228704,10.84,14.49975245363119
Волгоградская область,2023-04-01,16.20980185796274,-0.5507806832459252,-0.5507806832459252,-0.0,-0.0,0,0,56.73750797989972,2.640000000000001,14.29165638324358
Волгоградская область,2023-05-01,15.96183473954388,-0.46521849390664727,-0.46521849390664727,-0.0,-0.0,0,0,57.08821085953284,1.609999999999999,14.1584131935311
Волгоградская область,2023-06-01,16.23510288155147,-0.5347109788556779,-0.5347109788556779,-0.0,-0.0,0,1,57.29658908384996,1.700000000000003,13.6207527697874
Волгоградская область,2023-07-01,16.23245396358274,-0.5497632155639387,-0.5497632155639387,-0.0,-0.0,0,1,57.71341947420191,2.670000000000002,13.64464946788361
Волгоградская область,2023-08-01,16.00987698652683,0.2078297309388475,0.2078297309388475,0.0,0.0,1,0,57.83711780504175,4.090000000000003,13.38546522262621
Волгоградская область,2023-09-01,16.47225113768553,2.7050587479091437,2.7050587479091437,0.0,0.0,0,1,58.88223869194768,5.290000000000006,13.28382985984503
Волгоградская область,2023-10-01,18.28254023429116,0.8633696772512707,0.8633696772512707,0.0,0.0,1,0,59.801288457767,5.760000000000005,13.17014444926354
Волгоградская область,2023-11-01,18.95626307792502,1.714265038508227,1.714265038508227,0.0,0.0,1,0,60.42317502684296,6.579999999999998,12.94104235649618
Волгоградская область,2023-12-01,19.46645599090241,-1.5282051620880424,-1.5282051620880424,-0.0,-0.0,0,1,60.43562500382812,7.150000000000006,13.0475123630294
Волгоградская область,2024-01-01,20.70647316683091,0.6818813931607863,0.6818813931607863,0.0,0.0,0,0,59.49296246942407,7.069999999999993,12.97928755902578
Волгоградская область,2024-02-01,22.47558688989682,-1.5559611222700127,-1.5559611222700127,-0.0,-0.0,1,0,60.0375646614085,7.109999999999999,13.08194120560062
Волгоградская область,2024-03-01,23.49546997811402,-0.03662363343873665,-0.03662363343873665,-0.0,-0.0,0,0,59.62732594623361,7.189999999999998,12.98298247853011
Волгоградская область,2024-04-01,22.67032404659615,-0.07535756412256944,-0.07535756412256944,-0.0,-0.0,0,0,59.7777490026515,7.430000000000007,12.89703511074748
Волгоградская область,2024-05-01,22.6239591762912,-1.8174537430626252,-1.8174537430626252,-0.0,-0.0,0,1,59.4486033922794,7.280000000000001,12.87817043972851
Волгоградская область,2024-06-01,22.61249744966066,-0.4392507252018447,-0.4392507252018447,-0.0,-0.0,0,1,59.45828768306063,7.709999999999994,12.50620454515214
Волгоградская область,2024-07-01,23.15198955867132,-0.5869739684411108,-0.5869739684411108,-0.0,-0.0,0,1,59.72197307024862,8.209999999999994,12.53643881585871
Волгоградская область,2024-08-01,23.69447232179941,1.4105522767729113,1.4105522767729113,0.0,0.0,1,0,58.14992956772875,8.480000000000004,11.65277835260146
Волгоградская область,2024-09-01,25.32892777607647,-1.9115218364399809,-1.9115218364399809,-0.0,-0.0,0,1,57.74192483712304,8.260000000000005,11.61499919611365
Волгоградская область,2024-10-01,24.48951474645173,0.667769408390896,0.667769408390896,0.0,0.0,1,0,56.77428224876913,7.680000000000007,11.55823562698
Волгоградская область,2024-11-01,25.8879902262781,2.039278586154861,2.039278586154861,0.0,0.0,1,0,55.72523559444013,7.700000000000003,11.38497003765606
Волгоградская область,2024-12-01,27.49014801601838,0.34090421830265427,0.34090421830265427,0.0,0.0,1,-1,53.10525598153154,8.989999999999995,11.51978678661365
Волгоградская область,2025-01-01,27.27271058020173,0.24822008087726388,0.24822008087726388,0.0,0.0,-1,0,51.19678321768245,8.719999999999999,12.0803605783719
Волгоградская область,2025-02-01,29.29983607786384,0.31653560056003016,0.31653560056003016,0.0,0.0,0,-1,49.59101167641155,9.280000000000001,12.10527941328469
Волгоградская область,2025-03-01,29.89506425486078,0.41369500741819465,0.41369500741819465,0.0,0.0,-1,0,48.65776927778432,9.340000000000003,12.37529069743926
Волгоградская область,2025-04-01,30.3474469961305,0.5812476727093596,0.5812476727093596,0.0,0.0,1,0,47.99566147581431,9.510000000000005,12.67222502280316
Волгоградская область,2025-05-01,27.51322705223537,0.3820181297639742,0.3820181297639742,0.0,0.0,0,1,47.36631196171874,9.680000000000007,12.59651422441884
Волгоградская область,2025-06-01,27.4087537404925,0.6128194128495359,0.6128194128495359,0.0,0.0,0,0,46.94594766080272,9.25,12.68132650902837
Волгоградская область,2025-07-01,26.73368121090092,-0.2977272507310609,-0.2977272507310609,-0.0,-0.0,0,0,46.29734836987662,8.709999999999994,13.15020717577042
Волгоградская область,2025-08-01,26.00044057378137,-1.399483474742535,-1.399483474742535,-0.0,-0.0,1,0,45.49452851557822,8.030000000000001,12.30802320494271
Волгоградская область,2025-09-01,25.02774370049748,0.2588989388809786,0.2588989388809786,0.0,0.0,0,0,45.47566148359665,7.659999999999997,12.31300117814992
Волгоградская область,2025-10-01,23.50321645724114,-0.43597080805563593,-0.43597080805563593,-0.0,-0.0,-1,0,45.13545361351091,7.870000000000005,12.33054965009821
Волгоградская область,2025-11-01,24.25984647754243,-0.19410526130430839,-0.19410526130430839,-0.0,-0.0,1,1,45.10051837712007,7.709999999999994,12.23670421386067
Волгоградская область,2025-12-01,24.66282800862035,0.2813157398373711,0.2813157398373711,0.0,0.0,0,0,44.94356538193895,5.629999999999995,12.49325102584035
Вологодская область,2019-03-01,14.67150533768309,0.7128714995200838,0.0,0.0,0.0,0,0,54.06447516127532,4.719999999999999,13.49763255484979
Вологодская область,2019-04-01,14.60840798413373,0.6911493920479934,0.0,0.0,0.0,0,0,54.10297972073723,4.579999999999998,13.56058411540769
Вологодская область,2019-05-01,14.65222279362782,0.45783100689424217,0.0,0.0,0.0,1,0,55.74167353809663,4.700000000000003,13.5158365883854
Вологодская область,2019-06-01,14.77530403096209,0.5041451542673663,0.0,0.0,0.0,0,0,56.07527046451018,4.579999999999998,13.45733284642112
Вологодская область,2019-07-01,14.64395935288501,0.14629311794748645,0.0,0.0,0.0,0,1,56.22566643907586,3.980000000000004,13.21355686456436
Вологодская область,2019-08-01,14.61901408514073,0.061654111534494405,0.0,0.0,0.0,0,0,53.9754371605659,3.769999999999996,13.41750407007262
Вологодская область,2019-09-01,14.16069843685998,0.2864871600654304,0.0,0.0,0.0,0,0,54.39441512854005,3.370000000000005,13.37798344026482
Вологодская область,2019-10-01,14.042086173101,0.199118629193201,0.0,0.0,0.0,0,0,54.81488551590448,3.260000000000005,13.57806223962154
Вологодская область,2019-11-01,14.3528302558081,-0.3451712223245451,-0.0,-0.0,-0.0,1,0,56.53520301094732,3.379999999999995,13.46184658906579
Вологодская область,2019-12-01,14.15623188694647,-0.11071296164861266,-0.0,-0.0,-0.0,0,0,56.78098490735211,3.400000000000006,13.47231379059554
Вологодская область,2020-01-01,13.949665032698,0.4934187707708695,0.0,0.0,0.0,0,0,56.47166111764898,2.930000000000007,13.41010388994242
Вологодская область,2020-02-01,13.99915026201746,0.717717316165718,0.0,0.0,0.0,0,0,55.82674316108643,2.459999999999994,13.45030582882221
Вологодская область,2020-03-01,13.99875404468365,0.5448138582658153,0.0,0.0,0.0,0,0,55.67029966430718,2.359999999999999,13.50367750614593
Вологодская область,2020-04-01,13.50536968851034,0.24910450663146122,0.0,0.0,0.0,0,-1,56.19913248259412,3.030000000000001,13.31395158077177
Вологодская область,2020-05-01,13.52261982610074,0.12930980432325967,0.0,0.0,0.0,-1,0,55.24729657537895,3.599999999999994,14.11311538695676
Вологодская область,2020-06-01,13.60259551028725,0.4216232562547013,0.0,0.0,0.0,0,0,54.83640276188224,3.590000000000003,14.09486678622948
Вологодская область,2020-07-01,13.51960600916417,-1.5016319110366503,-0.0,-0.0,-0.0,0,0,55.01162329398883,3.980000000000004,14.25210982062465
Вологодская область,2020-08-01,13.10174353131418,-0.8645661305373835,-0.0,-0.0,-0.0,0,0,54.80485654694193,4.390000000000001,14.16476548888122
Вологодская область,2020-09-01,13.13733270222513,-0.7937016241842549,-0.0,-0.0,-0.0,0,-1,55.74522193232009,4.310000000000002,14.039061786485
Вологодская область,2020-10-01,13.05842229246776,-1.2364929674992595,-0.0,-0.0,-0.0,-1,0,56.4518123989178,4.060000000000002,14.26688952007713
Вологодская область,2020-11-01,12.75461069463409,-1.3589786818048175,-0.0,-0.0,-0.0,0,0,58.04156770026713,4.099999999999994,13.69179639680096
Вологодская область,2020-12-01,12.87408071541933,-1.7089361724181273,-0.0,-0.0,-0.0,0,0,57.81906549300454,4.530000000000001,13.85701708426344
Вологодская область,2021-01-01,12.63299729906174,3.0895976215913166,0.0,0.0,0.0,0,0,57.63906171166961,5.280000000000001,13.9187840701481
Вологодская область,2021-02-01,12.56555380730114,-0.05176615786507455,-0.0,-0.0,-0.0,0,0,59.1078878352995,5.730000000000004,13.87191776955993
Вологодская область,2021-03-01,12.3883254308138,-0.6104025253424652,-0.0,-0.0,-0.0,0,0,60.1985345326072,6.260000000000005,13.84976619133468
Вологодская область,2021-04-01,12.20300537614252,-0.5967440618905293,-0.0,-0.0,-0.0,0,0,61.28850600816712,5.790000000000006,14.01410462945982
Вологодская область,2021-05-01,12.10886731196038,-0.241937869195743,-0.0,-0.0,-0.0,0,1,62.18846823024801,5.5,14.08203366853084
Вологодская область,2021-06-01,12.33322097553763,-0.7676306960714552,-0.0,-0.0,-0.0,0,0,63.14969913432576,6.120000000000005,13.48559697146618
Вологодская область,2021-07-01,12.42231036877267,0.08560806359759354,0.0,0.0,0.0,0,0,64.00419320390131,6.409999999999997,13.94690948575118
Вологодская область,2021-08-01,12.21662923488856,0.3090771946763784,0.0,0.0,0.0,1,1,64.26269255684616,6.170000000000002,13.72919061055365
Вологодская область,2021-09-01,12.22670221153211,-0.6460537301930689,-0.0,-0.0,-0.0,0,0,64.94559831822086,6.680000000000007,13.64609303304958
Вологодская область,2021-10-01,12.11266057885114,-0.6175372517280238,-0.0,-0.0,-0.0,0,0,65.6793302820383,7.980000000000004,13.67400970111246
Вологодская область,2021-11-01,12.60292193035778,-0.12114037446266934,-0.0,-0.0,-0.0,1,0,66.88938525032833,8.590000000000003,13.63458518715746
Вологодская область,2021-12-01,13.06893220636774,-0.26721650241728057,-0.0,-0.0,-0.0,0,0,65.73436097744082,9.239999999999995,13.46775236715865
Вологодская область,2022-01-01,13.12125833494557,0.27464209751393653,0.0,0.0,0.0,0,0,66.34906440423829,9.310000000000002,13.43541047624815
Вологодская область,2022-02-01,13.68836036783649,-0.3501956198858558,-0.0,-0.0,-0.0,0,0,66.79260914172521,9.810000000000002,12.85092952388472
Вологодская область,2022-03-01,13.36176824485444,4.941478356719127,0.0,0.0,0.0,0,-1,65.98059026599418,10.08,13.19048103900275
Вологодская область,2022-04-01,19.21615343239879,1.4923126339086181,0.0,0.0,0.0,-1,-1,64.6329740895712,18.31,14.13873873084881
Вологодская область,2022-05-01,19.37281442916938,-1.244790623444267,-0.0,-0.0,-0.0,0,0,63.34747157001772,19.15000000000001,13.9500849027165
Вологодская область,2022-06-01,19.19685862011599,-3.118179668249544,-0.0,-0.0,-0.0,0,0,62.21083224705569,18.78,14.09894852137181
Вологодская область,2022-07-01,18.31759904925033,-0.386746413724417,-0.0,-0.0,-0.0,0,0,61.50603657353175,17.12,14.6355247015366
Вологодская область,2022-08-01,16.19326508888339,-1.1110066252555733,-0.0,-0.0,-0.0,0,0,61.49858920786785,16.13,14.37342410367971
Вологодская область,2022-09-01,15.65490567307497,1.7547062341946287,0.0,0.0,0.0,0,0,61.1718607394109,15.98,14.41653720083436
Вологодская область,2022-10-01,15.83197441115904,1.2482715752793254,0.0,0.0,0.0,0,0,61.32656768454673,14.8,14.42479570957845
Вологодская область,2022-11-01,15.3444823224766,0.32653909912163215,0.0,0.0,0.0,0,0,59.45838692256298,13.7,14.3033226166975
Вологодская область,2022-12-01,15.87094674893913,0.14955653030453497,0.0,0.0,0.0,0,1,59.50330216837379,12.68000000000001,14.64726233218617
Вологодская область,2023-01-01,16.2881578302735,0.13967960707903515,0.0,0.0,0.0,0,0,59.39141194002717,12.58,14.41729536348654
Вологодская область,2023-02-01,16.27235417418111,-1.9472998218897306,-0.0,-0.0,-0.0,1,0,61.2270197504091,12.19,14.53939339048727
Вологодская область,2023-03-01,16.04020883114562,-0.4649545463768856,-0.0,-0.0,-0.0,0,0,61.67351896310094,11.05,14.42248687210968
Вологодская область,2023-04-01,15.83922997821161,-0.5507806832459252,-0.0,-0.0,-0.0,0,0,62.32718765568141,3.340000000000003,14.10936469958373
Вологодская область,2023-05-01,15.69161938616929,-0.46521849390664727,-0.0,-0.0,-0.0,0,0,62.76600361802226,2.849999999999994,13.94490124655103
Вологодская область,2023-06-01,15.92793477549773,-0.5347109788556779,-0.0,-0.0,-0.0,0,1,63.09803786174671,2.5,13.32120176808575
Вологодская область,2023-07-01,15.93825657120397,-0.5497632155639387,-0.0,-0.0,-0.0,0,1,63.59052685217156,3.590000000000003,13.36913198960074
Вологодская область,2023-08-01,15.67043871085144,0.2078297309388475,0.0,0.0,0.0,1,0,62.00253182760726,4.819999999999993,13.11472895247744
Вологодская область,2023-09-01,15.85945174566063,2.7050587479091437,0.0,0.0,0.0,0,1,63.37256704054772,5.189999999999998,12.9842131324654
Вологодская область,2023-10-01,17.4569747574454,0.8633696772512707,0.0,0.0,0.0,1,0,64.50460499523386,6.319999999999993,12.90775142517897
Вологодская область,2023-11-01,18.08441039745651,1.714265038508227,0.0,0.0,0.0,1,0,66.63259603834992,6.819999999999993,12.70158552739477
Вологодская область,2023-12-01,19.67312056612001,-1.5282051620880424,-0.0,-0.0,-0.0,0,1,66.67292096163476,7.620000000000005,12.82232056002119
Вологодская область,2024-01-01,19.0833996613153,0.6818813931607863,0.0,0.0,0.0,0,0,65.5842418301063,7.829999999999998,12.91215588966986
Вологодская область,2024-02-01,21.7087503386201,-1.5559611222700127,-0.0,-0.0,-0.0,1,0,67.02447014772886,7.709999999999994,13.0119212026229
Вологодская область,2024-03-01,22.48747626940201,-0.03662363343873665,-0.0,-0.0,-0.0,0,0,67.26802460750912,8.060000000000002,12.87419123081549
Вологодская область,2024-04-01,21.59274719008681,-0.07535756412256944,-0.0,-0.0,-0.0,0,0,66.54433409207968,7.950000000000003,12.79192222419145
Вологодская область,2024-05-01,21.70171333622307,-1.8174537430626252,-0.0,-0.0,-0.0,0,1,64.44608222704322,7.819999999999993,12.76741498230972
Вологодская область,2024-06-01,21.77352121223249,-0.4392507252018447,-0.0,-0.0,-0.0,0,1,64.5545679383572,8.14,12.37136124323122
Вологодская область,2024-07-01,22.27428270665172,-0.5869739684411108,-0.0,-0.0,-0.0,0,1,65.03453106508408,8.480000000000004,12.43637228325713
Вологодская область,2024-08-01,22.67204457031893,1.4105522767729113,0.0,0.0,0.0,1,0,64.59770923284925,8.909999999999997,11.50340742328915
Вологодская область,2024-09-01,23.90967287394238,-1.9115218364399809,-0.0,-0.0,-0.0,0,1,64.14931223642266,8.780000000000001,11.46708271841166
Вологодская область,2024-10-01,24.32970428973475,0.667769408390896,0.0,0.0,0.0,1,0,63.28238837089371,8.329999999999998,11.48334446382612
Вологодская область,2024-11-01,25.39077172537161,2.039278586154861,0.0,0.0,0.0,1,0,61.72319146350878,8.769999999999996,11.34276584147686
Вологодская область,2024-12-01,26.83201529330636,0.34090421830265427,0.0,0.0,0.0,1,-1,58.83747779912654,9.519999999999996,11.50497806962785
Вологодская область,2025-01-01,27.1801014371896,0.24822008087726388,0.0,0.0,0.0,-1,0,56.51241379465629,10.02,12.181717562876
Вологодская область,2025-02-01,29.28126182294403,0.31653560056003016,0.0,0.0,0.0,0,-1,55.38931135159923,10.62,12.19283373225781
Вологодская область,2025-03-01,29.0633486631394,0.41369500741819465,0.0,0.0,0.0,-1,0,53.8887040795228,11.29000000000001,12.51619983176331
Вологодская область,2025-04-01,28.94854600275765,0.5812476727093596,0.0,0.0,0.0,1,0,53.48715304123491,12.23999999999999,12.82856736691872
Вологодская область,2025-05-01,27.31592697029952,0.3820181297639742,0.0,0.0,0.0,0,1,52.30454240070583,12.26000000000001,12.72888571820828
Вологодская область,2025-06-01,27.35356855459645,0.6128194128495359,0.0,0.0,0.0,0,0,51.91659082573008,11.98,12.80177940456622
Вологодская область,2025-07-01,25.93315039358858,-0.2977272507310609,-0.0,-0.0,-0.0,0,0,51.3436953292164,11.7,13.29823985939417
Вологодская область,2025-08-01,24.76938742843843,-1.399483474742535,-0.0,-0.0,-0.0,1,0,50.20668801168201,11.06999999999999,12.33454410792813
Вологодская область,2025-09-01,23.42958854951196,0.2588989388809786,0.0,0.0,0.0,0,0,50.27936667034648,10.40000000000001,12.36746466186379
Вологодская область,2025-10-01,22.0361053884217,-0.43597080805563593,-0.0,-0.0,-0.0,-1,0,50.25395387767785,10.01000000000001,12.45175007884099
Вологодская область,2025-11-01,22.62697159266149,-0.19410526130430839,-0.0,-0.0,-0.0,1,1,50.3111592946703,9.260000000000005,12.34126302852822
Вологодская область,2025-12-01,23.99754235262981,0.2813157398373711,0.0,0.0,0.0,0,0,50.3035629568413,7.799999999999997,12.60891283496126
Воронежская область,2019-03-01,15.14049416564748,0.7128714995200838,0.0,0.0,0.0,0,0,48.81815595056262,5.340000000000003,13.61939324752914
Воронежская область,2019-04-01,14.99396070591961,0.6911493920479934,0.0,0.0,0.0,0,0,49.32551656310498,5.269999999999996,13.63526011729324
Воронежская область,2019-05-01,15.05898569596588,0.45783100689424217,0.0,0.0,0.0,1,0,49.85842524295782,5.109999999999999,13.51085957817915
Воронежская область,2019-06-01,15.18009043953206,0.5041451542673663,0.0,0.0,0.0,0,0,50.47273948091212,5.099999999999994,13.45707041144538
Воронежская область,2019-07-01,15.08954749926285,0.14629311794748645,0.0,0.0,0.0,0,1,50.95527670704214,4.530000000000001,13.24119446201987
Воронежская область,2019-08-01,15.05746527327306,0.061654111534494405,0.0,0.0,0.0,0,0,51.00799769579296,4.480000000000004,13.50054981295804
Воронежская область,2019-09-01,14.56707609771927,0.2864871600654304,0.0,0.0,0.0,0,0,51.7470048953807,4.159999999999997,13.66665683111897
Воронежская область,2019-10-01,14.53934742719139,0.199118629193201,0.0,0.0,0.0,0,0,52.30087857963485,3.810000000000002,13.82166416290182
Воронежская область,2019-11-01,14.79350440715955,-0.3451712223245451,-0.0,-0.0,-0.0,1,0,52.51097324980412,3.700000000000003,13.73168604575392
Воронежская область,2019-12-01,14.36755195400114,-0.11071296164861266,-0.0,-0.0,-0.0,0,0,52.90474465493939,3.439999999999998,13.73603988083612
Воронежская область,2020-01-01,14.18625931772761,0.4934187707708695,0.0,0.0,0.0,0,0,53.13526551173655,2.560000000000002,13.64843792831451
Воронежская область,2020-02-01,14.3868247191646,0.717717316165718,0.0,0.0,0.0,0,0,53.71205538517094,2.319999999999993,13.62359010533737
Воронежская область,2020-03-01,14.47987138745378,0.5448138582658153,0.0,0.0,0.0,0,0,53.92774063684386,2.400000000000006,13.75045617124049
Воронежская область,2020-04-01,13.988633499426,0.24910450663146122,0.0,0.0,0.0,0,-1,54.61848454427539,3.099999999999994,13.52443974040345
Воронежская область,2020-05-01,14.11511723480726,0.12930980432325967,0.0,0.0,0.0,-1,0,54.23853428218507,3.909999999999997,14.32356555101357
Воронежская область,2020-06-01,14.09910294257659,0.4216232562547013,0.0,0.0,0.0,0,0,53.95169292331744,4.140000000000001,14.278253066181
Воронежская область,2020-07-01,14.02380443506919,-1.5016319110366503,-0.0,-0.0,-0.0,0,0,54.1795108644441,4.409999999999997,14.46134821286849
Воронежская область,2020-08-01,13.65083476445858,-0.8645661305373835,-0.0,-0.0,-0.0,0,0,54.79766542435181,4.620000000000005,14.41708777040252
Воронежская область,2020-09-01,13.19164417406405,-0.7937016241842549,-0.0,-0.0,-0.0,0,-1,55.65970896870856,4.870000000000005,14.26399544176868
Воронежская область,2020-10-01,13.49922013634721,-1.2364929674992595,-0.0,-0.0,-0.0,-1,0,56.09962649813517,5.099999999999994,14.44501174272947
Воронежская область,2020-11-01,13.23968852678283,-1.3589786818048175,-0.0,-0.0,-0.0,0,0,56.58720025706163,5.709999999999994,13.8727235474426
Воронежская область,2020-12-01,13.28681475524167,-1.7089361724181273,-0.0,-0.0,-0.0,0,0,56.41530793161986,6.079999999999998,14.03588247911834
Воронежская область,2021-01-01,13.14527691038791,3.0895976215913166,0.0,0.0,0.0,0,0,56.04958597153578,6.930000000000007,14.02584123173349
Воронежская область,2021-02-01,13.19683404155211,-0.05176615786507455,-0.0,-0.0,-0.0,0,0,56.21943768065815,6.849999999999994,14.01478952369858
Воронежская область,2021-03-01,13.00714892438036,-0.6104025253424652,-0.0,-0.0,-0.0,0,0,56.6234012277953,7.480000000000004,13.9973351044509
Воронежская область,2021-04-01,12.92590147287997,-0.5967440618905293,-0.0,-0.0,-0.0,0,0,57.24096172045661,7.310000000000002,14.08206878742267
Воронежская область,2021-05-01,12.6673296742504,-0.241937869195743,-0.0,-0.0,-0.0,0,1,57.19469885251412,7.299999999999997,14.24770565679698
Воронежская область,2021-06-01,13.02394630235958,-0.7676306960714552,-0.0,-0.0,-0.0,0,0,57.83327536504041,7.459999999999994,13.64244478012092
Воронежская область,2021-07-01,12.99388558486629,0.08560806359759354,0.0,0.0,0.0,0,0,58.54697875864956,7.849999999999994,14.03198142973244
Воронежская область,2021-08-01,13.01329018086228,0.3090771946763784,0.0,0.0,0.0,1,1,58.45183635841138,8.049999999999997,13.89091231826702
Воронежская область,2021-09-01,13.14387881881144,-0.6460537301930689,-0.0,-0.0,-0.0,0,0,59.05813161541806,8.569999999999993,13.81280652992979
Воронежская область,2021-10-01,13.09645412272873,-0.6175372517280238,-0.0,-0.0,-0.0,0,0,59.47926197033097,9.430000000000007,13.87036309480294
Воронежская область,2021-11-01,13.47310248806614,-0.12114037446266934,-0.0,-0.0,-0.0,1,0,59.69988237785788,9.829999999999998,13.81835515743917
Воронежская область,2021-12-01,13.57062614639282,-0.26721650241728057,-0.0,-0.0,-0.0,0,0,59.31398095087057,9.61,13.64199459481268
Воронежская область,2022-01-01,13.60859323894784,0.27464209751393653,0.0,0.0,0.0,0,0,59.38407343510508,9.280000000000001,13.58750508002519
Воронежская область,2022-02-01,14.05925753528534,-0.3501956198858558,-0.0,-0.0,-0.0,0,0,59.90179631875113,9.569999999999993,13.04343988643418
Воронежская область,2022-03-01,14.32560805910664,4.941478356719127,0.0,0.0,0.0,0,-1,60.52568993592178,9.719999999999999,13.37381981773551
Воронежская область,2022-04-01,20.82330963839634,1.4923126339086181,0.0,0.0,0.0,-1,-1,60.0234858952707,17.2,14.2444751507895
Воронежская область,2022-05-01,22.31686173666039,-1.244790623444267,-0.0,-0.0,-0.0,0,0,57.48792961773793,18.37,14.07311045368525
Воронежская область,2022-06-01,19.9695999023381,-3.118179668249544,-0.0,-0.0,-0.0,0,0,56.67286665044566,18.09,14.21233035316229
Воронежская область,2022-07-01,18.62752739287704,-0.386746413724417,-0.0,-0.0,-0.0,0,0,56.12595300469514,16.86,14.84291915431641
Воронежская область,2022-08-01,16.76429321110115,-1.1110066252555733,-0.0,-0.0,-0.0,0,0,57.43968721058146,15.28,14.5805935928125
Воронежская область,2022-09-01,16.84672453413154,1.7547062341946287,0.0,0.0,0.0,0,0,57.37452524717461,14.3,14.62890441509769
Воронежская область,2022-10-01,16.81883648306241,1.2482715752793254,0.0,0.0,0.0,0,0,57.54057546541191,13.40000000000001,14.60032561272709
Воронежская область,2022-11-01,16.17761903910395,0.32653909912163215,0.0,0.0,0.0,0,0,58.52039056648702,12.67,14.50207865336061
Воронежская область,2022-12-01,16.45446053834561,0.14955653030453497,0.0,0.0,0.0,0,1,58.57629149805502,12.14,14.73288574617626
Воронежская область,2023-01-01,17.1739871259032,0.13967960707903515,0.0,0.0,0.0,0,0,58.5520326117059,12.34,14.48312715145089
Воронежская область,2023-02-01,16.68899672270383,-1.9472998218897306,-0.0,-0.0,-0.0,1,0,58.5449391152711,12.20999999999999,14.63944120172655
Воронежская область,2023-03-01,16.6465725406005,-0.4649545463768856,-0.0,-0.0,-0.0,0,0,58.41866230880842,11.36,14.48192186309044
Воронежская область,2023-04-01,16.43280388769646,-0.5507806832459252,-0.0,-0.0,-0.0,0,0,59.06563796162535,3.769999999999996,14.2786601827901
Воронежская область,2023-05-01,16.26641027693985,-0.46521849390664727,-0.0,-0.0,-0.0,0,0,58.31699145618646,2.129999999999995,14.13753526006447
Воронежская область,2023-06-01,16.5061566838955,-0.5347109788556779,-0.0,-0.0,-0.0,0,1,58.77717179984467,1.530000000000001,13.55191921648005
Воронежская область,2023-07-01,16.38288433399907,-0.5497632155639387,-0.0,-0.0,-0.0,0,1,59.13151419560945,2.170000000000002,13.55955159391976
Воронежская область,2023-08-01,16.05318760605145,0.2078297309388475,0.0,0.0,0.0,1,0,58.36524688716501,3.549999999999997,13.27997317728704
Воронежская область,2023-09-01,16.81947009324038,2.7050587479091437,0.0,0.0,0.0,0,1,59.50506034526578,4.329999999999998,13.23264240995955
Воронежская область,2023-10-01,18.58272277248839,0.8633696772512707,0.0,0.0,0.0,1,0,60.89124941993425,5.390000000000001,13.12483208519361
Воронежская область,2023-11-01,19.27823125791485,1.714265038508227,0.0,0.0,0.0,1,0,60.08883649532512,5.969999999999999,12.93898274657133
Воронежская область,2023-12-01,19.7871231196414,-1.5282051620880424,-0.0,-0.0,-0.0,0,1,60.27515018473481,6.950000000000003,12.97778927760708
Воронежская область,2024-01-01,20.88572578582522,0.6818813931607863,0.0,0.0,0.0,0,0,59.35422583830054,7.010000000000005,13.03407691024243
Воронежская область,2024-02-01,23.23667551421832,-1.5559611222700127,-0.0,-0.0,-0.0,1,0,60.38514276467404,6.879999999999995,13.10494302258415
Воронежская область,2024-03-01,24.49633488170084,-0.03662363343873665,-0.0,-0.0,-0.0,0,0,60.02998597780944,7.150000000000006,12.97672448671983
Воронежская область,2024-04-01,23.84784112494859,-0.07535756412256944,-0.0,-0.0,-0.0,0,0,60.24352855161871,7.260000000000005,12.87074436765984
Воронежская область,2024-05-01,23.34339363851164,-1.8174537430626252,-0.0,-0.0,-0.0,0,1,60.58041361771706,7.230000000000004,12.8430677768583
Воронежская область,2024-06-01,23.63663726905425,-0.4392507252018447,-0.0,-0.0,-0.0,0,1,60.86154389388656,7.879999999999995,12.44516865313193
Воронежская область,2024-07-01,23.38550514363021,-0.5869739684411108,-0.0,-0.0,-0.0,0,1,61.82285996394607,8.310000000000002,12.55581597232448
Воронежская область,2024-08-01,24.09095366785013,1.4105522767729113,0.0,0.0,0.0,1,0,61.19297366034004,9.079999999999998,11.61878855932991
Воронежская область,2024-09-01,25.71956940503748,-1.9115218364399809,-0.0,-0.0,-0.0,0,1,60.98396362653319,9.349999999999994,11.60224475409247
Воронежская область,2024-10-01,25.57863884573827,0.667769408390896,0.0,0.0,0.0,1,0,60.32577466886271,9.230000000000004,11.61505989725041
Воронежская область,2024-11-01,27.7952955275957,2.039278586154861,0.0,0.0,0.0,1,0,59.10532526394336,9.620000000000005,11.47275938334457
Воронежская область,2024-12-01,28.1509435106804,0.34090421830265427,0.0,0.0,0.0,1,-1,56.56553365067288,10.34999999999999,11.60993999656527
Воронежская область,2025-01-01,27.70140428268885,0.24822008087726388,0.0,0.0,0.0,-1,0,54.69006767247019,10.45,12.27456623100581
Воронежская область,2025-02-01,29.32880636477835,0.31653560056003016,0.0,0.0,0.0,0,-1,53.17585627444201,11.09,12.27489792361161
Воронежская область,2025-03-01,30.44916297445675,0.41369500741819465,0.0,0.0,0.0,-1,0,52.21306711431711,11.52,12.57346397593479
Воронежская область,2025-04-01,30.04179741149845,0.5812476727093596,0.0,0.0,0.0,1,0,51.38575128457133,11.97,12.87074553467731
Воронежская область,2025-05-01,28.23657138770401,0.3820181297639742,0.0,0.0,0.0,0,1,49.95089350745587,11.81,12.78239029080424
Воронежская область,2025-06-01,28.12526953507037,0.6128194128495359,0.0,0.0,0.0,0,0,49.32928042334834,11.3,12.86735246400987
Воронежская область,2025-07-01,27.23968089791616,-0.2977272507310609,-0.0,-0.0,-0.0,0,0,48.57933880601674,10.93000000000001,13.32363743346608
Воронежская область,2025-08-01,25.53731062739314,-1.399483474742535,-0.0,-0.0,-0.0,1,0,47.74835576415875,10.23,12.43555306128069
Воронежская область,2025-09-01,25.03542093857634,0.2588989388809786,0.0,0.0,0.0,0,0,47.46823826347837,8.900000000000006,12.46828182905208
Воронежская область,2025-10-01,23.41225218968793,-0.43597080805563593,-0.0,-0.0,-0.0,-1,0,47.12957990689357,8.310000000000002,12.43460618821795
Воронежская область,2025-11-01,23.85160528566555,-0.19410526130430839,-0.0,-0.0,-0.0,1,1,46.90586419780934,7.840000000000003,12.33073398476902
Воронежская область,2025-12-01,24.60813354791787,0.2813157398373711,0.0,0.0,0.0,0,0,46.60777267501888,6.209999999999994,12.58972546174349
Еврейская автономная область,2019-03-01,15.07076906363799,0.7128714995200838,0.0,0.0,0.0,0,0,46.40331569869046,5.269999999999996,13.81124551402876
Еврейская автономная область,2019-04-01,15.18658565554241,0.6911493920479934,0.0,0.0,0.0,0,0,46.83512048808439,5.269999999999996,13.78956554678898
Еврейская автономная область,2019-05-01,15.06008688517035,0.45783100689424217,0.0,0.0,0.0,1,0,45.7875687308857,5.239999999999995,13.78408924839401
Еврейская автономная область,2019-06-01,15.2644751810301,0.5041451542673663,0.0,0.0,0.0,0,0,46.16513874898954,5.450000000000003,13.75692408040357
Еврейская автономная область,2019-07-01,14.81442860332916,0.14629311794748645,0.0,0.0,0.0,0,1,46.39057389741303,5.359999999999999,13.43613047967344
Еврейская автономная область,2019-08-01,15.01201067064573,0.061654111534494405,0.0,0.0,0.0,0,0,45.55964573151949,5.379999999999995,13.65806875213318
Еврейская автономная область,2019-09-01,14.84770153382634,0.2864871600654304,0.0,0.0,0.0,0,0,46.11522266078503,5.659999999999997,13.97472679849884
Еврейская автономная область,2019-10-01,14.7491900314946,0.199118629193201,0.0,0.0,0.0,0,0,46.46263709086831,5.519999999999996,14.15104839173438
Еврейская автономная область,2019-11-01,15.10955962198586,-0.3451712223245451,-0.0,-0.0,-0.0,1,0,48.7446244645948,5.25,14.0651721167564
Еврейская автономная область,2019-12-01,14.75641671427002,-0.11071296164861266,-0.0,-0.0,-0.0,0,0,49.00060058020554,5.0,14.06174024644033
Еврейская автономная область,2020-01-01,14.46510790454121,0.4934187707708695,0.0,0.0,0.0,0,0,48.74746453293712,4.719999999999999,13.93771118482083
Еврейская автономная область,2020-02-01,14.6279620241999,0.717717316165718,0.0,0.0,0.0,0,0,50.5986082865364,4.75,13.8871956984285
Еврейская автономная область,2020-03-01,14.41709273749559,0.5448138582658153,0.0,0.0,0.0,0,0,50.56600924572948,4.519999999999996,13.97321901402015
Еврейская автономная область,2020-04-01,14.3510587604664,0.24910450663146122,0.0,0.0,0.0,0,-1,50.95887648727333,4.629999999999995,13.70271989430784
Еврейская автономная область,2020-05-01,13.84705797352063,0.12930980432325967,0.0,0.0,0.0,-1,0,47.89264021846913,5.5,14.57321522959291
Еврейская автономная область,2020-06-01,14.05780880661221,0.4216232562547013,0.0,0.0,0.0,0,0,47.81200836005458,5.290000000000006,14.37426499871531
Еврейская автономная область,2020-07-01,13.98027757063181,-1.5016319110366503,-0.0,-0.0,-0.0,0,0,47.63990981835464,5.260000000000005,14.50530508039817
Еврейская автономная область,2020-08-01,13.75102674374178,-0.8645661305373835,-0.0,-0.0,-0.0,0,0,46.83714062126167,4.969999999999999,14.43800033706349
Еврейская автономная область,2020-09-01,13.59050375553217,-0.7937016241842549,-0.0,-0.0,-0.0,0,-1,47.32602706690113,4.920000000000002,14.28946130083729
Еврейская автономная область,2020-10-01,13.48003525260756,-1.2364929674992595,-0.0,-0.0,-0.0,-1,0,47.39821060514468,4.840000000000003,14.49209171548637
Еврейская автономная область,2020-11-01,13.30151599489226,-1.3589786818048175,-0.0,-0.0,-0.0,0,0,47.34296473976539,4.950000000000003,13.88075001854985
Еврейская автономная область,2020-12-01,13.33039828072406,-1.7089361724181273,-0.0,-0.0,-0.0,0,0,47.4811290769122,5.390000000000001,14.02892570521024
Еврейская автономная область,2021-01-01,13.25457044236733,3.0895976215913166,0.0,0.0,0.0,0,0,47.14003432702709,6.060000000000002,14.04200087728823
Еврейская автономная область,2021-02-01,12.94858161829516,-0.05176615786507455,-0.0,-0.0,-0.0,0,0,52.00709953963361,5.900000000000006,14.07065893911217
Еврейская автономная область,2021-03-01,12.7934021649545,-0.6104025253424652,-0.0,-0.0,-0.0,0,0,52.270693535398,6.159999999999997,14.04163362556088
Еврейская автономная область,2021-04-01,12.90674239350621,-0.5967440618905293,-0.0,-0.0,-0.0,0,0,52.93361327562462,6.079999999999998,14.12018764737906
Еврейская автономная область,2021-05-01,12.60519347196667,-0.241937869195743,-0.0,-0.0,-0.0,0,1,50.18172843175004,5.239999999999995,14.3034479162098
Еврейская автономная область,2021-06-01,12.88027051612811,-0.7676306960714552,-0.0,-0.0,-0.0,0,0,50.83709545096664,6.25,13.64605413385747
Еврейская автономная область,2021-07-01,12.8908990198615,0.08560806359759354,0.0,0.0,0.0,0,0,51.39698094077939,6.359999999999999,14.06467198235187
Еврейская автономная область,2021-08-01,13.07331498975565,0.3090771946763784,0.0,0.0,0.0,1,1,51.53154847015495,7.099999999999994,13.87466555660068
Еврейская автономная область,2021-09-01,13.47771139430107,-0.6460537301930689,-0.0,-0.0,-0.0,0,0,52.08954155778318,7.25,13.77087766345231
Еврейская автономная область,2021-10-01,13.43599158124247,-0.6175372517280238,-0.0,-0.0,-0.0,0,0,52.50552398538392,6.969999999999999,13.91729138411502
Еврейская автономная область,2021-11-01,13.76658742704176,-0.12114037446266934,-0.0,-0.0,-0.0,1,0,52.88345465560804,7.790000000000006,13.78174041076919
Еврейская автономная область,2021-12-01,13.50300590991137,-0.26721650241728057,-0.0,-0.0,-0.0,0,0,53.01885556142677,8.39,13.62471574654859
Еврейская автономная область,2022-01-01,13.62445943025178,0.27464209751393653,0.0,0.0,0.0,0,0,52.56968678373211,8.450000000000003,13.60831492774293
Еврейская автономная область,2022-02-01,14.17444380200328,-0.3501956198858558,-0.0,-0.0,-0.0,0,0,54.57071008330097,9.030000000000001,13.06543141988542
Еврейская автономная область,2022-03-01,14.39214342581499,4.941478356719127,0.0,0.0,0.0,0,-1,55.02579556660771,9.219999999999999,13.31206487076975
Еврейская автономная область,2022-04-01,17.66369381956499,1.4923126339086181,0.0,0.0,0.0,-1,-1,54.59136492953653,17.23,14.23718373955811
Еврейская автономная область,2022-05-01,18.63983882339266,-1.244790623444267,-0.0,-0.0,-0.0,0,0,53.3614333647977,18.20999999999999,14.10578550511621
Еврейская автономная область,2022-06-01,19.07360205561072,-3.118179668249544,-0.0,-0.0,-0.0,0,0,52.89766284735474,17.26000000000001,14.18328508083478
Еврейская автономная область,2022-07-01,18.39039134567499,-0.386746413724417,-0.0,-0.0,-0.0,0,0,52.54416483420005,15.78,14.84786772017906
Еврейская автономная область,2022-08-01,16.22176073143281,-1.1110066252555733,-0.0,-0.0,-0.0,0,0,51.0047020815217,15.19,14.56781230674701
Еврейская автономная область,2022-09-01,16.26597514327072,1.7547062341946287,0.0,0.0,0.0,0,0,50.81181714746044,14.61,14.58166325188465
Еврейская автономная область,2022-10-01,16.76824404429556,1.2482715752793254,0.0,0.0,0.0,0,0,51.2581318543432,14.23999999999999,14.54150543075583
Еврейская автономная область,2022-11-01,16.02896339579697,0.32653909912163215,0.0,0.0,0.0,0,0,51.96948044636239,13.69,14.42371318977034
Еврейская автономная область,2022-12-01,16.43983973824035,0.14955653030453497,0.0,0.0,0.0,0,1,52.13859256091403,12.86,14.66725039798655
Еврейская автономная область,2023-01-01,17.73983982002022,0.13967960707903515,0.0,0.0,0.0,0,0,52.1805049346133,13.04000000000001,14.45888543646983
Еврейская автономная область,2023-02-01,17.14513006636195,-1.9472998218897306,-0.0,-0.0,-0.0,1,0,53.57279651643234,13.04000000000001,14.60726808606602
Еврейская автономная область,2023-03-01,16.61153865701416,-0.4649545463768856,-0.0,-0.0,-0.0,0,0,53.19548525064206,12.09,14.43798510702388
Еврейская автономная область,2023-04-01,16.70102275966737,-0.5507806832459252,-0.0,-0.0,-0.0,0,0,53.50694925349977,4.349999999999994,14.28851923821417
Еврейская автономная область,2023-05-01,16.53029199303155,-0.46521849390664727,-0.0,-0.0,-0.0,0,0,55.73874631485351,3.560000000000002,14.16733313278454
Еврейская автономная область,2023-06-01,17.76456301027253,-0.5347109788556779,-0.0,-0.0,-0.0,0,1,56.49104504674109,3.640000000000001,13.46369739647847
Еврейская автономная область,2023-07-01,16.79933604210466,-0.5497632155639387,-0.0,-0.0,-0.0,0,1,56.78517664491382,4.180000000000007,13.48848765503163
Еврейская автономная область,2023-08-01,16.33197339893735,0.2078297309388475,0.0,0.0,0.0,1,0,55.25947922658791,4.459999999999994,13.19369206125042
Еврейская автономная область,2023-09-01,17.38754986157423,2.7050587479091437,0.0,0.0,0.0,0,1,56.56493206977861,5.620000000000005,13.02852527160275
Еврейская автономная область,2023-10-01,19.05572014877173,0.8633696772512707,0.0,0.0,0.0,1,0,57.43003029459944,6.900000000000006,12.96920307403329
Еврейская автономная область,2023-11-01,19.03800961019167,1.714265038508227,0.0,0.0,0.0,1,0,59.58558838377027,7.480000000000004,12.71227523641234
Еврейская автономная область,2023-12-01,21.1485343182279,-1.5282051620880424,-0.0,-0.0,-0.0,0,1,59.17696899697439,8.129999999999995,12.75817802512564
Еврейская автономная область,2024-01-01,22.03793821266392,0.6818813931607863,0.0,0.0,0.0,0,0,57.59401525166993,7.969999999999999,12.7672326104505
Еврейская автономная область,2024-02-01,23.8975930764735,-1.5559611222700127,-0.0,-0.0,-0.0,1,0,55.15453682453209,7.760000000000005,12.88958343654958
Еврейская автономная область,2024-03-01,25.97542732872552,-0.03662363343873665,-0.0,-0.0,-0.0,0,0,54.8854797176193,8.299999999999997,12.81645433542001
Еврейская автономная область,2024-04-01,24.15250161675148,-0.07535756412256944,-0.0,-0.0,-0.0,0,0,55.17573609190418,8.290000000000006,12.74441353432852
Еврейская автономная область,2024-05-01,23.96383866051979,-1.8174537430626252,-0.0,-0.0,-0.0,0,1,53.46743208251748,8.819999999999993,12.77841658751772
Еврейская автономная область,2024-06-01,24.5263251059582,-0.4392507252018447,-0.0,-0.0,-0.0,0,1,53.64044323948431,8.930000000000007,12.4091649125524
Еврейская автономная область,2024-07-01,25.73838578402883,-0.5869739684411108,-0.0,-0.0,-0.0,0,1,54.01158942263676,9.019999999999996,12.52693969061779
Еврейская автономная область,2024-08-01,26.17906078728159,1.4105522767729113,0.0,0.0,0.0,1,0,54.56887584371086,9.560000000000002,11.50311460234264
Еврейская автономная область,2024-09-01,27.24529517502546,-1.9115218364399809,-0.0,-0.0,-0.0,0,1,54.63525987735468,9.280000000000001,11.44981182670209
Еврейская автономная область,2024-10-01,27.03599229865827,0.667769408390896,0.0,0.0,0.0,1,0,54.21937848694947,8.480000000000004,11.42536415729736
Еврейская автономная область,2024-11-01,30.12301651582007,2.039278586154861,0.0,0.0,0.0,1,0,50.79726110931487,8.909999999999997,11.23890489073701
Еврейская автономная область,2024-12-01,30.35014456815243,0.34090421830265427,0.0,0.0,0.0,1,-1,48.03279639095289,9.090000000000003,11.35193402930045
Еврейская автономная область,2025-01-01,30.60809973161417,0.24822008087726388,0.0,0.0,0.0,-1,0,46.26792074939049,8.469999999999999,12.03621214833266
Еврейская автономная область,2025-02-01,32.5315215685846,0.31653560056003016,0.0,0.0,0.0,0,-1,44.84180980376014,8.980000000000004,12.06695940367245
Еврейская автономная область,2025-03-01,36.58472975840829,0.41369500741819465,0.0,0.0,0.0,-1,0,44.10231506193422,9.019999999999996,12.3657333832167
Еврейская автономная область,2025-04-01,33.55827339106807,0.5812476727093596,0.0,0.0,0.0,1,0,43.42153160201448,9.530000000000001,12.62237892538746
Еврейская автономная область,2025-05-01,34.52962321625334,0.3820181297639742,0.0,0.0,0.0,0,1,42.82125130082775,9.519999999999996,12.58592137945063
Еврейская автономная область,2025-06-01,34.01766328349056,0.6128194128495359,0.0,0.0,0.0,0,0,42.10870099337821,9.549999999999997,12.69717575852731
Еврейская автономная область,2025-07-01,31.31035587545472,-0.2977272507310609,-0.0,-0.0,-0.0,0,0,41.19591995361107,9.400000000000006,13.11360469094308
Еврейская автономная область,2025-08-01,30.47296940665826,-1.399483474742535,-0.0,-0.0,-0.0,1,0,40.40431180143824,9.260000000000005,12.24087551306932
Еврейская автономная область,2025-09-01,30.23561426739385,0.2588989388809786,0.0,0.0,0.0,0,0,40.24117314777214,8.620000000000005,12.2733717686095
Еврейская автономная область,2025-10-01,30.35209760986857,-0.43597080805563593,-0.0,-0.0,-0.0,-1,0,39.80416524794057,8.760000000000005,12.32882577763674
Еврейская автономная область,2025-11-01,31.46328713850951,-0.19410526130430839,-0.0,-0.0,-0.0,1,1,39.39729560164239,9.010000000000005,12.25665779792979
Еврейская автономная область,2025-12-01,32.42804105187517,0.2813157398373711,0.0,0.0,0.0,0,0,39.00322176159358,7.819999999999993,12.55833969010209
Забайкальский край,2019-03-01,15.30054816615719,0.7128714995200838,0.0,0.7128714995200838,0.0,0,0,30.01693342186329,4.969999999999999,13.52312124186096
Забайкальский край,2019-04-01,15.17628861349757,0.6911493920479934,0.0,0.6911493920479934,0.0,0,0,31.40086495518189,4.849999999999994,13.52038568284071
Забайкальский край,2019-05-01,15.34820653940241,0.45783100689424217,0.0,0.45783100689424217,0.0,1,0,32.88564436442311,4.980000000000004,13.43696867158484
Забайкальский край,2019-06-01,15.48646915034724,0.5041451542673663,0.0,0.5041451542673663,0.0,0,0,35.01849996812257,5.030000000000001,13.41855126613279
Забайкальский край,2019-07-01,15.37694277357072,0.14629311794748645,0.0,0.14629311794748645,0.0,0,1,36.85668389912352,5.010000000000005,13.17119236143287
Забайкальский край,2019-08-01,15.47335574206743,0.061654111534494405,0.0,0.061654111534494405,0.0,0,0,38.84765952076435,5.219999999999999,13.40466244341541
Забайкальский край,2019-09-01,15.12475769666641,0.2864871600654304,0.0,0.2864871600654304,0.0,0,0,40.71968883544082,4.950000000000003,13.4397004304829
Забайкальский край,2019-10-01,14.92159211995446,0.199118629193201,0.0,0.199118629193201,0.0,0,0,42.81661955571607,4.700000000000003,13.6573189487844
Забайкальский край,2019-11-01,15.17261994399507,-0.3451712223245451,-0.0,-0.3451712223245451,-0.0,1,0,44.70421522420507,4.319999999999993,13.53598310421062
Забайкальский край,2019-12-01,14.85195150950024,-0.11071296164861266,-0.0,-0.11071296164861266,-0.0,0,0,46.8292404685241,4.109999999999999,13.53159458415477
Забайкальский край,2020-01-01,14.72248012059919,0.4934187707708695,0.0,0.4934187707708695,0.0,0,0,50.17500781108981,3.849999999999994,13.49349692827223
Забайкальский край,2020-02-01,14.6378064885705,0.717717316165718,0.0,0.717717316165718,0.0,0,0,50.26663233047017,3.799999999999997,13.45422447368712
Забайкальский край,2020-03-01,14.64746032511454,0.5448138582658153,0.0,0.5448138582658153,0.0,0,0,50.50816100670057,3.430000000000007,13.55419705856759
Забайкальский край,2020-04-01,14.30128715358052,0.24910450663146122,0.0,0.24910450663146122,0.0,0,-1,50.8802290201085,3.959999999999994,13.26193839217898
Забайкальский край,2020-05-01,14.16699698471512,0.12930980432325967,0.0,0.12930980432325967,0.0,-1,0,50.45181579932014,4.620000000000005,14.21984261947664
Забайкальский край,2020-06-01,14.18899388467614,0.4216232562547013,0.0,0.4216232562547013,0.0,0,0,50.04250906212187,4.620000000000005,14.17976681328241
Забайкальский край,2020-07-01,14.23243601785039,-1.5016319110366503,-0.0,-1.5016319110366503,-0.0,0,0,50.16198352824431,4.439999999999998,14.34383687680034
Забайкальский край,2020-08-01,13.81970562977688,-0.8645661305373835,-0.0,-0.8645661305373835,-0.0,0,0,50.81696618483141,4.680000000000007,14.25717822343412
Забайкальский край,2020-09-01,13.75971793879344,-0.7937016241842549,-0.0,-0.7937016241842549,-0.0,0,-1,51.5429932336198,4.859999999999999,14.1173998973344
Забайкальский край,2020-10-01,13.73301971668541,-1.2364929674992595,-0.0,-1.2364929674992595,-0.0,-1,0,52.09016608965287,4.5,14.30047404810028
Забайкальский край,2020-11-01,13.50066211773777,-1.3589786818048175,-0.0,-1.3589786818048175,-0.0,0,0,52.75376291829735,4.370000000000005,13.6226675135625
Забайкальский край,2020-12-01,13.70899485157765,-1.7089361724181273,-0.0,-1.7089361724181273,-0.0,0,0,53.01226758979669,4.859999999999999,13.79689942361493
Забайкальский край,2021-01-01,13.56844784166842,3.0895976215913166,0.0,3.0895976215913166,0.0,0,0,52.55221411406328,5.299999999999997,13.88967136721994
Забайкальский край,2021-02-01,13.22675724377214,-0.05176615786507455,-0.0,-0.05176615786507455,-0.0,0,0,52.86007333662383,5.310000000000002,13.88273406646085
Забайкальский край,2021-03-01,13.14127152633694,-0.6104025253424652,-0.0,-0.6104025253424652,-0.0,0,0,53.25488042732949,5.909999999999997,13.85862835199345
Забайкальский край,2021-04-01,13.00821970247931,-0.5967440618905293,-0.0,-0.5967440618905293,-0.0,0,0,54.16499573966315,5.920000000000002,13.99391546975104
Забайкальский край,2021-05-01,12.71777430491499,-0.241937869195743,-0.0,-0.241937869195743,-0.0,0,1,55.45678738624788,5.489999999999995,14.14291622777179
Забайкальский край,2021-06-01,13.08822575147442,-0.7676306960714552,-0.0,-0.7676306960714552,-0.0,0,0,56.68423121585471,5.930000000000007,13.46699771460316
Забайкальский край,2021-07-01,13.19591417648821,0.08560806359759354,0.0,0.08560806359759354,0.0,0,0,57.48026870563648,6.420000000000002,13.93970399838439
Забайкальский край,2021-08-01,13.45407562012287,0.3090771946763784,0.0,0.3090771946763784,0.0,1,1,58.53210308606497,6.900000000000006,13.71991717204884
Забайкальский край,2021-09-01,13.33497312051484,-0.6460537301930689,-0.0,-0.6460537301930689,-0.0,0,0,59.62209657894929,7.359999999999999,13.65411039431121
Забайкальский край,2021-10-01,13.35093308880649,-0.6175372517280238,-0.0,-0.6175372517280238,-0.0,0,0,60.38640202941514,8.340000000000003,13.7834904537824
Забайкальский край,2021-11-01,13.80805025186735,-0.12114037446266934,-0.0,-0.12114037446266934,-0.0,1,0,60.78300000191628,8.909999999999997,13.69524222437187
Забайкальский край,2021-12-01,13.86264349675533,-0.26721650241728057,-0.0,-0.26721650241728057,-0.0,0,0,60.88928970974914,9.129999999999995,13.50168140037839
Забайкальский край,2022-01-01,14.04300830406424,0.27464209751393653,0.0,0.27464209751393653,0.0,0,0,61.15619506925128,9.370000000000005,13.47395675076273
Забайкальский край,2022-02-01,14.40923567036978,-0.3501956198858558,-0.0,-0.3501956198858558,-0.0,0,0,64.14896196552219,10.13,12.8795230283579
Забайкальский край,2022-03-01,13.98792655750729,4.941478356719127,0.0,4.941478356719127,0.0,0,-1,64.50434382247124,10.52,12.98662188681198
Забайкальский край,2022-04-01,18.12035086576628,1.4923126339086181,0.0,1.4923126339086181,0.0,-1,-1,63.91365105252016,17.94,13.86589974232642
Забайкальский край,2022-05-01,19.79331635198931,-1.244790623444267,-0.0,-1.244790623444267,-0.0,0,0,60.51007590437852,18.69,13.68452520193399
Забайкальский край,2022-06-01,19.95875902401593,-3.118179668249544,-0.0,-3.118179668249544,-0.0,0,0,59.47816530076194,18.15000000000001,13.75634992777086
Забайкальский край,2022-07-01,18.69670447279368,-0.386746413724417,-0.0,-0.386746413724417,-0.0,0,0,58.77900590608096,16.84999999999999,14.50962001660012
Забайкальский край,2022-08-01,16.38924068004716,-1.1110066252555733,-0.0,-1.1110066252555733,-0.0,0,0,58.69143055312548,15.84,14.22094381405752
Забайкальский край,2022-09-01,16.69090427259402,1.7547062341946287,0.0,1.7547062341946287,0.0,0,0,58.60724750212788,14.51000000000001,14.25085245272235
Забайкальский край,2022-10-01,16.50968211343994,1.2482715752793254,0.0,1.2482715752793254,0.0,0,0,58.82079828908764,14.0,14.22303481929062
Забайкальский край,2022-11-01,16.19515820308274,0.32653909912163215,0.0,0.32653909912163215,0.0,0,0,60.7338767705944,13.51000000000001,14.06958195346199
Забайкальский край,2022-12-01,16.71297958833,0.14955653030453497,0.0,0.14955653030453497,0.0,0,1,60.41476591592549,12.88,14.39191224468785
Забайкальский край,2023-01-01,17.66804907252973,0.13967960707903515,0.0,0.13967960707903515,0.0,0,0,60.19522680042337,12.98999999999999,14.13275541787533
Забайкальский край,2023-02-01,17.03092881908768,-1.9472998218897306,-0.0,-1.9472998218897306,-0.0,1,0,60.17058590346943,12.44,14.24554548121417
Забайкальский край,2023-03-01,16.76356588678385,-0.4649545463768856,-0.0,-0.4649545463768856,-0.0,0,0,60.0627692235953,11.48,14.09371886366235
Забайкальский край,2023-04-01,16.62496926741959,-0.5507806832459252,-0.0,-0.5507806832459252,-0.0,0,0,60.71526097238687,4.170000000000002,13.88662223818656
Забайкальский край,2023-05-01,16.51131086379506,-0.46521849390664727,-0.0,-0.46521849390664727,-0.0,0,0,60.10476237273532,3.510000000000005,13.72821870258942
Забайкальский край,2023-06-01,17.13735615131886,-0.5347109788556779,-0.0,-0.5347109788556779,-0.0,0,1,60.7089182346691,3.560000000000002,13.01107158804406
Забайкальский край,2023-07-01,16.91761115867374,-0.5497632155639387,-0.0,-0.5497632155639387,-0.0,0,1,61.67827174042317,4.329999999999998,13.02727933989207
Забайкальский край,2023-08-01,16.66052700124239,0.2078297309388475,0.0,0.2078297309388475,0.0,1,0,64.7283467827767,5.060000000000002,12.74376214880732
Забайкальский край,2023-09-01,17.20510323307196,2.7050587479091437,0.0,2.7050587479091437,0.0,0,1,66.15615378797308,6.329999999999998,12.61009197230126
Забайкальский край,2023-10-01,18.69008552795419,0.8633696772512707,0.0,0.8633696772512707,0.0,1,0,67.31629649816394,7.640000000000001,12.59124442599129
Забайкальский край,2023-11-01,18.98161021464601,1.714265038508227,0.0,1.714265038508227,0.0,1,0,65.00280860693167,8.549999999999997,12.47772687906598
Забайкальский край,2023-12-01,20.93750570933503,-1.5282051620880424,-0.0,-1.5282051620880424,-0.0,0,1,65.1825891912362,10.02,12.56554059815799
Забайкальский край,2024-01-01,21.04486130576037,0.6818813931607863,0.0,0.6818813931607863,0.0,0,0,63.26420878268104,10.06999999999999,12.71926712290258
Забайкальский край,2024-02-01,23.97357785140298,-1.5559611222700127,-0.0,-1.5559611222700127,-0.0,1,0,65.5762936190505,9.840000000000003,12.84835568296175
Забайкальский край,2024-03-01,24.69471441001163,-0.03662363343873665,-0.0,-0.03662363343873665,-0.0,0,0,65.16235530628643,9.939999999999998,12.69461284967766
Забайкальский край,2024-04-01,24.11537435676257,-0.07535756412256944,-0.0,-0.07535756412256944,-0.0,0,0,65.2065345314554,9.780000000000001,12.6311221384268
Забайкальский край,2024-05-01,23.99880653620885,-1.8174537430626252,-0.0,-1.8174537430626252,-0.0,0,1,66.5879365729543,9.469999999999999,12.63672047029834
Забайкальский край,2024-06-01,25.2547820377544,-0.4392507252018447,-0.0,-0.4392507252018447,-0.0,0,1,66.5501412995104,10.0,12.24434501032403
Забайкальский край,2024-07-01,25.03420320868495,-0.5869739684411108,-0.0,-0.5869739684411108,-0.0,0,1,66.77007476937891,9.790000000000006,12.45238434807159
Забайкальский край,2024-08-01,25.54152350904638,1.4105522767729113,0.0,1.4105522767729113,0.0,1,0,64.75652121686593,10.77,11.35341759767865
Забайкальский край,2024-09-01,27.66673938308526,-1.9115218364399809,-0.0,-1.9115218364399809,-0.0,0,1,64.67520800185554,10.52,11.32218708050742
Забайкальский край,2024-10-01,27.46586874799158,0.667769408390896,0.0,0.667769408390896,0.0,1,0,63.99766093489119,9.819999999999993,11.35007555041034
Забайкальский край,2024-11-01,27.83108674276245,2.039278586154861,0.0,2.039278586154861,0.0,1,0,59.94902130979837,9.560000000000002,11.22334559930117
Забайкальский край,2024-12-01,32.13582417780322,0.34090421830265427,0.0,0.34090421830265427,0.0,1,-1,56.53762097364158,8.879999999999995,11.36904710604809
Забайкальский край,2025-01-01,30.17259902118006,0.24822008087726388,0.0,0.24822008087726388,0.0,-1,0,53.95035528166567,8.75,12.14779117494592
Забайкальский край,2025-02-01,31.83180818174424,0.31653560056003016,0.0,0.31653560056003016,0.0,0,-1,53.51805842570021,9.430000000000007,12.10545563752121
Забайкальский край,2025-03-01,32.67420451346226,0.41369500741819465,0.0,0.41369500741819465,0.0,-1,0,52.78225737370384,9.450000000000003,12.39960165538667
Забайкальский край,2025-04-01,33.13659975804227,0.5812476727093596,0.0,0.5812476727093596,0.0,1,0,52.04714126489224,10.25,12.6814217316978
Забайкальский край,2025-05-01,31.15679222928507,0.3820181297639742,0.0,0.3820181297639742,0.0,0,1,52.20491654854646,10.20999999999999,12.61500430930084
Забайкальский край,2025-06-01,31.06428501482701,0.6128194128495359,0.0,0.6128194128495359,0.0,0,0,51.73961913952129,9.170000000000002,12.75323176685002
Забайкальский край,2025-07-01,30.76585166718758,-0.2977272507310609,-0.0,-0.2977272507310609,-0.0,0,0,50.98309879757259,9.200000000000003,13.16478701187244
Забайкальский край,2025-08-01,30.70733388848549,-1.399483474742535,-0.0,-1.399483474742535,-0.0,1,0,50.16903127673141,8.430000000000007,12.19645990514617
Забайкальский край,2025-09-01,29.85952789390434,0.2588989388809786,0.0,0.2588989388809786,0.0,0,0,50.35161049233739,7.969999999999999,12.2644341124215
Забайкальский край,2025-10-01,28.59041465393726,-0.43597080805563593,-0.0,-0.43597080805563593,-0.0,-1,0,49.76259737960638,7.670000000000002,12.32244440226197
Забайкальский край,2025-11-01,28.7323180129189,-0.19410526130430839,-0.0,-0.19410526130430839,-0.0,1,1,49.69328559877983,7.469999999999999,12.2499370448206
Забайкальский край,2025-12-01,28.48218733937941,0.2813157398373711,0.0,0.2813157398373711,0.0,0,0,49.19427235595067,7.579999999999998,12.55145562604596
Ивановская область,2019-03-01,15.38400441624924,0.7128714995200838,0.0,0.0,0.0,0,0,54.03028197008795,6.230000000000004,13.42508874793432
Ивановская область,2019-04-01,15.25284806612405,0.6911493920479934,0.0,0.0,0.0,0,0,53.8719279628471,6.060000000000002,13.46297859322634
Ивановская область,2019-05-01,15.28829511955294,0.45783100689424217,0.0,0.0,0.0,1,0,52.64872213921057,6.0,13.31211423384414
Ивановская область,2019-06-01,15.47276543393987,0.5041451542673663,0.0,0.0,0.0,0,0,52.72024892550255,5.829999999999998,13.27628058299388
Ивановская область,2019-07-01,15.22314561194243,0.14629311794748645,0.0,0.0,0.0,0,1,53.70855886990545,5.180000000000007,13.09260921864919
Ивановская область,2019-08-01,15.19701166587064,0.061654111534494405,0.0,0.0,0.0,0,0,55.39208857358348,5.189999999999998,13.38572240802142
Ивановская область,2019-09-01,14.8490149573469,0.2864871600654304,0.0,0.0,0.0,0,0,56.10515665039507,4.599999999999994,13.42333925721706
Ивановская область,2019-10-01,14.69795191277487,0.199118629193201,0.0,0.0,0.0,0,0,56.59536247001723,4.230000000000004,13.59138345430325
Ивановская область,2019-11-01,14.87699461350381,-0.3451712223245451,-0.0,-0.0,-0.0,1,0,55.81181392517778,3.680000000000007,13.49434269953242
Ивановская область,2019-12-01,14.62829785921816,-0.11071296164861266,-0.0,-0.0,-0.0,0,0,55.63195452989549,3.430000000000007,13.55655350042218
Ивановская область,2020-01-01,14.35261883941455,0.4934187707708695,0.0,0.0,0.0,0,0,55.528002145053,2.849999999999994,13.41935567364027
Ивановская область,2020-02-01,14.42994629785304,0.717717316165718,0.0,0.0,0.0,0,0,57.82824416639028,2.150000000000006,13.42551288317367
Ивановская область,2020-03-01,14.45302241079049,0.5448138582658153,0.0,0.0,0.0,0,0,57.98062003183347,2.219999999999999,13.49554814758913
Ивановская область,2020-04-01,13.89877207678257,0.24910450663146122,0.0,0.0,0.0,0,-1,58.44101753277572,2.870000000000005,13.22906459470825
Ивановская область,2020-05-01,14.18242087887462,0.12930980432325967,0.0,0.0,0.0,-1,0,57.06880869482421,3.519999999999996,14.00702631334807
Ивановская область,2020-06-01,13.95304792167087,0.4216232562547013,0.0,0.0,0.0,0,0,56.68177749104777,3.180000000000007,14.02442709437802
Ивановская область,2020-07-01,13.6992455409285,-1.5016319110366503,-0.0,-0.0,-0.0,0,0,56.92926013827275,3.680000000000007,14.18126219566905
Ивановская область,2020-08-01,13.51824986288856,-0.8645661305373835,-0.0,-0.0,-0.0,0,0,56.87160188871081,3.920000000000002,14.15186802968182
Ивановская область,2020-09-01,13.40916675272825,-0.7937016241842549,-0.0,-0.0,-0.0,0,-1,57.98881484477626,4.480000000000004,14.03134762601473
Ивановская область,2020-10-01,13.32874886159739,-1.2364929674992595,-0.0,-0.0,-0.0,-1,0,58.79079358725705,4.439999999999998,14.26025679898667
Ивановская область,2020-11-01,13.08491949225362,-1.3589786818048175,-0.0,-0.0,-0.0,0,0,58.34292614366533,5.060000000000002,13.68851741859933
Ивановская область,2020-12-01,13.23325948377946,-1.7089361724181273,-0.0,-0.0,-0.0,0,0,58.74921174248151,5.430000000000007,13.86617312002829
Ивановская область,2021-01-01,12.92228221205177,3.0895976215913166,0.0,0.0,0.0,0,0,58.8358813849791,5.790000000000006,13.86781464655992
Ивановская область,2021-02-01,12.9722986362746,-0.05176615786507455,-0.0,-0.0,-0.0,0,0,60.24310712417671,6.340000000000003,13.87208119045782
Ивановская область,2021-03-01,12.77655771106306,-0.6104025253424652,-0.0,-0.0,-0.0,0,0,60.77466661981779,6.989999999999995,13.83865643414648
Ивановская область,2021-04-01,12.73648714444154,-0.5967440618905293,-0.0,-0.0,-0.0,0,0,61.48507445408189,6.640000000000001,13.90750397584168
Ивановская область,2021-05-01,12.57766949377561,-0.241937869195743,-0.0,-0.0,-0.0,0,1,61.64730696290091,6.530000000000001,14.03307582440537
Ивановская область,2021-06-01,12.76591174144119,-0.7676306960714552,-0.0,-0.0,-0.0,0,0,62.29308670258867,7.200000000000003,13.46155423001967
Ивановская область,2021-07-01,12.86634993520464,0.08560806359759354,0.0,0.0,0.0,0,0,63.01138613132845,7.760000000000005,13.85687229424903
Ивановская область,2021-08-01,13.04195118670157,0.3090771946763784,0.0,0.0,0.0,1,1,63.37633181713544,7.569999999999993,13.63994742581496
Ивановская область,2021-09-01,13.00163962102699,-0.6460537301930689,-0.0,-0.0,-0.0,0,0,63.74510856107037,7.870000000000005,13.54148797315645
Ивановская область,2021-10-01,12.84683963550545,-0.6175372517280238,-0.0,-0.0,-0.0,0,0,64.04135805320207,8.599999999999994,13.58693404200823
Ивановская область,2021-11-01,13.32754356928501,-0.12114037446266934,-0.0,-0.0,-0.0,1,0,63.47711474322774,9.629999999999995,13.52114808855696
Ивановская область,2021-12-01,13.31891188699246,-0.26721650241728057,-0.0,-0.0,-0.0,0,0,62.83164403896233,9.769999999999996,13.38717184871006
Ивановская область,2022-01-01,13.56593008101478,0.27464209751393653,0.0,0.0,0.0,0,0,62.14093807554666,9.939999999999998,13.35962180128061
Ивановская область,2022-02-01,14.00158887852183,-0.3501956198858558,-0.0,-0.0,-0.0,0,0,64.85141373183949,10.18000000000001,12.8446127716648
Ивановская область,2022-03-01,14.07726000675863,4.941478356719127,0.0,0.0,0.0,0,-1,65.47536946471271,10.28,13.3961921895608
Ивановская область,2022-04-01,19.95827300875583,1.4923126339086181,0.0,0.0,0.0,-1,-1,64.24475572531053,19.54000000000001,14.26927784919166
Ивановская область,2022-05-01,22.11656051952473,-1.244790623444267,-0.0,-0.0,-0.0,0,0,62.15686617623896,21.45999999999999,14.09720462599453
Ивановская область,2022-06-01,20.93023827604044,-3.118179668249544,-0.0,-0.0,-0.0,0,0,61.17790411611267,20.41,14.1662592438514
Ивановская область,2022-07-01,19.01166724204955,-0.386746413724417,-0.0,-0.0,-0.0,0,0,60.5771878467252,19.17,14.69249084684154
Ивановская область,2022-08-01,17.35015849242785,-1.1110066252555733,-0.0,-0.0,-0.0,0,0,60.74518726228673,18.02,14.47362191531473
Ивановская область,2022-09-01,17.09217538709936,1.7547062341946287,0.0,0.0,0.0,0,0,60.6473375549164,16.78,14.46919636511669
Ивановская область,2022-10-01,16.27951744035755,1.2482715752793254,0.0,0.0,0.0,0,0,61.09915456222126,15.79000000000001,14.44363523624657
Ивановская область,2022-11-01,16.233312350149,0.32653909912163215,0.0,0.0,0.0,0,0,60.05213803781395,14.09999999999999,14.32318927011928
Ивановская область,2022-12-01,17.01930644076226,0.14955653030453497,0.0,0.0,0.0,0,1,60.2558334329267,13.58,14.54672281699099
Ивановская область,2023-01-01,17.22781690677635,0.13967960707903515,0.0,0.0,0.0,0,0,59.30849878749452,12.73,14.37092055631956
Ивановская область,2023-02-01,16.4267777255728,-1.9472998218897306,-0.0,-0.0,-0.0,1,0,60.55891941288419,12.66,14.51740011366283
Ивановская область,2023-03-01,16.4134088190921,-0.4649545463768856,-0.0,-0.0,-0.0,0,0,60.600091147059,12.26000000000001,14.36808201776695
Ивановская область,2023-04-01,15.94210362284821,-0.5507806832459252,-0.0,-0.0,-0.0,0,0,61.21899650050854,3.069999999999993,14.15419313331835
Ивановская область,2023-05-01,15.99455402461203,-0.46521849390664727,-0.0,-0.0,-0.0,0,0,62.2530091361219,0.9099999999999966,14.05242513279521
Ивановская область,2023-06-01,16.735957403459,-0.5347109788556779,-0.0,-0.0,-0.0,0,1,62.67966459450093,0.980000000000004,13.50730697901753
Ивановская область,2023-07-01,16.29818584435446,-0.5497632155639387,-0.0,-0.0,-0.0,0,1,63.19865682305208,1.670000000000002,13.53356927217144
Ивановская область,2023-08-01,15.98147099261136,0.2078297309388475,0.0,0.0,0.0,1,0,63.47290720320265,2.969999999999999,13.24465758501973
Ивановская область,2023-09-01,16.75960697333927,2.7050587479091437,0.0,0.0,0.0,0,1,65.05730340240066,4.200000000000003,13.12687800422414
Ивановская область,2023-10-01,17.84796186886375,0.8633696772512707,0.0,0.0,0.0,1,0,66.46920198456048,5.430000000000007,13.0145777300196
Ивановская область,2023-11-01,19.12023212690805,1.714265038508227,0.0,0.0,0.0,1,0,65.79467150201779,6.239999999999995,12.77329713442453
Ивановская область,2023-12-01,20.54923656301637,-1.5282051620880424,-0.0,-0.0,-0.0,0,1,65.9281115432001,7.019999999999996,12.82311035185628
Ивановская область,2024-01-01,20.98761524034748,0.6818813931607863,0.0,0.0,0.0,0,0,64.4045873935183,7.629999999999995,12.82292561010374
Ивановская область,2024-02-01,22.84551881957645,-1.5559611222700127,-0.0,-0.0,-0.0,1,0,65.17206465325654,7.859999999999999,12.90292236794315
Ивановская область,2024-03-01,22.99058206242037,-0.03662363343873665,-0.0,-0.0,-0.0,0,0,64.87013991973328,7.549999999999997,12.81715719876632
Ивановская область,2024-04-01,22.76611671419286,-0.07535756412256944,-0.0,-0.0,-0.0,0,0,65.1342374613963,7.819999999999993,12.72641446950126
Ивановская область,2024-05-01,21.95243257182684,-1.8174537430626252,-0.0,-0.0,-0.0,0,1,63.56726210591845,7.650000000000006,12.7124648525206
Ивановская область,2024-06-01,22.53226371509754,-0.4392507252018447,-0.0,-0.0,-0.0,0,1,63.97644183034218,8.180000000000007,12.33316417518533
Ивановская область,2024-07-01,23.56392398000278,-0.5869739684411108,-0.0,-0.0,-0.0,0,1,64.57731490708635,8.459999999999994,12.40459906451146
Ивановская область,2024-08-01,23.80098325515381,1.4105522767729113,0.0,0.0,0.0,1,0,64.07348299545077,9.39,11.46378082467585
Ивановская область,2024-09-01,25.5906033987668,-1.9115218364399809,-0.0,-0.0,-0.0,0,1,63.92157816012732,9.180000000000007,11.42100493239921
Ивановская область,2024-10-01,26.07668989906445,0.667769408390896,0.0,0.0,0.0,1,0,63.2518675161087,8.86,11.42304052069413
Ивановская область,2024-11-01,26.77027023779165,2.039278586154861,0.0,0.0,0.0,1,0,61.52484175143552,9.069999999999993,11.25651096790936
Ивановская область,2024-12-01,27.45132825877672,0.34090421830265427,0.0,0.0,0.0,1,-1,58.43285176854083,9.340000000000003,11.4173766553524
Ивановская область,2025-01-01,27.10710910763075,0.24822008087726388,0.0,0.0,0.0,-1,0,56.29676926659469,9.969999999999999,12.06411705598464
Ивановская область,2025-02-01,29.64907448077132,0.31653560056003016,0.0,0.0,0.0,0,-1,57.67678943419759,10.47,12.04134474845825
Ивановская область,2025-03-01,31.75574737736631,0.41369500741819465,0.0,0.0,0.0,-1,0,56.80615942189947,11.08,12.32925184822493
Ивановская область,2025-04-01,31.13822347142553,0.5812476727093596,0.0,0.0,0.0,1,0,56.19072823670578,11.53,12.60565762408847
Ивановская область,2025-05-01,28.46775689019142,0.3820181297639742,0.0,0.0,0.0,0,1,54.5662057522015,11.86,12.52158403292849
Ивановская область,2025-06-01,27.69793564059559,0.6128194128495359,0.0,0.0,0.0,0,0,53.97787522043721,11.45999999999999,12.58159588521084
Ивановская область,2025-07-01,27.08246183010323,-0.2977272507310609,-0.0,-0.0,-0.0,0,0,53.3347868651565,10.79000000000001,13.02139063732022
Ивановская область,2025-08-01,26.43112030447674,-1.399483474742535,-0.0,-0.0,-0.0,1,0,52.26046071819904,9.75,12.17276107144584
Ивановская область,2025-09-01,25.33814020598783,0.2588989388809786,0.0,0.0,0.0,0,0,52.26265490999906,9.439999999999998,12.18740193406548
Ивановская область,2025-10-01,22.66580742220913,-0.43597080805563593,-0.0,-0.0,-0.0,-1,0,51.88216387762395,9.019999999999996,12.31827838312246
Ивановская область,2025-11-01,23.1026460483372,-0.19410526130430839,-0.0,-0.0,-0.0,1,1,51.67763614410102,8.579999999999998,12.20130918978283
Ивановская область,2025-12-01,25.79839779220022,0.2813157398373711,0.0,0.0,0.0,0,0,51.4261714283729,7.620000000000005,12.47950419925319
Иркутская область,2019-03-01,14.88760118123043,0.7128714995200838,0.0,0.7128714995200838,0.0,0,0,57.19083012570848,5.859999999999999,13.57826991238926
Иркутская область,2019-04-01,14.83148247694421,0.6911493920479934,0.0,0.6911493920479934,0.0,0,0,56.96231276854399,6.090000000000003,13.54998291405587
Иркутская область,2019-05-01,14.91661658229046,0.45783100689424217,0.0,0.45783100689424217,0.0,1,0,55.71271611400822,6.310000000000002,13.45024899053734
Иркутская область,2019-06-01,15.11596265900764,0.5041451542673663,0.0,0.5041451542673663,0.0,0,0,55.39179191229665,6.040000000000006,13.41239899226763
Иркутская область,2019-07-01,14.96916245608222,0.14629311794748645,0.0,0.14629311794748645,0.0,0,1,55.40658280880242,6.219999999999999,13.1417937524918
Иркутская область,2019-08-01,14.95020326944709,0.061654111534494405,0.0,0.061654111534494405,0.0,0,0,54.13403142137012,6.129999999999995,13.40823255308164
Иркутская область,2019-09-01,14.66708733182802,0.2864871600654304,0.0,0.2864871600654304,0.0,0,0,54.33284196002202,6.450000000000003,13.49771578580125
Иркутская область,2019-10-01,14.43635151584491,0.199118629193201,0.0,0.199118629193201,0.0,0,0,54.73668199476733,5.379999999999995,13.70047803755013
Иркутская область,2019-11-01,14.78070462021174,-0.3451712223245451,-0.0,-0.3451712223245451,-0.0,1,0,53.76727877309274,4.870000000000005,13.60129182012505
Иркутская область,2019-12-01,14.43458126869632,-0.11071296164861266,-0.0,-0.11071296164861266,-0.0,0,0,53.785923822058,4.469999999999999,13.61877596411663
Иркутская область,2020-01-01,14.26957066147227,0.4934187707708695,0.0,0.4934187707708695,0.0,0,0,54.14040212898147,4.079999999999998,13.50057986140932
Иркутская область,2020-02-01,14.36159875393739,0.717717316165718,0.0,0.717717316165718,0.0,0,0,56.76500267523321,3.469999999999999,13.44531094351489
Иркутская область,2020-03-01,14.2768696672494,0.5448138582658153,0.0,0.5448138582658153,0.0,0,0,56.89420187537524,3.269999999999996,13.57436185305045
Иркутская область,2020-04-01,13.86584035083907,0.24910450663146122,0.0,0.24910450663146122,0.0,0,-1,57.25007499289341,3.060000000000002,13.35403712035277
Иркутская область,2020-05-01,13.8346876901701,0.12930980432325967,0.0,0.12930980432325967,0.0,-1,0,57.20802529782669,3.930000000000007,14.24019771949811
Иркутская область,2020-06-01,13.92284773856363,0.4216232562547013,0.0,0.4216232562547013,0.0,0,0,56.97656534816512,4.260000000000005,14.20834139039547
Иркутская область,2020-07-01,13.6617316686321,-1.5016319110366503,-0.0,-1.5016319110366503,-0.0,0,0,56.98145774181158,3.530000000000001,14.36892551345862
Иркутская область,2020-08-01,13.3509784046837,-0.8645661305373835,-0.0,-0.8645661305373835,-0.0,0,0,55.70584302074764,3.469999999999999,14.27759645235083
Иркутская область,2020-09-01,13.40894983963007,-0.7937016241842549,-0.0,-0.7937016241842549,-0.0,0,-1,56.37266260255065,3.489999999999995,14.13774325034606
Иркутская область,2020-10-01,13.27905555006996,-1.2364929674992595,-0.0,-1.2364929674992595,-0.0,-1,0,56.95621446654155,3.849999999999994,14.36447877609723
Иркутская область,2020-11-01,13.16460199939799,-1.3589786818048175,-0.0,-1.3589786818048175,-0.0,0,0,56.79126076604501,4.060000000000002,13.71599677420298
Иркутская область,2020-12-01,13.12549703845621,-1.7089361724181273,-0.0,-1.7089361724181273,-0.0,0,0,56.81514082330091,4.799999999999997,13.86510497229118
Иркутская область,2021-01-01,13.0096094812135,3.0895976215913166,0.0,3.0895976215913166,0.0,0,0,56.52111453198965,5.090000000000003,13.9140637420675
Иркутская область,2021-02-01,12.84389961828947,-0.05176615786507455,-0.0,-0.05176615786507455,-0.0,0,0,58.07714616495836,5.370000000000005,13.9352066261645
Иркутская область,2021-03-01,12.68786578790559,-0.6104025253424652,-0.0,-0.6104025253424652,-0.0,0,0,58.54472442278036,6.189999999999998,13.90123993391449
Иркутская область,2021-04-01,12.64809602434727,-0.5967440618905293,-0.0,-0.5967440618905293,-0.0,0,0,59.57348293635238,6.819999999999993,14.00094760059
Иркутская область,2021-05-01,12.38441837427851,-0.241937869195743,-0.0,-0.241937869195743,-0.0,0,1,60.64916405141471,6.010000000000005,14.14275429135468
Иркутская область,2021-06-01,12.70914170593245,-0.7676306960714552,-0.0,-0.7676306960714552,-0.0,0,0,61.93090226442839,6.189999999999998,13.49820628375278
Иркутская область,2021-07-01,12.76456457097449,0.08560806359759354,0.0,0.08560806359759354,0.0,0,0,62.73107100003872,6.530000000000001,13.97875393025654
Иркутская область,2021-08-01,12.93339495887591,0.3090771946763784,0.0,0.3090771946763784,0.0,1,1,63.25346152136998,6.700000000000003,13.80519737114498
Иркутская область,2021-09-01,12.92866478246811,-0.6460537301930689,-0.0,-0.6460537301930689,-0.0,0,0,64.33305304059924,6.980000000000004,13.71515603462415
Иркутская область,2021-10-01,13.01496317741283,-0.6175372517280238,-0.0,-0.6175372517280238,-0.0,0,0,65.08575262712675,7.519999999999996,13.80493999635929
Иркутская область,2021-11-01,13.45749214532538,-0.12114037446266934,-0.0,-0.12114037446266934,-0.0,1,0,65.18729762257846,8.260000000000005,13.72847044621416
Иркутская область,2021-12-01,13.5308868393069,-0.26721650241728057,-0.0,-0.26721650241728057,-0.0,0,0,64.49880862997446,8.680000000000007,13.55083959330224
Иркутская область,2022-01-01,13.57966674480333,0.27464209751393653,0.0,0.27464209751393653,0.0,0,0,64.59084839950589,8.870000000000005,13.51163234332682
Иркутская область,2022-02-01,13.91601368296463,-0.3501956198858558,-0.0,-0.3501956198858558,-0.0,0,0,65.78103223928164,9.379999999999995,12.934958720196
Иркутская область,2022-03-01,13.50001619444958,4.941478356719127,0.0,4.941478356719127,0.0,0,-1,66.0511067624493,9.480000000000004,13.22362230190176
Иркутская область,2022-04-01,18.45726755206382,1.4923126339086181,0.0,1.4923126339086181,0.0,-1,-1,64.64838168268113,17.04000000000001,14.13542725006491
Иркутская область,2022-05-01,19.85835141730383,-1.244790623444267,-0.0,-1.244790623444267,-0.0,0,0,61.70710879616362,18.98,13.90837582509364
Иркутская область,2022-06-01,19.35183124528484,-3.118179668249544,-0.0,-3.118179668249544,-0.0,0,0,60.79758316125194,18.5,13.9698568880668
Иркутская область,2022-07-01,18.24700243742103,-0.386746413724417,-0.0,-0.386746413724417,-0.0,0,0,60.41435356529797,18.73999999999999,14.65654569833831
Иркутская область,2022-08-01,16.31503667165769,-1.1110066252555733,-0.0,-1.1110066252555733,-0.0,0,0,60.8779349958174,18.11,14.38939701942417
Иркутская область,2022-09-01,16.08951812305178,1.7547062341946287,0.0,1.7547062341946287,0.0,0,0,60.66243175904393,16.75,14.44320013792373
Иркутская область,2022-10-01,16.3562965492578,1.2482715752793254,0.0,1.2482715752793254,0.0,0,0,60.95313187379928,16.23,14.44224626517241
Иркутская область,2022-11-01,15.86176674215734,0.32653909912163215,0.0,0.32653909912163215,0.0,0,0,59.39978804335616,15.39,14.33353479342125
Иркутская область,2022-12-01,16.26148733500622,0.14955653030453497,0.0,0.14955653030453497,0.0,0,1,59.32717879617874,14.76000000000001,14.60604805481442
Иркутская область,2023-01-01,16.80425937455561,0.13967960707903515,0.0,0.13967960707903515,0.0,0,0,59.23815881423816,14.65000000000001,14.36956044295331
Иркутская область,2023-02-01,16.67178915840782,-1.9472998218897306,-0.0,-1.9472998218897306,-0.0,1,0,61.15847190643699,14.20999999999999,14.50882924311917
Иркутская область,2023-03-01,16.35875713277822,-0.4649545463768856,-0.0,-0.4649545463768856,-0.0,0,0,60.95294382949749,13.06,14.35754116642614
Иркутская область,2023-04-01,16.17689946519222,-0.5507806832459252,-0.0,-0.5507806832459252,-0.0,0,0,61.4397296778446,5.310000000000002,14.14707415307604
Иркутская область,2023-05-01,16.16460792877674,-0.46521849390664727,-0.0,-0.46521849390664727,-0.0,0,0,61.10466689644729,3.409999999999997,13.98675098487577
Иркутская область,2023-06-01,16.5256831491541,-0.5347109788556779,-0.0,-0.5347109788556779,-0.0,0,1,61.6085112762935,3.469999999999999,13.30906878483477
Иркутская область,2023-07-01,16.49214731657442,-0.5497632155639387,-0.0,-0.5497632155639387,-0.0,0,1,62.29770362391147,3.769999999999996,13.32121183954414
Иркутская область,2023-08-01,16.02289669897441,0.2078297309388475,0.0,0.2078297309388475,0.0,1,0,61.90003090096212,4.230000000000004,13.05319646440444
Иркутская область,2023-09-01,16.72406011534023,2.7050587479091437,0.0,2.7050587479091437,0.0,0,1,63.1677774765786,5.120000000000005,12.9286692812171
Иркутская область,2023-10-01,18.54383603845954,0.8633696772512707,0.0,0.8633696772512707,0.0,1,0,64.21886712767348,6.569999999999993,12.86405130289176
Иркутская область,2023-11-01,19.45042540695657,1.714265038508227,0.0,1.714265038508227,0.0,1,0,64.08008657542032,7.469999999999999,12.67425815786959
Иркутская область,2023-12-01,20.4107585202569,-1.5282051620880424,-0.0,-1.5282051620880424,-0.0,0,1,64.17853809820981,8.099999999999994,12.73523868654183
Иркутская область,2024-01-01,21.13788575752597,0.6818813931607863,0.0,0.6818813931607863,0.0,0,0,62.83568910023265,8.209999999999994,12.83585887639438
Иркутская область,2024-02-01,23.32760606647198,-1.5559611222700127,-0.0,-1.5559611222700127,-0.0,1,0,64.20288403439814,8.459999999999994,12.9459394046815
Иркутская область,2024-03-01,24.26966698609124,-0.03662363343873665,-0.0,-0.03662363343873665,-0.0,0,0,63.77093774775222,9.799999999999997,12.80845494778237
Иркутская область,2024-04-01,23.49629379133287,-0.07535756412256944,-0.0,-0.07535756412256944,-0.0,0,0,63.36433119758151,8.950000000000003,12.70700919549292
Иркутская область,2024-05-01,23.41678339729947,-1.8174537430626252,-0.0,-1.8174537430626252,-0.0,0,1,62.88241078048978,9.400000000000006,12.69885942639979
Иркутская область,2024-06-01,23.66273533263402,-0.4392507252018447,-0.0,-0.4392507252018447,-0.0,0,1,62.85356937585323,9.219999999999999,12.31851980578205
Иркутская область,2024-07-01,23.98240851729296,-0.5869739684411108,-0.0,-0.5869739684411108,-0.0,0,1,63.37875997991625,8.939999999999998,12.44610276199536
Иркутская область,2024-08-01,24.95750641040473,1.4105522767729113,0.0,1.4105522767729113,0.0,1,0,62.18294573181908,10.3,11.41752720851643
Иркутская область,2024-09-01,26.85681143447054,-1.9115218364399809,-0.0,-1.9115218364399809,-0.0,0,1,62.23313433388215,9.450000000000003,11.38039657712176
Иркутская область,2024-10-01,27.195111539857,0.667769408390896,0.0,0.667769408390896,0.0,1,0,61.7138345660186,9.090000000000003,11.38474061253893
Иркутская область,2024-11-01,27.96565656266675,2.039278586154861,0.0,2.039278586154861,0.0,1,0,59.56768012089668,8.25,11.24519681303909
Иркутская область,2024-12-01,29.79796992928462,0.34090421830265427,0.0,0.34090421830265427,0.0,1,-1,56.96451891188836,8.239999999999995,11.41545622232295
Иркутская область,2025-01-01,30.75856072090509,0.24822008087726388,0.0,0.24822008087726388,0.0,-1,0,54.83495478258092,8.709999999999994,12.13023397325086
Иркутская область,2025-02-01,30.75689804404775,0.31653560056003016,0.0,0.31653560056003016,0.0,0,-1,55.69736567475959,9.36,12.12841216477178
Иркутская область,2025-03-01,32.20796145751367,0.41369500741819465,0.0,0.41369500741819465,0.0,-1,0,54.88721676034222,8.790000000000006,12.42199752573251
Иркутская область,2025-04-01,32.75310111925958,0.5812476727093596,0.0,0.5812476727093596,0.0,1,0,54.70433843959553,9.810000000000002,12.6951011172111
Иркутская область,2025-05-01,30.45344847903293,0.3820181297639742,0.0,0.3820181297639742,0.0,0,1,53.91028708919531,9.840000000000003,12.64301867276138
Иркутская область,2025-06-01,30.65682744062789,0.6128194128495359,0.0,0.6128194128495359,0.0,0,0,53.47953145571756,9.950000000000003,12.75194084186194
Иркутская область,2025-07-01,29.81690884333686,-0.2977272507310609,-0.0,-0.2977272507310609,-0.0,0,0,52.72408091900564,9.579999999999998,13.18969106659804
Иркутская область,2025-08-01,29.91853776243689,-1.399483474742535,-0.0,-1.399483474742535,-0.0,1,0,51.98238592791157,7.969999999999999,12.25395798879758
Иркутская область,2025-09-01,28.13975693560036,0.2588989388809786,0.0,0.2588989388809786,0.0,0,0,52.03575695087026,8.450000000000003,12.28889752586803
Иркутская область,2025-10-01,26.9516324728621,-0.43597080805563593,-0.0,-0.43597080805563593,-0.0,-1,0,51.7126041711556,7.650000000000006,12.34219596792109
Иркутская область,2025-11-01,28.07929665249706,-0.19410526130430839,-0.0,-0.19410526130430839,-0.0,1,1,51.48112523985863,7.930000000000007,12.22978224987795
Иркутская область,2025-12-01,28.36287416912193,0.2813157398373711,0.0,0.2813157398373711,0.0,0,0,51.1044119586046,7.120000000000005,12.51554036940585
Кабардино-Балкарская Республика,2019-03-01,16.3978304008817,0.7128714995200838,0.0,0.0,0.0,0,0,34.04744335793684,5.069999999999993,14.32578716078343
Кабардино-Балкарская Республика,2019-04-01,16.12065280129839,0.6911493920479934,0.0,0.0,0.0,0,0,34.64268497486687,5.560000000000002,14.32831190719829
Кабардино-Балкарская Республика,2019-05-01,16.33731327107964,0.45783100689424217,0.0,0.0,0.0,1,0,35.47565886818818,5.650000000000006,14.25319861731378
Кабардино-Балкарская Республика,2019-06-01,16.09342066955049,0.5041451542673663,0.0,0.0,0.0,0,0,35.70405104025788,6.120000000000005,14.23423933714847
Кабардино-Балкарская Республика,2019-07-01,15.98892641555707,0.14629311794748645,0.0,0.0,0.0,0,1,35.80243431109837,5.019999999999996,13.75811091612719
Кабардино-Балкарская Республика,2019-08-01,15.80763018791563,0.061654111534494405,0.0,0.0,0.0,0,0,34.54448476984753,4.810000000000002,14.05903922193956
Кабардино-Балкарская Республика,2019-09-01,15.76396244755326,0.2864871600654304,0.0,0.0,0.0,0,0,34.89338766464414,4.680000000000007,14.49059299001427
Кабардино-Балкарская Республика,2019-10-01,15.71596433405688,0.199118629193201,0.0,0.0,0.0,0,0,35.15799247626803,4.659999999999997,14.59381148240179
Кабардино-Балкарская Республика,2019-11-01,15.87515601841156,-0.3451712223245451,-0.0,-0.0,-0.0,1,0,36.32987906166893,4.890000000000001,14.54271657786968
Кабардино-Балкарская Республика,2019-12-01,15.42444653823607,-0.11071296164861266,-0.0,-0.0,-0.0,0,0,36.52023439623535,4.390000000000001,14.58335251734077
Кабардино-Балкарская Республика,2020-01-01,15.299399207482,0.4934187707708695,0.0,0.0,0.0,0,0,36.54356114455307,3.689999999999998,14.34839421389152
Кабардино-Балкарская Республика,2020-02-01,15.39143963983384,0.717717316165718,0.0,0.0,0.0,0,0,37.33431383221977,3.030000000000001,14.27505264407872
Кабардино-Балкарская Республика,2020-03-01,15.45563623747874,0.5448138582658153,0.0,0.0,0.0,0,0,37.42042905908581,2.709999999999994,14.39975805869588
Кабардино-Балкарская Республика,2020-04-01,15.3632651367858,0.24910450663146122,0.0,0.0,0.0,0,-1,37.69566253022087,2.840000000000003,14.06835992102656
Кабардино-Балкарская Республика,2020-05-01,15.85068811140304,0.12930980432325967,0.0,0.0,0.0,-1,0,35.83958166146589,3.569999999999993,14.82429537410244
Кабардино-Балкарская Республика,2020-06-01,14.99968012470031,0.4216232562547013,0.0,0.0,0.0,0,0,35.24858905864515,3.140000000000001,14.50119980742558
Кабардино-Балкарская Республика,2020-07-01,14.89184602885385,-1.5016319110366503,-0.0,-0.0,-0.0,0,0,35.21713112998734,3.569999999999993,14.65045110501294
Кабардино-Балкарская Республика,2020-08-01,14.54392799630754,-0.8645661305373835,-0.0,-0.0,-0.0,0,0,34.41991856010325,3.5,14.63429989966281
Кабардино-Балкарская Республика,2020-09-01,14.18513699170823,-0.7937016241842549,-0.0,-0.0,-0.0,0,-1,34.97729572531302,3.790000000000006,14.46142506778748
Кабардино-Балкарская Республика,2020-10-01,14.42629820129286,-1.2364929674992595,-0.0,-0.0,-0.0,-1,0,35.16561916342324,4.260000000000005,14.72305990722852
Кабардино-Балкарская Республика,2020-11-01,14.25155094854673,-1.3589786818048175,-0.0,-0.0,-0.0,0,0,35.95736449072856,4.469999999999999,14.1379855360859
Кабардино-Балкарская Республика,2020-12-01,14.52438644753366,-1.7089361724181273,-0.0,-0.0,-0.0,0,0,36.25848678068655,4.870000000000005,14.29728787592622
Кабардино-Балкарская Республика,2021-01-01,14.14110305028644,3.0895976215913166,0.0,0.0,0.0,0,0,36.38612041276981,5.390000000000001,14.19217940185802
Кабардино-Балкарская Республика,2021-02-01,14.32516534714857,-0.05176615786507455,-0.0,-0.0,-0.0,0,0,37.66108193779907,5.489999999999995,14.27735203180423
Кабардино-Балкарская Республика,2021-03-01,13.90868341415322,-0.6104025253424652,-0.0,-0.0,-0.0,0,0,38.0140422343248,6.159999999999997,14.22770429729546
Кабардино-Балкарская Республика,2021-04-01,13.52294865125261,-0.5967440618905293,-0.0,-0.0,-0.0,0,0,38.46746061207341,6.829999999999998,14.26224773885465
Кабардино-Балкарская Республика,2021-05-01,12.91384816316443,-0.241937869195743,-0.0,-0.0,-0.0,0,1,38.08605252862856,6.370000000000005,14.39393919877392
Кабардино-Балкарская Республика,2021-06-01,13.57823391057552,-0.7676306960714552,-0.0,-0.0,-0.0,0,0,38.57423206278618,6.689999999999998,13.76763993634743
Кабардино-Балкарская Республика,2021-07-01,13.5088079524878,0.08560806359759354,0.0,0.0,0.0,0,0,39.5149888787165,7.269999999999996,14.11735458030007
Кабардино-Балкарская Республика,2021-08-01,13.67069993050676,0.3090771946763784,0.0,0.0,0.0,1,1,40.27562435181972,7.659999999999997,13.88873811439175
Кабардино-Балкарская Республика,2021-09-01,13.38819696765088,-0.6460537301930689,-0.0,-0.0,-0.0,0,0,41.02342633073416,7.719999999999999,13.72630551104303
Кабардино-Балкарская Республика,2021-10-01,13.57481248512399,-0.6175372517280238,-0.0,-0.0,-0.0,0,0,41.56284900433576,8.370000000000005,13.81182501513841
Кабардино-Балкарская Республика,2021-11-01,13.85613783868469,-0.12114037446266934,-0.0,-0.0,-0.0,1,0,42.79153051233402,8.829999999999998,13.6642940762407
Кабардино-Балкарская Республика,2021-12-01,14.23723220328364,-0.26721650241728057,-0.0,-0.0,-0.0,0,0,43.10468765732973,8.909999999999997,13.60694890213121
Кабардино-Балкарская Республика,2022-01-01,14.04014107797357,0.27464209751393653,0.0,0.0,0.0,0,0,44.08364835311105,8.170000000000002,13.65913866135602
Кабардино-Балкарская Республика,2022-02-01,14.10362304707394,-0.3501956198858558,-0.0,-0.0,-0.0,0,0,43.81690526419011,8.840000000000003,13.13788432975768
Кабардино-Балкарская Республика,2022-03-01,14.57133570043967,4.941478356719127,0.0,0.0,0.0,0,-1,44.1734758256556,8.730000000000004,13.8651557718749
Кабардино-Балкарская Республика,2022-04-01,20.21421116730844,1.4923126339086181,0.0,0.0,0.0,-1,-1,43.68585010297993,13.29000000000001,14.69809522274808
Кабардино-Балкарская Республика,2022-05-01,22.60834179876423,-1.244790623444267,-0.0,-0.0,-0.0,0,0,42.22991841893702,16.0,14.51201459708257
Кабардино-Балкарская Республика,2022-06-01,22.65286617189984,-3.118179668249544,-0.0,-0.0,-0.0,0,0,41.70056982849831,16.31,14.54614806369262
Кабардино-Балкарская Республика,2022-07-01,22.36989637984411,-0.386746413724417,-0.0,-0.0,-0.0,0,0,41.24451471678542,14.88,15.08496343693591
Кабардино-Балкарская Республика,2022-08-01,17.79561922370198,-1.1110066252555733,-0.0,-0.0,-0.0,0,0,42.63869342659013,13.75,14.836931291428
Кабардино-Балкарская Республика,2022-09-01,17.24097713237992,1.7547062341946287,0.0,0.0,0.0,0,0,42.67437116980856,12.92,14.76906789749355
Кабардино-Балкарская Республика,2022-10-01,17.05546987247101,1.2482715752793254,0.0,0.0,0.0,0,0,43.11982633059866,12.45999999999999,14.71552098314603
Кабардино-Балкарская Республика,2022-11-01,16.62489437815655,0.32653909912163215,0.0,0.0,0.0,0,0,43.53051410539311,12.17,14.58832628073648
Кабардино-Балкарская Республика,2022-12-01,18.02070501891104,0.14955653030453497,0.0,0.0,0.0,0,1,43.89647072040039,11.51000000000001,14.79797104406048
Кабардино-Балкарская Республика,2023-01-01,18.41246132626264,0.13967960707903515,0.0,0.0,0.0,0,0,43.95313742545564,11.90000000000001,14.56352171700471
Кабардино-Балкарская Республика,2023-02-01,16.94033327004528,-1.9472998218897306,-0.0,-0.0,-0.0,1,0,45.51536668178225,11.8,14.68725812446628
Кабардино-Балкарская Республика,2023-03-01,16.78044456986337,-0.4649545463768856,-0.0,-0.0,-0.0,0,0,45.55686660600551,11.59,14.52842756560869
Кабардино-Балкарская Республика,2023-04-01,16.95107666875672,-0.5507806832459252,-0.0,-0.0,-0.0,0,0,45.84564188954613,6.140000000000001,14.37286631235709
Кабардино-Балкарская Республика,2023-05-01,16.90487095106266,-0.46521849390664727,-0.0,-0.0,-0.0,0,0,46.45404171649731,3.510000000000005,14.29426217329343
Кабардино-Балкарская Республика,2023-06-01,16.97813296026133,-0.5347109788556779,-0.0,-0.0,-0.0,0,1,46.94785768300482,2.549999999999997,13.67915148677095
Кабардино-Балкарская Республика,2023-07-01,17.00666533051908,-0.5497632155639387,-0.0,-0.0,-0.0,0,1,47.32391119456624,3.689999999999998,13.7282982563251
Кабардино-Балкарская Республика,2023-08-01,16.41610392689971,0.2078297309388475,0.0,0.0,0.0,1,0,47.8346676605328,5.030000000000001,13.47968329646456
Кабардино-Балкарская Республика,2023-09-01,16.76075097712149,2.7050587479091437,0.0,0.0,0.0,0,1,49.10176016907569,5.560000000000002,13.36120872352418
Кабардино-Балкарская Республика,2023-10-01,18.85030644242008,0.8633696772512707,0.0,0.0,0.0,1,0,50.20849035328967,7.049999999999997,13.27671147308509
Кабардино-Балкарская Республика,2023-11-01,20.35968579204996,1.714265038508227,0.0,0.0,0.0,1,0,50.83145495271057,6.840000000000003,12.95326944256124
Кабардино-Балкарская Республика,2023-12-01,20.92869369922845,-1.5282051620880424,-0.0,-0.0,-0.0,0,1,51.07245375458822,7.340000000000003,13.02346639654469
Кабардино-Балкарская Республика,2024-01-01,22.71721090816732,0.6818813931607863,0.0,0.0,0.0,0,0,50.26725255931984,7.049999999999997,12.94992914910135
Кабардино-Балкарская Республика,2024-02-01,22.42637045129657,-1.5559611222700127,-0.0,-0.0,-0.0,1,0,50.12294873655831,6.769999999999996,13.02391627949918
Кабардино-Балкарская Республика,2024-03-01,24.01143535502463,-0.03662363343873665,-0.0,-0.0,-0.0,0,0,50.1073277887645,6.540000000000006,12.96804766225813
Кабардино-Балкарская Республика,2024-04-01,23.92559217279058,-0.07535756412256944,-0.0,-0.0,-0.0,0,0,50.32566906403356,6.680000000000007,12.89816069003248
Кабардино-Балкарская Республика,2024-05-01,23.32143733766139,-1.8174537430626252,-0.0,-0.0,-0.0,0,1,49.94461123563052,6.319999999999993,12.87886983728075
Кабардино-Балкарская Республика,2024-06-01,24.44897913764445,-0.4392507252018447,-0.0,-0.0,-0.0,0,1,50.35028597979215,7.590000000000003,12.47550349165114
Кабардино-Балкарская Республика,2024-07-01,23.24993831940555,-0.5869739684411108,-0.0,-0.0,-0.0,0,1,50.67401290241741,7.329999999999998,12.56510636414297
Кабардино-Балкарская Республика,2024-08-01,23.64343469421303,1.4105522767729113,0.0,0.0,0.0,1,0,49.62356842317284,7.939999999999998,11.64183238285824
Кабардино-Балкарская Республика,2024-09-01,25.40861617549371,-1.9115218364399809,-0.0,-0.0,-0.0,0,1,49.88371224296232,8.099999999999994,11.57380975777697
Кабардино-Балкарская Республика,2024-10-01,24.28863105339575,0.667769408390896,0.0,0.0,0.0,1,0,49.55192990229468,6.909999999999997,11.56126308720601
Кабардино-Балкарская Республика,2024-11-01,24.31572876992287,2.039278586154861,0.0,0.0,0.0,1,0,49.06817432844557,7.489999999999995,11.3517725920896
Кабардино-Балкарская Республика,2024-12-01,25.91674699532456,0.34090421830265427,0.0,0.0,0.0,1,-1,46.66104901935386,8.310000000000002,11.45546414349396
Кабардино-Балкарская Республика,2025-01-01,27.38313084023331,0.24822008087726388,0.0,0.0,0.0,-1,0,45.21874750728075,8.980000000000004,12.06106109825509
Кабардино-Балкарская Республика,2025-02-01,24.43728027717091,0.31653560056003016,0.0,0.0,0.0,0,-1,42.9856537772889,8.950000000000003,12.14170868731869
Кабардино-Балкарская Республика,2025-03-01,26.79945101671466,0.41369500741819465,0.0,0.0,0.0,-1,0,42.43816477852524,9.829999999999998,12.43539308122684
Кабардино-Балкарская Республика,2025-04-01,28.00607163541207,0.5812476727093596,0.0,0.0,0.0,1,0,42.03662829043097,10.13,12.6878202102737
Кабардино-Балкарская Республика,2025-05-01,25.36211375328435,0.3820181297639742,0.0,0.0,0.0,0,1,41.36766921115323,10.3,12.61697753656754
Кабардино-Балкарская Республика,2025-06-01,26.59631254549573,0.6128194128495359,0.0,0.0,0.0,0,0,41.14260857932626,9.200000000000003,12.6710780857332
Кабардино-Балкарская Республика,2025-07-01,25.92176303238443,-0.2977272507310609,-0.0,-0.0,-0.0,0,0,40.60073194611657,8.959999999999994,13.08340980248187
Кабардино-Балкарская Республика,2025-08-01,27.43887270058537,-1.399483474742535,-0.0,-0.0,-0.0,1,0,39.83314573422141,8.189999999999998,12.29417586768399
Кабардино-Балкарская Республика,2025-09-01,24.02540301634261,0.2588989388809786,0.0,0.0,0.0,0,0,39.85403184235894,7.480000000000004,12.31314816376255
Кабардино-Балкарская Республика,2025-10-01,24.79271883389155,-0.43597080805563593,-0.0,-0.0,-0.0,-1,0,39.53941523686991,7.879999999999995,12.36132492709746
Кабардино-Балкарская Республика,2025-11-01,24.77896755632595,-0.19410526130430839,-0.0,-0.0,-0.0,1,1,39.24516904761611,7.359999999999999,12.30540823334318
Кабардино-Балкарская Республика,2025-12-01,28.38185985213978,0.2813157398373711,0.0,0.0,0.0,0,0,39.12676066051325,5.930000000000007,12.58700931710869
Калининградская область,2019-03-01,14.91368877461299,0.7128714995200838,0.7128714995200838,0.0,0.0,0,0,57.34690206156464,5.700000000000003,13.82910977234931
Калининградская область,2019-04-01,14.73935270179557,0.6911493920479934,0.6911493920479934,0.0,0.0,0,0,58.11366620532267,6.069999999999993,13.78178877886163
Калининградская область,2019-05-01,14.7825795559457,0.45783100689424217,0.45783100689424217,0.0,0.0,1,0,57.72231817085908,5.780000000000001,13.67424752516372
Калининградская область,2019-06-01,14.79730662870142,0.5041451542673663,0.5041451542673663,0.0,0.0,0,0,58.52837979072536,6.140000000000001,13.59863532719481
Калининградская область,2019-07-01,14.65312870495343,0.14629311794748645,0.14629311794748645,0.0,0.0,0,1,59.26359240247222,5.200000000000003,13.35264500045532
Калининградская область,2019-08-01,14.72804146953399,0.061654111534494405,0.061654111534494405,0.0,0.0,0,0,61.34251597616507,5.430000000000007,13.46501675981349
Калининградская область,2019-09-01,14.38846245621631,0.2864871600654304,0.2864871600654304,0.0,0.0,0,0,62.21908457225938,5.159999999999997,13.72755833990519
Калининградская область,2019-10-01,14.13884219624367,0.199118629193201,0.199118629193201,0.0,0.0,0,0,62.95154605356301,4.299999999999997,13.86263232910963
Калининградская область,2019-11-01,14.57156075919022,-0.3451712223245451,-0.3451712223245451,-0.0,-0.0,1,0,61.704498726639,3.870000000000005,13.7661117175689
Калининградская область,2019-12-01,14.33378534271731,-0.11071296164861266,-0.11071296164861266,-0.0,-0.0,0,0,62.35264449266143,3.629999999999995,13.7467126975424
Калининградская область,2020-01-01,13.92241396101178,0.4934187707708695,0.4934187707708695,0.0,0.0,0,0,62.05153083352855,2.760000000000005,13.70710583132917
Калининградская область,2020-02-01,14.10223123613368,0.717717316165718,0.717717316165718,0.0,0.0,0,0,63.18427068395484,2.099999999999994,13.73915595299067
Калининградская область,2020-03-01,14.00499520088965,0.5448138582658153,0.5448138582658153,0.0,0.0,0,0,63.58985849000565,2.280000000000001,13.87666123998883
Калининградская область,2020-04-01,13.55734218938004,0.24910450663146122,0.24910450663146122,0.0,0.0,0,-1,64.1409571656193,2.510000000000005,13.6579356943291
Калининградская область,2020-05-01,13.5774311832418,0.12930980432325967,0.12930980432325967,0.0,0.0,-1,0,63.97454616889782,3.019999999999996,14.25900940330781
Калининградская область,2020-06-01,13.71102987257765,0.4216232562547013,0.4216232562547013,0.0,0.0,0,0,63.95154439889016,2.629999999999995,14.17986287379651
Калининградская область,2020-07-01,13.4130878293972,-1.5016319110366503,-1.5016319110366503,-0.0,-0.0,0,0,64.9734320319424,3.269999999999996,14.28667979839643
Калининградская область,2020-08-01,13.12317463851893,-0.8645661305373835,-0.8645661305373835,-0.0,-0.0,0,0,65.80213638791871,3.980000000000004,14.23403316956084
Калининградская область,2020-09-01,13.02012257167332,-0.7937016241842549,-0.7937016241842549,-0.0,-0.0,0,-1,66.51401384980919,4.790000000000006,14.17662083893836
Калининградская область,2020-10-01,12.77009806046646,-1.2364929674992595,-1.2364929674992595,-0.0,-0.0,-1,0,67.16218709196146,4.409999999999997,14.31927579992011
Калининградская область,2020-11-01,12.48635928480674,-1.3589786818048175,-1.3589786818048175,-0.0,-0.0,0,0,66.6588061956343,4.530000000000001,13.85899195967912
Калининградская область,2020-12-01,12.65627437057192,-1.7089361724181273,-1.7089361724181273,-0.0,-0.0,0,0,66.39814982170337,5.010000000000005,13.91931332709892
Калининградская область,2021-01-01,12.3725429002752,3.0895976215913166,3.0895976215913166,0.0,0.0,0,0,66.06874429955393,5.140000000000001,13.9361669747964
Калининградская область,2021-02-01,12.50259245795154,-0.05176615786507455,-0.05176615786507455,-0.0,-0.0,0,0,66.70688095579152,5.25,13.93976644356243
Калининградская область,2021-03-01,12.16863393445574,-0.6104025253424652,-0.6104025253424652,-0.0,-0.0,0,0,67.56515323504928,6.200000000000003,13.8982261901181
Калининградская область,2021-04-01,12.15477973539738,-0.5967440618905293,-0.5967440618905293,-0.0,-0.0,0,0,68.69103744599788,5.760000000000005,13.98509335783813
Калининградская область,2021-05-01,12.01013523178034,-0.241937869195743,-0.241937869195743,-0.0,-0.0,0,1,68.40859448970767,6.329999999999998,13.99427525226788
Калининградская область,2021-06-01,12.22277000398027,-0.7676306960714552,-0.7676306960714552,-0.0,-0.0,0,0,69.3609138675742,7.040000000000006,13.632822325166
Калининградская область,2021-07-01,12.29429678273647,0.08560806359759354,0.08560806359759354,0.0,0.0,0,0,70.27497198035631,7.25,14.00650993593227
Калининградская область,2021-08-01,12.79420295490798,0.3090771946763784,0.3090771946763784,0.0,0.0,1,1,69.31797549284862,7.219999999999999,13.87942561149421
Калининградская область,2021-09-01,12.40045672747824,-0.6460537301930689,-0.6460537301930689,-0.0,-0.0,0,0,70.20756812125109,7.319999999999993,13.78733303361413
Калининградская область,2021-10-01,12.34503360526543,-0.6175372517280238,-0.6175372517280238,-0.0,-0.0,0,0,70.60601985784093,8.39,13.79510227225153
Калининградская область,2021-11-01,12.68847746380777,-0.12114037446266934,-0.12114037446266934,-0.0,-0.0,1,0,71.54592300741271,9.180000000000007,13.78597644854956
Калининградская область,2021-12-01,12.8360402605582,-0.26721650241728057,-0.26721650241728057,-0.0,-0.0,0,0,71.01118713079295,9.430000000000007,13.65330269489359
Калининградская область,2022-01-01,13.2247175170228,0.27464209751393653,0.27464209751393653,0.0,0.0,0,0,70.73286099097473,9.489999999999995,13.62450882368786
Калининградская область,2022-02-01,13.46515488408818,-0.3501956198858558,-0.3501956198858558,-0.0,-0.0,0,0,71.65995712984716,9.379999999999995,13.10917498959558
Калининградская область,2022-03-01,13.61628322427583,4.941478356719127,4.941478356719127,0.0,0.0,0,-1,72.01936454158961,9.060000000000002,13.66868933761102
Калининградская область,2022-04-01,18.52466649026629,1.4923126339086181,1.4923126339086181,0.0,0.0,-1,-1,70.7741587013051,19.41,14.49971882521222
Калининградская область,2022-05-01,19.95928590076786,-1.244790623444267,-1.244790623444267,-0.0,-0.0,0,0,69.17808368222813,18.41,14.34856283565697
Калининградская область,2022-06-01,19.52104203422628,-3.118179668249544,-3.118179668249544,-0.0,-0.0,0,0,68.335467208974,17.38,14.56250793698775
Калининградская область,2022-07-01,18.5522810575355,-0.386746413724417,-0.386746413724417,-0.0,-0.0,0,0,67.71202478996634,16.61,15.13876353755695
Калининградская область,2022-08-01,15.87994019965031,-1.1110066252555733,-1.1110066252555733,-0.0,-0.0,0,0,66.7592558595493,15.67,14.91277078258906
Калининградская область,2022-09-01,15.59177366516622,1.7547062341946287,1.7547062341946287,0.0,0.0,0,0,66.60338557767415,14.63,14.96506470944081
Калининградская область,2022-10-01,15.54602526667498,1.2482715752793254,1.2482715752793254,0.0,0.0,0,0,66.87726071864914,13.70999999999999,14.91603931737551
Калининградская область,2022-11-01,15.75462290863284,0.32653909912163215,0.32653909912163215,0.0,0.0,0,0,66.73186127684643,12.03,14.81456114249481
Калининградская область,2022-12-01,15.80260663414546,0.14955653030453497,0.14955653030453497,0.0,0.0,0,1,66.81908100073886,11.59,14.99931822212542
Калининградская область,2023-01-01,16.34318494345125,0.13967960707903515,0.13967960707903515,0.0,0.0,0,0,66.65855755725481,12.92,14.74659888178214
Калининградская область,2023-02-01,15.82326078715143,-1.9472998218897306,-1.9472998218897306,-0.0,-0.0,1,0,65.796534105723,12.94,14.92099591276069
Калининградская область,2023-03-01,15.66845772002841,-0.4649545463768856,-0.4649545463768856,-0.0,-0.0,0,0,65.85630414152041,12.27,14.80093337552884
Калининградская область,2023-04-01,15.38286297704896,-0.5507806832459252,-0.5507806832459252,-0.0,-0.0,0,0,66.62078985458017,2.560000000000002,14.57119458368677
Калининградская область,2023-05-01,15.79167604982649,-0.46521849390664727,-0.46521849390664727,-0.0,-0.0,0,0,66.01250763672337,2.299999999999997,14.44116730482688
Калининградская область,2023-06-01,16.06516758789067,-0.5347109788556779,-0.5347109788556779,-0.0,-0.0,0,1,66.33220405773044,2.579999999999998,13.9103745688924
Калининградская область,2023-07-01,15.61865699727632,-0.5497632155639387,-0.5497632155639387,-0.0,-0.0,0,1,66.62706876774571,3.629999999999995,13.92317335508959
Калининградская область,2023-08-01,15.41095415413316,0.2078297309388475,0.2078297309388475,0.0,0.0,1,0,66.20709223328957,4.540000000000006,13.67764872563358
Калининградская область,2023-09-01,15.96411800525987,2.7050587479091437,2.7050587479091437,0.0,0.0,0,1,67.02740335388876,5.730000000000004,13.60671872500046
Калининградская область,2023-10-01,17.55134269712964,0.8633696772512707,0.8633696772512707,0.0,0.0,1,0,68.00632113549024,6.879999999999995,13.46712871123785
Калининградская область,2023-11-01,18.70725307959284,1.714265038508227,1.714265038508227,0.0,0.0,1,0,68.90432090215664,7.879999999999995,13.16144764686267
Калининградская область,2023-12-01,18.70234982350476,-1.5282051620880424,-1.5282051620880424,-0.0,-0.0,0,1,69.01774231608503,8.870000000000005,13.23667033846691
Калининградская область,2024-01-01,21.27180144946112,0.6818813931607863,0.6818813931607863,0.0,0.0,0,0,68.15403413079984,8.159999999999997,13.16124479343647
Калининградская область,2024-02-01,22.70053982668982,-1.5559611222700127,-1.5559611222700127,-0.0,-0.0,1,0,68.08944438840751,7.890000000000001,13.23404784934219
Калининградская область,2024-03-01,23.78150590484045,-0.03662363343873665,-0.03662363343873665,-0.0,-0.0,0,0,67.68954436977252,8.5,13.1706179623894
Калининградская область,2024-04-01,23.88978521067341,-0.07535756412256944,-0.07535756412256944,-0.0,-0.0,0,0,67.87635493656435,8.299999999999997,13.07858667966518
Калининградская область,2024-05-01,22.78534831957937,-1.8174537430626252,-1.8174537430626252,-0.0,-0.0,0,1,65.55495912442224,9.370000000000005,13.00094356787977
Калининградская область,2024-06-01,22.2421590966654,-0.4392507252018447,-0.4392507252018447,-0.0,-0.0,0,1,65.70429588803964,10.01000000000001,12.58087099844249
Калининградская область,2024-07-01,24.42746721507503,-0.5869739684411108,-0.5869739684411108,-0.0,-0.0,0,1,66.621084028847,10.23999999999999,12.62494121969704
Калининградская область,2024-08-01,24.04657456911261,1.4105522767729113,1.4105522767729113,0.0,0.0,1,0,65.38313299226647,11.18000000000001,11.83457679479578
Калининградская область,2024-09-01,25.34174895367113,-1.9115218364399809,-1.9115218364399809,-0.0,-0.0,0,1,65.09835639955335,10.12,11.81573221573468
Калининградская область,2024-10-01,25.00682169218537,0.667769408390896,0.667769408390896,0.0,0.0,1,0,64.27364724897326,9.61,11.82627931020542
Калининградская область,2024-11-01,24.9542444609781,2.039278586154861,2.039278586154861,0.0,0.0,1,0,63.77370885908981,9.86,11.62899389662775
Калининградская область,2024-12-01,27.36246559219369,0.34090421830265427,0.34090421830265427,0.0,0.0,1,-1,61.48589256888706,9.659999999999997,11.80422295047136
Калининградская область,2025-01-01,28.78689101222131,0.24822008087726388,0.24822008087726388,0.0,0.0,-1,0,59.26509987412627,10.34,12.3286437455397
Калининградская область,2025-02-01,29.76402147005272,0.31653560056003016,0.31653560056003016,0.0,0.0,0,-1,61.14346226168757,11.31,12.42690254867208
Калининградская область,2025-03-01,30.74258562136743,0.41369500741819465,0.41369500741819465,0.0,0.0,-1,0,60.13510353398593,11.98999999999999,12.71440256353767
Калининградская область,2025-04-01,31.66695616534066,0.5812476727093596,0.5812476727093596,0.0,0.0,1,0,59.45078960991338,12.48,13.02781694418718
Калининградская область,2025-05-01,30.63455036491096,0.3820181297639742,0.3820181297639742,0.0,0.0,0,1,60.65736009649021,12.38,12.94051071779516
Калининградская область,2025-06-01,28.71060356377372,0.6128194128495359,0.6128194128495359,0.0,0.0,0,0,60.19257728243023,12.13,13.00336628750881
Калининградская область,2025-07-01,27.61185752100081,-0.2977272507310609,-0.2977272507310609,-0.0,-0.0,0,0,59.25560413700753,11.81,13.46693766697007
Калининградская область,2025-08-01,26.85442104032374,-1.399483474742535,-1.399483474742535,-0.0,-0.0,1,0,58.35177457150449,10.39,12.68277822702166
Калининградская область,2025-09-01,25.91470539965686,0.2588989388809786,0.2588989388809786,0.0,0.0,0,0,58.27837446213726,10.79000000000001,12.76104320327847
Калининградская область,2025-10-01,24.8945560282322,-0.43597080805563593,-0.43597080805563593,-0.0,-0.0,-1,0,58.01523508634906,9.969999999999999,12.84968422215958
Калининградская область,2025-11-01,24.91908406726594,-0.19410526130430839,-0.19410526130430839,-0.0,-0.0,1,1,57.88675606988625,9.599999999999994,12.59955421027969
Калининградская область,2025-12-01,25.43753454583102,0.2813157398373711,0.2813157398373711,0.0,0.0,0,0,57.86143632929173,9.060000000000002,12.84864158684091
Калужская область,2019-03-01,14.96672015863827,0.7128714995200838,0.0,0.0,0.0,0,0,51.61547221716329,5.5,13.60602025675847
Калужская область,2019-04-01,14.99692287258577,0.6911493920479934,0.0,0.0,0.0,0,0,52.24616187504613,5.5,13.62799308200328
Калужская область,2019-05-01,15.04199314911358,0.45783100689424217,0.0,0.0,0.0,1,0,53.46119979282783,5.590000000000003,13.52946093803843
Калужская область,2019-06-01,15.30703653208326,0.5041451542673663,0.0,0.0,0.0,0,0,54.06106834239307,5.060000000000002,13.49172236107985
Калужская область,2019-07-01,15.02296946025658,0.14629311794748645,0.0,0.0,0.0,0,1,54.32207216832368,4.519999999999996,13.24091742767606
Калужская область,2019-08-01,14.95119797506158,0.061654111534494405,0.0,0.0,0.0,0,0,54.32677079417563,4.420000000000002,13.5292834595497
Калужская область,2019-09-01,14.73335066215359,0.2864871600654304,0.0,0.0,0.0,0,0,54.86657964621814,4.019999999999996,13.65006210380677
Калужская область,2019-10-01,14.55053468200536,0.199118629193201,0.0,0.0,0.0,0,0,55.39315665151022,3.849999999999994,13.81680638741485
Калужская область,2019-11-01,14.85620603245718,-0.3451712223245451,-0.0,-0.0,-0.0,1,0,54.05344612872939,3.280000000000001,13.72828903512013
Калужская область,2019-12-01,14.29569819319739,-0.11071296164861266,-0.0,-0.0,-0.0,0,0,54.4437475085964,3.239999999999995,13.75371181672235
Калужская область,2020-01-01,14.12660917415599,0.4934187707708695,0.0,0.0,0.0,0,0,54.53026578048396,2.659999999999997,13.64441653317501
Калужская область,2020-02-01,14.25575134294574,0.717717316165718,0.0,0.0,0.0,0,0,55.42467914888801,1.670000000000002,13.59690821061139
Калужская область,2020-03-01,14.53816554558477,0.5448138582658153,0.0,0.0,0.0,0,0,55.77736150208985,2.010000000000005,13.72727369530251
Калужская область,2020-04-01,14.14834910214498,0.24910450663146122,0.0,0.0,0.0,0,-1,56.32278244507469,2.280000000000001,13.43975641170212
Калужская область,2020-05-01,13.99539424573728,0.12930980432325967,0.0,0.0,0.0,-1,0,55.82023951659526,3.310000000000002,14.26710968634121
Калужская область,2020-06-01,13.69307792725629,0.4216232562547013,0.0,0.0,0.0,0,0,55.3295161185962,3.390000000000001,14.24383222197938
Калужская область,2020-07-01,13.76848525172791,-1.5016319110366503,-0.0,-0.0,-0.0,0,0,55.74186729789239,3.700000000000003,14.41004149808819
Калужская область,2020-08-01,13.2683119190338,-0.8645661305373835,-0.0,-0.0,-0.0,0,0,55.64554198902329,3.810000000000002,14.37767922170393
Калужская область,2020-09-01,13.31667419178849,-0.7937016241842549,-0.0,-0.0,-0.0,0,-1,56.47095007855021,4.299999999999997,14.23323201416321
Калужская область,2020-10-01,13.1647388266223,-1.2364929674992595,-0.0,-0.0,-0.0,-1,0,57.14333409988809,4.099999999999994,14.43350607132274
Калужская область,2020-11-01,13.01557750062575,-1.3589786818048175,-0.0,-0.0,-0.0,0,0,57.3813088887306,5.0,13.83011473302518
Калужская область,2020-12-01,13.15258468122051,-1.7089361724181273,-0.0,-0.0,-0.0,0,0,57.62874558845358,5.049999999999997,14.0061598336281
Калужская область,2021-01-01,13.08004290535509,3.0895976215913166,0.0,0.0,0.0,0,0,57.62582017175435,5.719999999999999,14.01004376037354
Калужская область,2021-02-01,13.02023025867669,-0.05176615786507455,-0.0,-0.0,-0.0,0,0,57.02818725596843,6.420000000000002,14.04064739098782
Калужская область,2021-03-01,12.93742145990937,-0.6104025253424652,-0.0,-0.0,-0.0,0,0,57.34409676488487,6.739999999999995,14.02424096881848
Калужская область,2021-04-01,12.73813812908106,-0.5967440618905293,-0.0,-0.0,-0.0,0,0,57.87159698212274,6.950000000000003,14.12210348599292
Калужская область,2021-05-01,12.43172580345995,-0.241937869195743,-0.0,-0.0,-0.0,0,1,58.67368928954991,5.939999999999998,14.24825091419845
Калужская область,2021-06-01,12.70382445241138,-0.7676306960714552,-0.0,-0.0,-0.0,0,0,59.42245994598144,6.75,13.645782255955
Калужская область,2021-07-01,12.94958800116612,0.08560806359759354,0.0,0.0,0.0,0,0,59.91986863205879,7.329999999999998,14.05852918840173
Калужская область,2021-08-01,13.00938939531273,0.3090771946763784,0.0,0.0,0.0,1,1,61.04351133031267,7.349999999999994,13.89015282384632
Калужская область,2021-09-01,12.98008432041974,-0.6460537301930689,-0.0,-0.0,-0.0,0,0,61.92184030394996,7.129999999999995,13.7878056375507
Калужская область,2021-10-01,13.02068305101591,-0.6175372517280238,-0.0,-0.0,-0.0,0,0,62.53263495234651,8.25,13.8644021937238
Калужская область,2021-11-01,13.2699703124789,-0.12114037446266934,-0.0,-0.0,-0.0,1,0,62.13954445526389,8.980000000000004,13.80340500091898
Калужская область,2021-12-01,13.4317754276717,-0.26721650241728057,-0.0,-0.0,-0.0,0,0,62.197144560277,9.25,13.6682031934435
Калужская область,2022-01-01,13.51016280955244,0.27464209751393653,0.0,0.0,0.0,0,0,62.58745434428872,8.86,13.63455640856027
Калужская область,2022-02-01,13.9245603507393,-0.3501956198858558,-0.0,-0.0,-0.0,0,0,63.26629416329308,9.480000000000004,13.09038834207949
Калужская область,2022-03-01,14.08977904902017,4.941478356719127,0.0,0.0,0.0,0,-1,63.82529867172165,9.939999999999998,13.37791204455347
Калужская область,2022-04-01,19.3694733103002,1.4923126339086181,0.0,0.0,0.0,-1,-1,62.91160883045818,19.31,14.3102678195601
Калужская область,2022-05-01,21.06902156118237,-1.244790623444267,-0.0,-0.0,-0.0,0,0,61.00772173385354,21.81999999999999,14.19816643614492
Калужская область,2022-06-01,20.33548784180218,-3.118179668249544,-0.0,-0.0,-0.0,0,0,60.3369414072954,20.92,14.3231640229229
Калужская область,2022-07-01,19.16063250522099,-0.386746413724417,-0.0,-0.0,-0.0,0,0,60.06097478116983,19.65000000000001,14.97120020005952
Калужская область,2022-08-01,17.00488054369172,-1.1110066252555733,-0.0,-0.0,-0.0,0,0,60.75246843975042,18.97,14.72011330847627
Калужская область,2022-09-01,17.21669759928526,1.7547062341946287,0.0,0.0,0.0,0,0,60.91584163862812,18.3,14.75992650285763
Калужская область,2022-10-01,16.50646239919784,1.2482715752793254,0.0,0.0,0.0,0,0,61.48012004401171,17.11,14.75994322877956
Калужская область,2022-11-01,16.24965031835383,0.32653909912163215,0.0,0.0,0.0,0,0,62.86627634153664,15.84999999999999,14.66700630305535
Калужская область,2022-12-01,16.36784989155993,0.14955653030453497,0.0,0.0,0.0,0,1,62.99554023166347,15.38,14.92668534509411
Калужская область,2023-01-01,18.2122469799789,0.13967960707903515,0.0,0.0,0.0,0,0,63.18301211042614,15.62,14.67917674123654
Калужская область,2023-02-01,16.21252348457365,-1.9472998218897306,-0.0,-0.0,-0.0,1,0,61.42840741505596,14.98999999999999,14.84301307251668
Калужская область,2023-03-01,15.97381829230785,-0.4649545463768856,-0.0,-0.0,-0.0,0,0,61.37399078173505,14.04000000000001,14.68090001207145
Калужская область,2023-04-01,15.93434301701854,-0.5507806832459252,-0.0,-0.0,-0.0,0,0,62.02579263215377,5.0,14.4968145160289
Калужская область,2023-05-01,15.94177881155825,-0.46521849390664727,-0.0,-0.0,-0.0,0,0,62.97472998238188,2.739999999999995,14.38112843590848
Калужская область,2023-06-01,16.16138848588933,-0.5347109788556779,-0.0,-0.0,-0.0,0,1,63.40405532364885,3.099999999999994,13.75155811886752
Калужская область,2023-07-01,15.95136897393996,-0.5497632155639387,-0.0,-0.0,-0.0,0,1,63.94941669665029,3.349999999999994,13.74412972460025
Калужская область,2023-08-01,15.77877414991318,0.2078297309388475,0.0,0.0,0.0,1,0,66.98986011879308,4.930000000000007,13.46098718258935
Калужская область,2023-09-01,16.29002281174974,2.7050587479091437,0.0,0.0,0.0,0,1,68.03040366822988,5.680000000000007,13.34635575227689
Калужская область,2023-10-01,18.54545517338557,0.8633696772512707,0.0,0.0,0.0,1,0,69.14088321521464,6.780000000000001,13.26497673482794
Калужская область,2023-11-01,19.09125709541596,1.714265038508227,0.0,0.0,0.0,1,0,68.12182360928422,7.079999999999998,13.05648755929657
Калужская область,2023-12-01,19.70162688659011,-1.5282051620880424,-0.0,-0.0,-0.0,0,1,68.26311817199887,8.049999999999997,13.08284580378513
Калужская область,2024-01-01,19.98787787695603,0.6818813931607863,0.0,0.0,0.0,0,0,67.04654136607411,8.049999999999997,13.12918131107426
Калужская область,2024-02-01,22.38988193768701,-1.5559611222700127,-0.0,-0.0,-0.0,1,0,68.33850143392885,7.469999999999999,13.2114123868756
Калужская область,2024-03-01,23.1051168257282,-0.03662363343873665,-0.0,-0.0,-0.0,0,0,67.91134328843368,7.950000000000003,13.09763357884585
Калужская область,2024-04-01,22.37245690794071,-0.07535756412256944,-0.0,-0.0,-0.0,0,0,68.0152587058639,7.849999999999994,13.01534587982675
Калужская область,2024-05-01,22.10200618250928,-1.8174537430626252,-0.0,-0.0,-0.0,0,1,66.28185981688569,8.090000000000003,12.99108951869029
Калужская область,2024-06-01,22.23386535820418,-0.4392507252018447,-0.0,-0.0,-0.0,0,1,66.52159836467828,8.299999999999997,12.59772723676914
Калужская область,2024-07-01,23.14317165668997,-0.5869739684411108,-0.0,-0.0,-0.0,0,1,66.90237975677739,8.989999999999995,12.73023379976371
Калужская область,2024-08-01,23.48466819401188,1.4105522767729113,0.0,0.0,0.0,1,0,65.67997680064487,9.349999999999994,11.73838590948901
Калужская область,2024-09-01,25.30258730833142,-1.9115218364399809,-0.0,-0.0,-0.0,0,1,65.35353857037175,9.269999999999996,11.71657362058893
Калужская область,2024-10-01,24.97214413619427,0.667769408390896,0.0,0.0,0.0,1,0,64.59578290512155,9.120000000000005,11.72277768235584
Калужская область,2024-11-01,26.67738724132237,2.039278586154861,0.0,0.0,0.0,1,0,60.85182145488906,8.310000000000002,11.55997722810218
Калужская область,2024-12-01,26.96539431927843,0.34090421830265427,0.0,0.0,0.0,1,-1,57.97788423337879,8.579999999999998,11.69972858759887
Калужская область,2025-01-01,28.00034352673061,0.24822008087726388,0.0,0.0,0.0,-1,0,55.60366698403356,9.11,12.34687969145542
Калужская область,2025-02-01,29.32247847111706,0.31653560056003016,0.0,0.0,0.0,0,-1,58.11280242076348,9.980000000000004,12.33000737531086
Калужская область,2025-03-01,30.05909932992795,0.41369500741819465,0.0,0.0,0.0,-1,0,57.15080757629409,9.790000000000006,12.62028751005734
Калужская область,2025-04-01,30.38002240570763,0.5812476727093596,0.0,0.0,0.0,1,0,56.28750378913868,9.89,12.88699785014011
Калужская область,2025-05-01,27.4506413441623,0.3820181297639742,0.0,0.0,0.0,0,1,56.81104268606002,9.739999999999995,12.79864134037878
Калужская область,2025-06-01,27.67211784316549,0.6128194128495359,0.0,0.0,0.0,0,0,56.21375179022056,9.450000000000003,12.87425235888149
Калужская область,2025-07-01,26.72385164079355,-0.2977272507310609,-0.0,-0.0,-0.0,0,0,55.41368684840279,9.239999999999995,13.36211893679131
Калужская область,2025-08-01,25.14772961174321,-1.399483474742535,-0.0,-0.0,-0.0,1,0,54.24811643253184,8.14,12.38746583697267
Калужская область,2025-09-01,24.48891666614845,0.2588989388809786,0.0,0.0,0.0,0,0,54.11838832361325,7.829999999999998,12.41389609310661
Калужская область,2025-10-01,23.25341522094216,-0.43597080805563593,-0.0,-0.0,-0.0,-1,0,53.77464257977336,7.549999999999997,12.44730188151899
Калужская область,2025-11-01,23.59552471880661,-0.19410526130430839,-0.0,-0.0,-0.0,1,1,53.50992855991458,7.680000000000007,12.33700846638
Калужская область,2025-12-01,23.92228851432641,0.2813157398373711,0.0,0.0,0.0,0,0,53.11056868256797,6.340000000000003,12.62835128568896
Камчатский край,2019-03-01,14.54444168178265,0.7128714995200838,0.0,0.7128714995200838,0.0,0,0,32.79099134867464,4.359999999999999,13.36085560924683
Камчатский край,2019-04-01,14.37662124469752,0.6911493920479934,0.0,0.6911493920479934,0.0,0,0,33.23521525706036,4.319999999999993,13.32794663855803
Камчатский край,2019-05-01,14.28680713282031,0.45783100689424217,0.0,0.45783100689424217,0.0,1,0,33.97280397326199,4.280000000000001,13.2179437353026
Камчатский край,2019-06-01,14.32429749902436,0.5041451542673663,0.0,0.5041451542673663,0.0,0,0,34.12738449093377,4.0,13.18737506541869
Камчатский край,2019-07-01,14.37775877875052,0.14629311794748645,0.0,0.14629311794748645,0.0,0,1,34.52260588546518,3.920000000000002,12.9653205894669
Камчатский край,2019-08-01,14.27191780512426,0.061654111534494405,0.0,0.061654111534494405,0.0,0,0,35.04800734733436,3.489999999999995,13.16512909093165
Камчатский край,2019-09-01,13.98748758382054,0.2864871600654304,0.0,0.2864871600654304,0.0,0,0,35.28808425532429,3.549999999999997,13.2212654283456
Камчатский край,2019-10-01,13.71296749377667,0.199118629193201,0.0,0.199118629193201,0.0,0,0,35.32872696957578,3.019999999999996,13.39685010173023
Камчатский край,2019-11-01,14.03509729210578,-0.3451712223245451,-0.0,-0.3451712223245451,-0.0,1,0,35.48640163882897,3.069999999999993,13.3136035780106
Камчатский край,2019-12-01,13.60020124210298,-0.11071296164861266,-0.0,-0.11071296164861266,-0.0,0,0,35.91924034381382,2.840000000000003,13.32026143486044
Камчатский край,2020-01-01,13.71216969023984,0.4934187707708695,0.0,0.4934187707708695,0.0,0,0,35.92716718159538,2.530000000000001,13.21952152135244
Камчатский край,2020-02-01,13.67898968347568,0.717717316165718,0.0,0.717717316165718,0.0,0,0,36.21832746698126,2.219999999999999,13.29377824681344
Камчатский край,2020-03-01,13.64689342404755,0.5448138582658153,0.0,0.5448138582658153,0.0,0,0,36.50236512337383,1.920000000000002,13.37531752513777
Камчатский край,2020-04-01,13.49728211105515,0.24910450663146122,0.0,0.24910450663146122,0.0,0,-1,36.85751641154227,1.569999999999993,13.10747384783523
Камчатский край,2020-05-01,13.36381151296345,0.12930980432325967,0.0,0.12930980432325967,0.0,-1,0,36.48372509557061,1.900000000000006,13.95334325776663
Камчатский край,2020-06-01,13.36502395317181,0.4216232562547013,0.0,0.4216232562547013,0.0,0,0,36.30539773611939,2.069999999999993,13.92843655014059
Камчатский край,2020-07-01,13.30351927605147,-1.5016319110366503,-0.0,-1.5016319110366503,-0.0,0,0,36.30950978991739,2.219999999999999,14.07043728594503
Камчатский край,2020-08-01,13.13084513129241,-0.8645661305373835,-0.0,-0.8645661305373835,-0.0,0,0,37.08202653466893,2.840000000000003,13.96171531419205
Камчатский край,2020-09-01,13.03759009889822,-0.7937016241842549,-0.0,-0.7937016241842549,-0.0,0,-1,37.79296842374535,3.030000000000001,13.81073940178206
Камчатский край,2020-10-01,12.69295765427886,-1.2364929674992595,-0.0,-1.2364929674992595,-0.0,-1,0,38.38896360416136,2.829999999999998,14.03023459341604
Камчатский край,2020-11-01,12.74634341098888,-1.3589786818048175,-0.0,-1.3589786818048175,-0.0,0,0,39.30654300685333,2.900000000000006,13.40454248332921
Камчатский край,2020-12-01,12.6020216196925,-1.7089361724181273,-0.0,-1.7089361724181273,-0.0,0,0,39.65512148181401,2.939999999999998,13.55766093892733
Камчатский край,2021-01-01,12.34326924864452,3.0895976215913166,0.0,3.0895976215913166,0.0,0,0,39.64873270384572,3.329999999999998,13.70375948878636
Камчатский край,2021-02-01,12.18160168756723,-0.05176615786507455,-0.0,-0.05176615786507455,-0.0,0,0,40.53992544489694,3.359999999999999,13.70040206094499
Камчатский край,2021-03-01,12.15542909715879,-0.6104025253424652,-0.0,-0.6104025253424652,-0.0,0,0,40.96296432187881,3.829999999999998,13.67700071763783
Камчатский край,2021-04-01,11.89442463109452,-0.5967440618905293,-0.0,-0.5967440618905293,-0.0,0,0,41.67250188743289,4.549999999999997,13.83543670741046
Камчатский край,2021-05-01,11.79917548818441,-0.241937869195743,-0.0,-0.241937869195743,-0.0,0,1,41.50529020773129,4.569999999999993,13.97566164553484
Камчатский край,2021-06-01,12.03776462057253,-0.7676306960714552,-0.0,-0.7676306960714552,-0.0,0,0,42.14917694638308,4.689999999999998,13.33515436640628
Камчатский край,2021-07-01,12.11999671230097,0.08560806359759354,0.0,0.08560806359759354,0.0,0,0,42.8025145549985,4.920000000000002,13.829907242938
Камчатский край,2021-08-01,12.32439277346262,0.3090771946763784,0.0,0.3090771946763784,0.0,1,1,43.25680802746523,5.260000000000005,13.61959812936127
Камчатский край,2021-09-01,12.1288654758194,-0.6460537301930689,-0.0,-0.6460537301930689,-0.0,0,0,43.9524681710236,5.459999999999994,13.55603980493514
Камчатский край,2021-10-01,11.88498304500762,-0.6175372517280238,-0.0,-0.6175372517280238,-0.0,0,0,43.65474713693749,5.819999999999993,13.67505321104783
Камчатский край,2021-11-01,12.68723766925408,-0.12114037446266934,-0.0,-0.12114037446266934,-0.0,1,0,43.89878928707006,5.959999999999994,13.59892093108676
Камчатский край,2021-12-01,12.84359659619133,-0.26721650241728057,-0.0,-0.26721650241728057,-0.0,0,0,44.00821561868678,6.519999999999996,13.39834888354694
Камчатский край,2022-01-01,12.87143947050656,0.27464209751393653,0.0,0.27464209751393653,0.0,0,0,44.18113165105096,6.689999999999998,13.34765253325371
Камчатский край,2022-02-01,13.43276777942568,-0.3501956198858558,-0.0,-0.3501956198858558,-0.0,0,0,45.50658396740067,7.609999999999999,12.75828652417833
Камчатский край,2022-03-01,13.87117378553193,4.941478356719127,0.0,4.941478356719127,0.0,0,-1,46.03764735241451,7.519999999999996,12.98727806478394
Камчатский край,2022-04-01,18.32336044725681,1.4923126339086181,0.0,1.4923126339086181,0.0,-1,-1,45.77610184206814,11.38,13.84993861657665
Камчатский край,2022-05-01,18.78995505108084,-1.244790623444267,-0.0,-1.244790623444267,-0.0,0,0,45.01380913464578,13.09999999999999,13.64684894802325
Камчатский край,2022-06-01,19.0288199245664,-3.118179668249544,-0.0,-3.118179668249544,-0.0,0,0,44.13280728660391,13.5,13.73674068429003
Камчатский край,2022-07-01,17.9864576604414,-0.386746413724417,-0.0,-0.386746413724417,-0.0,0,0,43.09181424854383,13.61,14.39386190133233
Камчатский край,2022-08-01,16.27707658118418,-1.1110066252555733,-0.0,-1.1110066252555733,-0.0,0,0,42.56620845381784,13.04000000000001,14.09610579571839
Камчатский край,2022-09-01,15.58853841878663,1.7547062341946287,0.0,1.7547062341946287,0.0,0,0,42.49636921484675,12.98,14.12897294944474
Камчатский край,2022-10-01,15.73672716104006,1.2482715752793254,0.0,1.2482715752793254,0.0,0,0,43.58735394181271,12.90000000000001,14.10289300050244
Камчатский край,2022-11-01,15.86592895220072,0.32653909912163215,0.0,0.32653909912163215,0.0,0,0,46.57777634085372,12.68000000000001,13.95783761661166
Камчатский край,2022-12-01,16.19522809512846,0.14955653030453497,0.0,0.14955653030453497,0.0,0,1,47.02056300498781,12.3,14.2824594252766
Камчатский край,2023-01-01,16.87553326272576,0.13967960707903515,0.0,0.13967960707903515,0.0,0,0,46.66063777093282,12.23,14.04270665048477
Камчатский край,2023-02-01,16.59646448292974,-1.9472998218897306,-0.0,-1.9472998218897306,-0.0,1,0,46.06207025179139,11.88,14.14910216419889
Камчатский край,2023-03-01,16.36878729125402,-0.4649545463768856,-0.0,-0.4649545463768856,-0.0,0,0,46.21128628432754,11.92,13.9969440444052
Камчатский край,2023-04-01,16.10480239542706,-0.5507806832459252,-0.0,-0.5507806832459252,-0.0,0,0,46.47717879686533,7.900000000000006,13.76841350152654
Камчатский край,2023-05-01,15.79077727833281,-0.46521849390664727,-0.0,-0.46521849390664727,-0.0,0,0,45.22208722125846,6.260000000000005,13.62145391335411
Камчатский край,2023-06-01,16.19471548158251,-0.5347109788556779,-0.0,-0.5347109788556779,-0.0,0,1,45.93232269130153,5.719999999999999,12.96621077878343
Камчатский край,2023-07-01,16.13695890920659,-0.5497632155639387,-0.0,-0.5497632155639387,-0.0,0,1,47.41166032850882,5.650000000000006,12.98588735467166
Камчатский край,2023-08-01,16.22175370156989,0.2078297309388475,0.0,0.2078297309388475,0.0,1,0,46.63962649492535,6.109999999999999,12.7176283288232
Камчатский край,2023-09-01,16.4364528613696,2.7050587479091437,0.0,2.7050587479091437,0.0,0,1,46.7647216504146,5.939999999999998,12.59391418911546
Камчатский край,2023-10-01,17.79248791664409,0.8633696772512707,0.0,0.8633696772512707,0.0,1,0,46.77483848851573,6.530000000000001,12.58714066128079
Камчатский край,2023-11-01,18.40659928041987,1.714265038508227,0.0,1.714265038508227,0.0,1,0,46.55521991757369,7.180000000000007,12.43107434310953
Камчатский край,2023-12-01,19.76938774158742,-1.5282051620880424,-0.0,-1.5282051620880424,-0.0,0,1,46.70378091042159,7.709999999999994,12.52039480636702
Камчатский край,2024-01-01,19.70627605774056,0.6818813931607863,0.0,0.6818813931607863,0.0,0,0,45.2450803512844,7.780000000000001,12.65644144749487
Камчатский край,2024-02-01,22.80970674513103,-1.5559611222700127,-0.0,-1.5559611222700127,-0.0,1,0,46.3283726774126,7.599999999999994,12.76287285931422
Камчатский край,2024-03-01,24.07775455990069,-0.03662363343873665,-0.0,-0.03662363343873665,-0.0,0,0,46.0228672545256,7.930000000000007,12.620031358957
Камчатский край,2024-04-01,22.87541467071765,-0.07535756412256944,-0.0,-0.07535756412256944,-0.0,0,0,46.09339866657622,7.75,12.52973708460742
Камчатский край,2024-05-01,22.89262904450955,-1.8174537430626252,-0.0,-1.8174537430626252,-0.0,0,1,45.07000755062919,8.239999999999995,12.51717625261966
Камчатский край,2024-06-01,23.26201529681361,-0.4392507252018447,-0.0,-0.4392507252018447,-0.0,0,1,44.69358672042861,8.420000000000002,12.14737416710728
Камчатский край,2024-07-01,24.64133687243716,-0.5869739684411108,-0.0,-0.5869739684411108,-0.0,0,1,45.12393163554096,8.549999999999997,12.32081632113881
Камчатский край,2024-08-01,24.58406163487455,1.4105522767729113,0.0,1.4105522767729113,0.0,1,0,45.00036851702583,8.89,11.26934246655835
Камчатский край,2024-09-01,27.63262356643041,-1.9115218364399809,-0.0,-1.9115218364399809,-0.0,0,1,45.32254296783753,9.579999999999998,11.22893979291347
Камчатский край,2024-10-01,28.00183839949882,0.667769408390896,0.0,0.667769408390896,0.0,1,0,45.38595427530513,9.930000000000007,11.23833491073699
Камчатский край,2024-11-01,30.25234143127254,2.039278586154861,0.0,2.039278586154861,0.0,1,0,44.2682565247534,9.180000000000007,11.11827778659428
Камчатский край,2024-12-01,33.39939664316022,0.34090421830265427,0.0,0.34090421830265427,0.0,1,-1,43.17572638354286,9.739999999999995,11.27577428494455
Камчатский край,2025-01-01,31.60483381283714,0.24822008087726388,0.0,0.24822008087726388,0.0,-1,0,41.64289243975644,10.26000000000001,12.03312125345875
Камчатский край,2025-02-01,32.35892244287303,0.31653560056003016,0.0,0.31653560056003016,0.0,0,-1,43.3454763648167,10.94,12.02119426539439
Камчатский край,2025-03-01,39.41163442057401,0.41369500741819465,0.0,0.41369500741819465,0.0,-1,0,42.79351198871967,10.63,12.31013592966252
Камчатский край,2025-04-01,39.03831563673655,0.5812476727093596,0.0,0.5812476727093596,0.0,1,0,42.28023539869477,10.53,12.61585998600418
Камчатский край,2025-05-01,35.7032721262039,0.3820181297639742,0.0,0.3820181297639742,0.0,0,1,39.86494273555432,10.28,12.51844844260071
Камчатский край,2025-06-01,33.05656197951021,0.6128194128495359,0.0,0.6128194128495359,0.0,0,0,39.54639773088707,10.48,12.64549826893067
Камчатский край,2025-07-01,32.18730795263305,-0.2977272507310609,-0.0,-0.2977272507310609,-0.0,0,0,39.12311978485917,10.26000000000001,13.04179286917764
Камчатский край,2025-08-01,31.08926778307556,-1.399483474742535,-0.0,-1.399483474742535,-0.0,1,0,38.62241963324581,10.20999999999999,12.11760982768067
Камчатский край,2025-09-01,31.30471819088603,0.2588989388809786,0.0,0.2588989388809786,0.0,0,0,38.38877709721171,9.560000000000002,12.16642150395418
Камчатский край,2025-10-01,28.77082782687287,-0.43597080805563593,-0.0,-0.43597080805563593,-0.0,-1,0,37.60398726427204,9.670000000000002,12.25758946856361
Камчатский край,2025-11-01,29.65318403362154,-0.19410526130430839,-0.0,-0.19410526130430839,-0.0,1,1,37.18033448427214,10.11,12.18215904312146
Камчатский край,2025-12-01,29.70646447287117,0.2813157398373711,0.0,0.2813157398373711,0.0,0,0,36.97169784720935,9.260000000000005,12.46447435799431
Карачаево-Черкесская Республика,2019-03-01,16.57544972789823,0.7128714995200838,0.0,0.0,0.7128714995200838,0,0,51.32284166577116,5.200000000000003,14.24394583513348
Карачаево-Черкесская Республика,2019-04-01,16.45269418804493,0.6911493920479934,0.0,0.0,0.6911493920479934,0,0,52.09583473971795,5.409999999999997,14.21481017258031
Карачаево-Черкесская Республика,2019-05-01,16.54834343626098,0.45783100689424217,0.0,0.0,0.45783100689424217,1,0,54.24182231446986,5.609999999999999,14.21180749856361
Карачаево-Черкесская Республика,2019-06-01,16.69505133325444,0.5041451542673663,0.0,0.0,0.5041451542673663,0,0,54.80171998251665,5.659999999999997,14.18950639390831
Карачаево-Черкесская Республика,2019-07-01,16.60923086741141,0.14629311794748645,0.0,0.0,0.14629311794748645,0,1,55.29985054715172,4.659999999999997,13.67528321513872
Карачаево-Черкесская Республика,2019-08-01,16.668722679607,0.061654111534494405,0.0,0.0,0.061654111534494405,0,0,53.33561881476749,4.989999999999995,14.16233806003815
Карачаево-Черкесская Республика,2019-09-01,16.25963858685981,0.2864871600654304,0.0,0.0,0.2864871600654304,0,0,54.22757597321733,4.269999999999996,14.61992569164381
Карачаево-Черкесская Республика,2019-10-01,15.89650704718834,0.199118629193201,0.0,0.0,0.199118629193201,0,0,54.77795653676166,3.760000000000005,14.75866047419071
Карачаево-Черкесская Республика,2019-11-01,16.2446801105791,-0.3451712223245451,-0.0,-0.0,-0.3451712223245451,1,0,53.03722503363841,3.700000000000003,14.70100691702218
Карачаево-Черкесская Республика,2019-12-01,15.43611575848302,-0.11071296164861266,-0.0,-0.0,-0.11071296164861266,0,0,53.58502851301608,3.469999999999999,14.78406628993008
Карачаево-Черкесская Республика,2020-01-01,15.69966075320065,0.4934187707708695,0.0,0.0,0.4934187707708695,0,0,53.61317673138547,2.950000000000003,14.56978062584075
Карачаево-Черкесская Республика,2020-02-01,15.60868882974215,0.717717316165718,0.0,0.0,0.717717316165718,0,0,55.93459787677592,2.329999999999998,14.38078358801953
Карачаево-Черкесская Республика,2020-03-01,15.64668504513054,0.5448138582658153,0.0,0.0,0.5448138582658153,0,0,55.97490435704391,2.290000000000006,14.49473425389653
Карачаево-Черкесская Республика,2020-04-01,15.86835130065094,0.24910450663146122,0.0,0.0,0.24910450663146122,0,-1,56.03631218396753,2.599999999999994,14.10558645828916
Карачаево-Черкесская Республика,2020-05-01,16.18147617673435,0.12930980432325967,0.0,0.0,0.12930980432325967,-1,0,55.84622199562238,2.829999999999998,15.0157406187678
Карачаево-Черкесская Республика,2020-06-01,15.7448810657135,0.4216232562547013,0.0,0.0,0.4216232562547013,0,0,55.23776110064196,2.719999999999999,14.67448368848086
Карачаево-Черкесская Республика,2020-07-01,15.21229254322408,-1.5016319110366503,-0.0,-0.0,-1.5016319110366503,0,0,54.85432190176047,3.519999999999996,14.85839161829059
Карачаево-Черкесская Республика,2020-08-01,14.89415963511929,-0.8645661305373835,-0.0,-0.0,-0.8645661305373835,0,0,55.03330065372452,3.5,14.85319524528632
Карачаево-Черкесская Республика,2020-09-01,14.84530505666545,-0.7937016241842549,-0.0,-0.0,-0.7937016241842549,0,-1,55.69514695372983,4.150000000000006,14.54981538991816
Карачаево-Черкесская Республика,2020-10-01,14.74783037508368,-1.2364929674992595,-0.0,-0.0,-1.2364929674992595,-1,0,55.74973842915456,4.189999999999998,14.87951596186561
Карачаево-Черкесская Республика,2020-11-01,14.58176030229914,-1.3589786818048175,-0.0,-0.0,-1.3589786818048175,0,0,55.61338464937384,4.510000000000005,14.18758976444047
Карачаево-Черкесская Республика,2020-12-01,14.60418532054506,-1.7089361724181273,-0.0,-0.0,-1.7089361724181273,0,0,55.96906723574694,4.670000000000002,14.3730456090061
Карачаево-Черкесская Республика,2021-01-01,14.43181387067164,3.0895976215913166,0.0,0.0,3.0895976215913166,0,0,55.86512188607349,5.180000000000007,14.27132435905197
Карачаево-Черкесская Республика,2021-02-01,14.47318615780484,-0.05176615786507455,-0.0,-0.0,-0.05176615786507455,0,0,57.54533598016577,4.920000000000002,14.40347892593754
Карачаево-Черкесская Республика,2021-03-01,14.62973870539748,-0.6104025253424652,-0.0,-0.0,-0.6104025253424652,0,0,57.61059605627732,5.909999999999997,14.35876190155841
Карачаево-Черкесская Республика,2021-04-01,14.30011253106756,-0.5967440618905293,-0.0,-0.0,-0.5967440618905293,0,0,58.33759357074138,5.459999999999994,14.36498129711654
Карачаево-Черкесская Республика,2021-05-01,13.96006873642034,-0.241937869195743,-0.0,-0.0,-0.241937869195743,0,1,56.11212653544872,5.280000000000001,14.60825161986867
Карачаево-Черкесская Республика,2021-06-01,14.28953226550563,-0.7676306960714552,-0.0,-0.0,-0.7676306960714552,0,0,57.10718720143387,5.049999999999997,13.80395215625954
Карачаево-Черкесская Республика,2021-07-01,14.44902830490944,0.08560806359759354,0.0,0.0,0.08560806359759354,0,0,58.13275196463441,4.989999999999995,14.20480619587688
Карачаево-Черкесская Республика,2021-08-01,14.59825076720218,0.3090771946763784,0.0,0.0,0.3090771946763784,1,1,60.06897059354611,5.189999999999998,13.89813152476444
Карачаево-Черкесская Республика,2021-09-01,14.76794652670439,-0.6460537301930689,-0.0,-0.0,-0.6460537301930689,0,0,61.58723553355389,6.090000000000003,13.7380975648976
Карачаево-Черкесская Республика,2021-10-01,14.37045831735843,-0.6175372517280238,-0.0,-0.0,-0.6175372517280238,0,0,62.73076830903207,6.730000000000004,13.86961630766526
Карачаево-Черкесская Республика,2021-11-01,14.77775733135841,-0.12114037446266934,-0.0,-0.0,-0.12114037446266934,1,0,59.49548314591517,7.129999999999995,13.69123051721546
Карачаево-Черкесская Республика,2021-12-01,14.86670174988978,-0.26721650241728057,-0.0,-0.0,-0.26721650241728057,0,0,60.30381994218777,7.530000000000001,13.59360794770655
Карачаево-Черкесская Республика,2022-01-01,14.88692755767961,0.27464209751393653,0.0,0.0,0.27464209751393653,0,0,61.62826346189999,7.530000000000001,13.61576165082401
Карачаево-Черкесская Республика,2022-02-01,15.15192238252025,-0.3501956198858558,-0.0,-0.0,-0.3501956198858558,0,0,64.47891885359145,7.780000000000001,13.08945181240715
Карачаево-Черкесская Республика,2022-03-01,15.46109587473228,4.941478356719127,0.0,0.0,4.941478356719127,0,-1,65.32246868965343,7.819999999999993,13.46107726355868
Карачаево-Черкесская Республика,2022-04-01,21.39880367872779,1.4923126339086181,0.0,0.0,1.4923126339086181,-1,-1,64.81607953529763,16.91,14.35439140480948
Карачаево-Черкесская Республика,2022-05-01,26.22128234394028,-1.244790623444267,-0.0,-0.0,-1.244790623444267,0,0,63.93567539406764,17.7,14.29377184168839
Карачаево-Черкесская Республика,2022-06-01,22.68575281983704,-3.118179668249544,-0.0,-0.0,-3.118179668249544,0,0,63.08909085050385,17.7,14.33981321880825
Карачаево-Черкесская Республика,2022-07-01,22.46387202021367,-0.386746413724417,-0.0,-0.0,-0.386746413724417,0,0,62.62610772892447,16.77,15.05023096126535
Карачаево-Черкесская Республика,2022-08-01,19.2117312443885,-1.1110066252555733,-0.0,-0.0,-1.1110066252555733,0,0,64.68293582032544,15.48999999999999,14.72166888106258
Карачаево-Черкесская Республика,2022-09-01,18.53168823197331,1.7547062341946287,0.0,0.0,1.7547062341946287,0,0,64.81235619732895,14.31,14.68091847506448
Карачаево-Черкесская Республика,2022-10-01,18.23816396447345,1.2482715752793254,0.0,0.0,1.2482715752793254,0,0,65.89816620322736,13.42,14.66038247294289
Карачаево-Черкесская Республика,2022-11-01,18.49090573102671,0.32653909912163215,0.0,0.0,0.32653909912163215,0,0,63.22032713406707,13.01000000000001,14.564476953526
Карачаево-Черкесская Республика,2022-12-01,19.04658836976555,0.14955653030453497,0.0,0.0,0.14955653030453497,0,1,64.15284224228196,12.23999999999999,14.77377682569984
Карачаево-Черкесская Республика,2023-01-01,20.20760625066217,0.13967960707903515,0.0,0.0,0.13967960707903515,0,0,65.15926508726896,12.09999999999999,14.51387036770872
Карачаево-Черкесская Республика,2023-02-01,18.91728791787804,-1.9472998218897306,-0.0,-0.0,-1.9472998218897306,1,0,67.4583112138332,12.3,14.67980263702563
Карачаево-Черкесская Республика,2023-03-01,18.37850366905098,-0.4649545463768856,-0.0,-0.0,-0.4649545463768856,0,0,67.67005965235626,11.75,14.51630856861212
Карачаево-Черкесская Республика,2023-04-01,17.56270239576564,-0.5507806832459252,-0.0,-0.0,-0.5507806832459252,0,0,68.53687220681842,2.859999999999999,14.4686801314544
Карачаево-Черкесская Республика,2023-05-01,18.98395623423623,-0.46521849390664727,-0.0,-0.0,-0.46521849390664727,0,0,66.4487257817798,2.069999999999993,14.31595451364079
Карачаево-Черкесская Республика,2023-06-01,18.65055788659367,-0.5347109788556779,-0.0,-0.0,-0.5347109788556779,0,1,67.4359406988217,2.019999999999996,13.6833113669592
Карачаево-Черкесская Республика,2023-07-01,18.44909816696727,-0.5497632155639387,-0.0,-0.0,-0.5497632155639387,0,1,68.40002654571947,3.409999999999997,13.70977818451965
Карачаево-Черкесская Республика,2023-08-01,17.84345653392467,0.2078297309388475,0.0,0.0,0.2078297309388475,1,0,67.02379830499169,4.689999999999998,13.413610269146
Карачаево-Черкесская Республика,2023-09-01,18.30230065397648,2.7050587479091437,0.0,0.0,2.7050587479091437,0,1,68.83031645490549,5.200000000000003,13.23257656839045
Карачаево-Черкесская Республика,2023-10-01,20.5723556831501,0.8633696772512707,0.0,0.0,0.8633696772512707,1,0,70.16975184997946,6.739999999999995,13.18237981845181
Карачаево-Черкесская Республика,2023-11-01,21.06286714202797,1.714265038508227,0.0,0.0,1.714265038508227,1,0,72.60985751203415,6.959999999999994,12.94888916673054
Карачаево-Черкесская Республика,2023-12-01,22.81232300474895,-1.5282051620880424,-0.0,-0.0,-1.5282051620880424,0,1,73.39706932880028,7.269999999999996,12.99106606110923
Карачаево-Черкесская Республика,2024-01-01,22.48280053065702,0.6818813931607863,0.0,0.0,0.6818813931607863,0,0,72.11201500708052,7.609999999999999,13.05803414270462
Карачаево-Черкесская Республика,2024-02-01,24.36895230029082,-1.5559611222700127,-0.0,-0.0,-1.5559611222700127,1,0,73.07879139766304,7.620000000000005,13.16899022930927
Карачаево-Черкесская Республика,2024-03-01,25.07947996829945,-0.03662363343873665,-0.0,-0.0,-0.03662363343873665,0,0,72.86908352583478,7.329999999999998,13.10581347688635
Карачаево-Черкесская Республика,2024-04-01,24.24312474703887,-0.07535756412256944,-0.0,-0.0,-0.07535756412256944,0,0,72.77805164394618,7.269999999999996,13.0378017201273
Карачаево-Черкесская Республика,2024-05-01,25.14974533153966,-1.8174537430626252,-0.0,-0.0,-1.8174537430626252,0,1,73.48852209855885,6.920000000000002,13.08397749155594
Карачаево-Черкесская Республика,2024-06-01,25.03461261985301,-0.4392507252018447,-0.0,-0.0,-0.4392507252018447,0,1,73.5402354616873,7.469999999999999,12.66975355448199
Карачаево-Черкесская Республика,2024-07-01,25.83948649787425,-0.5869739684411108,-0.0,-0.0,-0.5869739684411108,0,1,73.63863127655354,7.319999999999993,12.89720084774713
Карачаево-Черкесская Республика,2024-08-01,25.99646161138411,1.4105522767729113,0.0,0.0,1.4105522767729113,1,0,73.85580699786193,8.069999999999993,11.78849582257218
Карачаево-Черкесская Республика,2024-09-01,27.55949491962742,-1.9115218364399809,-0.0,-0.0,-1.9115218364399809,0,1,73.79524320615083,8.25,11.73536898617544
Карачаево-Черкесская Республика,2024-10-01,25.58893445650923,0.667769408390896,0.0,0.0,0.667769408390896,1,0,73.020742672458,7.379999999999995,11.72670429852178
Карачаево-Черкесская Республика,2024-11-01,25.3820255342986,2.039278586154861,0.0,0.0,2.039278586154861,1,0,70.17104498613094,7.400000000000006,11.50380212121297
Карачаево-Черкесская Республика,2024-12-01,26.64248309912542,0.34090421830265427,0.0,0.0,0.34090421830265427,1,-1,67.21964345409566,8.299999999999997,11.64107610305659
Карачаево-Черкесская Республика,2025-01-01,27.79053937508842,0.24822008087726388,0.0,0.0,0.24822008087726388,-1,0,65.8954312633321,8.780000000000001,12.3637932413574
Карачаево-Черкесская Республика,2025-02-01,27.12237536761064,0.31653560056003016,0.0,0.0,0.31653560056003016,0,-1,62.82305348720675,8.819999999999993,12.41834348643281
Карачаево-Черкесская Республика,2025-03-01,28.33164401576457,0.41369500741819465,0.0,0.0,0.41369500741819465,-1,0,61.81005509409263,9.189999999999998,12.76046559756551
Карачаево-Черкесская Республика,2025-04-01,29.46341514101293,0.5812476727093596,0.0,0.0,0.5812476727093596,1,0,60.883884547115,9.620000000000005,12.99828804808954
Карачаево-Черкесская Республика,2025-05-01,28.7086973126037,0.3820181297639742,0.0,0.0,0.3820181297639742,0,1,59.12899058335447,10.09999999999999,12.97057595289664
Карачаево-Черкесская Республика,2025-06-01,28.24082341294723,0.6128194128495359,0.0,0.0,0.6128194128495359,0,0,58.64561903678906,9.930000000000007,13.06096083325075
Карачаево-Черкесская Республика,2025-07-01,28.70036056736365,-0.2977272507310609,-0.0,-0.0,-0.2977272507310609,0,0,57.94230997055146,9.510000000000005,13.47183607440774
Карачаево-Черкесская Республика,2025-08-01,29.14935261104067,-1.399483474742535,-0.0,-0.0,-1.399483474742535,1,0,56.94295459619864,8.769999999999996,12.4913964049362
Карачаево-Черкесская Республика,2025-09-01,27.53323154170057,0.2588989388809786,0.0,0.0,0.2588989388809786,0,0,57.14105763412488,7.530000000000001,12.53646545665601
Карачаево-Черкесская Республика,2025-10-01,27.70586337308947,-0.43597080805563593,-0.0,-0.0,-0.43597080805563593,-1,0,56.64276231862526,8.069999999999993,12.54689266069426
Карачаево-Черкесская Республика,2025-11-01,27.22195477350699,-0.19410526130430839,-0.0,-0.0,-0.19410526130430839,1,1,56.15233865516972,8.010000000000005,12.48024379574497
Карачаево-Черкесская Республика,2025-12-01,28.85130484314219,0.2813157398373711,0.0,0.0,0.2813157398373711,0,0,55.85522159414091,6.959999999999994,12.83762220277503
Кемеровская область,2019-03-01,15.03004189943566,0.7128714995200838,0.0,0.0,0.0,0,0,41.58851232422245,6.269999999999996,13.76067675563924
Кемеровская область,2019-04-01,14.9009131454208,0.6911493920479934,0.0,0.0,0.0,0,0,42.39265809151772,6.469999999999999,13.7951479286904
Кемеровская область,2019-05-01,14.88252229700838,0.45783100689424217,0.0,0.0,0.0,1,0,44.53359023059661,6.439999999999998,13.6333682491862
Кемеровская область,2019-06-01,15.13554978090484,0.5041451542673663,0.0,0.0,0.0,0,0,45.71566250882383,6.599999999999994,13.57107394130792
Кемеровская область,2019-07-01,15.06047931542996,0.14629311794748645,0.0,0.0,0.0,0,1,46.25738767574456,5.909999999999997,13.34083930853725
Кемеровская область,2019-08-01,14.93284236426033,0.061654111534494405,0.0,0.0,0.0,0,0,45.33726620404585,5.25,13.56366921890088
Кемеровская область,2019-09-01,14.72850055937793,0.2864871600654304,0.0,0.0,0.0,0,0,46.23083908837404,5.159999999999997,13.60753030411845
Кемеровская область,2019-10-01,14.57042828514581,0.199118629193201,0.0,0.0,0.0,0,0,47.28002084680588,5.010000000000005,13.75505321231663
Кемеровская область,2019-11-01,14.85221287812069,-0.3451712223245451,-0.0,-0.0,-0.0,1,0,48.62518460023382,4.760000000000005,13.63660095283175
Кемеровская область,2019-12-01,14.6259911886454,-0.11071296164861266,-0.0,-0.0,-0.0,0,0,49.30644459134474,4.519999999999996,13.66860391164253
Кемеровская область,2020-01-01,14.3330599354301,0.4934187707708695,0.0,0.0,0.0,0,0,50.45058560977025,3.890000000000001,13.57047421761001
Кемеровская область,2020-02-01,14.34202993802013,0.717717316165718,0.0,0.0,0.0,0,0,51.24271939040838,2.700000000000003,13.59433649006306
Кемеровская область,2020-03-01,14.31592041049,0.5448138582658153,0.0,0.0,0.0,0,0,51.42944946581943,2.450000000000003,13.72414916239993
Кемеровская область,2020-04-01,13.62138212573032,0.24910450663146122,0.0,0.0,0.0,0,-1,51.97716678402114,2.870000000000005,13.46498309177075
Кемеровская область,2020-05-01,13.82183222979868,0.12930980432325967,0.0,0.0,0.0,-1,0,52.07570057515984,3.359999999999999,14.2207074421146
Кемеровская область,2020-06-01,13.99180421626425,0.4216232562547013,0.0,0.0,0.0,0,0,52.17852037747275,2.870000000000005,14.16781853420814
Кемеровская область,2020-07-01,13.74656293764986,-1.5016319110366503,-0.0,-0.0,-0.0,0,0,52.65528911606495,3.290000000000006,14.30400126224372
Кемеровская область,2020-08-01,13.30364105336522,-0.8645661305373835,-0.0,-0.0,-0.0,0,0,52.91438010522133,3.060000000000002,14.23191947090576
Кемеровская область,2020-09-01,13.18512440955411,-0.7937016241842549,-0.0,-0.0,-0.0,0,-1,53.76137406925007,3.209999999999994,14.13717516117626
Кемеровская область,2020-10-01,13.2042133279658,-1.2364929674992595,-0.0,-0.0,-0.0,-1,0,54.42273454397166,3.730000000000004,14.34422176580288
Кемеровская область,2020-11-01,12.99632845447261,-1.3589786818048175,-0.0,-0.0,-0.0,0,0,55.26206970653963,3.799999999999997,13.77382861018335
Кемеровская область,2020-12-01,13.00950652449565,-1.7089361724181273,-0.0,-0.0,-0.0,0,0,55.0914766196337,4.109999999999999,13.9233297191395
Кемеровская область,2021-01-01,12.68723486248142,3.0895976215913166,0.0,0.0,0.0,0,0,55.06812058300375,4.579999999999998,13.97880589690589
Кемеровская область,2021-02-01,12.67837895762961,-0.05176615786507455,-0.0,-0.0,-0.0,0,0,56.50946724890499,5.209999999999994,13.99673641281577
Кемеровская область,2021-03-01,12.59775461049117,-0.6104025253424652,-0.0,-0.0,-0.0,0,0,56.94483321480818,5.450000000000003,13.94137168292444
Кемеровская область,2021-04-01,12.48403461968386,-0.5967440618905293,-0.0,-0.0,-0.0,0,0,57.70868882092525,5.599999999999994,14.01468663566281
Кемеровская область,2021-05-01,12.31695492994071,-0.241937869195743,-0.0,-0.0,-0.0,0,1,57.66319131293551,5.379999999999995,14.0973842584571
Кемеровская область,2021-06-01,12.58010572562528,-0.7676306960714552,-0.0,-0.0,-0.0,0,0,58.2545384280226,6.129999999999995,13.56034948719979
Кемеровская область,2021-07-01,12.64765579820074,0.08560806359759354,0.0,0.0,0.0,0,0,59.12727729007918,6.629999999999995,13.9862005967262
Кемеровская область,2021-08-01,12.95743539196957,0.3090771946763784,0.0,0.0,0.0,1,1,59.71654327329222,7.299999999999997,13.83866247590835
Кемеровская область,2021-09-01,12.88507186863261,-0.6460537301930689,-0.0,-0.0,-0.0,0,0,60.37089003602012,7.879999999999995,13.74556877351872
Кемеровская область,2021-10-01,12.89134466671161,-0.6175372517280238,-0.0,-0.0,-0.0,0,0,60.80518114321015,7.560000000000002,13.79239853487202
Кемеровская область,2021-11-01,13.27362388527605,-0.12114037446266934,-0.0,-0.0,-0.0,1,0,59.46862606300605,8.519999999999996,13.75841993530116
Кемеровская область,2021-12-01,13.38390688185891,-0.26721650241728057,-0.0,-0.0,-0.0,0,0,58.96735707040477,9.099999999999994,13.60740641278487
Кемеровская область,2022-01-01,13.48317269106442,0.27464209751393653,0.0,0.0,0.0,0,0,59.07947210491427,9.159999999999997,13.57247055185756
Кемеровская область,2022-02-01,13.81923236570448,-0.3501956198858558,-0.0,-0.0,-0.0,0,0,61.03837314185419,10.20999999999999,12.96245929476572
Кемеровская область,2022-03-01,13.63444173102271,4.941478356719127,0.0,0.0,0.0,0,-1,61.01498286471381,10.37,13.35065781939576
Кемеровская область,2022-04-01,18.95288888513768,1.4923126339086181,0.0,0.0,0.0,-1,-1,59.99009548366507,19.22,14.23792955267737
Кемеровская область,2022-05-01,20.01001720208485,-1.244790623444267,-0.0,-0.0,-0.0,0,0,58.83758793164004,20.5,13.9885467694674
Кемеровская область,2022-06-01,19.23761554249332,-3.118179668249544,-0.0,-0.0,-0.0,0,0,57.84467224907579,18.48,14.04898635469151
Кемеровская область,2022-07-01,18.19757883360313,-0.386746413724417,-0.0,-0.0,-0.0,0,0,57.06780918170836,17.11,14.69456871226521
Кемеровская область,2022-08-01,16.24171720475763,-1.1110066252555733,-0.0,-0.0,-0.0,0,0,56.78850666439249,16.40000000000001,14.47366903178558
Кемеровская область,2022-09-01,16.14169290890932,1.7547062341946287,0.0,0.0,0.0,0,0,56.59858509153871,15.51000000000001,14.53353841901672
Кемеровская область,2022-10-01,16.86478962793046,1.2482715752793254,0.0,0.0,0.0,0,0,56.75541581989704,15.12,14.52551201854762
Кемеровская область,2022-11-01,16.04968628809055,0.32653909912163215,0.0,0.0,0.0,0,0,57.15453443853306,14.06999999999999,14.40979924003265
Кемеровская область,2022-12-01,15.92436529285263,0.14955653030453497,0.0,0.0,0.0,0,1,57.11307361328915,13.05,14.62623953911695
Кемеровская область,2023-01-01,16.77007230564651,0.13967960707903515,0.0,0.0,0.0,0,0,56.90709847667122,12.58,14.3763481634293
Кемеровская область,2023-02-01,16.10026159544615,-1.9472998218897306,-0.0,-0.0,-0.0,1,0,55.80267365343394,11.52,14.53271037804328
Кемеровская область,2023-03-01,15.91287336416378,-0.4649545463768856,-0.0,-0.0,-0.0,0,0,55.904261081867,11.16,14.39150268760669
Кемеровская область,2023-04-01,15.59617926094251,-0.5507806832459252,-0.0,-0.0,-0.0,0,0,56.22642084721863,2.109999999999999,14.14084595847902
Кемеровская область,2023-05-01,15.63078128806217,-0.46521849390664727,-0.0,-0.0,-0.0,0,0,57.71509235096303,0.730000000000004,13.99225789039941
Кемеровская область,2023-06-01,15.87760593660656,-0.5347109788556779,-0.0,-0.0,-0.0,0,1,58.19173650583821,2.040000000000006,13.39537333071526
Кемеровская область,2023-07-01,15.62683422340967,-0.5497632155639387,-0.0,-0.0,-0.0,0,1,58.95437668999806,2.930000000000007,13.40953159830097
Кемеровская область,2023-08-01,15.54214530141896,0.2078297309388475,0.0,0.0,0.0,1,0,59.6483153011118,3.859999999999999,13.14118005725471
Кемеровская область,2023-09-01,16.00841239266115,2.7050587479091437,0.0,0.0,0.0,0,1,60.72171597096332,4.950000000000003,13.03137523722591
Кемеровская область,2023-10-01,17.45568301275561,0.8633696772512707,0.0,0.0,0.0,1,0,61.8523248758705,6.079999999999998,12.91686498127969
Кемеровская область,2023-11-01,18.44993071363943,1.714265038508227,0.0,0.0,0.0,1,0,61.96876015025261,7.0,12.69620702406101
Кемеровская область,2023-12-01,19.5428210350128,-1.5282051620880424,-0.0,-0.0,-0.0,0,1,61.74633575201022,7.680000000000007,12.78332672488313
Кемеровская область,2024-01-01,20.06358049871638,0.6818813931607863,0.0,0.0,0.0,0,0,60.15279334440476,8.129999999999995,12.82451268346503
Кемеровская область,2024-02-01,22.00348500156034,-1.5559611222700127,-0.0,-0.0,-0.0,1,0,59.92610799435006,8.549999999999997,12.93058053533423
Кемеровская область,2024-03-01,22.98688653699109,-0.03662363343873665,-0.0,-0.0,-0.0,0,0,59.62800844654086,8.599999999999994,12.80860462490544
Кемеровская область,2024-04-01,22.10102046217659,-0.07535756412256944,-0.0,-0.0,-0.0,0,0,60.16666621529518,8.560000000000002,12.6860033949907
Кемеровская область,2024-05-01,21.91651457776396,-1.8174537430626252,-0.0,-0.0,-0.0,0,1,60.01640730804056,8.920000000000002,12.6333722934912
Кемеровская область,2024-06-01,22.27199644973156,-0.4392507252018447,-0.0,-0.0,-0.0,0,1,60.14854766361306,8.599999999999994,12.2543185016742
Кемеровская область,2024-07-01,23.11728091588107,-0.5869739684411108,-0.0,-0.0,-0.0,0,1,60.63879201271152,9.170000000000002,12.30337678852145
Кемеровская область,2024-08-01,23.36888396681796,1.4105522767729113,0.0,0.0,0.0,1,0,59.05200871341832,9.849999999999994,11.40164781173927
Кемеровская область,2024-09-01,25.34849024262397,-1.9115218364399809,-0.0,-0.0,-0.0,0,1,58.69875263737717,9.170000000000002,11.3737931340013
Кемеровская область,2024-10-01,25.18007520880542,0.667769408390896,0.0,0.0,0.0,1,0,57.98178643390043,8.290000000000006,11.36479441795698
Кемеровская область,2024-11-01,26.31081017362336,2.039278586154861,0.0,0.0,0.0,1,0,57.18463530387699,8.459999999999994,11.21368510936633
Кемеровская область,2024-12-01,28.0865490406408,0.34090421830265427,0.0,0.0,0.0,1,-1,54.39797104815705,9.219999999999999,11.37796065134356
Кемеровская область,2025-01-01,28.24533306907483,0.24822008087726388,0.0,0.0,0.0,-1,0,52.4328260654394,9.549999999999997,12.00351999475009
Кемеровская область,2025-02-01,30.24981840004006,0.31653560056003016,0.0,0.0,0.0,0,-1,50.84081230904533,10.11,12.00682188464629
Кемеровская область,2025-03-01,30.97243244126797,0.41369500741819465,0.0,0.0,0.0,-1,0,50.03699193394939,10.37,12.27578881601586
Кемеровская область,2025-04-01,31.49478415028904,0.5812476727093596,0.0,0.0,0.0,1,0,49.51038183603854,11.23999999999999,12.54435472113822
Кемеровская область,2025-05-01,29.41214874374978,0.3820181297639742,0.0,0.0,0.0,0,1,49.63815860081099,10.8,12.47065021813759
Кемеровская область,2025-06-01,29.21355736041807,0.6128194128495359,0.0,0.0,0.0,0,0,49.32882406261919,10.7,12.55456651473277
Кемеровская область,2025-07-01,28.51532551688629,-0.2977272507310609,-0.0,-0.0,-0.0,0,0,48.73687212034275,10.29000000000001,12.98850033233289
Кемеровская область,2025-08-01,27.85554032767916,-1.399483474742535,-0.0,-0.0,-0.0,1,0,48.15051095386897,9.650000000000006,12.19088372779983
Кемеровская область,2025-09-01,27.11145881304251,0.2588989388809786,0.0,0.0,0.0,0,0,48.4934715176291,9.040000000000006,12.23222054927548
Кемеровская область,2025-10-01,25.98949034497184,-0.43597080805563593,-0.0,-0.0,-0.0,-1,0,48.37052455752829,8.829999999999998,12.26140249049179
Кемеровская область,2025-11-01,26.60996388074232,-0.19410526130430839,-0.0,-0.0,-0.0,1,1,48.3479847071117,8.370000000000005,12.19285778518928
Кемеровская область,2025-12-01,26.97130724040778,0.2813157398373711,0.0,0.0,0.0,0,0,48.12037460103808,7.109999999999999,12.43978825839824
Кировская область,2019-03-01,15.22630997488443,0.7128714995200838,0.0,0.0,0.0,0,0,63.92478050688685,4.810000000000002,13.7727165484552
Кировская область,2019-04-01,15.04547712595417,0.6911493920479934,0.0,0.0,0.0,0,0,64.72602353567703,4.950000000000003,13.74875750823949
Кировская область,2019-05-01,15.16906337474242,0.45783100689424217,0.0,0.0,0.0,1,0,64.19262487665316,4.969999999999999,13.64683884796019
Кировская область,2019-06-01,15.34395863821594,0.5041451542673663,0.0,0.0,0.0,0,0,64.7454069708089,4.689999999999998,13.62941099416191
Кировская область,2019-07-01,15.14294813321821,0.14629311794748645,0.0,0.0,0.0,0,1,65.04899169285575,4.170000000000002,13.36569391003395
Кировская область,2019-08-01,15.07045487213011,0.061654111534494405,0.0,0.0,0.0,0,0,64.1727213958616,3.469999999999999,13.64713116321284
Кировская область,2019-09-01,14.91632105741577,0.2864871600654304,0.0,0.0,0.0,0,0,64.92838650296534,3.280000000000001,13.69889169037477
Кировская область,2019-10-01,14.68828396121173,0.199118629193201,0.0,0.0,0.0,0,0,65.55881244487826,3.120000000000005,13.86480194341935
Кировская область,2019-11-01,15.04616554103912,-0.3451712223245451,-0.0,-0.0,-0.0,1,0,65.37167049176152,3.069999999999993,13.78576451503833
Кировская область,2019-12-01,14.7254613147966,-0.11071296164861266,-0.0,-0.0,-0.0,0,0,65.67512585775177,2.909999999999997,13.78773219588747
Кировская область,2020-01-01,14.61728392537938,0.4934187707708695,0.0,0.0,0.0,0,0,65.77314372428566,2.670000000000002,13.68762221685222
Кировская область,2020-02-01,14.67905592039638,0.717717316165718,0.0,0.0,0.0,0,0,69.3085241533452,2.609999999999999,13.62491573391345
Кировская область,2020-03-01,14.57451998916604,0.5448138582658153,0.0,0.0,0.0,0,0,69.48230564758721,2.569999999999993,13.74333419178252
Кировская область,2020-04-01,14.10919814682681,0.24910450663146122,0.0,0.0,0.0,0,-1,69.84276602829038,3.069999999999993,13.47979307089451
Кировская область,2020-05-01,14.18483472232525,0.12930980432325967,0.0,0.0,0.0,-1,0,67.89785016725105,3.909999999999997,14.29804112162263
Кировская область,2020-06-01,14.0548649111521,0.4216232562547013,0.0,0.0,0.0,0,0,67.67910239428912,3.650000000000006,14.2601987398997
Кировская область,2020-07-01,13.76822206552382,-1.5016319110366503,-0.0,-0.0,-0.0,0,0,67.88555041256974,4.049999999999997,14.39050313699264
Кировская область,2020-08-01,13.41601144997993,-0.8645661305373835,-0.0,-0.0,-0.0,0,0,66.70225664315952,4.069999999999993,14.33774609324578
Кировская область,2020-09-01,13.48805013386553,-0.7937016241842549,-0.0,-0.0,-0.0,0,-1,67.4094328091922,4.109999999999999,14.2459383593312
Кировская область,2020-10-01,13.46057174530851,-1.2364929674992595,-0.0,-0.0,-0.0,-1,0,68.07210918443089,4.090000000000003,14.43229865251839
Кировская область,2020-11-01,13.31488839558546,-1.3589786818048175,-0.0,-0.0,-0.0,0,0,67.63137619328006,4.480000000000004,13.82655491519389
Кировская область,2020-12-01,13.34900983660203,-1.7089361724181273,-0.0,-0.0,-0.0,0,0,67.29876039860959,4.930000000000007,14.01148289488478
Кировская область,2021-01-01,13.026767094486,3.0895976215913166,0.0,0.0,0.0,0,0,67.34196665632078,5.269999999999996,14.03759151913055
Кировская область,2021-02-01,13.06302772243798,-0.05176615786507455,-0.0,-0.0,-0.0,0,0,73.54054149544909,5.340000000000003,14.0427578309445
Кировская область,2021-03-01,12.97078627898587,-0.6104025253424652,-0.0,-0.0,-0.0,0,0,74.02556918822502,5.439999999999998,14.01473284526816
Кировская область,2021-04-01,12.76966675440235,-0.5967440618905293,-0.0,-0.0,-0.0,0,0,74.91834572249465,5.700000000000003,14.11814819537188
Кировская область,2021-05-01,12.73448670227882,-0.241937869195743,-0.0,-0.0,-0.0,0,1,72.09173851485839,5.469999999999999,14.22274476895065
Кировская область,2021-06-01,13.03929327924321,-0.7676306960714552,-0.0,-0.0,-0.0,0,0,73.00035642781762,6.120000000000005,13.6318571701267
Кировская область,2021-07-01,13.00816824666498,0.08560806359759354,0.0,0.0,0.0,0,0,73.91611943576723,6.310000000000002,14.05737918236282
Кировская область,2021-08-01,13.16355690338639,0.3090771946763784,0.0,0.0,0.0,1,1,73.63033753296195,6.829999999999998,13.8786521635565
Кировская область,2021-09-01,13.17228126654586,-0.6460537301930689,-0.0,-0.0,-0.0,0,0,74.47426205763085,7.269999999999996,13.79801572877935
Кировская область,2021-10-01,13.03864646543461,-0.6175372517280238,-0.0,-0.0,-0.0,0,0,74.78551790605152,8.209999999999994,13.89520540802043
Кировская область,2021-11-01,13.48997808561201,-0.12114037446266934,-0.0,-0.0,-0.0,1,0,75.14733002456937,8.89,13.80178023908826
Кировская область,2021-12-01,13.59740260173973,-0.26721650241728057,-0.0,-0.0,-0.0,0,0,73.8372233565461,9.379999999999995,13.67391250209048
Кировская область,2022-01-01,13.76123435719949,0.27464209751393653,0.0,0.0,0.0,0,0,73.8611053370714,9.239999999999995,13.63124393659038
Кировская область,2022-02-01,14.18575766111329,-0.3501956198858558,-0.0,-0.0,-0.0,0,0,78.39094127076046,10.04000000000001,13.08197769621763
Кировская область,2022-03-01,14.20625012326534,4.941478356719127,0.0,0.0,0.0,0,-1,78.74762561164654,10.64,13.45066932559246
Кировская область,2022-04-01,19.64118239954135,1.4923126339086181,0.0,0.0,0.0,-1,-1,77.7228352204165,18.33,14.29413496923004
Кировская область,2022-05-01,21.27424649567754,-1.244790623444267,-0.0,-0.0,-0.0,0,0,74.11539537832074,19.20999999999999,14.17406663725987
Кировская область,2022-06-01,19.98756007662167,-3.118179668249544,-0.0,-0.0,-0.0,0,0,72.80431177718114,18.06,14.2844736871417
Кировская область,2022-07-01,18.71721306340159,-0.386746413724417,-0.0,-0.0,-0.0,0,0,71.86982023780595,16.81999999999999,14.87914157107991
Кировская область,2022-08-01,17.06288668514431,-1.1110066252555733,-0.0,-0.0,-0.0,0,0,72.44169015695499,15.68000000000001,14.58929449594763
Кировская область,2022-09-01,16.9207244533679,1.7547062341946287,0.0,0.0,0.0,0,0,72.24212888712685,14.67,14.64431628187859
Кировская область,2022-10-01,17.6447053397507,1.2482715752793254,0.0,0.0,0.0,0,0,72.52452027104582,14.27,14.59644832122317
Кировская область,2022-11-01,16.6639304263938,0.32653909912163215,0.0,0.0,0.0,0,0,71.54256406738027,13.34,14.48272993559883
Кировская область,2022-12-01,16.80184716322421,0.14955653030453497,0.0,0.0,0.0,0,1,71.49636672042199,12.29000000000001,14.75475201314821
Кировская область,2023-01-01,18.84942732387228,0.13967960707903515,0.0,0.0,0.0,0,0,71.82091615388373,12.52,14.48596131423832
Кировская область,2023-02-01,17.11200633339283,-1.9472998218897306,-0.0,-0.0,-0.0,1,0,73.96556298549498,12.3,14.63837206020904
Кировская область,2023-03-01,16.8504120959207,-0.4649545463768856,-0.0,-0.0,-0.0,0,0,73.5131113964132,11.63,14.49078041566387
Кировская область,2023-04-01,16.5504507390727,-0.5507806832459252,-0.0,-0.0,-0.0,0,0,73.58331344173061,3.599999999999994,14.3036552305159
Кировская область,2023-05-01,16.53268258856491,-0.46521849390664727,-0.0,-0.0,-0.0,0,0,72.35703929367398,2.349999999999994,14.20982349173521
Кировская область,2023-06-01,16.65900445691153,-0.5347109788556779,-0.0,-0.0,-0.0,0,1,72.61026586443768,2.939999999999998,13.51078949339647
Кировская область,2023-07-01,16.56080447080544,-0.5497632155639387,-0.0,-0.0,-0.0,0,1,72.95156474216083,3.629999999999995,13.50824818257065
Кировская область,2023-08-01,16.24086639448135,0.2078297309388475,0.0,0.0,0.0,1,0,72.74634212549746,5.010000000000005,13.20947659961798
Кировская область,2023-09-01,17.02597631230263,2.7050587479091437,0.0,0.0,0.0,0,1,74.114937040075,5.840000000000003,13.09507911921797
Кировская область,2023-10-01,18.35297832984153,0.8633696772512707,0.0,0.0,0.0,1,0,75.23515235144663,6.829999999999998,13.02613126933936
Кировская область,2023-11-01,19.01728593419933,1.714265038508227,0.0,0.0,0.0,1,0,74.97397639021315,7.25,12.84545902948875
Кировская область,2023-12-01,20.87930895180601,-1.5282051620880424,-0.0,-0.0,-0.0,0,1,74.65394695618002,8.069999999999993,12.9267041250233
Кировская область,2024-01-01,21.17066355936337,0.6818813931607863,0.0,0.0,0.0,0,0,73.33258489562591,8.079999999999998,12.93819587318172
Кировская область,2024-02-01,22.85489696595778,-1.5559611222700127,-0.0,-0.0,-0.0,1,0,73.99813632937146,8.170000000000002,13.03373713228244
Кировская область,2024-03-01,23.92910161400358,-0.03662363343873665,-0.0,-0.0,-0.0,0,0,73.4848980088749,8.400000000000006,12.91646834587647
Кировская область,2024-04-01,23.25061934704957,-0.07535756412256944,-0.0,-0.0,-0.0,0,0,73.47860097687703,8.670000000000002,12.83859611290292
Кировская область,2024-05-01,23.16945086960775,-1.8174537430626252,-0.0,-0.0,-0.0,0,1,73.62256037683692,8.840000000000003,12.85392538317621
Кировская область,2024-06-01,22.99667646984849,-0.4392507252018447,-0.0,-0.0,-0.0,0,1,73.74523362578557,9.099999999999994,12.47508056386901
Кировская область,2024-07-01,22.97269552691261,-0.5869739684411108,-0.0,-0.0,-0.0,0,1,74.372705548369,9.489999999999995,12.5749951806393
Кировская область,2024-08-01,23.93050245999663,1.4105522767729113,0.0,0.0,0.0,1,0,72.67096343058608,9.510000000000005,11.59142999417378
Кировская область,2024-09-01,25.96204152096692,-1.9115218364399809,-0.0,-0.0,-0.0,0,1,72.49475597418531,9.290000000000006,11.54544081366454
Кировская область,2024-10-01,25.5745798752521,0.667769408390896,0.0,0.0,0.0,1,0,71.53133609125815,8.349999999999994,11.55536655397428
Кировская область,2024-11-01,26.18115847456164,2.039278586154861,0.0,0.0,0.0,1,0,70.34648819536537,8.659999999999997,11.41543865675851
Кировская область,2024-12-01,27.64327064323613,0.34090421830265427,0.0,0.0,0.0,1,-1,67.30542917703639,9.659999999999997,11.57436868165499
Кировская область,2025-01-01,28.96606796405308,0.24822008087726388,0.0,0.0,0.0,-1,0,65.20491099340767,10.23999999999999,12.26836828784499
Кировская область,2025-02-01,29.06294419773612,0.31653560056003016,0.0,0.0,0.0,0,-1,64.67952036647878,10.68000000000001,12.24881120768699
Кировская область,2025-03-01,30.15966227631948,0.41369500741819465,0.0,0.0,0.0,-1,0,63.59636402883056,11.34999999999999,12.54703351375655
Кировская область,2025-04-01,29.96359496573052,0.5812476727093596,0.0,0.0,0.0,1,0,62.57437814029031,11.56,12.82740439572198
Кировская область,2025-05-01,28.25282430827333,0.3820181297639742,0.0,0.0,0.0,0,1,61.90499153174531,11.54000000000001,12.76414091312483
Кировская область,2025-06-01,28.23913508194843,0.6128194128495359,0.0,0.0,0.0,0,0,61.21315633644006,11.3,12.82956325695128
Кировская область,2025-07-01,27.16390847861701,-0.2977272507310609,-0.0,-0.0,-0.0,0,0,60.30692331641189,10.62,13.26586909373286
Кировская область,2025-08-01,26.75653770136793,-1.399483474742535,-0.0,-0.0,-0.0,1,0,59.35786615934694,9.810000000000002,12.34622772464492
Кировская область,2025-09-01,25.52594592600061,0.2588989388809786,0.0,0.0,0.0,0,0,59.29492834262425,9.700000000000003,12.40247655542496
Кировская область,2025-10-01,24.3902644772442,-0.43597080805563593,-0.0,-0.0,-0.0,-1,0,59.01782741360938,9.86,12.39161383840069
Кировская область,2025-11-01,24.80624991906038,-0.19410526130430839,-0.0,-0.0,-0.0,1,1,58.90177918167957,9.689999999999998,12.29845550383396
Кировская область,2025-12-01,25.30414728221338,0.2813157398373711,0.0,0.0,0.0,0,0,58.68448800606131,8.11,12.59085407505266
Костромская область,2019-03-01,15.34177430168931,0.7128714995200838,0.0,0.0,0.0,0,0,55.53023624800919,5.359999999999999,13.88925292590237
Костромская область,2019-04-01,15.08229559779363,0.6911493920479934,0.0,0.0,0.0,0,0,55.47999254125953,5.170000000000002,13.89753465086052
Костромская область,2019-05-01,15.24257717257901,0.45783100689424217,0.0,0.0,0.0,1,0,55.78655515958055,5.290000000000006,13.79350153475936
Костромская область,2019-06-01,15.29408982056536,0.5041451542673663,0.0,0.0,0.0,0,0,56.27423976360374,5.370000000000005,13.73535819220949
Костромская область,2019-07-01,15.28041960508303,0.14629311794748645,0.0,0.0,0.0,0,1,56.65223756011532,5.069999999999993,13.52937497254287
Костромская область,2019-08-01,15.14454390013767,0.061654111534494405,0.0,0.0,0.0,0,0,55.97093118905779,5.140000000000001,13.73124146707339
Костромская область,2019-09-01,14.96928488924506,0.2864871600654304,0.0,0.0,0.0,0,0,56.74473594353883,4.730000000000004,13.77223171493892
Костромская область,2019-10-01,14.67745017330815,0.199118629193201,0.0,0.0,0.0,0,0,57.2904133971299,4.510000000000005,13.93504786428289
Костромская область,2019-11-01,15.06748441564798,-0.3451712223245451,-0.0,-0.0,-0.0,1,0,59.73100833550229,4.480000000000004,13.83100330390165
Костромская область,2019-12-01,14.65532718384011,-0.11071296164861266,-0.0,-0.0,-0.0,0,0,59.99394702090971,4.359999999999999,13.8569348884843
Костромская область,2020-01-01,14.53886370810163,0.4934187707708695,0.0,0.0,0.0,0,0,59.816316089084,3.739999999999995,13.75511233685459
Костромская область,2020-02-01,14.68404625701862,0.717717316165718,0.0,0.0,0.0,0,0,59.66357765762854,3.269999999999996,13.78411369627295
Костромская область,2020-03-01,14.52492828856301,0.5448138582658153,0.0,0.0,0.0,0,0,59.688557801946,3.180000000000007,13.87226450165003
Костромская область,2020-04-01,13.96500394787522,0.24910450663146122,0.0,0.0,0.0,0,-1,60.59411715303727,3.540000000000006,13.57433119575145
Костромская область,2020-05-01,14.02582950060264,0.12930980432325967,0.0,0.0,0.0,-1,0,63.13543342703078,3.719999999999999,14.41079319928674
Костромская область,2020-06-01,13.9905874459008,0.4216232562547013,0.0,0.0,0.0,0,0,63.1349925165571,3.549999999999997,14.43325255561221
Костромская область,2020-07-01,13.80427786267251,-1.5016319110366503,-0.0,-0.0,-0.0,0,0,63.8568751407383,3.840000000000003,14.56554158811934
Костромская область,2020-08-01,13.6029800770775,-0.8645661305373835,-0.0,-0.0,-0.0,0,0,59.64021371821426,3.959999999999994,14.5333835942963
Костромская область,2020-09-01,13.45730606404342,-0.7937016241842549,-0.0,-0.0,-0.0,0,-1,60.30730273246982,4.129999999999995,14.41772687155045
Костромская область,2020-10-01,13.57253293532161,-1.2364929674992595,-0.0,-0.0,-0.0,-1,0,61.10185554920701,4.129999999999995,14.60635643699714
Костромская область,2020-11-01,12.96613997731215,-1.3589786818048175,-0.0,-0.0,-0.0,0,0,62.52137073215761,4.420000000000002,13.98463548987959
Костромская область,2020-12-01,13.0512223888975,-1.7089361724181273,-0.0,-0.0,-0.0,0,0,63.04892379124768,4.760000000000005,14.15026156793583
Костромская область,2021-01-01,12.79368030134553,3.0895976215913166,0.0,0.0,0.0,0,0,62.41477880545266,5.219999999999999,14.20250068798037
Костромская область,2021-02-01,13.0411450564806,-0.05176615786507455,-0.0,-0.0,-0.0,0,0,65.45527800914802,5.709999999999994,14.21610790891736
Костромская область,2021-03-01,13.03210068996215,-0.6104025253424652,-0.0,-0.0,-0.0,0,0,66.05439552305411,6.310000000000002,14.16968317816031
Костромская область,2021-04-01,12.89768073121994,-0.5967440618905293,-0.0,-0.0,-0.0,0,0,66.68387485367555,6.489999999999995,14.25148468303247
Костромская область,2021-05-01,12.57605510516612,-0.241937869195743,-0.0,-0.0,-0.0,0,1,67.55869153101179,6.760000000000005,14.3674341430439
Костромская область,2021-06-01,12.85451712215434,-0.7676306960714552,-0.0,-0.0,-0.0,0,0,68.17551995665615,6.939999999999998,13.74321844303735
Костромская область,2021-07-01,13.00884774149915,0.08560806359759354,0.0,0.0,0.0,0,0,68.55448198303907,7.299999999999997,14.14412154686744
Костромская область,2021-08-01,13.76087084932427,0.3090771946763784,0.0,0.0,0.0,1,1,68.70777241044954,7.049999999999997,13.95208138268698
Костромская область,2021-09-01,13.14815216739538,-0.6460537301930689,-0.0,-0.0,-0.0,0,0,69.68045097644779,7.310000000000002,13.87511799457331
Костромская область,2021-10-01,13.07688689891159,-0.6175372517280238,-0.0,-0.0,-0.0,0,0,70.25965160344481,7.930000000000007,13.9514859093202
Костромская область,2021-11-01,13.38448933102095,-0.12114037446266934,-0.0,-0.0,-0.0,1,0,69.6680808748069,8.670000000000002,13.89138111755335
Костромская область,2021-12-01,13.61533943846064,-0.26721650241728057,-0.0,-0.0,-0.0,0,0,69.24847520945363,8.819999999999993,13.74631793488736
Костромская область,2022-01-01,13.48544896610699,0.27464209751393653,0.0,0.0,0.0,0,0,70.51741825590892,8.489999999999995,13.70329844883572
Костромская область,2022-02-01,14.08955530378111,-0.3501956198858558,-0.0,-0.0,-0.0,0,0,71.77651969700344,9.200000000000003,13.15299922679338
Костромская область,2022-03-01,14.49369447729931,4.941478356719127,0.0,0.0,0.0,0,-1,73.34526014127768,9.129999999999995,13.47029650911736
Костромская область,2022-04-01,18.99378958233851,1.4923126339086181,0.0,0.0,0.0,-1,-1,71.98845832548353,16.97,14.34711643672285
Костромская область,2022-05-01,20.5709901690311,-1.244790623444267,-0.0,-0.0,-0.0,0,0,74.51060148620184,17.75,14.20539689369201
Костромская область,2022-06-01,20.14653087180252,-3.118179668249544,-0.0,-0.0,-0.0,0,0,73.47697736421844,17.43000000000001,14.31944947882114
Костромская область,2022-07-01,18.70986395618493,-0.386746413724417,-0.0,-0.0,-0.0,0,0,72.48941968234686,16.70999999999999,14.90836838238454
Костромская область,2022-08-01,16.78703326890994,-1.1110066252555733,-0.0,-0.0,-0.0,0,0,69.59311938297628,16.40000000000001,14.66404395162373
Костромская область,2022-09-01,16.68843712213611,1.7547062341946287,0.0,0.0,0.0,0,0,69.32282472873479,16.15000000000001,14.68572331180745
Костромская область,2022-10-01,16.99925450421653,1.2482715752793254,0.0,0.0,0.0,0,0,70.15631605470291,15.70999999999999,14.6460413318727
Костромская область,2022-11-01,16.47659828894162,0.32653909912163215,0.0,0.0,0.0,0,0,67.95216624195214,14.92,14.51379537580396
Костромская область,2022-12-01,16.40534466787445,0.14955653030453497,0.0,0.0,0.0,0,1,67.78172654808114,14.31,14.76787341678455
Костромская область,2023-01-01,18.04434496330792,0.13967960707903515,0.0,0.0,0.0,0,0,67.33272653489871,14.68000000000001,14.52243997288929
Костромская область,2023-02-01,16.62302575439635,-1.9472998218897306,-0.0,-0.0,-0.0,1,0,69.98267130647919,14.0,14.66421549219836
Костромская область,2023-03-01,16.45989109164878,-0.4649545463768856,-0.0,-0.0,-0.0,0,0,69.9448777959929,13.68000000000001,14.51140804012371
Костромская область,2023-04-01,15.99808468732458,-0.5507806832459252,-0.0,-0.0,-0.0,0,0,70.56640899512448,5.659999999999997,14.3073916171097
Костромская область,2023-05-01,16.02764514617422,-0.46521849390664727,-0.0,-0.0,-0.0,0,0,71.67639873583018,4.280000000000001,14.25380272133565
Костромская область,2023-06-01,16.19079460770596,-0.5347109788556779,-0.0,-0.0,-0.0,0,1,72.359840127512,4.310000000000002,13.56569268481996
Костромская область,2023-07-01,16.04745534912184,-0.5497632155639387,-0.0,-0.0,-0.0,0,1,73.23935041161349,5.109999999999999,13.59429238991691
Костромская область,2023-08-01,16.09310695393586,0.2078297309388475,0.0,0.0,0.0,1,0,72.33432069274701,6.030000000000001,13.29644656023421
Костромская область,2023-09-01,16.4453629793822,2.7050587479091437,0.0,0.0,0.0,0,1,73.89612727269052,6.920000000000002,13.1547808895615
Костромская область,2023-10-01,18.38897917630812,0.8633696772512707,0.0,0.0,0.0,1,0,75.30034091655324,7.459999999999994,13.07580443955916
Костромская область,2023-11-01,19.18905498778004,1.714265038508227,0.0,0.0,0.0,1,0,73.50143551861548,7.409999999999997,12.89556527108494
Костромская область,2023-12-01,20.2914800949095,-1.5282051620880424,-0.0,-0.0,-0.0,0,1,73.72677006921577,8.159999999999997,12.92381466864796
Костромская область,2024-01-01,20.86577088999376,0.6818813931607863,0.0,0.0,0.0,0,0,72.56649652711073,7.989999999999995,12.97344132683375
Костромская область,2024-02-01,22.97091922913585,-1.5559611222700127,-0.0,-0.0,-0.0,1,0,75.30070025877068,8.049999999999997,13.04564298889087
Костромская область,2024-03-01,22.91796663452727,-0.03662363343873665,-0.0,-0.0,-0.0,0,0,74.27978964333222,8.030000000000001,12.92220915309287
Костромская область,2024-04-01,22.62043632987151,-0.07535756412256944,-0.0,-0.0,-0.0,0,0,74.24967366403595,8.180000000000007,12.84154866559925
Костромская область,2024-05-01,22.67587509925079,-1.8174537430626252,-0.0,-0.0,-0.0,0,1,74.85737522219247,8.36,12.83603178055609
Костромская область,2024-06-01,23.1318874423563,-0.4392507252018447,-0.0,-0.0,-0.0,0,1,74.77701744072547,8.650000000000006,12.46344603335545
Костромская область,2024-07-01,23.36311395517694,-0.5869739684411108,-0.0,-0.0,-0.0,0,1,75.1232883418474,8.650000000000006,12.56155653474424
Костромская область,2024-08-01,24.6302245951436,1.4105522767729113,0.0,0.0,0.0,1,0,73.5710764232356,9.329999999999998,11.55393654650489
Костромская область,2024-09-01,25.34072015485303,-1.9115218364399809,-0.0,-0.0,-0.0,0,1,73.32525515316111,8.530000000000001,11.50961705386033
Костромская область,2024-10-01,25.72588195405869,0.667769408390896,0.0,0.0,0.0,1,0,72.22773345210175,8.450000000000003,11.5114932943313
Костромская область,2024-11-01,28.3146609827377,2.039278586154861,0.0,0.0,0.0,1,0,69.45219880682116,8.549999999999997,11.34600140641855
Костромская область,2024-12-01,28.15035250923879,0.34090421830265427,0.0,0.0,0.0,1,-1,66.61037738210894,9.049999999999997,11.49625952274435
Костромская область,2025-01-01,30.09566858398631,0.24822008087726388,0.0,0.0,0.0,-1,0,65.09205106677427,9.450000000000003,12.16219006685132
Костромская область,2025-02-01,30.22189558152051,0.31653560056003016,0.0,0.0,0.0,0,-1,64.4730925577689,10.04000000000001,12.1447878825617
Костромская область,2025-03-01,30.9465371287478,0.41369500741819465,0.0,0.0,0.0,-1,0,63.33214942020601,10.33,12.40410281532862
Костромская область,2025-04-01,30.44294779650697,0.5812476727093596,0.0,0.0,0.0,1,0,62.79977013684324,10.75,12.64190519285571
Костромская область,2025-05-01,29.53093312299696,0.3820181297639742,0.0,0.0,0.0,0,1,64.64475144734404,10.86,12.59909970473396
Костромская область,2025-06-01,27.95361883237607,0.6128194128495359,0.0,0.0,0.0,0,0,64.26354044209482,10.77,12.67881246359742
Костромская область,2025-07-01,27.29816224756665,-0.2977272507310609,-0.0,-0.0,-0.0,0,0,65.06374619842546,10.27,13.04059592135449
Костромская область,2025-08-01,26.15906791171168,-1.399483474742535,-0.0,-0.0,-0.0,1,0,63.35956815866554,9.650000000000006,12.22220559145926
Костромская область,2025-09-01,25.27376371426782,0.2588989388809786,0.0,0.0,0.0,0,0,63.41580194628508,9.780000000000001,12.23929313103829
Костромская область,2025-10-01,24.09058399043692,-0.43597080805563593,-0.0,-0.0,-0.0,-1,0,63.26374666982218,9.439999999999998,12.31561575004942
Костромская область,2025-11-01,24.43470045444298,-0.19410526130430839,-0.0,-0.0,-0.0,1,1,63.03384912964427,9.39,12.21882597268431
Костромская область,2025-12-01,25.47700829961637,0.2813157398373711,0.0,0.0,0.0,0,0,62.60379571890893,8.14,12.51407306266245
Краснодарский край,2019-03-01,15.18643186377686,0.7128714995200838,0.7128714995200838,0.0,0.0,0,0,51.39992263764152,5.219999999999999,13.4699820572755
Краснодарский край,2019-04-01,15.08345385565542,0.6911493920479934,0.6911493920479934,0.0,0.0,0,0,52.27659066768111,5.480000000000004,13.42070334783589
Краснодарский край,2019-05-01,15.13716745365664,0.45783100689424217,0.45783100689424217,0.0,0.0,1,0,51.66268052550848,5.480000000000004,13.28411056441403
Краснодарский край,2019-06-01,15.3575905941348,0.5041451542673663,0.5041451542673663,0.0,0.0,0,0,52.17973645826432,5.420000000000002,13.2194542712739
Краснодарский край,2019-07-01,15.0764319468965,0.14629311794748645,0.14629311794748645,0.0,0.0,0,1,52.66076522870198,4.950000000000003,13.04830515608639
Краснодарский край,2019-08-01,15.08154451709104,0.061654111534494405,0.061654111534494405,0.0,0.0,0,0,52.12627829565007,5.010000000000005,13.24920495779216
Краснодарский край,2019-09-01,14.88163593244232,0.2864871600654304,0.2864871600654304,0.0,0.0,0,0,52.59333429552881,4.569999999999993,13.37399467217625
Краснодарский край,2019-10-01,14.66904628865037,0.199118629193201,0.199118629193201,0.0,0.0,0,0,53.04675876560749,3.849999999999994,13.53939212126758
Краснодарский край,2019-11-01,14.87601491549395,-0.3451712223245451,-0.3451712223245451,-0.0,-0.0,1,0,54.02805258376466,3.569999999999993,13.4222108347828
Краснодарский край,2019-12-01,14.64155623709932,-0.11071296164861266,-0.11071296164861266,-0.0,-0.0,0,0,54.69085588706724,3.219999999999999,13.47436300608728
Краснодарский край,2020-01-01,14.41077257039254,0.4934187707708695,0.4934187707708695,0.0,0.0,0,0,55.19459632728292,2.560000000000002,13.41749029541324
Краснодарский край,2020-02-01,14.41437959691921,0.717717316165718,0.717717316165718,0.0,0.0,0,0,54.96905109812859,1.909999999999997,13.70633056871926
Краснодарский край,2020-03-01,14.52175800064412,0.5448138582658153,0.5448138582658153,0.0,0.0,0,0,55.45330089295157,1.840000000000003,13.83543530187092
Краснодарский край,2020-04-01,14.12213408827081,0.24910450663146122,0.24910450663146122,0.0,0.0,0,-1,56.03280283239128,2.200000000000003,13.5687298941253
Краснодарский край,2020-05-01,14.24361649257403,0.12930980432325967,0.12930980432325967,0.0,0.0,-1,0,55.0489942946512,2.900000000000006,14.30566234252238
Краснодарский край,2020-06-01,14.06682690829012,0.4216232562547013,0.4216232562547013,0.0,0.0,0,0,55.1502057038465,2.640000000000001,14.2404301980606
Краснодарский край,2020-07-01,13.90067847993735,-1.5016319110366503,-1.5016319110366503,-0.0,-0.0,0,0,55.64089387253384,2.739999999999995,14.41234693748465
Краснодарский край,2020-08-01,13.58853233581952,-0.8645661305373835,-0.8645661305373835,-0.0,-0.0,0,0,57.9506312933604,3.0,14.39333043349138
Краснодарский край,2020-09-01,13.47635827345543,-0.7937016241842549,-0.7937016241842549,-0.0,-0.0,0,-1,58.86167705439138,3.530000000000001,14.33817269592874
Краснодарский край,2020-10-01,13.37171414091417,-1.2364929674992595,-1.2364929674992595,-0.0,-0.0,-1,0,59.84372493244626,3.719999999999999,14.55434654500562
Краснодарский край,2020-11-01,12.98235873203244,-1.3589786818048175,-1.3589786818048175,-0.0,-0.0,0,0,59.79004663544005,4.209999999999994,14.05396357346232
Краснодарский край,2020-12-01,13.16114362580905,-1.7089361724181273,-1.7089361724181273,-0.0,-0.0,0,0,60.43155406279465,4.739999999999995,14.19703328933837
Краснодарский край,2021-01-01,12.97934584696423,3.0895976215913166,3.0895976215913166,0.0,0.0,0,0,60.45767321439597,5.069999999999993,14.19153910271232
Краснодарский край,2021-02-01,12.97735723944245,-0.05176615786507455,-0.05176615786507455,-0.0,-0.0,0,0,60.79647546129166,5.519999999999996,14.20950201934408
Краснодарский край,2021-03-01,12.90834231124612,-0.6104025253424652,-0.6104025253424652,-0.0,-0.0,0,0,61.54916421699836,6.170000000000002,14.20287293520522
Краснодарский край,2021-04-01,12.84666548837592,-0.5967440618905293,-0.5967440618905293,-0.0,-0.0,0,0,62.84819956064457,6.379999999999995,14.21483979199883
Краснодарский край,2021-05-01,12.69245665183326,-0.241937869195743,-0.241937869195743,-0.0,-0.0,0,1,64.69536901679942,6.099999999999994,14.26021547255424
Краснодарский край,2021-06-01,12.92593934677504,-0.7676306960714552,-0.7676306960714552,-0.0,-0.0,0,0,65.62665455667411,6.709999999999994,13.75588043146355
Краснодарский край,2021-07-01,12.90119660840534,0.08560806359759354,0.08560806359759354,0.0,0.0,0,0,66.52776509564632,7.810000000000002,14.15344004381216
Краснодарский край,2021-08-01,13.19582423600171,0.3090771946763784,0.3090771946763784,0.0,0.0,1,1,66.63174257651458,7.579999999999998,14.02177241367479
Краснодарский край,2021-09-01,13.09658114755138,-0.6460537301930689,-0.6460537301930689,-0.0,-0.0,0,0,67.52498720441699,7.760000000000005,13.9176486814607
Краснодарский край,2021-10-01,13.09180076810126,-0.6175372517280238,-0.6175372517280238,-0.0,-0.0,0,0,68.22010189680518,8.040000000000006,13.93575447205516
Краснодарский край,2021-11-01,13.3760782220369,-0.12114037446266934,-0.12114037446266934,-0.0,-0.0,1,0,68.12274137917579,9.079999999999998,13.89715299957118
Краснодарский край,2021-12-01,13.60373859116525,-0.26721650241728057,-0.26721650241728057,-0.0,-0.0,0,0,68.76262670862633,8.969999999999999,13.77649835219736
Краснодарский край,2022-01-01,13.82008049249581,0.27464209751393653,0.27464209751393653,0.0,0.0,0,0,70.0678955315157,9.25,13.76083540278222
Краснодарский край,2022-02-01,13.87867245365262,-0.3501956198858558,-0.3501956198858558,-0.0,-0.0,0,0,71.87175640350651,9.489999999999995,13.26214466932173
Краснодарский край,2022-03-01,14.7174980786471,4.941478356719127,4.941478356719127,0.0,0.0,0,-1,72.73842153998578,9.530000000000001,13.87540266436249
Краснодарский край,2022-04-01,20.07706617231118,1.4923126339086181,1.4923126339086181,0.0,0.0,-1,-1,71.78088187812712,16.19,14.71334057971298
Краснодарский край,2022-05-01,21.45217056449979,-1.244790623444267,-1.244790623444267,-0.0,-0.0,0,0,70.22428750033718,17.48999999999999,14.50821698413736
Краснодарский край,2022-06-01,20.77759053029802,-3.118179668249544,-3.118179668249544,-0.0,-0.0,0,0,69.55746037720229,16.79000000000001,14.56603611684803
Краснодарский край,2022-07-01,19.55255569805553,-0.386746413724417,-0.386746413724417,-0.0,-0.0,0,0,69.25263884924213,15.12,15.18877688008292
Краснодарский край,2022-08-01,18.38381143908305,-1.1110066252555733,-1.1110066252555733,-0.0,-0.0,0,0,69.43120248709161,14.45,14.96439169546156
Краснодарский край,2022-09-01,17.39750550945177,1.7547062341946287,1.7547062341946287,0.0,0.0,0,0,69.3407027507729,13.06,14.98669879332563
Краснодарский край,2022-10-01,17.54921498428772,1.2482715752793254,1.2482715752793254,0.0,0.0,0,0,69.60669647182887,13.08,14.96890566851208
Краснодарский край,2022-11-01,16.22787322367463,0.32653909912163215,0.32653909912163215,0.0,0.0,0,0,70.51293508817626,11.5,14.90177069449671
Краснодарский край,2022-12-01,16.65076718959596,0.14955653030453497,0.14955653030453497,0.0,0.0,0,1,70.88558670607985,11.14,15.06247838217861
Краснодарский край,2023-01-01,17.64565059657817,0.13967960707903515,0.13967960707903515,0.0,0.0,0,0,71.64746420000753,10.98,14.80423808405605
Краснодарский край,2023-02-01,16.82324930127323,-1.9472998218897306,-1.9472998218897306,-0.0,-0.0,1,0,70.3170398091677,11.0,14.98577441104496
Краснодарский край,2023-03-01,16.51718572923035,-0.4649545463768856,-0.4649545463768856,-0.0,-0.0,0,0,70.52896810304861,10.69,14.81640987916857
Краснодарский край,2023-04-01,16.3799367922696,-0.5507806832459252,-0.5507806832459252,-0.0,-0.0,0,0,71.78378607115783,3.790000000000006,14.61423325871306
Краснодарский край,2023-05-01,16.05292322976829,-0.46521849390664727,-0.46521849390664727,-0.0,-0.0,0,0,71.43230582812969,2.189999999999998,14.42898333385207
Краснодарский край,2023-06-01,16.38140558391427,-0.5347109788556779,-0.5347109788556779,-0.0,-0.0,0,1,72.16646792391712,2.569999999999993,13.8872728607544
Краснодарский край,2023-07-01,16.32444744838657,-0.5497632155639387,-0.5497632155639387,-0.0,-0.0,0,1,73.05236804967184,3.489999999999995,13.87484477602813
Краснодарский край,2023-08-01,16.03759346054514,0.2078297309388475,0.2078297309388475,0.0,0.0,1,0,74.45783166793888,5.219999999999999,13.61436403416113
Краснодарский край,2023-09-01,17.00376250349506,2.7050587479091437,2.7050587479091437,0.0,0.0,0,1,75.95842717761371,6.299999999999997,13.54054077393174
Краснодарский край,2023-10-01,18.90087413687956,0.8633696772512707,0.8633696772512707,0.0,0.0,1,0,77.71467053394248,7.069999999999993,13.40139887685015
Краснодарский край,2023-11-01,19.36634617957321,1.714265038508227,1.714265038508227,0.0,0.0,1,0,78.79028387656778,7.719999999999999,13.17469892055686
Краснодарский край,2023-12-01,19.27325534771598,-1.5282051620880424,-1.5282051620880424,-0.0,-0.0,0,1,79.82233202197796,8.230000000000004,13.16856227655285
Краснодарский край,2024-01-01,21.32205060897626,0.6818813931607863,0.6818813931607863,0.0,0.0,0,0,80.04459287954072,8.370000000000005,13.15291354678116
Краснодарский край,2024-02-01,22.82681205488374,-1.5559611222700127,-1.5559611222700127,-0.0,-0.0,1,0,79.96020746157367,8.200000000000003,13.22500350392972
Краснодарский край,2024-03-01,23.36826682070418,-0.03662363343873665,-0.03662363343873665,-0.0,-0.0,0,0,80.1042920192867,8.040000000000006,13.09132809307421
Краснодарский край,2024-04-01,22.61253901374876,-0.07535756412256944,-0.07535756412256944,-0.0,-0.0,0,0,80.39374153986184,8.0,12.96300038394868
Краснодарский край,2024-05-01,22.6561492556323,-1.8174537430626252,-1.8174537430626252,-0.0,-0.0,0,1,80.26186168316725,7.859999999999999,12.91106219834658
Краснодарский край,2024-06-01,22.73965040107359,-0.4392507252018447,-0.4392507252018447,-0.0,-0.0,0,1,80.37884025438674,8.39,12.51094810724167
Краснодарский край,2024-07-01,23.70689937738271,-0.5869739684411108,-0.5869739684411108,-0.0,-0.0,0,1,80.80300451526222,8.799999999999997,12.53907311656519
Краснодарский край,2024-08-01,23.05383282463377,1.4105522767729113,1.4105522767729113,0.0,0.0,1,0,79.84069461135195,9.159999999999997,11.69820517107657
Краснодарский край,2024-09-01,24.73698099506312,-1.9115218364399809,-1.9115218364399809,-0.0,-0.0,0,1,79.39752385985165,9.480000000000004,11.65614337649399
Краснодарский край,2024-10-01,24.9341620772283,0.667769408390896,0.667769408390896,0.0,0.0,1,0,78.56282665536854,8.64,11.66202619421309
Краснодарский край,2024-11-01,26.2342918978712,2.039278586154861,2.039278586154861,0.0,0.0,1,0,77.10396815325818,8.480000000000004,11.53111722621294
Краснодарский край,2024-12-01,27.2717774267425,0.34090421830265427,0.34090421830265427,0.0,0.0,1,-1,75.59936218091973,8.89,11.62001870117293
Краснодарский край,2025-01-01,27.31865327059741,0.24822008087726388,0.24822008087726388,0.0,0.0,-1,0,73.71875001635438,9.480000000000004,12.16340999963299
Краснодарский край,2025-02-01,28.88344348509946,0.31653560056003016,0.31653560056003016,0.0,0.0,0,-1,73.02568599554937,9.909999999999997,12.20024518248199
Краснодарский край,2025-03-01,30.27106744919419,0.41369500741819465,0.41369500741819465,0.0,0.0,-1,0,72.14156955655817,10.17,12.4791698099067
Краснодарский край,2025-04-01,30.16251869713851,0.5812476727093596,0.5812476727093596,0.0,0.0,1,0,71.62552969722664,10.81,12.76160916547847
Краснодарский край,2025-05-01,28.28493945949392,0.3820181297639742,0.3820181297639742,0.0,0.0,0,1,71.13171076939166,11.23999999999999,12.67721032338324
Краснодарский край,2025-06-01,28.40698750808286,0.6128194128495359,0.6128194128495359,0.0,0.0,0,0,70.49769455688539,10.72,12.74995723762376
Краснодарский край,2025-07-01,27.53045830616954,-0.2977272507310609,-0.2977272507310609,-0.0,-0.0,0,0,70.04856018877092,9.930000000000007,13.18870343036396
Краснодарский край,2025-08-01,26.36284703850892,-1.399483474742535,-1.399483474742535,-0.0,-0.0,1,0,69.30164977667891,8.870000000000005,12.37115539308394
Краснодарский край,2025-09-01,25.31055872957091,0.2588989388809786,0.2588989388809786,0.0,0.0,0,0,69.15600524105045,7.469999999999999,12.38397849361523
Краснодарский край,2025-10-01,25.19632534253185,-0.43597080805563593,-0.43597080805563593,-0.0,-0.0,-1,0,69.02971948527654,7.629999999999995,12.36895271737341
Краснодарский край,2025-11-01,24.53400900253072,-0.19410526130430839,-0.19410526130430839,-0.0,-0.0,1,1,69.06472791777941,7.650000000000006,12.27566011215622
Краснодарский край,2025-12-01,24.82754070381525,0.2813157398373711,0.2813157398373711,0.0,0.0,0,0,68.98037795480091,6.75,12.52012403724181
Красноярский край,2019-03-01,15.08499861799071,0.7128714995200838,0.0,0.7128714995200838,0.0,0,0,77.4076402659939,5.469999999999999,13.51790113862239
Красноярский край,2019-04-01,15.01212159637498,0.6911493920479934,0.0,0.6911493920479934,0.0,0,0,73.64381084822955,5.689999999999998,13.48191249884414
Красноярский край,2019-05-01,14.92334611731589,0.45783100689424217,0.0,0.45783100689424217,0.0,1,0,68.73330347980342,5.620000000000005,13.36401242011689
Красноярский край,2019-06-01,15.0788056716688,0.5041451542673663,0.0,0.5041451542673663,0.0,0,0,65.25237295928183,5.739999999999995,13.31154156453185
Красноярский край,2019-07-01,14.98147471416481,0.14629311794748645,0.0,0.14629311794748645,0.0,0,1,62.32781854125944,5.230000000000004,13.12786730669293
Красноярский край,2019-08-01,14.88922633994766,0.061654111534494405,0.0,0.061654111534494405,0.0,0,0,59.42636046804039,5.540000000000006,13.35714092626066
Красноярский край,2019-09-01,14.73724296196944,0.2864871600654304,0.0,0.2864871600654304,0.0,0,0,58.07578702936698,4.969999999999999,13.46021459731782
Красноярский край,2019-10-01,14.50478934897837,0.199118629193201,0.0,0.199118629193201,0.0,0,0,56.5446231654865,4.609999999999999,13.63751110748976
Красноярский край,2019-11-01,14.71842652151984,-0.3451712223245451,-0.0,-0.3451712223245451,-0.0,1,0,53.84598336877161,4.370000000000005,13.53172576179565
Красноярский край,2019-12-01,14.43649765656734,-0.11071296164861266,-0.0,-0.11071296164861266,-0.0,0,0,52.27968057277259,4.030000000000001,13.54056661927094
Красноярский край,2020-01-01,14.25300774034209,0.4934187707708695,0.0,0.4934187707708695,0.0,0,0,50.05841309940713,3.829999999999998,13.44698825721286
Красноярский край,2020-02-01,14.15489471190536,0.717717316165718,0.0,0.717717316165718,0.0,0,0,50.29796001769579,3.159999999999997,13.49912688869807
Красноярский край,2020-03-01,14.14907811464887,0.5448138582658153,0.0,0.5448138582658153,0.0,0,0,50.57615581783109,2.870000000000005,13.62650629317734
Красноярский край,2020-04-01,13.67870787116078,0.24910450663146122,0.0,0.24910450663146122,0.0,0,-1,51.03542537218729,2.739999999999995,13.39038453171335
Красноярский край,2020-05-01,13.88127200795387,0.12930980432325967,0.0,0.12930980432325967,0.0,-1,0,51.59504679171649,3.180000000000007,14.15171689880008
Красноярский край,2020-06-01,13.9677582810154,0.4216232562547013,0.0,0.4216232562547013,0.0,0,0,51.23678657251747,2.849999999999994,14.12973100332927
Красноярский край,2020-07-01,13.7291364150555,-1.5016319110366503,-0.0,-1.5016319110366503,-0.0,0,0,51.28813323933549,2.930000000000007,14.28635855365802
Красноярский край,2020-08-01,13.470077965909,-0.8645661305373835,-0.0,-0.8645661305373835,-0.0,0,0,52.60755601742064,3.0,14.2035870347485
Красноярский край,2020-09-01,13.27768893468421,-0.7937016241842549,-0.0,-0.7937016241842549,-0.0,0,-1,53.31638684218042,3.069999999999993,14.10265284918394
Красноярский край,2020-10-01,13.0319206865576,-1.2364929674992595,-0.0,-1.2364929674992595,-0.0,-1,0,54.03991137593685,3.310000000000002,14.27972540360732
Красноярский край,2020-11-01,12.86723315568773,-1.3589786818048175,-0.0,-1.3589786818048175,-0.0,0,0,54.60971426157055,3.549999999999997,13.69088377026744
Красноярский край,2020-12-01,12.97483672834613,-1.7089361724181273,-0.0,-1.7089361724181273,-0.0,0,0,54.26035126871286,4.310000000000002,13.84415764584402
Красноярский край,2021-01-01,12.72696449735404,3.0895976215913166,0.0,3.0895976215913166,0.0,0,0,53.71452840844893,4.689999999999998,13.90419468070431
Красноярский край,2021-02-01,12.69449770017407,-0.05176615786507455,-0.0,-0.05176615786507455,-0.0,0,0,53.18916837745614,5.049999999999997,13.9111400632786
Красноярский край,2021-03-01,12.58234052573227,-0.6104025253424652,-0.0,-0.6104025253424652,-0.0,0,0,53.52253229193857,5.319999999999993,13.89056752944748
Красноярский край,2021-04-01,12.4424833308429,-0.5967440618905293,-0.0,-0.5967440618905293,-0.0,0,0,54.32358846858347,5.510000000000005,13.99932306716293
Красноярский край,2021-05-01,12.24879466132358,-0.241937869195743,-0.0,-0.241937869195743,-0.0,0,1,54.70062507112626,5.680000000000007,14.08725656016496
Красноярский край,2021-06-01,12.55953480635973,-0.7676306960714552,-0.0,-0.7676306960714552,-0.0,0,0,55.76535140307946,6.569999999999993,13.5337008489042
Красноярский край,2021-07-01,12.59924161437011,0.08560806359759354,0.0,0.08560806359759354,0.0,0,0,56.38042022252547,7.010000000000005,13.97615658873137
Красноярский край,2021-08-01,12.79697394354829,0.3090771946763784,0.0,0.3090771946763784,0.0,1,1,56.99390698729617,7.180000000000007,13.83371477357043
Красноярский край,2021-09-01,12.80875981867429,-0.6460537301930689,-0.0,-0.6460537301930689,-0.0,0,0,57.79019175627241,7.420000000000002,13.74771027073748
Красноярский край,2021-10-01,12.70577388244702,-0.6175372517280238,-0.0,-0.6175372517280238,-0.0,0,0,58.26063354218145,7.909999999999997,13.79872719723924
Красноярский край,2021-11-01,13.16542769182363,-0.12114037446266934,-0.0,-0.12114037446266934,-0.0,1,0,58.78346617512092,8.75,13.74414373321358
Красноярский край,2021-12-01,13.22207338684028,-0.26721650241728057,-0.0,-0.26721650241728057,-0.0,0,0,58.520826299496,8.900000000000006,13.59279850079063
Красноярский край,2022-01-01,13.34893634451003,0.27464209751393653,0.0,0.27464209751393653,0.0,0,0,58.22665651993785,9.040000000000006,13.55472937441798
Красноярский край,2022-02-01,13.65890845301641,-0.3501956198858558,-0.0,-0.3501956198858558,-0.0,0,0,60.41619819753091,9.560000000000002,12.99953563577683
Красноярский край,2022-03-01,13.71591503445061,4.941478356719127,0.0,4.941478356719127,0.0,0,-1,60.70535733829618,9.769999999999996,13.34676166526922
Красноярский край,2022-04-01,19.87187394840702,1.4923126339086181,0.0,1.4923126339086181,0.0,-1,-1,59.12052971026558,18.56,14.201694665032
Красноярский край,2022-05-01,21.16245366894021,-1.244790623444267,-0.0,-1.244790623444267,-0.0,0,0,57.44091177598337,19.34,13.98997970694765
Красноярский край,2022-06-01,19.58433380278416,-3.118179668249544,-0.0,-3.118179668249544,-0.0,0,0,56.55006076485544,17.40000000000001,14.07859471799651
Красноярский край,2022-07-01,18.26298529969766,-0.386746413724417,-0.0,-0.386746413724417,-0.0,0,0,56.34233823602878,15.92,14.7573066357956
Красноярский край,2022-08-01,16.26755138851647,-1.1110066252555733,-0.0,-1.1110066252555733,-0.0,0,0,56.31557836093958,15.34,14.49879951431568
Красноярский край,2022-09-01,15.85848162794055,1.7547062341946287,0.0,1.7547062341946287,0.0,0,0,56.45848833347716,14.37,14.55295070915365
Красноярский край,2022-10-01,15.83567878694339,1.2482715752793254,0.0,1.2482715752793254,0.0,0,0,56.80980445894102,13.63,14.53376777348482
Красноярский край,2022-11-01,15.86344605278286,0.32653909912163215,0.0,0.32653909912163215,0.0,0,0,56.34841349320689,12.65000000000001,14.43292435769012
Красноярский край,2022-12-01,15.95215385625843,0.14955653030453497,0.0,0.14955653030453497,0.0,0,1,56.32990363611581,11.98999999999999,14.65247439612443
Красноярский край,2023-01-01,16.6289693498485,0.13967960707903515,0.0,0.13967960707903515,0.0,0,0,55.97843708595943,12.09,14.42924459069119
Красноярский край,2023-02-01,16.33277698788239,-1.9472998218897306,-0.0,-1.9472998218897306,-0.0,1,0,56.93338526996556,11.31,14.5890195954555
Красноярский край,2023-03-01,16.06938754945869,-0.4649545463768856,-0.0,-0.4649545463768856,-0.0,0,0,56.79848777132431,10.73,14.41617969092668
Красноярский край,2023-04-01,16.02027933233453,-0.5507806832459252,-0.0,-0.5507806832459252,-0.0,0,0,57.96901186393767,2.459999999999994,14.23178111913654
Красноярский край,2023-05-01,15.75814259862585,-0.46521849390664727,-0.0,-0.46521849390664727,-0.0,0,0,56.38880739653425,1.230000000000004,14.07378662005809
Красноярский край,2023-06-01,15.91968736061465,-0.5347109788556779,-0.0,-0.5347109788556779,-0.0,0,1,56.950650918124,2.319999999999993,13.47615363610922
Красноярский край,2023-07-01,15.79526308385902,-0.5497632155639387,-0.0,-0.5497632155639387,-0.0,0,1,57.74928322005355,3.390000000000001,13.45758499203677
Красноярский край,2023-08-01,15.67775688896098,0.2078297309388475,0.0,0.2078297309388475,0.0,1,0,58.41383933571706,4.209999999999994,13.18723318377147
Красноярский край,2023-09-01,16.36347757483559,2.7050587479091437,0.0,2.7050587479091437,0.0,0,1,59.69406511508004,5.540000000000006,13.10528096536357
Красноярский край,2023-10-01,18.15134038583625,0.8633696772512707,0.0,0.8633696772512707,0.0,1,0,60.85514477030528,6.659999999999997,13.04310699945613
Красноярский край,2023-11-01,19.0399159581095,1.714265038508227,0.0,1.714265038508227,0.0,1,0,60.66004630559625,7.609999999999999,12.85737058964244
Красноярский край,2023-12-01,19.02350653062063,-1.5282051620880424,-0.0,-1.5282051620880424,-0.0,0,1,60.67703709016904,8.209999999999994,12.90794212462834
Красноярский край,2024-01-01,20.56097546203367,0.6818813931607863,0.0,0.6818813931607863,0.0,0,0,59.65483308929921,7.780000000000001,12.92145723214396
Красноярский край,2024-02-01,23.07190108976286,-1.5559611222700127,-0.0,-1.5559611222700127,-0.0,1,0,60.06850166829074,8.379999999999995,13.01858415306727
Красноярский край,2024-03-01,24.22402019233186,-0.03662363343873665,-0.0,-0.03662363343873665,-0.0,0,0,59.66673999602069,8.469999999999999,12.90063356052727
Красноярский край,2024-04-01,24.1296273383401,-0.07535756412256944,-0.0,-0.07535756412256944,-0.0,0,0,59.13757128440476,8.459999999999994,12.80764766836775
Красноярский край,2024-05-01,23.761118768254,-1.8174537430626252,-0.0,-1.8174537430626252,-0.0,0,1,58.30192550084072,8.719999999999999,12.7697650402633
Красноярский край,2024-06-01,23.58739088446038,-0.4392507252018447,-0.0,-0.4392507252018447,-0.0,0,1,58.22399385220427,8.930000000000007,12.41158853120639
Красноярский край,2024-07-01,24.10559421204838,-0.5869739684411108,-0.0,-0.5869739684411108,-0.0,0,1,58.7004859803186,8.950000000000003,12.50301872248306
Красноярский край,2024-08-01,24.76140417647949,1.4105522767729113,0.0,1.4105522767729113,0.0,1,0,57.33714366714585,9.459999999999994,11.57703531677935
Красноярский край,2024-09-01,26.70846365597684,-1.9115218364399809,-0.0,-1.9115218364399809,-0.0,0,1,57.32387525161359,9.340000000000003,11.5666740203955
Красноярский край,2024-10-01,26.72294501705542,0.667769408390896,0.0,0.667769408390896,0.0,1,0,56.55365827702686,8.590000000000003,11.56217727839515
Красноярский край,2024-11-01,27.35926575744031,2.039278586154861,0.0,2.039278586154861,0.0,1,0,54.33157496988778,8.569999999999993,11.41491622917883
Красноярский край,2024-12-01,29.11624970670891,0.34090421830265427,0.0,0.34090421830265427,0.0,1,-1,51.93993452282677,8.900000000000006,11.53341486744715
Красноярский край,2025-01-01,30.93986089304467,0.24822008087726388,0.0,0.24822008087726388,0.0,-1,0,49.87789657371448,9.620000000000005,12.14201834330196
Красноярский край,2025-02-01,31.5182536918339,0.31653560056003016,0.0,0.31653560056003016,0.0,0,-1,52.4194865690084,10.14,12.16400777589122
Красноярский край,2025-03-01,32.0364220321057,0.41369500741819465,0.0,0.41369500741819465,0.0,-1,0,51.65367977286339,10.56,12.43741096568436
Красноярский край,2025-04-01,33.22752647614234,0.5812476727093596,0.0,0.5812476727093596,0.0,1,0,51.31537783058564,11.13,12.70680366086662
Красноярский край,2025-05-01,30.78399099231582,0.3820181297639742,0.0,0.3820181297639742,0.0,0,1,49.75980976188561,10.98,12.63784014924933
Красноярский край,2025-06-01,30.90089110606671,0.6128194128495359,0.0,0.6128194128495359,0.0,0,0,49.39913485655832,10.56999999999999,12.76613337774312
Красноярский край,2025-07-01,30.23412196403996,-0.2977272507310609,-0.0,-0.2977272507310609,-0.0,0,0,48.76676028597128,10.56,13.22258937108618
Красноярский край,2025-08-01,29.40025515449509,-1.399483474742535,-0.0,-1.399483474742535,-0.0,1,0,47.98279463041025,9.530000000000001,12.34254874688095
Красноярский край,2025-09-01,28.72685695130498,0.2588989388809786,0.0,0.2588989388809786,0.0,0,0,47.83909455850716,8.909999999999997,12.37672956823279
Красноярский край,2025-10-01,27.75531186593158,-0.43597080805563593,-0.0,-0.43597080805563593,-0.0,-1,0,47.57505704486032,8.829999999999998,12.39692775072977
Красноярский край,2025-11-01,27.84232689723041,-0.19410526130430839,-0.0,-0.19410526130430839,-0.0,1,1,47.31950413116056,8.459999999999994,12.31047235238105
Красноярский край,2025-12-01,28.27759868100864,0.2813157398373711,0.0,0.2813157398373711,0.0,0,0,46.83799070805008,7.489999999999995,12.55893416692673
Курганская область,2019-03-01,15.65932026847638,0.7128714995200838,0.0,0.0,0.0,0,0,70.9598999256633,5.219999999999999,13.92827476109797
Курганская область,2019-04-01,15.44224048813683,0.6911493920479934,0.0,0.0,0.0,0,0,71.74745493425633,5.099999999999994,13.94168311970925
Курганская область,2019-05-01,15.54515464464147,0.45783100689424217,0.0,0.0,0.0,1,0,69.84451139945462,5.030000000000001,13.87553981869919
Курганская область,2019-06-01,15.75615748367599,0.5041451542673663,0.0,0.0,0.0,0,0,70.4063334656105,4.829999999999998,13.83044234082158
Курганская область,2019-07-01,15.52858174253725,0.14629311794748645,0.0,0.0,0.0,0,1,70.91907120591813,4.560000000000002,13.55389314940546
Курганская область,2019-08-01,15.57946513673559,0.061654111534494405,0.0,0.0,0.0,0,0,73.81345918256153,4.579999999999998,13.78879474803693
Курганская область,2019-09-01,15.31984739529709,0.2864871600654304,0.0,0.0,0.0,0,0,74.75563972192766,4.359999999999999,13.85033250125731
Курганская область,2019-10-01,14.97411921373946,0.199118629193201,0.0,0.0,0.0,0,0,75.36046387529754,4.200000000000003,13.98463496305863
Курганская область,2019-11-01,15.33409268305566,-0.3451712223245451,-0.0,-0.0,-0.0,1,0,73.26879668858611,4.25,13.84947442837151
Курганская область,2019-12-01,14.90064693480294,-0.11071296164861266,-0.0,-0.0,-0.0,0,0,73.52139861962225,3.930000000000007,13.85330533533322
Курганская область,2020-01-01,14.77051757171882,0.4934187707708695,0.0,0.0,0.0,0,0,72.79629996010681,3.209999999999994,13.6953913627003
Курганская область,2020-02-01,14.83080878867105,0.717717316165718,0.0,0.0,0.0,0,0,72.74944493651971,2.599999999999994,13.60732235036017
Курганская область,2020-03-01,14.76642256282971,0.5448138582658153,0.0,0.0,0.0,0,0,72.609884620932,2.409999999999997,13.73795350425829
Курганская область,2020-04-01,14.63596424024634,0.24910450663146122,0.0,0.0,0.0,0,-1,73.09723946864833,2.790000000000006,13.4661220774811
Курганская область,2020-05-01,14.63034988670832,0.12930980432325967,0.0,0.0,0.0,-1,0,70.98139656832598,3.519999999999996,14.39523559489693
Курганская область,2020-06-01,14.61339582541896,0.4216232562547013,0.0,0.0,0.0,0,0,70.87813186262956,3.620000000000005,14.3974356317884
Курганская область,2020-07-01,14.33172061540882,-1.5016319110366503,-0.0,-0.0,-0.0,0,0,70.97238317117083,3.790000000000006,14.56130049223666
Курганская область,2020-08-01,13.90362893621313,-0.8645661305373835,-0.0,-0.0,-0.0,0,0,75.12192551329451,3.769999999999996,14.49594570839601
Курганская область,2020-09-01,13.91686905589392,-0.7937016241842549,-0.0,-0.0,-0.0,0,-1,76.07300298022322,4.069999999999993,14.38191120436719
Курганская область,2020-10-01,13.81403807739123,-1.2364929674992595,-0.0,-0.0,-0.0,-1,0,76.9462960080915,4.239999999999995,14.57997698532469
Курганская область,2020-11-01,13.65611823423203,-1.3589786818048175,-0.0,-0.0,-0.0,0,0,76.30743238401226,4.459999999999994,13.92273385494128
Курганская область,2020-12-01,13.51870969679821,-1.7089361724181273,-0.0,-0.0,-0.0,0,0,76.34585065100676,5.260000000000005,14.11283296659049
Курганская область,2021-01-01,13.16883780282548,3.0895976215913166,0.0,0.0,0.0,0,0,76.12163668113479,5.909999999999997,14.11739542589178
Курганская область,2021-02-01,13.31194846161821,-0.05176615786507455,-0.0,-0.0,-0.0,0,0,78.15619997127901,5.849999999999994,14.1618536810323
Курганская область,2021-03-01,13.29531577706643,-0.6104025253424652,-0.0,-0.0,-0.0,0,0,78.7654986585938,6.310000000000002,14.13420953130863
Курганская область,2021-04-01,13.25883270708171,-0.5967440618905293,-0.0,-0.0,-0.0,0,0,79.77894621409594,6.420000000000002,14.22623235538328
Курганская область,2021-05-01,13.08655913600041,-0.241937869195743,-0.0,-0.0,-0.0,0,1,79.83237989637867,6.379999999999995,14.40888101252756
Курганская область,2021-06-01,13.48817131386411,-0.7676306960714552,-0.0,-0.0,-0.0,0,0,80.80190528391965,6.780000000000001,13.74511142180689
Курганская область,2021-07-01,13.43092684952975,0.08560806359759354,0.0,0.0,0.0,0,0,81.94147962942735,7.400000000000006,14.19536454042691
Курганская область,2021-08-01,13.63776828375296,0.3090771946763784,0.0,0.0,0.0,1,1,82.19848202553564,7.670000000000002,14.02451327153104
Курганская область,2021-09-01,13.58857675646191,-0.6460537301930689,-0.0,-0.0,-0.0,0,0,83.43738542419531,7.650000000000006,13.88527516179453
Курганская область,2021-10-01,13.51939239618566,-0.6175372517280238,-0.0,-0.0,-0.0,0,0,83.94717112124944,8.0,13.97124424839243
Курганская область,2021-11-01,13.79301462617399,-0.12114037446266934,-0.0,-0.0,-0.0,1,0,85.8608624029974,9.329999999999998,13.90436630942324
Курганская область,2021-12-01,13.93837690264995,-0.26721650241728057,-0.0,-0.0,-0.0,0,0,85.57905770497848,9.230000000000004,13.73639455607103
Курганская область,2022-01-01,13.89579157160658,0.27464209751393653,0.0,0.0,0.0,0,0,86.02582258719144,9.010000000000005,13.71761739905602
Курганская область,2022-02-01,14.34072415964598,-0.3501956198858558,-0.0,-0.0,-0.0,0,0,84.97757944998436,10.31,13.14081720802665
Курганская область,2022-03-01,14.46805700221797,4.941478356719127,0.0,0.0,0.0,0,-1,85.5036159979223,10.5,13.40033340665364
Курганская область,2022-04-01,18.46929440320793,1.4923126339086181,0.0,0.0,0.0,-1,-1,84.96880063825407,17.59,14.33653419107524
Курганская область,2022-05-01,22.27668788671493,-1.244790623444267,-0.0,-0.0,-0.0,0,0,85.77115328909595,18.73999999999999,14.18096908409222
Курганская область,2022-06-01,21.44328278062105,-3.118179668249544,-0.0,-0.0,-0.0,0,0,84.31974138547777,18.33,14.26538325016505
Курганская область,2022-07-01,19.17788052068091,-0.386746413724417,-0.0,-0.0,-0.0,0,0,83.5167311268875,16.8,14.95331039474053
Курганская область,2022-08-01,17.23748282103189,-1.1110066252555733,-0.0,-0.0,-0.0,0,0,82.35471636373562,15.48999999999999,14.68140180044684
Курганская область,2022-09-01,17.20770924920637,1.7547062341946287,0.0,0.0,0.0,0,0,81.96634441071258,14.41,14.70833663833139
Курганская область,2022-10-01,17.62963834983059,1.2482715752793254,0.0,0.0,0.0,0,0,82.27346744350884,13.94,14.68391285648406
Курганская область,2022-11-01,16.4576073066323,0.32653909912163215,0.0,0.0,0.0,0,0,82.97898007241155,12.33,14.57922134308093
Курганская область,2022-12-01,16.98140993933078,0.14955653030453497,0.0,0.0,0.0,0,1,82.6814026768277,11.48999999999999,14.84592873569549
Курганская область,2023-01-01,17.31099224602314,0.13967960707903515,0.0,0.0,0.0,0,0,81.76847074152036,11.33,14.60576848882517
Курганская область,2023-02-01,17.10903917601191,-1.9472998218897306,-0.0,-0.0,-0.0,1,0,80.64419883013237,10.45,14.7693446906324
Курганская область,2023-03-01,16.76825468274791,-0.4649545463768856,-0.0,-0.0,-0.0,0,0,80.18640826154805,9.819999999999993,14.59626761343395
Курганская область,2023-04-01,16.54833175979704,-0.5507806832459252,-0.0,-0.0,-0.0,0,0,80.07627035428617,2.430000000000007,14.44541144314905
Курганская область,2023-05-01,16.268952703371,-0.46521849390664727,-0.0,-0.0,-0.0,0,0,78.71313157190988,1.060000000000002,14.32208335546384
Курганская область,2023-06-01,16.82008374006292,-0.5347109788556779,-0.0,-0.0,-0.0,0,1,78.45624112663748,1.189999999999998,13.6142255193585
Курганская область,2023-07-01,16.5649700026107,-0.5497632155639387,-0.0,-0.0,-0.0,0,1,78.91630195627654,2.0,13.63260994264438
Курганская область,2023-08-01,16.34255437083817,0.2078297309388475,0.0,0.0,0.0,1,0,78.98113630715974,3.290000000000006,13.32705218705854
Курганская область,2023-09-01,17.15791775360208,2.7050587479091437,0.0,0.0,0.0,0,1,80.46718408285318,5.120000000000005,13.20255935453596
Курганская область,2023-10-01,18.92326213439495,0.8633696772512707,0.0,0.0,0.0,1,0,81.66039688513817,6.030000000000001,13.12694692783501
Курганская область,2023-11-01,19.27485591957645,1.714265038508227,0.0,0.0,0.0,1,0,81.09105669887907,6.599999999999994,12.9003982266696
Курганская область,2023-12-01,20.60727313310623,-1.5282051620880424,-0.0,-0.0,-0.0,0,1,80.78924827613976,7.260000000000005,12.92318793453923
Курганская область,2024-01-01,22.13670087320228,0.6818813931607863,0.0,0.0,0.0,0,0,79.1754784417071,7.260000000000005,12.96667902874879
Курганская область,2024-02-01,23.05663341732564,-1.5559611222700127,-0.0,-0.0,-0.0,1,0,78.79079287570146,7.739999999999995,13.04612065590906
Курганская область,2024-03-01,23.9257664220673,-0.03662363343873665,-0.0,-0.0,-0.0,0,0,77.9643482467168,8.129999999999995,12.9131312316341
Курганская область,2024-04-01,23.15155463263399,-0.07535756412256944,-0.0,-0.0,-0.0,0,0,77.86449884901614,8.280000000000001,12.84861095084251
Курганская область,2024-05-01,23.23869616987649,-1.8174537430626252,-0.0,-0.0,-0.0,0,1,77.91819719919023,8.010000000000005,12.85774042685466
Курганская область,2024-06-01,23.23750020049957,-0.4392507252018447,-0.0,-0.0,-0.0,0,1,77.4262910752915,7.719999999999999,12.48023908011365
Курганская область,2024-07-01,24.20422535005143,-0.5869739684411108,-0.0,-0.0,-0.0,0,1,78.17194407309157,7.849999999999994,12.58890921026284
Курганская область,2024-08-01,24.56693653845639,1.4105522767729113,0.0,0.0,0.0,1,0,77.58361670597724,8.159999999999997,11.55440658758071
Курганская область,2024-09-01,26.23782401741955,-1.9115218364399809,-0.0,-0.0,-0.0,0,1,77.21016180562484,7.450000000000003,11.53618100797154
Курганская область,2024-10-01,25.86612562711312,0.667769408390896,0.0,0.0,0.0,1,0,76.20545888202406,7.310000000000002,11.54309693292473
Курганская область,2024-11-01,27.6120200081315,2.039278586154861,0.0,0.0,0.0,1,0,75.30193063982551,7.709999999999994,11.3762217437009
Курганская область,2024-12-01,29.1876118633461,0.34090421830265427,0.0,0.0,0.0,1,-1,70.97383419458674,8.409999999999997,11.52046520843622
Курганская область,2025-01-01,28.19956387986067,0.24822008087726388,0.0,0.0,0.0,-1,0,68.29710541189151,9.560000000000002,12.26174351259708
Курганская область,2025-02-01,30.60314267257715,0.31653560056003016,0.0,0.0,0.0,0,-1,65.56448999776649,9.790000000000006,12.20726258675707
Курганская область,2025-03-01,32.0278793197971,0.41369500741819465,0.0,0.0,0.0,-1,0,64.47050377214339,10.02,12.50878570240096
Курганская область,2025-04-01,31.2050872386119,0.5812476727093596,0.0,0.0,0.0,1,0,63.55959379503523,10.23,12.79568084834955
Курганская область,2025-05-01,29.70053410362188,0.3820181297639742,0.0,0.0,0.0,0,1,62.83143795559882,11.12,12.75512896933142
Курганская область,2025-06-01,30.09373877552323,0.6128194128495359,0.0,0.0,0.0,0,0,62.46888616374272,11.09999999999999,12.83951757697489
Курганская область,2025-07-01,28.45056634143928,-0.2977272507310609,-0.0,-0.0,-0.0,0,0,61.61799773793969,10.90000000000001,13.27223143104431
Курганская область,2025-08-01,27.35407994243829,-1.399483474742535,-0.0,-0.0,-0.0,1,0,60.47835774403087,10.3,12.35624270289993
Курганская область,2025-09-01,26.23015856832883,0.2588989388809786,0.0,0.0,0.0,0,0,60.61663449758006,9.480000000000004,12.40526455546155
Курганская область,2025-10-01,24.83011418767117,-0.43597080805563593,-0.0,-0.0,-0.0,-1,0,60.58673906040304,9.170000000000002,12.38096725856441
Курганская область,2025-11-01,24.77945644349836,-0.19410526130430839,-0.0,-0.0,-0.0,1,1,60.5441837955134,8.680000000000007,12.28321811611677
Курганская область,2025-12-01,25.73869387598904,0.2813157398373711,0.0,0.0,0.0,0,0,60.42371171359103,7.900000000000006,12.58228932630682
Курская область,2019-03-01,15.08174830035523,0.7128714995200838,0.0,0.0,0.0,0,0,51.34444451909212,6.219999999999999,13.72677036394833
Курская область,2019-04-01,14.92443642903776,0.6911493920479934,0.0,0.0,0.0,0,0,51.70642088991951,6.379999999999995,13.79100967648472
Курская область,2019-05-01,15.02408537005306,0.45783100689424217,0.0,0.0,0.0,1,0,52.17910923469088,6.099999999999994,13.63611242666917
Курская область,2019-06-01,15.08242605657155,0.5041451542673663,0.0,0.0,0.0,0,0,52.74922310463381,6.069999999999993,13.58943200866693
Курская область,2019-07-01,15.00362698011473,0.14629311794748645,0.0,0.0,0.0,0,1,52.99120708060603,5.540000000000006,13.31396604398658
Курская область,2019-08-01,14.87698363096777,0.061654111534494405,0.0,0.0,0.0,0,0,53.07372626510413,5.670000000000002,13.52217771333916
Курская область,2019-09-01,14.68040936788192,0.2864871600654304,0.0,0.0,0.0,0,0,53.4932692846939,5.459999999999994,13.60555556315959
Курская область,2019-10-01,14.46071385475825,0.199118629193201,0.0,0.0,0.0,0,0,53.73987539408686,5.0,13.79818917206063
Курская область,2019-11-01,14.7608556357032,-0.3451712223245451,-0.0,-0.0,-0.0,1,0,53.57366180197937,4.150000000000006,13.72970540308373
Курская область,2019-12-01,14.6259370973172,-0.11071296164861266,-0.0,-0.0,-0.0,0,0,53.80155936605581,3.909999999999997,13.79951277748536
Курская область,2020-01-01,14.25271401347547,0.4934187707708695,0.0,0.0,0.0,0,0,53.54195086158612,3.230000000000004,13.64448379051757
Курская область,2020-02-01,14.29992119639177,0.717717316165718,0.0,0.0,0.0,0,0,54.15390880557547,2.780000000000001,13.67800259045282
Курская область,2020-03-01,14.44692174712379,0.5448138582658153,0.0,0.0,0.0,0,0,54.39419178113466,2.739999999999995,13.81513369652959
Курская область,2020-04-01,14.0219556612168,0.24910450663146122,0.0,0.0,0.0,0,-1,54.8508361494318,2.859999999999999,13.39288142380279
Курская область,2020-05-01,13.9730129875854,0.12930980432325967,0.0,0.0,0.0,-1,0,54.86941961386931,3.719999999999999,14.20143722485613
Курская область,2020-06-01,13.8942235525756,0.4216232562547013,0.0,0.0,0.0,0,0,54.28140111716476,3.540000000000006,14.17247203929709
Курская область,2020-07-01,13.86947155880467,-1.5016319110366503,-0.0,-0.0,-0.0,0,0,54.38794551748042,3.920000000000002,14.35659360460109
Курская область,2020-08-01,13.44835873941014,-0.8645661305373835,-0.0,-0.0,-0.0,0,0,54.22336975097194,4.200000000000003,14.33584295439574
Курская область,2020-09-01,13.3531131686365,-0.7937016241842549,-0.0,-0.0,-0.0,0,-1,54.93151424158852,4.140000000000001,14.18506212344465
Курская область,2020-10-01,13.28088216157477,-1.2364929674992595,-0.0,-0.0,-0.0,-1,0,55.52185505055607,3.959999999999994,14.38352569115402
Курская область,2020-11-01,13.06249388817044,-1.3589786818048175,-0.0,-0.0,-0.0,0,0,56.19785981892989,4.609999999999999,13.78306340669923
Курская область,2020-12-01,13.22999302048217,-1.7089361724181273,-0.0,-0.0,-0.0,0,0,55.95593588477087,5.269999999999996,13.92538720646923
Курская область,2021-01-01,13.02279745747456,3.0895976215913166,0.0,0.0,0.0,0,0,55.57141950495146,5.769999999999996,13.95824463914727
Курская область,2021-02-01,13.08809242249484,-0.05176615786507455,-0.0,-0.0,-0.0,0,0,56.18082047185688,6.140000000000001,13.95721998792841
Курская область,2021-03-01,12.84261962414316,-0.6104025253424652,-0.0,-0.0,-0.0,0,0,56.38941032265964,6.819999999999993,13.92503859356401
Курская область,2021-04-01,12.69998849244572,-0.5967440618905293,-0.0,-0.0,-0.0,0,0,56.99792534271629,6.909999999999997,14.0411396165793
Курская область,2021-05-01,12.46579805419028,-0.241937869195743,-0.0,-0.0,-0.0,0,1,56.58619909504945,6.189999999999998,14.09621313155041
Курская область,2021-06-01,12.94324463551652,-0.7676306960714552,-0.0,-0.0,-0.0,0,0,57.16040888705013,6.859999999999999,13.51360534093496
Курская область,2021-07-01,12.97305859706451,0.08560806359759354,0.0,0.0,0.0,0,0,57.63769051060489,6.920000000000002,13.9688697092407
Курская область,2021-08-01,12.88332153754265,0.3090771946763784,0.0,0.0,0.0,1,1,56.55162974812319,6.920000000000002,13.8138726169201
Курская область,2021-09-01,12.876590251298,-0.6460537301930689,-0.0,-0.0,-0.0,0,0,57.20501390695665,7.560000000000002,13.72038103090579
Курская область,2021-10-01,13.05451192371603,-0.6175372517280238,-0.0,-0.0,-0.0,0,0,57.59512911134198,8.909999999999997,13.79686370828392
Курская область,2021-11-01,13.40586482291394,-0.12114037446266934,-0.0,-0.0,-0.0,1,0,58.13318324615484,9.700000000000003,13.72160478757112
Курская область,2021-12-01,13.59201017485296,-0.26721650241728057,-0.0,-0.0,-0.0,0,0,57.87283661332062,9.930000000000007,13.55317883594851
Курская область,2022-01-01,13.54638359995661,0.27464209751393653,0.0,0.0,0.0,0,0,57.79336663674981,9.799999999999997,13.51190638711317
Курская область,2022-02-01,13.88646373820367,-0.3501956198858558,-0.0,-0.0,-0.0,0,0,59.20077750456247,9.959999999999994,12.93580370114505
Курская область,2022-03-01,13.9707368973117,4.941478356719127,0.0,0.0,0.0,0,-1,59.62755151693238,9.959999999999994,13.29580481094217
Курская область,2022-04-01,19.75358803513255,1.4923126339086181,0.0,0.0,0.0,-1,-1,58.65710275423457,17.90000000000001,14.20337238338715
Курская область,2022-05-01,20.20148667135088,-1.244790623444267,-0.0,-0.0,-0.0,0,0,58.67019627513081,19.77,13.98677725475704
Курская область,2022-06-01,20.72079624287808,-3.118179668249544,-0.0,-0.0,-0.0,0,0,57.90345048395579,19.81,14.07584451267396
Курская область,2022-07-01,19.08368778969926,-0.386746413724417,-0.0,-0.0,-0.0,0,0,57.38215500866411,18.56999999999999,14.68559490198599
Курская область,2022-08-01,17.00677516818379,-1.1110066252555733,-0.0,-0.0,-0.0,0,0,58.53313151727185,17.56999999999999,14.45206692789707
Курская область,2022-09-01,16.88290933802522,1.7547062341946287,0.0,0.0,0.0,0,0,58.28439305355031,16.8,14.48801744388144
Курская область,2022-10-01,16.67775025544053,1.2482715752793254,0.0,0.0,0.0,0,0,58.43796723662513,15.73,14.46500889871074
Курская область,2022-11-01,16.2429452066149,0.32653909912163215,0.0,0.0,0.0,0,0,56.06882706625589,14.29000000000001,14.34495078756663
Курская область,2022-12-01,16.45564229786815,0.14955653030453497,0.0,0.0,0.0,0,1,56.14757748777829,13.2,14.61056053047303
Курская область,2023-01-01,17.8812094520073,0.13967960707903515,0.0,0.0,0.0,0,0,56.02387608425248,13.27,14.37184597285988
Курская область,2023-02-01,17.19344964877315,-1.9472998218897306,-0.0,-0.0,-0.0,1,0,56.79485729763976,13.09999999999999,14.50775711920704
Курская область,2023-03-01,16.3425504915919,-0.4649545463768856,-0.0,-0.0,-0.0,0,0,56.66868354477859,12.40000000000001,14.36582063847252
Курская область,2023-04-01,16.29563273490484,-0.5507806832459252,-0.0,-0.0,-0.0,0,0,57.23208775165936,4.430000000000007,14.12582304264135
Курская область,2023-05-01,16.21651491494599,-0.46521849390664727,-0.0,-0.0,-0.0,0,0,58.47702845454879,2.959999999999994,14.05856483224103
Курская область,2023-06-01,16.63413619968868,-0.5347109788556779,-0.0,-0.0,-0.0,0,1,58.78833512868211,2.280000000000001,13.42872443529884
Курская область,2023-07-01,16.64484416431016,-0.5497632155639387,-0.0,-0.0,-0.0,0,1,59.29079279076348,3.109999999999999,13.44573264514546
Курская область,2023-08-01,16.16201543511775,0.2078297309388475,0.0,0.0,0.0,1,0,59.64145822033962,4.469999999999999,13.17229979977403
Курская область,2023-09-01,16.53368950596676,2.7050587479091437,0.0,0.0,0.0,0,1,61.02657482603674,5.670000000000002,13.0666506024632
Курская область,2023-10-01,19.02898908164742,0.8633696772512707,0.0,0.0,0.0,1,0,62.27890290517709,6.590000000000003,12.96154301761338
Курская область,2023-11-01,19.21921380189079,1.714265038508227,0.0,0.0,0.0,1,0,62.9802700623867,7.079999999999998,12.76805628726811
Курская область,2023-12-01,20.78241937571894,-1.5282051620880424,-0.0,-0.0,-0.0,0,1,63.15541506098932,8.120000000000005,12.81976355057421
Курская область,2024-01-01,20.80314387221865,0.6818813931607863,0.0,0.0,0.0,0,0,61.82797513556784,7.849999999999994,12.88817446271512
Курская область,2024-02-01,22.28640283805083,-1.5559611222700127,-0.0,-0.0,-0.0,1,0,61.65907041626843,7.909999999999997,12.95701129017855
Курская область,2024-03-01,23.60354584410822,-0.03662363343873665,-0.0,-0.0,-0.0,0,0,61.11251421494504,8.349999999999994,12.84066808934377
Курская область,2024-04-01,23.49965954845413,-0.07535756412256944,-0.0,-0.0,-0.0,0,0,61.17918456801755,8.430000000000007,12.74477429022194
Курская область,2024-05-01,23.29917546809792,-1.8174537430626252,-0.0,-0.0,-0.0,0,1,60.56540178022287,8.11,12.72524132388028
Курская область,2024-06-01,22.69226186461173,-0.4392507252018447,-0.0,-0.0,-0.0,0,1,60.79067737346284,8.409999999999997,12.34085001020005
Курская область,2024-07-01,23.38857176704627,-0.5869739684411108,-0.0,-0.0,-0.0,0,1,61.36914702086135,8.299999999999997,12.4264805432665
Курская область,2024-08-01,23.82597245523769,1.4105522767729113,0.0,0.0,0.0,1,0,59.58544732108007,8.329999999999998,11.45986848834023
Курская область,2024-09-01,27.14538159365429,-1.9115218364399809,-0.0,-0.0,-0.0,0,1,58.94825036918252,8.379999999999995,11.42681046480715
Курская область,2024-10-01,23.76064265084437,0.667769408390896,0.0,0.0,0.0,1,0,57.5982012634445,7.859999999999999,11.44768624942619
Курская область,2024-11-01,26.75083000770428,2.039278586154861,0.0,0.0,0.0,1,0,55.87786455447976,8.319999999999993,11.28146577159543
Курская область,2024-12-01,27.97132715194419,0.34090421830265427,0.0,0.0,0.0,1,-1,52.89153730502362,8.819999999999993,11.42418465367916
Курская область,2025-01-01,27.60439643167182,0.24822008087726388,0.0,0.0,0.0,-1,0,50.87453819785911,9.780000000000001,12.09873941351584
Курская область,2025-02-01,30.23126020113642,0.31653560056003016,0.0,0.0,0.0,0,-1,49.76329108757538,10.41,12.08720100835226
Курская область,2025-03-01,31.74909534788659,0.41369500741819465,0.0,0.0,0.0,-1,0,48.83978300998977,10.56,12.38573890648563
Курская область,2025-04-01,29.50361941444508,0.5812476727093596,0.0,0.0,0.0,1,0,47.99907541085261,10.88,12.72448056569218
Курская область,2025-05-01,27.44114461636545,0.3820181297639742,0.0,0.0,0.0,0,1,47.48817758389632,10.8,12.64668698476233
Курская область,2025-06-01,26.9319059310977,0.6128194128495359,0.0,0.0,0.0,0,0,47.01749188641784,10.31,12.71286548930255
Курская область,2025-07-01,25.94514872555704,-0.2977272507310609,-0.0,-0.0,-0.0,0,0,46.37501236251368,10.31999999999999,13.18448747036503
Курская область,2025-08-01,25.08833153502062,-1.399483474742535,-0.0,-0.0,-0.0,1,0,45.75704824318622,10.04000000000001,12.28262250545511
Курская область,2025-09-01,23.89948707915805,0.2588989388809786,0.0,0.0,0.0,0,0,45.77725683027732,9.150000000000006,12.30597846921805
Курская область,2025-10-01,22.00381361579054,-0.43597080805563593,-0.0,-0.0,-0.0,-1,0,45.74563796435963,9.180000000000007,12.38508950297843
Курская область,2025-11-01,22.70240378409484,-0.19410526130430839,-0.0,-0.0,-0.0,1,1,45.72592613972384,8.900000000000006,12.11674264630373
Курская область,2025-12-01,23.93434849282469,0.2813157398373711,0.0,0.0,0.0,0,0,45.70713337984542,7.629999999999995,12.39437793508494
Ленинградская область,2019-03-01,14.55918996285887,0.7128714995200838,0.7128714995200838,0.0,0.0,0,0,51.54264004316941,4.709999999999994,13.82571956035012
Ленинградская область,2019-04-01,14.39262517054347,0.6911493920479934,0.6911493920479934,0.0,0.0,0,0,52.34827464412947,4.510000000000005,13.84844126447962
Ленинградская область,2019-05-01,14.50308095187521,0.45783100689424217,0.45783100689424217,0.0,0.0,1,0,53.14075366831278,4.390000000000001,13.7406582822336
Ленинградская область,2019-06-01,14.75560019573687,0.5041451542673663,0.5041451542673663,0.0,0.0,0,0,53.74975013885484,4.359999999999999,13.67177058434762
Ленинградская область,2019-07-01,14.42463964304007,0.14629311794748645,0.14629311794748645,0.0,0.0,0,1,54.33213205641737,4.140000000000001,13.46727105400013
Ленинградская область,2019-08-01,14.35084287461434,0.061654111534494405,0.061654111534494405,0.0,0.0,0,0,54.22218527775835,4.040000000000006,13.64994253261713
Ленинградская область,2019-09-01,14.1553311185926,0.2864871600654304,0.2864871600654304,0.0,0.0,0,0,54.94197224740265,3.950000000000003,13.68280752309557
Ленинградская область,2019-10-01,13.97568122488135,0.199118629193201,0.199118629193201,0.0,0.0,0,0,55.56437444092492,3.870000000000005,13.88657499241097
Ленинградская область,2019-11-01,14.18053452723607,-0.3451712223245451,-0.3451712223245451,-0.0,-0.0,1,0,55.9226416892522,3.579999999999998,13.7525661846192
Ленинградская область,2019-12-01,13.87147636930529,-0.11071296164861266,-0.11071296164861266,-0.0,-0.0,0,0,56.37754424537291,3.510000000000005,13.77433572164648
Ленинградская область,2020-01-01,13.7429935491431,0.4934187707708695,0.4934187707708695,0.0,0.0,0,0,56.4774821091345,2.859999999999999,13.73341688649603
Ленинградская область,2020-02-01,13.70990155895352,0.717717316165718,0.717717316165718,0.0,0.0,0,0,55.96235458774002,2.290000000000006,13.76252113705494
Ленинградская область,2020-03-01,13.88024226458411,0.5448138582658153,0.5448138582658153,0.0,0.0,0,0,56.3390556577304,2.189999999999998,13.8848607474763
Ленинградская область,2020-04-01,13.39054052141782,0.24910450663146122,0.24910450663146122,0.0,0.0,0,-1,57.13019088681184,2.430000000000007,13.57695983922356
Ленинградская область,2020-05-01,13.61676780436398,0.12930980432325967,0.12930980432325967,0.0,0.0,-1,0,56.98725776779776,2.959999999999994,14.27505167973318
Ленинградская область,2020-06-01,13.4342470942506,0.4216232562547013,0.4216232562547013,0.0,0.0,0,0,57.16029450734271,2.760000000000005,14.26365991888674
Ленинградская область,2020-07-01,13.26609603698022,-1.5016319110366503,-1.5016319110366503,-0.0,-0.0,0,0,57.57614558851847,2.400000000000006,14.44016649915426
Ленинградская область,2020-08-01,13.00966285072624,-0.8645661305373835,-0.8645661305373835,-0.0,-0.0,0,0,58.12552593347009,3.030000000000001,14.34518968513083
Ленинградская область,2020-09-01,12.83289953999493,-0.7937016241842549,-0.7937016241842549,-0.0,-0.0,0,-1,59.19545450296641,3.189999999999998,14.273888692719
Ленинградская область,2020-10-01,12.83453672585272,-1.2364929674992595,-1.2364929674992595,-0.0,-0.0,-1,0,59.97808082434968,3.079999999999998,14.37473567757038
Ленинградская область,2020-11-01,12.30934115476675,-1.3589786818048175,-1.3589786818048175,-0.0,-0.0,0,0,60.25611349591193,3.260000000000005,13.91183069407632
Ленинградская область,2020-12-01,12.58104639079757,-1.7089361724181273,-1.7089361724181273,-0.0,-0.0,0,0,60.57159826920046,3.420000000000002,14.03894076978066
Ленинградская область,2021-01-01,12.37080536096459,3.0895976215913166,3.0895976215913166,0.0,0.0,0,0,60.61295965166963,4.060000000000002,14.04972957807107
Ленинградская область,2021-02-01,12.24772467477195,-0.05176615786507455,-0.05176615786507455,-0.0,-0.0,0,0,60.61385219474317,4.299999999999997,14.03976614580504
Ленинградская область,2021-03-01,12.21204506329186,-0.6104025253424652,-0.6104025253424652,-0.0,-0.0,0,0,61.41546297537032,4.859999999999999,14.01162215148863
Ленинградская область,2021-04-01,11.99737829401402,-0.5967440618905293,-0.5967440618905293,-0.0,-0.0,0,0,62.28590877683382,5.280000000000001,14.11477977717391
Ленинградская область,2021-05-01,12.08499573196773,-0.241937869195743,-0.241937869195743,-0.0,-0.0,0,1,62.60094431338123,4.980000000000004,14.10494133382314
Ленинградская область,2021-06-01,12.20895902237622,-0.7676306960714552,-0.7676306960714552,-0.0,-0.0,0,0,63.53335966493868,5.560000000000002,13.67098076064702
Ленинградская область,2021-07-01,12.1729599469698,0.08560806359759354,0.08560806359759354,0.0,0.0,0,0,64.70577089748572,6.340000000000003,14.03858295409687
Ленинградская область,2021-08-01,12.36957186162879,0.3090771946763784,0.3090771946763784,0.0,0.0,1,1,65.18314996686118,5.900000000000006,13.91948664266388
Ленинградская область,2021-09-01,12.4402562852734,-0.6460537301930689,-0.6460537301930689,-0.0,-0.0,0,0,66.08436120955629,6.25,13.84470189786264
Ленинградская область,2021-10-01,12.36078230949398,-0.6175372517280238,-0.6175372517280238,-0.0,-0.0,0,0,66.66585313252654,6.670000000000002,13.81893043231358
Ленинградская область,2021-11-01,12.71751002509728,-0.12114037446266934,-0.12114037446266934,-0.0,-0.0,1,0,67.19072090083039,7.689999999999998,13.83213608967748
Ленинградская область,2021-12-01,12.9620447798786,-0.26721650241728057,-0.26721650241728057,-0.0,-0.0,0,0,67.6262285768699,8.159999999999997,13.69953515361061
Ленинградская область,2022-01-01,13.21694229319787,0.27464209751393653,0.27464209751393653,0.0,0.0,0,0,67.79577004119608,7.959999999999994,13.67928663694341
Ленинградская область,2022-02-01,13.55613113066023,-0.3501956198858558,-0.3501956198858558,-0.0,-0.0,0,0,64.9894356945107,8.290000000000006,13.14461081352007
Ленинградская область,2022-03-01,13.760881128323,4.941478356719127,4.941478356719127,0.0,0.0,0,-1,65.70345178106597,8.790000000000006,13.55600260426037
Ленинградская область,2022-04-01,19.72885976517254,1.4923126339086181,1.4923126339086181,0.0,0.0,-1,-1,64.94889668302555,14.13,14.50143213488442
Ленинградская область,2022-05-01,20.08802396788719,-1.244790623444267,-1.244790623444267,-0.0,-0.0,0,0,63.08693749455217,15.28,14.48930531357929
Ленинградская область,2022-06-01,19.44046242262453,-3.118179668249544,-3.118179668249544,-0.0,-0.0,0,0,62.52235655621313,14.93000000000001,14.72576169088354
Ленинградская область,2022-07-01,18.46558305863872,-0.386746413724417,-0.386746413724417,-0.0,-0.0,0,0,62.07143944142057,13.81999999999999,15.38663728776565
Ленинградская область,2022-08-01,18.32817148716969,-1.1110066252555733,-1.1110066252555733,-0.0,-0.0,0,0,62.04460727943283,13.0,15.19405089178107
Ленинградская область,2022-09-01,18.00642087714104,1.7547062341946287,1.7547062341946287,0.0,0.0,0,0,62.17281944228723,12.36,15.27485730548996
Ленинградская область,2022-10-01,18.5973136941489,1.2482715752793254,1.2482715752793254,0.0,0.0,0,0,62.7051025122144,12.44,15.22365569046469
Ленинградская область,2022-11-01,15.76657622318959,0.32653909912163215,0.32653909912163215,0.0,0.0,0,0,62.22703106078077,11.44,15.20494170438334
Ленинградская область,2022-12-01,16.34650633117018,0.14955653030453497,0.14955653030453497,0.0,0.0,0,1,62.38085592206583,10.89,15.4273856618956
Ленинградская область,2023-01-01,18.19449627616286,0.13967960707903515,0.13967960707903515,0.0,0.0,0,0,62.39658627625432,10.83,15.13194693383145
Ленинградская область,2023-02-01,15.68851100281411,-1.9472998218897306,-1.9472998218897306,-0.0,-0.0,1,0,64.48277169463947,11.31,15.30425788344526
Ленинградская область,2023-03-01,15.6361385651788,-0.4649545463768856,-0.4649545463768856,-0.0,-0.0,0,0,64.41745373581917,10.66,15.19761246671447
Ленинградская область,2023-04-01,15.29259318197946,-0.5507806832459252,-0.5507806832459252,-0.0,-0.0,0,0,65.08437376362436,4.859999999999999,15.00703499213223
Ленинградская область,2023-05-01,15.31727480114378,-0.46521849390664727,-0.46521849390664727,-0.0,-0.0,0,0,64.78182868531451,3.439999999999998,14.86121638189963
Ленинградская область,2023-06-01,15.45514161237725,-0.5347109788556779,-0.5347109788556779,-0.0,-0.0,0,1,64.98497522889586,3.230000000000004,14.32482778335181
Ленинградская область,2023-07-01,15.21864462010796,-0.5497632155639387,-0.5497632155639387,-0.0,-0.0,0,1,65.33545155475204,3.879999999999995,14.3584669086359
Ленинградская область,2023-08-01,14.88177048389095,0.2078297309388475,0.2078297309388475,0.0,0.0,1,0,65.41656592889001,4.640000000000001,14.09894202458099
Ленинградская область,2023-09-01,15.68783290802973,2.7050587479091437,2.7050587479091437,0.0,0.0,0,1,66.29820704445083,5.349999999999994,14.0123856733314
Ленинградская область,2023-10-01,17.40585472768031,0.8633696772512707,0.8633696772512707,0.0,0.0,1,0,67.2131562036856,5.469999999999999,13.87900147784761
Ленинградская область,2023-11-01,18.19717838325961,1.714265038508227,1.714265038508227,0.0,0.0,1,0,67.22950006600331,5.700000000000003,13.57348570001526
Ленинградская область,2023-12-01,18.15063905968867,-1.5282051620880424,-1.5282051620880424,-0.0,-0.0,0,1,67.01158021076509,6.150000000000006,13.64701160942596
Ленинградская область,2024-01-01,19.51763620342957,0.6818813931607863,0.6818813931607863,0.0,0.0,0,0,66.12433963249808,6.040000000000006,13.55458503436545
Ленинградская область,2024-02-01,21.924487287366,-1.5559611222700127,-1.5559611222700127,-0.0,-0.0,1,0,65.17743898256204,5.780000000000001,13.60382001823029
Ленинградская область,2024-03-01,22.36730772221581,-0.03662363343873665,-0.03662363343873665,-0.0,-0.0,0,0,64.62316830052256,6.010000000000005,13.51479340123856
Ленинградская область,2024-04-01,21.35579934961064,-0.07535756412256944,-0.07535756412256944,-0.0,-0.0,0,0,64.61518210326244,6.409999999999997,13.4642426108714
Ленинградская область,2024-05-01,21.46299704068935,-1.8174537430626252,-1.8174537430626252,-0.0,-0.0,0,1,64.51367692501184,6.650000000000006,13.39478265768667
Ленинградская область,2024-06-01,21.15935515734975,-0.4392507252018447,-0.4392507252018447,-0.0,-0.0,0,1,64.2563925799065,6.930000000000007,12.93834708139412
Ленинградская область,2024-07-01,21.82801152002193,-0.5869739684411108,-0.5869739684411108,-0.0,-0.0,0,1,64.42630929543664,7.5,13.05201657504114
Ленинградская область,2024-08-01,22.20978092887615,1.4105522767729113,1.4105522767729113,0.0,0.0,1,0,63.19217430661368,7.909999999999997,12.2689664426976
Ленинградская область,2024-09-01,22.97640365424768,-1.9115218364399809,-1.9115218364399809,-0.0,-0.0,0,1,62.76990647031757,7.560000000000002,12.26346419957814
Ленинградская область,2024-10-01,23.48199900874881,0.667769408390896,0.667769408390896,0.0,0.0,1,0,61.8585370490766,7.359999999999999,12.29826610304111
Ленинградская область,2024-11-01,24.81931664214921,2.039278586154861,2.039278586154861,0.0,0.0,1,0,60.16752002055308,7.450000000000003,12.09706190654406
Ленинградская область,2024-12-01,26.25108509416988,0.34090421830265427,0.34090421830265427,0.0,0.0,1,-1,57.54695774847573,8.099999999999994,12.23205516167742
Ленинградская область,2025-01-01,27.10174658070825,0.24822008087726388,0.24822008087726388,0.0,0.0,-1,0,55.33681325498623,9.25,12.75097943386201
Ленинградская область,2025-02-01,29.16118260131672,0.31653560056003016,0.31653560056003016,0.0,0.0,0,-1,58.9238606265374,9.780000000000001,12.80861446029838
Ленинградская область,2025-03-01,29.71307564032339,0.41369500741819465,0.41369500741819465,0.0,0.0,-1,0,58.0106404828145,9.75,13.11609761542284
Ленинградская область,2025-04-01,29.70298648052974,0.5812476727093596,0.5812476727093596,0.0,0.0,1,0,57.3387575870406,10.18000000000001,13.41382277737041
Ленинградская область,2025-05-01,28.10210200207995,0.3820181297639742,0.3820181297639742,0.0,0.0,0,1,56.66379895020239,10.09999999999999,13.26823572583311
Ленинградская область,2025-06-01,27.5776924478573,0.6128194128495359,0.6128194128495359,0.0,0.0,0,0,56.12843698430918,9.760000000000005,13.35971534547972
Ленинградская область,2025-07-01,26.67165627638043,-0.2977272507310609,-0.2977272507310609,-0.0,-0.0,0,0,55.54316667824415,9.260000000000005,13.86221418090221
Ленинградская область,2025-08-01,25.44469845252434,-1.399483474742535,-1.399483474742535,-0.0,-0.0,1,0,54.71466454079462,9.549999999999997,12.89946825771448
Ленинградская область,2025-09-01,24.10148781990682,0.2588989388809786,0.2588989388809786,0.0,0.0,0,0,54.59984545233827,9.370000000000005,12.99518210138049
Ленинградская область,2025-10-01,23.62382356537247,-0.43597080805563593,-0.43597080805563593,-0.0,-0.0,-1,0,54.40743723229022,9.700000000000003,12.96079919362214
Ленинградская область,2025-11-01,23.64959249133553,-0.19410526130430839,-0.19410526130430839,-0.0,-0.0,1,1,54.34221413195763,9.689999999999998,12.79104648967699
Ленинградская область,2025-12-01,24.79438258367649,0.2813157398373711,0.2813157398373711,0.0,0.0,0,0,54.14463513090762,8.819999999999993,13.03896042543788
Липецкая область,2019-03-01,15.16116157039171,0.7128714995200838,0.0,0.0,0.0,0,0,44.92902910044552,6.180000000000007,13.80084287455791
Липецкая область,2019-04-01,14.96173335370571,0.6911493920479934,0.0,0.0,0.0,0,0,44.89412424728266,6.189999999999998,13.84285546450099
Липецкая область,2019-05-01,15.01949869864782,0.45783100689424217,0.0,0.0,0.0,1,0,44.96387919939539,6.239999999999995,13.76033420073961
Липецкая область,2019-06-01,15.12684863908354,0.5041451542673663,0.0,0.0,0.0,0,0,45.47544991994886,6.200000000000003,13.70979920147224
Липецкая область,2019-07-01,14.91041557708559,0.14629311794748645,0.0,0.0,0.0,0,1,45.95076974348839,5.450000000000003,13.41434944097689
Липецкая область,2019-08-01,14.94759183370312,0.061654111534494405,0.0,0.0,0.0,0,0,46.18910982693673,5.120000000000005,13.66902615694206
Липецкая область,2019-09-01,14.57782317360335,0.2864871600654304,0.0,0.0,0.0,0,0,46.6588798939955,4.719999999999999,13.80670988781023
Липецкая область,2019-10-01,14.57953052204699,0.199118629193201,0.0,0.0,0.0,0,0,47.00223700516423,4.030000000000001,13.978915833864
Липецкая область,2019-11-01,14.76698372904199,-0.3451712223245451,-0.0,-0.0,-0.0,1,0,47.33325593936347,3.920000000000002,13.78142652648793
Липецкая область,2019-12-01,14.40521312186745,-0.11071296164861266,-0.0,-0.0,-0.0,0,0,47.66207978313722,3.549999999999997,13.73571269367895
Липецкая область,2020-01-01,14.24834988283965,0.4934187707708695,0.0,0.0,0.0,0,0,47.59420755743618,2.879999999999995,13.65727485169219
Липецкая область,2020-02-01,14.37644108921424,0.717717316165718,0.0,0.0,0.0,0,0,47.75819718936663,2.629999999999995,13.66801396862509
Липецкая область,2020-03-01,14.28725942213885,0.5448138582658153,0.0,0.0,0.0,0,0,47.96361664572391,2.329999999999998,13.81361495145143
Липецкая область,2020-04-01,13.88968940966048,0.24910450663146122,0.0,0.0,0.0,0,-1,48.78402668474794,2.459999999999994,13.52443353500377
Липецкая область,2020-05-01,14.01651965481275,0.12930980432325967,0.0,0.0,0.0,-1,0,48.39980416208898,3.170000000000002,14.29512162993278
Липецкая область,2020-06-01,13.88665657610331,0.4216232562547013,0.0,0.0,0.0,0,0,48.17228908667216,3.069999999999993,14.22622570925127
Липецкая область,2020-07-01,13.88885666736936,-1.5016319110366503,-0.0,-0.0,-0.0,0,0,48.48865357646127,3.349999999999994,14.41083661325066
Липецкая область,2020-08-01,13.5117319893489,-0.8645661305373835,-0.0,-0.0,-0.0,0,0,48.93319216507822,3.689999999999998,14.36397248668497
Липецкая область,2020-09-01,13.32217759501787,-0.7937016241842549,-0.0,-0.0,-0.0,0,-1,49.71197049291052,4.030000000000001,14.25582788209929
Липецкая область,2020-10-01,13.19229587794886,-1.2364929674992595,-0.0,-0.0,-0.0,-1,0,50.44296152298055,4.310000000000002,14.45725891543472
Липецкая область,2020-11-01,12.76969340769329,-1.3589786818048175,-0.0,-0.0,-0.0,0,0,51.11939830566006,4.590000000000003,13.89159469789971
Липецкая область,2020-12-01,13.04992983355843,-1.7089361724181273,-0.0,-0.0,-0.0,0,0,50.91576377874293,5.420000000000002,14.05991479098606
Липецкая область,2021-01-01,12.90597670384716,3.0895976215913166,0.0,0.0,0.0,0,0,50.91065375457143,6.140000000000001,14.1279472773908
Липецкая область,2021-02-01,13.00787553010412,-0.05176615786507455,-0.0,-0.0,-0.0,0,0,50.93545817336695,6.219999999999999,14.11813485265108
Липецкая область,2021-03-01,12.81716199677699,-0.6104025253424652,-0.0,-0.0,-0.0,0,0,51.35031244430454,6.819999999999993,14.12751725507094
Липецкая область,2021-04-01,12.60388222191121,-0.5967440618905293,-0.0,-0.0,-0.0,0,0,51.95101759718379,7.140000000000001,14.21207456714677
Липецкая область,2021-05-01,12.46120064122009,-0.241937869195743,-0.0,-0.0,-0.0,0,1,52.26086410283066,6.650000000000006,14.29066292582698
Липецкая область,2021-06-01,12.91208286460348,-0.7676306960714552,-0.0,-0.0,-0.0,0,0,52.7538310540447,7.150000000000006,13.73831182384036
Липецкая область,2021-07-01,12.88523729926791,0.08560806359759354,0.0,0.0,0.0,0,0,53.29148511186902,7.549999999999997,14.17588709078778
Липецкая область,2021-08-01,12.90204067636364,0.3090771946763784,0.0,0.0,0.0,1,1,54.13286261140446,7.549999999999997,14.01188013415967
Липецкая область,2021-09-01,12.87069480999438,-0.6460537301930689,-0.0,-0.0,-0.0,0,0,54.90814299785107,8.040000000000006,13.89070903645143
Липецкая область,2021-10-01,12.9214205368416,-0.6175372517280238,-0.0,-0.0,-0.0,0,0,55.42712274428835,8.670000000000002,13.95059439671987
Липецкая область,2021-11-01,13.39418697816649,-0.12114037446266934,-0.0,-0.0,-0.0,1,0,55.91336543187165,9.780000000000001,13.8587163324971
Липецкая область,2021-12-01,13.50030916154651,-0.26721650241728057,-0.0,-0.0,-0.0,0,0,56.14199392768504,9.459999999999994,13.72202547153437
Липецкая область,2022-01-01,13.45691628004855,0.27464209751393653,0.0,0.0,0.0,0,0,56.40783907884894,9.099999999999994,13.67316614117025
Липецкая область,2022-02-01,13.90949397792342,-0.3501956198858558,-0.0,-0.0,-0.0,0,0,56.41178155871997,9.760000000000005,13.12549310439535
Липецкая область,2022-03-01,14.18291878540019,4.941478356719127,0.0,0.0,0.0,0,-1,56.5823821699195,9.790000000000006,13.48698594063562
Липецкая область,2022-04-01,20.04660265006287,1.4923126339086181,0.0,0.0,0.0,-1,-1,54.84625137042131,16.7,14.38555765948777
Липецкая область,2022-05-01,21.01642950290797,-1.244790623444267,-0.0,-0.0,-0.0,0,0,52.54044231098393,18.78,14.24217785702731
Липецкая область,2022-06-01,19.89038846658722,-3.118179668249544,-0.0,-0.0,-0.0,0,0,51.89274208531747,18.18000000000001,14.33473905732914
Липецкая область,2022-07-01,18.24252579577302,-0.386746413724417,-0.0,-0.0,-0.0,0,0,51.44679180010316,17.31999999999999,14.99589529933768
Липецкая область,2022-08-01,16.47066365589179,-1.1110066252555733,-0.0,-0.0,-0.0,0,0,52.65987956301871,16.48,14.75928331820433
Липецкая область,2022-09-01,16.17918502977648,1.7547062341946287,0.0,0.0,0.0,0,0,52.55497230143127,15.27,14.79165969087263
Липецкая область,2022-10-01,16.5352805381351,1.2482715752793254,0.0,0.0,0.0,0,0,52.86080622983066,14.72,14.75677149285641
Липецкая область,2022-11-01,15.5799696573926,0.32653909912163215,0.0,0.0,0.0,0,0,52.98697551653867,13.16,14.63304828999151
Липецкая область,2022-12-01,16.55460917509755,0.14955653030453497,0.0,0.0,0.0,0,1,53.09749822250307,12.63,14.84147623312554
Липецкая область,2023-01-01,17.57953767705411,0.13967960707903515,0.0,0.0,0.0,0,0,52.82563913050413,12.95999999999999,14.60949535433268
Липецкая область,2023-02-01,16.35012978839694,-1.9472998218897306,-0.0,-0.0,-0.0,1,0,53.66954869982496,12.37,14.76823427832
Липецкая область,2023-03-01,16.20434820958297,-0.4649545463768856,-0.0,-0.0,-0.0,0,0,53.82772816941191,11.61,14.57602981868468
Липецкая область,2023-04-01,16.00840845197313,-0.5507806832459252,-0.0,-0.0,-0.0,0,0,54.87352980774975,4.299999999999997,14.43664587170036
Липецкая область,2023-05-01,16.10569625295349,-0.46521849390664727,-0.0,-0.0,-0.0,0,0,55.05575228168556,2.349999999999994,14.29413824828045
Липецкая область,2023-06-01,16.07913110949524,-0.5347109788556779,-0.0,-0.0,-0.0,0,1,55.41092897698491,2.590000000000003,13.73996283153254
Липецкая область,2023-07-01,16.32527333739201,-0.5497632155639387,-0.0,-0.0,-0.0,0,1,55.83524068486822,3.159999999999997,13.70107834428324
Липецкая область,2023-08-01,16.02493493586112,0.2078297309388475,0.0,0.0,0.0,1,0,56.00894683523995,3.980000000000004,13.38868451792016
Липецкая область,2023-09-01,16.54478517857022,2.7050587479091437,0.0,0.0,0.0,0,1,57.24754874376603,5.140000000000001,13.26424697821661
Липецкая область,2023-10-01,18.65852198181019,0.8633696772512707,0.0,0.0,0.0,1,0,58.09289825525865,5.599999999999994,13.16839928420227
Липецкая область,2023-11-01,19.23214633714392,1.714265038508227,0.0,0.0,0.0,1,0,58.27695074252224,5.989999999999995,12.93312504232704
Липецкая область,2023-12-01,20.49176997966492,-1.5282051620880424,-0.0,-0.0,-0.0,0,1,58.21431552600798,6.950000000000003,12.93342835012428
Липецкая область,2024-01-01,22.06496606753777,0.6818813931607863,0.0,0.0,0.0,0,0,56.98420775345353,6.689999999999998,12.98786170233502
Липецкая область,2024-02-01,23.21852876628293,-1.5559611222700127,-0.0,-0.0,-0.0,1,0,56.81951508639105,6.849999999999994,13.04659275291561
Липецкая область,2024-03-01,24.16783787802584,-0.03662363343873665,-0.0,-0.0,-0.0,0,0,56.11040307835016,7.530000000000001,12.95596053774949
Липецкая область,2024-04-01,23.09658297665254,-0.07535756412256944,-0.0,-0.0,-0.0,0,0,56.0644265898772,7.480000000000004,12.86228902463546
Липецкая область,2024-05-01,23.25449803922538,-1.8174537430626252,-0.0,-0.0,-0.0,0,1,55.94632850566526,7.629999999999995,12.8377346080127
Липецкая область,2024-06-01,23.10218112580034,-0.4392507252018447,-0.0,-0.0,-0.0,0,1,55.9743515087611,7.879999999999995,12.48400652512969
Липецкая область,2024-07-01,23.72925158156579,-0.5869739684411108,-0.0,-0.0,-0.0,0,1,56.25724109048863,7.75,12.56867488789238
Липецкая область,2024-08-01,24.18634799913702,1.4105522767729113,0.0,0.0,0.0,1,0,55.3058629961391,8.569999999999993,11.64060158691444
Липецкая область,2024-09-01,26.42226573323482,-1.9115218364399809,-0.0,-0.0,-0.0,0,1,54.87799996614434,8.349999999999994,11.62177740626911
Липецкая область,2024-10-01,26.19801780208675,0.667769408390896,0.0,0.0,0.0,1,0,54.20572237074466,7.980000000000004,11.62060757002959
Липецкая область,2024-11-01,26.11601133427456,2.039278586154861,0.0,0.0,0.0,1,0,52.54993075067932,8.61,11.45426559125081
Липецкая область,2024-12-01,27.89065331734411,0.34090421830265427,0.0,0.0,0.0,1,-1,49.17192577000649,9.049999999999997,11.59696564010024
Липецкая область,2025-01-01,28.20656957371541,0.24822008087726388,0.0,0.0,0.0,-1,0,46.63278350765096,10.01000000000001,12.18859747893992
Липецкая область,2025-02-01,29.41832734383681,0.31653560056003016,0.0,0.0,0.0,0,-1,44.70132313168857,10.48,12.15782815854907
Липецкая область,2025-03-01,30.6235843457357,0.41369500741819465,0.0,0.0,0.0,-1,0,44.02920402737339,10.39,12.44395477653224
Липецкая область,2025-04-01,30.76528889488364,0.5812476727093596,0.0,0.0,0.0,1,0,43.50364359989197,11.05,12.70921866971939
Липецкая область,2025-05-01,28.13242992417778,0.3820181297639742,0.0,0.0,0.0,0,1,42.50946622396018,11.06,12.62337419610235
Липецкая область,2025-06-01,27.54291152825868,0.6128194128495359,0.0,0.0,0.0,0,0,42.07739943116195,11.01000000000001,12.69523836079865
Липецкая область,2025-07-01,27.62660988025043,-0.2977272507310609,-0.0,-0.0,-0.0,0,0,41.50523119559549,10.81,13.16208967239048
Липецкая область,2025-08-01,26.49394381975675,-1.399483474742535,-0.0,-0.0,-0.0,1,0,40.9445741754955,9.86,12.29115794687964
Липецкая область,2025-09-01,24.81643921822337,0.2588989388809786,0.0,0.0,0.0,0,0,40.87694135136162,8.89,12.30833738031464
Липецкая область,2025-10-01,22.90237513242146,-0.43597080805563593,-0.0,-0.0,-0.0,-1,0,40.77351042219209,9.019999999999996,12.33184982619439
Липецкая область,2025-11-01,23.77117750372897,-0.19410526130430839,-0.0,-0.0,-0.0,1,1,40.83110312896904,8.469999999999999,12.24343308433522
Липецкая область,2025-12-01,25.20263374356765,0.2813157398373711,0.0,0.0,0.0,0,0,40.56021268007731,7.019999999999996,12.51965639958125
Магаданская область,2019-03-01,14.4045127965923,0.7128714995200838,0.0,0.7128714995200838,0.0,0,0,32.90420592883351,5.459999999999994,13.44702531987965
Магаданская область,2019-04-01,14.62710755311263,0.6911493920479934,0.0,0.6911493920479934,0.0,0,0,33.26643616724038,5.510000000000005,13.43774771658259
Магаданская область,2019-05-01,14.81240796429912,0.45783100689424217,0.0,0.45783100689424217,0.0,1,0,33.39040192705891,5.590000000000003,13.3512274552654
Магаданская область,2019-06-01,14.97386999539544,0.5041451542673663,0.0,0.5041451542673663,0.0,0,0,33.45982067375103,5.739999999999995,13.32755354566974
Магаданская область,2019-07-01,14.69985426546132,0.14629311794748645,0.0,0.14629311794748645,0.0,0,1,33.62125972482147,5.530000000000001,13.10444815156791
Магаданская область,2019-08-01,14.69479511873895,0.061654111534494405,0.0,0.061654111534494405,0.0,0,0,33.91693064582005,5.290000000000006,13.31093663636481
Магаданская область,2019-09-01,14.19446925294529,0.2864871600654304,0.0,0.2864871600654304,0.0,0,0,34.17377983435067,4.879999999999995,13.3584483143846
Магаданская область,2019-10-01,13.85465839009925,0.199118629193201,0.0,0.199118629193201,0.0,0,0,34.63619203896162,4.099999999999994,13.54380085164351
Магаданская область,2019-11-01,14.33716638665177,-0.3451712223245451,-0.0,-0.3451712223245451,-0.0,1,0,34.5866499521974,2.620000000000005,13.47355919270209
Магаданская область,2019-12-01,13.58781061092466,-0.11071296164861266,-0.0,-0.11071296164861266,-0.0,0,0,34.85232828472708,2.650000000000006,13.47917716353487
Магаданская область,2020-01-01,13.77715975653328,0.4934187707708695,0.0,0.4934187707708695,0.0,0,0,34.74828187029823,2.569999999999993,13.39257583555655
Магаданская область,2020-02-01,13.91175911168691,0.717717316165718,0.0,0.717717316165718,0.0,0,0,35.65214602132439,1.379999999999995,13.29978446002053
Магаданская область,2020-03-01,13.78813023530037,0.5448138582658153,0.0,0.5448138582658153,0.0,0,0,35.7093506121351,1.870000000000005,13.41574103983615
Магаданская область,2020-04-01,13.63951400644098,0.24910450663146122,0.0,0.24910450663146122,0.0,0,-1,35.85782401930214,2.420000000000002,13.18323061484009
Магаданская область,2020-05-01,13.71363671973959,0.12930980432325967,0.0,0.12930980432325967,0.0,-1,0,35.2981219638545,2.680000000000007,14.14023140395938
Магаданская область,2020-06-01,13.39618016644225,0.4216232562547013,0.0,0.4216232562547013,0.0,0,0,35.32706228488023,2.650000000000006,14.14892946511076
Магаданская область,2020-07-01,13.44430155270933,-1.5016319110366503,-0.0,-1.5016319110366503,-0.0,0,0,35.34432417272114,2.959999999999994,14.30133163189874
Магаданская область,2020-08-01,12.81036666655632,-0.8645661305373835,-0.0,-0.8645661305373835,-0.0,0,0,34.1223897991257,4.260000000000005,14.18009476467335
Магаданская область,2020-09-01,13.03991782015558,-0.7937016241842549,-0.0,-0.7937016241842549,-0.0,0,-1,34.69080511055229,3.950000000000003,14.00241527085511
Магаданская область,2020-10-01,12.81319228467407,-1.2364929674992595,-0.0,-1.2364929674992595,-0.0,-1,0,35.03355243445039,3.780000000000001,14.21536489083855
Магаданская область,2020-11-01,12.86039021718882,-1.3589786818048175,-0.0,-1.3589786818048175,-0.0,0,0,35.04663793632586,3.569999999999993,13.56456855657429
Магаданская область,2020-12-01,12.78697714428006,-1.7089361724181273,-0.0,-1.7089361724181273,-0.0,0,0,34.45774338440867,3.879999999999995,13.72530250325954
Магаданская область,2021-01-01,12.68231575090272,3.0895976215913166,0.0,3.0895976215913166,0.0,0,0,34.76437652570073,5.0,13.799525893719
Магаданская область,2021-02-01,12.3815385657099,-0.05176615786507455,-0.0,-0.05176615786507455,-0.0,0,0,35.08716374336135,5.719999999999999,13.80295257505985
Магаданская область,2021-03-01,12.31982347503661,-0.6104025253424652,-0.0,-0.6104025253424652,-0.0,0,0,35.36735652566669,5.579999999999998,13.76448603544986
Магаданская область,2021-04-01,12.19571595028403,-0.5967440618905293,-0.0,-0.5967440618905293,-0.0,0,0,35.76600928648752,5.730000000000004,13.89161850397058
Магаданская область,2021-05-01,11.40274050652862,-0.241937869195743,-0.0,-0.241937869195743,-0.0,0,1,36.71062105649058,6.140000000000001,14.0695008495888
Магаданская область,2021-06-01,12.23944519216437,-0.7676306960714552,-0.0,-0.7676306960714552,-0.0,0,0,37.13189001792087,6.299999999999997,13.35504485747079
Магаданская область,2021-07-01,12.24081623879727,0.08560806359759354,0.0,0.08560806359759354,0.0,0,0,37.87883936966111,6.390000000000001,13.82355994048649
Магаданская область,2021-08-01,12.14242911336007,0.3090771946763784,0.0,0.3090771946763784,0.0,1,1,38.38061437808945,5.799999999999997,13.61028964698458
Магаданская область,2021-09-01,11.94306699305319,-0.6460537301930689,-0.0,-0.6460537301930689,-0.0,0,0,39.27982438079372,5.780000000000001,13.56044640114306
Магаданская область,2021-10-01,12.11420329767997,-0.6175372517280238,-0.0,-0.6175372517280238,-0.0,0,0,40.06865230550125,6.120000000000005,13.72412510030506
Магаданская область,2021-11-01,12.66492966526254,-0.12114037446266934,-0.0,-0.12114037446266934,-0.0,1,0,40.14104221007956,7.480000000000004,13.61774416770726
Магаданская область,2021-12-01,12.41737314182676,-0.26721650241728057,-0.0,-0.26721650241728057,-0.0,0,0,40.6147577667091,9.370000000000005,13.39486404501165
Магаданская область,2022-01-01,13.04367842743482,0.27464209751393653,0.0,0.27464209751393653,0.0,0,0,41.21324540845568,8.579999999999998,13.36189933239708
Магаданская область,2022-02-01,13.33797551485245,-0.3501956198858558,-0.0,-0.3501956198858558,-0.0,0,0,43.63394927827782,9.14,12.76564426814996
Магаданская область,2022-03-01,13.59164873574936,4.941478356719127,0.0,4.941478356719127,0.0,0,-1,43.793695828503,9.159999999999997,12.94682098688732
Магаданская область,2022-04-01,18.2115237645615,1.4923126339086181,0.0,1.4923126339086181,0.0,-1,-1,43.25369867156306,12.65000000000001,13.85119253847198
Магаданская область,2022-05-01,19.15813161436499,-1.244790623444267,-0.0,-1.244790623444267,-0.0,0,0,41.8875108245591,13.16,13.67170682209579
Магаданская область,2022-06-01,18.91784482725253,-3.118179668249544,-0.0,-3.118179668249544,-0.0,0,0,41.4711551425755,13.52,13.74777932891567
Магаданская область,2022-07-01,18.16796635079888,-0.386746413724417,-0.0,-0.386746413724417,-0.0,0,0,41.24288636898829,13.03,14.47084786890807
Магаданская область,2022-08-01,17.33864549547428,-1.1110066252555733,-0.0,-1.1110066252555733,-0.0,0,0,42.7783747635096,13.17,14.16935893006077
Магаданская область,2022-09-01,15.58847737548704,1.7547062341946287,0.0,1.7547062341946287,0.0,0,0,43.00742358491675,13.58,14.22983350101888
Магаданская область,2022-10-01,15.33338646912375,1.2482715752793254,0.0,1.2482715752793254,0.0,0,0,43.54614675901585,14.64,14.19377810267297
Магаданская область,2022-11-01,15.07456008323653,0.32653909912163215,0.0,0.32653909912163215,0.0,0,0,43.02534236677216,13.64,14.04273201739446
Магаданская область,2022-12-01,15.71108540681876,0.14955653030453497,0.0,0.14955653030453497,0.0,0,1,42.901497397731,11.41,14.36995831129443
Магаданская область,2023-01-01,16.75187654305773,0.13967960707903515,0.0,0.13967960707903515,0.0,0,0,42.83360570044719,11.36,14.09790361500481
Магаданская область,2023-02-01,16.29752808903928,-1.9472998218897306,-0.0,-1.9472998218897306,-0.0,1,0,44.33325719923411,10.8,14.19332122485243
Магаданская область,2023-03-01,16.45061180813024,-0.4649545463768856,-0.0,-0.4649545463768856,-0.0,0,0,44.45351617742094,10.51000000000001,14.04462943579579
Магаданская область,2023-04-01,16.09371826583179,-0.5507806832459252,-0.0,-0.5507806832459252,-0.0,0,0,44.73093257418564,6.340000000000003,13.79327904626996
Магаданская область,2023-05-01,15.6094085266059,-0.46521849390664727,-0.0,-0.46521849390664727,-0.0,0,0,45.14910133092449,5.409999999999997,13.6552125597169
Магаданская область,2023-06-01,16.13419711587986,-0.5347109788556779,-0.0,-0.5347109788556779,-0.0,0,1,45.66670369574003,5.090000000000003,12.9226366585444
Магаданская область,2023-07-01,16.08146111524748,-0.5497632155639387,-0.0,-0.5497632155639387,-0.0,0,1,46.16086383850875,4.709999999999994,12.94319403678422
Магаданская область,2023-08-01,16.04830149271363,0.2078297309388475,0.0,0.2078297309388475,0.0,1,0,46.31051885550134,4.560000000000002,12.68694563331483
Магаданская область,2023-09-01,16.87165750105149,2.7050587479091437,0.0,2.7050587479091437,0.0,0,1,47.16225239454527,4.810000000000002,12.57190952136815
Магаданская область,2023-10-01,18.28144122599228,0.8633696772512707,0.0,0.8633696772512707,0.0,1,0,47.72815348720895,4.730000000000004,12.53739708596665
Магаданская область,2023-11-01,18.26145893559743,1.714265038508227,0.0,1.714265038508227,0.0,1,0,48.40593958034796,5.430000000000007,12.38918679510695
Магаданская область,2023-12-01,19.92462073064222,-1.5282051620880424,-0.0,-1.5282051620880424,-0.0,0,1,48.17809145762416,6.340000000000003,12.45463210637282
Магаданская область,2024-01-01,19.66092230109416,0.6818813931607863,0.0,0.6818813931607863,0.0,0,0,46.82135172309869,6.409999999999997,12.65956204469822
Магаданская область,2024-02-01,24.26218647419957,-1.5559611222700127,-0.0,-1.5559611222700127,-0.0,1,0,46.66410378686637,6.030000000000001,12.78752366299698
Магаданская область,2024-03-01,24.39850612021902,-0.03662363343873665,-0.0,-0.03662363343873665,-0.0,0,0,45.71358959482683,5.950000000000003,12.62864384207752
Магаданская область,2024-04-01,24.32222623352173,-0.07535756412256944,-0.0,-0.07535756412256944,-0.0,0,0,45.71080499483401,6.469999999999999,12.54406495686778
Магаданская область,2024-05-01,23.24414822975667,-1.8174537430626252,-0.0,-1.8174537430626252,-0.0,0,1,47.02876128067739,6.040000000000006,12.5229211444008
Магаданская область,2024-06-01,23.2034854232676,-0.4392507252018447,-0.0,-0.4392507252018447,-0.0,0,1,47.19893818288787,7.340000000000003,12.13016844686942
Магаданская область,2024-07-01,23.92184449304818,-0.5869739684411108,-0.0,-0.5869739684411108,-0.0,0,1,47.39528291298463,8.769999999999996,12.3156828011251
Магаданская область,2024-08-01,24.43928860895064,1.4105522767729113,0.0,1.4105522767729113,0.0,1,0,47.84888592443933,8.629999999999995,11.20366724619756
Магаданская область,2024-09-01,26.41388879524854,-1.9115218364399809,-0.0,-1.9115218364399809,-0.0,0,1,47.76499784695014,8.700000000000003,11.16332128948589
Магаданская область,2024-10-01,26.98185636258054,0.667769408390896,0.0,0.667769408390896,0.0,1,0,47.80174264765796,7.439999999999998,11.18962694897485
Магаданская область,2024-11-01,30.6486231053998,2.039278586154861,0.0,2.039278586154861,0.0,1,0,46.27388412031531,8.650000000000006,11.07006201511934
Магаданская область,2024-12-01,35.18196979189985,0.34090421830265427,0.0,0.34090421830265427,0.0,1,-1,43.77679872768298,7.620000000000005,11.23828843828172
Магаданская область,2025-01-01,33.90990976550049,0.24822008087726388,0.0,0.24822008087726388,0.0,-1,0,41.68580392007893,7.590000000000003,12.03130384059883
Магаданская область,2025-02-01,34.61395541812276,0.31653560056003016,0.0,0.31653560056003016,0.0,0,-1,39.44670283001462,8.659999999999997,11.99326811874151
Магаданская область,2025-03-01,34.04036401215075,0.41369500741819465,0.0,0.41369500741819465,0.0,-1,0,39.17227859758769,9.049999999999997,12.28764083696617
Магаданская область,2025-04-01,34.85661138319466,0.5812476727093596,0.0,0.5812476727093596,0.0,1,0,38.73776954779318,8.090000000000003,12.56535625038757
Магаданская область,2025-05-01,33.56180717843511,0.3820181297639742,0.0,0.3820181297639742,0.0,0,1,36.75427565442295,9.329999999999998,12.48821382510209
Магаданская область,2025-06-01,33.85290929963472,0.6128194128495359,0.0,0.6128194128495359,0.0,0,0,36.363088392248,7.719999999999999,12.63481715488875
Магаданская область,2025-07-01,30.90719530737563,-0.2977272507310609,-0.0,-0.2977272507310609,-0.0,0,0,35.68369109789706,6.670000000000002,13.01682706126377
Магаданская область,2025-08-01,29.38583117553512,-1.399483474742535,-0.0,-1.399483474742535,-0.0,1,0,34.69325976173037,7.030000000000001,12.07495472694999
Магаданская область,2025-09-01,29.58713447424183,0.2588989388809786,0.0,0.2588989388809786,0.0,0,0,34.59315048835496,6.390000000000001,12.13981964191304
Магаданская область,2025-10-01,29.66898498858018,-0.43597080805563593,-0.0,-0.43597080805563593,-0.0,-1,0,34.25153517629164,7.769999999999996,12.21157084544251
Магаданская область,2025-11-01,29.32923303445371,-0.19410526130430839,-0.0,-0.19410526130430839,-0.0,1,1,33.94127784945241,7.099999999999994,12.17062633336101
Магаданская область,2025-12-01,29.4424515546121,0.2813157398373711,0.0,0.2813157398373711,0.0,0,0,33.15167349298414,7.269999999999996,12.44151421120282
Московская область,2019-03-01,14.20885874956254,0.7128714995200838,0.7128714995200838,0.0,0.0,0,0,49.92681198953844,6.409999999999997,13.78087109569939
Московская область,2019-04-01,14.19513586091874,0.6911493920479934,0.6911493920479934,0.0,0.0,0,0,50.64470649138294,6.209999999999994,13.75434767330176
Московская область,2019-05-01,13.62318005063553,0.45783100689424217,0.45783100689424217,0.0,0.0,1,0,52.12934785007064,5.5,13.58896997415579
Московская область,2019-06-01,14.34298112880962,0.5041451542673663,0.5041451542673663,0.0,0.0,0,0,52.71976031483717,5.079999999999998,13.55569723546749
Московская область,2019-07-01,14.12518806070555,0.14629311794748645,0.14629311794748645,0.0,0.0,0,1,53.33615263339062,4.810000000000002,13.36111870931816
Московская область,2019-08-01,14.09144278370778,0.061654111534494405,0.061654111534494405,0.0,0.0,0,0,51.76080143910411,4.590000000000003,13.53510194316475
Московская область,2019-09-01,13.76047083556917,0.2864871600654304,0.2864871600654304,0.0,0.0,0,0,52.63018588544895,4.280000000000001,13.58580455819763
Московская область,2019-10-01,13.54323380956371,0.199118629193201,0.199118629193201,0.0,0.0,0,0,53.2642459015501,3.950000000000003,13.73851851367292
Московская область,2019-11-01,13.86183078045971,-0.3451712223245451,-0.3451712223245451,-0.0,-0.0,1,0,53.36287316769408,3.739999999999995,13.59065347644132
Московская область,2019-12-01,13.57911760067563,-0.11071296164861266,-0.11071296164861266,-0.0,-0.0,0,0,53.94585035129508,3.319999999999993,13.61489628476028
Московская область,2020-01-01,13.40889945381107,0.4934187707708695,0.4934187707708695,0.0,0.0,0,0,54.02628751107972,2.609999999999999,13.52740184791909
Московская область,2020-02-01,13.34037094535068,0.717717316165718,0.717717316165718,0.0,0.0,0,0,54.57453161647411,1.700000000000003,13.72846488702069
Московская область,2020-03-01,13.50898447663274,0.5448138582658153,0.5448138582658153,0.0,0.0,0,0,55.03922875869206,1.609999999999999,13.83089806790065
Московская область,2020-04-01,12.98864386302678,0.24910450663146122,0.24910450663146122,0.0,0.0,0,-1,55.82262156171151,1.719999999999999,13.6045704206665
Московская область,2020-05-01,13.20214864144308,0.12930980432325967,0.12930980432325967,0.0,0.0,-1,0,57.11277865650759,2.219999999999999,14.23167449021347
Московская область,2020-06-01,13.11678065908374,0.4216232562547013,0.4216232562547013,0.0,0.0,0,0,56.77827278839806,2.319999999999993,14.15400292927183
Московская область,2020-07-01,12.97120785249791,-1.5016319110366503,-1.5016319110366503,-0.0,-0.0,0,0,57.4004773696138,2.409999999999997,14.31188716576783
Московская область,2020-08-01,12.27692008326808,-0.8645661305373835,-0.8645661305373835,-0.0,-0.0,0,0,57.86109670233296,2.510000000000005,14.23752229862794
Московская область,2020-09-01,12.51405055353165,-0.7937016241842549,-0.7937016241842549,-0.0,-0.0,0,-1,58.74532883428293,2.590000000000003,14.14540830381787
Московская область,2020-10-01,12.44560793563287,-1.2364929674992595,-1.2364929674992595,-0.0,-0.0,-1,0,59.7007072601756,2.849999999999994,14.28282711583653
Московская область,2020-11-01,11.9113521668832,-1.3589786818048175,-1.3589786818048175,-0.0,-0.0,0,0,60.70094973157422,3.409999999999997,13.81944037323018
Московская область,2020-12-01,12.17378561241788,-1.7089361724181273,-1.7089361724181273,-0.0,-0.0,0,0,61.15628906331249,3.900000000000006,13.93694671189249
Московская область,2021-01-01,12.00827162503887,3.0895976215913166,3.0895976215913166,0.0,0.0,0,0,61.09473132768191,4.700000000000003,14.07840885864026
Московская область,2021-02-01,11.84041547047705,-0.05176615786507455,-0.05176615786507455,-0.0,-0.0,0,0,61.38394764380302,5.030000000000001,14.06377792768295
Московская область,2021-03-01,11.75670329369941,-0.6104025253424652,-0.6104025253424652,-0.0,-0.0,0,0,62.10529124653122,5.5,14.05021399888349
Московская область,2021-04-01,11.65376042971175,-0.5967440618905293,-0.5967440618905293,-0.0,-0.0,0,0,63.12313340603472,5.819999999999993,14.17502219517307
Московская область,2021-05-01,11.50437788131524,-0.241937869195743,-0.241937869195743,-0.0,-0.0,0,1,63.00936594453823,5.709999999999994,14.10680068368119
Московская область,2021-06-01,11.67521814116297,-0.7676306960714552,-0.7676306960714552,-0.0,-0.0,0,0,63.79861685202657,6.480000000000004,13.69860775630269
Московская область,2021-07-01,11.73228288789754,0.08560806359759354,0.08560806359759354,0.0,0.0,0,0,64.36671662840901,7.290000000000006,14.05943133820071
Московская область,2021-08-01,11.82404384691754,0.3090771946763784,0.3090771946763784,0.0,0.0,1,1,64.9721292216606,7.450000000000003,13.95530411626171
Московская область,2021-09-01,11.70432610787823,-0.6460537301930689,-0.6460537301930689,-0.0,-0.0,0,0,65.90451342304755,7.859999999999999,13.86326542822785
Московская область,2021-10-01,11.85454056417427,-0.6175372517280238,-0.6175372517280238,-0.0,-0.0,0,0,66.44270353714288,8.790000000000006,13.79512905071431
Московская область,2021-11-01,12.21382821939507,-0.12114037446266934,-0.12114037446266934,-0.0,-0.0,1,0,67.38119066955825,9.540000000000006,13.79211690639279
Московская область,2021-12-01,12.56050174344953,-0.26721650241728057,-0.26721650241728057,-0.0,-0.0,0,0,67.36440906043202,10.18000000000001,13.64892229150296
Московская область,2022-01-01,12.80899400929731,0.27464209751393653,0.27464209751393653,0.0,0.0,0,0,67.78709413139951,9.760000000000005,13.57097147646334
Московская область,2022-02-01,12.60941898999833,-0.3501956198858558,-0.3501956198858558,-0.0,-0.0,0,0,67.00827190188225,10.79000000000001,13.03594120431925
Московская область,2022-03-01,13.9498483649784,4.941478356719127,4.941478356719127,0.0,0.0,0,-1,67.79972068406731,11.38,13.47097216050825
Московская область,2022-04-01,18.81549942976346,1.4923126339086181,1.4923126339086181,0.0,0.0,-1,-1,66.6819126483057,18.69,14.31567190697951
Московская область,2022-05-01,19.47063131521323,-1.244790623444267,-1.244790623444267,-0.0,-0.0,0,0,65.58468255795525,20.06999999999999,14.07842732026992
Московская область,2022-06-01,19.03016178845095,-3.118179668249544,-3.118179668249544,-0.0,-0.0,0,0,65.25429156117258,19.08,14.20032538358171
Московская область,2022-07-01,17.89148272022016,-0.386746413724417,-0.386746413724417,-0.0,-0.0,0,0,65.13261801999765,17.56,14.81674454207495
Московская область,2022-08-01,16.14088811081573,-1.1110066252555733,-1.1110066252555733,-0.0,-0.0,0,0,65.51970614621575,16.55,14.63560557534188
Московская область,2022-09-01,15.52340415542501,1.7547062341946287,1.7547062341946287,0.0,0.0,0,0,65.9116532034035,15.91,14.67816497222353
Московская область,2022-10-01,15.23916471167231,1.2482715752793254,1.2482715752793254,0.0,0.0,0,0,66.62662522895741,15.63,14.66583262349029
Московская область,2022-11-01,14.74371534321699,0.32653909912163215,0.32653909912163215,0.0,0.0,0,0,66.8671522372287,14.58,14.60061149305516
Московская область,2022-12-01,14.96771557188699,0.14955653030453497,0.14955653030453497,0.0,0.0,0,1,67.16155878435242,14.01000000000001,14.8109856344647
Московская область,2023-01-01,16.14407732306589,0.13967960707903515,0.13967960707903515,0.0,0.0,0,0,67.10257322116439,14.11,14.56316507344209
Московская область,2023-02-01,15.12994971135202,-1.9472998218897306,-1.9472998218897306,-0.0,-0.0,1,0,64.3699679895157,13.47,14.72960946115637
Московская область,2023-03-01,14.84578424912208,-0.4649545463768856,-0.4649545463768856,-0.0,-0.0,0,0,64.39564057006392,13.0,14.59317058077576
Московская область,2023-04-01,14.76474139142773,-0.5507806832459252,-0.5507806832459252,-0.0,-0.0,0,0,65.08781536508008,6.040000000000006,14.31979824597232
Московская область,2023-05-01,14.61374116508316,-0.46521849390664727,-0.46521849390664727,-0.0,-0.0,0,0,65.42867126976955,4.890000000000001,14.14331032168819
Московская область,2023-06-01,15.01657268362236,-0.5347109788556779,-0.5347109788556779,-0.0,-0.0,0,1,65.7911286626574,5.329999999999998,13.65652431669367
Московская область,2023-07-01,14.97874110607861,-0.5497632155639387,-0.5497632155639387,-0.0,-0.0,0,1,66.10008630090142,5.810000000000002,13.60636234072935
Московская область,2023-08-01,14.74368111243377,0.2078297309388475,0.2078297309388475,0.0,0.0,1,0,66.1930856661896,7.010000000000005,13.38887960910506
Московская область,2023-09-01,15.00545953763974,2.7050587479091437,2.7050587479091437,0.0,0.0,0,1,67.13533906596845,7.269999999999996,13.31102114588558
Московская область,2023-10-01,16.82476846853787,0.8633696772512707,0.8633696772512707,0.0,0.0,1,0,67.85674454841984,7.5,13.17881207521281
Московская область,2023-11-01,17.84428019194005,1.714265038508227,1.714265038508227,0.0,0.0,1,0,67.85496700249011,7.560000000000002,12.97683121835128
Московская область,2023-12-01,17.47787872010851,-1.5282051620880424,-1.5282051620880424,-0.0,-0.0,0,1,67.48004875010854,7.819999999999993,13.02894432197125
Московская область,2024-01-01,19.07318645205777,0.6818813931607863,0.6818813931607863,0.0,0.0,0,0,66.03853668143056,7.280000000000001,13.069711356115
Московская область,2024-02-01,21.42759660373295,-1.5559611222700127,-1.5559611222700127,-0.0,-0.0,1,0,66.42539914852547,7.150000000000006,13.1581283537414
Московская область,2024-03-01,22.48017901305618,-0.03662363343873665,-0.03662363343873665,-0.0,-0.0,0,0,65.9048872671104,7.069999999999993,13.03780482559247
Московская область,2024-04-01,21.75955868686842,-0.07535756412256944,-0.07535756412256944,-0.0,-0.0,0,0,65.85253016635761,6.959999999999994,12.88334000305782
Московская область,2024-05-01,21.28954362981692,-1.8174537430626252,-1.8174537430626252,-0.0,-0.0,0,1,65.46129434949263,6.730000000000004,12.78427854318404
Московская область,2024-06-01,21.17947653338528,-0.4392507252018447,-0.4392507252018447,-0.0,-0.0,0,1,65.38108096862321,7.25,12.39171169347233
Московская область,2024-07-01,21.80936040494779,-0.5869739684411108,-0.5869739684411108,-0.0,-0.0,0,1,65.80516836964885,8.129999999999995,12.47043829218805
Московская область,2024-08-01,21.9151096706078,1.4105522767729113,1.4105522767729113,0.0,0.0,1,0,64.4076491794084,8.819999999999993,11.67355958156473
Московская область,2024-09-01,23.11033180599275,-1.9115218364399809,-1.9115218364399809,-0.0,-0.0,0,1,64.07965514407358,8.730000000000004,11.67274273341166
Московская область,2024-10-01,23.68081811354406,0.667769408390896,0.667769408390896,0.0,0.0,1,0,63.14300989137202,8.700000000000003,11.69163705117317
Московская область,2024-11-01,25.84555142680939,2.039278586154861,2.039278586154861,0.0,0.0,1,0,60.84001900785054,8.650000000000006,11.56965171826733
Московская область,2024-12-01,27.93200034175103,0.34090421830265427,0.34090421830265427,0.0,0.0,1,-1,59.29161863547597,8.849999999999994,11.68109780284841
Московская область,2025-01-01,27.75190490978937,0.24822008087726388,0.24822008087726388,0.0,0.0,-1,0,56.76918147907571,9.659999999999997,12.15874276634461
Московская область,2025-02-01,30.15597934691748,0.31653560056003016,0.31653560056003016,0.0,0.0,0,-1,58.14656332400018,10.05,12.22219450038188
Московская область,2025-03-01,31.79080242806852,0.41369500741819465,0.41369500741819465,0.0,0.0,-1,0,57.24503485038006,10.13,12.49516262989532
Московская область,2025-04-01,30.65202302505558,0.5812476727093596,0.5812476727093596,0.0,0.0,1,0,56.57599574108955,10.16,12.76550750679367
Московская область,2025-05-01,28.89956846918748,0.3820181297639742,0.3820181297639742,0.0,0.0,0,1,54.91142664436206,9.900000000000006,12.64734817259907
Московская область,2025-06-01,28.32820290754336,0.6128194128495359,0.6128194128495359,0.0,0.0,0,0,54.39791728321828,9.459999999999994,12.76143550593424
Московская область,2025-07-01,27.17975857108138,-0.2977272507310609,-0.2977272507310609,-0.0,-0.0,0,0,53.6358952750124,8.560000000000002,13.35413102398123
Московская область,2025-08-01,25.93659044752157,-1.399483474742535,-1.399483474742535,-0.0,-0.0,1,0,52.73390561653223,8.159999999999997,12.35901879754777
Московская область,2025-09-01,25.73391105785229,0.2588989388809786,0.2588989388809786,0.0,0.0,0,0,52.5818239396263,7.459999999999994,12.38189448442273
Московская область,2025-10-01,24.68212736129116,-0.43597080805563593,-0.43597080805563593,-0.0,-0.0,-1,0,52.24609142690421,6.980000000000004,12.40595532539013
Московская область,2025-11-01,24.9588370964876,-0.19410526130430839,-0.19410526130430839,-0.0,-0.0,1,1,51.98272378287783,6.879999999999995,12.29570503750086
Московская область,2025-12-01,26.18166034722179,0.2813157398373711,0.2813157398373711,0.0,0.0,0,0,51.6395642175703,5.950000000000003,12.53134635590796
Мурманская область,2019-03-01,14.33335755587448,0.7128714995200838,0.0,0.7128714995200838,0.0,0,0,43.09188438424742,5.780000000000001,13.77050317899653
Мурманская область,2019-04-01,14.26612339865867,0.6911493920479934,0.0,0.6911493920479934,0.0,0,0,43.27854394633148,5.689999999999998,13.85743985905235
Мурманская область,2019-05-01,14.2796283311827,0.45783100689424217,0.0,0.45783100689424217,0.0,1,0,44.05606837800426,5.420000000000002,13.69132046001477
Мурманская область,2019-06-01,14.54511943254479,0.5041451542673663,0.0,0.5041451542673663,0.0,0,0,44.23661329455286,5.269999999999996,13.65384629456237
Мурманская область,2019-07-01,14.34573450127363,0.14629311794748645,0.0,0.14629311794748645,0.0,0,1,44.49960702813523,4.819999999999993,13.30950242143932
Мурманская область,2019-08-01,14.39286703226234,0.061654111534494405,0.0,0.061654111534494405,0.0,0,0,42.80059471986399,4.640000000000001,13.50099152702392
Мурманская область,2019-09-01,14.07568150852376,0.2864871600654304,0.0,0.2864871600654304,0.0,0,0,43.20353913176275,4.530000000000001,13.64667251004438
Мурманская область,2019-10-01,13.86224910427297,0.199118629193201,0.0,0.199118629193201,0.0,0,0,43.53801038856343,4.290000000000006,13.80604199465918
Мурманская область,2019-11-01,14.12449251110927,-0.3451712223245451,-0.0,-0.3451712223245451,-0.0,1,0,43.81355066073549,4.269999999999996,13.70433273317707
Мурманская область,2019-12-01,13.70137638455457,-0.11071296164861266,-0.0,-0.11071296164861266,-0.0,0,0,43.94743542017785,4.010000000000005,13.71833967202681
Мурманская область,2020-01-01,13.5484603624708,0.4934187707708695,0.0,0.4934187707708695,0.0,0,0,43.67055562648945,3.480000000000004,13.61039472694233
Мурманская область,2020-02-01,13.63920213346967,0.717717316165718,0.0,0.717717316165718,0.0,0,0,45.47356260046402,2.709999999999994,13.57540360010675
Мурманская область,2020-03-01,13.54353785588723,0.5448138582658153,0.0,0.5448138582658153,0.0,0,0,45.38882745885979,2.390000000000001,13.74922780335194
Мурманская область,2020-04-01,13.27007845422454,0.24910450663146122,0.0,0.24910450663146122,0.0,0,-1,45.51160830997152,2.5,13.46638957408629
Мурманская область,2020-05-01,13.39142670772675,0.12930980432325967,0.0,0.12930980432325967,0.0,-1,0,45.02205555652618,3.200000000000003,14.2852030391195
Мурманская область,2020-06-01,13.47577396051154,0.4216232562547013,0.0,0.4216232562547013,0.0,0,0,44.79153635131976,3.209999999999994,14.14107965798647
Мурманская область,2020-07-01,13.31800077943771,-1.5016319110366503,-0.0,-1.5016319110366503,-0.0,0,0,45.00808525193428,3.180000000000007,14.28979748698646
Мурманская область,2020-08-01,12.93260933339331,-0.8645661305373835,-0.0,-0.8645661305373835,-0.0,0,0,45.12460458279587,3.689999999999998,14.20986535010963
Мурманская область,2020-09-01,12.96646576491848,-0.7937016241842549,-0.0,-0.7937016241842549,-0.0,0,-1,45.86781274797978,3.510000000000005,14.08490537855801
Мурманская область,2020-10-01,12.73705474054727,-1.2364929674992595,-0.0,-1.2364929674992595,-0.0,-1,0,46.54071808025535,3.599999999999994,14.31861216858895
Мурманская область,2020-11-01,12.52703940035676,-1.3589786818048175,-0.0,-1.3589786818048175,-0.0,0,0,47.54834083613026,3.390000000000001,13.69874743944549
Мурманская область,2020-12-01,12.40910328232772,-1.7089361724181273,-0.0,-1.7089361724181273,-0.0,0,0,47.74263985329684,3.629999999999995,13.82658961832066
Мурманская область,2021-01-01,12.41527664030829,3.0895976215913166,0.0,3.0895976215913166,0.0,0,0,47.27559142724385,4.090000000000003,13.87818981980737
Мурманская область,2021-02-01,12.19976910433929,-0.05176615786507455,-0.0,-0.05176615786507455,-0.0,0,0,47.72787786231743,4.519999999999996,13.90284031344829
Мурманская область,2021-03-01,12.21019390016482,-0.6104025253424652,-0.0,-0.6104025253424652,-0.0,0,0,47.90842993018033,4.799999999999997,13.86731343982415
Мурманская область,2021-04-01,11.94274514728821,-0.5967440618905293,-0.0,-0.5967440618905293,-0.0,0,0,48.31517138940122,5.010000000000005,14.00638980403598
Мурманская область,2021-05-01,11.77143674430097,-0.241937869195743,-0.0,-0.241937869195743,-0.0,0,1,47.41163337167999,4.489999999999995,14.11004514256498
Мурманская область,2021-06-01,12.04431902358596,-0.7676306960714552,-0.0,-0.7676306960714552,-0.0,0,0,48.0162531318667,5.099999999999994,13.53445839546903
Мурманская область,2021-07-01,12.16865058178644,0.08560806359759354,0.0,0.08560806359759354,0.0,0,0,48.69676797426038,5.489999999999995,13.95828846417369
Мурманская область,2021-08-01,12.19085818393838,0.3090771946763784,0.0,0.3090771946763784,0.0,1,1,49.72541287028338,5.349999999999994,13.78925649279467
Мурманская область,2021-09-01,12.1355365661019,-0.6460537301930689,-0.0,-0.6460537301930689,-0.0,0,0,50.49782671954615,5.810000000000002,13.67983291045883
Мурманская область,2021-10-01,12.18184428298773,-0.6175372517280238,-0.0,-0.6175372517280238,-0.0,0,0,50.73676710730669,6.060000000000002,13.73505141823266
Мурманская область,2021-11-01,12.46226292863882,-0.12114037446266934,-0.0,-0.12114037446266934,-0.0,1,0,52.00387241552239,7.159999999999997,13.65312007808797
Мурманская область,2021-12-01,12.89020978986454,-0.26721650241728057,-0.0,-0.26721650241728057,-0.0,0,0,51.80860718566947,7.069999999999993,13.46979889092578
Мурманская область,2022-01-01,13.07224188785224,0.27464209751393653,0.0,0.27464209751393653,0.0,0,0,51.83750397967629,7.170000000000002,13.4417827409294
Мурманская область,2022-02-01,13.3345475598494,-0.3501956198858558,-0.0,-0.3501956198858558,-0.0,0,0,54.42781238588387,7.409999999999997,12.86024913981115
Мурманская область,2022-03-01,13.26429103837457,4.941478356719127,0.0,4.941478356719127,0.0,0,-1,54.43138258058304,8.180000000000007,13.1043980102429
Мурманская область,2022-04-01,18.19242427061399,1.4923126339086181,0.0,1.4923126339086181,0.0,-1,-1,53.11007705562238,16.16,14.01919794436114
Мурманская область,2022-05-01,19.65524634340526,-1.244790623444267,-0.0,-1.244790623444267,-0.0,0,0,51.71054209757953,18.16,13.77361270312504
Мурманская область,2022-06-01,18.65038423230748,-3.118179668249544,-0.0,-3.118179668249544,-0.0,0,0,50.90033033968443,17.52,13.86708199061736
Мурманская область,2022-07-01,17.55908995796231,-0.386746413724417,-0.0,-0.386746413724417,-0.0,0,0,50.10295199220667,16.90000000000001,14.5583397069631
Мурманская область,2022-08-01,16.15877749576682,-1.1110066252555733,-0.0,-1.1110066252555733,-0.0,0,0,49.07560603036627,16.18000000000001,14.27148088081341
Мурманская область,2022-09-01,15.73274826876634,1.7547062341946287,0.0,1.7547062341946287,0.0,0,0,49.01080785903465,15.81999999999999,14.34079284718584
Мурманская область,2022-10-01,16.209534211734,1.2482715752793254,0.0,1.2482715752793254,0.0,0,0,49.47789912783366,15.36,14.33268205231542
Мурманская область,2022-11-01,15.29311359937287,0.32653909912163215,0.0,0.32653909912163215,0.0,0,0,51.54312755733892,14.68000000000001,14.19455553999041
Мурманская область,2022-12-01,15.80198510152992,0.14955653030453497,0.0,0.14955653030453497,0.0,0,1,51.72659776787916,15.40000000000001,14.44764742888004
Мурманская область,2023-01-01,16.96557475251353,0.13967960707903515,0.0,0.13967960707903515,0.0,0,0,50.82997751142167,15.27,14.20266483820928
Мурманская область,2023-02-01,16.52117875692362,-1.9472998218897306,-0.0,-1.9472998218897306,-0.0,1,0,51.32762457375954,14.45999999999999,14.34808626846178
Мурманская область,2023-03-01,16.03339985962944,-0.4649545463768856,-0.0,-0.4649545463768856,-0.0,0,0,51.07636640084831,13.53,14.19689069993291
Мурманская область,2023-04-01,15.93887710251421,-0.5507806832459252,-0.0,-0.5507806832459252,-0.0,0,0,51.70519506197723,5.25,13.93803593716151
Мурманская область,2023-05-01,15.78585177666204,-0.46521849390664727,-0.0,-0.46521849390664727,-0.0,0,0,51.50004377084056,3.859999999999999,13.74775085121617
Мурманская область,2023-06-01,15.95645880400315,-0.5347109788556779,-0.0,-0.5347109788556779,-0.0,0,1,51.76800467029439,3.760000000000005,13.09316089041805
Мурманская область,2023-07-01,15.66823621687104,-0.5497632155639387,-0.0,-0.5497632155639387,-0.0,0,1,52.50178843210514,4.159999999999997,13.12323787778222
Мурманская область,2023-08-01,15.39695552098979,0.2078297309388475,0.0,0.2078297309388475,0.0,1,0,51.60901039859043,4.879999999999995,12.85221545334577
Мурманская область,2023-09-01,15.80535159960113,2.7050587479091437,0.0,2.7050587479091437,0.0,0,1,52.52568524351172,4.879999999999995,12.70366269892555
Мурманская область,2023-10-01,17.43283357472877,0.8633696772512707,0.0,0.8633696772512707,0.0,1,0,53.19641790923535,6.180000000000007,12.61511624317774
Мурманская область,2023-11-01,18.20932726592235,1.714265038508227,0.0,1.714265038508227,0.0,1,0,55.32554173374557,6.829999999999998,12.393297920073
Мурманская область,2023-12-01,19.05174955624659,-1.5282051620880424,-0.0,-1.5282051620880424,-0.0,0,1,55.28471378048978,7.370000000000005,12.4938627519514
Мурманская область,2024-01-01,19.15858222891573,0.6818813931607863,0.0,0.6818813931607863,0.0,0,0,53.80145278633412,7.939999999999998,12.58548711754661
Мурманская область,2024-02-01,21.81618488970926,-1.5559611222700127,-0.0,-1.5559611222700127,-0.0,1,0,53.96845703002884,9.049999999999997,12.69196399927581
Мурманская область,2024-03-01,22.38383403175668,-0.03662363343873665,-0.0,-0.03662363343873665,-0.0,0,0,53.49376221221445,9.049999999999997,12.58957344712926
Мурманская область,2024-04-01,22.04707031734639,-0.07535756412256944,-0.0,-0.07535756412256944,-0.0,0,0,53.26653528439025,9.280000000000001,12.48081190566141
Мурманская область,2024-05-01,21.85799032307008,-1.8174537430626252,-0.0,-1.8174537430626252,-0.0,0,1,51.97877883095992,9.209999999999994,12.47052444004309
Мурманская область,2024-06-01,22.02384636565291,-0.4392507252018447,-0.0,-0.4392507252018447,-0.0,0,1,52.03821953605112,10.03,12.0998383432211
Мурманская область,2024-07-01,22.64884155355017,-0.5869739684411108,-0.0,-0.5869739684411108,-0.0,0,1,52.41165669409402,9.709999999999994,12.18364101689631
Мурманская область,2024-08-01,23.13191840895819,1.4105522767729113,0.0,1.4105522767729113,0.0,1,0,49.89105874167854,9.75,11.21024786202488
Мурманская область,2024-09-01,24.60667830968241,-1.9115218364399809,-0.0,-1.9115218364399809,-0.0,0,1,50.04392578818264,9.549999999999997,11.16056559738525
Мурманская область,2024-10-01,25.18984471928143,0.667769408390896,0.0,0.667769408390896,0.0,1,0,49.47930526821364,8.540000000000006,11.15642983005594
Мурманская область,2024-11-01,27.23909848921347,2.039278586154861,0.0,2.039278586154861,0.0,1,0,51.29665710772021,8.599999999999994,10.99760604409363
Мурманская область,2024-12-01,29.59293356940537,0.34090421830265427,0.0,0.34090421830265427,0.0,1,-1,49.32080571328451,7.920000000000002,11.18460681370303
Мурманская область,2025-01-01,30.14847834545033,0.24822008087726388,0.0,0.24822008087726388,0.0,-1,0,47.10035217472461,8.150000000000006,11.88631210767754
Мурманская область,2025-02-01,32.12431271685993,0.31653560056003016,0.0,0.31653560056003016,0.0,0,-1,45.14126488459216,8.900000000000006,11.91136566363218
Мурманская область,2025-03-01,31.95262558177686,0.41369500741819465,0.0,0.41369500741819465,0.0,-1,0,44.41166738340405,9.379999999999995,12.19937537983703
Мурманская область,2025-04-01,32.42195163017518,0.5812476727093596,0.0,0.5812476727093596,0.0,1,0,44.00888473197709,10.43000000000001,12.52568119722022
Мурманская область,2025-05-01,30.28505534916132,0.3820181297639742,0.0,0.3820181297639742,0.0,0,1,44.72392802301356,9.930000000000007,12.47877729244555
Мурманская область,2025-06-01,29.35786601243463,0.6128194128495359,0.0,0.6128194128495359,0.0,0,0,44.38563802865976,9.239999999999995,12.57045716899919
Мурманская область,2025-07-01,28.60365603484937,-0.2977272507310609,-0.0,-0.2977272507310609,-0.0,0,0,43.80934502777973,9.269999999999996,12.9806146637638
Мурманская область,2025-08-01,27.88917491644798,-1.399483474742535,-0.0,-1.399483474742535,-0.0,1,0,43.34377449931079,9.560000000000002,12.12759622400706
Мурманская область,2025-09-01,26.72900113082812,0.2588989388809786,0.0,0.2588989388809786,0.0,0,0,43.5951046155436,9.650000000000006,12.15416649651622
Мурманская область,2025-10-01,26.59274787753239,-0.43597080805563593,-0.0,-0.43597080805563593,-0.0,-1,0,43.41807931180899,9.840000000000003,12.24210165050882
Мурманская область,2025-11-01,26.06536956451126,-0.19410526130430839,-0.0,-0.19410526130430839,-0.0,1,1,43.22731230368438,9.260000000000005,12.10897360620496
Мурманская область,2025-12-01,26.63928526974774,0.2813157398373711,0.0,0.2813157398373711,0.0,0,0,42.87645142747483,9.159999999999997,12.38329438050521
Нижегородская область,2019-03-01,14.90467498897918,0.7128714995200838,0.7128714995200838,0.0,0.0,0,0,47.95981514940146,5.469999999999999,13.88016680160746
Нижегородская область,2019-04-01,14.76615221157801,0.6911493920479934,0.6911493920479934,0.0,0.0,0,0,48.32384802107023,5.260000000000005,13.8710132208336
Нижегородская область,2019-05-01,14.84792813918954,0.45783100689424217,0.45783100689424217,0.0,0.0,1,0,48.86569107314149,5.140000000000001,13.7706832162646
Нижегородская область,2019-06-01,15.05885751544263,0.5041451542673663,0.5041451542673663,0.0,0.0,0,0,49.23994854453963,5.459999999999994,13.73013119805921
Нижегородская область,2019-07-01,14.88370309798378,0.14629311794748645,0.14629311794748645,0.0,0.0,0,1,49.4665135905264,4.430000000000007,13.49068800000274
Нижегородская область,2019-08-01,14.85732960964876,0.061654111534494405,0.061654111534494405,0.0,0.0,0,0,49.26941658052147,4.280000000000001,13.70886768441565
Нижегородская область,2019-09-01,14.57660157152512,0.2864871600654304,0.2864871600654304,0.0,0.0,0,0,49.80626981198365,4.140000000000001,13.87382118721036
Нижегородская область,2019-10-01,14.40938095619017,0.199118629193201,0.199118629193201,0.0,0.0,0,0,50.26018566772746,3.730000000000004,14.02099463691976
Нижегородская область,2019-11-01,14.62405938228588,-0.3451712223245451,-0.3451712223245451,-0.0,-0.0,1,0,50.32489486288846,3.459999999999994,13.89900273254412
Нижегородская область,2019-12-01,14.29755526256802,-0.11071296164861266,-0.11071296164861266,-0.0,-0.0,0,0,50.58421578566195,3.579999999999998,13.89077457843683
Нижегородская область,2020-01-01,14.00714395322627,0.4934187707708695,0.4934187707708695,0.0,0.0,0,0,50.30055750044048,3.019999999999996,13.78201209283852
Нижегородская область,2020-02-01,14.22964297675575,0.717717316165718,0.717717316165718,0.0,0.0,0,0,50.95397000566604,2.480000000000004,13.7825135665169
Нижегородская область,2020-03-01,14.18742797788792,0.5448138582658153,0.5448138582658153,0.0,0.0,0,0,51.1025840209083,2.150000000000006,13.91387959604538
Нижегородская область,2020-04-01,13.81068201155223,0.24910450663146122,0.24910450663146122,0.0,0.0,0,-1,51.50081422268153,2.829999999999998,13.60873303853453
Нижегородская область,2020-05-01,13.9832386638357,0.12930980432325967,0.12930980432325967,0.0,0.0,-1,0,51.23331228906162,3.579999999999998,14.3880081090984
Нижегородская область,2020-06-01,14.09851120097609,0.4216232562547013,0.4216232562547013,0.0,0.0,0,0,51.04309200779302,3.370000000000005,14.36120521215071
Нижегородская область,2020-07-01,13.87311187295283,-1.5016319110366503,-1.5016319110366503,-0.0,-0.0,0,0,51.39819969829282,3.859999999999999,14.53684804971835
Нижегородская область,2020-08-01,13.44646710285418,-0.8645661305373835,-0.8645661305373835,-0.0,-0.0,0,0,51.85790586387512,3.900000000000006,14.47689119080052
Нижегородская область,2020-09-01,13.41437952488893,-0.7937016241842549,-0.7937016241842549,-0.0,-0.0,0,-1,52.62306357493518,3.969999999999999,14.38293978316869
Нижегородская область,2020-10-01,13.28445531605798,-1.2364929674992595,-1.2364929674992595,-0.0,-0.0,-1,0,53.19056033342646,4.379999999999995,14.53695417832156
Нижегородская область,2020-11-01,12.97098435426368,-1.3589786818048175,-1.3589786818048175,-0.0,-0.0,0,0,53.88475870708057,4.790000000000006,13.99664099760141
Нижегородская область,2020-12-01,13.1204145625211,-1.7089361724181273,-1.7089361724181273,-0.0,-0.0,0,0,53.98596226666806,5.329999999999998,14.16985394350981
Нижегородская область,2021-01-01,12.94372484535308,3.0895976215913166,3.0895976215913166,0.0,0.0,0,0,53.96280037838167,5.769999999999996,14.17594275722275
Нижегородская область,2021-02-01,12.92914950248453,-0.05176615786507455,-0.05176615786507455,-0.0,-0.0,0,0,54.43668080366035,5.920000000000002,14.20319342973672
Нижегородская область,2021-03-01,12.78295504861458,-0.6104025253424652,-0.6104025253424652,-0.0,-0.0,0,0,54.7525771886808,6.620000000000005,14.1084441774436
Нижегородская область,2021-04-01,12.58774171124535,-0.5967440618905293,-0.5967440618905293,-0.0,-0.0,0,0,55.54605513240421,6.439999999999998,14.21050485854014
Нижегородская область,2021-05-01,12.43303291997565,-0.241937869195743,-0.241937869195743,-0.0,-0.0,0,1,55.98902217821109,5.709999999999994,14.31073611907621
Нижегородская область,2021-06-01,12.74800668928814,-0.7676306960714552,-0.7676306960714552,-0.0,-0.0,0,0,56.63085598325899,6.450000000000003,13.77902406485012
Нижегородская область,2021-07-01,12.69047154497349,0.08560806359759354,0.08560806359759354,0.0,0.0,0,0,56.89083334600242,6.739999999999995,14.11167210569581
Нижегородская область,2021-08-01,12.88248453028431,0.3090771946763784,0.3090771946763784,0.0,0.0,1,1,57.19890321057286,6.799999999999997,13.99399836306548
Нижегородская область,2021-09-01,12.90034745445215,-0.6460537301930689,-0.6460537301930689,-0.0,-0.0,0,0,57.91411282691412,7.189999999999998,13.9119406755099
Нижегородская область,2021-10-01,12.8109042305327,-0.6175372517280238,-0.6175372517280238,-0.0,-0.0,0,0,58.31114440999752,7.459999999999994,13.93898797881629
Нижегородская область,2021-11-01,13.14053857332507,-0.12114037446266934,-0.12114037446266934,-0.0,-0.0,1,0,58.54818257456864,8.069999999999993,13.90498109474351
Нижегородская область,2021-12-01,13.50192255374473,-0.26721650241728057,-0.26721650241728057,-0.0,-0.0,0,0,58.28153556853856,8.5,13.74446378783871
Нижегородская область,2022-01-01,13.31959064636772,0.27464209751393653,0.27464209751393653,0.0,0.0,0,0,58.23462777508789,8.060000000000002,13.71359627090331
Нижегородская область,2022-02-01,13.87240123770367,-0.3501956198858558,-0.3501956198858558,-0.0,-0.0,0,0,59.73353827376611,8.739999999999995,13.18682812623852
Нижегородская область,2022-03-01,13.94362144317015,4.941478356719127,4.941478356719127,0.0,0.0,0,-1,60.32251605036382,9.170000000000002,13.57166592602363
Нижегородская область,2022-04-01,21.12090520072354,1.4923126339086181,1.4923126339086181,0.0,0.0,-1,-1,59.28491813234683,16.2,14.42248013808238
Нижегородская область,2022-05-01,21.8644632596975,-1.244790623444267,-1.244790623444267,-0.0,-0.0,0,0,57.34553596274186,17.89,14.29240461092928
Нижегородская область,2022-06-01,20.11298171769463,-3.118179668249544,-3.118179668249544,-0.0,-0.0,0,0,56.6109212603777,16.44,14.44781277283425
Нижегородская область,2022-07-01,18.84935682392937,-0.386746413724417,-0.386746413724417,-0.0,-0.0,0,0,56.08306145196278,15.11,15.107694317187
Нижегородская область,2022-08-01,16.35447364602892,-1.1110066252555733,-1.1110066252555733,-0.0,-0.0,0,0,55.82977905704116,13.95,14.8694207194979
Нижегородская область,2022-09-01,16.05768853639506,1.7547062341946287,1.7547062341946287,0.0,0.0,0,0,55.71256691622032,13.83,14.9193500284879
Нижегородская область,2022-10-01,16.12453494244497,1.2482715752793254,1.2482715752793254,0.0,0.0,0,0,55.80078411322506,13.2,14.9238706079921
Нижегородская область,2022-11-01,15.90177427872173,0.32653909912163215,0.32653909912163215,0.0,0.0,0,0,55.39611371918246,12.34999999999999,14.85582137684139
Нижегородская область,2022-12-01,16.40871391975481,0.14955653030453497,0.14955653030453497,0.0,0.0,0,1,55.47103949455717,11.06999999999999,15.05065471124653
Нижегородская область,2023-01-01,16.88630432505825,0.13967960707903515,0.13967960707903515,0.0,0.0,0,0,55.06157763672112,11.48,14.80093098235141
Нижегородская область,2023-02-01,16.28761283674567,-1.9472998218897306,-1.9472998218897306,-0.0,-0.0,1,0,55.2420899141657,11.09999999999999,14.99365792715477
Нижегородская область,2023-03-01,16.1607462141882,-0.4649545463768856,-0.4649545463768856,-0.0,-0.0,0,0,55.05085962020902,10.31,14.84924154239231
Нижегородская область,2023-04-01,15.84570068930205,-0.5507806832459252,-0.5507806832459252,-0.0,-0.0,0,0,55.62188308988332,3.189999999999998,14.636680134846
Нижегородская область,2023-05-01,15.8908111992876,-0.46521849390664727,-0.46521849390664727,-0.0,-0.0,0,0,56.3283150311664,1.359999999999999,14.50885851921636
Нижегородская область,2023-06-01,16.00543892985697,-0.5347109788556779,-0.5347109788556779,-0.0,-0.0,0,1,56.40698656668285,1.980000000000004,13.92991057550201
Нижегородская область,2023-07-01,15.95619119715696,-0.5497632155639387,-0.5497632155639387,-0.0,-0.0,0,1,56.78058350618673,2.659999999999997,13.90948424515808
Нижегородская область,2023-08-01,15.79040693985736,0.2078297309388475,0.2078297309388475,0.0,0.0,1,0,57.29869804898802,4.099999999999994,13.63775018776288
Нижегородская область,2023-09-01,16.39003801786947,2.7050587479091437,2.7050587479091437,0.0,0.0,0,1,58.52072251075607,4.489999999999995,13.56999911528134
Нижегородская область,2023-10-01,18.79152295000804,0.8633696772512707,0.8633696772512707,0.0,0.0,1,0,59.7386592596154,5.370000000000005,13.44427342756292
Нижегородская область,2023-11-01,19.20228558682815,1.714265038508227,1.714265038508227,0.0,0.0,1,0,60.55211276759028,5.959999999999994,13.2495246462542
Нижегородская область,2023-12-01,19.13148089607665,-1.5282051620880424,-1.5282051620880424,-0.0,-0.0,0,1,60.71101044450041,6.840000000000003,13.27346582921991
Нижегородская область,2024-01-01,20.69366270038486,0.6818813931607863,0.6818813931607863,0.0,0.0,0,0,59.83810148279215,6.900000000000006,13.25899270554389
Нижегородская область,2024-02-01,23.24476099477708,-1.5559611222700127,-1.5559611222700127,-0.0,-0.0,1,0,59.77619161206989,6.730000000000004,13.3163843839933
Нижегородская область,2024-03-01,24.16170975325465,-0.03662363343873665,-0.03662363343873665,-0.0,-0.0,0,0,59.66613824516514,6.689999999999998,13.20056372307239
Нижегородская область,2024-04-01,22.61280804740286,-0.07535756412256944,-0.07535756412256944,-0.0,-0.0,0,0,59.69165136279248,6.700000000000003,13.10078180131515
Нижегородская область,2024-05-01,22.53996195719241,-1.8174537430626252,-1.8174537430626252,-0.0,-0.0,0,1,59.92751207831123,6.980000000000004,13.0764685736099
Нижегородская область,2024-06-01,22.92646411648589,-0.4392507252018447,-0.4392507252018447,-0.0,-0.0,0,1,59.89562734914451,7.049999999999997,12.68743090204905
Нижегородская область,2024-07-01,23.61217570630127,-0.5869739684411108,-0.5869739684411108,-0.0,-0.0,0,1,60.23179330327887,7.469999999999999,12.7649219135439
Нижегородская область,2024-08-01,23.29842043013115,1.4105522767729113,1.4105522767729113,0.0,0.0,1,0,59.61274153188282,8.219999999999999,11.87778972188883
Нижегородская область,2024-09-01,24.4100233087768,-1.9115218364399809,-1.9115218364399809,-0.0,-0.0,0,1,59.4979149965992,8.159999999999997,11.86027989139929
Нижегородская область,2024-10-01,24.51129447398665,0.667769408390896,0.667769408390896,0.0,0.0,1,0,58.68661429928093,7.859999999999999,11.86168445122954
Нижегородская область,2024-11-01,27.3620006974056,2.039278586154861,2.039278586154861,0.0,0.0,1,0,57.73178220106661,7.599999999999994,11.6940246926767
Нижегородская область,2024-12-01,27.9927222753604,0.34090421830265427,0.34090421830265427,0.0,0.0,1,-1,55.02333953050032,8.11,11.81961966624264
Нижегородская область,2025-01-01,27.80349992838721,0.24822008087726388,0.24822008087726388,0.0,0.0,-1,0,52.51197991856786,8.879999999999995,12.36662520879633
Нижегородская область,2025-02-01,29.29884628352795,0.31653560056003016,0.31653560056003016,0.0,0.0,0,-1,51.38644245199119,9.519999999999996,12.40079952294973
Нижегородская область,2025-03-01,30.00608995457631,0.41369500741819465,0.41369500741819465,0.0,0.0,-1,0,50.20698321905069,9.489999999999995,12.70263172427318
Нижегородская область,2025-04-01,29.88547170725855,0.5812476727093596,0.5812476727093596,0.0,0.0,1,0,49.19691543848243,9.780000000000001,12.9736006372091
Нижегородская область,2025-05-01,28.31349246711047,0.3820181297639742,0.3820181297639742,0.0,0.0,0,1,48.34723504138449,9.810000000000002,12.87957118634785
Нижегородская область,2025-06-01,27.24194888414373,0.6128194128495359,0.6128194128495359,0.0,0.0,0,0,47.6399887621815,9.86,12.96818400552388
Нижегородская область,2025-07-01,26.13992566271176,-0.2977272507310609,-0.2977272507310609,-0.0,-0.0,0,0,46.83767763940859,9.5,13.44892653521477
Нижегородская область,2025-08-01,25.23330139230607,-1.399483474742535,-1.399483474742535,-0.0,-0.0,1,0,46.01082474511347,8.61,12.53434094974161
Нижегородская область,2025-09-01,25.19644520479653,0.2588989388809786,0.2588989388809786,0.0,0.0,0,0,45.89658743956142,7.859999999999999,12.55032110430096
Нижегородская область,2025-10-01,22.87734349623053,-0.43597080805563593,-0.43597080805563593,-0.0,-0.0,-1,0,45.64383107295559,7.920000000000002,12.53643253508558
Нижегородская область,2025-11-01,23.88615987181197,-0.19410526130430839,-0.19410526130430839,-0.0,-0.0,1,1,45.55921606353773,7.620000000000005,12.43107895719687
Нижегородская область,2025-12-01,25.00070195266481,0.2813157398373711,0.2813157398373711,0.0,0.0,0,0,45.37685830896925,6.510000000000005,12.6858808134535
Новгородская область,2019-03-01,15.29096150567664,0.7128714995200838,0.0,0.0,0.0,0,0,55.26493725583287,5.629999999999995,14.18255525892896
Новгородская область,2019-04-01,15.0011987728461,0.6911493920479934,0.0,0.0,0.0,0,0,56.07955090835775,5.569999999999993,14.14298579018618
Новгородская область,2019-05-01,15.12643002772759,0.45783100689424217,0.0,0.0,0.0,1,0,57.20539807862893,5.459999999999994,14.06863044739417
Новгородская область,2019-06-01,15.27323047648962,0.5041451542673663,0.0,0.0,0.0,0,0,57.8853615512739,5.120000000000005,14.00071550934096
Новгородская область,2019-07-01,15.04802475088993,0.14629311794748645,0.0,0.0,0.0,0,1,58.48388879425232,4.390000000000001,13.82896203507658
Новгородская область,2019-08-01,14.98544597450276,0.061654111534494405,0.0,0.0,0.0,0,0,59.25229303263549,4.079999999999998,14.01945967167464
Новгородская область,2019-09-01,14.87704251277163,0.2864871600654304,0.0,0.0,0.0,0,0,59.74946564370431,4.060000000000002,14.08185004027379
Новгородская область,2019-10-01,14.70961312643636,0.199118629193201,0.0,0.0,0.0,0,0,60.32175078181729,3.719999999999999,14.26102281243855
Новгородская область,2019-11-01,14.97803631410273,-0.3451712223245451,-0.0,-0.0,-0.0,1,0,59.13391548380226,3.450000000000003,14.16167495993948
Новгородская область,2019-12-01,14.58316036271152,-0.11071296164861266,-0.0,-0.0,-0.0,0,0,59.86206267915015,3.049999999999997,14.17521131977422
Новгородская область,2020-01-01,14.36351255082894,0.4934187707708695,0.0,0.0,0.0,0,0,60.33909317392249,2.540000000000006,14.05139548401783
Новгородская область,2020-02-01,14.57449382363983,0.717717316165718,0.0,0.0,0.0,0,0,64.97180513018847,2.299999999999997,13.96015693167126
Новгородская область,2020-03-01,14.375406745188,0.5448138582658153,0.0,0.0,0.0,0,0,65.4716495087764,2.209999999999994,14.06489925711852
Новгородская область,2020-04-01,14.10035688491558,0.24910450663146122,0.0,0.0,0.0,0,-1,66.38268217407216,2.700000000000003,13.79641415928716
Новгородская область,2020-05-01,13.90803858648848,0.12930980432325967,0.0,0.0,0.0,-1,0,66.18530210564248,3.319999999999993,14.65615447426701
Новгородская область,2020-06-01,13.83283806772612,0.4216232562547013,0.0,0.0,0.0,0,0,66.44475407907443,3.299999999999997,14.65558868285204
Новгородская область,2020-07-01,13.87732484493298,-1.5016319110366503,-0.0,-0.0,-0.0,0,0,67.02105962323357,3.579999999999998,14.83855848737039
Новгородская область,2020-08-01,13.55110614699126,-0.8645661305373835,-0.0,-0.0,-0.0,0,0,67.98821687855411,4.079999999999998,14.73786616789826
Новгородская область,2020-09-01,13.44020049279411,-0.7937016241842549,-0.0,-0.0,-0.0,0,-1,68.98474414737711,4.010000000000005,14.60064527119077
Новгородская область,2020-10-01,13.55503084425287,-1.2364929674992595,-0.0,-0.0,-0.0,-1,0,69.8543966212916,4.010000000000005,14.81135508064019
Новгородская область,2020-11-01,13.20273592246806,-1.3589786818048175,-0.0,-0.0,-0.0,0,0,68.55674520386565,4.209999999999994,14.23356912098295
Новгородская область,2020-12-01,13.31828555472191,-1.7089361724181273,-0.0,-0.0,-0.0,0,0,68.60275671346604,4.719999999999999,14.34919862469996
Новгородская область,2021-01-01,13.12770716435837,3.0895976215913166,0.0,0.0,0.0,0,0,68.50977249295815,5.569999999999993,14.36527116238547
Новгородская область,2021-02-01,13.0090567583381,-0.05176615786507455,-0.0,-0.0,-0.0,0,0,69.2288284225973,5.439999999999998,14.2957843232655
Новгородская область,2021-03-01,12.91711515964998,-0.6104025253424652,-0.0,-0.0,-0.0,0,0,70.47803301174788,5.739999999999995,14.29638562602097
Новгородская область,2021-04-01,12.84538284314984,-0.5967440618905293,-0.0,-0.0,-0.0,0,0,70.64795917205097,5.590000000000003,14.33147933189104
Новгородская область,2021-05-01,12.77391209224644,-0.241937869195743,-0.0,-0.0,-0.0,0,1,68.6742960622286,5.349999999999994,14.47263426032554
Новгородская область,2021-06-01,12.93974255626907,-0.7676306960714552,-0.0,-0.0,-0.0,0,0,67.73176967686473,5.75,13.89446233452269
Новгородская область,2021-07-01,12.94342679965818,0.08560806359759354,0.0,0.0,0.0,0,0,67.77653131878368,6.069999999999993,14.25485423645715
Новгородская область,2021-08-01,13.49205529284132,0.3090771946763784,0.0,0.0,0.0,1,1,67.9817614357366,6.0,14.09844476354658
Новгородская область,2021-09-01,13.06298518053187,-0.6460537301930689,-0.0,-0.0,-0.0,0,0,67.91130680762426,6.310000000000002,14.02594528817692
Новгородская область,2021-10-01,13.00483164575043,-0.6175372517280238,-0.0,-0.0,-0.0,0,0,67.10248191958547,6.75,14.07457670149396
Новгородская область,2021-11-01,13.50703823307433,-0.12114037446266934,-0.0,-0.0,-0.0,1,0,66.56977336767737,7.560000000000002,14.03743525711663
Новгородская область,2021-12-01,13.57083690314562,-0.26721650241728057,-0.0,-0.0,-0.0,0,0,65.29381192027417,7.819999999999993,13.91909786634112
Новгородская область,2022-01-01,13.6039614699587,0.27464209751393653,0.0,0.0,0.0,0,0,63.87186761911283,7.420000000000002,13.89407643463877
Новгородская область,2022-02-01,14.0333722092512,-0.3501956198858558,-0.0,-0.0,-0.0,0,0,66.33514446270905,7.799999999999997,13.34398107717012
Новгородская область,2022-03-01,14.24950981852194,4.941478356719127,0.0,0.0,0.0,0,-1,66.33182944304569,8.060000000000002,13.70993596320528
Новгородская область,2022-04-01,19.40878216055781,1.4923126339086181,0.0,0.0,0.0,-1,-1,65.00234279209246,14.05,14.62884936812927
Новгородская область,2022-05-01,22.21014987461142,-1.244790623444267,-0.0,-0.0,-0.0,0,0,64.12043718392673,14.81999999999999,14.53734508910578
Новгородская область,2022-06-01,20.53476646734863,-3.118179668249544,-0.0,-0.0,-0.0,0,0,62.916830640215,14.7,14.69105348879297
Новгородская область,2022-07-01,19.43904554063426,-0.386746413724417,-0.0,-0.0,-0.0,0,0,62.09326019833128,14.61,15.26826580644259
Новгородская область,2022-08-01,16.97269301905637,-1.1110066252555733,-0.0,-0.0,-0.0,0,0,59.55741580598212,13.52,15.03130743370869
Новгородская область,2022-09-01,18.15703356513005,1.7547062341946287,0.0,0.0,0.0,0,0,59.30068471885248,13.03,15.05289062436358
Новгородская область,2022-10-01,20.01482725827329,1.2482715752793254,0.0,0.0,0.0,0,0,59.47037814761734,12.34,15.01998275968958
Новгородская область,2022-11-01,16.10725719671731,0.32653909912163215,0.0,0.0,0.0,0,0,59.45980937684791,11.47,14.92421575322691
Новгородская область,2022-12-01,17.50602770120839,0.14955653030453497,0.0,0.0,0.0,0,1,59.41025032216545,10.76000000000001,15.1967750024908
Новгородская область,2023-01-01,19.45227361892205,0.13967960707903515,0.0,0.0,0.0,0,0,59.06752720425722,11.12,14.92489839848571
Новгородская область,2023-02-01,17.11857108229867,-1.9472998218897306,-0.0,-0.0,-0.0,1,0,58.36212288557066,11.19,15.04718248414721
Новгородская область,2023-03-01,16.60787083660604,-0.4649545463768856,-0.0,-0.0,-0.0,0,0,58.31850259885585,10.75,14.90519420540702
Новгородская область,2023-04-01,16.43507455495869,-0.5507806832459252,-0.0,-0.0,-0.0,0,0,58.59100181493486,4.609999999999999,14.67541974827242
Новгородская область,2023-05-01,16.55512438922101,-0.46521849390664727,-0.0,-0.0,-0.0,0,0,58.33278246515945,3.439999999999998,14.56201191664523
Новгородская область,2023-06-01,16.78505560874345,-0.5347109788556779,-0.0,-0.0,-0.0,0,1,58.46611929172112,3.329999999999998,13.88584913518946
Новгородская область,2023-07-01,16.60863715813755,-0.5497632155639387,-0.0,-0.0,-0.0,0,1,58.67134920642785,3.390000000000001,13.9340938715839
Новгородская область,2023-08-01,16.61704763047783,0.2078297309388475,0.0,0.0,0.0,1,0,59.16897509097856,4.310000000000002,13.65834710811822
Новгородская область,2023-09-01,16.53973262048616,2.7050587479091437,0.0,0.0,0.0,0,1,60.26954188199375,4.900000000000006,13.53859860493005
Новгородская область,2023-10-01,18.80289654366306,0.8633696772512707,0.0,0.0,0.0,1,0,60.9517967336413,5.790000000000006,13.44473339227813
Новгородская область,2023-11-01,19.31826532142295,1.714265038508227,0.0,0.0,0.0,1,0,61.44326921407083,6.25,13.19479559428069
Новгородская область,2023-12-01,20.69737902179856,-1.5282051620880424,-0.0,-0.0,-0.0,0,1,61.53298710822123,7.079999999999998,13.23867090229593
Новгородская область,2024-01-01,21.44365063744254,0.6818813931607863,0.0,0.0,0.0,0,0,60.7159710122373,6.909999999999997,13.25492636186276
Новгородская область,2024-02-01,23.04498301012834,-1.5559611222700127,-0.0,-0.0,-0.0,1,0,60.54519000267577,6.629999999999995,13.3024766906911
Новгородская область,2024-03-01,24.1740130323584,-0.03662363343873665,-0.0,-0.0,-0.0,0,0,60.07075482135387,7.030000000000001,13.17438366871727
Новгородская область,2024-04-01,23.26851275340933,-0.07535756412256944,-0.0,-0.0,-0.0,0,0,60.23058168874859,6.810000000000002,13.10052455763442
Новгородская область,2024-05-01,22.98713814125877,-1.8174537430626252,-0.0,-0.0,-0.0,0,1,59.73819459403645,7.140000000000001,13.09725206491579
Новгородская область,2024-06-01,23.51044451546172,-0.4392507252018447,-0.0,-0.0,-0.0,0,1,59.95248296046884,7.400000000000006,12.66404609375034
Новгородская область,2024-07-01,24.37257457208898,-0.5869739684411108,-0.0,-0.0,-0.0,0,1,60.54447098562093,7.189999999999998,12.74722040825296
Новгородская область,2024-08-01,24.62972724584913,1.4105522767729113,0.0,0.0,0.0,1,0,60.44969739774049,8.129999999999995,11.79854151550651
Новгородская область,2024-09-01,24.89797726697241,-1.9115218364399809,-0.0,-0.0,-0.0,0,1,60.26793498303926,7.780000000000001,11.77395841381299
Новгородская область,2024-10-01,26.4483559314051,0.667769408390896,0.0,0.0,0.0,1,0,59.9164571035518,8.099999999999994,11.79009479819203
Новгородская область,2024-11-01,27.22169886955095,2.039278586154861,0.0,0.0,0.0,1,0,59.37254021422663,7.849999999999994,11.59687188273996
Новгородская область,2024-12-01,27.76178183034277,0.34090421830265427,0.0,0.0,0.0,1,-1,56.06249321704417,8.319999999999993,11.75809995616215
Новгородская область,2025-01-01,29.61630476077185,0.24822008087726388,0.0,0.0,0.0,-1,0,53.9236909243347,9.200000000000003,12.44490987016144
Новгородская область,2025-02-01,30.25366031690063,0.31653560056003016,0.0,0.0,0.0,0,-1,52.46203163539664,9.459999999999994,12.47530896802732
Новгородская область,2025-03-01,30.92287181200638,0.41369500741819465,0.0,0.0,0.0,-1,0,51.49536189391263,9.769999999999996,12.76023609211106
Новгородская область,2025-04-01,31.91385905516487,0.5812476727093596,0.0,0.0,0.0,1,0,50.77014823619592,10.26000000000001,13.05058404967996
Новгородская область,2025-05-01,29.39532923834338,0.3820181297639742,0.0,0.0,0.0,0,1,50.86207996566066,10.2,12.97048593138684
Новгородская область,2025-06-01,28.81689129245384,0.6128194128495359,0.0,0.0,0.0,0,0,50.33434716472749,10.45999999999999,13.00706209669625
Новгородская область,2025-07-01,28.59677714625895,-0.2977272507310609,-0.0,-0.0,-0.0,0,0,49.70425484142645,10.7,13.48885250799566
Новгородская область,2025-08-01,26.44918850043711,-1.399483474742535,-0.0,-0.0,-0.0,1,0,48.82556983641685,9.420000000000002,12.58530414192828
Новгородская область,2025-09-01,25.42545377156654,0.2588989388809786,0.0,0.0,0.0,0,0,48.85113565452952,9.469999999999999,12.6203499122804
Новгородская область,2025-10-01,24.18087306763421,-0.43597080805563593,-0.0,-0.0,-0.0,-1,0,48.79738466005674,9.019999999999996,12.66741528255887
Новгородская область,2025-11-01,24.61729221081286,-0.19410526130430839,-0.0,-0.0,-0.0,1,1,48.68677238292739,9.159999999999997,12.51500818396057
Новгородская область,2025-12-01,25.1597269111859,0.2813157398373711,0.0,0.0,0.0,0,0,48.60110091284069,8.349999999999994,12.79056014241791
Новосибирская область,2019-03-01,14.91846132215249,0.7128714995200838,0.7128714995200838,0.0,0.0,0,0,54.09414955308017,4.920000000000002,13.59985088318907
Новосибирская область,2019-04-01,14.69360101509057,0.6911493920479934,0.6911493920479934,0.0,0.0,0,0,55.34576117209404,5.430000000000007,13.53563284657269
Новосибирская область,2019-05-01,14.71282764050625,0.45783100689424217,0.45783100689424217,0.0,0.0,1,0,57.07603957372014,5.180000000000007,13.40897975791928
Новосибирская область,2019-06-01,14.88339227097363,0.5041451542673663,0.5041451542673663,0.0,0.0,0,0,58.78371391678296,4.599999999999994,13.31508491315208
Новосибирская область,2019-07-01,14.7735344975433,0.14629311794748645,0.14629311794748645,0.0,0.0,0,1,59.9609269923787,4.459999999999994,13.09157250818123
Новосибирская область,2019-08-01,14.71480614764957,0.061654111534494405,0.061654111534494405,0.0,0.0,0,0,60.77136111726126,4.599999999999994,13.2679765312789
Новосибирская область,2019-09-01,14.51636781895435,0.2864871600654304,0.2864871600654304,0.0,0.0,0,0,62.40809243012926,4.310000000000002,13.44796848846714
Новосибирская область,2019-10-01,14.32975543184254,0.199118629193201,0.199118629193201,0.0,0.0,0,0,63.88265998681898,3.849999999999994,13.55903392689201
Новосибирская область,2019-11-01,14.55202907823827,-0.3451712223245451,-0.3451712223245451,-0.0,-0.0,1,0,63.22642837823177,3.980000000000004,13.47074091904703
Новосибирская область,2019-12-01,14.23033040387724,-0.11071296164861266,-0.11071296164861266,-0.0,-0.0,0,0,64.72897086659152,3.640000000000001,13.44343508228132
Новосибирская область,2020-01-01,13.77240191943106,0.4934187707708695,0.4934187707708695,0.0,0.0,0,0,65.74430613611234,2.930000000000007,13.36936344162543
Новосибирская область,2020-02-01,14.05116176300595,0.717717316165718,0.717717316165718,0.0,0.0,0,0,67.65029381211735,2.359999999999999,13.48834601834407
Новосибирская область,2020-03-01,14.05114243201841,0.5448138582658153,0.5448138582658153,0.0,0.0,0,0,67.94391940899543,1.959999999999994,13.63206632210709
Новосибирская область,2020-04-01,13.40468714308086,0.24910450663146122,0.24910450663146122,0.0,0.0,0,-1,68.61758337207084,2.329999999999998,13.45706536098574
Новосибирская область,2020-05-01,13.60247782465007,0.12930980432325967,0.12930980432325967,0.0,0.0,-1,0,68.39164116244257,3.189999999999998,14.07151840470554
Новосибирская область,2020-06-01,13.78571137383627,0.4216232562547013,0.4216232562547013,0.0,0.0,0,0,68.5218214526079,3.189999999999998,13.99749987278979
Новосибирская область,2020-07-01,13.55276370854042,-1.5016319110366503,-1.5016319110366503,-0.0,-0.0,0,0,68.83522883058599,3.439999999999998,14.12620409405124
Новосибирская область,2020-08-01,13.07421747505437,-0.8645661305373835,-0.8645661305373835,-0.0,-0.0,0,0,71.0508017686581,3.219999999999999,14.08451687816556
Новосибирская область,2020-09-01,13.04717487191169,-0.7937016241842549,-0.7937016241842549,-0.0,-0.0,0,-1,72.11294081614795,3.439999999999998,14.03479219744668
Новосибирская область,2020-10-01,12.93748875874467,-1.2364929674992595,-1.2364929674992595,-0.0,-0.0,-1,0,73.07789980847896,3.700000000000003,14.16312773700411
Новосибирская область,2020-11-01,12.43055934347493,-1.3589786818048175,-1.3589786818048175,-0.0,-0.0,0,0,73.54298031306621,3.900000000000006,13.69159643708323
Новосибирская область,2020-12-01,12.52000735861169,-1.7089361724181273,-1.7089361724181273,-0.0,-0.0,0,0,73.03990076946809,4.650000000000006,13.78795616063182
Новосибирская область,2021-01-01,12.38268918274059,3.0895976215913166,3.0895976215913166,0.0,0.0,0,0,73.01405639493562,4.379999999999995,13.7864482320536
Новосибирская область,2021-02-01,12.40087808535109,-0.05176615786507455,-0.05176615786507455,-0.0,-0.0,0,0,71.49213867799308,4.5,13.78630704223908
Новосибирская область,2021-03-01,12.27649023422484,-0.6104025253424652,-0.6104025253424652,-0.0,-0.0,0,0,72.30363358376147,5.140000000000001,13.78585885565572
Новосибирская область,2021-04-01,12.21682115551804,-0.5967440618905293,-0.5967440618905293,-0.0,-0.0,0,0,73.61114263216064,4.859999999999999,13.83821304906571
Новосибирская область,2021-05-01,12.18114769836842,-0.241937869195743,-0.241937869195743,-0.0,-0.0,0,1,74.10433520318928,4.939999999999998,13.82404996941444
Новосибирская область,2021-06-01,12.39600534805565,-0.7676306960714552,-0.7676306960714552,-0.0,-0.0,0,0,75.08846505265736,5.379999999999995,13.44938994698672
Новосибирская область,2021-07-01,12.45911093256238,0.08560806359759354,0.08560806359759354,0.0,0.0,0,0,76.14122540551998,6.109999999999999,13.82289144597418
Новосибирская область,2021-08-01,12.88874868107384,0.3090771946763784,0.3090771946763784,0.0,0.0,1,1,75.29146753840521,6.280000000000001,13.73705426026207
Новосибирская область,2021-09-01,12.62440202807144,-0.6460537301930689,-0.6460537301930689,-0.0,-0.0,0,0,76.01265416849868,6.819999999999993,13.64128525699176
Новосибирская область,2021-10-01,12.52520964870853,-0.6175372517280238,-0.6175372517280238,-0.0,-0.0,0,0,76.51602452526976,7.439999999999998,13.633261996108
Новосибирская область,2021-11-01,13.0899673921642,-0.12114037446266934,-0.12114037446266934,-0.0,-0.0,1,0,79.17381850460265,8.219999999999999,13.61089412113385
Новосибирская область,2021-12-01,13.14717685180007,-0.26721650241728057,-0.26721650241728057,-0.0,-0.0,0,0,78.5451130210416,7.939999999999998,13.46023548222167
Новосибирская область,2022-01-01,13.2738880117955,0.27464209751393653,0.27464209751393653,0.0,0.0,0,0,78.3898766119049,9.209999999999994,13.40430536126315
Новосибирская область,2022-02-01,13.56125552588681,-0.3501956198858558,-0.3501956198858558,-0.0,-0.0,0,0,80.9065208448782,10.5,12.90092901636263
Новосибирская область,2022-03-01,13.64649904333052,4.941478356719127,4.941478356719127,0.0,0.0,0,-1,81.77353961406135,10.78,13.4128703433885
Новосибирская область,2022-04-01,20.48693211706208,1.4923126339086181,1.4923126339086181,0.0,0.0,-1,-1,81.02023358693256,18.27,14.2386040044889
Новосибирская область,2022-05-01,20.56411142565332,-1.244790623444267,-1.244790623444267,-0.0,-0.0,0,0,78.77521360156875,18.93000000000001,13.90341196931644
Новосибирская область,2022-06-01,19.34809479821536,-3.118179668249544,-3.118179668249544,-0.0,-0.0,0,0,77.75749141376065,17.93000000000001,13.99118308234869
Новосибирская область,2022-07-01,17.693243478144,-0.386746413724417,-0.386746413724417,-0.0,-0.0,0,0,77.19721228127024,15.81999999999999,14.57817137562322
Новосибирская область,2022-08-01,15.70563662982037,-1.1110066252555733,-1.1110066252555733,-0.0,-0.0,0,0,77.61419377937403,14.98999999999999,14.38840403259402
Новосибирская область,2022-09-01,15.56528031241799,1.7547062341946287,1.7547062341946287,0.0,0.0,0,0,77.93191641495503,13.40000000000001,14.46201011161998
Новосибирская область,2022-10-01,15.5663498120365,1.2482715752793254,1.2482715752793254,0.0,0.0,0,0,78.53991869717932,12.97,14.4521359365292
Новосибирская область,2022-11-01,15.38015425256951,0.32653909912163215,0.32653909912163215,0.0,0.0,0,0,77.05634188302422,11.56999999999999,14.37289308110662
Новосибирская область,2022-12-01,15.29583890008697,0.14955653030453497,0.14955653030453497,0.0,0.0,0,1,77.34319808001445,10.79000000000001,14.56892514771777
Новосибирская область,2023-01-01,15.58728243297077,0.13967960707903515,0.13967960707903515,0.0,0.0,0,0,77.86656292068416,10.40000000000001,14.33533164948799
Новосибирская область,2023-02-01,15.71474598877115,-1.9472998218897306,-1.9472998218897306,-0.0,-0.0,1,0,78.70154988383985,9.89,14.52505522113199
Новосибирская область,2023-03-01,15.35866812009687,-0.4649545463768856,-0.4649545463768856,-0.0,-0.0,0,0,78.48354218208283,8.819999999999993,14.38325496066291
Новосибирская область,2023-04-01,15.22759420324344,-0.5507806832459252,-0.5507806832459252,-0.0,-0.0,0,0,79.13839658693149,1.909999999999997,14.11043020379281
Новосибирская область,2023-05-01,15.28147010360968,-0.46521849390664727,-0.46521849390664727,-0.0,-0.0,0,0,81.46344769585718,0.6899999999999977,13.9695163724314
Новосибирская область,2023-06-01,15.3307317864971,-0.5347109788556779,-0.5347109788556779,-0.0,-0.0,0,1,81.94023410321564,0.5900000000000034,13.4806461760746
Новосибирская область,2023-07-01,15.11576889375548,-0.5497632155639387,-0.5497632155639387,-0.0,-0.0,0,1,82.47294824193754,1.569999999999993,13.44633498085596
Новосибирская область,2023-08-01,15.11768459547546,0.2078297309388475,0.2078297309388475,0.0,0.0,1,0,80.56482419734276,3.019999999999996,13.22097604656038
Новосибирская область,2023-09-01,16.14235283076323,2.7050587479091437,2.7050587479091437,0.0,0.0,0,1,82.22399074816428,4.5,13.18361350276649
Новосибирская область,2023-10-01,18.06019522742589,0.8633696772512707,0.8633696772512707,0.0,0.0,1,0,83.66472212156228,6.170000000000002,13.05463102782712
Новосибирская область,2023-11-01,18.97329644017724,1.714265038508227,1.714265038508227,0.0,0.0,1,0,83.85865256136074,6.5,12.84075151675361
Новосибирская область,2023-12-01,17.88990699734793,-1.5282051620880424,-1.5282051620880424,-0.0,-0.0,0,1,83.29881929784808,8.150000000000006,12.93343467542925
Новосибирская область,2024-01-01,20.92782291619321,0.6818813931607863,0.6818813931607863,0.0,0.0,0,0,81.92901742723816,8.060000000000002,12.91065010210274
Новосибирская область,2024-02-01,22.39941143670731,-1.5559611222700127,-1.5559611222700127,-0.0,-0.0,1,0,84.34289502378667,7.950000000000003,13.03470177446388
Новосибирская область,2024-03-01,24.03551039458961,-0.03662363343873665,-0.03662363343873665,-0.0,-0.0,0,0,83.58487725421425,8.260000000000005,12.91458036742024
Новосибирская область,2024-04-01,23.17621739379586,-0.07535756412256944,-0.07535756412256944,-0.0,-0.0,0,0,83.56328165364243,8.219999999999999,12.76707521845709
Новосибирская область,2024-05-01,22.87640671258889,-1.8174537430626252,-1.8174537430626252,-0.0,-0.0,0,1,81.67943382826617,8.620000000000005,12.70142713645545
Новосибирская область,2024-06-01,22.44370378742042,-0.4392507252018447,-0.4392507252018447,-0.0,-0.0,0,1,81.63651046294989,9.200000000000003,12.30838363899254
Новосибирская область,2024-07-01,23.96382574829375,-0.5869739684411108,-0.5869739684411108,-0.0,-0.0,0,1,82.29914574684828,9.670000000000002,12.33760684499073
Новосибирская область,2024-08-01,23.59824413943908,1.4105522767729113,1.4105522767729113,0.0,0.0,1,0,79.1013125931771,9.930000000000007,11.52440474355897
Новосибирская область,2024-09-01,25.0306519243063,-1.9115218364399809,-1.9115218364399809,-0.0,-0.0,0,1,78.50731311837681,9.560000000000002,11.52834930016743
Новосибирская область,2024-10-01,25.20642470804,0.667769408390896,0.667769408390896,0.0,0.0,1,0,77.29546553089143,8.349999999999994,11.54270163959343
Новосибирская область,2024-11-01,27.52774701591881,2.039278586154861,2.039278586154861,0.0,0.0,1,0,76.92173060839593,9.129999999999995,11.41003013728381
Новосибирская область,2024-12-01,28.91183403282363,0.34090421830265427,0.34090421830265427,0.0,0.0,1,-1,74.20563421638953,9.170000000000002,11.52017616068918
Новосибирская область,2025-01-01,29.92027531054113,0.24822008087726388,0.24822008087726388,0.0,0.0,-1,0,71.93278376372845,9.900000000000006,12.02176979626388
Новосибирская область,2025-02-01,30.39797876661508,0.31653560056003016,0.31653560056003016,0.0,0.0,0,-1,73.00034559122129,10.56999999999999,12.06582612881093
Новосибирская область,2025-03-01,31.89793264881828,0.41369500741819465,0.41369500741819465,0.0,0.0,-1,0,71.89207557256285,11.11,12.32314755620546
Новосибирская область,2025-04-01,32.21765784973971,0.5812476727093596,0.5812476727093596,0.0,0.0,1,0,71.09538430354819,11.26000000000001,12.59434494275533
Новосибирская область,2025-05-01,30.45099032266088,0.3820181297639742,0.3820181297639742,0.0,0.0,0,1,67.63427432345794,10.88,12.49161355955235
Новосибирская область,2025-06-01,29.30794881308756,0.6128194128495359,0.6128194128495359,0.0,0.0,0,0,66.99255784270157,10.98999999999999,12.6235964568909
Новосибирская область,2025-07-01,28.45125999795015,-0.2977272507310609,-0.2977272507310609,-0.0,-0.0,0,0,65.97088382436542,11.0,13.15074516047414
Новосибирская область,2025-08-01,28.25190886509869,-1.399483474742535,-1.399483474742535,-0.0,-0.0,1,0,64.98126098929484,9.680000000000007,12.27870438749051
Новосибирская область,2025-09-01,27.85331712123588,0.2588989388809786,0.2588989388809786,0.0,0.0,0,0,64.9626985109116,9.379999999999995,12.3322619467736
Новосибирская область,2025-10-01,25.64174828922367,-0.43597080805563593,-0.43597080805563593,-0.0,-0.0,-1,0,64.59945479807459,8.829999999999998,12.34705124988767
Новосибирская область,2025-11-01,25.98784555497443,-0.19410526130430839,-0.19410526130430839,-0.0,-0.0,1,1,64.35618423657522,8.409999999999997,12.26142903542802
Новосибирская область,2025-12-01,27.50035983536917,0.2813157398373711,0.2813157398373711,0.0,0.0,0,0,63.79897841564765,7.310000000000002,12.48384285759226
Омская область,2019-03-01,15.23031620340641,0.7128714995200838,0.0,0.0,0.0,0,0,45.34718091511429,5.450000000000003,13.6081307610041
Омская область,2019-04-01,15.21288539521181,0.6911493920479934,0.0,0.0,0.0,0,0,46.2070452129714,5.700000000000003,13.63591142357554
Омская область,2019-05-01,15.25634699800712,0.45783100689424217,0.0,0.0,0.0,1,0,47.59725152576538,5.659999999999997,13.52777667082473
Омская область,2019-06-01,15.45688522372815,0.5041451542673663,0.0,0.0,0.0,0,0,48.55764197835934,5.280000000000001,13.46986814019463
Омская область,2019-07-01,15.28942353221272,0.14629311794748645,0.0,0.0,0.0,0,1,49.44326727940219,5.319999999999993,13.25613441317576
Омская область,2019-08-01,15.29880573239585,0.061654111534494405,0.0,0.0,0.0,0,0,50.12091921682854,4.959999999999994,13.47501779074702
Омская область,2019-09-01,15.09222821372661,0.2864871600654304,0.0,0.0,0.0,0,0,51.43412613647494,4.489999999999995,13.52815938235023
Омская область,2019-10-01,14.82504607516653,0.199118629193201,0.0,0.0,0.0,0,0,52.62279566064657,4.459999999999994,13.65305719172146
Омская область,2019-11-01,15.06634349939184,-0.3451712223245451,-0.0,-0.0,-0.0,1,0,53.65292749502645,4.239999999999995,13.53981866794078
Омская область,2019-12-01,14.7457062099314,-0.11071296164861266,-0.0,-0.0,-0.0,0,0,54.57079993613192,3.790000000000006,13.54953079801558
Омская область,2020-01-01,14.50308178457937,0.4934187707708695,0.0,0.0,0.0,0,0,55.39784964765303,3.549999999999997,13.45930075941215
Омская область,2020-02-01,14.44964088120047,0.717717316165718,0.0,0.0,0.0,0,0,55.588206745807,2.390000000000001,13.51287631201976
Омская область,2020-03-01,14.49115096472681,0.5448138582658153,0.0,0.0,0.0,0,0,55.85230588520243,2.420000000000002,13.66631889238213
Омская область,2020-04-01,13.96594517216926,0.24910450663146122,0.0,0.0,0.0,0,-1,56.46919911867007,2.25,13.35355073870647
Омская область,2020-05-01,14.25524770222292,0.12930980432325967,0.0,0.0,0.0,-1,0,54.64173034625601,2.829999999999998,14.08605533788223
Омская область,2020-06-01,14.19980754211631,0.4216232562547013,0.0,0.0,0.0,0,0,54.69852175950306,2.640000000000001,14.06094576744762
Омская область,2020-07-01,13.97999850827828,-1.5016319110366503,-0.0,-0.0,-0.0,0,0,55.12298249047276,2.75,14.22920688720479
Омская область,2020-08-01,13.62285723027621,-0.8645661305373835,-0.0,-0.0,-0.0,0,0,55.56094883317482,2.709999999999994,14.19661321329965
Омская область,2020-09-01,13.50575656112582,-0.7937016241842549,-0.0,-0.0,-0.0,0,-1,56.53911598987889,3.060000000000002,14.12949889388042
Омская область,2020-10-01,13.39675358235473,-1.2364929674992595,-0.0,-0.0,-0.0,-1,0,57.36047473899614,3.349999999999994,14.29576235721445
Омская область,2020-11-01,12.97242416928183,-1.3589786818048175,-0.0,-0.0,-0.0,0,0,58.56713833312712,3.859999999999999,13.7397675261614
Омская область,2020-12-01,13.1482016510587,-1.7089361724181273,-0.0,-0.0,-0.0,0,0,58.54701060698685,4.609999999999999,13.90004387895067
Омская область,2021-01-01,12.90350188359768,3.0895976215913166,0.0,0.0,0.0,0,0,58.19359360173458,4.859999999999999,13.93227336430605
Омская область,2021-02-01,12.87604830679023,-0.05176615786507455,-0.0,-0.0,-0.0,0,0,59.8964445552299,5.480000000000004,13.93997973733546
Омская область,2021-03-01,12.75586163738589,-0.6104025253424652,-0.0,-0.0,-0.0,0,0,60.29656154495859,5.840000000000003,13.93636680593165
Омская область,2021-04-01,12.74127991941834,-0.5967440618905293,-0.0,-0.0,-0.0,0,0,61.21783469411653,6.069999999999993,13.99397000559613
Омская область,2021-05-01,12.65794171610209,-0.241937869195743,-0.0,-0.0,-0.0,0,1,62.6728957496113,6.340000000000003,14.04987498670727
Омская область,2021-06-01,12.76751706274511,-0.7676306960714552,-0.0,-0.0,-0.0,0,0,63.24485466277434,6.569999999999993,13.54726390835945
Омская область,2021-07-01,12.84425600138195,0.08560806359759354,0.0,0.0,0.0,0,0,64.18912640678003,7.359999999999999,13.95535652700825
Омская область,2021-08-01,13.2657108788299,0.3090771946763784,0.0,0.0,0.0,1,1,64.16372929985835,7.510000000000005,13.83632892828592
Омская область,2021-09-01,12.98600444123665,-0.6460537301930689,-0.0,-0.0,-0.0,0,0,65.25780619406515,7.799999999999997,13.70795109630615
Омская область,2021-10-01,12.99121188720191,-0.6175372517280238,-0.0,-0.0,-0.0,0,0,66.06011420588122,8.760000000000005,13.74583432722527
Омская область,2021-11-01,13.48162396937399,-0.12114037446266934,-0.0,-0.0,-0.0,1,0,65.45836448109469,9.209999999999994,13.68710051286567
Омская область,2021-12-01,13.44754333099789,-0.26721650241728057,-0.0,-0.0,-0.0,0,0,64.78180751243498,9.870000000000005,13.52435740221689
Омская область,2022-01-01,13.92079265851828,0.27464209751393653,0.0,0.0,0.0,0,0,65.2107624946249,9.379999999999995,13.47827542770589
Омская область,2022-02-01,14.08138382315976,-0.3501956198858558,-0.0,-0.0,-0.0,0,0,67.24086119878679,10.61,12.94605615443296
Омская область,2022-03-01,14.19366208341707,4.941478356719127,0.0,0.0,0.0,0,-1,67.83146381429687,10.93000000000001,13.4036301258995
Омская область,2022-04-01,19.76782373900525,1.4923126339086181,0.0,0.0,0.0,-1,-1,67.04115712040806,18.77,14.23320220541586
Омская область,2022-05-01,21.51985749544718,-1.244790623444267,-0.0,-0.0,-0.0,0,0,66.1243645308288,18.62,14.00957630030642
Омская область,2022-06-01,20.43960001203666,-3.118179668249544,-0.0,-0.0,-0.0,0,0,65.32476098193607,18.28,14.09140214699146
Омская область,2022-07-01,18.90975811501885,-0.386746413724417,-0.0,-0.0,-0.0,0,0,64.79457844819484,16.31,14.74336284650456
Омская область,2022-08-01,16.70907306022229,-1.1110066252555733,-0.0,-0.0,-0.0,0,0,65.8977005465739,15.56,14.50408053130832
Омская область,2022-09-01,16.58080705344853,1.7547062341946287,0.0,0.0,0.0,0,0,65.70139862575968,13.86,14.56335845278422
Омская область,2022-10-01,16.78530473494655,1.2482715752793254,0.0,0.0,0.0,0,0,65.93014256739421,13.0,14.57856229310035
Омская область,2022-11-01,15.82019759270332,0.32653909912163215,0.0,0.0,0.0,0,0,65.48754413006257,12.05,14.46813185666172
Омская область,2022-12-01,16.26722704186541,0.14955653030453497,0.0,0.0,0.0,0,1,65.23156802646307,10.64,14.64772654820684
Омская область,2023-01-01,17.52711272082341,0.13967960707903515,0.0,0.0,0.0,0,0,64.60125141357771,10.94,14.40306769075901
Омская область,2023-02-01,16.40368142388589,-1.9472998218897306,-0.0,-0.0,-0.0,1,0,65.15074338745535,10.12,14.56725144496106
Омская область,2023-03-01,16.14118524197675,-0.4649545463768856,-0.0,-0.0,-0.0,0,0,64.85591583276573,8.810000000000002,14.4264614324
Омская область,2023-04-01,16.07251843835112,-0.5507806832459252,-0.0,-0.0,-0.0,0,0,65.47329297598125,1.680000000000007,14.20948781118521
Омская область,2023-05-01,15.97211074574693,-0.46521849390664727,-0.0,-0.0,-0.0,0,0,66.31131490034952,0.9000000000000057,14.0741926785644
Омская область,2023-06-01,16.06420431632491,-0.5347109788556779,-0.0,-0.0,-0.0,0,1,66.62334864059105,1.25,13.53383282885136
Омская область,2023-07-01,15.9519111323808,-0.5497632155639387,-0.0,-0.0,-0.0,0,1,67.26418659137777,1.950000000000003,13.52218208097566
Омская область,2023-08-01,15.6360380346193,0.2078297309388475,0.0,0.0,0.0,1,0,68.14711335134716,3.409999999999997,13.25806361595953
Омская область,2023-09-01,16.71460974721013,2.7050587479091437,0.0,0.0,0.0,0,1,69.73870754958298,4.379999999999995,13.15629512451937
Омская область,2023-10-01,18.69964391346013,0.8633696772512707,0.0,0.0,0.0,1,0,70.79388587894917,5.049999999999997,13.0464552788433
Омская область,2023-11-01,19.37745079674895,1.714265038508227,0.0,0.0,0.0,1,0,71.40432558523388,6.420000000000002,12.84756485824458
Омская область,2023-12-01,20.0974988804833,-1.5282051620880424,-0.0,-0.0,-0.0,0,1,71.25017667709388,7.310000000000002,12.93051076152534
Омская область,2024-01-01,21.19078765134648,0.6818813931607863,0.0,0.0,0.0,0,0,69.80991191972097,7.230000000000004,12.95516245904119
Омская область,2024-02-01,23.07759985129992,-1.5559611222700127,-0.0,-0.0,-0.0,1,0,70.17500709135136,7.349999999999994,13.05491802286768
Омская область,2024-03-01,24.68234743680886,-0.03662363343873665,-0.0,-0.0,-0.0,0,0,69.73014978740952,8.349999999999994,12.94281156324848
Омская область,2024-04-01,23.39566664199273,-0.07535756412256944,-0.0,-0.0,-0.0,0,0,69.91391927050347,7.659999999999997,12.82450020941495
Омская область,2024-05-01,22.82559211006449,-1.8174537430626252,-0.0,-0.0,-0.0,0,1,69.81748545904614,7.640000000000001,12.79050202922522
Омская область,2024-06-01,23.27526864584642,-0.4392507252018447,-0.0,-0.0,-0.0,0,1,70.00378426123987,7.900000000000006,12.38454157320148
Омская область,2024-07-01,24.06644525149357,-0.5869739684411108,-0.0,-0.0,-0.0,0,1,70.82890973267885,8.64,12.50192809282611
Омская область,2024-08-01,24.56081235792163,1.4105522767729113,0.0,0.0,0.0,1,0,69.55725415851154,9.400000000000006,11.62931962124827
Омская область,2024-09-01,26.23029238954146,-1.9115218364399809,-0.0,-0.0,-0.0,0,1,69.61170071891789,9.370000000000005,11.61160543087886
Омская область,2024-10-01,26.54623242730533,0.667769408390896,0.0,0.0,0.0,1,0,68.73792171493582,8.969999999999999,11.60449837506521
Омская область,2024-11-01,26.95860470036541,2.039278586154861,0.0,0.0,0.0,1,0,68.71623421538963,8.900000000000006,11.46186505205257
Омская область,2024-12-01,28.31388059457784,0.34090421830265427,0.0,0.0,0.0,1,-1,64.95571138797766,9.400000000000006,11.60122178886425
Омская область,2025-01-01,30.83202763147085,0.24822008087726388,0.0,0.0,0.0,-1,0,63.02907301541073,9.780000000000001,12.12479914420768
Омская область,2025-02-01,31.55149183228122,0.31653560056003016,0.0,0.0,0.0,0,-1,61.3779571239462,10.72,12.15323239078064
Омская область,2025-03-01,31.98678989431582,0.41369500741819465,0.0,0.0,0.0,-1,0,60.55322719204559,10.63,12.44175286625548
Омская область,2025-04-01,32.99483527658802,0.5812476727093596,0.0,0.0,0.0,1,0,59.82157736900432,11.56,12.71837342961135
Омская область,2025-05-01,30.40401545782211,0.3820181297639742,0.0,0.0,0.0,0,1,58.42690458274591,11.59,12.62750206181134
Омская область,2025-06-01,30.25385662570972,0.6128194128495359,0.0,0.0,0.0,0,0,57.83637222638652,11.15000000000001,12.75633532702601
Омская область,2025-07-01,29.90250236609123,-0.2977272507310609,-0.0,-0.0,-0.0,0,0,56.87452058076224,10.63,13.26406412166741
Омская область,2025-08-01,28.88795852415429,-1.399483474742535,-0.0,-0.0,-0.0,1,0,56.07044234276727,8.840000000000003,12.43336245537804
Омская область,2025-09-01,27.81122185599411,0.2588989388809786,0.0,0.0,0.0,0,0,56.09167773701845,7.829999999999998,12.46260291579486
Омская область,2025-10-01,26.09797292840617,-0.43597080805563593,-0.0,-0.0,-0.0,-1,0,55.73428733266906,7.310000000000002,12.39688013791588
Омская область,2025-11-01,26.62964965938066,-0.19410526130430839,-0.0,-0.0,-0.0,1,1,55.49831310051626,6.439999999999998,12.31884583184944
Омская область,2025-12-01,27.45508997656725,0.2813157398373711,0.0,0.0,0.0,0,0,55.24662487263055,5.680000000000007,12.55266306918587
Оренбургская область,2019-03-01,15.27045022345471,0.7128714995200838,0.0,0.0,0.0,0,0,67.01655971777008,4.959999999999994,14.01540042987149
Оренбургская область,2019-04-01,15.19453981313892,0.6911493920479934,0.0,0.0,0.0,0,0,67.59718753120359,5.099999999999994,14.03967820408458
Оренбургская область,2019-05-01,15.03953207754463,0.45783100689424217,0.0,0.0,0.0,1,0,68.79126530780555,5.120000000000005,13.89045059984668
Оренбургская область,2019-06-01,15.13338235022335,0.5041451542673663,0.0,0.0,0.0,0,0,69.33192699418854,5.049999999999997,13.81378491822379
Оренбургская область,2019-07-01,14.96973979344528,0.14629311794748645,0.0,0.0,0.0,0,1,69.61592876037942,4.519999999999996,13.57752334769094
Оренбургская область,2019-08-01,14.92183494405168,0.061654111534494405,0.0,0.0,0.0,0,0,70.67815316445144,4.219999999999999,13.78368293199747
Оренбургская область,2019-09-01,14.74452977922252,0.2864871600654304,0.0,0.0,0.0,0,0,71.43286078573345,4.159999999999997,13.8559799524366
Оренбургская область,2019-10-01,14.44102591137756,0.199118629193201,0.0,0.0,0.0,0,0,72.09047605798285,3.769999999999996,13.98403419640716
Оренбургская область,2019-11-01,14.76803678515542,-0.3451712223245451,-0.0,-0.0,-0.0,1,0,69.97827642543189,3.469999999999999,13.85280628090038
Оренбургская область,2019-12-01,14.32693891328707,-0.11071296164861266,-0.0,-0.0,-0.0,0,0,70.46012730820529,3.180000000000007,13.86707737759736
Оренбургская область,2020-01-01,14.12924023699215,0.4934187707708695,0.0,0.0,0.0,0,0,70.8736915725799,2.420000000000002,13.77679252249608
Оренбургская область,2020-02-01,14.37066333498164,0.717717316165718,0.0,0.0,0.0,0,0,74.1777450947775,1.780000000000001,13.82790485443475
Оренбургская область,2020-03-01,14.23221195466078,0.5448138582658153,0.0,0.0,0.0,0,0,74.2747119096374,1.640000000000001,13.94397400579105
Оренбургская область,2020-04-01,13.71469997593771,0.24910450663146122,0.0,0.0,0.0,0,-1,74.81967800533643,1.819999999999993,13.64659811820403
Оренбургская область,2020-05-01,14.07277295529059,0.12930980432325967,0.0,0.0,0.0,-1,0,72.986109360789,2.439999999999998,14.38467347081212
Оренбургская область,2020-06-01,13.93346620600165,0.4216232562547013,0.0,0.0,0.0,0,0,72.73046724547991,2.329999999999998,14.31295286257706
Оренбургская область,2020-07-01,13.67193452851081,-1.5016319110366503,-0.0,-0.0,-0.0,0,0,73.05195125060966,2.439999999999998,14.45470071770991
Оренбургская область,2020-08-01,13.3573073432457,-0.8645661305373835,-0.0,-0.0,-0.0,0,0,69.86441462865025,2.560000000000002,14.40440315705818
Оренбургская область,2020-09-01,13.32229054670485,-0.7937016241842549,-0.0,-0.0,-0.0,0,-1,71.0319426295773,3.0,14.31113291242835
Оренбургская область,2020-10-01,13.0846217980901,-1.2364929674992595,-0.0,-0.0,-0.0,-1,0,71.756021235035,3.069999999999993,14.52008702890832
Оренбургская область,2020-11-01,12.97731065236119,-1.3589786818048175,-0.0,-0.0,-0.0,0,0,74.66199229247701,3.5,13.96569067227701
Оренбургская область,2020-12-01,13.0599504351364,-1.7089361724181273,-0.0,-0.0,-0.0,0,0,74.70220244047859,4.150000000000006,14.11325007094905
Оренбургская область,2021-01-01,12.61901863149801,3.0895976215913166,0.0,0.0,0.0,0,0,74.6227341936904,4.790000000000006,14.14423354415851
Оренбургская область,2021-02-01,12.72088605163101,-0.05176615786507455,-0.0,-0.0,-0.0,0,0,75.01417100043388,5.239999999999995,14.1776633141495
Оренбургская область,2021-03-01,12.61668837744945,-0.6104025253424652,-0.0,-0.0,-0.0,0,0,75.41849051179315,5.859999999999999,14.14710831603957
Оренбургская область,2021-04-01,12.60676854701104,-0.5967440618905293,-0.0,-0.0,-0.0,0,0,76.22295034265885,5.930000000000007,14.24475490019981
Оренбургская область,2021-05-01,12.44519519279166,-0.241937869195743,-0.0,-0.0,-0.0,0,1,76.70960761336086,5.879999999999995,14.29872194278406
Оренбургская область,2021-06-01,12.69799924120825,-0.7676306960714552,-0.0,-0.0,-0.0,0,0,77.88011289615388,6.359999999999999,13.78824060194925
Оренбургская область,2021-07-01,12.82253919634413,0.08560806359759354,0.0,0.0,0.0,0,0,78.78893271481007,7.359999999999999,14.19836773698805
Оренбургская область,2021-08-01,13.22989975893833,0.3090771946763784,0.0,0.0,0.0,1,1,81.93107667113983,6.719999999999999,14.01793625039033
Оренбургская область,2021-09-01,12.8949769611063,-0.6460537301930689,-0.0,-0.0,-0.0,0,0,83.15314052455864,6.459999999999994,13.9231714233919
Оренбургская область,2021-10-01,12.8960927913299,-0.6175372517280238,-0.0,-0.0,-0.0,0,0,83.76114082438303,7.579999999999998,13.94395889057503
Оренбургская область,2021-11-01,13.33746355262457,-0.12114037446266934,-0.0,-0.0,-0.0,1,0,81.73592928649657,8.36,13.92481530210958
Оренбургская область,2021-12-01,13.40632477160929,-0.26721650241728057,-0.0,-0.0,-0.0,0,0,81.6654967048867,8.420000000000002,13.7643677758497
Оренбургская область,2022-01-01,13.65574339581222,0.27464209751393653,0.0,0.0,0.0,0,0,81.73603131662827,8.549999999999997,13.73143353380418
Оренбургская область,2022-02-01,13.77806455771578,-0.3501956198858558,-0.0,-0.0,-0.0,0,0,85.72032944894917,9.209999999999994,13.17435749135422
Оренбургская область,2022-03-01,13.88398057448335,4.941478356719127,0.0,0.0,0.0,0,-1,86.25627542007813,9.530000000000001,13.60574824843139
Оренбургская область,2022-04-01,19.21781159801391,1.4923126339086181,0.0,0.0,0.0,-1,-1,85.84610991633913,19.5,14.39312653760615
Оренбургская область,2022-05-01,19.89275831153217,-1.244790623444267,-0.0,-0.0,-0.0,0,0,83.83259447928914,19.38,14.13589046769498
Оренбургская область,2022-06-01,20.27511169756562,-3.118179668249544,-0.0,-0.0,-0.0,0,0,82.6383591642769,18.25,14.1782148812492
Оренбургская область,2022-07-01,18.41140926830288,-0.386746413724417,-0.0,-0.0,-0.0,0,0,82.08888791754747,16.48,14.78943637903308
Оренбургская область,2022-08-01,16.65537377238116,-1.1110066252555733,-0.0,-0.0,-0.0,0,0,80.99760098008123,15.94,14.54448955822206
Оренбургская область,2022-09-01,16.68534596638459,1.7547062341946287,0.0,0.0,0.0,0,0,80.6104410982922,15.37,14.56750443138829
Оренбургская область,2022-10-01,15.93847418956613,1.2482715752793254,0.0,0.0,0.0,0,0,81.05636389271946,14.56,14.55676789164751
Оренбургская область,2022-11-01,15.87511424679109,0.32653909912163215,0.0,0.0,0.0,0,0,79.89610129444385,13.18000000000001,14.44416397609976
Оренбургская область,2022-12-01,16.30943421328791,0.14955653030453497,0.0,0.0,0.0,0,1,79.70092031183292,12.54000000000001,14.61478124465489
Оренбургская область,2023-01-01,17.62734775057427,0.13967960707903515,0.0,0.0,0.0,0,0,79.5829392436189,12.0,14.38991805608762
Оренбургская область,2023-02-01,16.50378878459847,-1.9472998218897306,-0.0,-0.0,-0.0,1,0,79.80958292344611,11.81,14.5319445890448
Оренбургская область,2023-03-01,16.27916247388369,-0.4649545463768856,-0.0,-0.0,-0.0,0,0,78.89822170313131,10.87,14.39244207995457
Оренбургская область,2023-04-01,16.10248200433384,-0.5507806832459252,-0.0,-0.0,-0.0,0,0,78.60871012287102,1.269999999999996,14.17339084804492
Оренбургская область,2023-05-01,16.04008692571453,-0.46521849390664727,-0.0,-0.0,-0.0,0,0,78.08644341204797,0.4300000000000068,14.06896510591608
Оренбургская область,2023-06-01,16.32735205767794,-0.5347109788556779,-0.0,-0.0,-0.0,0,1,78.04686710069547,0.9899999999999949,13.4599752348246
Оренбургская область,2023-07-01,16.09801955278677,-0.5497632155639387,-0.0,-0.0,-0.0,0,1,78.40877081202113,2.079999999999998,13.48418028445292
Оренбургская область,2023-08-01,15.93470554328114,0.2078297309388475,0.0,0.0,0.0,1,0,75.89473997120083,3.670000000000002,13.21861999831619
Оренбургская область,2023-09-01,16.74639063716749,2.7050587479091437,0.0,0.0,0.0,0,1,77.35669268403255,4.290000000000006,13.07649592534603
Оренбургская область,2023-10-01,18.5691458807813,0.8633696772512707,0.0,0.0,0.0,1,0,78.42813439664144,5.010000000000005,13.00118315946708
Оренбургская область,2023-11-01,19.47533009812692,1.714265038508227,0.0,0.0,0.0,1,0,78.75604532149232,6.530000000000001,12.8459260970878
Оренбургская область,2023-12-01,20.37821618616631,-1.5282051620880424,-0.0,-0.0,-0.0,0,1,78.57443596034207,7.0,12.91420455085524
Оренбургская область,2024-01-01,21.41731471016525,0.6818813931607863,0.0,0.0,0.0,0,0,76.6169310891838,7.25,12.97436584448815
Оренбургская область,2024-02-01,22.74342466627298,-1.5559611222700127,-0.0,-0.0,-0.0,1,0,76.44320576784695,6.849999999999994,13.06494141232097
Оренбургская область,2024-03-01,23.82917194909212,-0.03662363343873665,-0.0,-0.0,-0.0,0,0,75.7453964790723,7.260000000000005,12.97066547707925
Оренбургская область,2024-04-01,22.90036392383653,-0.07535756412256944,-0.0,-0.0,-0.0,0,0,75.42670678506268,7.060000000000002,12.8723611330939
Оренбургская область,2024-05-01,22.90736139749229,-1.8174537430626252,-0.0,-0.0,-0.0,0,1,74.1987981297967,7.719999999999999,12.85833906787846
Оренбургская область,2024-06-01,22.77212362762646,-0.4392507252018447,-0.0,-0.0,-0.0,0,1,74.09471053870932,8.030000000000001,12.50688353846364
Оренбургская область,2024-07-01,23.59465182366142,-0.5869739684411108,-0.0,-0.0,-0.0,0,1,74.7133197287019,8.019999999999996,12.5889925566976
Оренбургская область,2024-08-01,24.42591574205239,1.4105522767729113,0.0,0.0,0.0,1,0,72.33706519851313,8.430000000000007,11.66741975148639
Оренбургская область,2024-09-01,25.64209910579514,-1.9115218364399809,-0.0,-0.0,-0.0,0,1,72.15977811227415,8.730000000000004,11.619336611115
Оренбургская область,2024-10-01,24.62134340468636,0.667769408390896,0.0,0.0,0.0,1,0,71.2978657129328,8.530000000000001,11.62103235375623
Оренбургская область,2024-11-01,26.97283239752864,2.039278586154861,0.0,0.0,0.0,1,0,72.1062876582346,7.599999999999994,11.44489781083046
Оренбургская область,2024-12-01,27.25335565288535,0.34090421830265427,0.0,0.0,0.0,1,-1,68.88777317772812,8.590000000000003,11.60856146664703
Оренбургская область,2025-01-01,27.53404116979771,0.24822008087726388,0.0,0.0,0.0,-1,0,66.73893910861318,9.75,12.26265228252849
Оренбургская область,2025-02-01,29.40155398838894,0.31653560056003016,0.0,0.0,0.0,0,-1,65.59074765052738,10.03,12.22449504792143
Оренбургская область,2025-03-01,30.33740764922699,0.41369500741819465,0.0,0.0,0.0,-1,0,64.35615493832614,10.73999999999999,12.51237967872069
Оренбургская область,2025-04-01,30.49731060156558,0.5812476727093596,0.0,0.0,0.0,1,0,63.61775023110675,11.43000000000001,12.77675534651099
Оренбургская область,2025-05-01,28.5901670349419,0.3820181297639742,0.0,0.0,0.0,0,1,62.35727734678035,11.15000000000001,12.72224739318941
Оренбургская область,2025-06-01,28.35762025427173,0.6128194128495359,0.0,0.0,0.0,0,0,61.68944484597225,10.77,12.80906079088012
Оренбургская область,2025-07-01,27.1393084017465,-0.2977272507310609,-0.0,-0.0,-0.0,0,0,60.5594938288001,10.36,13.23229189816199
Оренбургская область,2025-08-01,26.47277001256902,-1.399483474742535,-0.0,-0.0,-0.0,1,0,59.48087284682971,9.879999999999995,12.48462105135705
Оренбургская область,2025-09-01,25.42446047584041,0.2588989388809786,0.0,0.0,0.0,0,0,59.31775844380442,8.599999999999994,12.49316415659715
Оренбургская область,2025-10-01,23.97250270105484,-0.43597080805563593,-0.0,-0.0,-0.0,-1,0,59.08049733878307,8.159999999999997,12.58842981535723
Оренбургская область,2025-11-01,24.99779413438433,-0.19410526130430839,-0.0,-0.0,-0.0,1,1,59.02056804016119,8.200000000000003,12.49607755881762
Оренбургская область,2025-12-01,25.78548743997216,0.2813157398373711,0.0,0.0,0.0,0,0,58.79422019749693,7.239999999999995,12.80029729551231
Орловская область,2019-03-01,15.1769898619081,0.7128714995200838,0.0,0.0,0.0,0,0,64.25435592183047,5.709999999999994,13.65665366730726
Орловская область,2019-04-01,15.07132918064569,0.6911493920479934,0.0,0.0,0.0,0,0,64.66355778401032,5.400000000000006,13.7207986219812
Орловская область,2019-05-01,15.23388888609507,0.45783100689424217,0.0,0.0,0.0,1,0,65.21828491500912,5.359999999999999,13.60669435763262
Орловская область,2019-06-01,15.33506199252609,0.5041451542673663,0.0,0.0,0.0,0,0,65.78284794348554,5.189999999999998,13.57978121564745
Орловская область,2019-07-01,15.16937489243508,0.14629311794748645,0.0,0.0,0.0,0,1,66.30667731799711,4.629999999999995,13.31731323366949
Орловская область,2019-08-01,15.15005288706498,0.061654111534494405,0.0,0.0,0.0,0,0,65.06941577217484,4.760000000000005,13.63967452239493
Орловская область,2019-09-01,14.78128166507547,0.2864871600654304,0.0,0.0,0.0,0,0,65.78969982423868,4.430000000000007,13.75144334776902
Орловская область,2019-10-01,14.60653734108273,0.199118629193201,0.0,0.0,0.0,0,0,66.25196073178982,4.109999999999999,13.94437986082199
Орловская область,2019-11-01,14.88115350879727,-0.3451712223245451,-0.0,-0.0,-0.0,1,0,66.77739072321981,4.099999999999994,13.86923235083364
Орловская область,2019-12-01,14.40362171743607,-0.11071296164861266,-0.0,-0.0,-0.0,0,0,67.05934197302567,3.810000000000002,13.89850372813381
Орловская область,2020-01-01,14.37476915372239,0.4934187707708695,0.0,0.0,0.0,0,0,66.50174815871033,3.370000000000005,13.7541612501691
Орловская область,2020-02-01,14.50307258815422,0.717717316165718,0.0,0.0,0.0,0,0,67.7013761902184,2.239999999999995,13.70165147523053
Орловская область,2020-03-01,14.53521871717858,0.5448138582658153,0.0,0.0,0.0,0,0,68.00220043138073,1.989999999999995,13.80921328271782
Орловская область,2020-04-01,14.01871947121179,0.24910450663146122,0.0,0.0,0.0,0,-1,68.55114112978067,2.469999999999999,13.48238186180384
Орловская область,2020-05-01,14.11079254935618,0.12930980432325967,0.0,0.0,0.0,-1,0,66.24865616198412,3.290000000000006,14.33921784926641
Орловская область,2020-06-01,13.99049691177702,0.4216232562547013,0.0,0.0,0.0,0,0,65.9583227539644,3.359999999999999,14.30554242392907
Орловская область,2020-07-01,14.12378819716593,-1.5016319110366503,-0.0,-0.0,-0.0,0,0,66.10089146013692,3.379999999999995,14.478942494201
Орловская область,2020-08-01,13.50275413632376,-0.8645661305373835,-0.0,-0.0,-0.0,0,0,66.80282025335724,3.5,14.4619123368256
Орловская область,2020-09-01,13.34552941537298,-0.7937016241842549,-0.0,-0.0,-0.0,0,-1,67.5655059187653,3.930000000000007,14.27955873870304
Орловская область,2020-10-01,13.42746866924725,-1.2364929674992595,-0.0,-0.0,-0.0,-1,0,68.34518216955239,3.890000000000001,14.48257838317353
Орловская область,2020-11-01,13.25126241193357,-1.3589786818048175,-0.0,-0.0,-0.0,0,0,69.16808963848617,4.010000000000005,13.86941074546381
Орловская область,2020-12-01,13.21064060074034,-1.7089361724181273,-0.0,-0.0,-0.0,0,0,69.45336087111039,4.579999999999998,14.06039649322339
Орловская область,2021-01-01,13.09084380895829,3.0895976215913166,0.0,0.0,0.0,0,0,69.56215153236684,5.219999999999999,14.06023367895476
Орловская область,2021-02-01,13.20051143071102,-0.05176615786507455,-0.0,-0.0,-0.0,0,0,73.10858208903907,5.840000000000003,14.09792860754485
Орловская область,2021-03-01,12.69530070479846,-0.6104025253424652,-0.0,-0.0,-0.0,0,0,73.80279028075307,6.129999999999995,14.08376693650059
Орловская область,2021-04-01,12.84092382660962,-0.5967440618905293,-0.0,-0.0,-0.0,0,0,74.73452888883337,6.290000000000006,14.14319060860195
Орловская область,2021-05-01,12.66207107754611,-0.241937869195743,-0.0,-0.0,-0.0,0,1,73.26775422009577,5.819999999999993,14.27463659784996
Орловская область,2021-06-01,13.00433829701434,-0.7676306960714552,-0.0,-0.0,-0.0,0,0,73.83297901441267,6.540000000000006,13.63356787554168
Орловская область,2021-07-01,12.69978356957079,0.08560806359759354,0.0,0.0,0.0,0,0,74.76814622286297,7.0,14.05290645940543
Орловская область,2021-08-01,12.93680855065096,0.3090771946763784,0.0,0.0,0.0,1,1,73.55873184321653,7.129999999999995,13.84202181843487
Орловская область,2021-09-01,13.18531033830767,-0.6460537301930689,-0.0,-0.0,-0.0,0,0,74.28840440911341,7.590000000000003,13.7524836502871
Орловская область,2021-10-01,13.16663276927264,-0.6175372517280238,-0.0,-0.0,-0.0,0,0,74.88298747351152,8.349999999999994,13.83409318169481
Орловская область,2021-11-01,13.65449609824042,-0.12114037446266934,-0.0,-0.0,-0.0,1,0,74.83891829770766,8.980000000000004,13.76923430875321
Орловская область,2021-12-01,13.61340732837067,-0.26721650241728057,-0.0,-0.0,-0.0,0,0,74.79629563967346,9.120000000000005,13.59834201323173
Орловская область,2022-01-01,13.46213489671756,0.27464209751393653,0.0,0.0,0.0,0,0,74.39589573911249,9.079999999999998,13.55423580781925
Орловская область,2022-02-01,13.77223144987627,-0.3501956198858558,-0.0,-0.0,-0.0,0,0,77.56628160900898,9.459999999999994,13.00297000744865
Орловская область,2022-03-01,14.38718805044726,4.941478356719127,0.0,0.0,0.0,0,-1,78.0468380243991,9.780000000000001,13.31114250768656
Орловская область,2022-04-01,19.35505378828308,1.4923126339086181,0.0,0.0,0.0,-1,-1,76.96702230837764,18.20999999999999,14.23300519968016
Орловская область,2022-05-01,20.88669637522446,-1.244790623444267,-0.0,-0.0,-0.0,0,0,77.32048242768492,19.65000000000001,14.12112468424173
Орловская область,2022-06-01,20.95164007301383,-3.118179668249544,-0.0,-0.0,-0.0,0,0,76.1666998814879,18.65000000000001,14.25212586044842
Орловская область,2022-07-01,19.29084804861991,-0.386746413724417,-0.0,-0.0,-0.0,0,0,75.16558090114533,17.04000000000001,14.86032231676514
Орловская область,2022-08-01,16.88025814429655,-1.1110066252555733,-0.0,-0.0,-0.0,0,0,71.56871874551621,16.06,14.63044207592719
Орловская область,2022-09-01,17.93306261623669,1.7547062341946287,0.0,0.0,0.0,0,0,71.13367063544803,15.0,14.64546312746055
Орловская область,2022-10-01,16.98103570449589,1.2482715752793254,0.0,0.0,0.0,0,0,71.07316487805534,14.64,14.64461055094952
Орловская область,2022-11-01,16.85816721300507,0.32653909912163215,0.0,0.0,0.0,0,0,70.86540210766782,13.77,14.55887776843803
Орловская область,2022-12-01,17.09987723502084,0.14955653030453497,0.0,0.0,0.0,0,1,70.87152942715646,12.81,14.83680233485942
Орловская область,2023-01-01,17.53961227954395,0.13967960707903515,0.0,0.0,0.0,0,0,70.51958868088744,12.87,14.60356481273653
Орловская область,2023-02-01,17.07257962734894,-1.9472998218897306,-0.0,-0.0,-0.0,1,0,72.76139681093827,12.45999999999999,14.75239424183461
Орловская область,2023-03-01,16.6760456116086,-0.4649545463768856,-0.0,-0.0,-0.0,0,0,72.57807287715993,11.65000000000001,14.59970421022995
Орловская область,2023-04-01,16.32583306982124,-0.5507806832459252,-0.0,-0.0,-0.0,0,0,72.97741799653188,3.439999999999998,14.41896544413062
Орловская область,2023-05-01,16.55019270044689,-0.46521849390664727,-0.0,-0.0,-0.0,0,0,71.02841399719748,1.959999999999994,14.34301762632677
Орловская область,2023-06-01,16.77077631726833,-0.5347109788556779,-0.0,-0.0,-0.0,0,1,71.24287432716937,1.870000000000005,13.7483755644742
Орловская область,2023-07-01,16.69158278918766,-0.5497632155639387,-0.0,-0.0,-0.0,0,1,71.65712112958258,2.590000000000003,13.76514794795098
Орловская область,2023-08-01,16.26169463619224,0.2078297309388475,0.0,0.0,0.0,1,0,72.34591695451526,3.540000000000006,13.48688725154847
Орловская область,2023-09-01,17.06933596975186,2.7050587479091437,0.0,0.0,0.0,0,1,73.62442664768865,4.469999999999999,13.35615882956686
Орловская область,2023-10-01,19.21656983614378,0.8633696772512707,0.0,0.0,0.0,1,0,74.76760202586905,5.430000000000007,13.26095286766735
Орловская область,2023-11-01,19.41431683837955,1.714265038508227,0.0,0.0,0.0,1,0,73.47265417156429,6.319999999999993,13.04613351808862
Орловская область,2023-12-01,19.72512847267045,-1.5282051620880424,-0.0,-0.0,-0.0,0,1,73.23908707702972,6.879999999999995,13.08526055227178
Орловская область,2024-01-01,20.92928590010503,0.6818813931607863,0.0,0.0,0.0,0,0,71.89010272037753,7.519999999999996,13.12707409733102
Орловская область,2024-02-01,22.90446551315488,-1.5559611222700127,-0.0,-0.0,-0.0,1,0,77.14082611734226,7.379999999999995,13.1963560815331
Орловская область,2024-03-01,24.06552166399026,-0.03662363343873665,-0.0,-0.0,-0.0,0,0,76.69946024230116,7.530000000000001,13.09198503801161
Орловская область,2024-04-01,23.70620509268375,-0.07535756412256944,-0.0,-0.0,-0.0,0,0,76.77614693351319,7.540000000000006,13.0086627784536
Орловская область,2024-05-01,23.33285913756967,-1.8174537430626252,-0.0,-0.0,-0.0,0,1,73.8397986791545,7.459999999999994,13.00239206003739
Орловская область,2024-06-01,23.63986542381571,-0.4392507252018447,-0.0,-0.0,-0.0,0,1,74.03172753326692,7.920000000000002,12.60836675547218
Орловская область,2024-07-01,23.80051157252066,-0.5869739684411108,-0.0,-0.0,-0.0,0,1,74.7306368782455,8.569999999999993,12.7111835712713
Орловская область,2024-08-01,24.66556425165505,1.4105522767729113,0.0,0.0,0.0,1,0,73.1001904012326,9.159999999999997,11.72265377550873
Орловская область,2024-09-01,26.50170562096579,-1.9115218364399809,-0.0,-0.0,-0.0,0,1,72.70896551032806,9.079999999999998,11.69176798349516
Орловская область,2024-10-01,26.94260713643405,0.667769408390896,0.0,0.0,0.0,1,0,71.94976026702497,8.790000000000006,11.70608262856255
Орловская область,2024-11-01,27.63202193141399,2.039278586154861,0.0,0.0,0.0,1,0,71.94622190392622,8.629999999999995,11.515893033807
Орловская область,2024-12-01,27.93274188743172,0.34090421830265427,0.0,0.0,0.0,1,-1,68.15020774108888,9.409999999999997,11.63977057920366
Орловская область,2025-01-01,28.98234966264635,0.24822008087726388,0.0,0.0,0.0,-1,0,65.71946208327282,9.810000000000002,12.26596331653382
Орловская область,2025-02-01,30.64388536220233,0.31653560056003016,0.0,0.0,0.0,0,-1,64.08333709765968,10.02,12.26638528291792
Орловская область,2025-03-01,31.72320435818336,0.41369500741819465,0.0,0.0,0.0,-1,0,62.99244796799647,10.26000000000001,12.55862207788172
Орловская область,2025-04-01,31.26970225361394,0.5812476727093596,0.0,0.0,0.0,1,0,62.33574823715303,10.59,12.8243961341759
Орловская область,2025-05-01,29.87435033073587,0.3820181297639742,0.0,0.0,0.0,0,1,61.41640055037758,10.45999999999999,12.73791380158196
Орловская область,2025-06-01,28.92479628356778,0.6128194128495359,0.0,0.0,0.0,0,0,60.92003715821524,10.72,12.80337610123595
Орловская область,2025-07-01,28.33072757984401,-0.2977272507310609,-0.0,-0.0,-0.0,0,0,60.09968058613065,10.20999999999999,13.30690880153943
Орловская область,2025-08-01,27.45258507409785,-1.399483474742535,-0.0,-0.0,-0.0,1,0,59.01196159996077,9.39,12.28769261847903
Орловская область,2025-09-01,25.84510551445665,0.2588989388809786,0.0,0.0,0.0,0,0,58.83873855047911,8.909999999999997,12.3138933102122
Орловская область,2025-10-01,25.03148693444418,-0.43597080805563593,-0.0,-0.0,-0.0,-1,0,58.45199694048681,8.459999999999994,12.38135369148794
Орловская область,2025-11-01,25.10480488115203,-0.19410526130430839,-0.0,-0.0,-0.0,1,1,58.12606509672182,8.019999999999996,12.25944536942233
Орловская область,2025-12-01,26.23905892319882,0.2813157398373711,0.0,0.0,0.0,0,0,57.88985490970035,6.969999999999999,12.55620509180052
Пензенская область,2019-03-01,15.50958163333329,0.7128714995200838,0.0,0.0,0.0,0,0,52.68557399273318,5.290000000000006,13.62262922758135
Пензенская область,2019-04-01,15.28536602903284,0.6911493920479934,0.0,0.0,0.0,0,0,53.05100308466469,5.079999999999998,13.5957432321657
Пензенская область,2019-05-01,15.24736329798179,0.45783100689424217,0.0,0.0,0.0,1,0,55.98555851010629,4.879999999999995,13.53851530514043
Пензенская область,2019-06-01,15.32053697687418,0.5041451542673663,0.0,0.0,0.0,0,0,56.36830073489568,5.019999999999996,13.4972135065906
Пензенская область,2019-07-01,15.17998333092808,0.14629311794748645,0.0,0.0,0.0,0,1,57.17921078010978,4.510000000000005,13.25346086403391
Пензенская область,2019-08-01,15.14335842900201,0.061654111534494405,0.0,0.0,0.0,0,0,55.70362085109676,4.359999999999999,13.47570363708255
Пензенская область,2019-09-01,14.72285597998849,0.2864871600654304,0.0,0.0,0.0,0,0,56.4664653423845,3.769999999999996,13.80331329388842
Пензенская область,2019-10-01,14.54427245241169,0.199118629193201,0.0,0.0,0.0,0,0,57.0152889160062,3.629999999999995,13.9383190747554
Пензенская область,2019-11-01,14.88401587899114,-0.3451712223245451,-0.0,-0.0,-0.0,1,0,55.31925953009574,3.299999999999997,13.84272404791548
Пензенская область,2019-12-01,14.46685044633541,-0.11071296164861266,-0.0,-0.0,-0.0,0,0,55.58301727683543,2.959999999999994,13.81127042789209
Пензенская область,2020-01-01,14.42557726324556,0.4934187707708695,0.0,0.0,0.0,0,0,55.22237921324204,2.469999999999999,13.69257962695673
Пензенская область,2020-02-01,14.59832556822876,0.717717316165718,0.0,0.0,0.0,0,0,59.23620300288426,1.920000000000002,13.64388674678607
Пензенская область,2020-03-01,14.47003417777355,0.5448138582658153,0.0,0.0,0.0,0,0,59.05952529493796,1.780000000000001,13.73736848672648
Пензенская область,2020-04-01,14.04636433299263,0.24910450663146122,0.0,0.0,0.0,0,-1,59.47566526844709,2.379999999999995,13.56325025131042
Пензенская область,2020-05-01,14.0162963829997,0.12930980432325967,0.0,0.0,0.0,-1,0,58.27412447479006,3.359999999999999,14.34104184220908
Пензенская область,2020-06-01,14.07175264451889,0.4216232562547013,0.0,0.0,0.0,0,0,57.91845240253236,2.810000000000002,14.26071671319691
Пензенская область,2020-07-01,13.82311634128977,-1.5016319110366503,-0.0,-0.0,-0.0,0,0,57.85907361821359,3.030000000000001,14.40560670173905
Пензенская область,2020-08-01,13.38711076019438,-0.8645661305373835,-0.0,-0.0,-0.0,0,0,57.21774920123597,3.219999999999999,14.36051351617936
Пензенская область,2020-09-01,13.4683863831406,-0.7937016241842549,-0.0,-0.0,-0.0,0,-1,57.95504545120242,3.599999999999994,14.24622202611402
Пензенская область,2020-10-01,13.26546425383374,-1.2364929674992595,-0.0,-0.0,-0.0,-1,0,58.90247917960964,3.939999999999998,14.45845810523867
Пензенская область,2020-11-01,12.94810224203335,-1.3589786818048175,-0.0,-0.0,-0.0,0,0,59.33462489795392,4.480000000000004,13.87185531810125
Пензенская область,2020-12-01,12.92087260751563,-1.7089361724181273,-0.0,-0.0,-0.0,0,0,59.88998346540578,5.329999999999998,14.02436123271043
Пензенская область,2021-01-01,12.9813209733118,3.0895976215913166,0.0,0.0,0.0,0,0,60.47687946933209,6.120000000000005,13.99316812728152
Пензенская область,2021-02-01,12.84482657530574,-0.05176615786507455,-0.0,-0.0,-0.0,0,0,60.47725381856866,6.579999999999998,13.98755920093518
Пензенская область,2021-03-01,13.00428643180712,-0.6104025253424652,-0.0,-0.0,-0.0,0,0,60.83714047633664,7.120000000000005,13.9462451290575
Пензенская область,2021-04-01,12.76191480788251,-0.5967440618905293,-0.0,-0.0,-0.0,0,0,61.34756912348337,7.219999999999999,13.99140191971607
Пензенская область,2021-05-01,12.54837636772182,-0.241937869195743,-0.0,-0.0,-0.0,0,1,62.11849536877369,6.689999999999998,14.20558895812372
Пензенская область,2021-06-01,12.93632654931326,-0.7676306960714552,-0.0,-0.0,-0.0,0,0,62.85418115158555,7.370000000000005,13.62875867208903
Пензенская область,2021-07-01,12.89931393163522,0.08560806359759354,0.0,0.0,0.0,0,0,64.05721163554115,7.700000000000003,14.00113771327858
Пензенская область,2021-08-01,12.99175093517709,0.3090771946763784,0.0,0.0,0.0,1,1,63.78373975888526,7.829999999999998,13.89619718317086
Пензенская область,2021-09-01,12.95964504454173,-0.6460537301930689,-0.0,-0.0,-0.0,0,0,64.77036203316203,7.659999999999997,13.82809867268452
Пензенская область,2021-10-01,13.10235049265863,-0.6175372517280238,-0.0,-0.0,-0.0,0,0,65.50616284008134,8.200000000000003,13.90032571918345
Пензенская область,2021-11-01,13.44553811100943,-0.12114037446266934,-0.0,-0.0,-0.0,1,0,65.1076647900974,8.959999999999994,13.83251962662817
Пензенская область,2021-12-01,13.43770772525221,-0.26721650241728057,-0.0,-0.0,-0.0,0,0,65.39854069056369,9.239999999999995,13.6472938893553
Пензенская область,2022-01-01,13.40897857434768,0.27464209751393653,0.0,0.0,0.0,0,0,65.81210290080189,8.290000000000006,13.5769644273545
Пензенская область,2022-02-01,13.81776612020797,-0.3501956198858558,-0.0,-0.0,-0.0,0,0,74.64918222058354,8.560000000000002,13.04692776493095
Пензенская область,2022-03-01,14.18627650596732,4.941478356719127,0.0,0.0,0.0,0,-1,75.51487489672279,9.379999999999995,13.39371772487145
Пензенская область,2022-04-01,21.10291749019723,1.4923126339086181,0.0,0.0,0.0,-1,-1,74.94220924880392,17.73,14.24963047989828
Пензенская область,2022-05-01,21.36734216690124,-1.244790623444267,-0.0,-0.0,-0.0,0,0,69.6118126841959,18.86,14.06048360321259
Пензенская область,2022-06-01,20.79381962150852,-3.118179668249544,-0.0,-0.0,-0.0,0,0,68.45148618851627,18.42,14.19329928671929
Пензенская область,2022-07-01,19.01607611563513,-0.386746413724417,-0.0,-0.0,-0.0,0,0,67.40634808297135,17.25,14.80142935617782
Пензенская область,2022-08-01,17.08488410510932,-1.1110066252555733,-0.0,-0.0,-0.0,0,0,66.47579888801988,15.66,14.53083215413275
Пензенская область,2022-09-01,18.82432077660847,1.7547062341946287,0.0,0.0,0.0,0,0,65.92616655162935,15.06,14.54292539339828
Пензенская область,2022-10-01,18.40969230356236,1.2482715752793254,0.0,0.0,0.0,0,0,66.18285881663849,14.59,14.49602139597705
Пензенская область,2022-11-01,18.95997843530782,0.32653909912163215,0.0,0.0,0.0,0,0,65.66185075959659,13.23,14.36979375356135
Пензенская область,2022-12-01,16.72160183167051,0.14955653030453497,0.0,0.0,0.0,0,1,65.53301311368169,11.89,14.60395038639229
Пензенская область,2023-01-01,17.35890659060586,0.13967960707903515,0.0,0.0,0.0,0,0,65.32614646533588,12.34999999999999,14.3735032072954
Пензенская область,2023-02-01,16.68629921010387,-1.9472998218897306,-0.0,-0.0,-0.0,1,0,65.05287249568735,12.04000000000001,14.53148073295873
Пензенская область,2023-03-01,16.27257325817622,-0.4649545463768856,-0.0,-0.0,-0.0,0,0,64.96062907846462,10.7,14.37275733619594
Пензенская область,2023-04-01,16.32237295524494,-0.5507806832459252,-0.0,-0.0,-0.0,0,0,65.55247334378538,2.400000000000006,14.18030144983385
Пензенская область,2023-05-01,16.32743941283591,-0.46521849390664727,-0.0,-0.0,-0.0,0,0,65.51954550256579,1.0,14.06489223735287
Пензенская область,2023-06-01,16.29724277520714,-0.5347109788556779,-0.0,-0.0,-0.0,0,1,65.86695511268661,1.209999999999994,13.40699478670573
Пензенская область,2023-07-01,16.37996317870396,-0.5497632155639387,-0.0,-0.0,-0.0,0,1,66.2939225611835,1.959999999999994,13.40145133051247
Пензенская область,2023-08-01,15.9135316272035,0.2078297309388475,0.0,0.0,0.0,1,0,64.8709542906401,3.599999999999994,13.10875719821626
Пензенская область,2023-09-01,16.64463693138477,2.7050587479091437,0.0,0.0,0.0,0,1,66.34090469616886,4.569999999999993,13.07601619839354
Пензенская область,2023-10-01,18.87592029145642,0.8633696772512707,0.0,0.0,0.0,1,0,67.5347379187545,5.189999999999998,12.97017390680069
Пензенская область,2023-11-01,19.86205163692951,1.714265038508227,0.0,0.0,0.0,1,0,68.01652954207428,5.760000000000005,12.7439465285803
Пензенская область,2023-12-01,20.44685807342892,-1.5282051620880424,-0.0,-0.0,-0.0,0,1,68.12328293412479,6.739999999999995,12.79011042861992
Пензенская область,2024-01-01,23.1200977490451,0.6818813931607863,0.0,0.0,0.0,0,0,67.16436542386805,6.859999999999999,12.81924573783751
Пензенская область,2024-02-01,24.39343382388037,-1.5559611222700127,-0.0,-0.0,-0.0,1,0,67.30404327686064,6.549999999999997,12.89522200377274
Пензенская область,2024-03-01,24.1759170423778,-0.03662363343873665,-0.0,-0.0,-0.0,0,0,66.67120227196942,7.230000000000004,12.7872144226226
Пензенская область,2024-04-01,23.81629686507292,-0.07535756412256944,-0.0,-0.0,-0.0,0,0,66.63547811961449,7.040000000000006,12.69394214026867
Пензенская область,2024-05-01,23.73645189584554,-1.8174537430626252,-0.0,-0.0,-0.0,0,1,67.4053921697278,7.340000000000003,12.66914374622002
Пензенская область,2024-06-01,22.46700396029526,-0.4392507252018447,-0.0,-0.0,-0.0,0,1,67.48010151676125,7.870000000000005,12.2965771385508
Пензенская область,2024-07-01,25.21096676832085,-0.5869739684411108,-0.0,-0.0,-0.0,0,1,68.35368620209084,8.269999999999996,12.36204348415992
Пензенская область,2024-08-01,23.50545887964448,1.4105522767729113,0.0,0.0,0.0,1,0,68.50462262491197,8.620000000000005,11.41676053226815
Пензенская область,2024-09-01,25.59648482380827,-1.9115218364399809,-0.0,-0.0,-0.0,0,1,68.08803584326543,8.400000000000006,11.37607288658667
Пензенская область,2024-10-01,25.5125713513644,0.667769408390896,0.0,0.0,0.0,1,0,67.17628564724086,7.920000000000002,11.36877686114271
Пензенская область,2024-11-01,27.00933097369823,2.039278586154861,0.0,0.0,0.0,1,0,66.26246294506046,8.049999999999997,11.20748867530718
Пензенская область,2024-12-01,27.80288090881064,0.34090421830265427,0.0,0.0,0.0,1,-1,63.20706616340465,8.670000000000002,11.36742900334277
Пензенская область,2025-01-01,28.62144911830187,0.24822008087726388,0.0,0.0,0.0,-1,0,61.23505626915318,9.730000000000004,12.04889142167383
Пензенская область,2025-02-01,29.47257928009564,0.31653560056003016,0.0,0.0,0.0,0,-1,60.73323337645024,10.59,12.01733076358628
Пензенская область,2025-03-01,29.9562700639587,0.41369500741819465,0.0,0.0,0.0,-1,0,59.61710464790294,10.56,12.28854856351322
Пензенская область,2025-04-01,29.72115377331757,0.5812476727093596,0.0,0.0,0.0,1,0,58.94276597423581,10.92,12.54858116252592
Пензенская область,2025-05-01,27.62200327823859,0.3820181297639742,0.0,0.0,0.0,0,1,57.4269169218136,10.94,12.48181458170065
Пензенская область,2025-06-01,27.61659491261985,0.6128194128495359,0.0,0.0,0.0,0,0,56.85310382000937,10.7,12.56310219650236
Пензенская область,2025-07-01,26.37969586819734,-0.2977272507310609,-0.0,-0.0,-0.0,0,0,55.75939531244861,10.08,12.99249883290776
Пензенская область,2025-08-01,25.22331351784882,-1.399483474742535,-0.0,-0.0,-0.0,1,0,54.74212978765151,9.39,12.1575870553983
Пензенская область,2025-09-01,24.63747085735048,0.2588989388809786,0.0,0.0,0.0,0,0,54.52146568373719,8.739999999999995,12.18286602520703
Пензенская область,2025-10-01,23.35219922217599,-0.43597080805563593,-0.0,-0.0,-0.0,-1,0,53.96611029808691,8.950000000000003,12.29338688477307
Пензенская область,2025-11-01,23.46370567118611,-0.19410526130430839,-0.0,-0.0,-0.0,1,1,53.69721752155935,8.769999999999996,12.18766331799477
Пензенская область,2025-12-01,25.09426708853787,0.2813157398373711,0.0,0.0,0.0,0,0,53.37264341869364,7.780000000000001,12.46387298103634
Пермский край,2019-03-01,14.97091766037731,0.7128714995200838,0.0,0.0,0.0,0,0,60.98284494326855,4.459999999999994,13.70444783787758
Пермский край,2019-04-01,14.90999814353149,0.6911493920479934,0.0,0.0,0.0,0,0,61.63901804640373,4.560000000000002,13.68894577097995
Пермский край,2019-05-01,14.93352645223906,0.45783100689424217,0.0,0.0,0.0,1,0,63.79539236085888,4.439999999999998,13.57240703939184
Пермский край,2019-06-01,15.15732367825287,0.5041451542673663,0.0,0.0,0.0,0,0,64.28466508560014,4.319999999999993,13.52746686321887
Пермский край,2019-07-01,15.02719801415565,0.14629311794748645,0.0,0.0,0.0,0,1,64.43088889012462,4.129999999999995,13.30331769180423
Пермский край,2019-08-01,14.89474749381215,0.061654111534494405,0.0,0.0,0.0,0,0,64.0936544500239,4.400000000000006,13.51501344347202
Пермский край,2019-09-01,14.71049833951005,0.2864871600654304,0.0,0.0,0.0,0,0,64.73061446506505,4.099999999999994,13.60625727387326
Пермский край,2019-10-01,14.51628109135389,0.199118629193201,0.0,0.0,0.0,0,0,65.2591904686443,3.920000000000002,13.74436458795507
Пермский край,2019-11-01,14.76535712166553,-0.3451712223245451,-0.0,-0.0,-0.0,1,0,64.62459483837544,3.769999999999996,13.63025533878895
Пермский край,2019-12-01,14.45244464013215,-0.11071296164861266,-0.0,-0.0,-0.0,0,0,64.91162156642535,3.620000000000005,13.62088494619522
Пермский край,2020-01-01,14.25812781519886,0.4934187707708695,0.0,0.0,0.0,0,0,64.72818942138132,3.049999999999997,13.52280069611988
Пермский край,2020-02-01,14.30212600095775,0.717717316165718,0.0,0.0,0.0,0,0,65.7679537995605,2.120000000000005,13.51916108646456
Пермский край,2020-03-01,14.1635828432395,0.5448138582658153,0.0,0.0,0.0,0,0,65.90262056361445,2.420000000000002,13.63481761441722
Пермский край,2020-04-01,13.73484937013857,0.24910450663146122,0.0,0.0,0.0,0,-1,66.40108364005233,2.489999999999995,13.34977164441423
Пермский край,2020-05-01,14.06602367620893,0.12930980432325967,0.0,0.0,0.0,-1,0,63.52733921936291,3.299999999999997,14.19492111718833
Пермский край,2020-06-01,13.88307629125893,0.4216232562547013,0.0,0.0,0.0,0,0,63.26397565512664,3.129999999999995,14.19187609253688
Пермский край,2020-07-01,13.69333476160242,-1.5016319110366503,-0.0,-0.0,-0.0,0,0,63.54092023118901,3.329999999999998,14.38316008531451
Пермский край,2020-08-01,13.38570883165551,-0.8645661305373835,-0.0,-0.0,-0.0,0,0,64.69395673710109,2.920000000000002,14.30792326766122
Пермский край,2020-09-01,13.48995780026261,-0.7937016241842549,-0.0,-0.0,-0.0,0,-1,65.65629969321282,3.269999999999996,14.22364387604009
Пермский край,2020-10-01,13.28467856459925,-1.2364929674992595,-0.0,-0.0,-0.0,-1,0,66.57222741147535,3.280000000000001,14.41155318432462
Пермский край,2020-11-01,12.98706410386188,-1.3589786818048175,-0.0,-0.0,-0.0,0,0,68.88136958399535,3.659999999999997,13.83617687892494
Пермский край,2020-12-01,13.10748553515225,-1.7089361724181273,-0.0,-0.0,-0.0,0,0,68.91286278071131,4.049999999999997,14.01508371356383
Пермский край,2021-01-01,12.95761831719252,3.0895976215913166,0.0,0.0,0.0,0,0,68.94850298376541,4.5,14.02050826881866
Пермский край,2021-02-01,12.89076888412401,-0.05176615786507455,-0.0,-0.0,-0.0,0,0,66.96211205603288,4.760000000000005,14.03820261594529
Пермский край,2021-03-01,12.69184315726796,-0.6104025253424652,-0.0,-0.0,-0.0,0,0,67.59733683654339,5.159999999999997,14.02469567761889
Пермский край,2021-04-01,12.64028077359981,-0.5967440618905293,-0.0,-0.0,-0.0,0,0,68.53824217634899,5.150000000000006,14.10304275652719
Пермский край,2021-05-01,12.57643725556432,-0.241937869195743,-0.0,-0.0,-0.0,0,1,69.68611554643564,4.790000000000006,14.22206647500626
Пермский край,2021-06-01,12.80786165232638,-0.7676306960714552,-0.0,-0.0,-0.0,0,0,70.5495615848094,5.680000000000007,13.67027411031025
Пермский край,2021-07-01,12.87644458496779,0.08560806359759354,0.0,0.0,0.0,0,0,71.47281571572283,6.299999999999997,14.0965978902955
Пермский край,2021-08-01,12.99581947597456,0.3090771946763784,0.0,0.0,0.0,1,1,72.59577418219521,6.370000000000005,13.96855585054853
Пермский край,2021-09-01,13.02114725884976,-0.6460537301930689,-0.0,-0.0,-0.0,0,0,73.26451378751254,6.450000000000003,13.88701922122182
Пермский край,2021-10-01,12.94121186723237,-0.6175372517280238,-0.0,-0.0,-0.0,0,0,73.47522646256336,7.569999999999993,13.91319612357593
Пермский край,2021-11-01,13.32261786812128,-0.12114037446266934,-0.0,-0.0,-0.0,1,0,74.3290125673149,8.61,13.89225900176899
Пермский край,2021-12-01,13.40730482414312,-0.26721650241728057,-0.0,-0.0,-0.0,0,0,74.33653017679246,8.790000000000006,13.7317679603222
Пермский край,2022-01-01,13.40780353297905,0.27464209751393653,0.0,0.0,0.0,0,0,73.35478030950718,8.86,13.73916757927172
Пермский край,2022-02-01,13.89323668201089,-0.3501956198858558,-0.0,-0.0,-0.0,0,0,74.37708444875818,9.269999999999996,13.21133120186433
Пермский край,2022-03-01,13.8861679761464,4.941478356719127,0.0,0.0,0.0,0,-1,74.7169898471167,9.469999999999999,13.50243376667017
Пермский край,2022-04-01,19.73880867534043,1.4923126339086181,0.0,0.0,0.0,-1,-1,73.50826589712838,19.2,14.39225950763157
Пермский край,2022-05-01,21.61202279511181,-1.244790623444267,-0.0,-0.0,-0.0,0,0,72.69003429229028,20.38,14.22039594365742
Пермский край,2022-06-01,20.513824254515,-3.118179668249544,-0.0,-0.0,-0.0,0,0,71.53711169480343,18.17,14.36834289134495
Пермский край,2022-07-01,18.95362874993389,-0.386746413724417,-0.0,-0.0,-0.0,0,0,70.7391782639443,16.75,15.0201454562267
Пермский край,2022-08-01,16.64011155741188,-1.1110066252555733,-0.0,-0.0,-0.0,0,0,68.98326087527101,16.37,14.7570853705301
Пермский край,2022-09-01,16.42407460254444,1.7547062341946287,0.0,0.0,0.0,0,0,68.91350285210369,15.42,14.82005673950046
Пермский край,2022-10-01,16.30421877268254,1.2482715752793254,0.0,0.0,0.0,0,0,69.2514765193925,14.25,14.82020653415631
Пермский край,2022-11-01,16.05104892758463,0.32653909912163215,0.0,0.0,0.0,0,0,69.1388265918507,12.84999999999999,14.751423644972
Пермский край,2022-12-01,16.44959621653122,0.14955653030453497,0.0,0.0,0.0,0,1,69.33172190020133,12.94,15.01416541495898
Пермский край,2023-01-01,16.99443608436832,0.13967960707903515,0.0,0.0,0.0,0,0,69.22357346733655,12.43000000000001,14.75472980362846
Пермский край,2023-02-01,16.5905574575711,-1.9472998218897306,-0.0,-0.0,-0.0,1,0,68.86103584071061,12.09999999999999,14.95231780907212
Пермский край,2023-03-01,16.2030865654375,-0.4649545463768856,-0.0,-0.0,-0.0,0,0,68.89396030379689,11.51000000000001,14.78741167930355
Пермский край,2023-04-01,16.19922372981236,-0.5507806832459252,-0.0,-0.0,-0.0,0,0,69.69228874683046,2.409999999999997,14.52558387185784
Пермский край,2023-05-01,16.11626668461661,-0.46521849390664727,-0.0,-0.0,-0.0,0,0,70.44855444763435,1.340000000000003,14.36686214315532
Пермский край,2023-06-01,16.37135336665351,-0.5347109788556779,-0.0,-0.0,-0.0,0,1,70.92241848730974,2.640000000000001,13.73543361880803
Пермский край,2023-07-01,16.16948160215528,-0.5497632155639387,-0.0,-0.0,-0.0,0,1,71.439523497398,2.849999999999994,13.74341137644332
Пермский край,2023-08-01,16.03993407312189,0.2078297309388475,0.0,0.0,0.0,1,0,72.11296852453451,3.930000000000007,13.46872705554028
Пермский край,2023-09-01,16.56508333196525,2.7050587479091437,0.0,0.0,0.0,0,1,73.56291622914101,4.810000000000002,13.37782803812885
Пермский край,2023-10-01,18.19539208134097,0.8633696772512707,0.0,0.0,0.0,1,0,74.96875079104974,6.040000000000006,13.28118770104771
Пермский край,2023-11-01,19.20197799878969,1.714265038508227,0.0,0.0,0.0,1,0,74.98486027945349,7.420000000000002,13.07477231651728
Пермский край,2023-12-01,19.34654320317813,-1.5282051620880424,-0.0,-0.0,-0.0,0,1,74.93223522226337,7.549999999999997,13.12026542565386
Пермский край,2024-01-01,20.28015216090312,0.6818813931607863,0.0,0.0,0.0,0,0,73.62649031144875,7.739999999999995,13.14921179926724
Пермский край,2024-02-01,22.10932861459804,-1.5559611222700127,-0.0,-0.0,-0.0,1,0,73.24447002349437,8.090000000000003,13.22983842347065
Пермский край,2024-03-01,23.71975341972571,-0.03662363343873665,-0.0,-0.0,-0.0,0,0,72.68023219412764,8.650000000000006,13.08225872501956
Пермский край,2024-04-01,22.45796861294803,-0.07535756412256944,-0.0,-0.0,-0.0,0,0,72.6574457611999,8.659999999999997,13.00570310962888
Пермский край,2024-05-01,22.24407886581514,-1.8174537430626252,-0.0,-0.0,-0.0,0,1,72.41287026349984,8.599999999999994,12.9754558447778
Пермский край,2024-06-01,22.38337519397915,-0.4392507252018447,-0.0,-0.0,-0.0,0,1,72.40167454306813,9.450000000000003,12.5766098956648
Пермский край,2024-07-01,23.00071217390915,-0.5869739684411108,-0.0,-0.0,-0.0,0,1,73.1879028550901,9.840000000000003,12.62693820016059
Пермский край,2024-08-01,23.32512775353904,1.4105522767729113,0.0,0.0,0.0,1,0,72.35916489763316,9.89,11.70692435519789
Пермский край,2024-09-01,24.91275378602333,-1.9115218364399809,-0.0,-0.0,-0.0,0,1,72.05783269690845,9.519999999999996,11.68900004821421
Пермский край,2024-10-01,24.94177628756192,0.667769408390896,0.0,0.0,0.0,1,0,70.86338970261461,8.769999999999996,11.64988139567225
Пермский край,2024-11-01,26.30882923608829,2.039278586154861,0.0,0.0,0.0,1,0,70.41050063475248,8.290000000000006,11.47596111767292
Пермский край,2024-12-01,27.83928469702416,0.34090421830265427,0.0,0.0,0.0,1,-1,67.74254235422185,9.189999999999998,11.6248757425128
Пермский край,2025-01-01,28.53317985644502,0.24822008087726388,0.0,0.0,0.0,-1,0,65.42516628548447,9.86,12.27814971098979
Пермский край,2025-02-01,29.37112348635175,0.31653560056003016,0.0,0.0,0.0,0,-1,63.91994175517613,10.01000000000001,12.27919596013331
Пермский край,2025-03-01,30.2433740913124,0.41369500741819465,0.0,0.0,0.0,-1,0,63.03258343359365,10.31,12.59592127061593
Пермский край,2025-04-01,30.01577353450759,0.5812476727093596,0.0,0.0,0.0,1,0,62.32148245969636,10.45,12.91669655114835
Пермский край,2025-05-01,28.9274653118926,0.3820181297639742,0.0,0.0,0.0,0,1,62.02544639818062,10.28,12.84270244095051
Пермский край,2025-06-01,28.41580846080545,0.6128194128495359,0.0,0.0,0.0,0,0,61.55229198056048,9.299999999999997,12.91290642345957
Пермский край,2025-07-01,26.84846062647235,-0.2977272507310609,-0.0,-0.0,-0.0,0,0,60.84498950586472,9.510000000000005,13.37001431713636
Пермский край,2025-08-01,25.57009652893454,-1.399483474742535,-0.0,-0.0,-0.0,1,0,60.1633417196439,9.439999999999998,12.49665277718504
Пермский край,2025-09-01,24.53350099302202,0.2588989388809786,0.0,0.0,0.0,0,0,60.41974243857052,9.25,12.53392008725798
Пермский край,2025-10-01,24.04534555680867,-0.43597080805563593,-0.0,-0.0,-0.0,-1,0,60.42027048389404,9.269999999999996,12.52760661268414
Пермский край,2025-11-01,24.48470300935631,-0.19410526130430839,-0.0,-0.0,-0.0,1,1,60.4719030329283,8.980000000000004,12.39202329123539
Пермский край,2025-12-01,24.99214374609608,0.2813157398373711,0.0,0.0,0.0,0,0,60.3134832147238,7.659999999999997,12.65621355634893
Приморский край,2019-03-01,14.88695592263753,0.7128714995200838,0.0,0.0,0.0,0,0,42.90769029524301,4.799999999999997,13.47816896014004
Приморский край,2019-04-01,14.7840569725515,0.6911493920479934,0.0,0.0,0.0,0,0,43.52623677699244,4.799999999999997,13.39614680767873
Приморский край,2019-05-01,14.90561332806113,0.45783100689424217,0.0,0.0,0.0,1,0,44.59136399051516,4.920000000000002,13.33807664413792
Приморский край,2019-06-01,14.94769447242977,0.5041451542673663,0.0,0.0,0.0,0,0,45.00651454901988,4.870000000000005,13.28341390917967
Приморский край,2019-07-01,14.67735973846901,0.14629311794748645,0.0,0.0,0.0,0,1,45.43990101621827,4.739999999999995,13.04334406303708
Приморский край,2019-08-01,14.74987790971387,0.061654111534494405,0.0,0.0,0.0,0,0,45.50159634758544,4.450000000000003,13.27648255200748
Приморский край,2019-09-01,14.59392268804545,0.2864871600654304,0.0,0.0,0.0,0,0,45.95611732914578,4.359999999999999,13.502329122381
Приморский край,2019-10-01,14.42069371783587,0.199118629193201,0.0,0.0,0.0,0,0,46.60736565531402,3.260000000000005,13.69674404699619
Приморский край,2019-11-01,14.64775262807991,-0.3451712223245451,-0.0,-0.0,-0.0,1,0,46.62076200105437,3.140000000000001,13.66114679176252
Приморский край,2019-12-01,14.33250431398318,-0.11071296164861266,-0.0,-0.0,-0.0,0,0,47.01674121399382,3.099999999999994,13.66184735575842
Приморский край,2020-01-01,14.16098092857204,0.4934187707708695,0.0,0.0,0.0,0,0,47.11085505683342,3.150000000000006,13.57006231422276
Приморский край,2020-02-01,14.76661753011166,0.717717316165718,0.0,0.0,0.0,0,0,47.01627382309191,3.079999999999998,13.62403237635731
Приморский край,2020-03-01,14.11830890489982,0.5448138582658153,0.0,0.0,0.0,0,0,47.56896917769377,3.0,13.73703147493724
Приморский край,2020-04-01,13.94365008753905,0.24910450663146122,0.0,0.0,0.0,0,-1,48.17940042059982,2.760000000000005,13.60605889619428
Приморский край,2020-05-01,13.76093805751317,0.12930980432325967,0.0,0.0,0.0,-1,0,47.89859262865165,3.530000000000001,14.36620024444541
Приморский край,2020-06-01,13.78933726895169,0.4216232562547013,0.0,0.0,0.0,0,0,47.9738851389346,3.480000000000004,14.26414389555729
Приморский край,2020-07-01,13.69913900238587,-1.5016319110366503,-0.0,-0.0,-0.0,0,0,48.42355092755719,3.560000000000002,14.40556334181978
Приморский край,2020-08-01,13.30406163969614,-0.8645661305373835,-0.0,-0.0,-0.0,0,0,49.02960495021532,3.920000000000002,14.31900541358173
Приморский край,2020-09-01,13.20016719505994,-0.7937016241842549,-0.0,-0.0,-0.0,0,-1,49.81105528021218,3.739999999999995,14.21260420890005
Приморский край,2020-10-01,13.12426516028333,-1.2364929674992595,-0.0,-0.0,-0.0,-1,0,50.54178063158415,3.840000000000003,14.4051652284704
Приморский край,2020-11-01,12.91629561641536,-1.3589786818048175,-0.0,-0.0,-0.0,0,0,51.32868268859069,4.069999999999993,13.8163627225337
Приморский край,2020-12-01,13.02652748393895,-1.7089361724181273,-0.0,-0.0,-0.0,0,0,51.12037752961022,4.420000000000002,13.92594590650017
Приморский край,2021-01-01,12.78025002365648,3.0895976215913166,0.0,0.0,0.0,0,0,51.36345185838044,5.010000000000005,13.94869587674351
Приморский край,2021-02-01,12.58745357772116,-0.05176615786507455,-0.0,-0.0,-0.0,0,0,52.18389885562957,5.069999999999993,13.96204000058932
Приморский край,2021-03-01,12.51220304643969,-0.6104025253424652,-0.0,-0.0,-0.0,0,0,53.05117085285757,4.980000000000004,13.9551735612502
Приморский край,2021-04-01,12.49766018450307,-0.5967440618905293,-0.0,-0.0,-0.0,0,0,54.47838171142233,5.680000000000007,14.02424628336234
Приморский край,2021-05-01,12.09814247771075,-0.241937869195743,-0.0,-0.0,-0.0,0,1,55.70898073360357,5.109999999999999,14.16549762510621
Приморский край,2021-06-01,12.51402072620109,-0.7676306960714552,-0.0,-0.0,-0.0,0,0,56.5938258580286,5.430000000000007,13.5981424229471
Приморский край,2021-07-01,12.50898510962242,0.08560806359759354,0.0,0.0,0.0,0,0,57.57713650506551,5.650000000000006,14.03102478022722
Приморский край,2021-08-01,12.77130573525592,0.3090771946763784,0.0,0.0,0.0,1,1,57.68870928084932,5.870000000000005,13.90331495031754
Приморский край,2021-09-01,12.76529905877329,-0.6460537301930689,-0.0,-0.0,-0.0,0,0,58.60543804661946,6.359999999999999,13.82519050741679
Приморский край,2021-10-01,12.65559103676179,-0.6175372517280238,-0.0,-0.0,-0.0,0,0,59.49050711199977,6.599999999999994,13.86995615603806
Приморский край,2021-11-01,12.99106298288827,-0.12114037446266934,-0.0,-0.0,-0.0,1,0,60.40539204092755,6.890000000000001,13.79787202891066
Приморский край,2021-12-01,13.09241059289258,-0.26721650241728057,-0.0,-0.0,-0.0,0,0,59.90710009682421,7.390000000000001,13.62977930492536
Приморский край,2022-01-01,13.64985953016216,0.27464209751393653,0.0,0.0,0.0,0,0,59.82129539602374,7.359999999999999,13.53812974289703
Приморский край,2022-02-01,13.90218181884635,-0.3501956198858558,-0.0,-0.0,-0.0,0,0,60.99788985182786,7.739999999999995,12.99720911660595
Приморский край,2022-03-01,14.73484769896464,4.941478356719127,0.0,0.0,0.0,0,-1,61.73331606777649,8.0,13.31402090841025
Приморский край,2022-04-01,2.15724156248824,1.4923126339086181,0.0,0.0,0.0,-1,-1,61.76901586039016,14.95999999999999,14.13174153467841
Приморский край,2022-05-01,22.27568927141945,-1.244790623444267,-0.0,-0.0,-0.0,0,0,62.20709098320374,16.06,13.8543902177328
Приморский край,2022-06-01,20.47184492748471,-3.118179668249544,-0.0,-0.0,-0.0,0,0,61.81401177955333,15.31999999999999,13.95927369574063
Приморский край,2022-07-01,18.91873571768954,-0.386746413724417,-0.0,-0.0,-0.0,0,0,61.60564467741678,14.47,14.62906340598481
Приморский край,2022-08-01,15.84439822743544,-1.1110066252555733,-0.0,-0.0,-0.0,0,0,61.08061336267622,14.12,14.34348013389901
Приморский край,2022-09-01,16.34138752370258,1.7547062341946287,0.0,0.0,0.0,0,0,61.07785061911267,13.45999999999999,14.37025769342558
Приморский край,2022-10-01,16.60214348921529,1.2482715752793254,0.0,0.0,0.0,0,0,61.8466299094185,12.66,14.33823231913717
Приморский край,2022-11-01,17.00151754473414,0.32653909912163215,0.0,0.0,0.0,0,0,61.25914352311068,12.22,14.20894427870603
Приморский край,2022-12-01,16.91999106007511,0.14955653030453497,0.0,0.0,0.0,0,1,61.48658737262037,11.42,14.44314729994377
Приморский край,2023-01-01,17.35888437276824,0.13967960707903515,0.0,0.0,0.0,0,0,61.50084994278261,11.33,14.2301800800579
Приморский край,2023-02-01,16.66072544726376,-1.9472998218897306,-0.0,-0.0,-0.0,1,0,61.89713862550239,11.25,14.36127199252925
Приморский край,2023-03-01,15.86290582126048,-0.4649545463768856,-0.0,-0.0,-0.0,0,0,62.15871774006815,10.63,14.19563603227934
Приморский край,2023-04-01,16.39921225437677,-0.5507806832459252,-0.0,-0.0,-0.0,0,0,63.06214430456127,3.629999999999995,13.9887592371002
Приморский край,2023-05-01,16.33222361410996,-0.46521849390664727,-0.0,-0.0,-0.0,0,0,63.7562456457019,2.469999999999999,13.82347216005171
Приморский край,2023-06-01,16.26558427136582,-0.5347109788556779,-0.0,-0.0,-0.0,0,1,64.54925530054689,2.870000000000005,13.21669578975085
Приморский край,2023-07-01,16.94941058823719,-0.5497632155639387,-0.0,-0.0,-0.0,0,1,65.21472533536654,3.540000000000006,13.19006065286977
Приморский край,2023-08-01,16.343884399958,0.2078297309388475,0.0,0.0,0.0,1,0,64.97582022752569,4.579999999999998,12.94272706245782
Приморский край,2023-09-01,17.06542313584537,2.7050587479091437,0.0,0.0,0.0,0,1,66.16523726132303,6.629999999999995,12.91564076021739
Приморский край,2023-10-01,18.98241812111187,0.8633696772512707,0.0,0.0,0.0,1,0,67.40919238530465,8.239999999999995,12.83137975530056
Приморский край,2023-11-01,19.13739709046496,1.714265038508227,0.0,0.0,0.0,1,0,69.07945443530646,8.760000000000005,12.65710167879063
Приморский край,2023-12-01,19.77247666622303,-1.5282051620880424,-0.0,-0.0,-0.0,0,1,69.31661221878039,9.209999999999994,12.70816467836894
Приморский край,2024-01-01,20.23527345504846,0.6818813931607863,0.0,0.0,0.0,0,0,68.81451168466467,9.430000000000007,12.76509957627061
Приморский край,2024-02-01,23.65110945574458,-1.5559611222700127,-0.0,-0.0,-0.0,1,0,68.83681284671727,9.310000000000002,12.89571943736324
Приморский край,2024-03-01,25.90829789766055,-0.03662363343873665,-0.0,-0.0,-0.0,0,0,68.39533215893941,9.469999999999999,12.73824827973322
Приморский край,2024-04-01,25.57947188355188,-0.07535756412256944,-0.0,-0.0,-0.0,0,0,68.63438164515841,9.760000000000005,12.61383214769755
Приморский край,2024-05-01,24.25317667989485,-1.8174537430626252,-0.0,-0.0,-0.0,0,1,68.46265641507175,10.03,12.56556775048709
Приморский край,2024-06-01,23.64834965028377,-0.4392507252018447,-0.0,-0.0,-0.0,0,1,68.38396344696714,10.75,12.21097720242722
Приморский край,2024-07-01,25.20816622045168,-0.5869739684411108,-0.0,-0.0,-0.0,0,1,68.95920835700115,10.72,12.32051963427621
Приморский край,2024-08-01,25.38640087280641,1.4105522767729113,0.0,0.0,0.0,1,0,66.44660814399865,10.48,11.35576590125685
Приморский край,2024-09-01,27.92462235044131,-1.9115218364399809,-0.0,-0.0,-0.0,0,1,66.32313187549039,9.310000000000002,11.32787769831792
Приморский край,2024-10-01,28.4512412076089,0.667769408390896,0.0,0.0,0.0,1,0,65.71176616844042,8.709999999999994,11.31033058557063
Приморский край,2024-11-01,31.42152373646869,2.039278586154861,0.0,0.0,0.0,1,0,65.0680325141838,9.5,11.17782248411941
Приморский край,2024-12-01,34.45008494541592,0.34090421830265427,0.0,0.0,0.0,1,-1,62.97158212510142,9.329999999999998,11.31980751337628
Приморский край,2025-01-01,41.28995713053611,0.24822008087726388,0.0,0.0,0.0,-1,0,61.32635502078243,9.189999999999998,12.01783194332276
Приморский край,2025-02-01,34.25679290621532,0.31653560056003016,0.0,0.0,0.0,0,-1,61.39985109201859,9.620000000000005,12.00529238123408
Приморский край,2025-03-01,33.8131364291858,0.41369500741819465,0.0,0.0,0.0,-1,0,60.70563158517363,10.23999999999999,12.27456079526665
Приморский край,2025-04-01,34.68890710541603,0.5812476727093596,0.0,0.0,0.0,1,0,60.12588036209468,9.920000000000002,12.55300192306306
Приморский край,2025-05-01,37.14335188049654,0.3820181297639742,0.0,0.0,0.0,0,1,58.46678851709732,9.629999999999995,12.54208205487247
Приморский край,2025-06-01,34.3415397312589,0.6128194128495359,0.0,0.0,0.0,0,0,58.11557867493522,9.170000000000002,12.66893288184349
Приморский край,2025-07-01,35.94292018764304,-0.2977272507310609,-0.0,-0.0,-0.0,0,0,57.5296282842262,9.689999999999998,13.07494018583179
Приморский край,2025-08-01,33.47888573018567,-1.399483474742535,-0.0,-0.0,-0.0,1,0,56.45932998742818,8.780000000000001,12.27320549202421
Приморский край,2025-09-01,33.90262240732965,0.2588989388809786,0.0,0.0,0.0,0,0,56.48033392587525,8.530000000000001,12.33665560019494
Приморский край,2025-10-01,30.93955335990144,-0.43597080805563593,-0.0,-0.0,-0.0,-1,0,56.31357722051749,8.269999999999996,12.39546470067687
Приморский край,2025-11-01,30.44975489047226,-0.19410526130430839,-0.0,-0.0,-0.0,1,1,56.18358999409555,7.200000000000003,12.30496565502952
Приморский край,2025-12-01,31.36758474072362,0.2813157398373711,0.0,0.0,0.0,0,0,56.00241646977795,7.299999999999997,12.53930189045642
Псковская область,2019-03-01,15.20344346674877,0.7128714995200838,0.0,0.0,0.0,0,0,56.54438740504539,5.769999999999996,13.82852709244913
Псковская область,2019-04-01,15.08991939605614,0.6911493920479934,0.0,0.0,0.0,0,0,56.998126136747,5.459999999999994,13.84800295795504
Псковская область,2019-05-01,15.17781628134177,0.45783100689424217,0.0,0.0,0.0,1,0,58.3445706166064,5.299999999999997,13.69054793677149
Псковская область,2019-06-01,15.42325341415395,0.5041451542673663,0.0,0.0,0.0,0,0,58.70866895545708,4.939999999999998,13.62454761908541
Псковская область,2019-07-01,15.41905134931479,0.14629311794748645,0.0,0.0,0.0,0,1,58.90542334494337,4.680000000000007,13.39300013002963
Псковская область,2019-08-01,15.28175014557286,0.061654111534494405,0.0,0.0,0.0,0,0,56.05237800568828,4.790000000000006,13.61761655811425
Псковская область,2019-09-01,14.92795890161227,0.2864871600654304,0.0,0.0,0.0,0,0,56.54460904169396,4.439999999999998,13.64403058545359
Псковская область,2019-10-01,14.7094554586527,0.199118629193201,0.0,0.0,0.0,0,0,56.86504631104999,4.010000000000005,13.81934452676628
Псковская область,2019-11-01,15.10177042826468,-0.3451712223245451,-0.0,-0.0,-0.0,1,0,61.3170496444272,3.700000000000003,13.7231946247067
Псковская область,2019-12-01,14.7282034794552,-0.11071296164861266,-0.0,-0.0,-0.0,0,0,61.75010632495611,3.120000000000005,13.76524982456193
Псковская область,2020-01-01,14.46568335706845,0.4934187707708695,0.0,0.0,0.0,0,0,61.89066356462073,2.340000000000003,13.66481552153406
Псковская область,2020-02-01,14.51713083584753,0.717717316165718,0.0,0.0,0.0,0,0,65.17482783109065,1.75,13.64063013025811
Псковская область,2020-03-01,14.55567540382493,0.5448138582658153,0.0,0.0,0.0,0,0,65.28691280628081,1.420000000000002,13.78342932660753
Псковская область,2020-04-01,14.21374928854834,0.24910450663146122,0.0,0.0,0.0,0,-1,65.70532397184805,1.980000000000004,13.51801256561037
Псковская область,2020-05-01,13.90125989193874,0.12930980432325967,0.0,0.0,0.0,-1,0,64.90946046533651,2.549999999999997,14.3102602648798
Псковская область,2020-06-01,14.22156507561579,0.4216232562547013,0.0,0.0,0.0,0,0,64.40994335992617,2.780000000000001,14.26983563015195
Псковская область,2020-07-01,14.02130210139695,-1.5016319110366503,-0.0,-0.0,-0.0,0,0,64.59052602883249,2.620000000000005,14.4150323198429
Псковская область,2020-08-01,13.57309386006456,-0.8645661305373835,-0.0,-0.0,-0.0,0,0,61.3775467657383,3.079999999999998,14.39099653636974
Псковская область,2020-09-01,13.4363011413294,-0.7937016241842549,-0.0,-0.0,-0.0,0,-1,62.18001606686497,3.510000000000005,14.2794199812603
Псковская область,2020-10-01,13.39382221992426,-1.2364929674992595,-0.0,-0.0,-0.0,-1,0,63.13324703331708,3.469999999999999,14.52171514055581
Псковская область,2020-11-01,13.05923561268565,-1.3589786818048175,-0.0,-0.0,-0.0,0,0,63.5579519701671,3.819999999999993,13.96064986092166
Псковская область,2020-12-01,13.30593309861677,-1.7089361724181273,-0.0,-0.0,-0.0,0,0,63.69742639722933,4.349999999999994,14.0792975079886
Псковская область,2021-01-01,12.98958061070998,3.0895976215913166,0.0,0.0,0.0,0,0,63.8540741062685,4.909999999999997,14.07670197301529
Псковская область,2021-02-01,12.90179267471196,-0.05176615786507455,-0.0,-0.0,-0.0,0,0,70.23887075524016,5.310000000000002,14.09669329514293
Псковская область,2021-03-01,12.99183468223017,-0.6104025253424652,-0.0,-0.0,-0.0,0,0,70.7263563706199,5.859999999999999,14.08279389052836
Псковская область,2021-04-01,12.93442675214101,-0.5967440618905293,-0.0,-0.0,-0.0,0,0,71.4542056458042,5.640000000000001,14.16805026413893
Псковская область,2021-05-01,12.67769044258167,-0.241937869195743,-0.0,-0.0,-0.0,0,1,63.5486868485168,5.239999999999995,14.22784792827196
Псковская область,2021-06-01,12.93697993789529,-0.7676306960714552,-0.0,-0.0,-0.0,0,0,64.27872431189653,5.430000000000007,13.69189000115351
Псковская область,2021-07-01,12.9281911998714,0.08560806359759354,0.0,0.0,0.0,0,0,65.01401415115426,5.739999999999995,14.11148865466455
Псковская область,2021-08-01,13.1304085619268,0.3090771946763784,0.0,0.0,0.0,1,1,63.65010528453264,5.469999999999999,13.95544576614038
Псковская область,2021-09-01,12.87824339650991,-0.6460537301930689,-0.0,-0.0,-0.0,0,0,64.33375195701136,5.620000000000005,13.84893313896142
Псковская область,2021-10-01,13.01590990409948,-0.6175372517280238,-0.0,-0.0,-0.0,0,0,64.50770972374339,6.689999999999998,13.89941319467626
Псковская область,2021-11-01,13.4091667562799,-0.12114037446266934,-0.0,-0.0,-0.0,1,0,67.07063778558492,7.840000000000003,13.85933901637259
Псковская область,2021-12-01,13.72622485167009,-0.26721650241728057,-0.0,-0.0,-0.0,0,0,66.99085301349277,8.099999999999994,13.71809470433442
Псковская область,2022-01-01,13.93967350230213,0.27464209751393653,0.0,0.0,0.0,0,0,66.86354376501227,8.060000000000002,13.69550837165112
Псковская область,2022-02-01,14.06850296204075,-0.3501956198858558,-0.0,-0.0,-0.0,0,0,70.59930991450169,8.480000000000004,13.14551526369515
Псковская область,2022-03-01,14.06210176806792,4.941478356719127,0.0,0.0,0.0,0,-1,70.88647241613597,8.420000000000002,13.54206921243687
Псковская область,2022-04-01,18.13203526173802,1.4923126339086181,0.0,0.0,0.0,-1,-1,69.99120459462277,15.89,14.46221185173046
Псковская область,2022-05-01,20.36532855873265,-1.244790623444267,-0.0,-0.0,-0.0,0,0,68.40209056556381,17.28,14.28362392646626
Псковская область,2022-06-01,20.20026512981259,-3.118179668249544,-0.0,-0.0,-0.0,0,0,67.43339666600346,16.84,14.36100763076236
Псковская область,2022-07-01,19.06333864970923,-0.386746413724417,-0.0,-0.0,-0.0,0,0,66.73901939086878,16.43000000000001,15.02106820784862
Псковская область,2022-08-01,16.9684906948862,-1.1110066252555733,-0.0,-0.0,-0.0,0,0,65.68535231315195,15.5,14.78091507150394
Псковская область,2022-09-01,16.89546780450039,1.7547062341946287,0.0,0.0,0.0,0,0,65.4941279850424,14.72,14.82415838402821
Псковская область,2022-10-01,17.39025090638555,1.2482715752793254,0.0,0.0,0.0,0,0,65.9894629067232,13.76000000000001,14.81217011980235
Псковская область,2022-11-01,16.25804437275391,0.32653909912163215,0.0,0.0,0.0,0,0,65.57484633681985,11.86,14.71301843523197
Псковская область,2022-12-01,17.87289039911251,0.14955653030453497,0.0,0.0,0.0,0,1,65.6935641430643,11.58,14.92818440582949
Псковская область,2023-01-01,18.72097347300026,0.13967960707903515,0.0,0.0,0.0,0,0,65.80049180180083,12.04000000000001,14.67660046005082
Псковская область,2023-02-01,16.77546184178575,-1.9472998218897306,-0.0,-0.0,-0.0,1,0,65.03735739564091,11.23999999999999,14.83391857873429
Псковская область,2023-03-01,16.55797521356056,-0.4649545463768856,-0.0,-0.0,-0.0,0,0,64.84814588293825,11.3,14.69302726276222
Псковская область,2023-04-01,16.5235161912769,-0.5507806832459252,-0.0,-0.0,-0.0,0,0,65.21979057824788,3.879999999999995,14.47511848131072
Псковская область,2023-05-01,16.4875635926177,-0.46521849390664727,-0.0,-0.0,-0.0,0,0,64.8521164801723,1.959999999999994,14.35213348435247
Псковская область,2023-06-01,16.78667226714174,-0.5347109788556779,-0.0,-0.0,-0.0,0,1,64.99848513366499,1.969999999999999,13.72340652379086
Псковская область,2023-07-01,16.45911582474736,-0.5497632155639387,-0.0,-0.0,-0.0,0,1,65.46939535610107,2.680000000000007,13.75994140906989
Псковская область,2023-08-01,16.28406060588203,0.2078297309388475,0.0,0.0,0.0,1,0,65.71524754181041,3.390000000000001,13.48524729093849
Псковская область,2023-09-01,16.89362129306118,2.7050587479091437,0.0,0.0,0.0,0,1,66.76856869741515,4.390000000000001,13.3637590990139
Псковская область,2023-10-01,18.80616797166314,0.8633696772512707,0.0,0.0,0.0,1,0,67.80416230617026,5.140000000000001,13.25930477428923
Псковская область,2023-11-01,19.33557893130782,1.714265038508227,0.0,0.0,0.0,1,0,67.74489716457848,5.920000000000002,12.97308401280895
Псковская область,2023-12-01,20.79223195435895,-1.5282051620880424,-0.0,-0.0,-0.0,0,1,67.64172162693758,6.25,13.04773697409259
Псковская область,2024-01-01,20.91753945010576,0.6818813931607863,0.0,0.0,0.0,0,0,66.34515105699337,6.030000000000001,13.05735299780834
Псковская область,2024-02-01,22.71979417443705,-1.5559611222700127,-0.0,-0.0,-0.0,1,0,66.11175530553393,6.939999999999998,13.14959109913812
Псковская область,2024-03-01,23.7902054101674,-0.03662363343873665,-0.0,-0.0,-0.0,0,0,65.48569670187842,6.540000000000006,13.07142452152678
Псковская область,2024-04-01,22.82599268702964,-0.07535756412256944,-0.0,-0.0,-0.0,0,0,65.40689153793511,6.519999999999996,12.99218773575182
Псковская область,2024-05-01,23.09595387728629,-1.8174537430626252,-0.0,-0.0,-0.0,0,1,64.77038381511402,7.189999999999998,12.99643967894723
Псковская область,2024-06-01,23.38762437619706,-0.4392507252018447,-0.0,-0.0,-0.0,0,1,64.71666459670934,7.579999999999998,12.5891774337921
Псковская область,2024-07-01,23.9444798374913,-0.5869739684411108,-0.0,-0.0,-0.0,0,1,64.95064292118731,7.709999999999994,12.6488134828876
Псковская область,2024-08-01,24.10446568475106,1.4105522767729113,0.0,0.0,0.0,1,0,63.11396640048521,8.469999999999999,11.7076338524593
Псковская область,2024-09-01,26.07912716810672,-1.9115218364399809,-0.0,-0.0,-0.0,0,1,62.57729065768643,8.060000000000002,11.66483508328717
Псковская область,2024-10-01,25.95121945017327,0.667769408390896,0.0,0.0,0.0,1,0,61.73756834231192,7.739999999999995,11.67418054803882
Псковская область,2024-11-01,26.85397603471615,2.039278586154861,0.0,0.0,0.0,1,0,60.22952140594168,7.640000000000001,11.49425054480553
Псковская область,2024-12-01,27.98949890782652,0.34090421830265427,0.0,0.0,0.0,1,-1,56.93019475764793,8.120000000000005,11.66128491049008
Псковская область,2025-01-01,28.7518953604725,0.24822008087726388,0.0,0.0,0.0,-1,0,54.71796058605648,8.469999999999999,12.28820533818959
Псковская область,2025-02-01,30.26387973797781,0.31653560056003016,0.0,0.0,0.0,0,-1,53.86260694870093,8.159999999999997,12.32547120182166
Псковская область,2025-03-01,31.76184846811223,0.41369500741819465,0.0,0.0,0.0,-1,0,52.99754862072857,8.739999999999995,12.62665562351953
Псковская область,2025-04-01,31.09586236027222,0.5812476727093596,0.0,0.0,0.0,1,0,52.17165516938107,9.819999999999993,12.90639793767376
Псковская область,2025-05-01,29.19910543034829,0.3820181297639742,0.0,0.0,0.0,0,1,51.74007973315346,10.09,12.81346207165029
Псковская область,2025-06-01,29.4716949464988,0.6128194128495359,0.0,0.0,0.0,0,0,51.11312617349078,10.13,12.87736282423592
Псковская область,2025-07-01,28.4163979591702,-0.2977272507310609,-0.0,-0.0,-0.0,0,0,50.19717576470659,9.930000000000007,13.31144710709358
Псковская область,2025-08-01,26.53373388100418,-1.399483474742535,-0.0,-0.0,-0.0,1,0,49.19504601820645,9.260000000000005,12.45726952107926
Псковская область,2025-09-01,25.68180252944202,0.2588989388809786,0.0,0.0,0.0,0,0,49.13701119658413,8.730000000000004,12.49250515167275
Псковская область,2025-10-01,24.68558987440624,-0.43597080805563593,-0.0,-0.0,-0.0,-1,0,48.77541520193079,9.049999999999997,12.55025668316018
Псковская область,2025-11-01,25.57391825772634,-0.19410526130430839,-0.0,-0.0,-0.0,1,1,48.74141788485268,8.939999999999998,12.39511483470385
Псковская область,2025-12-01,25.75269422749512,0.2813157398373711,0.0,0.0,0.0,0,0,48.55618094069812,8.14,12.68267471061222
Республика Алтай,2019-03-01,15.94688195141411,0.7128714995200838,0.0,0.0,0.7128714995200838,0,0,53.04414371081842,3.420000000000002,14.24854151409617
Республика Алтай,2019-04-01,15.67299148579426,0.6911493920479934,0.0,0.0,0.6911493920479934,0,0,53.74348932538607,3.420000000000002,14.14931318424279
Республика Алтай,2019-05-01,15.74623170393476,0.45783100689424217,0.0,0.0,0.45783100689424217,1,0,53.92823826469907,3.079999999999998,14.19426293495518
Республика Алтай,2019-06-01,15.90449509589854,0.5041451542673663,0.0,0.0,0.5041451542673663,0,0,54.81982294863981,3.090000000000003,14.10705092652112
Республика Алтай,2019-07-01,15.74061721499404,0.14629311794748645,0.0,0.0,0.14629311794748645,0,1,55.86394385983705,2.439999999999998,13.80465426846555
Республика Алтай,2019-08-01,15.82928530587216,0.061654111534494405,0.0,0.0,0.061654111534494405,0,0,57.28582056079703,2.370000000000005,14.0825528183764
Республика Алтай,2019-09-01,15.59473824042172,0.2864871600654304,0.0,0.0,0.2864871600654304,0,0,58.33267998010348,1.439999999999998,14.16837831045594
Республика Алтай,2019-10-01,15.139710863093,0.199118629193201,0.0,0.0,0.199118629193201,0,0,58.97958070172712,1.670000000000002,14.2721508209842
Республика Алтай,2019-11-01,15.73704334096415,-0.3451712223245451,-0.0,-0.0,-0.3451712223245451,1,0,58.83846451942839,1.560000000000002,14.19540588402257
Республика Алтай,2019-12-01,15.33670877447726,-0.11071296164861266,-0.0,-0.0,-0.11071296164861266,0,0,59.20251590409773,1.719999999999999,14.19635183008128
Республика Алтай,2020-01-01,14.86586109801993,0.4934187707708695,0.0,0.0,0.4934187707708695,0,0,59.18921166742002,1.950000000000003,14.11347281405658
Республика Алтай,2020-02-01,15.0050730501641,0.717717316165718,0.0,0.0,0.717717316165718,0,0,60.19598884054938,1.909999999999997,13.9904907620889
Республика Алтай,2020-03-01,15.16551258104849,0.5448138582658153,0.0,0.0,0.5448138582658153,0,0,60.46028003270788,1.590000000000003,14.10202075406472
Республика Алтай,2020-04-01,14.91665654029752,0.24910450663146122,0.0,0.0,0.24910450663146122,0,-1,61.3234495677474,1.519999999999996,13.79437519124293
Республика Алтай,2020-05-01,15.07767563258322,0.12930980432325967,0.0,0.0,0.12930980432325967,-1,0,59.4138784608167,2.590000000000003,14.7577099486023
Республика Алтай,2020-06-01,14.80583319363537,0.4216232562547013,0.0,0.0,0.4216232562547013,0,0,59.17592494931058,2.5,14.76677514377815
Республика Алтай,2020-07-01,14.35109550976014,-1.5016319110366503,-0.0,-0.0,-1.5016319110366503,0,0,59.49031798203189,3.140000000000001,14.89947902753264
Республика Алтай,2020-08-01,13.85969292198263,-0.8645661305373835,-0.0,-0.0,-0.8645661305373835,0,0,57.56490036902149,3.010000000000005,14.98385527661528
Республика Алтай,2020-09-01,14.03979715374558,-0.7937016241842549,-0.0,-0.0,-0.7937016241842549,0,-1,58.09120668274108,3.799999999999997,14.79092561190873
Республика Алтай,2020-10-01,14.03512009409389,-1.2364929674992595,-0.0,-0.0,-1.2364929674992595,-1,0,58.51751513266582,3.450000000000003,14.97993583897295
Республика Алтай,2020-11-01,14.46888791445233,-1.3589786818048175,-0.0,-0.0,-1.3589786818048175,0,0,59.84640726202897,3.299999999999997,14.31048700362348
Республика Алтай,2020-12-01,13.9411003502893,-1.7089361724181273,-0.0,-0.0,-1.7089361724181273,0,0,60.33963647362571,3.909999999999997,14.4694057930629
Республика Алтай,2021-01-01,13.9750686721922,3.0895976215913166,0.0,0.0,3.0895976215913166,0,0,60.53340381759897,4.159999999999997,14.44086421747321
Республика Алтай,2021-02-01,13.91468413078622,-0.05176615786507455,-0.0,-0.0,-0.05176615786507455,0,0,62.36268836487442,4.219999999999999,14.5086363688537
Республика Алтай,2021-03-01,13.70694580198214,-0.6104025253424652,-0.0,-0.0,-0.6104025253424652,0,0,62.86910312142644,4.200000000000003,14.48446006912118
Республика Алтай,2021-04-01,13.4442992315355,-0.5967440618905293,-0.0,-0.0,-0.5967440618905293,0,0,64.08130334456872,4.680000000000007,14.41604246325176
Республика Алтай,2021-05-01,13.09403525744268,-0.241937869195743,-0.0,-0.0,-0.241937869195743,0,1,64.90780018397243,4.280000000000001,14.56365860411598
Республика Алтай,2021-06-01,13.802734550069,-0.7676306960714552,-0.0,-0.0,-0.7676306960714552,0,0,66.72728626156173,4.549999999999997,13.84642662998612
Республика Алтай,2021-07-01,14.02429730900376,0.08560806359759354,0.0,0.0,0.08560806359759354,0,0,67.86754585467499,4.540000000000006,14.25059366581
Республика Алтай,2021-08-01,14.01099183600486,0.3090771946763784,0.0,0.0,0.3090771946763784,1,1,72.32461568932519,5.569999999999993,14.07684391703534
Республика Алтай,2021-09-01,13.95352319673814,-0.6460537301930689,-0.0,-0.0,-0.6460537301930689,0,0,73.76056048412345,6.709999999999994,13.98298331606692
Республика Алтай,2021-10-01,13.93168784776607,-0.6175372517280238,-0.0,-0.0,-0.6175372517280238,0,0,74.20869453214296,6.629999999999995,14.20550783344844
Республика Алтай,2021-11-01,14.62291933494317,-0.12114037446266934,-0.0,-0.0,-0.12114037446266934,1,0,73.95554674068264,7.75,14.03267027519028
Республика Алтай,2021-12-01,14.78112985759471,-0.26721650241728057,-0.0,-0.0,-0.26721650241728057,0,0,74.65316312957326,7.780000000000001,13.92776797492865
Республика Алтай,2022-01-01,14.41534057775315,0.27464209751393653,0.0,0.0,0.27464209751393653,0,0,75.12679382769807,8.310000000000002,13.93036867090636
Республика Алтай,2022-02-01,14.79914986146613,-0.3501956198858558,-0.0,-0.0,-0.3501956198858558,0,0,78.12518554216321,9.079999999999998,13.38197349292999
Республика Алтай,2022-03-01,14.85938782992716,4.941478356719127,0.0,0.0,4.941478356719127,0,-1,78.41714589431894,10.03,13.6504354763577
Республика Алтай,2022-04-01,20.77212945720041,1.4923126339086181,0.0,0.0,1.4923126339086181,-1,-1,77.87075803167951,18.12,14.49875388872859
Республика Алтай,2022-05-01,20.77022398146206,-1.244790623444267,-0.0,-0.0,-1.244790623444267,0,0,75.64888903829291,19.95999999999999,14.38544427495204
Республика Алтай,2022-06-01,21.43350326419018,-3.118179668249544,-0.0,-0.0,-3.118179668249544,0,0,74.81419256512804,19.42,14.40324750347547
Республика Алтай,2022-07-01,19.79941430095641,-0.386746413724417,-0.0,-0.0,-0.386746413724417,0,0,74.1370845981728,18.62,15.02161249369499
Республика Алтай,2022-08-01,17.75778454266096,-1.1110066252555733,-0.0,-0.0,-1.1110066252555733,0,0,73.99373079969754,17.47,14.83317106903402
Республика Алтай,2022-09-01,17.54830010914512,1.7547062341946287,0.0,0.0,1.7547062341946287,0,0,74.01468611607966,15.97,14.85026852205484
Республика Алтай,2022-10-01,17.75839577113645,1.2482715752793254,0.0,0.0,1.2482715752793254,0,0,73.89273261027644,16.38,14.8056739719884
Республика Алтай,2022-11-01,17.59756480215783,0.32653909912163215,0.0,0.0,0.32653909912163215,0,0,74.2451123356536,15.48999999999999,14.68336481518494
Республика Алтай,2022-12-01,18.06172489818712,0.14955653030453497,0.0,0.0,0.14955653030453497,0,1,74.6255075578139,14.73999999999999,14.89776904789237
Республика Алтай,2023-01-01,18.58200184032264,0.13967960707903515,0.0,0.0,0.13967960707903515,0,0,74.59726157911135,13.91,14.61914969856993
Республика Алтай,2023-02-01,18.09871909775044,-1.9472998218897306,-0.0,-0.0,-1.9472998218897306,1,0,78.06859825129378,13.55,14.74593033804184
Республика Алтай,2023-03-01,17.4566578003863,-0.4649545463768856,-0.0,-0.0,-0.4649545463768856,0,0,77.6708778686858,12.34,14.60386805131061
Республика Алтай,2023-04-01,17.53062023464672,-0.5507806832459252,-0.0,-0.0,-0.5507806832459252,0,0,78.42592519593367,4.170000000000002,14.51882865788136
Республика Алтай,2023-05-01,17.54552736005787,-0.46521849390664727,-0.0,-0.0,-0.46521849390664727,0,0,71.45717951585614,2.340000000000003,14.56166718950375
Республика Алтай,2023-06-01,17.57075487186575,-0.5347109788556779,-0.0,-0.0,-0.5347109788556779,0,1,72.39333750890505,2.659999999999997,13.8078616831804
Республика Алтай,2023-07-01,17.14283379517965,-0.5497632155639387,-0.0,-0.0,-0.5497632155639387,0,1,73.14846949124797,3.620000000000005,13.83078799606981
Республика Алтай,2023-08-01,16.99657104694271,0.2078297309388475,0.0,0.0,0.2078297309388475,1,0,75.01451852331404,3.879999999999995,13.49116683564479
Республика Алтай,2023-09-01,17.60943230032717,2.7050587479091437,0.0,0.0,2.7050587479091437,0,1,76.7865244868382,4.420000000000002,13.34373140181227
Республика Алтай,2023-10-01,19.65511139989222,0.8633696772512707,0.0,0.0,0.8633696772512707,1,0,77.86405833966187,5.120000000000005,13.27261888839984
Республика Алтай,2023-11-01,20.39108654237872,1.714265038508227,0.0,0.0,1.714265038508227,1,0,77.74388284188142,5.590000000000003,13.05421121923184
Республика Алтай,2023-12-01,22.55833365661406,-1.5282051620880424,-0.0,-0.0,-1.5282051620880424,0,1,77.97324606025327,6.959999999999994,13.02857393105578
Республика Алтай,2024-01-01,21.87744463124576,0.6818813931607863,0.0,0.0,0.6818813931607863,0,0,76.80579688380017,7.450000000000003,13.11691766288832
Республика Алтай,2024-02-01,24.37649918191204,-1.5559611222700127,-0.0,-0.0,-1.5559611222700127,1,0,77.5149821927671,7.680000000000007,13.18518319251652
Республика Алтай,2024-03-01,24.72184228244834,-0.03662363343873665,-0.0,-0.0,-0.03662363343873665,0,0,77.40638574811683,8.769999999999996,13.06866045151897
Республика Алтай,2024-04-01,23.77298413827291,-0.07535756412256944,-0.0,-0.0,-0.07535756412256944,0,0,78.29079626845943,8.659999999999997,12.98615344218994
Республика Алтай,2024-05-01,23.61807716505735,-1.8174537430626252,-0.0,-0.0,-1.8174537430626252,0,1,80.96137250347726,8.780000000000001,12.99211540249114
Республика Алтай,2024-06-01,24.04644266903921,-0.4392507252018447,-0.0,-0.0,-0.4392507252018447,0,1,81.45489432963568,9.260000000000005,12.55907473378584
Республика Алтай,2024-07-01,24.65269668540086,-0.5869739684411108,-0.0,-0.0,-0.5869739684411108,0,1,82.02546019607307,9.64,12.67723253654459
Республика Алтай,2024-08-01,25.45546953396884,1.4105522767729113,0.0,0.0,1.4105522767729113,1,0,80.69244442122954,10.75,11.58796469695883
Республика Алтай,2024-09-01,26.56103016408762,-1.9115218364399809,-0.0,-0.0,-1.9115218364399809,0,1,80.66742855951877,11.44,11.52174283619931
Республика Алтай,2024-10-01,26.94312684225191,0.667769408390896,0.0,0.0,0.667769408390896,1,0,78.7741492187784,10.98,11.52239466722837
Республика Алтай,2024-11-01,28.10625808964853,2.039278586154861,0.0,0.0,2.039278586154861,1,0,75.03822132965068,10.89,11.34203855121402
Республика Алтай,2024-12-01,29.45296928452012,0.34090421830265427,0.0,0.0,0.34090421830265427,1,-1,73.21220689710529,9.950000000000003,11.50496446704309
Республика Алтай,2025-01-01,29.63966806472404,0.24822008087726388,0.0,0.0,0.24822008087726388,-1,0,70.0058041621987,10.55,12.21981299660103
Республика Алтай,2025-02-01,31.49190011756077,0.31653560056003016,0.0,0.0,0.31653560056003016,0,-1,70.84185337203289,11.04000000000001,12.20297920559005
Республика Алтай,2025-03-01,33.69626920895198,0.41369500741819465,0.0,0.0,0.41369500741819465,-1,0,69.65834127050982,10.17,12.49303966958624
Республика Алтай,2025-04-01,34.28985209632749,0.5812476727093596,0.0,0.0,0.5812476727093596,1,0,68.85084235051553,10.86,12.74194966101666
Республика Алтай,2025-05-01,32.43203456553587,0.3820181297639742,0.0,0.0,0.3820181297639742,0,1,66.28152153478257,10.92,12.69245333013757
Республика Алтай,2025-06-01,30.76126257079211,0.6128194128495359,0.0,0.0,0.6128194128495359,0,0,65.40045493820243,10.48,12.78470431519387
Республика Алтай,2025-07-01,30.60418239713038,-0.2977272507310609,-0.0,-0.0,-0.2977272507310609,0,0,65.43774024642542,9.560000000000002,13.11239440277285
Республика Алтай,2025-08-01,29.87693532346994,-1.399483474742535,-0.0,-0.0,-1.399483474742535,1,0,63.8656367170053,8.150000000000006,12.27365453190778
Республика Алтай,2025-09-01,28.16477262604299,0.2588989388809786,0.0,0.0,0.2588989388809786,0,0,63.57425755928124,6.469999999999999,12.2954830917913
Республика Алтай,2025-10-01,28.81798982791876,-0.43597080805563593,-0.0,-0.0,-0.43597080805563593,-1,0,63.2624754267984,5.650000000000006,12.31884649844709
Республика Алтай,2025-11-01,28.60774127472287,-0.19410526130430839,-0.0,-0.0,-0.19410526130430839,1,1,62.79043453633574,6.319999999999993,12.25361199225042
Республика Алтай,2025-12-01,27.75870517900232,0.2813157398373711,0.0,0.0,0.2813157398373711,0,0,62.19560587717871,5.890000000000001,12.56323044923579
Республика Башкортостан,2019-03-01,15.13956971158658,0.7128714995200838,0.7128714995200838,0.0,0.0,0,0,61.37251668256464,5.260000000000005,13.66759872563901
Республика Башкортостан,2019-04-01,14.86282090890298,0.6911493920479934,0.6911493920479934,0.0,0.0,0,0,61.88400804577036,5.239999999999995,13.64548712749342
Республика Башкортостан,2019-05-01,14.9147852086314,0.45783100689424217,0.45783100689424217,0.0,0.0,1,0,62.58709002875227,5.140000000000001,13.66674481895529
Республика Башкортостан,2019-06-01,15.06765991025199,0.5041451542673663,0.5041451542673663,0.0,0.0,0,0,63.20091089407723,5.299999999999997,13.60918412029719
Республика Башкортостан,2019-07-01,14.95751439474567,0.14629311794748645,0.14629311794748645,0.0,0.0,0,1,63.20113745889741,4.939999999999998,13.42325533517189
Республика Башкортостан,2019-08-01,14.89121052723785,0.061654111534494405,0.061654111534494405,0.0,0.0,0,0,64.16300314500903,4.75,13.64641238719288
Республика Башкортостан,2019-09-01,14.65459627068925,0.2864871600654304,0.2864871600654304,0.0,0.0,0,0,64.79814390491879,4.469999999999999,13.75303508212946
Республика Башкортостан,2019-10-01,14.46523830574107,0.199118629193201,0.199118629193201,0.0,0.0,0,0,65.5233059727775,4.079999999999998,13.87222960173501
Республика Башкортостан,2019-11-01,14.60713561264087,-0.3451712223245451,-0.3451712223245451,-0.0,-0.0,1,0,64.32188218259536,4.099999999999994,13.7316836489174
Республика Башкортостан,2019-12-01,14.26120674688145,-0.11071296164861266,-0.11071296164861266,-0.0,-0.0,0,0,64.77020454716211,3.579999999999998,13.73303399291622
Республика Башкортостан,2020-01-01,14.02734009363546,0.4934187707708695,0.4934187707708695,0.0,0.0,0,0,64.96619498957241,2.870000000000005,13.64871665527388
Республика Башкортостан,2020-02-01,14.23804980793089,0.717717316165718,0.717717316165718,0.0,0.0,0,0,67.27063126081116,2.340000000000003,13.5935826105453
Республика Башкортостан,2020-03-01,14.20186838452059,0.5448138582658153,0.5448138582658153,0.0,0.0,0,0,67.44232503345567,2.209999999999994,13.68023556126966
Республика Башкортостан,2020-04-01,13.65702269078798,0.24910450663146122,0.24910450663146122,0.0,0.0,0,-1,68.33776642413449,2.819999999999993,13.36358609581265
Республика Башкортостан,2020-05-01,14.03194622728799,0.12930980432325967,0.12930980432325967,0.0,0.0,-1,0,66.04119799355017,3.75,14.15971221384092
Республика Башкортостан,2020-06-01,14.02741687800569,0.4216232562547013,0.4216232562547013,0.0,0.0,0,0,66.1845413734996,3.510000000000005,14.16658981662029
Республика Башкортостан,2020-07-01,13.74220794088776,-1.5016319110366503,-1.5016319110366503,-0.0,-0.0,0,0,66.68461300964331,3.430000000000007,14.32158374427511
Республика Башкортостан,2020-08-01,13.4263782635926,-0.8645661305373835,-0.8645661305373835,-0.0,-0.0,0,0,65.75773216546085,3.370000000000005,14.27816559806043
Республика Башкортостан,2020-09-01,13.36697257217048,-0.7937016241842549,-0.7937016241842549,-0.0,-0.0,0,-1,66.7754346924068,3.760000000000005,14.19723020472007
Республика Башкортостан,2020-10-01,13.14969157938772,-1.2364929674992595,-1.2364929674992595,-0.0,-0.0,-1,0,67.74542605223206,3.959999999999994,14.33190656709547
Республика Башкортостан,2020-11-01,12.87827177834102,-1.3589786818048175,-1.3589786818048175,-0.0,-0.0,0,0,69.13509050957599,3.930000000000007,13.80175550582596
Республика Башкортостан,2020-12-01,12.9155517514439,-1.7089361724181273,-1.7089361724181273,-0.0,-0.0,0,0,69.2032748704774,4.590000000000003,13.99153345161634
Республика Башкортостан,2021-01-01,12.55410675751382,3.0895976215913166,3.0895976215913166,0.0,0.0,0,0,68.84821836443389,5.019999999999996,14.00902565392009
Республика Башкортостан,2021-02-01,12.72773406755194,-0.05176615786507455,-0.05176615786507455,-0.0,-0.0,0,0,68.79366263535071,5.230000000000004,14.02352457651487
Республика Башкортостан,2021-03-01,12.5660625433136,-0.6104025253424652,-0.6104025253424652,-0.0,-0.0,0,0,69.56425306315053,5.370000000000005,14.01666346443179
Республика Башкортостан,2021-04-01,12.39754487590493,-0.5967440618905293,-0.5967440618905293,-0.0,-0.0,0,0,70.6119087406105,5.189999999999998,14.07877975684846
Республика Башкортостан,2021-05-01,12.31755152734358,-0.241937869195743,-0.241937869195743,-0.0,-0.0,0,1,72.90816855277448,5.120000000000005,14.18632607287291
Республика Башкортостан,2021-06-01,12.55298585471454,-0.7676306960714552,-0.7676306960714552,-0.0,-0.0,0,0,73.96236833123912,5.989999999999995,13.64295637955969
Республика Башкортостан,2021-07-01,12.63261610539676,0.08560806359759354,0.08560806359759354,0.0,0.0,0,0,75.34811645348246,6.689999999999998,14.0379653519314
Республика Башкортостан,2021-08-01,12.73797502173565,0.3090771946763784,0.3090771946763784,0.0,0.0,1,1,76.68735281987195,6.859999999999999,13.88379869555188
Республика Башкортостан,2021-09-01,12.66269029938191,-0.6460537301930689,-0.6460537301930689,-0.0,-0.0,0,0,77.8191370644561,6.939999999999998,13.81559123895606
Республика Башкортостан,2021-10-01,12.64597884357665,-0.6175372517280238,-0.6175372517280238,-0.0,-0.0,0,0,78.59385158505356,7.620000000000005,13.86400317418452
Республика Башкортостан,2021-11-01,13.11724475405348,-0.12114037446266934,-0.12114037446266934,-0.0,-0.0,1,0,78.96347848851974,7.890000000000001,13.88739475364932
Республика Башкортостан,2021-12-01,13.24395496752734,-0.26721650241728057,-0.26721650241728057,-0.0,-0.0,0,0,79.14397413549653,8.480000000000004,13.72442035624697
Республика Башкортостан,2022-01-01,13.11908445394018,0.27464209751393653,0.27464209751393653,0.0,0.0,0,0,79.72133920793767,8.709999999999994,13.71884289272204
Республика Башкортостан,2022-02-01,13.69251490414975,-0.3501956198858558,-0.3501956198858558,-0.0,-0.0,0,0,79.00915030349721,9.370000000000005,13.16491051246345
Республика Башкортостан,2022-03-01,13.81401516943023,4.941478356719127,4.941478356719127,0.0,0.0,0,-1,79.56007076979066,10.04000000000001,13.54404048574522
Республика Башкортостан,2022-04-01,20.32186717260847,1.4923126339086181,1.4923126339086181,0.0,0.0,-1,-1,78.83085717355492,19.51000000000001,14.37641418910587
Республика Башкортостан,2022-05-01,22.74503660246027,-1.244790623444267,-1.244790623444267,-0.0,-0.0,0,0,78.33819866114501,20.09,14.26648354309329
Республика Башкортостан,2022-06-01,21.52439542852858,-3.118179668249544,-3.118179668249544,-0.0,-0.0,0,0,77.13945227373371,18.76000000000001,14.38945354506075
Республика Башкортостан,2022-07-01,19.35568838841606,-0.386746413724417,-0.386746413724417,-0.0,-0.0,0,0,76.72398924786165,16.67,15.02455025306365
Республика Башкортостан,2022-08-01,16.29047246464506,-1.1110066252555733,-1.1110066252555733,-0.0,-0.0,0,0,74.97910636931208,15.56,14.78498992178019
Республика Башкортостан,2022-09-01,17.28897771835909,1.7547062341946287,1.7547062341946287,0.0,0.0,0,0,74.65851475428565,14.55,14.8127121745222
Республика Башкортостан,2022-10-01,17.28111548158262,1.2482715752793254,1.2482715752793254,0.0,0.0,0,0,74.95512561357987,13.92,14.78785766258406
Республика Башкортостан,2022-11-01,16.37486736440265,0.32653909912163215,0.32653909912163215,0.0,0.0,0,0,75.0854755650651,13.09999999999999,14.7184087161968
Республика Башкортостан,2022-12-01,16.20582032356192,0.14955653030453497,0.14955653030453497,0.0,0.0,0,1,75.21870493401664,11.72,14.91533701198527
Республика Башкортостан,2023-01-01,16.60887954496671,0.13967960707903515,0.13967960707903515,0.0,0.0,0,0,75.37804878601027,11.26000000000001,14.64745513696669
Республика Башкортостан,2023-02-01,16.46510625511067,-1.9472998218897306,-1.9472998218897306,-0.0,-0.0,1,0,75.03967823834384,10.81,14.80770885790626
Республика Башкортостан,2023-03-01,16.16126864561112,-0.4649545463768856,-0.4649545463768856,-0.0,-0.0,0,0,74.91490480353548,9.659999999999997,14.64323948088911
Республика Башкортостан,2023-04-01,15.96443455215724,-0.5507806832459252,-0.5507806832459252,-0.0,-0.0,0,0,75.54708257316085,0.7399999999999949,14.44649881952718
Республика Башкортостан,2023-05-01,15.70072975329128,-0.46521849390664727,-0.46521849390664727,-0.0,-0.0,0,0,76.58668276643017,-0.6200000000000045,14.32570480073311
Республика Башкортостан,2023-06-01,15.94049427609998,-0.5347109788556779,-0.5347109788556779,-0.0,-0.0,0,1,77.23767168971128,-0.06000000000000227,13.69012943381341
Республика Башкортостан,2023-07-01,15.84765002120039,-0.5497632155639387,-0.5497632155639387,-0.0,-0.0,0,1,78.07409585617987,1.590000000000003,13.69888856863949
Республика Башкортостан,2023-08-01,15.51789748666376,0.2078297309388475,0.2078297309388475,0.0,0.0,1,0,79.867893088137,2.769999999999996,13.40374931467706
Республика Башкортостан,2023-09-01,16.16930038739768,2.7050587479091437,2.7050587479091437,0.0,0.0,0,1,82.05795789449898,3.709999999999994,13.31108565039263
Республика Башкортостан,2023-10-01,18.46458262118957,0.8633696772512707,0.8633696772512707,0.0,0.0,1,0,84.03390024832437,4.519999999999996,13.23463425263984
Республика Башкортостан,2023-11-01,19.08507581984356,1.714265038508227,1.714265038508227,0.0,0.0,1,0,83.78963424482932,5.769999999999996,13.05821503841148
Республика Башкортостан,2023-12-01,19.55661481653028,-1.5282051620880424,-1.5282051620880424,-0.0,-0.0,0,1,84.39102889727894,6.939999999999998,13.09862398376767
Республика Башкортостан,2024-01-01,20.67065770223393,0.6818813931607863,0.6818813931607863,0.0,0.0,0,0,83.69435165679653,6.870000000000005,13.11694189335501
Республика Башкортостан,2024-02-01,22.47104655571716,-1.5559611222700127,-1.5559611222700127,-0.0,-0.0,1,0,86.74110407444694,7.049999999999997,13.17264781792459
Республика Башкортостан,2024-03-01,23.07558750918962,-0.03662363343873665,-0.03662363343873665,-0.0,-0.0,0,0,86.30007356494711,7.620000000000005,13.06213746335067
Республика Башкортостан,2024-04-01,22.55843638300918,-0.07535756412256944,-0.07535756412256944,-0.0,-0.0,0,0,86.08580337202272,7.280000000000001,12.97998879290103
Республика Башкортостан,2024-05-01,22.2346156973812,-1.8174537430626252,-1.8174537430626252,-0.0,-0.0,0,1,82.34749894039271,7.689999999999998,12.97980905636067
Республика Башкортостан,2024-06-01,22.28962709779117,-0.4392507252018447,-0.4392507252018447,-0.0,-0.0,0,1,82.57239452407127,7.920000000000002,12.54980282071179
Республика Башкортостан,2024-07-01,23.48830837672298,-0.5869739684411108,-0.5869739684411108,-0.0,-0.0,0,1,84.1313372338581,8.010000000000005,12.63642860982804
Республика Башкортостан,2024-08-01,23.39163634525152,1.4105522767729113,1.4105522767729113,0.0,0.0,1,0,85.22487943441914,8.760000000000005,11.69524857649261
Республика Башкортостан,2024-09-01,25.09591761186889,-1.9115218364399809,-1.9115218364399809,-0.0,-0.0,0,1,85.13176532207912,8.829999999999998,11.65876427299381
Республика Башкортостан,2024-10-01,24.96974091836839,0.667769408390896,0.667769408390896,0.0,0.0,1,0,84.2169162421749,7.980000000000004,11.66838744402842
Республика Башкортостан,2024-11-01,26.7099260753164,2.039278586154861,2.039278586154861,0.0,0.0,1,0,82.97645174449124,7.730000000000004,11.49307034906464
Республика Башкортостан,2024-12-01,28.37943615002022,0.34090421830265427,0.34090421830265427,0.0,0.0,1,-1,80.13810145594934,8.219999999999999,11.63449341894239
Республика Башкортостан,2025-01-01,28.82488697724514,0.24822008087726388,0.24822008087726388,0.0,0.0,-1,0,77.5390288169831,8.870000000000005,12.27908495921604
Республика Башкортостан,2025-02-01,29.33752652148759,0.31653560056003016,0.31653560056003016,0.0,0.0,0,-1,78.88729748616043,9.239999999999995,12.2654710934085
Республика Башкортостан,2025-03-01,31.52593730572352,0.41369500741819465,0.41369500741819465,0.0,0.0,-1,0,77.74892650006842,9.469999999999999,12.57552247443411
Республика Башкортостан,2025-04-01,31.95828335728104,0.5812476727093596,0.5812476727093596,0.0,0.0,1,0,77.20378552337309,9.909999999999997,12.85892376246777
Республика Башкортостан,2025-05-01,29.04620678022004,0.3820181297639742,0.3820181297639742,0.0,0.0,0,1,74.22675365520506,9.549999999999997,12.81508993374067
Республика Башкортостан,2025-06-01,28.54354980737857,0.6128194128495359,0.6128194128495359,0.0,0.0,0,0,73.75070128186792,9.599999999999994,12.89450915130169
Республика Башкортостан,2025-07-01,27.7643944120316,-0.2977272507310609,-0.2977272507310609,-0.0,-0.0,0,0,73.00185186912917,9.219999999999999,13.32096171656105
Республика Башкортостан,2025-08-01,26.89802225387971,-1.399483474742535,-1.399483474742535,-0.0,-0.0,1,0,72.12315188654856,8.579999999999998,12.50520608537077
Республика Башкортостан,2025-09-01,26.32462998102933,0.2588989388809786,0.2588989388809786,0.0,0.0,0,0,72.50514254464522,8.030000000000001,12.53970475007991
Республика Башкортостан,2025-10-01,25.14194687007957,-0.43597080805563593,-0.43597080805563593,-0.0,-0.0,-1,0,72.53641632151243,8.230000000000004,12.53896059386392
Республика Башкортостан,2025-11-01,25.45629503490987,-0.19410526130430839,-0.19410526130430839,-0.0,-0.0,1,1,72.72561388788704,8.069999999999993,12.39735117541342
Республика Башкортостан,2025-12-01,26.31961611242279,0.2813157398373711,0.2813157398373711,0.0,0.0,0,0,72.87911525337343,6.709999999999994,12.67895908620003
Республика Бурятия,2019-03-01,15.58124944963493,0.7128714995200838,0.0,0.0,0.0,0,0,47.43301371576158,6.480000000000004,13.48972375015694
Республика Бурятия,2019-04-01,15.50854651269069,0.6911493920479934,0.0,0.0,0.0,0,0,48.31192755293814,6.170000000000002,13.46081283826299
Республика Бурятия,2019-05-01,15.58488414473161,0.45783100689424217,0.0,0.0,0.0,1,0,49.65546908541923,6.370000000000005,13.43907750233076
Республика Бурятия,2019-06-01,15.66139486590684,0.5041451542673663,0.0,0.0,0.0,0,0,50.95021715149226,6.510000000000005,13.38112159831075
Республика Бурятия,2019-07-01,15.48784429218037,0.14629311794748645,0.0,0.0,0.0,0,1,51.88084464912082,6.120000000000005,13.17298188988486
Республика Бурятия,2019-08-01,15.46362028027101,0.061654111534494405,0.0,0.0,0.0,0,0,50.87600690289964,6.049999999999997,13.39270950848313
Республика Бурятия,2019-09-01,15.17786708215687,0.2864871600654304,0.0,0.0,0.0,0,0,52.15133120643123,6.230000000000004,13.47927673095338
Республика Бурятия,2019-10-01,14.90534753684094,0.199118629193201,0.0,0.0,0.0,0,0,53.06502869478419,5.579999999999998,13.67932807240048
Республика Бурятия,2019-11-01,15.38810806879649,-0.3451712223245451,-0.0,-0.0,-0.0,1,0,54.68912310052502,4.879999999999995,13.5922516900443
Республика Бурятия,2019-12-01,14.99268543449982,-0.11071296164861266,-0.0,-0.0,-0.0,0,0,55.29006674307206,4.810000000000002,13.56986304051194
Республика Бурятия,2020-01-01,14.69142813810833,0.4934187707708695,0.0,0.0,0.0,0,0,55.50387145945695,4.129999999999995,13.47511474299097
Республика Бурятия,2020-02-01,14.83841893386199,0.717717316165718,0.0,0.0,0.0,0,0,57.17092372055359,3.989999999999995,13.46651978538141
Республика Бурятия,2020-03-01,14.64009778828641,0.5448138582658153,0.0,0.0,0.0,0,0,57.66699986668964,3.590000000000003,13.53446281305842
Республика Бурятия,2020-04-01,14.20103343707972,0.24910450663146122,0.0,0.0,0.0,0,-1,58.35736032762341,3.650000000000006,13.29086826662062
Республика Бурятия,2020-05-01,14.19711347025702,0.12930980432325967,0.0,0.0,0.0,-1,0,57.63666048798065,4.040000000000006,14.08347861171777
Республика Бурятия,2020-06-01,14.1449544591576,0.4216232562547013,0.0,0.0,0.0,0,0,57.23252570178801,4.0,14.0478217274466
Республика Бурятия,2020-07-01,13.98726381431096,-1.5016319110366503,-0.0,-0.0,-0.0,0,0,57.45328184450512,4.409999999999997,14.19000853088053
Республика Бурятия,2020-08-01,13.77167802507551,-0.8645661305373835,-0.0,-0.0,-0.0,0,0,57.39193709144892,4.989999999999995,14.13883320748735
Республика Бурятия,2020-09-01,13.69308654629207,-0.7937016241842549,-0.0,-0.0,-0.0,0,-1,58.53885935825479,4.939999999999998,14.00729212871946
Республика Бурятия,2020-10-01,13.68017533635028,-1.2364929674992595,-0.0,-0.0,-0.0,-1,0,59.50982928593025,5.079999999999998,14.2434263443905
Республика Бурятия,2020-11-01,13.49923521193192,-1.3589786818048175,-0.0,-0.0,-0.0,0,0,60.01632028221173,5.219999999999999,13.64602217078184
Республика Бурятия,2020-12-01,13.44640009758061,-1.7089361724181273,-0.0,-0.0,-0.0,0,0,60.55432655405472,5.340000000000003,13.79371362681913
Республика Бурятия,2021-01-01,13.28865649561216,3.0895976215913166,0.0,0.0,0.0,0,0,60.61632437018617,5.980000000000004,13.85302173380762
Республика Бурятия,2021-02-01,13.06484993524124,-0.05176615786507455,-0.0,-0.0,-0.0,0,0,61.41654362568124,5.650000000000006,13.84647775536135
Республика Бурятия,2021-03-01,12.99141594552264,-0.6104025253424652,-0.0,-0.0,-0.0,0,0,62.05655112070416,5.890000000000001,13.81324630070209
Республика Бурятия,2021-04-01,12.84978836402736,-0.5967440618905293,-0.0,-0.0,-0.0,0,0,63.25457085395028,6.019999999999996,13.93056301596948
Республика Бурятия,2021-05-01,12.62480168713956,-0.241937869195743,-0.0,-0.0,-0.0,0,1,63.66955432742228,6.170000000000002,14.07297768787565
Республика Бурятия,2021-06-01,12.95728062152276,-0.7676306960714552,-0.0,-0.0,-0.0,0,0,65.29627890603585,6.620000000000005,13.43747700307174
Республика Бурятия,2021-07-01,12.95080434448801,0.08560806359759354,0.0,0.0,0.0,0,0,66.72879173864958,7.030000000000001,13.88641449144853
Республика Бурятия,2021-08-01,13.06552808151159,0.3090771946763784,0.0,0.0,0.0,1,1,67.56535700554254,6.75,13.69076655722241
Республика Бурятия,2021-09-01,13.19592570627752,-0.6460537301930689,-0.0,-0.0,-0.0,0,0,68.74560322761289,7.25,13.62013315380448
Республика Бурятия,2021-10-01,13.10091920687547,-0.6175372517280238,-0.0,-0.0,-0.0,0,0,69.44529269581567,7.890000000000001,13.7629198523802
Республика Бурятия,2021-11-01,13.6252782359169,-0.12114037446266934,-0.0,-0.0,-0.0,1,0,70.41535018403967,8.719999999999999,13.65611730295788
Республика Бурятия,2021-12-01,13.59266162131832,-0.26721650241728057,-0.0,-0.0,-0.0,0,0,70.5289205163188,9.36,13.51908544816958
Республика Бурятия,2022-01-01,13.76104938072765,0.27464209751393653,0.0,0.0,0.0,0,0,70.56777237572682,9.420000000000002,13.49503329408406
Республика Бурятия,2022-02-01,13.90516448798607,-0.3501956198858558,-0.0,-0.0,-0.0,0,0,74.08113811068954,10.42,12.94413050165534
Республика Бурятия,2022-03-01,13.91888616433456,4.941478356719127,0.0,0.0,0.0,0,-1,74.63698012451235,11.20999999999999,13.33236499423313
Республика Бурятия,2022-04-01,19.16506478543239,1.4923126339086181,0.0,0.0,0.0,-1,-1,73.8744494883727,20.37,14.16522887588356
Республика Бурятия,2022-05-01,21.45170648313123,-1.244790623444267,-0.0,-0.0,-0.0,0,0,71.41062193677384,19.97,14.0067108674294
Республика Бурятия,2022-06-01,20.2301559087363,-3.118179668249544,-0.0,-0.0,-0.0,0,0,70.0402961185535,18.8,14.06426646464402
Республика Бурятия,2022-07-01,18.95418356621879,-0.386746413724417,-0.0,-0.0,-0.0,0,0,69.26425294454414,17.14,14.66923190372441
Республика Бурятия,2022-08-01,16.55743206100719,-1.1110066252555733,-0.0,-0.0,-0.0,0,0,67.48512687099871,16.55,14.39803596313867
Республика Бурятия,2022-09-01,16.27454114685838,1.7547062341946287,0.0,0.0,0.0,0,0,67.49988964074208,15.0,14.4242529793058
Республика Бурятия,2022-10-01,16.22704393384397,1.2482715752793254,0.0,0.0,0.0,0,0,67.79427671595273,14.90000000000001,14.37934210920068
Республика Бурятия,2022-11-01,15.90354471300488,0.32653909912163215,0.0,0.0,0.0,0,0,68.54030064009264,14.01000000000001,14.24036970503891
Республика Бурятия,2022-12-01,16.88101926626735,0.14955653030453497,0.0,0.0,0.0,0,1,68.68362769169633,12.56999999999999,14.48153517088087
Республика Бурятия,2023-01-01,16.97083746908537,0.13967960707903515,0.0,0.0,0.0,0,0,67.59472353808212,12.59,14.24997142578841
Республика Бурятия,2023-02-01,16.9917135297816,-1.9472998218897306,-0.0,-0.0,-0.0,1,0,69.4337465988525,11.95,14.38067725125015
Республика Бурятия,2023-03-01,16.95462117383112,-0.4649545463768856,-0.0,-0.0,-0.0,0,0,69.19609979646073,10.8,14.22158588167593
Республика Бурятия,2023-04-01,16.54727455445961,-0.5507806832459252,-0.0,-0.0,-0.0,0,0,69.70543010269701,2.219999999999999,14.0450324899044
Республика Бурятия,2023-05-01,16.33625102775661,-0.46521849390664727,-0.0,-0.0,-0.0,0,0,68.14181905041951,2.290000000000006,13.93632036364581
Республика Бурятия,2023-06-01,16.7407286338115,-0.5347109788556779,-0.0,-0.0,-0.0,0,1,68.76120600788282,2.200000000000003,13.25131770323603
Республика Бурятия,2023-07-01,16.70718385166015,-0.5497632155639387,-0.0,-0.0,-0.0,0,1,69.67344515470299,2.840000000000003,13.26208348021278
Республика Бурятия,2023-08-01,16.33090812812594,0.2078297309388475,0.0,0.0,0.0,1,0,67.59580519469212,4.409999999999997,12.96903720720396
Республика Бурятия,2023-09-01,17.0175344703916,2.7050587479091437,0.0,0.0,0.0,0,1,69.38318953685797,5.659999999999997,12.83232460385614
Республика Бурятия,2023-10-01,18.70799306822071,0.8633696772512707,0.0,0.0,0.0,1,0,70.62264181821718,7.0,12.77646976268458
Республика Бурятия,2023-11-01,19.36373629193298,1.714265038508227,0.0,0.0,0.0,1,0,71.62976112051489,8.079999999999998,12.58303867292087
Республика Бурятия,2023-12-01,20.11829692024514,-1.5282051620880424,-0.0,-0.0,-0.0,0,1,72.18959232910584,9.510000000000005,12.64371579718397
Республика Бурятия,2024-01-01,20.56147327914337,0.6818813931607863,0.0,0.0,0.0,0,0,71.4446731930339,8.89,12.71954295447286
Республика Бурятия,2024-02-01,23.29265448154762,-1.5559611222700127,-0.0,-0.0,-0.0,1,0,76.14536754843621,9.349999999999994,12.81951572106632
Республика Бурятия,2024-03-01,24.28325092140868,-0.03662363343873665,-0.0,-0.0,-0.0,0,0,75.93764961056165,9.719999999999999,12.72180458481026
Республика Бурятия,2024-04-01,23.2839317395666,-0.07535756412256944,-0.0,-0.0,-0.0,0,0,76.27855965469102,9.620000000000005,12.63787102626039
Республика Бурятия,2024-05-01,23.2504472455374,-1.8174537430626252,-0.0,-0.0,-0.0,0,1,72.01253570354773,9.409999999999997,12.63777997975994
Республика Бурятия,2024-06-01,23.35678718049248,-0.4392507252018447,-0.0,-0.0,-0.0,0,1,72.4104140449044,10.86,12.27407913583386
Республика Бурятия,2024-07-01,24.07114502246144,-0.5869739684411108,-0.0,-0.0,-0.0,0,1,73.39559957687565,10.89,12.39010430693843
Республика Бурятия,2024-08-01,24.18913165750474,1.4105522767729113,0.0,0.0,0.0,1,0,75.05389800022763,10.83,11.36569466329225
Республика Бурятия,2024-09-01,25.55108760600911,-1.9115218364399809,-0.0,-0.0,-0.0,0,1,75.60476738505236,10.39,11.31198719025477
Республика Бурятия,2024-10-01,25.47317325524363,0.667769408390896,0.0,0.0,0.0,1,0,75.54656977925698,9.170000000000002,11.29347574097471
Республика Бурятия,2024-11-01,27.17990727499464,2.039278586154861,0.0,0.0,0.0,1,0,73.36428424665424,9.099999999999994,11.13620659414407
Республика Бурятия,2024-12-01,40.64451547425596,0.34090421830265427,0.0,0.0,0.0,1,-1,70.41246147626619,9.159999999999997,11.31587119574927
Республика Бурятия,2025-01-01,-8.1700815511991,0.24822008087726388,0.0,0.0,0.0,-1,0,68.72694171016522,10.53,12.02913583319501
Республика Бурятия,2025-02-01,31.45211527222019,0.31653560056003016,0.0,0.0,0.0,0,-1,67.26227807278876,10.23999999999999,12.04567158978965
Республика Бурятия,2025-03-01,32.28623941016274,0.41369500741819465,0.0,0.0,0.0,-1,0,66.83960809222147,10.41,12.34306589211016
Республика Бурятия,2025-04-01,32.8252608963565,0.5812476727093596,0.0,0.0,0.0,1,0,66.63590588704588,11.05,12.62300408059597
Республика Бурятия,2025-05-01,31.59501780096276,0.3820181297639742,0.0,0.0,0.0,0,1,64.12826132948128,11.34999999999999,12.5812982322816
Республика Бурятия,2025-06-01,31.97480313028665,0.6128194128495359,0.0,0.0,0.0,0,0,64.08870471292943,10.84999999999999,12.70090357882239
Республика Бурятия,2025-07-01,30.44092036131116,-0.2977272507310609,-0.0,-0.0,-0.0,0,0,63.78095318832453,10.87,13.0813312757416
Республика Бурятия,2025-08-01,30.09934624273031,-1.399483474742535,-0.0,-0.0,-0.0,1,0,63.37212643557744,10.73,12.22450478371746
Республика Бурятия,2025-09-01,29.87135099075347,0.2588989388809786,0.0,0.0,0.0,0,0,63.73765355895391,10.48999999999999,12.26109971645316
Республика Бурятия,2025-10-01,28.18094279103691,-0.43597080805563593,-0.0,-0.0,-0.0,-1,0,63.65777043747394,10.42,12.31966997929747
Республика Бурятия,2025-11-01,28.22877343714218,-0.19410526130430839,-0.0,-0.0,-0.0,1,1,63.8233599334032,9.480000000000004,12.22000224318349
Республика Бурятия,2025-12-01,28.20626842842431,0.2813157398373711,0.0,0.0,0.0,0,0,63.68911518408521,8.870000000000005,12.5077798124215
Республика Калмыкия,2019-03-01,16.22262079255487,0.7128714995200838,0.0,0.0,0.7128714995200838,0,0,79.98205497271638,4.709999999999994,14.11271807703674
Республика Калмыкия,2019-04-01,16.0794253060281,0.6911493920479934,0.0,0.0,0.6911493920479934,0,0,80.9162245942856,4.599999999999994,14.02792918690571
Республика Калмыкия,2019-05-01,15.99236550193518,0.45783100689424217,0.0,0.0,0.45783100689424217,1,0,81.17374589504678,4.689999999999998,13.97255111030724
Республика Калмыкия,2019-06-01,15.99343264004631,0.5041451542673663,0.0,0.0,0.5041451542673663,0,0,82.17584584578611,5.969999999999999,13.90077495942576
Республика Калмыкия,2019-07-01,15.52260852171454,0.14629311794748645,0.0,0.0,0.14629311794748645,0,1,83.1694114755321,5.480000000000004,13.69739600300403
Республика Калмыкия,2019-08-01,15.7003318125501,0.061654111534494405,0.0,0.0,0.061654111534494405,0,0,83.67182809434199,4.870000000000005,13.96687853604705
Республика Калмыкия,2019-09-01,15.34466913834652,0.2864871600654304,0.0,0.0,0.2864871600654304,0,0,84.7892561799475,5.189999999999998,14.07411279180273
Республика Калмыкия,2019-10-01,15.36389062961878,0.199118629193201,0.0,0.0,0.199118629193201,0,0,86.09556795402224,4.689999999999998,14.23065340201945
Республика Калмыкия,2019-11-01,15.67422283083814,-0.3451712223245451,-0.0,-0.0,-0.3451712223245451,1,0,89.92463084269158,4.489999999999995,14.07719024177433
Республика Калмыкия,2019-12-01,14.96166121754249,-0.11071296164861266,-0.0,-0.0,-0.11071296164861266,0,0,90.7578674428,4.090000000000003,14.12344044455389
Республика Калмыкия,2020-01-01,14.75717423826196,0.4934187707708695,0.0,0.0,0.4934187707708695,0,0,90.28067884302313,3.290000000000006,14.02693923887516
Республика Калмыкия,2020-02-01,14.90759401653131,0.717717316165718,0.0,0.0,0.717717316165718,0,0,86.50951504965938,2.709999999999994,13.92680093422591
Республика Калмыкия,2020-03-01,15.06802296656274,0.5448138582658153,0.0,0.0,0.5448138582658153,0,0,86.6629453480838,2.239999999999995,14.07952010221614
Республика Калмыкия,2020-04-01,14.90514922106265,0.24910450663146122,0.0,0.0,0.24910450663146122,0,-1,87.16424451913018,2.629999999999995,13.74949322081889
Республика Калмыкия,2020-05-01,15.23717669681058,0.12930980432325967,0.0,0.0,0.12930980432325967,-1,0,85.95322032437177,3.840000000000003,14.70572404661179
Республика Калмыкия,2020-06-01,14.59162003316209,0.4216232562547013,0.0,0.0,0.4216232562547013,0,0,84.29745914046079,3.409999999999997,14.71085713598967
Республика Калмыкия,2020-07-01,14.67641385264188,-1.5016319110366503,-0.0,-0.0,-1.5016319110366503,0,0,84.00100443190233,3.840000000000003,14.8973306562361
Республика Калмыкия,2020-08-01,13.99628776418711,-0.8645661305373835,-0.0,-0.0,-0.8645661305373835,0,0,83.7801644847628,4.340000000000003,14.86859917348078
Республика Калмыкия,2020-09-01,13.95915703435481,-0.7937016241842549,-0.0,-0.0,-0.7937016241842549,0,-1,84.81050550812928,4.069999999999993,14.71556330800946
Республика Калмыкия,2020-10-01,14.05320155218586,-1.2364929674992595,-0.0,-0.0,-1.2364929674992595,-1,0,85.69058302056663,4.170000000000002,14.97343192367905
Республика Калмыкия,2020-11-01,13.33911208736759,-1.3589786818048175,-0.0,-0.0,-1.3589786818048175,0,0,86.33240035309916,5.069999999999993,14.32914282790243
Республика Калмыкия,2020-12-01,13.72398717626091,-1.7089361724181273,-0.0,-0.0,-1.7089361724181273,0,0,86.89689244547293,5.810000000000002,14.52506402772905
Республика Калмыкия,2021-01-01,13.78739373073266,3.0895976215913166,0.0,0.0,3.0895976215913166,0,0,87.35234168497377,6.340000000000003,14.50043471324542
Республика Калмыкия,2021-02-01,14.39949525386571,-0.05176615786507455,-0.0,-0.0,-0.05176615786507455,0,0,88.25805075633738,6.650000000000006,14.54309707208133
Республика Калмыкия,2021-03-01,13.99570903685566,-0.6104025253424652,-0.0,-0.0,-0.6104025253424652,0,0,88.31719185442579,7.730000000000004,14.52357420843613
Республика Калмыкия,2021-04-01,13.83917730855515,-0.5967440618905293,-0.0,-0.0,-0.5967440618905293,0,0,88.95641984462576,7.920000000000002,14.57333758260734
Республика Калмыкия,2021-05-01,13.34875349378297,-0.241937869195743,-0.0,-0.0,-0.241937869195743,0,1,90.17216720340492,7.430000000000007,14.77035277616316
Республика Калмыкия,2021-06-01,13.85349830370914,-0.7676306960714552,-0.0,-0.0,-0.7676306960714552,0,0,92.04171505243065,8.120000000000005,14.0501758183681
Республика Калмыкия,2021-07-01,13.74232238097673,0.08560806359759354,0.0,0.0,0.08560806359759354,0,0,94.3611592615833,8.14,14.44308608650614
Республика Калмыкия,2021-08-01,13.91351976361826,0.3090771946763784,0.0,0.0,0.3090771946763784,1,1,96.94003960956856,8.39,14.3054232306143
Республика Калмыкия,2021-09-01,13.5247901219861,-0.6460537301930689,-0.0,-0.0,-0.6460537301930689,0,0,99.19504550201317,9.090000000000003,14.15397075014295
Республика Калмыкия,2021-10-01,13.85660803967809,-0.6175372517280238,-0.0,-0.0,-0.6175372517280238,0,0,100.9292615758088,10.76000000000001,14.27600252764308
Республика Калмыкия,2021-11-01,14.21627711027377,-0.12114037446266934,-0.0,-0.0,-0.12114037446266934,1,0,101.6238691708982,11.41,14.16268693804919
Республика Калмыкия,2021-12-01,14.11768317713916,-0.26721650241728057,-0.0,-0.0,-0.26721650241728057,0,0,102.6177365508117,11.72,14.06872853087745
Республика Калмыкия,2022-01-01,14.39897882632915,0.27464209751393653,0.0,0.0,0.27464209751393653,0,0,103.5319192363633,11.5,14.06797245411874
Республика Калмыкия,2022-02-01,14.82705838296786,-0.3501956198858558,-0.0,-0.0,-0.3501956198858558,0,0,106.8807963538538,12.25,13.51831931310713
Республика Калмыкия,2022-03-01,15.68678259230912,4.941478356719127,0.0,0.0,4.941478356719127,0,-1,108.6478034195644,11.81,13.78828715877697
Республика Калмыкия,2022-04-01,37.2973234570896,1.4923126339086181,0.0,0.0,1.4923126339086181,-1,-1,108.6818016389187,19.48,14.77248078989508
Республика Калмыкия,2022-05-01,26.71914833484753,-1.244790623444267,-0.0,-0.0,-1.244790623444267,0,0,105.5980506349748,19.23999999999999,14.74217182186038
Республика Калмыкия,2022-06-01,28.7114885640491,-3.118179668249544,-0.0,-0.0,-3.118179668249544,0,0,104.2347172617558,17.62,14.84751568484116
Республика Калмыкия,2022-07-01,22.38532809851769,-0.386746413724417,-0.0,-0.0,-0.386746413724417,0,0,103.0682483337776,15.98,15.54817205370615
Республика Калмыкия,2022-08-01,20.89378543793823,-1.1110066252555733,-0.0,-0.0,-1.1110066252555733,0,0,100.8558230734308,15.59,15.25561601452868
Республика Калмыкия,2022-09-01,19.07614994944438,1.7547062341946287,0.0,0.0,1.7547062341946287,0,0,100.9714683476432,13.78,15.24190035462659
Республика Калмыкия,2022-10-01,19.33661601249434,1.2482715752793254,0.0,0.0,1.2482715752793254,0,0,102.8614107239936,12.65000000000001,15.15116546678514
Республика Калмыкия,2022-11-01,18.25034888340015,0.32653909912163215,0.0,0.0,0.32653909912163215,0,0,105.4341732240519,11.42,15.04033388010203
Республика Калмыкия,2022-12-01,18.45730117706112,0.14955653030453497,0.0,0.0,0.14955653030453497,0,1,106.5560652888895,10.02,15.21796020250676
Республика Калмыкия,2023-01-01,22.29681715368796,0.13967960707903515,0.0,0.0,0.13967960707903515,0,0,108.2783849535482,9.379999999999995,14.93845084830636
Республика Калмыкия,2023-02-01,17.65149114545658,-1.9472998218897306,-0.0,-0.0,-1.9472998218897306,1,0,108.3115795230237,8.560000000000002,15.11161382174252
Республика Калмыкия,2023-03-01,17.36304847345114,-0.4649545463768856,-0.0,-0.0,-0.4649545463768856,0,0,108.4022985310658,9.400000000000006,14.87873009552061
Республика Калмыкия,2023-04-01,17.56591130916251,-0.5507806832459252,-0.0,-0.0,-0.5507806832459252,0,0,109.5266575603568,1.769999999999996,14.80557457015989
Республика Калмыкия,2023-05-01,18.10825390199344,-0.46521849390664727,-0.0,-0.0,-0.46521849390664727,0,0,111.1374225067658,1.109999999999999,14.64803691917276
Республика Калмыкия,2023-06-01,17.33438098642096,-0.5347109788556779,-0.0,-0.0,-0.5347109788556779,0,1,112.3679570499789,1.159999999999997,13.93741977337197
Республика Калмыкия,2023-07-01,18.25328015663591,-0.5497632155639387,-0.0,-0.0,-0.5497632155639387,0,1,114.7049557734751,1.980000000000004,13.90753622850512
Республика Калмыкия,2023-08-01,17.34556412418119,0.2078297309388475,0.0,0.0,0.2078297309388475,1,0,116.6568792404349,2.560000000000002,13.57994735545502
Республика Калмыкия,2023-09-01,17.76748758685014,2.7050587479091437,0.0,0.0,2.7050587479091437,0,1,121.1187383680033,3.829999999999998,13.43610362941976
Республика Калмыкия,2023-10-01,20.75160312822486,0.8633696772512707,0.0,0.0,0.8633696772512707,1,0,125.5814532080065,4.260000000000005,13.35481122654362
Республика Калмыкия,2023-11-01,20.39556526820542,1.714265038508227,0.0,0.0,1.714265038508227,1,0,128.7322379091705,4.75,13.09083424480086
Республика Калмыкия,2023-12-01,19.68339289726081,-1.5282051620880424,-0.0,-0.0,-1.5282051620880424,0,1,131.6013965876003,5.480000000000004,13.02291623311475
Республика Калмыкия,2024-01-01,21.43768869976215,0.6818813931607863,0.0,0.0,0.6818813931607863,0,0,131.8788220640021,6.609999999999999,13.08710089422079
Республика Калмыкия,2024-02-01,22.57663837266712,-1.5559611222700127,-0.0,-0.0,-1.5559611222700127,1,0,131.664931450566,6.920000000000002,13.11580169610546
Республика Калмыкия,2024-03-01,22.83996899996748,-0.03662363343873665,-0.0,-0.0,-0.03662363343873665,0,0,131.5823237975672,6.489999999999995,12.98495681330143
Республика Калмыкия,2024-04-01,23.35209330975081,-0.07535756412256944,-0.0,-0.0,-0.07535756412256944,0,0,132.9759368496381,6.390000000000001,12.8777575191281
Республика Калмыкия,2024-05-01,23.06442928637245,-1.8174537430626252,-0.0,-0.0,-1.8174537430626252,0,1,133.0908891014535,6.719999999999999,12.84942659412254
Республика Калмыкия,2024-06-01,23.1458973392673,-0.4392507252018447,-0.0,-0.0,-0.4392507252018447,0,1,134.0973486603352,7.5,12.46342780835315
Республика Калмыкия,2024-07-01,24.11359727554908,-0.5869739684411108,-0.0,-0.0,-0.5869739684411108,0,1,136.7234689636447,8.159999999999997,12.52592956483567
Республика Калмыкия,2024-08-01,23.80493340342959,1.4105522767729113,0.0,0.0,1.4105522767729113,1,0,135.2561639983653,9.379999999999995,11.53601182771399
Республика Калмыкия,2024-09-01,24.67173952628536,-1.9115218364399809,-0.0,-0.0,-1.9115218364399809,0,1,136.446504743681,9.980000000000004,11.50969129246431
Республика Калмыкия,2024-10-01,24.74668495843041,0.667769408390896,0.0,0.0,0.667769408390896,1,0,135.0686497143155,9.209999999999994,11.48951518055609
Республика Калмыкия,2024-11-01,27.3142772151836,2.039278586154861,0.0,0.0,2.039278586154861,1,0,130.9357281907551,9.170000000000002,11.31735444471229
Республика Калмыкия,2024-12-01,27.14303302203083,0.34090421830265427,0.0,0.0,0.34090421830265427,1,-1,124.0806727079738,9.780000000000001,11.46760938375691
Республика Калмыкия,2025-01-01,30.09491211432196,0.24822008087726388,0.0,0.0,0.24822008087726388,-1,0,120.5273478455498,10.26000000000001,12.13438581455482
Республика Калмыкия,2025-02-01,29.28995896231426,0.31653560056003016,0.0,0.0,0.31653560056003016,0,-1,117.9340619644311,10.3,12.13438082616432
Республика Калмыкия,2025-03-01,32.62830387297139,0.41369500741819465,0.0,0.0,0.41369500741819465,-1,0,116.711903905903,10.39,12.42188115022889
Республика Калмыкия,2025-04-01,30.92395261083599,0.5812476727093596,0.0,0.0,0.5812476727093596,1,0,116.477016496637,10.61,12.70347672998179
Республика Калмыкия,2025-05-01,31.03927967707007,0.3820181297639742,0.0,0.0,0.3820181297639742,0,1,118.5786199140011,10.3,12.63953986664007
Республика Калмыкия,2025-06-01,30.2832549559639,0.6128194128495359,0.0,0.0,0.6128194128495359,0,0,118.0463490755719,9.579999999999998,12.68952832686407
Республика Калмыкия,2025-07-01,28.85953347827307,-0.2977272507310609,-0.0,-0.0,-0.2977272507310609,0,0,117.3743486934239,9.069999999999993,13.07175447592227
Республика Калмыкия,2025-08-01,30.00116516492028,-1.399483474742535,-0.0,-0.0,-1.399483474742535,1,0,117.6712621210244,8.0,12.24400853963572
Республика Калмыкия,2025-09-01,27.65867857005071,0.2588989388809786,0.0,0.0,0.2588989388809786,0,0,118.2903490957239,7.170000000000002,12.26380636483376
Республика Калмыкия,2025-10-01,25.95217878371503,-0.43597080805563593,-0.0,-0.0,-0.43597080805563593,-1,0,118.4568794131336,7.620000000000005,12.28437966275615
Республика Калмыкия,2025-11-01,28.13826367179629,-0.19410526130430839,-0.0,-0.0,-0.19410526130430839,1,1,118.826784498667,7.700000000000003,12.17835876227423
Республика Калмыкия,2025-12-01,30.75135721999851,0.2813157398373711,0.0,0.0,0.2813157398373711,0,0,119.2373995012863,6.510000000000005,12.44148676922419
Республика Карелия,2019-03-01,14.76234571180634,0.7128714995200838,0.0,0.0,0.0,0,0,60.62297969821648,5.510000000000005,13.63516033115657
Республика Карелия,2019-04-01,14.66524246427138,0.6911493920479934,0.0,0.0,0.0,0,0,60.80426041873736,5.379999999999995,13.71012188352138
Республика Карелия,2019-05-01,14.87116849605654,0.45783100689424217,0.0,0.0,0.0,1,0,61.75243934028117,5.230000000000004,13.57551990381763
Республика Карелия,2019-06-01,15.18897993242676,0.5041451542673663,0.0,0.0,0.0,0,0,61.94276722494219,4.730000000000004,13.55741291418502
Республика Карелия,2019-07-01,14.90682964022629,0.14629311794748645,0.0,0.0,0.0,0,1,62.1750617832641,4.189999999999998,13.26367100425057
Республика Карелия,2019-08-01,14.85263157845114,0.061654111534494405,0.0,0.0,0.0,0,0,62.98167417644272,4.260000000000005,13.51739187565807
Республика Карелия,2019-09-01,14.44124243140078,0.2864871600654304,0.0,0.0,0.0,0,0,63.62958077614338,4.040000000000006,13.59646184988709
Республика Карелия,2019-10-01,14.22241378465886,0.199118629193201,0.0,0.0,0.0,0,0,64.42412731462717,3.640000000000001,13.76203594168878
Республика Карелия,2019-11-01,14.55584759448694,-0.3451712223245451,-0.0,-0.0,-0.0,1,0,63.58638357426183,3.599999999999994,13.69924391671096
Республика Карелия,2019-12-01,14.17295687700179,-0.11071296164861266,-0.0,-0.0,-0.0,0,0,63.98433597785647,3.349999999999994,13.71732069687337
Республика Карелия,2020-01-01,14.03241779767734,0.4934187707708695,0.0,0.0,0.0,0,0,63.95325643918005,2.780000000000001,13.61112369901531
Республика Карелия,2020-02-01,14.22075369862698,0.717717316165718,0.0,0.0,0.0,0,0,67.13767545858943,2.209999999999994,13.54977413400417
Республика Карелия,2020-03-01,14.177668732324,0.5448138582658153,0.0,0.0,0.0,0,0,67.29737668707092,2.329999999999998,13.68722112328603
Республика Карелия,2020-04-01,13.73888560801365,0.24910450663146122,0.0,0.0,0.0,0,-1,67.62950467771547,2.689999999999998,13.40746756815749
Республика Карелия,2020-05-01,13.85900895062232,0.12930980432325967,0.0,0.0,0.0,-1,0,65.45648519108683,3.230000000000004,14.29512065771281
Республика Карелия,2020-06-01,13.70979525371293,0.4216232562547013,0.0,0.0,0.0,0,0,65.59018916595691,3.269999999999996,14.24048395708718
Республика Карелия,2020-07-01,13.62950848772939,-1.5016319110366503,-0.0,-0.0,-0.0,0,0,65.88014565329708,3.549999999999997,14.4148656804378
Республика Карелия,2020-08-01,13.31086246954347,-0.8645661305373835,-0.0,-0.0,-0.0,0,0,65.60327620873241,4.209999999999994,14.34994101153484
Республика Карелия,2020-09-01,13.229062131384,-0.7937016241842549,-0.0,-0.0,-0.0,0,-1,66.33405070583554,4.370000000000005,14.19990490456849
Республика Карелия,2020-10-01,13.05839935905811,-1.2364929674992595,-0.0,-0.0,-0.0,-1,0,67.07301670742544,4.670000000000002,14.40106041928157
Республика Карелия,2020-11-01,12.8265606580375,-1.3589786818048175,-0.0,-0.0,-0.0,0,0,70.20220127488129,5.090000000000003,13.75329131909429
Республика Карелия,2020-12-01,13.05236931322953,-1.7089361724181273,-0.0,-0.0,-0.0,0,0,69.97619812629047,5.459999999999994,13.94308971991282
Республика Карелия,2021-01-01,12.91503461958943,3.0895976215913166,0.0,0.0,0.0,0,0,69.93142715165858,6.060000000000002,13.98528816283192
Республика Карелия,2021-02-01,12.74476404568605,-0.05176615786507455,-0.0,-0.0,-0.0,0,0,70.61989155633263,6.25,14.00101095189629
Республика Карелия,2021-03-01,12.739690689125,-0.6104025253424652,-0.0,-0.0,-0.0,0,0,71.09436884257748,6.890000000000001,13.97756047340584
Республика Карелия,2021-04-01,12.56114878451218,-0.5967440618905293,-0.0,-0.0,-0.0,0,0,72.01694539989212,6.640000000000001,14.09910091594316
Республика Карелия,2021-05-01,12.30745822802657,-0.241937869195743,-0.0,-0.0,-0.0,0,1,73.51740620452694,6.260000000000005,14.22247890712533
Республика Карелия,2021-06-01,12.58313868362753,-0.7676306960714552,-0.0,-0.0,-0.0,0,0,74.6048209739742,6.900000000000006,13.55243502496181
Республика Карелия,2021-07-01,12.65614583706407,0.08560806359759354,0.0,0.0,0.0,0,0,75.63277533914928,7.180000000000007,14.00980312374852
Республика Карелия,2021-08-01,12.78469388382778,0.3090771946763784,0.0,0.0,0.0,1,1,74.71739007546915,7.069999999999993,13.83177372404335
Республика Карелия,2021-09-01,12.86082719931354,-0.6460537301930689,-0.0,-0.0,-0.0,0,0,75.59217406928616,7.189999999999998,13.73963415722578
Республика Карелия,2021-10-01,12.68329401424331,-0.6175372517280238,-0.0,-0.0,-0.0,0,0,76.16773629544642,8.519999999999996,13.80860385700761
Республика Карелия,2021-11-01,13.14174853000621,-0.12114037446266934,-0.0,-0.0,-0.0,1,0,77.3480439586433,9.159999999999997,13.76561339582871
Республика Карелия,2021-12-01,13.27484282202649,-0.26721650241728057,-0.0,-0.0,-0.0,0,0,77.6117116117645,9.489999999999995,13.55920913716541
Республика Карелия,2022-01-01,13.27639019447988,0.27464209751393653,0.0,0.0,0.0,0,0,77.48231908975553,9.36,13.51097220985322
Республика Карелия,2022-02-01,13.85526804516668,-0.3501956198858558,-0.0,-0.0,-0.0,0,0,80.7936714724644,9.75,12.92011952588383
Республика Карелия,2022-03-01,13.58261121916956,4.941478356719127,0.0,0.0,0.0,0,-1,81.04409473701205,9.810000000000002,13.09537205481378
Республика Карелия,2022-04-01,17.67841208141337,1.4923126339086181,0.0,0.0,0.0,-1,-1,79.86767072332039,19.16,14.08301529303386
Республика Карелия,2022-05-01,19.94823617473455,-1.244790623444267,-0.0,-0.0,-0.0,0,0,77.82529242293029,19.94,13.94886295311996
Республика Карелия,2022-06-01,19.72371603231825,-3.118179668249544,-0.0,-0.0,-0.0,0,0,76.49520565209022,19.45999999999999,14.1013529425658
Республика Карелия,2022-07-01,18.206900180323,-0.386746413724417,-0.0,-0.0,-0.0,0,0,75.61910167821647,18.01000000000001,14.7605520807658
Республика Карелия,2022-08-01,16.68342777526029,-1.1110066252555733,-0.0,-0.0,-0.0,0,0,73.00950381478867,15.97,14.49205013320126
Республика Карелия,2022-09-01,16.22805311745132,1.7547062341946287,0.0,0.0,0.0,0,0,72.48008612426452,15.19,14.56113774360632
Республика Карелия,2022-10-01,16.57940693831767,1.2482715752793254,0.0,0.0,0.0,0,0,72.89920723881453,13.36,14.59659377525737
Республика Карелия,2022-11-01,16.18649627903236,0.32653909912163215,0.0,0.0,0.0,0,0,73.42390568768674,12.13,14.49857961101718
Республика Карелия,2022-12-01,16.25055956938502,0.14955653030453497,0.0,0.0,0.0,0,1,74.31666414911253,12.05,14.91730538304208
Республика Карелия,2023-01-01,15.74712518844891,0.13967960707903515,0.0,0.0,0.0,0,0,74.76567134301604,11.76000000000001,14.66304250579137
Республика Карелия,2023-02-01,16.67074435991749,-1.9472998218897306,-0.0,-0.0,-0.0,1,0,76.86750106345343,12.11,14.81311152042948
Республика Карелия,2023-03-01,16.28247947481064,-0.4649545463768856,-0.0,-0.0,-0.0,0,0,76.25837593285753,11.09999999999999,14.69453049142784
Республика Карелия,2023-04-01,16.33713332992639,-0.5507806832459252,-0.0,-0.0,-0.0,0,0,75.9002540362665,2.75,14.40153572744872
Республика Карелия,2023-05-01,16.27386023561466,-0.46521849390664727,-0.0,-0.0,-0.0,0,0,74.9247424688653,1.680000000000007,14.22343930006858
Республика Карелия,2023-06-01,16.25786321436056,-0.5347109788556779,-0.0,-0.0,-0.0,0,1,75.42108007229746,1.680000000000007,13.53603717415094
Республика Карелия,2023-07-01,16.23195424188216,-0.5497632155639387,-0.0,-0.0,-0.0,0,1,75.52635541671044,2.620000000000005,13.56625224087364
Республика Карелия,2023-08-01,16.01807010970896,0.2078297309388475,0.0,0.0,0.0,1,0,74.32812544976268,4.620000000000005,13.30054908816673
Республика Карелия,2023-09-01,16.42931147421999,2.7050587479091437,0.0,0.0,0.0,0,1,75.35312670030747,5.620000000000005,13.17757636871815
Республика Карелия,2023-10-01,17.83474444008332,0.8633696772512707,0.0,0.0,0.0,1,0,76.29746244757519,7.420000000000002,13.09479257484467
Республика Карелия,2023-11-01,18.54917650268589,1.714265038508227,0.0,0.0,0.0,1,0,76.0063861760936,8.019999999999996,12.8733461360799
Республика Карелия,2023-12-01,19.79670948515608,-1.5282051620880424,-0.0,-0.0,-0.0,0,1,75.82137341804685,8.010000000000005,12.94772917392975
Республика Карелия,2024-01-01,19.46636689763913,0.6818813931607863,0.0,0.0,0.0,0,0,74.17856305773103,7.659999999999997,13.06990898814563
Республика Карелия,2024-02-01,21.99522314626858,-1.5559611222700127,-0.0,-0.0,-0.0,1,0,75.32853103066293,7.480000000000004,13.07622584480798
Республика Карелия,2024-03-01,22.67982027074457,-0.03662363343873665,-0.0,-0.0,-0.0,0,0,75.07419179576617,8.159999999999997,12.93977349898428
Республика Карелия,2024-04-01,21.94574393764169,-0.07535756412256944,-0.0,-0.0,-0.0,0,0,74.8129343517204,7.680000000000007,12.85098208358671
Республика Карелия,2024-05-01,22.02996321859428,-1.8174537430626252,-0.0,-0.0,-0.0,0,1,73.65226703930813,8.010000000000005,12.84688558760414
Республика Карелия,2024-06-01,22.41398269561774,-0.4392507252018447,-0.0,-0.0,-0.0,0,1,73.96944706993382,8.019999999999996,12.45338748580478
Республика Карелия,2024-07-01,22.77102760502149,-0.5869739684411108,-0.0,-0.0,-0.0,0,1,74.57632104117833,7.950000000000003,12.5968743327763
Республика Карелия,2024-08-01,23.16317228173371,1.4105522767729113,0.0,0.0,0.0,1,0,76.55357114256427,8.099999999999994,11.59417265863259
Республика Карелия,2024-09-01,24.91326371514752,-1.9115218364399809,-0.0,-0.0,-0.0,0,1,76.47362518619599,7.980000000000004,11.58278183400143
Республика Карелия,2024-10-01,25.42540316329712,0.667769408390896,0.0,0.0,0.0,1,0,75.30744915716939,7.319999999999993,11.61260898274184
Республика Карелия,2024-11-01,26.95506977400928,2.039278586154861,0.0,0.0,0.0,1,0,71.68596318369075,6.790000000000006,11.44891704716923
Республика Карелия,2024-12-01,27.66360992104157,0.34090421830265427,0.0,0.0,0.0,1,-1,68.36396787232054,7.640000000000001,11.60879865171384
Республика Карелия,2025-01-01,27.88859095129669,0.24822008087726388,0.0,0.0,0.0,-1,0,66.36693908735711,8.569999999999993,12.27996643042351
Республика Карелия,2025-02-01,30.21519797006123,0.31653560056003016,0.0,0.0,0.0,0,-1,65.09107663501057,9.11,12.25944375697416
Республика Карелия,2025-03-01,31.19541331546513,0.41369500741819465,0.0,0.0,0.0,-1,0,63.97144356677123,8.959999999999994,12.56770610903891
Республика Карелия,2025-04-01,31.35013366885085,0.5812476727093596,0.0,0.0,0.0,1,0,63.39895078688949,9.560000000000002,12.84837527577553
Республика Карелия,2025-05-01,28.49294254339275,0.3820181297639742,0.0,0.0,0.0,0,1,63.75527763139493,9.400000000000006,12.75293202940056
Республика Карелия,2025-06-01,28.85641527670769,0.6128194128495359,0.0,0.0,0.0,0,0,63.32017966286375,9.579999999999998,12.8592547595506
Республика Карелия,2025-07-01,28.07978475110123,-0.2977272507310609,-0.0,-0.0,-0.0,0,0,62.16016676282599,9.810000000000002,13.40281731278709
Республика Карелия,2025-08-01,27.59784942208347,-1.399483474742535,-0.0,-0.0,-0.0,1,0,61.17017484045854,9.200000000000003,12.26276344533185
Республика Карелия,2025-09-01,26.05381590822689,0.2588989388809786,0.0,0.0,0.0,0,0,61.12942272712535,8.689999999999998,12.29594129517558
Республика Карелия,2025-10-01,24.76650542946681,-0.43597080805563593,-0.0,-0.0,-0.0,-1,0,61.021305878217,8.780000000000001,12.36869328228286
Республика Карелия,2025-11-01,24.75423579751922,-0.19410526130430839,-0.0,-0.0,-0.0,1,1,60.87341726284969,8.709999999999994,12.25727674663778
Республика Карелия,2025-12-01,25.82433464483656,0.2813157398373711,0.0,0.0,0.0,0,0,60.64532158938552,7.510000000000005,12.55522852505463
Республика Коми,2019-03-01,14.81679181445801,0.7128714995200838,0.0,0.7128714995200838,0.0,0,0,53.85896554897647,6.379999999999995,13.95827286971145
Республика Коми,2019-04-01,14.63781594884519,0.6911493920479934,0.0,0.6911493920479934,0.0,0,0,54.20266619131928,6.280000000000001,14.05277728069235
Республика Коми,2019-05-01,14.7267220691436,0.45783100689424217,0.0,0.45783100689424217,0.0,1,0,54.42939379978795,6.420000000000002,13.96325049571009
Республика Коми,2019-06-01,14.97996192953873,0.5041451542673663,0.0,0.5041451542673663,0.0,0,0,54.96173022672891,6.540000000000006,13.92636628065084
Республика Коми,2019-07-01,14.71670881324252,0.14629311794748645,0.0,0.14629311794748645,0.0,0,1,55.30121745563148,6.510000000000005,13.65784224757164
Республика Коми,2019-08-01,14.63985830371003,0.061654111534494405,0.0,0.061654111534494405,0.0,0,0,56.3632955884722,6.560000000000002,13.83903690183743
Республика Коми,2019-09-01,14.49782956670441,0.2864871600654304,0.0,0.2864871600654304,0.0,0,0,57.16615130524302,5.879999999999995,13.8441378686736
Республика Коми,2019-10-01,14.16830273775877,0.199118629193201,0.0,0.199118629193201,0.0,0,0,57.72344027159336,5.030000000000001,14.02543359953864
Республика Коми,2019-11-01,14.45530654640993,-0.3451712223245451,-0.0,-0.3451712223245451,-0.0,1,0,55.83768977233412,4.159999999999997,13.85039484493116
Республика Коми,2019-12-01,14.03036833103194,-0.11071296164861266,-0.0,-0.11071296164861266,-0.0,0,0,56.28327117426601,3.790000000000006,13.83738100782008
Республика Коми,2020-01-01,13.88823307228556,0.4934187707708695,0.0,0.4934187707708695,0.0,0,0,56.15599653149648,3.040000000000006,13.6476706157013
Республика Коми,2020-02-01,14.09459168159534,0.717717316165718,0.0,0.717717316165718,0.0,0,0,58.94749183911789,3.609999999999999,13.5817736563824
Республика Коми,2020-03-01,13.9033129305853,0.5448138582658153,0.0,0.5448138582658153,0.0,0,0,58.98902319018672,4.150000000000006,13.6608770634903
Республика Коми,2020-04-01,13.66220202628854,0.24910450663146122,0.0,0.24910450663146122,0.0,0,-1,59.21773947201319,3.950000000000003,13.32479264324547
Республика Коми,2020-05-01,13.98295085614989,0.12930980432325967,0.0,0.12930980432325967,0.0,-1,0,59.16967943178588,4.260000000000005,14.31655683613603
Республика Коми,2020-06-01,13.75184585893259,0.4216232562547013,0.0,0.4216232562547013,0.0,0,0,58.79359532426158,4.640000000000001,14.38133891596562
Республика Коми,2020-07-01,13.56183174322495,-1.5016319110366503,-0.0,-1.5016319110366503,-0.0,0,0,58.94303169289316,4.489999999999995,14.55792266241696
Республика Коми,2020-08-01,13.16186643392663,-0.8645661305373835,-0.0,-0.8645661305373835,-0.0,0,0,57.9754033470825,4.180000000000007,14.45602458112191
Республика Коми,2020-09-01,13.12758239133947,-0.7937016241842549,-0.0,-0.7937016241842549,-0.0,0,-1,58.89598577774655,4.519999999999996,14.29484205533389
Республика Коми,2020-10-01,12.84993955840621,-1.2364929674992595,-0.0,-1.2364929674992595,-0.0,-1,0,59.50566726787098,4.890000000000001,14.48292350367042
Республика Коми,2020-11-01,12.74247566701167,-1.3589786818048175,-0.0,-1.3589786818048175,-0.0,0,0,63.32948955690336,5.909999999999997,13.83967626207041
Республика Коми,2020-12-01,12.75850802092618,-1.7089361724181273,-0.0,-1.7089361724181273,-0.0,0,0,63.51416887172247,6.209999999999994,14.07765152163197
Республика Коми,2021-01-01,12.6453687078069,3.0895976215913166,0.0,3.0895976215913166,0.0,0,0,63.28231723483799,6.629999999999995,14.1333632093413
Республика Коми,2021-02-01,12.69310228066851,-0.05176615786507455,-0.0,-0.05176615786507455,-0.0,0,0,63.99467259783702,5.069999999999993,14.16239781021165
Республика Коми,2021-03-01,12.39366884440465,-0.6104025253424652,-0.0,-0.6104025253424652,-0.0,0,0,64.20033374474845,5.180000000000007,14.11931665477895
Республика Коми,2021-04-01,12.29821758398078,-0.5967440618905293,-0.0,-0.5967440618905293,-0.0,0,0,64.92250103251816,5.879999999999995,14.2570602176641
Республика Коми,2021-05-01,12.23502300965411,-0.241937869195743,-0.0,-0.241937869195743,-0.0,0,1,63.62870293051927,5.579999999999998,14.41063611780329
Республика Коми,2021-06-01,12.65211321909984,-0.7676306960714552,-0.0,-0.7676306960714552,-0.0,0,0,64.02311813264345,5.640000000000001,13.71288012471661
Республика Коми,2021-07-01,12.58778464623327,0.08560806359759354,0.0,0.08560806359759354,0.0,0,0,64.90904888576922,5.739999999999995,14.15743742634755
Республика Коми,2021-08-01,12.78490204031482,0.3090771946763784,0.0,0.3090771946763784,0.0,1,1,66.79704268193709,5.760000000000005,13.93815755173285
Республика Коми,2021-09-01,12.84863817721476,-0.6460537301930689,-0.0,-0.6460537301930689,-0.0,0,0,67.79402676825079,5.730000000000004,13.82442723603462
Республика Коми,2021-10-01,12.72541086843213,-0.6175372517280238,-0.0,-0.6175372517280238,-0.0,0,0,68.5387898209726,6.409999999999997,13.88752575606907
Республика Коми,2021-11-01,12.95698962674693,-0.12114037446266934,-0.0,-0.12114037446266934,-0.0,1,0,68.5308881928018,7.25,13.81694683679984
Республика Коми,2021-12-01,12.98596361398469,-0.26721650241728057,-0.0,-0.26721650241728057,-0.0,0,0,68.58376137123766,7.189999999999998,13.63863919622798
Республика Коми,2022-01-01,13.07657460806314,0.27464209751393653,0.0,0.27464209751393653,0.0,0,0,68.6253218948619,7.450000000000003,13.60718996911488
Республика Коми,2022-02-01,13.51232739783333,-0.3501956198858558,-0.0,-0.3501956198858558,-0.0,0,0,68.80970354638602,8.209999999999994,13.02005301639311
Республика Коми,2022-03-01,13.78072873577826,4.941478356719127,0.0,4.941478356719127,0.0,0,-1,68.76088501425758,8.450000000000003,13.22489559731446
Республика Коми,2022-04-01,18.33492198657319,1.4923126339086181,0.0,1.4923126339086181,0.0,-1,-1,67.72434051996251,16.26000000000001,14.09779019753479
Республика Коми,2022-05-01,20.44014889632278,-1.244790623444267,-0.0,-1.244790623444267,-0.0,0,0,69.62975054389894,17.62,13.98723646424383
Республика Коми,2022-06-01,19.95910659998986,-3.118179668249544,-0.0,-3.118179668249544,-0.0,0,0,68.7803807110464,16.23999999999999,14.1103866233128
Республика Коми,2022-07-01,18.49333574183372,-0.386746413724417,-0.0,-0.386746413724417,-0.0,0,0,68.15582617402929,15.09999999999999,14.75079498785714
Республика Коми,2022-08-01,17.36794058920456,-1.1110066252555733,-0.0,-1.1110066252555733,-0.0,0,0,67.20497437715515,14.7,14.44957166592519
Республика Коми,2022-09-01,16.66312042635082,1.7547062341946287,0.0,1.7547062341946287,0.0,0,0,66.85346969138935,13.84,14.46903390259507
Республика Коми,2022-10-01,16.5166525623519,1.2482715752793254,0.0,1.2482715752793254,0.0,0,0,66.89885107083096,13.51000000000001,14.47031496343389
Республика Коми,2022-11-01,15.76229215397432,0.32653909912163215,0.0,0.32653909912163215,0.0,0,0,65.00788178778006,12.04000000000001,14.36150934513794
Республика Коми,2022-12-01,16.15308912880062,0.14955653030453497,0.0,0.14955653030453497,0.0,0,1,64.81880765138176,11.72,14.68348405532466
Республика Коми,2023-01-01,17.24250856087259,0.13967960707903515,0.0,0.13967960707903515,0.0,0,0,64.23104021612033,11.39,14.44705596985912
Республика Коми,2023-02-01,16.87052548022443,-1.9472998218897306,-0.0,-1.9472998218897306,-0.0,1,0,65.62596048097113,11.83,14.61537834175672
Республика Коми,2023-03-01,16.19310784551567,-0.4649545463768856,-0.0,-0.4649545463768856,-0.0,0,0,65.32647653120239,10.97,14.46513532636113
Республика Коми,2023-04-01,16.18855259492473,-0.5507806832459252,-0.0,-0.5507806832459252,-0.0,0,0,65.41100371619584,2.950000000000003,14.29443705463623
Республика Коми,2023-05-01,16.40836298890883,-0.46521849390664727,-0.0,-0.46521849390664727,-0.0,0,0,66.75158363733436,1.689999999999998,14.1291331790213
Республика Коми,2023-06-01,16.52483009406918,-0.5347109788556779,-0.0,-0.5347109788556779,-0.0,0,1,66.31408949739333,2.790000000000006,13.45535179513324
Республика Коми,2023-07-01,16.38325361846688,-0.5497632155639387,-0.0,-0.5497632155639387,-0.0,0,1,66.5171462129627,3.780000000000001,13.48315917311837
Республика Коми,2023-08-01,16.09532962569268,0.2078297309388475,0.0,0.2078297309388475,0.0,1,0,66.00093635314899,4.209999999999994,13.19977148569883
Республика Коми,2023-09-01,16.59442888584579,2.7050587479091437,0.0,2.7050587479091437,0.0,0,1,67.3794424952793,5.030000000000001,13.06393611556129
Республика Коми,2023-10-01,18.15577641548602,0.8633696772512707,0.0,0.8633696772512707,0.0,1,0,68.20831532726625,5.659999999999997,13.03033680569001
Республика Коми,2023-11-01,19.32235394954011,1.714265038508227,0.0,1.714265038508227,0.0,1,0,69.8572464895504,6.900000000000006,12.85906189188295
Республика Коми,2023-12-01,20.79269261201463,-1.5282051620880424,-0.0,-1.5282051620880424,-0.0,0,1,69.62085385109333,7.780000000000001,12.98414808384289
Республика Коми,2024-01-01,20.15718936447135,0.6818813931607863,0.0,0.6818813931607863,0.0,0,0,67.93678272575822,7.299999999999997,12.90330905162148
Республика Коми,2024-02-01,23.29379571382976,-1.5559611222700127,-0.0,-1.5559611222700127,-0.0,1,0,65.50197082108957,6.920000000000002,13.01414258552985
Республика Коми,2024-03-01,24.13422148553971,-0.03662363343873665,-0.0,-0.03662363343873665,-0.0,0,0,65.0226884514943,7.379999999999995,12.88130352584706
Республика Коми,2024-04-01,23.10040797378755,-0.07535756412256944,-0.0,-0.07535756412256944,-0.0,0,0,64.91293266909182,7.349999999999994,12.860130781172
Республика Коми,2024-05-01,23.19437114350819,-1.8174537430626252,-0.0,-1.8174537430626252,-0.0,0,1,67.24120144427508,7.280000000000001,12.91495396964493
Республика Коми,2024-06-01,23.18370581778591,-0.4392507252018447,-0.0,-0.4392507252018447,-0.0,0,1,66.68127806619893,7.5,12.60975860020336
Республика Коми,2024-07-01,24.11207370007428,-0.5869739684411108,-0.0,-0.5869739684411108,-0.0,0,1,67.14410239493206,7.980000000000004,12.70938792648737
Республика Коми,2024-08-01,24.6545190590648,1.4105522767729113,0.0,1.4105522767729113,0.0,1,0,62.23143725247793,9.019999999999996,11.73419796189441
Республика Коми,2024-09-01,25.93168045249721,-1.9115218364399809,-0.0,-1.9115218364399809,-0.0,0,1,62.16260217069019,8.510000000000005,11.72544099172884
Республика Коми,2024-10-01,25.88320920076775,0.667769408390896,0.0,0.667769408390896,0.0,1,0,60.90594788680372,8.319999999999993,11.62583850889431
Республика Коми,2024-11-01,27.54259156648832,2.039278586154861,0.0,2.039278586154861,0.0,1,0,60.99357338156447,8.069999999999993,11.44268531053988
Республика Коми,2024-12-01,28.75886079014872,0.34090421830265427,0.0,0.34090421830265427,0.0,1,-1,58.05788804739061,8.790000000000006,11.58453402679369
Республика Коми,2025-01-01,29.84664020311515,0.24822008087726388,0.0,0.24822008087726388,0.0,-1,0,55.70846007543222,9.299999999999997,12.26548842255282
Республика Коми,2025-02-01,31.14083774312723,0.31653560056003016,0.0,0.31653560056003016,0.0,0,-1,55.75141825200349,9.510000000000005,12.20623049659657
Республика Коми,2025-03-01,31.70854489043297,0.41369500741819465,0.0,0.41369500741819465,0.0,-1,0,54.87571250123312,9.790000000000006,12.51238504176304
Республика Коми,2025-04-01,32.35648460548562,0.5812476727093596,0.0,0.5812476727093596,0.0,1,0,54.23158394358487,10.81,12.77705557196954
Республика Коми,2025-05-01,30.193211835193,0.3820181297639742,0.0,0.3820181297639742,0.0,0,1,52.72499979405719,10.29000000000001,12.7023079748783
Республика Коми,2025-06-01,30.61931594380128,0.6128194128495359,0.0,0.6128194128495359,0.0,0,0,52.18200248230394,9.629999999999995,12.83264848643479
Республика Коми,2025-07-01,29.30798035694632,-0.2977272507310609,-0.0,-0.2977272507310609,-0.0,0,0,51.43330801931769,8.75,13.31105304664216
Республика Коми,2025-08-01,28.1896143456077,-1.399483474742535,-0.0,-1.399483474742535,-0.0,1,0,50.75285001331225,8.239999999999995,12.26000586022301
Республика Коми,2025-09-01,27.47028595983368,0.2588989388809786,0.0,0.2588989388809786,0.0,0,0,50.78046043819473,8.079999999999998,12.3051962307827
Республика Коми,2025-10-01,26.05936695201862,-0.43597080805563593,-0.0,-0.43597080805563593,-0.0,-1,0,50.47775207105884,8.099999999999994,12.38376570672926
Республика Коми,2025-11-01,26.90099662832252,-0.19410526130430839,-0.0,-0.19410526130430839,-0.0,1,1,50.43330924357981,7.829999999999998,12.2895020828533
Республика Коми,2025-12-01,27.62661948067469,0.2813157398373711,0.0,0.2813157398373711,0.0,0,0,50.23659370307022,6.680000000000007,12.58795287415284
Республика Марий Эл,2019-03-01,15.11643159828559,0.7128714995200838,0.0,0.0,0.0,0,0,58.14929658432233,6.150000000000006,13.79107079300807
Республика Марий Эл,2019-04-01,14.92737171629433,0.6911493920479934,0.0,0.0,0.0,0,0,58.48098740422717,6.189999999999998,13.83733389320014
Республика Марий Эл,2019-05-01,14.90280516552432,0.45783100689424217,0.0,0.0,0.0,1,0,59.19802082084392,5.930000000000007,13.739540271373
Республика Марий Эл,2019-06-01,15.10461417677752,0.5041451542673663,0.0,0.0,0.0,0,0,59.59007669067145,5.980000000000004,13.72887094041878
Республика Марий Эл,2019-07-01,15.02481929518688,0.14629311794748645,0.0,0.0,0.0,0,1,59.97465700623537,5.439999999999998,13.46985365187124
Республика Марий Эл,2019-08-01,14.96217554573524,0.061654111534494405,0.0,0.0,0.0,0,0,58.87171030810764,5.799999999999997,13.69410419452026
Республика Марий Эл,2019-09-01,14.70810403022074,0.2864871600654304,0.0,0.0,0.0,0,0,59.53093298747263,5.060000000000002,13.79207934044654
Республика Марий Эл,2019-10-01,14.68020231899779,0.199118629193201,0.0,0.0,0.0,0,0,60.06630044240853,4.569999999999993,13.91718600113012
Республика Марий Эл,2019-11-01,14.7903492901486,-0.3451712223245451,-0.0,-0.0,-0.0,1,0,58.15399170729813,4.150000000000006,13.83377479143578
Республика Марий Эл,2019-12-01,14.50997269264658,-0.11071296164861266,-0.0,-0.0,-0.0,0,0,58.51965664577392,3.680000000000007,13.85763185315495
Республика Марий Эл,2020-01-01,14.22430348360805,0.4934187707708695,0.0,0.0,0.0,0,0,58.46763428317957,2.540000000000006,13.70370232235971
Республика Марий Эл,2020-02-01,14.28626517354396,0.717717316165718,0.0,0.0,0.0,0,0,59.47999506680088,1.599999999999994,13.69644787292009
Республика Марий Эл,2020-03-01,14.31452289624123,0.5448138582658153,0.0,0.0,0.0,0,0,59.57153410022108,1.790000000000006,13.78922909206114
Республика Марий Эл,2020-04-01,13.90436857088764,0.24910450663146122,0.0,0.0,0.0,0,-1,60.16745131979182,2.019999999999996,13.48801035929793
Республика Марий Эл,2020-05-01,13.71540687946,0.12930980432325967,0.0,0.0,0.0,-1,0,63.05558680908577,2.75,14.28729221926148
Республика Марий Эл,2020-06-01,13.81179186512555,0.4216232562547013,0.0,0.0,0.0,0,0,62.90122735494895,2.739999999999995,14.22495841232035
Республика Марий Эл,2020-07-01,13.50952285077116,-1.5016319110366503,-0.0,-0.0,-0.0,0,0,63.09422904257572,3.060000000000002,14.3654532176376
Республика Марий Эл,2020-08-01,13.20889860635065,-0.8645661305373835,-0.0,-0.0,-0.0,0,0,62.28934371618548,3.319999999999993,14.31238852639713
Республика Марий Эл,2020-09-01,13.1609182170337,-0.7937016241842549,-0.0,-0.0,-0.0,0,-1,62.95365776191286,3.730000000000004,14.20262675332811
Республика Марий Эл,2020-10-01,12.91170375738153,-1.2364929674992595,-0.0,-0.0,-0.0,-1,0,63.90411655796111,3.790000000000006,14.40705997160349
Республика Марий Эл,2020-11-01,12.92755664335829,-1.3589786818048175,-0.0,-0.0,-0.0,0,0,64.98849346676121,4.060000000000002,13.78731606006466
Республика Марий Эл,2020-12-01,12.98428182803991,-1.7089361724181273,-0.0,-0.0,-0.0,0,0,64.49705828257488,4.650000000000006,13.95139664390326
Республика Марий Эл,2021-01-01,12.70448469088222,3.0895976215913166,0.0,0.0,0.0,0,0,64.28407307453949,5.140000000000001,14.01360201279874
Республика Марий Эл,2021-02-01,12.67404412890914,-0.05176615786507455,-0.0,-0.0,-0.0,0,0,64.0438404982321,5.530000000000001,14.01802299639355
Республика Марий Эл,2021-03-01,12.46744427200314,-0.6104025253424652,-0.0,-0.0,-0.0,0,0,64.42911017109412,5.760000000000005,13.9808812228844
Республика Марий Эл,2021-04-01,12.52345172423173,-0.5967440618905293,-0.0,-0.0,-0.0,0,0,65.29709926859908,5.819999999999993,14.07658168007702
Республика Марий Эл,2021-05-01,12.43366099110366,-0.241937869195743,-0.0,-0.0,-0.0,0,1,64.31887109500835,5.650000000000006,14.15775503419501
Республика Марий Эл,2021-06-01,12.75493102342477,-0.7676306960714552,-0.0,-0.0,-0.0,0,0,64.86409885262808,6.060000000000002,13.58207075733994
Республика Марий Эл,2021-07-01,12.57090245970499,0.08560806359759354,0.0,0.0,0.0,0,0,65.80240619113647,5.989999999999995,13.98875836647074
Республика Марий Эл,2021-08-01,12.66030791453665,0.3090771946763784,0.0,0.0,0.0,1,1,65.86914518133719,5.859999999999999,13.80030316000723
Республика Марий Эл,2021-09-01,12.68754969035441,-0.6460537301930689,-0.0,-0.0,-0.0,0,0,66.88982394564401,5.819999999999993,13.73385927670998
Республика Марий Эл,2021-10-01,12.75197107090079,-0.6175372517280238,-0.0,-0.0,-0.0,0,0,67.27555626848832,6.989999999999995,13.80075813984783
Республика Марий Эл,2021-11-01,13.1295748758425,-0.12114037446266934,-0.0,-0.0,-0.0,1,0,68.53743822935125,7.849999999999994,13.73330384304168
Республика Марий Эл,2021-12-01,13.29676332384349,-0.26721650241728057,-0.0,-0.0,-0.0,0,0,67.59227705926236,7.870000000000005,13.57393205768456
Республика Марий Эл,2022-01-01,13.35471904585579,0.27464209751393653,0.0,0.0,0.0,0,0,67.79235777810523,7.75,13.54386167102855
Республика Марий Эл,2022-02-01,13.80186687028716,-0.3501956198858558,-0.0,-0.0,-0.0,0,0,70.16229030001483,8.049999999999997,12.99054468725209
Республика Марий Эл,2022-03-01,13.74765713669797,4.941478356719127,0.0,0.0,0.0,0,-1,70.69048168967018,8.909999999999997,13.37806465950984
Республика Марий Эл,2022-04-01,19.21058703000115,1.4923126339086181,0.0,0.0,0.0,-1,-1,69.74166835361531,16.25,14.22536702291085
Республика Марий Эл,2022-05-01,20.73872821484731,-1.244790623444267,-0.0,-0.0,-0.0,0,0,67.79437718234138,17.81,14.05710381640777
Республика Марий Эл,2022-06-01,20.2249606280314,-3.118179668249544,-0.0,-0.0,-0.0,0,0,66.65141255472462,17.53,14.14340140814994
Республика Марий Эл,2022-07-01,18.75117079421405,-0.386746413724417,-0.0,-0.0,-0.0,0,0,65.880244344032,17.28,14.74911254257818
Республика Марий Эл,2022-08-01,16.26248045563508,-1.1110066252555733,-0.0,-0.0,-0.0,0,0,65.11132316324648,16.65000000000001,14.50228856848666
Республика Марий Эл,2022-09-01,15.75852256714175,1.7547062341946287,0.0,0.0,0.0,0,0,64.59785640773444,15.56,14.53339139665171
Республика Марий Эл,2022-10-01,16.02301329440086,1.2482715752793254,0.0,0.0,0.0,0,0,64.22106520124629,14.25,14.53560352429688
Республика Марий Эл,2022-11-01,15.7954365952587,0.32653909912163215,0.0,0.0,0.0,0,0,64.4638976452146,13.23,14.40418790770444
Республика Марий Эл,2022-12-01,15.9673748544853,0.14955653030453497,0.0,0.0,0.0,0,1,64.84330914016361,12.73,14.57600854855943
Республика Марий Эл,2023-01-01,16.84442216088859,0.13967960707903515,0.0,0.0,0.0,0,0,64.33762014071041,12.95,14.31268558720187
Республика Марий Эл,2023-02-01,16.13664939677667,-1.9472998218897306,-0.0,-0.0,-0.0,1,0,65.84221722086292,13.3,14.45976977537622
Республика Марий Эл,2023-03-01,16.03118297181364,-0.4649545463768856,-0.0,-0.0,-0.0,0,0,65.39414173444622,12.34999999999999,14.3314344785082
Республика Марий Эл,2023-04-01,16.31600246482591,-0.5507806832459252,-0.0,-0.0,-0.0,0,0,65.82481941668958,5.390000000000001,14.08563043270376
Республика Марий Эл,2023-05-01,15.8989430789408,-0.46521849390664727,-0.0,-0.0,-0.0,0,0,66.38495039420125,3.700000000000003,14.04211925692451
Республика Марий Эл,2023-06-01,16.13147407920424,-0.5347109788556779,-0.0,-0.0,-0.0,0,1,66.40738353082335,4.010000000000005,13.4210797970125
Республика Марий Эл,2023-07-01,16.11931684574585,-0.5497632155639387,-0.0,-0.0,-0.0,0,1,66.76072070967186,4.109999999999999,13.47505278300468
Республика Марий Эл,2023-08-01,15.81449322630986,0.2078297309388475,0.0,0.0,0.0,1,0,62.27665578231676,4.819999999999993,13.19994565400781
Республика Марий Эл,2023-09-01,16.50190991415319,2.7050587479091437,0.0,0.0,0.0,0,1,63.41537739336204,5.939999999999998,13.11156491115969
Республика Марий Эл,2023-10-01,18.08951638788298,0.8633696772512707,0.0,0.0,0.0,1,0,64.68440526955978,7.379999999999995,13.04297603523133
Республика Марий Эл,2023-11-01,18.81778430407493,1.714265038508227,0.0,0.0,0.0,1,0,64.96639802809784,8.159999999999997,12.83986054960238
Республика Марий Эл,2023-12-01,19.471817415501,-1.5282051620880424,-0.0,-0.0,-0.0,0,1,64.60098333798653,8.989999999999995,12.91875085035011
Республика Марий Эл,2024-01-01,20.356314308213,0.6818813931607863,0.0,0.0,0.0,0,0,63.14018720748084,8.920000000000002,12.8850533810164
Республика Марий Эл,2024-02-01,22.08120611294096,-1.5559611222700127,-0.0,-0.0,-0.0,1,0,64.51036133714193,8.879999999999995,12.9718394344243
Республика Марий Эл,2024-03-01,23.64221596513348,-0.03662363343873665,-0.0,-0.0,-0.0,0,0,63.84189084528897,8.659999999999997,12.86157813837061
Республика Марий Эл,2024-04-01,22.45493897360054,-0.07535756412256944,-0.0,-0.0,-0.0,0,0,63.73758502468804,8.459999999999994,12.77220705524989
Республика Марий Эл,2024-05-01,22.13830529936011,-1.8174537430626252,-0.0,-0.0,-0.0,0,1,61.65796522219762,8.739999999999995,12.77442137069555
Республика Марий Эл,2024-06-01,22.5850487885091,-0.4392507252018447,-0.0,-0.0,-0.0,0,1,61.60716463753025,8.810000000000002,12.39956290918852
Республика Марий Эл,2024-07-01,23.0086568728396,-0.5869739684411108,-0.0,-0.0,-0.0,0,1,61.98695662203743,9.349999999999994,12.43663974178364
Республика Марий Эл,2024-08-01,23.77626251180866,1.4105522767729113,0.0,0.0,0.0,1,0,58.79613966322565,9.959999999999994,11.47495157885249
Республика Марий Эл,2024-09-01,25.36262982743916,-1.9115218364399809,-0.0,-0.0,-0.0,0,1,58.35871592611809,10.20999999999999,11.45092244399741
Республика Марий Эл,2024-10-01,24.64000649484307,0.667769408390896,0.0,0.0,0.0,1,0,57.39324595022257,9.64,11.48618984214986
Республика Марий Эл,2024-11-01,26.03093741363737,2.039278586154861,0.0,0.0,0.0,1,0,54.57895238745564,9.120000000000005,11.31155492868773
Республика Марий Эл,2024-12-01,27.45075109944295,0.34090421830265427,0.0,0.0,0.0,1,-1,51.97932394029582,9.739999999999995,11.44748505290142
Республика Марий Эл,2025-01-01,28.20428322007816,0.24822008087726388,0.0,0.0,0.0,-1,0,50.26897778683899,10.65000000000001,12.11733632769724
Республика Марий Эл,2025-02-01,29.6683878151865,0.31653560056003016,0.0,0.0,0.0,0,-1,52.04843432571604,10.84999999999999,12.0873617937182
Республика Марий Эл,2025-03-01,30.14958956339356,0.41369500741819465,0.0,0.0,0.0,-1,0,51.05074193521538,11.23,12.37660248846115
Республика Марий Эл,2025-04-01,29.93549785974328,0.5812476727093596,0.0,0.0,0.0,1,0,50.29987806071989,11.14,12.63827623767896
Республика Марий Эл,2025-05-01,28.71460595667566,0.3820181297639742,0.0,0.0,0.0,0,1,50.17764337174556,11.11,12.56403383203263
Республика Марий Эл,2025-06-01,28.0890235829306,0.6128194128495359,0.0,0.0,0.0,0,0,49.79877410059126,10.81999999999999,12.63334122216102
Республика Марий Эл,2025-07-01,27.56035403768827,-0.2977272507310609,-0.0,-0.0,-0.0,0,0,49.07641635741904,10.20999999999999,13.07438585170881
Республика Марий Эл,2025-08-01,25.64446173614329,-1.399483474742535,-0.0,-0.0,-0.0,1,0,48.28186433764937,9.680000000000007,12.25245510781277
Республика Марий Эл,2025-09-01,25.4068115027772,0.2588989388809786,0.0,0.0,0.0,0,0,48.37081708380805,9.14,12.26533086306497
Республика Марий Эл,2025-10-01,24.11015056357624,-0.43597080805563593,-0.0,-0.0,-0.0,-1,0,48.19849811397047,9.150000000000006,12.33813160932117
Республика Марий Эл,2025-11-01,24.26368383961759,-0.19410526130430839,-0.0,-0.0,-0.0,1,1,48.35051296090583,9.150000000000006,12.23869067120331
Республика Марий Эл,2025-12-01,25.77575324226607,0.2813157398373711,0.0,0.0,0.0,0,0,48.53480622491711,7.439999999999998,12.50412570875446
Республика Мордовия,2019-03-01,15.0266017059935,0.7128714995200838,0.0,0.0,0.0,0,0,51.43554690579194,4.489999999999995,13.72829470350211
Республика Мордовия,2019-04-01,14.95539246584647,0.6911493920479934,0.0,0.0,0.0,0,0,51.97047033598279,4.400000000000006,13.74639301960557
Республика Мордовия,2019-05-01,15.05952943488803,0.45783100689424217,0.0,0.0,0.0,1,0,53.3324539781263,4.189999999999998,13.61500512154277
Республика Мордовия,2019-06-01,15.22584789434658,0.5041451542673663,0.0,0.0,0.0,0,0,53.76604249111754,4.159999999999997,13.57009679439402
Республика Мордовия,2019-07-01,15.21125137123608,0.14629311794748645,0.0,0.0,0.0,0,1,54.20993110318,3.780000000000001,13.35619688199682
Республика Мордовия,2019-08-01,14.98734349032663,0.061654111534494405,0.0,0.0,0.0,0,0,54.5512620630217,3.819999999999993,13.54266344184359
Республика Мордовия,2019-09-01,14.72135401446805,0.2864871600654304,0.0,0.0,0.0,0,0,54.97988260411658,3.5,13.57113056197536
Республика Мордовия,2019-10-01,14.60530059768361,0.199118629193201,0.0,0.0,0.0,0,0,55.32703510312682,3.049999999999997,13.73784319492178
Республика Мордовия,2019-11-01,14.8012037485582,-0.3451712223245451,-0.0,-0.0,-0.0,1,0,55.29086493392846,2.719999999999999,13.62049261518042
Республика Мордовия,2019-12-01,14.71052283170254,-0.11071296164861266,-0.0,-0.0,-0.0,0,0,55.48514361817277,2.390000000000001,13.59236936166663
Республика Мордовия,2020-01-01,14.60352415094597,0.4934187707708695,0.0,0.0,0.0,0,0,55.28594315907424,1.980000000000004,13.49711832025477
Республика Мордовия,2020-02-01,14.44225336000992,0.717717316165718,0.0,0.0,0.0,0,0,57.89481976384862,1.120000000000005,13.42537812614129
Республика Мордовия,2020-03-01,14.47278143589288,0.5448138582658153,0.0,0.0,0.0,0,0,57.82730669760072,1.150000000000006,13.56845571011164
Республика Мордовия,2020-04-01,14.15196899643608,0.24910450663146122,0.0,0.0,0.0,0,-1,58.1033698037941,1.700000000000003,13.31375666620872
Республика Мордовия,2020-05-01,14.15605839795905,0.12930980432325967,0.0,0.0,0.0,-1,0,58.78380885249796,2.299999999999997,14.16768857433683
Республика Мордовия,2020-06-01,14.05697589735019,0.4216232562547013,0.0,0.0,0.0,0,0,58.2278528180796,2.409999999999997,14.16273665150879
Республика Мордовия,2020-07-01,13.76825810339858,-1.5016319110366503,-0.0,-0.0,-0.0,0,0,58.08643943309139,2.579999999999998,14.31342948302533
Республика Мордовия,2020-08-01,13.56880382195875,-0.8645661305373835,-0.0,-0.0,-0.0,0,0,57.88559979664826,2.760000000000005,14.28665246476503
Республика Мордовия,2020-09-01,13.78196002740201,-0.7937016241842549,-0.0,-0.0,-0.0,0,-1,58.31614445411874,3.019999999999996,14.1474010437601
Республика Мордовия,2020-10-01,13.48833336871897,-1.2364929674992595,-0.0,-0.0,-0.0,-1,0,58.71535345961952,2.950000000000003,14.37545536015883
Республика Мордовия,2020-11-01,13.00405461286522,-1.3589786818048175,-0.0,-0.0,-0.0,0,0,63.30120439092089,3.700000000000003,13.78650418411772
Республика Мордовия,2020-12-01,13.07443183013558,-1.7089361724181273,-0.0,-0.0,-0.0,0,0,63.31035821818938,4.219999999999999,13.95790377358809
Республика Мордовия,2021-01-01,13.00518123939835,3.0895976215913166,0.0,0.0,0.0,0,0,63.36866799648736,4.510000000000005,13.99863923487803
Республика Мордовия,2021-02-01,13.18090308463137,-0.05176615786507455,-0.0,-0.0,-0.0,0,0,58.23349397809031,5.069999999999993,14.0332288866578
Республика Мордовия,2021-03-01,12.86007014603516,-0.6104025253424652,-0.0,-0.0,-0.0,0,0,58.68845659206715,5.489999999999995,14.00505027471138
Республика Мордовия,2021-04-01,12.47001265163802,-0.5967440618905293,-0.0,-0.0,-0.0,0,0,59.08664358539458,5.420000000000002,14.12647007381253
Республика Мордовия,2021-05-01,12.40143341618337,-0.241937869195743,-0.0,-0.0,-0.0,0,1,59.00083135508915,5.349999999999994,14.20598599900423
Республика Мордовия,2021-06-01,12.58731282504923,-0.7676306960714552,-0.0,-0.0,-0.0,0,0,59.1812742288994,5.5,13.58645446008566
Республика Мордовия,2021-07-01,12.66068596193358,0.08560806359759354,0.0,0.0,0.0,0,0,59.3415605867716,5.840000000000003,13.91587355455646
Республика Мордовия,2021-08-01,13.34269629930478,0.3090771946763784,0.0,0.0,0.0,1,1,56.44497179972726,5.920000000000002,13.96164215316098
Республика Мордовия,2021-09-01,12.95898492136052,-0.6460537301930689,-0.0,-0.0,-0.0,0,0,57.36819332320697,5.980000000000004,13.86611469536895
Республика Мордовия,2021-10-01,12.71934471002985,-0.6175372517280238,-0.0,-0.0,-0.0,0,0,57.95211233004721,6.519999999999996,13.97171680496145
Республика Мордовия,2021-11-01,13.19576251369134,-0.12114037446266934,-0.0,-0.0,-0.0,1,0,58.94736756742127,6.799999999999997,13.88048158945444
Республика Мордовия,2021-12-01,13.39185105073442,-0.26721650241728057,-0.0,-0.0,-0.0,0,0,59.04344419602283,7.290000000000006,13.70292811010504
Республика Мордовия,2022-01-01,13.87201943930204,0.27464209751393653,0.0,0.0,0.0,0,0,59.05998082077058,7.769999999999996,13.66290593876581
Республика Мордовия,2022-02-01,13.93752418572644,-0.3501956198858558,-0.0,-0.0,-0.0,0,0,57.7753546808551,8.010000000000005,13.08661525653116
Республика Мордовия,2022-03-01,14.65152806801312,4.941478356719127,0.0,0.0,0.0,0,-1,58.16877094063197,8.510000000000005,13.34807792509469
Республика Мордовия,2022-04-01,20.44101117592571,1.4923126339086181,0.0,0.0,0.0,-1,-1,57.40693812067848,15.40000000000001,14.26243193328351
Республика Мордовия,2022-05-01,21.82822704493683,-1.244790623444267,-0.0,-0.0,-0.0,0,0,55.81131166977706,16.45,14.09054974275914
Республика Мордовия,2022-06-01,21.08690742880999,-3.118179668249544,-0.0,-0.0,-0.0,0,0,54.83597690983409,15.81999999999999,14.17090544382608
Республика Мордовия,2022-07-01,19.78608287285686,-0.386746413724417,-0.0,-0.0,-0.0,0,0,54.32888719479888,14.8,14.8396528328566
Республика Мордовия,2022-08-01,18.78410916290318,-1.1110066252555733,-0.0,-0.0,-0.0,0,0,54.18160203775495,13.67,14.59248624918903
Республика Мордовия,2022-09-01,17.67509186335945,1.7547062341946287,0.0,0.0,0.0,0,0,53.78260968255125,13.03,14.64661267084264
Республика Мордовия,2022-10-01,18.23591600845738,1.2482715752793254,0.0,0.0,0.0,0,0,53.97709434207651,12.66,14.639695334857
Республика Мордовия,2022-11-01,16.39079732988623,0.32653909912163215,0.0,0.0,0.0,0,0,54.0782967806295,11.63,14.52383396444547
Республика Мордовия,2022-12-01,16.96549854520371,0.14955653030453497,0.0,0.0,0.0,0,1,54.20901006361516,10.75,14.76751326089271
Республика Мордовия,2023-01-01,18.47974424929071,0.13967960707903515,0.0,0.0,0.0,0,0,54.21734278712269,10.77,14.49922692138117
Республика Мордовия,2023-02-01,17.17735455665731,-1.9472998218897306,-0.0,-0.0,-0.0,1,0,54.99578188138419,10.31999999999999,14.64507597568397
Республика Мордовия,2023-03-01,17.07981802128357,-0.4649545463768856,-0.0,-0.0,-0.0,0,0,54.82660702897086,9.670000000000002,14.49000871496553
Республика Мордовия,2023-04-01,16.84941124097605,-0.5507806832459252,-0.0,-0.0,-0.0,0,0,55.41700319395312,2.700000000000003,14.30815595719012
Республика Мордовия,2023-05-01,16.51166024945998,-0.46521849390664727,-0.0,-0.0,-0.0,0,0,56.02923391168254,1.689999999999998,14.21459187743988
Республика Мордовия,2023-06-01,16.88792689767863,-0.5347109788556779,-0.0,-0.0,-0.0,0,1,56.56015227224874,1.799999999999997,13.52939429444436
Республика Мордовия,2023-07-01,16.74380725825377,-0.5497632155639387,-0.0,-0.0,-0.0,0,1,57.10636596210278,2.409999999999997,13.52518607010969
Республика Мордовия,2023-08-01,16.43648131488745,0.2078297309388475,0.0,0.0,0.0,1,0,57.82099415880986,3.430000000000007,13.22727239545002
Республика Мордовия,2023-09-01,16.49560195287338,2.7050587479091437,0.0,0.0,0.0,0,1,59.03819495418793,4.209999999999994,13.11361814136569
Республика Мордовия,2023-10-01,18.55931123238466,0.8633696772512707,0.0,0.0,0.0,1,0,60.31874838442135,4.829999999999998,13.02688411488908
Республика Мордовия,2023-11-01,19.18987180232345,1.714265038508227,0.0,0.0,0.0,1,0,60.96828288371739,5.450000000000003,12.82250736783666
Республика Мордовия,2023-12-01,19.39922346719483,-1.5282051620880424,-0.0,-0.0,-0.0,0,1,60.92904814229314,6.299999999999997,12.8720751447207
Республика Мордовия,2024-01-01,21.04080699864695,0.6818813931607863,0.0,0.0,0.0,0,0,59.822520679683,5.730000000000004,12.93922843169052
Республика Мордовия,2024-02-01,22.50134087644836,-1.5559611222700127,-0.0,-0.0,-0.0,1,0,59.46803838718414,6.269999999999996,13.03171739667669
Республика Мордовия,2024-03-01,23.38963700616379,-0.03662363343873665,-0.0,-0.0,-0.0,0,0,58.77438270797539,6.189999999999998,12.90996622203116
Республика Мордовия,2024-04-01,22.06084517010436,-0.07535756412256944,-0.0,-0.0,-0.0,0,0,58.56907481260208,6.159999999999997,12.81771042262651
Республика Мордовия,2024-05-01,21.97919301013079,-1.8174537430626252,-0.0,-0.0,-0.0,0,1,58.96607276975815,6.180000000000007,12.81357874806348
Республика Мордовия,2024-06-01,22.49609032923767,-0.4392507252018447,-0.0,-0.0,-0.0,0,1,59.00500240614747,6.590000000000003,12.43932261119411
Республика Мордовия,2024-07-01,23.63924460551411,-0.5869739684411108,-0.0,-0.0,-0.0,0,1,59.40667431222899,6.870000000000005,12.52806593404543
Республика Мордовия,2024-08-01,23.68371848028113,1.4105522767729113,0.0,0.0,0.0,1,0,58.83768434312097,7.569999999999993,11.53587665712036
Республика Мордовия,2024-09-01,24.94127108759478,-1.9115218364399809,-0.0,-0.0,-0.0,0,1,58.45396388013667,7.450000000000003,11.51799471244575
Республика Мордовия,2024-10-01,25.305058449504,0.667769408390896,0.0,0.0,0.0,1,0,57.73854803443439,7.439999999999998,11.52696926014423
Республика Мордовия,2024-11-01,26.88228463806547,2.039278586154861,0.0,0.0,0.0,1,0,57.41921270520406,7.379999999999995,11.37467931342882
Республика Мордовия,2024-12-01,28.23196753157944,0.34090421830265427,0.0,0.0,0.0,1,-1,54.21474699612866,7.810000000000002,11.52944980419008
Республика Мордовия,2025-01-01,28.03664153529105,0.24822008087726388,0.0,0.0,0.0,-1,0,52.13546722867745,8.709999999999994,12.19671625100933
Республика Мордовия,2025-02-01,31.48276527579272,0.31653560056003016,0.0,0.0,0.0,0,-1,49.90076430938649,9.069999999999993,12.12986758856182
Республика Мордовия,2025-03-01,32.77161453099848,0.41369500741819465,0.0,0.0,0.0,-1,0,48.98940246039923,9.5,12.41037202709417
Республика Мордовия,2025-04-01,30.84639591746911,0.5812476727093596,0.0,0.0,0.0,1,0,48.27967117691247,9.61,12.67353172845836
Республика Мордовия,2025-05-01,28.60341738639014,0.3820181297639742,0.0,0.0,0.0,0,1,47.59174270597686,9.489999999999995,12.5991578958129
Республика Мордовия,2025-06-01,27.76530736158571,0.6128194128495359,0.0,0.0,0.0,0,0,47.18543458993403,9.280000000000001,12.6756294439089
Республика Мордовия,2025-07-01,28.05580219019711,-0.2977272507310609,-0.0,-0.0,-0.0,0,0,46.50826116661376,8.939999999999998,13.15011341572491
Республика Мордовия,2025-08-01,26.78979851274737,-1.399483474742535,-0.0,-0.0,-0.0,1,0,45.63527491086438,9.230000000000004,12.20369736401682
Республика Мордовия,2025-09-01,25.35666690775032,0.2588989388809786,0.0,0.0,0.0,0,0,45.73747566382716,8.650000000000006,12.22667486802266
Республика Мордовия,2025-10-01,24.35814559214409,-0.43597080805563593,-0.0,-0.0,-0.0,-1,0,45.4956045699847,8.739999999999995,12.29565983733134
Республика Мордовия,2025-11-01,24.60546257573763,-0.19410526130430839,-0.0,-0.0,-0.0,1,1,45.61417243385834,8.579999999999998,12.206253958803
Республика Мордовия,2025-12-01,25.92769082794075,0.2813157398373711,0.0,0.0,0.0,0,0,45.5657600523256,6.930000000000007,12.48940029656528
Республика Саха (Якутия),2019-03-01,14.64830574331051,0.7128714995200838,0.0,0.7128714995200838,0.0,0,0,58.18231510160071,4.019999999999996,13.57481870189136
Республика Саха (Якутия),2019-04-01,14.66304586536068,0.6911493920479934,0.0,0.6911493920479934,0.0,0,0,57.48463101753676,4.420000000000002,13.5616212299049
Республика Саха (Якутия),2019-05-01,14.55896392963721,0.45783100689424217,0.0,0.45783100689424217,0.0,1,0,58.64495099560155,3.439999999999998,13.48022306252645
Республика Саха (Якутия),2019-06-01,14.59135533348128,0.5041451542673663,0.0,0.5041451542673663,0.0,0,0,57.37219261508341,3.840000000000003,13.45170963423708
Республика Саха (Якутия),2019-07-01,14.68351508719373,0.14629311794748645,0.0,0.14629311794748645,0.0,0,1,56.51736159649252,4.099999999999994,13.17442238532498
Республика Саха (Якутия),2019-08-01,14.62484459152871,0.061654111534494405,0.0,0.061654111534494405,0.0,0,0,54.58121927708063,4.459999999999994,13.44886923528524
Республика Саха (Якутия),2019-09-01,14.42037195526909,0.2864871600654304,0.0,0.2864871600654304,0.0,0,0,54.96650045959024,4.689999999999998,13.56941027334075
Республика Саха (Якутия),2019-10-01,14.05405143403884,0.199118629193201,0.0,0.199118629193201,0.0,0,0,54.63637492029654,4.900000000000006,13.7500225233303
Республика Саха (Якутия),2019-11-01,14.41829126382888,-0.3451712223245451,-0.0,-0.3451712223245451,-0.0,1,0,54.46648656045672,4.549999999999997,13.65849596944738
Республика Саха (Якутия),2019-12-01,14.17027643477105,-0.11071296164861266,-0.0,-0.11071296164861266,-0.0,0,0,53.63910888972202,4.269999999999996,13.65998321202463
Республика Саха (Якутия),2020-01-01,14.20404884135356,0.4934187707708695,0.0,0.4934187707708695,0.0,0,0,51.70436497087228,4.150000000000006,13.54629875786024
Республика Саха (Якутия),2020-02-01,14.28989706695539,0.717717316165718,0.0,0.717717316165718,0.0,0,0,50.89206719408521,3.230000000000004,13.46866680471834
Республика Саха (Якутия),2020-03-01,14.01314429305203,0.5448138582658153,0.0,0.5448138582658153,0.0,0,0,51.35851180027887,3.450000000000003,13.57538371564896
Республика Саха (Якутия),2020-04-01,13.58602787784655,0.24910450663146122,0.0,0.24910450663146122,0.0,0,-1,51.98430649563445,2.900000000000006,13.30269274196997
Республика Саха (Якутия),2020-05-01,13.6219354550136,0.12930980432325967,0.0,0.12930980432325967,0.0,-1,0,52.71716708849302,3.780000000000001,14.23941183668841
Республика Саха (Якутия),2020-06-01,13.29297920422127,0.4216232562547013,0.0,0.4216232562547013,0.0,0,0,52.81738294654391,3.299999999999997,14.19264955355967
Республика Саха (Якутия),2020-07-01,13.13696631211769,-1.5016319110366503,-0.0,-1.5016319110366503,-0.0,0,0,53.08729185377928,3.030000000000001,14.34504324506979
Республика Саха (Якутия),2020-08-01,12.8968958016798,-0.8645661305373835,-0.0,-0.8645661305373835,-0.0,0,0,53.1524488689709,2.5,14.25836968339231
Республика Саха (Якутия),2020-09-01,12.95215443467008,-0.7937016241842549,-0.0,-0.7937016241842549,-0.0,0,-1,54.08963451324523,2.400000000000006,14.08521631784429
Республика Саха (Якутия),2020-10-01,12.85441436741145,-1.2364929674992595,-0.0,-1.2364929674992595,-0.0,-1,0,54.71615820815509,2.950000000000003,14.31766351352151
Республика Саха (Якутия),2020-11-01,12.87128835367089,-1.3589786818048175,-0.0,-1.3589786818048175,-0.0,0,0,54.67680242450229,3.209999999999994,13.67733336775749
Республика Саха (Якутия),2020-12-01,12.71574127797331,-1.7089361724181273,-0.0,-1.7089361724181273,-0.0,0,0,54.31475680389286,3.670000000000002,13.83146193399361
Республика Саха (Якутия),2021-01-01,12.65901932503993,3.0895976215913166,0.0,3.0895976215913166,0.0,0,0,54.11726273194233,3.950000000000003,13.89350447075291
Республика Саха (Якутия),2021-02-01,12.43767564499181,-0.05176615786507455,-0.0,-0.05176615786507455,-0.0,0,0,54.5714507587191,4.599999999999994,13.9151501023819
Республика Саха (Якутия),2021-03-01,12.24983904486848,-0.6104025253424652,-0.0,-0.6104025253424652,-0.0,0,0,55.05504092463545,4.689999999999998,13.88525012520323
Республика Саха (Якутия),2021-04-01,12.25134057616784,-0.5967440618905293,-0.0,-0.5967440618905293,-0.0,0,0,55.84447693099648,4.769999999999996,14.01254287050593
Республика Саха (Якутия),2021-05-01,11.86326945358238,-0.241937869195743,-0.0,-0.241937869195743,-0.0,0,1,55.97942321449544,5.049999999999997,14.19843920193832
Республика Саха (Якутия),2021-06-01,12.06160084328493,-0.7676306960714552,-0.0,-0.7676306960714552,-0.0,0,0,56.42991981563456,5.579999999999998,13.5282508826054
Республика Саха (Якутия),2021-07-01,12.2128768987383,0.08560806359759354,0.0,0.08560806359759354,0.0,0,0,57.46185887548472,5.340000000000003,13.96701845993844
Республика Саха (Якутия),2021-08-01,12.30777028720575,0.3090771946763784,0.0,0.3090771946763784,0.0,1,1,59.17127490651787,6.129999999999995,13.76325447248294
Республика Саха (Якутия),2021-09-01,12.4397929124802,-0.6460537301930689,-0.0,-0.6460537301930689,-0.0,0,0,60.49603779900582,6.390000000000001,13.67844916306039
Республика Саха (Якутия),2021-10-01,12.35841995087286,-0.6175372517280238,-0.0,-0.6175372517280238,-0.0,0,0,61.41154906789023,5.760000000000005,13.81711722724867
Республика Саха (Якутия),2021-11-01,12.93693954879629,-0.12114037446266934,-0.0,-0.12114037446266934,-0.0,1,0,61.61900285101984,5.969999999999999,13.6925364777925
Республика Саха (Якутия),2021-12-01,12.95198059266704,-0.26721650241728057,-0.0,-0.26721650241728057,-0.0,0,0,61.2437423522265,5.950000000000003,13.52432389158215
Республика Саха (Якутия),2022-01-01,13.2821004199767,0.27464209751393653,0.0,0.27464209751393653,0.0,0,0,60.83091680884238,6.180000000000007,13.49902959107792
Республика Саха (Якутия),2022-02-01,13.59653137572394,-0.3501956198858558,-0.0,-0.3501956198858558,-0.0,0,0,60.72485027989287,6.209999999999994,12.93404469490755
Республика Саха (Якутия),2022-03-01,13.35090291737801,4.941478356719127,0.0,4.941478356719127,0.0,0,-1,61.28254757438312,6.519999999999996,13.11034344212758
Республика Саха (Якутия),2022-04-01,-2.63333341251676,1.4923126339086181,0.0,1.4923126339086181,0.0,-1,-1,61.05541393159375,10.95999999999999,14.02529726458534
Республика Саха (Якутия),2022-05-01,-31.89841740699168,-1.244790623444267,-0.0,-1.244790623444267,-0.0,0,0,60.3272819304967,12.87,13.89085850841496
Республика Саха (Якутия),2022-06-01,18.9644558353502,-3.118179668249544,-0.0,-3.118179668249544,-0.0,0,0,59.69869748745696,12.97,13.98866745176786
Республика Саха (Якутия),2022-07-01,17.76620690347295,-0.386746413724417,-0.0,-0.386746413724417,-0.0,0,0,59.35120200352782,12.92,14.67103749185458
Республика Саха (Якутия),2022-08-01,15.82169049617901,-1.1110066252555733,-0.0,-1.1110066252555733,-0.0,0,0,59.4324262845162,11.68000000000001,14.36754495882644
Республика Саха (Якутия),2022-09-01,15.65269635243995,1.7547062341946287,0.0,1.7547062341946287,0.0,0,0,60.02728040457996,11.17,14.40460729587931
Республика Саха (Якутия),2022-10-01,15.36087100938493,1.2482715752793254,0.0,1.2482715752793254,0.0,0,0,60.31928439768893,11.38,14.37806637837233
Республика Саха (Якутия),2022-11-01,14.71689769354064,0.32653909912163215,0.0,0.32653909912163215,0.0,0,0,60.76105717984275,11.41,14.24823828471499
Республика Саха (Якутия),2022-12-01,15.25300340597591,0.14955653030453497,0.0,0.14955653030453497,0.0,0,1,60.66637405963494,11.91,14.53650931277137
Республика Саха (Якутия),2023-01-01,16.03150520954108,0.13967960707903515,0.0,0.13967960707903515,0.0,0,0,60.61208583285448,12.31,14.32837092358737
Республика Саха (Якутия),2023-02-01,16.51453130869864,-1.9472998218897306,-0.0,-1.9472998218897306,-0.0,1,0,58.82763727266354,12.84,14.46669694479323
Республика Саха (Якутия),2023-03-01,16.00317448710891,-0.4649545463768856,-0.0,-0.4649545463768856,-0.0,0,0,58.93733006084197,12.5,14.30916778347105
Республика Саха (Якутия),2023-04-01,15.91972289959658,-0.5507806832459252,-0.0,-0.5507806832459252,-0.0,0,0,59.50046450810616,8.329999999999998,14.09401543352106
Республика Саха (Якутия),2023-05-01,15.723486965462,-0.46521849390664727,-0.0,-0.46521849390664727,-0.0,0,0,59.62084008868543,6.689999999999998,13.94292379227992
Республика Саха (Якутия),2023-06-01,15.63193335547444,-0.5347109788556779,-0.0,-0.5347109788556779,-0.0,0,1,60.00010862284814,6.239999999999995,13.21384601160746
Республика Саха (Якутия),2023-07-01,15.82095451506486,-0.5497632155639387,-0.0,-0.5497632155639387,-0.0,0,1,60.71075035458831,6.010000000000005,13.25112507542754
Республика Саха (Якутия),2023-08-01,15.59341434033243,0.2078297309388475,0.0,0.2078297309388475,0.0,1,0,61.46704985069069,6.340000000000003,12.97018516121095
Республика Саха (Якутия),2023-09-01,16.52120227992415,2.7050587479091437,0.0,2.7050587479091437,0.0,0,1,63.07179778339249,6.659999999999997,12.81255488618008
Республика Саха (Якутия),2023-10-01,18.13407859933133,0.8633696772512707,0.0,0.8633696772512707,0.0,1,0,64.3861573108423,6.980000000000004,12.76308551672511
Республика Саха (Якутия),2023-11-01,18.51511114936603,1.714265038508227,0.0,1.714265038508227,0.0,1,0,65.28657945709789,7.739999999999995,12.55149761917111
Республика Саха (Якутия),2023-12-01,19.85350354970155,-1.5282051620880424,-0.0,-1.5282051620880424,-0.0,0,1,65.5648772181216,7.870000000000005,12.62243873600739
Республика Саха (Якутия),2024-01-01,19.54111182612564,0.6818813931607863,0.0,0.6818813931607863,0.0,0,0,65.04439119693076,7.379999999999995,12.73601219728911
Республика Саха (Якутия),2024-02-01,23.17681303127921,-1.5559611222700127,-0.0,-1.5559611222700127,-0.0,1,0,64.877870490829,6.819999999999993,12.86020044943127
Республика Саха (Якутия),2024-03-01,25.95444814428485,-0.03662363343873665,-0.0,-0.03662363343873665,-0.0,0,0,64.52437199875148,6.939999999999998,12.76623469767437
Республика Саха (Якутия),2024-04-01,24.461523437452,-0.07535756412256944,-0.0,-0.07535756412256944,-0.0,0,0,64.5642176257808,7.150000000000006,12.68877074647066
Республика Саха (Якутия),2024-05-01,25.48475558770215,-1.8174537430626252,-0.0,-1.8174537430626252,-0.0,0,1,63.39152716431728,7.310000000000002,12.71424004349933
Республика Саха (Якутия),2024-06-01,24.33041648677938,-0.4392507252018447,-0.0,-0.4392507252018447,-0.0,0,1,63.46933258466879,7.420000000000002,12.3433572580999
Республика Саха (Якутия),2024-07-01,23.43296927750762,-0.5869739684411108,-0.0,-0.5869739684411108,-0.0,0,1,64.24707186478892,7.980000000000004,12.47071820772076
Республика Саха (Якутия),2024-08-01,24.00850907541092,1.4105522767729113,0.0,1.4105522767729113,0.0,1,0,63.71468089870713,8.86,11.39701597249621
Республика Саха (Якутия),2024-09-01,26.12753426851673,-1.9115218364399809,-0.0,-1.9115218364399809,-0.0,0,1,64.19596369683643,9.230000000000004,11.34078212963031
Республика Саха (Якутия),2024-10-01,29.11216673849076,0.667769408390896,0.0,0.667769408390896,0.0,1,0,63.96072836223522,9.099999999999994,11.3332256242495
Республика Саха (Якутия),2024-11-01,32.24689179028316,2.039278586154861,0.0,2.039278586154861,0.0,1,0,62.89589448553517,9.150000000000006,11.17629197903327
Республика Саха (Якутия),2024-12-01,32.26122634643514,0.34090421830265427,0.0,0.34090421830265427,0.0,1,-1,60.9855913291,9.290000000000006,11.3308773275583
Республика Саха (Якутия),2025-01-01,29.82559927177212,0.24822008087726388,0.0,0.24822008087726388,0.0,-1,0,59.16392150919142,9.239999999999995,12.11182433088522
Республика Саха (Якутия),2025-02-01,31.66915610093546,0.31653560056003016,0.0,0.31653560056003016,0.0,0,-1,57.56864645488768,9.810000000000002,12.13167252157221
Республика Саха (Якутия),2025-03-01,32.33600722428916,0.41369500741819465,0.0,0.41369500741819465,0.0,-1,0,56.82205929565959,10.18000000000001,12.4447606913061
Республика Саха (Якутия),2025-04-01,33.47254937136553,0.5812476727093596,0.0,0.5812476727093596,0.0,1,0,56.20841036914176,9.959999999999994,12.73053542505866
Республика Саха (Якутия),2025-05-01,31.24169057112263,0.3820181297639742,0.0,0.3820181297639742,0.0,0,1,55.96336305004142,9.89,12.66890525804881
Республика Саха (Якутия),2025-06-01,31.5637535511905,0.6128194128495359,0.0,0.6128194128495359,0.0,0,0,55.55662310279463,9.86,12.78936875007132
Республика Саха (Якутия),2025-07-01,30.00393503785108,-0.2977272507310609,-0.0,-0.2977272507310609,-0.0,0,0,55.04911662762698,9.489999999999995,13.17410004304601
Республика Саха (Якутия),2025-08-01,29.81879225844525,-1.399483474742535,-0.0,-1.399483474742535,-0.0,1,0,54.61903830968375,9.620000000000005,12.22714293769481
Республика Саха (Якутия),2025-09-01,29.64080995027682,0.2588989388809786,0.0,0.2588989388809786,0.0,0,0,55.08296249132179,8.75,12.26823207770857
Республика Саха (Якутия),2025-10-01,28.32931802418358,-0.43597080805563593,-0.0,-0.43597080805563593,-0.0,-1,0,54.85854490412674,8.930000000000007,12.32057029871864
Республика Саха (Якутия),2025-11-01,28.89884139445361,-0.19410526130430839,-0.0,-0.19410526130430839,-0.0,1,1,54.82595544664317,8.150000000000006,12.24541205035067
Республика Саха (Якутия),2025-12-01,28.40222679167008,0.2813157398373711,0.0,0.2813157398373711,0.0,0,0,54.40663372362119,8.040000000000006,12.5385467211066
Республика Северная Осетия - Алания,2019-03-01,16.42527004321824,0.7128714995200838,0.0,0.0,0.7128714995200838,0,0,53.05919595962547,4.849999999999994,13.88478927669276
Республика Северная Осетия - Алания,2019-04-01,16.3166584786272,0.6911493920479934,0.0,0.0,0.6911493920479934,0,0,53.63441487676265,4.569999999999993,13.89620864209493
Республика Северная Осетия - Алания,2019-05-01,16.63371624377515,0.45783100689424217,0.0,0.0,0.45783100689424217,1,0,55.24584557037777,4.629999999999995,13.76537423543579
Республика Северная Осетия - Алания,2019-06-01,16.75666308129397,0.5041451542673663,0.0,0.0,0.5041451542673663,0,0,55.65275802829133,4.890000000000001,13.75052628292061
Республика Северная Осетия - Алания,2019-07-01,16.63159192020694,0.14629311794748645,0.0,0.0,0.14629311794748645,0,1,55.94354879186453,3.989999999999995,13.30496646282066
Республика Северная Осетия - Алания,2019-08-01,16.42951861111453,0.061654111534494405,0.0,0.0,0.061654111534494405,0,0,58.87064260490714,3.650000000000006,13.63942462848927
Республика Северная Осетия - Алания,2019-09-01,16.10532435558761,0.2864871600654304,0.0,0.0,0.2864871600654304,0,0,59.39849143991983,3.099999999999994,14.02700706074218
Республика Северная Осетия - Алания,2019-10-01,15.94460793957169,0.199118629193201,0.0,0.0,0.199118629193201,0,0,59.88533440907422,2.959999999999994,14.17083280065771
Республика Северная Осетия - Алания,2019-11-01,16.14904121441044,-0.3451712223245451,-0.0,-0.0,-0.3451712223245451,1,0,57.55845664876733,2.680000000000007,14.14651770772977
Республика Северная Осетия - Алания,2019-12-01,15.81474966277167,-0.11071296164861266,-0.0,-0.0,-0.11071296164861266,0,0,57.29315501177658,2.689999999999998,14.34577622450007
Республика Северная Осетия - Алания,2020-01-01,15.8053252213412,0.4934187707708695,0.0,0.0,0.4934187707708695,0,0,57.53669766966239,1.870000000000005,14.16625010183786
Республика Северная Осетия - Алания,2020-02-01,15.72657631372707,0.717717316165718,0.0,0.0,0.717717316165718,0,0,70.07934900835836,1.469999999999999,14.12701796435068
Республика Северная Осетия - Алания,2020-03-01,15.80875358490706,0.5448138582658153,0.0,0.0,0.5448138582658153,0,0,70.14985300613023,0.8700000000000045,14.25171069397341
Республика Северная Осетия - Алания,2020-04-01,15.57104674345487,0.24910450663146122,0.0,0.0,0.24910450663146122,0,-1,70.68654875801874,1.269999999999996,13.89482864753508
Республика Северная Осетия - Алания,2020-05-01,15.56321203689645,0.12930980432325967,0.0,0.0,0.12930980432325967,-1,0,67.41134693246768,2.280000000000001,14.60109145807454
Республика Северная Осетия - Алания,2020-06-01,15.30627729908936,0.4216232562547013,0.0,0.0,0.4216232562547013,0,0,66.553688766449,2.040000000000006,14.29606847614727
Республика Северная Осетия - Алания,2020-07-01,14.68819746405254,-1.5016319110366503,-0.0,-0.0,-1.5016319110366503,0,0,66.6162269836822,2.969999999999999,14.4650897549347
Республика Северная Осетия - Алания,2020-08-01,14.38784962987821,-0.8645661305373835,-0.0,-0.0,-0.8645661305373835,0,0,59.78211744451158,2.939999999999998,14.45843836545776
Республика Северная Осетия - Алания,2020-09-01,14.50546799173933,-0.7937016241842549,-0.0,-0.0,-0.7937016241842549,0,-1,60.22490386873732,3.310000000000002,14.27258755629855
Республика Северная Осетия - Алания,2020-10-01,14.39541154066738,-1.2364929674992595,-0.0,-0.0,-1.2364929674992595,-1,0,60.70510062314841,3.670000000000002,14.72171956734883
Республика Северная Осетия - Алания,2020-11-01,14.32208504185281,-1.3589786818048175,-0.0,-0.0,-1.3589786818048175,0,0,57.92769813647379,4.469999999999999,14.09440182298812
Республика Северная Осетия - Алания,2020-12-01,14.33184210914629,-1.7089361724181273,-0.0,-0.0,-1.7089361724181273,0,0,58.4638900272118,4.370000000000005,14.23201879825671
Республика Северная Осетия - Алания,2021-01-01,13.99904583077181,3.0895976215913166,0.0,0.0,3.0895976215913166,0,0,58.41740290976338,5.049999999999997,14.1613798613266
Республика Северная Осетия - Алания,2021-02-01,13.96626237499647,-0.05176615786507455,-0.0,-0.0,-0.05176615786507455,0,0,58.29442575287496,5.019999999999996,14.24021485659152
Республика Северная Осетия - Алания,2021-03-01,14.13093816868223,-0.6104025253424652,-0.0,-0.0,-0.6104025253424652,0,0,58.91106994986485,5.840000000000003,14.18130421065904
Республика Северная Осетия - Алания,2021-04-01,13.60359709806557,-0.5967440618905293,-0.0,-0.0,-0.5967440618905293,0,0,59.5547388774928,6.849999999999994,14.2562006065609
Республика Северная Осетия - Алания,2021-05-01,13.17815468383064,-0.241937869195743,-0.0,-0.0,-0.241937869195743,0,1,61.54044271431912,5.780000000000001,14.39821592242593
Республика Северная Осетия - Алания,2021-06-01,13.32195452135198,-0.7676306960714552,-0.0,-0.0,-0.7676306960714552,0,0,62.64275815347599,6.200000000000003,13.75194656953782
Республика Северная Осетия - Алания,2021-07-01,13.39775756403422,0.08560806359759354,0.0,0.0,0.08560806359759354,0,0,63.35621526101745,6.290000000000006,14.13047849686197
Республика Северная Осетия - Алания,2021-08-01,13.52788651388627,0.3090771946763784,0.0,0.0,0.3090771946763784,1,1,64.17491333076164,6.939999999999998,13.82114441431869
Республика Северная Осетия - Алания,2021-09-01,13.21055165995785,-0.6460537301930689,-0.0,-0.0,-0.6460537301930689,0,0,65.36951942925593,7.0,13.64364531829969
Республика Северная Осетия - Алания,2021-10-01,12.82126783374887,-0.6175372517280238,-0.0,-0.0,-0.6175372517280238,0,0,66.28323815798176,7.900000000000006,13.64510769517608
Республика Северная Осетия - Алания,2021-11-01,13.69463273816237,-0.12114037446266934,-0.0,-0.0,-0.12114037446266934,1,0,67.58065041383519,9.310000000000002,13.53046222737408
Республика Северная Осетия - Алания,2021-12-01,13.82768049107197,-0.26721650241728057,-0.0,-0.0,-0.26721650241728057,0,0,68.01914075149595,9.319999999999993,13.44000250919719
Республика Северная Осетия - Алания,2022-01-01,13.47112041506458,0.27464209751393653,0.0,0.0,0.27464209751393653,0,0,68.32450745647279,9.180000000000007,13.50309190071563
Республика Северная Осетия - Алания,2022-02-01,13.90135056409872,-0.3501956198858558,-0.0,-0.0,-0.3501956198858558,0,0,67.1784051964306,9.790000000000006,12.97769260918279
Республика Северная Осетия - Алания,2022-03-01,14.03411744266864,4.941478356719127,0.0,0.0,4.941478356719127,0,-1,67.75485289655244,9.709999999999994,13.99169768771798
Республика Северная Осетия - Алания,2022-04-01,19.54554252240259,1.4923126339086181,0.0,0.0,1.4923126339086181,-1,-1,67.08146342694124,15.94,14.82311584170396
Республика Северная Осетия - Алания,2022-05-01,22.38217416348187,-1.244790623444267,-0.0,-0.0,-1.244790623444267,0,0,66.22740172092503,17.48,14.57876832633209
Республика Северная Осетия - Алания,2022-06-01,23.16230547699377,-3.118179668249544,-0.0,-0.0,-3.118179668249544,0,0,65.41261069202994,17.47,14.59210343741804
Республика Северная Осетия - Алания,2022-07-01,20.56469654397749,-0.386746413724417,-0.0,-0.0,-0.386746413724417,0,0,64.70363198389148,16.45,15.16284508542453
Республика Северная Осетия - Алания,2022-08-01,17.9684127591342,-1.1110066252555733,-0.0,-0.0,-1.1110066252555733,0,0,62.97029764703071,14.77,14.85368934802726
Республика Северная Осетия - Алания,2022-09-01,17.23288952433781,1.7547062341946287,0.0,0.0,1.7547062341946287,0,0,63.0366465015034,13.42,14.71817620211108
Республика Северная Осетия - Алания,2022-10-01,16.86083542635583,1.2482715752793254,0.0,0.0,1.2482715752793254,0,0,63.80812534563811,12.95999999999999,14.66761508892838
Республика Северная Осетия - Алания,2022-11-01,17.07290120699475,0.32653909912163215,0.0,0.0,0.32653909912163215,0,0,63.9546709492803,11.20999999999999,14.53475163048872
Республика Северная Осетия - Алания,2022-12-01,17.54026175997552,0.14955653030453497,0.0,0.0,0.14955653030453497,0,1,64.71517968319908,10.58,14.71615605990675
Республика Северная Осетия - Алания,2023-01-01,18.5940698377025,0.13967960707903515,0.0,0.0,0.13967960707903515,0,0,65.63407754426643,11.2,14.50703136427586
Республика Северная Осетия - Алания,2023-02-01,16.99493297338551,-1.9472998218897306,-0.0,-0.0,-1.9472998218897306,1,0,65.8730424456363,11.29000000000001,14.64104825895534
Республика Северная Осетия - Алания,2023-03-01,16.87506181341601,-0.4649545463768856,-0.0,-0.0,-0.4649545463768856,0,0,66.22449181437794,11.25,14.45645940375119
Республика Северная Осетия - Алания,2023-04-01,16.48366634271316,-0.5507806832459252,-0.0,-0.0,-0.5507806832459252,0,0,67.01635346104796,3.900000000000006,14.31714939771
Республика Северная Осетия - Алания,2023-05-01,16.87527330107038,-0.46521849390664727,-0.0,-0.0,-0.46521849390664727,0,0,67.88503284973608,2.620000000000005,14.15441588090552
Республика Северная Осетия - Алания,2023-06-01,16.84293699322417,-0.5347109788556779,-0.0,-0.0,-0.5347109788556779,0,1,68.99241792150707,2.090000000000003,13.61448331785357
Республика Северная Осетия - Алания,2023-07-01,17.22314696924636,-0.5497632155639387,-0.0,-0.0,-0.5497632155639387,0,1,70.13272140150826,2.879999999999995,13.63228624271502
Республика Северная Осетия - Алания,2023-08-01,16.45822948673384,0.2078297309388475,0.0,0.0,0.2078297309388475,1,0,69.51716543043027,4.390000000000001,13.39428912367581
Республика Северная Осетия - Алания,2023-09-01,16.6585791284109,2.7050587479091437,0.0,0.0,2.7050587479091437,0,1,71.74766213621947,5.489999999999995,13.25337096032044
Республика Северная Осетия - Алания,2023-10-01,18.63422121008929,0.8633696772512707,0.0,0.0,0.8633696772512707,1,0,73.806134789989,6.049999999999997,13.14930596131494
Республика Северная Осетия - Алания,2023-11-01,19.58790765015151,1.714265038508227,0.0,0.0,1.714265038508227,1,0,76.04536548042036,6.609999999999999,12.8235544080352
Республика Северная Осетия - Алания,2023-12-01,20.44099989461623,-1.5282051620880424,-0.0,-0.0,-1.5282051620880424,0,1,77.1952948951995,7.420000000000002,12.86679710157354
Республика Северная Осетия - Алания,2024-01-01,21.68943743559464,0.6818813931607863,0.0,0.0,0.6818813931607863,0,0,76.99023659099976,7.060000000000002,12.84802280088923
Республика Северная Осетия - Алания,2024-02-01,22.9707951017799,-1.5559611222700127,-0.0,-0.0,-1.5559611222700127,1,0,79.87901752936882,7.459999999999994,12.9313577074328
Республика Северная Осетия - Алания,2024-03-01,23.46086012548313,-0.03662363343873665,-0.0,-0.0,-0.03662363343873665,0,0,80.20577953297907,7.549999999999997,12.87318005977438
Республика Северная Осетия - Алания,2024-04-01,22.69323876115739,-0.07535756412256944,-0.0,-0.0,-0.07535756412256944,0,0,80.77648254991556,7.469999999999999,12.75751798059645
Республика Северная Осетия - Алания,2024-05-01,22.31867180442396,-1.8174537430626252,-0.0,-0.0,-1.8174537430626252,0,1,81.53682336182199,7.670000000000002,12.71208404752021
Республика Северная Осетия - Алания,2024-06-01,22.83133802181545,-0.4392507252018447,-0.0,-0.0,-0.4392507252018447,0,1,81.99938818214254,8.36,12.28638848049408
Республика Северная Осетия - Алания,2024-07-01,23.59013694612575,-0.5869739684411108,-0.0,-0.0,-0.5869739684411108,0,1,82.92081700586768,8.549999999999997,12.42096595829837
Республика Северная Осетия - Алания,2024-08-01,23.86842499934041,1.4105522767729113,0.0,0.0,1.4105522767729113,1,0,77.46441484944123,9.319999999999993,11.48026865518612
Республика Северная Осетия - Алания,2024-09-01,24.458934277399,-1.9115218364399809,-0.0,-0.0,-1.9115218364399809,0,1,77.87634711634699,10.09999999999999,11.4251517385254
Республика Северная Осетия - Алания,2024-10-01,24.89549899253667,0.667769408390896,0.0,0.0,0.667769408390896,1,0,77.6653379251972,9.769999999999996,11.3985889844123
Республика Северная Осетия - Алания,2024-11-01,24.97317761600406,2.039278586154861,0.0,0.0,2.039278586154861,1,0,77.70474658649954,9.629999999999995,11.22382638016364
Республика Северная Осетия - Алания,2024-12-01,25.93042097950843,0.34090421830265427,0.0,0.0,0.34090421830265427,1,-1,73.91286773970565,9.870000000000005,11.39208367126618
Республика Северная Осетия - Алания,2025-01-01,25.22841791460627,0.24822008087726388,0.0,0.0,0.24822008087726388,-1,0,72.01819381197694,9.709999999999994,12.05378411207241
Республика Северная Осетия - Алания,2025-02-01,26.47184995924427,0.31653560056003016,0.0,0.0,0.31653560056003016,0,-1,70.59751696269446,9.060000000000002,12.05822558392486
Республика Северная Осетия - Алания,2025-03-01,27.8559539129084,0.41369500741819465,0.0,0.0,0.41369500741819465,-1,0,69.7154081514045,9.439999999999998,12.35778716810905
Республика Северная Осетия - Алания,2025-04-01,27.49004532929245,0.5812476727093596,0.0,0.0,0.5812476727093596,1,0,68.95488867226473,10.18000000000001,12.62753399740056
Республика Северная Осетия - Алания,2025-05-01,25.48146007917345,0.3820181297639742,0.0,0.0,0.3820181297639742,0,1,68.65642255185139,9.769999999999996,12.58303521412854
Республика Северная Осетия - Алания,2025-06-01,26.44780867473025,0.6128194128495359,0.0,0.0,0.6128194128495359,0,0,68.38638894388689,9.569999999999993,12.65094319902378
Республика Северная Осетия - Алания,2025-07-01,26.32145856246241,-0.2977272507310609,-0.0,-0.0,-0.2977272507310609,0,0,67.44185119274195,8.769999999999996,13.0500666044823
Республика Северная Осетия - Алания,2025-08-01,25.58519785773703,-1.399483474742535,-0.0,-0.0,-1.399483474742535,1,0,66.1084788388924,8.260000000000005,12.22904798330928
Республика Северная Осетия - Алания,2025-09-01,23.72415174166973,0.2588989388809786,0.0,0.0,0.2588989388809786,0,0,65.96250712819062,6.620000000000005,12.25858531200324
Республика Северная Осетия - Алания,2025-10-01,23.72141264164949,-0.43597080805563593,-0.0,-0.0,-0.43597080805563593,-1,0,65.42355079372891,7.0,12.29760467330406
Республика Северная Осетия - Алания,2025-11-01,24.31470738246021,-0.19410526130430839,-0.0,-0.0,-0.19410526130430839,1,1,64.94453767674067,6.989999999999995,12.21984448554481
Республика Северная Осетия - Алания,2025-12-01,23.73928798592031,0.2813157398373711,0.0,0.0,0.2813157398373711,0,0,64.63644480648574,6.590000000000003,12.52257991798888
Республика Татарстан,2019-03-01,14.88728469307072,0.7128714995200838,0.7128714995200838,0.0,0.0,0,0,52.11808480455603,4.670000000000002,14.12343613085942
Республика Татарстан,2019-04-01,14.76263496907308,0.6911493920479934,0.6911493920479934,0.0,0.0,0,0,52.93009514184291,4.920000000000002,14.10436657283749
Республика Татарстан,2019-05-01,14.78650799769425,0.45783100689424217,0.45783100689424217,0.0,0.0,1,0,53.76760433083877,4.739999999999995,13.98318881079625
Республика Татарстан,2019-06-01,14.96467083370333,0.5041451542673663,0.5041451542673663,0.0,0.0,0,0,54.31589555937074,4.670000000000002,14.00288319605728
Республика Татарстан,2019-07-01,14.83860384315598,0.14629311794748645,0.14629311794748645,0.0,0.0,0,1,54.72757338424499,4.349999999999994,13.83599115314293
Республика Татарстан,2019-08-01,14.74179231727777,0.061654111534494405,0.061654111534494405,0.0,0.0,0,0,54.72686643220443,4.489999999999995,14.06729637276874
Республика Татарстан,2019-09-01,14.53879853401161,0.2864871600654304,0.2864871600654304,0.0,0.0,0,0,55.38405444336576,4.159999999999997,14.11443404719167
Республика Татарстан,2019-10-01,14.37736338953245,0.199118629193201,0.199118629193201,0.0,0.0,0,0,56.02747969478264,3.890000000000001,14.21157001952742
Республика Татарстан,2019-11-01,14.53196807407757,-0.3451712223245451,-0.3451712223245451,-0.0,-0.0,1,0,56.37614866827705,3.430000000000007,14.09376622603588
Республика Татарстан,2019-12-01,14.30368524512133,-0.11071296164861266,-0.11071296164861266,-0.0,-0.0,0,0,56.87829251866594,3.170000000000002,14.1757020559841
Республика Татарстан,2020-01-01,14.00874130970138,0.4934187707708695,0.4934187707708695,0.0,0.0,0,0,57.41964857811796,2.849999999999994,14.05447534550737
Республика Татарстан,2020-02-01,14.07089548570443,0.717717316165718,0.717717316165718,0.0,0.0,0,0,57.54976683779671,2.260000000000005,14.14259447994647
Республика Татарстан,2020-03-01,14.13473242589821,0.5448138582658153,0.5448138582658153,0.0,0.0,0,0,57.95280915697011,2.269999999999996,14.27843394397552
Республика Татарстан,2020-04-01,13.77179044307752,0.24910450663146122,0.24910450663146122,0.0,0.0,0,-1,58.60346266433114,2.209999999999994,13.99454988237988
Республика Татарстан,2020-05-01,13.86045389830189,0.12930980432325967,0.12930980432325967,0.0,0.0,-1,0,58.76092727575072,2.840000000000003,14.66023699329023
Республика Татарстан,2020-06-01,13.73668875809704,0.4216232562547013,0.4216232562547013,0.0,0.0,0,0,58.955927698772,2.680000000000007,14.56438010437763
Республика Татарстан,2020-07-01,13.67100495211976,-1.5016319110366503,-1.5016319110366503,-0.0,-0.0,0,0,59.39088088643148,2.819999999999993,14.77552844013672
Республика Татарстан,2020-08-01,13.23549387462385,-0.8645661305373835,-0.8645661305373835,-0.0,-0.0,0,0,59.54280586017304,2.819999999999993,14.65563776849862
Республика Татарстан,2020-09-01,13.18923070183512,-0.7937016241842549,-0.7937016241842549,-0.0,-0.0,0,-1,60.58348867416947,3.170000000000002,14.57880079615777
Республика Татарстан,2020-10-01,13.05793420225361,-1.2364929674992595,-1.2364929674992595,-0.0,-0.0,-1,0,61.50760880446765,3.390000000000001,14.74397135797295
Республика Татарстан,2020-11-01,12.57314970229228,-1.3589786818048175,-1.3589786818048175,-0.0,-0.0,0,0,62.65321764652823,3.700000000000003,14.22009987257477
Республика Татарстан,2020-12-01,12.81564090482469,-1.7089361724181273,-1.7089361724181273,-0.0,-0.0,0,0,62.74442591120628,4.200000000000003,14.33040908655849
Республика Татарстан,2021-01-01,12.52207280606518,3.0895976215913166,3.0895976215913166,0.0,0.0,0,0,63.06514464091197,4.780000000000001,14.46569547687887
Республика Татарстан,2021-02-01,12.54808827876044,-0.05176615786507455,-0.05176615786507455,-0.0,-0.0,0,0,63.31486616209092,5.079999999999998,14.4100926648029
Республика Татарстан,2021-03-01,12.42286641588118,-0.6104025253424652,-0.6104025253424652,-0.0,-0.0,0,0,64.11125937907165,5.599999999999994,14.42778316291296
Республика Татарстан,2021-04-01,12.32043495550337,-0.5967440618905293,-0.5967440618905293,-0.0,-0.0,0,0,65.60763921461475,5.930000000000007,14.46670409931363
Республика Татарстан,2021-05-01,12.12453318019194,-0.241937869195743,-0.241937869195743,-0.0,-0.0,0,1,66.49307954452003,5.829999999999998,14.40402263951927
Республика Татарстан,2021-06-01,12.37106030028249,-0.7676306960714552,-0.7676306960714552,-0.0,-0.0,0,0,67.29525046681188,6.370000000000005,13.94229690841627
Республика Татарстан,2021-07-01,12.38572045308038,0.08560806359759354,0.08560806359759354,0.0,0.0,0,0,68.37406070571008,7.079999999999998,14.32811943129194
Республика Татарстан,2021-08-01,12.61874762180474,0.3090771946763784,0.3090771946763784,0.0,0.0,1,1,68.6040438027302,7.409999999999997,14.15727000647957
Республика Татарстан,2021-09-01,12.55420838435849,-0.6460537301930689,-0.6460537301930689,-0.0,-0.0,0,0,69.45321618955788,7.099999999999994,14.14215144681853
Республика Татарстан,2021-10-01,12.51319034308383,-0.6175372517280238,-0.6175372517280238,-0.0,-0.0,0,0,69.91689312495005,7.709999999999994,14.0800980924744
Республика Татарстан,2021-11-01,12.67010786882622,-0.12114037446266934,-0.12114037446266934,-0.0,-0.0,1,0,70.85697669533515,8.200000000000003,14.04909443832743
Республика Татарстан,2021-12-01,13.08333434651101,-0.26721650241728057,-0.26721650241728057,-0.0,-0.0,0,0,70.889637045582,8.780000000000001,13.90759702003758
Республика Татарстан,2022-01-01,12.95184802348662,0.27464209751393653,0.27464209751393653,0.0,0.0,0,0,70.37118404009803,8.659999999999997,13.84376820210101
Республика Татарстан,2022-02-01,13.44212905191908,-0.3501956198858558,-0.3501956198858558,-0.0,-0.0,0,0,70.50538238400814,8.900000000000006,13.35335792264608
Республика Татарстан,2022-03-01,13.91184400911948,4.941478356719127,4.941478356719127,0.0,0.0,0,-1,71.14879674522876,9.069999999999993,13.9129183280645
Республика Татарстан,2022-04-01,20.28184605540757,1.4923126339086181,1.4923126339086181,0.0,0.0,-1,-1,70.21524909228624,18.08,14.73902914069403
Республика Татарстан,2022-05-01,22.10222851303901,-1.244790623444267,-1.244790623444267,-0.0,-0.0,0,0,68.75407669180991,18.59,14.57498174802787
Республика Татарстан,2022-06-01,19.83274371408075,-3.118179668249544,-3.118179668249544,-0.0,-0.0,0,0,67.66167931672045,18.01000000000001,14.61318580059534
Республика Татарстан,2022-07-01,18.04199243554971,-0.386746413724417,-0.386746413724417,-0.0,-0.0,0,0,67.00308388715243,16.2,15.30333823789931
Республика Татарстан,2022-08-01,15.2459840530347,-1.1110066252555733,-1.1110066252555733,-0.0,-0.0,0,0,66.7793140737622,15.23,15.02093325858449
Республика Татарстан,2022-09-01,15.52050570853673,1.7547062341946287,1.7547062341946287,0.0,0.0,0,0,66.63726906573676,14.72,15.06079411844712
Республика Татарстан,2022-10-01,15.74377737827251,1.2482715752793254,1.2482715752793254,0.0,0.0,0,0,67.28045764982286,13.97,15.07873960037958
Республика Татарстан,2022-11-01,15.19769097132331,0.32653909912163215,0.32653909912163215,0.0,0.0,0,0,67.35721767350573,12.79000000000001,14.95046821647439
Республика Татарстан,2022-12-01,15.46817925287465,0.14955653030453497,0.14955653030453497,0.0,0.0,0,1,67.48763686476175,11.76000000000001,14.89750855744931
Республика Татарстан,2023-01-01,16.02327164574844,0.13967960707903515,0.13967960707903515,0.0,0.0,0,0,68.00972828575352,11.37,14.62231600692824
Республика Татарстан,2023-02-01,15.24221598336063,-1.9472998218897306,-1.9472998218897306,-0.0,-0.0,1,0,68.86694088611573,11.55,14.79375163560375
Республика Татарстан,2023-03-01,15.23092099404564,-0.4649545463768856,-0.4649545463768856,-0.0,-0.0,0,0,68.7782007711843,10.73999999999999,14.65517536924995
Республика Татарстан,2023-04-01,15.09399945410655,-0.5507806832459252,-0.5507806832459252,-0.0,-0.0,0,0,69.5322828518742,1.909999999999997,14.31909832202114
Республика Татарстан,2023-05-01,14.85999498325806,-0.46521849390664727,-0.46521849390664727,-0.0,-0.0,0,0,70.07965014206279,1.079999999999998,14.23420423295513
Республика Татарстан,2023-06-01,15.13811403506157,-0.5347109788556779,-0.5347109788556779,-0.0,-0.0,0,1,70.80854668401304,0.9300000000000068,13.7361165967162
Республика Татарстан,2023-07-01,15.14722611400865,-0.5497632155639387,-0.5497632155639387,-0.0,-0.0,0,1,71.58013199653324,2.209999999999994,13.74411795114168
Республика Татарстан,2023-08-01,14.83982163793347,0.2078297309388475,0.2078297309388475,0.0,0.0,1,0,72.13642819003415,2.989999999999995,13.5180735748552
Республика Татарстан,2023-09-01,15.61516574979512,2.7050587479091437,2.7050587479091437,0.0,0.0,0,1,73.5736917415517,4.290000000000006,13.47473162023755
Республика Татарстан,2023-10-01,17.96890213155813,0.8633696772512707,0.8633696772512707,0.0,0.0,1,0,75.26823035094728,5.0,13.37772217367763
Республика Татарстан,2023-11-01,18.9798606985984,1.714265038508227,1.714265038508227,0.0,0.0,1,0,76.37526673109721,6.370000000000005,13.17010680397039
Республика Татарстан,2023-12-01,18.52066208251937,-1.5282051620880424,-1.5282051620880424,-0.0,-0.0,0,1,76.58388195959826,6.980000000000004,13.22025206894072
Республика Татарстан,2024-01-01,20.40784158423213,0.6818813931607863,0.6818813931607863,0.0,0.0,0,0,76.04952862546891,7.060000000000002,13.14131841769482
Республика Татарстан,2024-02-01,21.75560343052237,-1.5559611222700127,-1.5559611222700127,-0.0,-0.0,1,0,75.55391450360098,7.340000000000003,13.23659102748302
Республика Татарстан,2024-03-01,22.27121982267461,-0.03662363343873665,-0.03662363343873665,-0.0,-0.0,0,0,75.65759864962499,7.420000000000002,13.13566604980681
Республика Татарстан,2024-04-01,21.85696593400947,-0.07535756412256944,-0.07535756412256944,-0.0,-0.0,0,0,75.82293220838268,7.280000000000001,13.00566489360736
Республика Татарстан,2024-05-01,21.93520811185743,-1.8174537430626252,-1.8174537430626252,-0.0,-0.0,0,1,75.79711616690538,7.670000000000002,12.94649771257332
Республика Татарстан,2024-06-01,21.76256631962842,-0.4392507252018447,-0.4392507252018447,-0.0,-0.0,0,1,75.97649234961936,8.430000000000007,12.56704133997297
Республика Татарстан,2024-07-01,22.77988088919927,-0.5869739684411108,-0.5869739684411108,-0.0,-0.0,0,1,76.97078884457855,8.459999999999994,12.54706084016242
Республика Татарстан,2024-08-01,22.30481577859585,1.4105522767729113,1.4105522767729113,0.0,0.0,1,0,75.92394448526954,9.040000000000006,11.75524627231735
Республика Татарстан,2024-09-01,23.52601304327255,-1.9115218364399809,-1.9115218364399809,-0.0,-0.0,0,1,75.51742665315783,8.950000000000003,11.74721737188952
Республика Татарстан,2024-10-01,23.48946129662494,0.667769408390896,0.667769408390896,0.0,0.0,1,0,74.67562481328913,8.709999999999994,11.85411221247653
Республика Татарстан,2024-11-01,25.93377056061454,2.039278586154861,2.039278586154861,0.0,0.0,1,0,73.54130001183805,8.319999999999993,11.66964978328869
Республика Татарстан,2024-12-01,26.9769717559897,0.34090421830265427,0.34090421830265427,0.0,0.0,1,-1,71.22087382738465,8.829999999999998,11.7676671157738
Республика Татарстан,2025-01-01,30.30982952846308,0.24822008087726388,0.24822008087726388,0.0,0.0,-1,0,68.29781558072965,9.659999999999997,12.31151489357003
Республика Татарстан,2025-02-01,28.20448800228551,0.31653560056003016,0.31653560056003016,0.0,0.0,0,-1,66.75874969114331,10.03,12.33320383788291
Республика Татарстан,2025-03-01,30.77918656825615,0.41369500741819465,0.41369500741819465,0.0,0.0,-1,0,65.53928851473178,10.65000000000001,12.59597942552352
Республика Татарстан,2025-04-01,30.0133076865388,0.5812476727093596,0.5812476727093596,0.0,0.0,1,0,64.68801494371176,11.09999999999999,12.81163124615392
Республика Татарстан,2025-05-01,27.43889892389503,0.3820181297639742,0.3820181297639742,0.0,0.0,0,1,63.85112862205231,10.73999999999999,12.68585685608113
Республика Татарстан,2025-06-01,28.04021598312479,0.6128194128495359,0.6128194128495359,0.0,0.0,0,0,63.11339674516363,10.56,12.7114564890655
Республика Татарстан,2025-07-01,27.09674656080379,-0.2977272507310609,-0.2977272507310609,-0.0,-0.0,0,0,62.16955039080462,10.06999999999999,13.18146378947309
Республика Татарстан,2025-08-01,24.92368208332358,-1.399483474742535,-1.399483474742535,-0.0,-0.0,1,0,61.57810090463599,9.599999999999994,12.49811541059713
Республика Татарстан,2025-09-01,24.15692165460868,0.2588989388809786,0.2588989388809786,0.0,0.0,0,0,61.54170286207169,8.409999999999997,12.50135149938448
Республика Татарстан,2025-10-01,23.08661946423328,-0.43597080805563593,-0.43597080805563593,-0.0,-0.0,-1,0,61.14943427066979,8.760000000000005,12.54379348656176
Республика Татарстан,2025-11-01,24.02767559391953,-0.19410526130430839,-0.19410526130430839,-0.0,-0.0,1,1,61.0322543618726,8.560000000000002,12.38913115419668
Республика Татарстан,2025-12-01,24.42212826989444,0.2813157398373711,0.2813157398373711,0.0,0.0,0,0,60.49720545472184,7.489999999999995,12.58549004089305
Республика Хакасия,2019-03-01,15.72549508483184,0.7128714995200838,0.0,0.0,0.0,0,0,50.86728826019124,6.379999999999995,13.82660037574677
Республика Хакасия,2019-04-01,15.55748022980723,0.6911493920479934,0.0,0.0,0.0,0,0,50.94318425868881,6.569999999999993,13.73711895598256
Республика Хакасия,2019-05-01,15.51416575814937,0.45783100689424217,0.0,0.0,0.0,1,0,51.03778715900162,6.400000000000006,13.6420394919643
Республика Хакасия,2019-06-01,15.68348872923402,0.5041451542673663,0.0,0.0,0.0,0,0,51.2651433461733,6.430000000000007,13.60676039356908
Республика Хакасия,2019-07-01,15.51794412518603,0.14629311794748645,0.0,0.0,0.0,0,1,51.98388289550835,5.859999999999999,13.43726218348751
Республика Хакасия,2019-08-01,15.31204384659106,0.061654111534494405,0.0,0.0,0.0,0,0,51.04705735532913,5.569999999999993,13.66356650324118
Республика Хакасия,2019-09-01,15.28063474197107,0.2864871600654304,0.0,0.0,0.0,0,0,51.09601287206116,5.390000000000001,13.71405093734288
Республика Хакасия,2019-10-01,15.00016975439865,0.199118629193201,0.0,0.0,0.0,0,0,51.63762975308042,4.760000000000005,13.9039672625952
Республика Хакасия,2019-11-01,15.18863757739413,-0.3451712223245451,-0.0,-0.0,-0.0,1,0,52.8600896083816,4.269999999999996,13.77796034744437
Республика Хакасия,2019-12-01,14.82187450046271,-0.11071296164861266,-0.0,-0.0,-0.0,0,0,53.00662767466755,4.069999999999993,13.7837883814455
Республика Хакасия,2020-01-01,14.58360086382618,0.4934187707708695,0.0,0.0,0.0,0,0,53.1371197270977,3.439999999999998,13.72002104753865
Республика Хакасия,2020-02-01,14.73536397737529,0.717717316165718,0.0,0.0,0.0,0,0,55.60721226832889,2.620000000000005,13.64787858403889
Республика Хакасия,2020-03-01,14.68693750822531,0.5448138582658153,0.0,0.0,0.0,0,0,55.76809919773341,2.109999999999999,13.74911015381087
Республика Хакасия,2020-04-01,14.32357968371391,0.24910450663146122,0.0,0.0,0.0,0,-1,56.21578670563358,2.269999999999996,13.51791529019427
Республика Хакасия,2020-05-01,14.45309684298849,0.12930980432325967,0.0,0.0,0.0,-1,0,54.39184092622271,3.219999999999999,14.383541769048
Республика Хакасия,2020-06-01,14.32742345172654,0.4216232562547013,0.0,0.0,0.0,0,0,54.01157266701969,3.180000000000007,14.41369431291969
Республика Хакасия,2020-07-01,14.21613239171999,-1.5016319110366503,-0.0,-0.0,-0.0,0,0,53.85695266955569,3.650000000000006,14.57083410302302
Республика Хакасия,2020-08-01,13.87668490574244,-0.8645661305373835,-0.0,-0.0,-0.0,0,0,53.08277600902674,4.030000000000001,14.50619741367902
Республика Хакасия,2020-09-01,13.64731287896181,-0.7937016241842549,-0.0,-0.0,-0.0,0,-1,54.02840291024177,4.219999999999999,14.41180954216963
Республика Хакасия,2020-10-01,13.42265707964932,-1.2364929674992595,-0.0,-0.0,-0.0,-1,0,54.86406157105338,4.680000000000007,14.66580298726524
Республика Хакасия,2020-11-01,13.38197786670574,-1.3589786818048175,-0.0,-0.0,-0.0,0,0,56.34291933100596,4.969999999999999,14.08090138102998
Республика Хакасия,2020-12-01,13.40935497673504,-1.7089361724181273,-0.0,-0.0,-0.0,0,0,56.73808803262757,5.519999999999996,14.22823127551597
Республика Хакасия,2021-01-01,13.21277880129385,3.0895976215913166,0.0,0.0,0.0,0,0,56.66946348374373,6.010000000000005,14.26108058696857
Республика Хакасия,2021-02-01,13.23967783742153,-0.05176615786507455,-0.0,-0.0,-0.0,0,0,57.0337716472099,6.569999999999993,14.29996705756949
Республика Хакасия,2021-03-01,13.25370588928879,-0.6104025253424652,-0.0,-0.0,-0.0,0,0,57.75851432617075,7.230000000000004,14.22842108770663
Республика Хакасия,2021-04-01,13.12755915051559,-0.5967440618905293,-0.0,-0.0,-0.0,0,0,58.96862386302632,7.489999999999995,14.27918574298576
Республика Хакасия,2021-05-01,12.69964635011797,-0.241937869195743,-0.0,-0.0,-0.0,0,1,60.19904012892463,7.519999999999996,14.4217472667141
Республика Хакасия,2021-06-01,13.21056944913355,-0.7676306960714552,-0.0,-0.0,-0.0,0,0,61.40760953197891,8.069999999999993,13.81842909212811
Республика Хакасия,2021-07-01,13.28278588547101,0.08560806359759354,0.0,0.0,0.0,0,0,62.48665332185247,8.36,14.23451302726153
Республика Хакасия,2021-08-01,13.39653707526549,0.3090771946763784,0.0,0.0,0.0,1,1,58.19797083728611,8.219999999999999,14.07017824401774
Республика Хакасия,2021-09-01,13.25821236075452,-0.6460537301930689,-0.0,-0.0,-0.0,0,0,59.13895199043787,8.319999999999993,13.98996624746716
Республика Хакасия,2021-10-01,13.41366674468639,-0.6175372517280238,-0.0,-0.0,-0.0,0,0,59.74396198276444,8.709999999999994,14.11064810790183
Республика Хакасия,2021-11-01,13.68730603097766,-0.12114037446266934,-0.0,-0.0,-0.0,1,0,59.07672498050646,9.709999999999994,14.0082558841648
Республика Хакасия,2021-12-01,13.89940155837175,-0.26721650241728057,-0.0,-0.0,-0.0,0,0,59.26210204261659,10.12,13.87328498942865
Республика Хакасия,2022-01-01,13.99635822645713,0.27464209751393653,0.0,0.0,0.0,0,0,59.3661772602229,10.22,13.8818171186053
Республика Хакасия,2022-02-01,14.21899255820859,-0.3501956198858558,-0.0,-0.0,-0.0,0,0,64.33040858563307,11.13,13.33894145545935
Республика Хакасия,2022-03-01,14.62692069015534,4.941478356719127,0.0,0.0,0.0,0,-1,65.01090637497133,11.53,13.73545007602502
Республика Хакасия,2022-04-01,19.50599864108229,1.4923126339086181,0.0,0.0,0.0,-1,-1,64.26810365384391,21.72,14.53946576081526
Республика Хакасия,2022-05-01,20.95557309278083,-1.244790623444267,-0.0,-0.0,-0.0,0,0,62.96995539982125,21.69,14.3802055944633
Республика Хакасия,2022-06-01,20.35577183401576,-3.118179668249544,-0.0,-0.0,-0.0,0,0,62.0532284879644,20.37,14.38645080244432
Республика Хакасия,2022-07-01,18.45492747865041,-0.386746413724417,-0.0,-0.0,-0.0,0,0,61.43758299810352,18.67,15.1073803071572
Республика Хакасия,2022-08-01,16.75531997662556,-1.1110066252555733,-0.0,-0.0,-0.0,0,0,59.00067185933455,17.98999999999999,14.85796985036864
Республика Хакасия,2022-09-01,16.65224454050352,1.7547062341946287,0.0,0.0,0.0,0,0,59.12580866253513,16.52,14.95873996081365
Республика Хакасия,2022-10-01,16.46424749399137,1.2482715752793254,0.0,0.0,0.0,0,0,59.54168621230963,15.55,14.90868978276519
Республика Хакасия,2022-11-01,16.38296476360552,0.32653909912163215,0.0,0.0,0.0,0,0,58.02967108379693,14.09999999999999,14.80785782868845
Республика Хакасия,2022-12-01,16.84535027930465,0.14955653030453497,0.0,0.0,0.0,0,1,58.24967877127965,12.90000000000001,15.00393974503319
Республика Хакасия,2023-01-01,17.63459682744026,0.13967960707903515,0.0,0.0,0.0,0,0,58.49390891749528,12.73,14.77431609279748
Республика Хакасия,2023-02-01,17.17130063832667,-1.9472998218897306,-0.0,-0.0,-0.0,1,0,59.19931318929056,12.06999999999999,14.94638265119371
Республика Хакасия,2023-03-01,16.97311123709971,-0.4649545463768856,-0.0,-0.0,-0.0,0,0,59.07080095990198,10.58,14.77258882125385
Республика Хакасия,2023-04-01,16.8214825678352,-0.5507806832459252,-0.0,-0.0,-0.0,0,0,59.90862373932384,0.6200000000000045,14.6456907060236
Республика Хакасия,2023-05-01,17.13890637574801,-0.46521849390664727,-0.0,-0.0,-0.0,0,0,61.89557090587322,-0.2199999999999989,14.52737265978257
Республика Хакасия,2023-06-01,17.17949364766384,-0.5347109788556779,-0.0,-0.0,-0.0,0,1,62.85188658325899,0.2600000000000051,13.81998064142665
Республика Хакасия,2023-07-01,16.88190283651562,-0.5497632155639387,-0.0,-0.0,-0.0,0,1,63.66619351191227,1.719999999999999,13.82093828963616
Республика Хакасия,2023-08-01,16.62169481547974,0.2078297309388475,0.0,0.0,0.0,1,0,61.94148992247897,2.650000000000006,13.48288637918158
Республика Хакасия,2023-09-01,17.19073384857158,2.7050587479091437,0.0,0.0,0.0,0,1,63.55809452218462,5.049999999999997,13.31421994975176
Республика Хакасия,2023-10-01,19.40710470297076,0.8633696772512707,0.0,0.0,0.0,1,0,65.25116656479743,6.379999999999995,13.24918050901159
Республика Хакасия,2023-11-01,19.78378640482993,1.714265038508227,0.0,0.0,0.0,1,0,65.40104428469553,8.090000000000003,13.05219572067435
Республика Хакасия,2023-12-01,21.9657645251385,-1.5282051620880424,-0.0,-0.0,-0.0,0,1,65.68962822210011,8.950000000000003,13.04371067511745
Республика Хакасия,2024-01-01,22.23394803493153,0.6818813931607863,0.0,0.0,0.0,0,0,64.97177141158996,8.900000000000006,13.10802874894053
Республика Хакасия,2024-02-01,23.28546465618797,-1.5559611222700127,-0.0,-0.0,-0.0,1,0,67.21788600520581,8.930000000000007,13.19135273914446
Республика Хакасия,2024-03-01,24.67944135194796,-0.03662363343873665,-0.0,-0.0,-0.0,0,0,66.88126492114296,9.560000000000002,13.08705939926467
Республика Хакасия,2024-04-01,24.01179324514659,-0.07535756412256944,-0.0,-0.0,-0.0,0,0,67.26738845370626,9.569999999999993,13.01456343052603
Республика Хакасия,2024-05-01,24.25986191761595,-1.8174537430626252,-0.0,-0.0,-0.0,0,1,67.1165665699961,9.950000000000003,13.0147176823547
Республика Хакасия,2024-06-01,24.44431347978271,-0.4392507252018447,-0.0,-0.0,-0.0,0,1,67.30737368635383,10.11,12.65111509562335
Республика Хакасия,2024-07-01,24.87605389092477,-0.5869739684411108,-0.0,-0.0,-0.0,0,1,67.97557240825341,9.530000000000001,12.75783880496636
Республика Хакасия,2024-08-01,25.39822116227553,1.4105522767729113,0.0,0.0,0.0,1,0,67.16132597319474,9.670000000000002,11.7080007429705
Республика Хакасия,2024-09-01,26.88390249659484,-1.9115218364399809,-0.0,-0.0,-0.0,0,1,67.09748937764336,8.819999999999993,11.66361873706085
Республика Хакасия,2024-10-01,27.06945050372979,0.667769408390896,0.0,0.0,0.0,1,0,66.57088334657989,8.280000000000001,11.65057866923661
Республика Хакасия,2024-11-01,27.52793764615038,2.039278586154861,0.0,0.0,0.0,1,0,64.29477679941947,8.25,11.47604826488581
Республика Хакасия,2024-12-01,29.17907981119429,0.34090421830265427,0.0,0.0,0.0,1,-1,62.35311323822449,8.969999999999999,11.6294537452475
Республика Хакасия,2025-01-01,31.08235051891586,0.24822008087726388,0.0,0.0,0.0,-1,0,60.62201392872213,9.439999999999998,12.31207482649266
Республика Хакасия,2025-02-01,31.08233189026924,0.31653560056003016,0.0,0.0,0.0,0,-1,59.13551971558824,9.86,12.32395915138653
Республика Хакасия,2025-03-01,32.00436142768685,0.41369500741819465,0.0,0.0,0.0,-1,0,58.26366852003099,10.47,12.63129967630263
Республика Хакасия,2025-04-01,32.77862024659623,0.5812476727093596,0.0,0.0,0.0,1,0,57.53126773921539,11.05,12.88916065441002
Республика Хакасия,2025-05-01,30.33339014022672,0.3820181297639742,0.0,0.0,0.0,0,1,55.30841063591512,10.66,12.86578370600945
Республика Хакасия,2025-06-01,30.85401706034068,0.6128194128495359,0.0,0.0,0.0,0,0,54.81279905730359,10.67,12.97488207178751
Республика Хакасия,2025-07-01,30.59849298111173,-0.2977272507310609,-0.0,-0.0,-0.0,0,0,54.17691950437862,11.04000000000001,13.35616873247754
Республика Хакасия,2025-08-01,29.54404023067293,-1.399483474742535,-0.0,-0.0,-0.0,1,0,53.29337270553537,10.98,12.47440876650809
Республика Хакасия,2025-09-01,29.48611502975834,0.2588989388809786,0.0,0.0,0.0,0,0,53.34741394041106,9.900000000000006,12.51321700927193
Республика Хакасия,2025-10-01,28.25513629697674,-0.43597080805563593,-0.0,-0.0,-0.0,-1,0,53.073631039392,9.489999999999995,12.52773628784027
Республика Хакасия,2025-11-01,28.69936009327625,-0.19410526130430839,-0.0,-0.0,-0.0,1,1,52.84471905569907,8.019999999999996,12.44034993165249
Республика Хакасия,2025-12-01,28.88371058122602,0.2813157398373711,0.0,0.0,0.0,0,0,52.53057460083147,6.890000000000001,12.7474264338557
Ростовская область,2019-03-01,15.36812125611693,0.7128714995200838,0.0,0.0,0.0,0,0,54.87170282373999,4.75,13.42249498242954
Ростовская область,2019-04-01,15.26415765811017,0.6911493920479934,0.0,0.0,0.0,0,0,55.554829050362,4.790000000000006,13.3968807368886
Ростовская область,2019-05-01,15.22291399311186,0.45783100689424217,0.0,0.0,0.0,1,0,55.42026362610824,4.920000000000002,13.2738990666037
Ростовская область,2019-06-01,15.44846016295114,0.5041451542673663,0.0,0.0,0.0,0,0,55.88444305329073,5.670000000000002,13.2490482715735
Ростовская область,2019-07-01,15.2233414890609,0.14629311794748645,0.0,0.0,0.0,0,1,56.21555142593848,4.920000000000002,13.07760848683284
Ростовская область,2019-08-01,15.16346467034931,0.061654111534494405,0.0,0.0,0.0,0,0,56.53239389158845,4.879999999999995,13.24605931287884
Ростовская область,2019-09-01,14.96648588451513,0.2864871600654304,0.0,0.0,0.0,0,0,56.98964855931038,4.799999999999997,13.39751656485209
Ростовская область,2019-10-01,14.83081323734638,0.199118629193201,0.0,0.0,0.0,0,0,57.279286995387,4.560000000000002,13.56046193816021
Ростовская область,2019-11-01,15.01185949392245,-0.3451712223245451,-0.0,-0.0,-0.0,1,0,56.8714067413071,3.829999999999998,13.47880197111756
Ростовская область,2019-12-01,14.69691646968011,-0.11071296164861266,-0.0,-0.0,-0.0,0,0,57.0916603486728,3.370000000000005,13.49348532399293
Ростовская область,2020-01-01,14.52794120677879,0.4934187707708695,0.0,0.0,0.0,0,0,57.03064109790319,2.700000000000003,13.40578615454686
Ростовская область,2020-02-01,14.51629843393563,0.717717316165718,0.0,0.0,0.0,0,0,57.22867419340685,2.030000000000001,13.39777895687885
Ростовская область,2020-03-01,14.51382170852009,0.5448138582658153,0.0,0.0,0.0,0,0,57.49572517676147,2.090000000000003,13.52855065056168
Ростовская область,2020-04-01,14.11755687909812,0.24910450663146122,0.0,0.0,0.0,0,-1,58.01032519952487,2.219999999999999,13.31455586281387
Ростовская область,2020-05-01,14.08381929281308,0.12930980432325967,0.0,0.0,0.0,-1,0,57.20352710781276,2.859999999999999,14.0337459708557
Ростовская область,2020-06-01,14.03642090196591,0.4216232562547013,0.0,0.0,0.0,0,0,57.01274603332767,2.540000000000006,13.99873969611215
Ростовская область,2020-07-01,14.06260206701362,-1.5016319110366503,-0.0,-0.0,-0.0,0,0,57.3430836304651,3.379999999999995,14.17664547814338
Ростовская область,2020-08-01,13.74142333595392,-0.8645661305373835,-0.0,-0.0,-0.0,0,0,58.19039986469328,3.530000000000001,14.19295298835069
Ростовская область,2020-09-01,13.73829534968972,-0.7937016241842549,-0.0,-0.0,-0.0,0,-1,59.00289644772641,3.620000000000005,14.11658476072654
Ростовская область,2020-10-01,13.62994494812642,-1.2364929674992595,-0.0,-0.0,-0.0,-1,0,59.62077133580479,3.599999999999994,14.32266865508531
Ростовская область,2020-11-01,13.18566940705595,-1.3589786818048175,-0.0,-0.0,-0.0,0,0,60.09168556177708,4.010000000000005,13.81451857734464
Ростовская область,2020-12-01,13.38384829825186,-1.7089361724181273,-0.0,-0.0,-0.0,0,0,60.21192712763332,4.519999999999996,13.92774092533511
Ростовская область,2021-01-01,13.16305410054714,3.0895976215913166,0.0,0.0,0.0,0,0,60.0969457505927,5.180000000000007,13.94698189408963
Ростовская область,2021-02-01,13.10107154196225,-0.05176615786507455,-0.0,-0.0,-0.0,0,0,60.26599828634843,5.390000000000001,13.94516129207095
Ростовская область,2021-03-01,12.99415668518203,-0.6104025253424652,-0.0,-0.0,-0.0,0,0,60.71084354454717,5.790000000000006,13.92548148968972
Ростовская область,2021-04-01,12.96097136543595,-0.5967440618905293,-0.0,-0.0,-0.0,0,0,61.54087959856059,6.120000000000005,13.99677674564757
Ростовская область,2021-05-01,12.74289814207267,-0.241937869195743,-0.0,-0.0,-0.0,0,1,60.97207477175595,5.739999999999995,14.06592936374273
Ростовская область,2021-06-01,13.00579510939354,-0.7676306960714552,-0.0,-0.0,-0.0,0,0,61.64368133179714,6.019999999999996,13.56710573068636
Ростовская область,2021-07-01,13.08788214302828,0.08560806359759354,0.0,0.0,0.0,0,0,62.44286129080798,6.230000000000004,13.96313730811108
Ростовская область,2021-08-01,13.18985053677191,0.3090771946763784,0.0,0.0,0.0,1,1,62.91856831104279,6.359999999999999,13.821758611096
Ростовская область,2021-09-01,13.23037850871594,-0.6460537301930689,-0.0,-0.0,-0.0,0,0,63.6379060261973,6.709999999999994,13.7338269980256
Ростовская область,2021-10-01,13.25866299023535,-0.6175372517280238,-0.0,-0.0,-0.0,0,0,64.0042898826371,7.549999999999997,13.76202967689086
Ростовская область,2021-11-01,13.54733722142665,-0.12114037446266934,-0.0,-0.0,-0.0,1,0,65.04499263217423,8.560000000000002,13.72995066193431
Ростовская область,2021-12-01,13.63623436622663,-0.26721650241728057,-0.0,-0.0,-0.0,0,0,65.4118733030174,8.790000000000006,13.55951617794612
Ростовская область,2022-01-01,13.8879553118966,0.27464209751393653,0.0,0.0,0.0,0,0,65.99952583177556,8.569999999999993,13.52277737249531
Ростовская область,2022-02-01,13.90509772183631,-0.3501956198858558,-0.0,-0.0,-0.0,0,0,66.13509040013071,8.680000000000007,13.00927339787011
Ростовская область,2022-03-01,14.85505387311274,4.941478356719127,0.0,0.0,0.0,0,-1,66.82181665822141,8.870000000000005,13.55715513773394
Ростовская область,2022-04-01,20.96225923104795,1.4923126339086181,0.0,0.0,0.0,-1,-1,66.09713798835286,15.2,14.40617880273296
Ростовская область,2022-05-01,22.00793051067407,-1.244790623444267,-0.0,-0.0,-0.0,0,0,64.18343111904447,17.09,14.20015499683736
Ростовская область,2022-06-01,20.67784336960366,-3.118179668249544,-0.0,-0.0,-0.0,0,0,63.26162712310517,17.18000000000001,14.3121347466152
Ростовская область,2022-07-01,18.86934237859934,-0.386746413724417,-0.0,-0.0,-0.0,0,0,62.74135085230586,15.98,14.91937012490437
Ростовская область,2022-08-01,16.82862905837321,-1.1110066252555733,-0.0,-0.0,-0.0,0,0,63.1961391850931,15.31999999999999,14.68782562568583
Ростовская область,2022-09-01,16.79216780261238,1.7547062341946287,0.0,0.0,0.0,0,0,62.99426863943832,14.76000000000001,14.73145059800243
Ростовская область,2022-10-01,16.7895451492302,1.2482715752793254,0.0,0.0,0.0,0,0,63.11724731824775,13.90000000000001,14.7242225283983
Ростовская область,2022-11-01,16.53511715254299,0.32653909912163215,0.0,0.0,0.0,0,0,62.24112620403625,12.68000000000001,14.63117771849138
Ростовская область,2022-12-01,16.70284137150507,0.14955653030453497,0.0,0.0,0.0,0,1,62.20269541294105,11.92,14.83549631746477
Ростовская область,2023-01-01,17.24113260090176,0.13967960707903515,0.0,0.0,0.0,0,0,62.29400992839784,12.12,14.58610130710857
Ростовская область,2023-02-01,16.75639827385258,-1.9472998218897306,-0.0,-0.0,-0.0,1,0,61.96115381440772,12.34999999999999,14.7368016623464
Ростовская область,2023-03-01,16.50326491350025,-0.4649545463768856,-0.0,-0.0,-0.0,0,0,61.92126931242047,12.04000000000001,14.59330895544655
Ростовская область,2023-04-01,16.45521757141021,-0.5507806832459252,-0.0,-0.0,-0.0,0,0,62.34078185315796,5.319999999999993,14.3985711761074
Ростовская область,2023-05-01,16.28138573346435,-0.46521849390664727,-0.0,-0.0,-0.0,0,0,61.67809395221391,3.700000000000003,14.23969768753375
Ростовская область,2023-06-01,16.57406850184211,-0.5347109788556779,-0.0,-0.0,-0.0,0,1,62.07037894546068,3.019999999999996,13.69049413672794
Ростовская область,2023-07-01,16.45845650275371,-0.5497632155639387,-0.0,-0.0,-0.0,0,1,62.47753561661685,3.469999999999999,13.68514233242544
Ростовская область,2023-08-01,16.19375194761626,0.2078297309388475,0.0,0.0,0.0,1,0,63.17006360938892,4.290000000000006,13.43353952701427
Ростовская область,2023-09-01,17.18454244933577,2.7050587479091437,0.0,0.0,0.0,0,1,64.68012875535095,5.060000000000002,13.36497341457099
Ростовская область,2023-10-01,18.76964560155385,0.8633696772512707,0.0,0.0,0.0,1,0,66.18663680628735,6.219999999999999,13.24451991080978
Ростовская область,2023-11-01,19.65495353440053,1.714265038508227,0.0,0.0,0.0,1,0,67.30952908543614,6.689999999999998,13.01459106765071
Ростовская область,2023-12-01,19.95018133158981,-1.5282051620880424,-0.0,-0.0,-0.0,0,1,67.90510176588084,7.530000000000001,13.04231000603109
Ростовская область,2024-01-01,21.72673892912308,0.6818813931607863,0.0,0.0,0.0,0,0,67.83291134602241,7.209999999999994,13.07372415402603
Ростовская область,2024-02-01,23.25592064116226,-1.5559611222700127,-0.0,-0.0,-0.0,1,0,67.9432825357173,7.099999999999994,13.15261694711559
Ростовская область,2024-03-01,23.60818804125261,-0.03662363343873665,-0.0,-0.0,-0.0,0,0,67.7922681675675,7.290000000000006,13.03512370184746
Ростовская область,2024-04-01,23.04883524020008,-0.07535756412256944,-0.0,-0.0,-0.0,0,0,68.23747672424378,7.219999999999999,12.91554056887482
Ростовская область,2024-05-01,22.97818775629109,-1.8174537430626252,-0.0,-0.0,-0.0,0,1,67.93645774108404,6.959999999999994,12.87379038106923
Ростовская область,2024-06-01,22.90696308644036,-0.4392507252018447,-0.0,-0.0,-0.0,0,1,68.19533497031873,7.640000000000001,12.47872368755364
Ростовская область,2024-07-01,24.27966142522842,-0.5869739684411108,-0.0,-0.0,-0.0,0,1,69.19649277780098,8.230000000000004,12.55227564224301
Ростовская область,2024-08-01,24.05624331577645,1.4105522767729113,0.0,0.0,0.0,1,0,67.81934569828647,9.090000000000003,11.651865053314
Ростовская область,2024-09-01,25.40268725336175,-1.9115218364399809,-0.0,-0.0,-0.0,0,1,67.77598133801632,8.909999999999997,11.62017975710577
Ростовская область,2024-10-01,25.57752907665321,0.667769408390896,0.0,0.0,0.0,1,0,67.38815044436623,8.370000000000005,11.61332431595068
Ростовская область,2024-11-01,27.15766877737221,2.039278586154861,0.0,0.0,0.0,1,0,67.03668818438268,8.349999999999994,11.48044516527137
Ростовская область,2024-12-01,27.59460246490343,0.34090421830265427,0.0,0.0,0.0,1,-1,64.18905027214457,8.650000000000006,11.59384348808834
Ростовская область,2025-01-01,27.92646506627076,0.24822008087726388,0.0,0.0,0.0,-1,0,62.01584738736386,9.459999999999994,12.18387470714223
Ростовская область,2025-02-01,29.6061780641974,0.31653560056003016,0.0,0.0,0.0,0,-1,59.39731320809211,9.969999999999999,12.17867340076159
Ростовская область,2025-03-01,30.75227763274236,0.41369500741819465,0.0,0.0,0.0,-1,0,58.55425153878643,10.2,12.42973752013319
Ростовская область,2025-04-01,30.89844927348653,0.5812476727093596,0.0,0.0,0.0,1,0,58.03215316571661,10.56999999999999,12.75822065866974
Ростовская область,2025-05-01,28.67337826823918,0.3820181297639742,0.0,0.0,0.0,0,1,57.24984990527673,10.66,12.69142682432283
Ростовская область,2025-06-01,28.4255090709178,0.6128194128495359,0.0,0.0,0.0,0,0,57.03228384064073,10.38,12.77423662239805
Ростовская область,2025-07-01,27.86808904309496,-0.2977272507310609,-0.0,-0.0,-0.0,0,0,56.42219496886113,9.659999999999997,13.2111715108617
Ростовская область,2025-08-01,26.94580284414161,-1.399483474742535,-0.0,-0.0,-0.0,1,0,55.70102884045684,8.939999999999998,12.41195722898788
Ростовская область,2025-09-01,26.6998848028696,0.2588989388809786,0.0,0.0,0.0,0,0,55.69387893758374,8.290000000000006,12.40524321940442
Ростовская область,2025-10-01,25.16919613864971,-0.43597080805563593,-0.0,-0.0,-0.0,-1,0,55.47217949053462,8.39,12.43114336069975
Ростовская область,2025-11-01,25.80110654411878,-0.19410526130430839,-0.0,-0.0,-0.0,1,1,55.37506308948533,8.239999999999995,12.34368215433626
Ростовская область,2025-12-01,26.32540958217945,0.2813157398373711,0.0,0.0,0.0,0,0,55.25037621344347,7.129999999999995,12.59485590519126
Рязанская область,2019-03-01,15.1038247235708,0.7128714995200838,0.0,0.0,0.0,0,0,56.82404778562514,6.959999999999994,13.68661422535761
Рязанская область,2019-04-01,15.1037035026642,0.6911493920479934,0.0,0.0,0.0,0,0,57.62317692425714,6.560000000000002,13.71999272164872
Рязанская область,2019-05-01,15.11360375473041,0.45783100689424217,0.0,0.0,0.0,1,0,60.0865312675683,6.25,13.57474050377068
Рязанская область,2019-06-01,15.22871510922392,0.5041451542673663,0.0,0.0,0.0,0,0,60.78007821866045,5.719999999999999,13.51101844447477
Рязанская область,2019-07-01,15.03514745156529,0.14629311794748645,0.0,0.0,0.0,0,1,61.31127844216992,4.829999999999998,13.29828490097175
Рязанская область,2019-08-01,15.04532177938777,0.061654111534494405,0.0,0.0,0.0,0,0,58.91343869695932,5.340000000000003,13.51978459187512
Рязанская область,2019-09-01,14.7949694329304,0.2864871600654304,0.0,0.0,0.0,0,0,59.50445138737622,5.040000000000006,13.55144163646929
Рязанская область,2019-10-01,14.56055342651168,0.199118629193201,0.0,0.0,0.0,0,0,60.1219075399524,4.349999999999994,13.72718066597631
Рязанская область,2019-11-01,14.80541611428194,-0.3451712223245451,-0.0,-0.0,-0.0,1,0,59.2748968096255,4.310000000000002,13.62627383509849
Рязанская область,2019-12-01,14.47860283409918,-0.11071296164861266,-0.0,-0.0,-0.0,0,0,59.72439148009791,3.849999999999994,13.64234704176932
Рязанская область,2020-01-01,14.19686690081414,0.4934187707708695,0.0,0.0,0.0,0,0,59.64863965881144,2.890000000000001,13.55975058606063
Рязанская область,2020-02-01,14.33789532743898,0.717717316165718,0.0,0.0,0.0,0,0,65.11525640637771,2.099999999999994,13.51216672931835
Рязанская область,2020-03-01,14.50206859314207,0.5448138582658153,0.0,0.0,0.0,0,0,65.35602135782864,2.019999999999996,13.63934877933845
Рязанская область,2020-04-01,13.99464039631554,0.24910450663146122,0.0,0.0,0.0,0,-1,65.85157673004738,2.420000000000002,13.34840524609286
Рязанская область,2020-05-01,14.05113565139153,0.12930980432325967,0.0,0.0,0.0,-1,0,65.00253796373758,3.530000000000001,14.16816994145579
Рязанская область,2020-06-01,13.9354349690531,0.4216232562547013,0.0,0.0,0.0,0,0,64.99956999764025,3.540000000000006,14.17288061299087
Рязанская область,2020-07-01,13.87677951403894,-1.5016319110366503,-0.0,-0.0,-0.0,0,0,65.04105190110705,4.230000000000004,14.32825677310828
Рязанская область,2020-08-01,13.599469710356,-0.8645661305373835,-0.0,-0.0,-0.0,0,0,61.46959124452965,4.079999999999998,14.3208658942282
Рязанская область,2020-09-01,13.48287616748441,-0.7937016241842549,-0.0,-0.0,-0.0,0,-1,62.43594141725818,4.230000000000004,14.18174501793963
Рязанская область,2020-10-01,13.27801882855715,-1.2364929674992595,-0.0,-0.0,-0.0,-1,0,62.93050082162846,4.439999999999998,14.38105828706942
Рязанская область,2020-11-01,13.11953689864895,-1.3589786818048175,-0.0,-0.0,-0.0,0,0,66.59615596554525,4.530000000000001,13.80941807410317
Рязанская область,2020-12-01,13.11115356247703,-1.7089361724181273,-0.0,-0.0,-0.0,0,0,66.82299374409547,5.200000000000003,13.97137558098435
Рязанская область,2021-01-01,12.88585429865359,3.0895976215913166,0.0,0.0,0.0,0,0,66.94173113578698,6.010000000000005,14.0029806945166
Рязанская область,2021-02-01,12.99652306095423,-0.05176615786507455,-0.0,-0.0,-0.0,0,0,65.77299454574327,6.319999999999993,14.02887410248552
Рязанская область,2021-03-01,12.9072901402257,-0.6104025253424652,-0.0,-0.0,-0.0,0,0,66.16589529401826,7.099999999999994,13.99298143879313
Рязанская область,2021-04-01,12.73180545494993,-0.5967440618905293,-0.0,-0.0,-0.0,0,0,66.83013661215679,7.109999999999999,14.08261053608802
Рязанская область,2021-05-01,12.5105680508879,-0.241937869195743,-0.0,-0.0,-0.0,0,1,71.0147130286694,6.439999999999998,14.17490121501011
Рязанская область,2021-06-01,12.84389270884429,-0.7676306960714552,-0.0,-0.0,-0.0,0,0,71.49272421855184,6.900000000000006,13.61499742431907
Рязанская область,2021-07-01,12.7482867356753,0.08560806359759354,0.0,0.0,0.0,0,0,72.28469279740679,7.060000000000002,13.99583351972586
Рязанская область,2021-08-01,12.99363283804603,0.3090771946763784,0.0,0.0,0.0,1,1,69.59216598844495,7.0,13.82586261804098
Рязанская область,2021-09-01,12.97074500228227,-0.6460537301930689,-0.0,-0.0,-0.0,0,0,70.18048294124223,7.299999999999997,13.73670349641271
Рязанская область,2021-10-01,12.86699824965045,-0.6175372517280238,-0.0,-0.0,-0.0,0,0,70.62011988253883,8.060000000000002,13.8001555473548
Рязанская область,2021-11-01,13.14874093634861,-0.12114037446266934,-0.0,-0.0,-0.0,1,0,70.52313907801702,9.180000000000007,13.74689636565552
Рязанская область,2021-12-01,13.39018479079422,-0.26721650241728057,-0.0,-0.0,-0.0,0,0,70.20631689793163,9.150000000000006,13.59934432252694
Рязанская область,2022-01-01,13.50847954717743,0.27464209751393653,0.0,0.0,0.0,0,0,70.42426602731385,9.200000000000003,13.57622779959034
Рязанская область,2022-02-01,13.85908973167941,-0.3501956198858558,-0.0,-0.0,-0.0,0,0,71.47162423670045,9.540000000000006,13.03893395918164
Рязанская область,2022-03-01,14.24193149040966,4.941478356719127,0.0,0.0,0.0,0,-1,72.123362807083,9.719999999999999,13.40839506364425
Рязанская область,2022-04-01,19.53715434837999,1.4923126339086181,0.0,0.0,0.0,-1,-1,71.3174866767097,16.84,14.27693233527321
Рязанская область,2022-05-01,20.72998272065684,-1.244790623444267,-0.0,-0.0,-0.0,0,0,68.44109122527378,18.03,14.10888405886347
Рязанская область,2022-06-01,20.01516172340162,-3.118179668249544,-0.0,-0.0,-0.0,0,0,67.55646224674224,17.69,14.20969672829724
Рязанская область,2022-07-01,18.15138253059925,-0.386746413724417,-0.0,-0.0,-0.0,0,0,67.00006455306988,16.23,14.80731422607534
Рязанская область,2022-08-01,16.73521228607138,-1.1110066252555733,-0.0,-0.0,-0.0,0,0,66.68805406148716,15.51000000000001,14.55791357910361
Рязанская область,2022-09-01,16.54744054807711,1.7547062341946287,0.0,0.0,0.0,0,0,66.60994219771908,14.58,14.57782041263532
Рязанская область,2022-10-01,17.64815215639836,1.2482715752793254,0.0,0.0,0.0,0,0,67.08531520673661,14.14,14.55599956664839
Рязанская область,2022-11-01,17.6186697396321,0.32653909912163215,0.0,0.0,0.0,0,0,67.29585654297881,12.68000000000001,14.4288291121607
Рязанская область,2022-12-01,16.29808860884681,0.14955653030453497,0.0,0.0,0.0,0,1,67.31365381597625,11.75,14.66058094050343
Рязанская область,2023-01-01,18.16241865216959,0.13967960707903515,0.0,0.0,0.0,0,0,67.6750392775121,12.13,14.41206814894258
Рязанская область,2023-02-01,16.63525480132624,-1.9472998218897306,-0.0,-0.0,-0.0,1,0,68.41452566771864,11.90000000000001,14.55328404146024
Рязанская область,2023-03-01,16.17585098624899,-0.4649545463768856,-0.0,-0.0,-0.0,0,0,68.36058521760233,10.94,14.40980383208044
Рязанская область,2023-04-01,16.05822168893139,-0.5507806832459252,-0.0,-0.0,-0.0,0,0,68.89627005708705,3.780000000000001,14.17642846194172
Рязанская область,2023-05-01,15.89108781231854,-0.46521849390664727,-0.0,-0.0,-0.0,0,0,69.5119074381488,2.290000000000006,14.08496713626956
Рязанская область,2023-06-01,16.08489181502263,-0.5347109788556779,-0.0,-0.0,-0.0,0,1,69.74732569410148,2.090000000000003,13.4324232518712
Рязанская область,2023-07-01,15.96209116977048,-0.5497632155639387,-0.0,-0.0,-0.0,0,1,70.25188615970018,3.189999999999998,13.4426345208884
Рязанская область,2023-08-01,15.91425150617836,0.2078297309388475,0.0,0.0,0.0,1,0,70.6859630928855,4.150000000000006,13.15797886918072
Рязанская область,2023-09-01,16.05932887129535,2.7050587479091437,0.0,0.0,0.0,0,1,71.79941034812688,4.810000000000002,13.03302631700907
Рязанская область,2023-10-01,18.12723045613615,0.8633696772512707,0.0,0.0,0.0,1,0,73.1004323986387,5.829999999999998,12.92699139352582
Рязанская область,2023-11-01,18.54152498011342,1.714265038508227,0.0,0.0,0.0,1,0,73.71980722154672,6.579999999999998,12.70624158387656
Рязанская область,2023-12-01,19.28905285487552,-1.5282051620880424,-0.0,-0.0,-0.0,0,1,73.77086924533766,7.299999999999997,12.76561880639284
Рязанская область,2024-01-01,20.05433934006267,0.6818813931607863,0.0,0.0,0.0,0,0,72.63949922239644,6.510000000000005,12.80329954979475
Рязанская область,2024-02-01,21.38572303501369,-1.5559611222700127,-0.0,-0.0,-0.0,1,0,72.45665852182333,6.680000000000007,12.88459186028128
Рязанская область,2024-03-01,22.5975022828792,-0.03662363343873665,-0.0,-0.0,-0.0,0,0,71.93474970809,7.030000000000001,12.80021590830832
Рязанская область,2024-04-01,22.34686285874688,-0.07535756412256944,-0.0,-0.0,-0.0,0,0,71.69207844568564,6.930000000000007,12.70486956718421
Рязанская область,2024-05-01,21.80621453118016,-1.8174537430626252,-0.0,-0.0,-0.0,0,1,71.88695817905804,7.390000000000001,12.69453281401596
Рязанская область,2024-06-01,21.45981451928246,-0.4392507252018447,-0.0,-0.0,-0.0,0,1,71.98941323494819,7.870000000000005,12.30134737105646
Рязанская область,2024-07-01,22.77767678324298,-0.5869739684411108,-0.0,-0.0,-0.0,0,1,73.0943467035382,7.980000000000004,12.37201400548919
Рязанская область,2024-08-01,22.82719524263606,1.4105522767729113,0.0,0.0,0.0,1,0,72.1779749614673,8.469999999999999,11.4121886222579
Рязанская область,2024-09-01,24.28914772208403,-1.9115218364399809,-0.0,-0.0,-0.0,0,1,71.75118017396768,8.86,11.37078745818703
Рязанская область,2024-10-01,24.69129128066673,0.667769408390896,0.0,0.0,0.0,1,0,70.9087323201825,7.829999999999998,11.38625069214231
Рязанская область,2024-11-01,25.82365021697907,2.039278586154861,0.0,0.0,0.0,1,0,69.83261216741283,7.739999999999995,11.22019947548199
Рязанская область,2024-12-01,26.87645396175512,0.34090421830265427,0.0,0.0,0.0,1,-1,66.82987932682728,8.340000000000003,11.37955482511678
Рязанская область,2025-01-01,28.85934654589469,0.24822008087726388,0.0,0.0,0.0,-1,0,64.55819992398527,9.480000000000004,12.04515542588896
Рязанская область,2025-02-01,29.95882993679982,0.31653560056003016,0.0,0.0,0.0,0,-1,62.66304866885729,9.700000000000003,12.0298043769671
Рязанская область,2025-03-01,31.02691435924416,0.41369500741819465,0.0,0.0,0.0,-1,0,61.76962166273641,10.29000000000001,12.32220267233184
Рязанская область,2025-04-01,31.86175334960097,0.5812476727093596,0.0,0.0,0.0,1,0,61.22468350168461,10.55,12.60986682914555
Рязанская область,2025-05-01,29.34387475555632,0.3820181297639742,0.0,0.0,0.0,0,1,60.45822732116984,10.44,12.53087259976985
Рязанская область,2025-06-01,28.2669498440989,0.6128194128495359,0.0,0.0,0.0,0,0,59.95396818666674,10.12,12.60425583428884
Рязанская область,2025-07-01,25.73042365362018,-0.2977272507310609,-0.0,-0.0,-0.0,0,0,59.19361202211625,9.819999999999993,13.04862400127707
Рязанская область,2025-08-01,24.23782084114794,-1.399483474742535,-0.0,-0.0,-0.0,1,0,58.33217891560896,10.01000000000001,12.2038526691469
Рязанская область,2025-09-01,24.24018299851059,0.2588989388809786,0.0,0.0,0.0,0,0,58.52342759801699,9.459999999999994,12.21376343666077
Рязанская область,2025-10-01,22.30334706922804,-0.43597080805563593,-0.0,-0.0,-0.0,-1,0,58.29818480740708,9.569999999999993,12.28766764906615
Рязанская область,2025-11-01,23.18127178760133,-0.19410526130430839,-0.0,-0.0,-0.0,1,1,58.19896748637673,9.519999999999996,12.18116431342069
Рязанская область,2025-12-01,24.36482508209905,0.2813157398373711,0.0,0.0,0.0,0,0,58.09862372686305,8.579999999999998,12.45441389419149
Самарская область,2019-03-01,14.97608677024328,0.7128714995200838,0.7128714995200838,0.0,0.0,0,0,50.66536576588252,5.379999999999995,13.96969020166916
Самарская область,2019-04-01,14.83164213925948,0.6911493920479934,0.6911493920479934,0.0,0.0,0,0,51.21513536520948,5.450000000000003,13.93362571452703
Самарская область,2019-05-01,14.93956739136517,0.45783100689424217,0.45783100689424217,0.0,0.0,1,0,51.33026076426211,5.280000000000001,13.82799624383704
Самарская область,2019-06-01,15.10463302341849,0.5041451542673663,0.5041451542673663,0.0,0.0,0,0,51.71702652730964,5.239999999999995,13.76402369677279
Самарская область,2019-07-01,14.92375015269312,0.14629311794748645,0.14629311794748645,0.0,0.0,0,1,52.02239490452598,4.549999999999997,13.5871524012406
Самарская область,2019-08-01,14.8780857905878,0.061654111534494405,0.061654111534494405,0.0,0.0,0,0,52.67547627168363,4.480000000000004,13.75383647547951
Самарская область,2019-09-01,14.53584769051183,0.2864871600654304,0.2864871600654304,0.0,0.0,0,0,53.2699704108058,4.239999999999995,13.99354944254979
Самарская область,2019-10-01,14.36519497322717,0.199118629193201,0.199118629193201,0.0,0.0,0,0,53.79054467403511,3.819999999999993,14.09538044072238
Самарская область,2019-11-01,14.74728596303944,-0.3451712223245451,-0.3451712223245451,-0.0,-0.0,1,0,54.47403400842042,3.689999999999998,13.95451926541953
Самарская область,2019-12-01,14.30276671404432,-0.11071296164861266,-0.11071296164861266,-0.0,-0.0,0,0,54.76269617163611,3.560000000000002,13.96268528342891
Самарская область,2020-01-01,14.16701637941649,0.4934187707708695,0.4934187707708695,0.0,0.0,0,0,54.66300891076216,3.019999999999996,13.87323014266563
Самарская область,2020-02-01,14.28887506053922,0.717717316165718,0.717717316165718,0.0,0.0,0,0,54.32092375405557,2.310000000000002,13.85754397162931
Самарская область,2020-03-01,14.27147920376893,0.5448138582658153,0.5448138582658153,0.0,0.0,0,0,54.5025270093239,2.560000000000002,13.9990718572308
Самарская область,2020-04-01,13.74547366409124,0.24910450663146122,0.24910450663146122,0.0,0.0,0,-1,55.0854063986767,2.709999999999994,13.79485304552419
Самарская область,2020-05-01,14.03574234258863,0.12930980432325967,0.12930980432325967,0.0,0.0,-1,0,55.15202516672056,3.170000000000002,14.5125986448122
Самарская область,2020-06-01,13.89288390841115,0.4216232562547013,0.4216232562547013,0.0,0.0,0,0,55.12946491495399,3.060000000000002,14.44740554275068
Самарская область,2020-07-01,13.70875053698739,-1.5016319110366503,-1.5016319110366503,-0.0,-0.0,0,0,55.25067930513165,3.359999999999999,14.61631601429089
Самарская область,2020-08-01,13.37152193571146,-0.8645661305373835,-0.8645661305373835,-0.0,-0.0,0,0,54.52119105564569,3.879999999999995,14.55948224098556
Самарская область,2020-09-01,13.30808494154834,-0.7937016241842549,-0.7937016241842549,-0.0,-0.0,0,-1,55.27870681768764,4.219999999999999,14.50322546106026
Самарская область,2020-10-01,13.15347330749429,-1.2364929674992595,-1.2364929674992595,-0.0,-0.0,-1,0,55.79688984660557,4.349999999999994,14.68049212850326
Самарская область,2020-11-01,12.9149525786933,-1.3589786818048175,-1.3589786818048175,-0.0,-0.0,0,0,56.0266823999179,4.629999999999995,14.14868911882905
Самарская область,2020-12-01,13.0354657029977,-1.7089361724181273,-1.7089361724181273,-0.0,-0.0,0,0,55.7164623630449,5.120000000000005,14.29515688207349
Самарская область,2021-01-01,12.82601283568993,3.0895976215913166,3.0895976215913166,0.0,0.0,0,0,55.53673814041936,5.560000000000002,14.25681178614399
Самарская область,2021-02-01,12.78807783482533,-0.05176615786507455,-0.05176615786507455,-0.0,-0.0,0,0,56.09334118442081,5.780000000000001,14.28073129777809
Самарская область,2021-03-01,12.71919333607113,-0.6104025253424652,-0.6104025253424652,-0.0,-0.0,0,0,56.54066307240713,6.170000000000002,14.25740888291217
Самарская область,2021-04-01,12.5323452058563,-0.5967440618905293,-0.5967440618905293,-0.0,-0.0,0,0,57.10896915695771,6.5,14.31135636221552
Самарская область,2021-05-01,12.35464793578018,-0.241937869195743,-0.241937869195743,-0.0,-0.0,0,1,57.58468063707339,6.400000000000006,14.39026993366833
Самарская область,2021-06-01,12.64438873827413,-0.7676306960714552,-0.7676306960714552,-0.0,-0.0,0,0,58.22687408318674,6.900000000000006,13.9058987796894
Самарская область,2021-07-01,12.66503932041458,0.08560806359759354,0.08560806359759354,0.0,0.0,0,0,58.72665653021784,7.260000000000005,14.28794040812387
Самарская область,2021-08-01,12.82903470473338,0.3090771946763784,0.3090771946763784,0.0,0.0,1,1,58.49726065959773,7.010000000000005,14.16035883513442
Самарская область,2021-09-01,12.75217433991756,-0.6460537301930689,-0.6460537301930689,-0.0,-0.0,0,0,59.24324551670669,7.140000000000001,14.08486048289774
Самарская область,2021-10-01,12.77164863241971,-0.6175372517280238,-0.6175372517280238,-0.0,-0.0,0,0,59.48618396829919,8.099999999999994,14.06833588641778
Самарская область,2021-11-01,13.24473105766764,-0.12114037446266934,-0.12114037446266934,-0.0,-0.0,1,0,61.23321749131517,8.959999999999994,14.03845416338667
Самарская область,2021-12-01,13.37489587157176,-0.26721650241728057,-0.26721650241728057,-0.0,-0.0,0,0,60.83885877681033,8.829999999999998,13.891587106529
Самарская область,2022-01-01,13.3500199156306,0.27464209751393653,0.27464209751393653,0.0,0.0,0,0,60.40094062133442,8.819999999999993,13.83469741707665
Самарская область,2022-02-01,13.69345073144704,-0.3501956198858558,-0.3501956198858558,-0.0,-0.0,0,0,60.58194687376767,9.319999999999993,13.31925659916617
Самарская область,2022-03-01,13.79283006849518,4.941478356719127,4.941478356719127,0.0,0.0,0,-1,60.96621712267542,9.170000000000002,13.82210892066053
Самарская область,2022-04-01,19.32889020918085,1.4923126339086181,1.4923126339086181,0.0,0.0,-1,-1,59.86689209711121,16.68000000000001,14.60788638352953
Самарская область,2022-05-01,20.84458698907801,-1.244790623444267,-1.244790623444267,-0.0,-0.0,0,0,58.47154431424569,17.79000000000001,14.39833249078681
Самарская область,2022-06-01,19.76124190388224,-3.118179668249544,-3.118179668249544,-0.0,-0.0,0,0,57.70748583446432,17.34999999999999,14.54778307893126
Самарская область,2022-07-01,18.35422949385055,-0.386746413724417,-0.386746413724417,-0.0,-0.0,0,0,57.44370750404909,16.48999999999999,15.21870332646069
Самарская область,2022-08-01,16.14475709124195,-1.1110066252555733,-1.1110066252555733,-0.0,-0.0,0,0,57.15532556394409,15.8,14.95382744127006
Самарская область,2022-09-01,16.08320231284134,1.7547062341946287,1.7547062341946287,0.0,0.0,0,0,56.79673278241658,15.18000000000001,14.96517742522321
Самарская область,2022-10-01,15.77179351263769,1.2482715752793254,1.2482715752793254,0.0,0.0,0,0,56.99173377431475,14.38,14.93677765537512
Самарская область,2022-11-01,15.86770388955988,0.32653909912163215,0.32653909912163215,0.0,0.0,0,0,56.87399329230005,13.0,14.82565702695508
Самарская область,2022-12-01,16.08829645467361,0.14955653030453497,0.14955653030453497,0.0,0.0,0,1,56.86829863062324,12.17,14.97688436594509
Самарская область,2023-01-01,16.71730648370968,0.13967960707903515,0.13967960707903515,0.0,0.0,0,0,56.77352664178675,12.66,14.72064670060942
Самарская область,2023-02-01,16.4750013724079,-1.9472998218897306,-1.9472998218897306,-0.0,-0.0,1,0,56.59826585295745,12.16,14.89158107607048
Самарская область,2023-03-01,15.97513393930565,-0.4649545463768856,-0.4649545463768856,-0.0,-0.0,0,0,56.26294920452415,11.90000000000001,14.72890752655031
Самарская область,2023-04-01,15.88909077878873,-0.5507806832459252,-0.5507806832459252,-0.0,-0.0,0,0,56.7140029396381,4.120000000000005,14.52521611392816
Самарская область,2023-05-01,15.75166276283715,-0.46521849390664727,-0.46521849390664727,-0.0,-0.0,0,0,57.3195760537584,2.920000000000002,14.35840965564536
Самарская область,2023-06-01,16.15489667788399,-0.5347109788556779,-0.5347109788556779,-0.0,-0.0,0,1,57.47287729428633,3.230000000000004,13.78473738523597
Самарская область,2023-07-01,16.12035125642871,-0.5497632155639387,-0.5497632155639387,-0.0,-0.0,0,1,57.97597162178215,4.079999999999998,13.74960812984197
Самарская область,2023-08-01,15.79286890992724,0.2078297309388475,0.2078297309388475,0.0,0.0,1,0,56.66872242481772,4.969999999999999,13.48521150082848
Самарская область,2023-09-01,16.21576619303985,2.7050587479091437,2.7050587479091437,0.0,0.0,0,1,57.70016339574791,5.450000000000003,13.43412258987685
Самарская область,2023-10-01,17.86478619470474,0.8633696772512707,0.8633696772512707,0.0,0.0,1,0,58.67940678370389,6.219999999999999,13.30325942539564
Самарская область,2023-11-01,18.78169150900032,1.714265038508227,1.714265038508227,0.0,0.0,1,0,59.79032159533241,6.709999999999994,13.08418051495928
Самарская область,2023-12-01,19.08041370133082,-1.5282051620880424,-1.5282051620880424,-0.0,-0.0,0,1,59.94515654030415,7.959999999999994,13.09202893932233
Самарская область,2024-01-01,20.13821469061859,0.6818813931607863,0.6818813931607863,0.0,0.0,0,0,58.65243134570412,7.489999999999995,13.10450500947835
Самарская область,2024-02-01,22.4052435936292,-1.5559611222700127,-1.5559611222700127,-0.0,-0.0,1,0,58.8253202391619,7.609999999999999,13.17479557095801
Самарская область,2024-03-01,23.66029461853016,-0.03662363343873665,-0.03662363343873665,-0.0,-0.0,0,0,58.46841839707696,7.700000000000003,13.04608959425184
Самарская область,2024-04-01,22.78641347395329,-0.07535756412256944,-0.07535756412256944,-0.0,-0.0,0,0,57.92808567286448,7.510000000000005,12.92000138733747
Самарская область,2024-05-01,21.66542171564188,-1.8174537430626252,-1.8174537430626252,-0.0,-0.0,0,1,58.15621878321075,7.709999999999994,12.8839362731716
Самарская область,2024-06-01,21.91333173247091,-0.4392507252018447,-0.4392507252018447,-0.0,-0.0,0,1,58.41551754515972,8.010000000000005,12.50007695230716
Самарская область,2024-07-01,23.57014670988573,-0.5869739684411108,-0.5869739684411108,-0.0,-0.0,0,1,58.80628035543308,8.299999999999997,12.58491400739885
Самарская область,2024-08-01,23.37526587491076,1.4105522767729113,1.4105522767729113,0.0,0.0,1,0,58.17610063863457,8.939999999999998,11.71665895321556
Самарская область,2024-09-01,24.4752625233735,-1.9115218364399809,-1.9115218364399809,-0.0,-0.0,0,1,58.17957107788207,9.099999999999994,11.71188879938205
Самарская область,2024-10-01,24.31538896739854,0.667769408390896,0.667769408390896,0.0,0.0,1,0,57.48556933029848,8.280000000000001,11.71826051794492
Самарская область,2024-11-01,25.83494910725361,2.039278586154861,2.039278586154861,0.0,0.0,1,0,55.84196305755827,8.439999999999998,11.56255302777108
Самарская область,2024-12-01,26.39278292562736,0.34090421830265427,0.34090421830265427,0.0,0.0,1,-1,53.23748237693582,8.980000000000004,11.72085548229818
Самарская область,2025-01-01,26.56508360971098,0.24822008087726388,0.24822008087726388,0.0,0.0,-1,0,51.0333542665073,9.769999999999996,12.31793399148575
Самарская область,2025-02-01,28.20972463516625,0.31653560056003016,0.31653560056003016,0.0,0.0,0,-1,49.90515538085953,10.26000000000001,12.33733607106062
Самарская область,2025-03-01,29.23281236093316,0.41369500741819465,0.41369500741819465,0.0,0.0,-1,0,49.0090906816411,10.79000000000001,12.62609931935682
Самарская область,2025-04-01,28.90982861194363,0.5812476727093596,0.5812476727093596,0.0,0.0,1,0,48.76660131160603,11.28,12.89563311986037
Самарская область,2025-05-01,27.04828023420251,0.3820181297639742,0.3820181297639742,0.0,0.0,0,1,48.66898107385214,11.2,12.80630860335581
Самарская область,2025-06-01,26.82578366289226,0.6128194128495359,0.6128194128495359,0.0,0.0,0,0,48.16522559613899,10.98999999999999,12.87849215146751
Самарская область,2025-07-01,25.68270476701842,-0.2977272507310609,-0.2977272507310609,-0.0,-0.0,0,0,47.50783671791275,10.31999999999999,13.34992198782397
Самарская область,2025-08-01,24.58736542074932,-1.399483474742535,-1.399483474742535,-0.0,-0.0,1,0,46.7335763131348,9.989999999999995,12.51178274211597
Самарская область,2025-09-01,23.7048959121689,0.2588989388809786,0.2588989388809786,0.0,0.0,0,0,46.71954914701858,9.349999999999994,12.53504162794909
Самарская область,2025-10-01,22.12932619197235,-0.43597080805563593,-0.43597080805563593,-0.0,-0.0,-1,0,46.67526044739819,9.86,12.5211289077326
Самарская область,2025-11-01,22.90446748349246,-0.19410526130430839,-0.19410526130430839,-0.0,-0.0,1,1,46.50278847612331,9.689999999999998,12.40525724180599
Самарская область,2025-12-01,24.82358436825041,0.2813157398373711,0.2813157398373711,0.0,0.0,0,0,46.35835254164954,8.209999999999994,12.65003150411817
Саратовская область,2019-03-01,15.22537913015982,0.7128714995200838,0.0,0.0,0.0,0,0,55.86582472570127,5.469999999999999,13.7270964221375
Саратовская область,2019-04-01,15.2070778664107,0.6911493920479934,0.0,0.0,0.0,0,0,56.47468181895683,5.5,13.74339824033308
Саратовская область,2019-05-01,15.30125598908976,0.45783100689424217,0.0,0.0,0.0,1,0,58.73568024845721,5.700000000000003,13.64413500351126
Саратовская область,2019-06-01,15.45202784572813,0.5041451542673663,0.0,0.0,0.0,0,0,59.54632110929071,5.689999999999998,13.58362998101754
Саратовская область,2019-07-01,15.25846578984897,0.14629311794748645,0.0,0.0,0.0,0,1,60.30496194308132,4.900000000000006,13.35499974323901
Саратовская область,2019-08-01,15.17875610825438,0.061654111534494405,0.0,0.0,0.0,0,0,58.73260207485094,4.579999999999998,13.58545415586802
Саратовская область,2019-09-01,14.91098427587935,0.2864871600654304,0.0,0.0,0.0,0,0,59.61748916312436,3.969999999999999,13.71263890073405
Саратовская область,2019-10-01,14.77455932600025,0.199118629193201,0.0,0.0,0.0,0,0,60.34257744859184,3.560000000000002,13.86286897129855
Саратовская область,2019-11-01,14.94731452762591,-0.3451712223245451,-0.0,-0.0,-0.0,1,0,60.3411952462641,3.239999999999995,13.74534401940145
Саратовская область,2019-12-01,14.67243701204302,-0.11071296164861266,-0.0,-0.0,-0.0,0,0,60.42885195189053,2.930000000000007,13.77259651614626
Саратовская область,2020-01-01,14.38516789772047,0.4934187707708695,0.0,0.0,0.0,0,0,60.12232928427335,2.530000000000001,13.67724698170465
Саратовская область,2020-02-01,14.52592750256095,0.717717316165718,0.0,0.0,0.0,0,0,62.49002510620873,2.010000000000005,13.66596650010888
Саратовская область,2020-03-01,14.50099160669946,0.5448138582658153,0.0,0.0,0.0,0,0,62.34715653712772,2.129999999999995,13.77909104290897
Саратовская область,2020-04-01,14.04038425598401,0.24910450663146122,0.0,0.0,0.0,0,-1,62.60003003222025,2.670000000000002,13.4970663546565
Саратовская область,2020-05-01,14.22296862062196,0.12930980432325967,0.0,0.0,0.0,-1,0,61.58311236189719,3.650000000000006,14.25847042571286
Саратовская область,2020-06-01,14.0677468225969,0.4216232562547013,0.0,0.0,0.0,0,0,60.82931426680786,3.760000000000005,14.21940857825614
Саратовская область,2020-07-01,13.88224695261345,-1.5016319110366503,-0.0,-0.0,-0.0,0,0,60.53042858288281,4.359999999999999,14.3711228036442
Саратовская область,2020-08-01,13.54088197136537,-0.8645661305373835,-0.0,-0.0,-0.0,0,0,60.46426547242456,4.680000000000007,14.33772224981507
Саратовская область,2020-09-01,13.45130532604222,-0.7937016241842549,-0.0,-0.0,-0.0,0,-1,60.68807459257975,4.959999999999994,14.23649428858386
Саратовская область,2020-10-01,13.33380946456772,-1.2364929674992595,-0.0,-0.0,-0.0,-1,0,60.66402392019914,5.25,14.44311997290068
Саратовская область,2020-11-01,13.08780558809138,-1.3589786818048175,-0.0,-0.0,-0.0,0,0,60.73739668736001,5.620000000000005,13.86465815810516
Саратовская область,2020-12-01,13.3089483195318,-1.7089361724181273,-0.0,-0.0,-0.0,0,0,60.80781165845796,6.150000000000006,14.02395491653878
Саратовская область,2021-01-01,12.96996060928352,3.0895976215913166,0.0,0.0,0.0,0,0,60.33527038649085,6.689999999999998,14.04520773898006
Саратовская область,2021-02-01,13.04460157573018,-0.05176615786507455,-0.0,-0.0,-0.0,0,0,60.29400844669096,6.540000000000006,14.04322786106274
Саратовская область,2021-03-01,12.92629267750077,-0.6104025253424652,-0.0,-0.0,-0.0,0,0,60.63166736819575,6.650000000000006,14.03084939249428
Саратовская область,2021-04-01,12.8190864019179,-0.5967440618905293,-0.0,-0.0,-0.0,0,0,61.38497047321327,6.579999999999998,14.09534698953912
Саратовская область,2021-05-01,12.7125309691718,-0.241937869195743,-0.0,-0.0,-0.0,0,1,61.69613739746038,5.840000000000003,14.17046519440283
Саратовская область,2021-06-01,12.93576680262053,-0.7676306960714552,-0.0,-0.0,-0.0,0,0,62.2840135608162,6.260000000000005,13.62611886422261
Саратовская область,2021-07-01,13.00058183934844,0.08560806359759354,0.0,0.0,0.0,0,0,62.96157791573967,6.079999999999998,14.03479519924245
Саратовская область,2021-08-01,13.33222829664095,0.3090771946763784,0.0,0.0,0.0,1,1,63.53642309083944,5.920000000000002,13.88065102521751
Саратовская область,2021-09-01,13.12234033549979,-0.6460537301930689,-0.0,-0.0,-0.0,0,0,64.31832573773785,6.069999999999993,13.7896403691092
Саратовская область,2021-10-01,13.03101255542263,-0.6175372517280238,-0.0,-0.0,-0.0,0,0,64.787245972594,7.120000000000005,13.8432300580046
Саратовская область,2021-11-01,13.41240630216408,-0.12114037446266934,-0.0,-0.0,-0.0,1,0,65.17574688205123,8.620000000000005,13.77860724759933
Саратовская область,2021-12-01,13.60924768974851,-0.26721650241728057,-0.0,-0.0,-0.0,0,0,64.71118876840559,8.829999999999998,13.64008929107226
Саратовская область,2022-01-01,13.61783611452134,0.27464209751393653,0.0,0.0,0.0,0,0,64.69715844666453,8.730000000000004,13.61770463288122
Саратовская область,2022-02-01,14.021656418086,-0.3501956198858558,-0.0,-0.0,-0.0,0,0,63.86333673271207,9.0,13.0811401145327
Саратовская область,2022-03-01,13.95665770710901,4.941478356719127,0.0,0.0,0.0,0,-1,64.09344252142138,9.170000000000002,13.52892614845686
Саратовская область,2022-04-01,19.60266482067657,1.4923126339086181,0.0,0.0,0.0,-1,-1,63.06826861307663,15.59,14.37659089213371
Саратовская область,2022-05-01,20.74983556152726,-1.244790623444267,-0.0,-0.0,-0.0,0,0,60.55859587566774,17.27,14.18908051074635
Саратовская область,2022-06-01,20.26864910019864,-3.118179668249544,-0.0,-0.0,-0.0,0,0,59.59164520628324,17.37,14.26389955150249
Саратовская область,2022-07-01,18.88259308018478,-0.386746413724417,-0.0,-0.0,-0.0,0,0,59.03052637728081,16.73999999999999,14.91505078989307
Саратовская область,2022-08-01,16.80236068379113,-1.1110066252555733,-0.0,-0.0,-0.0,0,0,59.16488835323085,15.51000000000001,14.68345088499729
Саратовская область,2022-09-01,16.62074686103822,1.7547062341946287,0.0,0.0,0.0,0,0,58.79775610824844,14.04000000000001,14.71130336267263
Саратовская область,2022-10-01,16.62212995454595,1.2482715752793254,0.0,0.0,0.0,0,0,59.09073282066968,13.63,14.70371978620725
Саратовская область,2022-11-01,16.30362581235536,0.32653909912163215,0.0,0.0,0.0,0,0,60.46241506215132,11.88,14.59797703687518
Саратовская область,2022-12-01,16.86876048746254,0.14955653030453497,0.0,0.0,0.0,0,1,60.53940002393519,11.3,14.77007000622573
Саратовская область,2023-01-01,17.14958848125416,0.13967960707903515,0.0,0.0,0.0,0,0,60.05441095448425,11.27,14.52477810146491
Саратовская область,2023-02-01,16.91457999748822,-1.9472998218897306,-0.0,-0.0,-0.0,1,0,58.65137587797158,11.42,14.68492457048203
Саратовская область,2023-03-01,16.53685744228134,-0.4649545463768856,-0.0,-0.0,-0.0,0,0,58.30821552318868,10.59,14.53098796510503
Саратовская область,2023-04-01,16.36377159734274,-0.5507806832459252,-0.0,-0.0,-0.0,0,0,58.64249101059459,3.959999999999994,14.34019885860795
Саратовская область,2023-05-01,16.40467917688788,-0.46521849390664727,-0.0,-0.0,-0.0,0,0,58.47533046358227,2.030000000000001,14.24364622634972
Саратовская область,2023-06-01,16.54142960982147,-0.5347109788556779,-0.0,-0.0,-0.0,0,1,58.71590068281292,1.739999999999995,13.63844214596113
Саратовская область,2023-07-01,16.50734170879651,-0.5497632155639387,-0.0,-0.0,-0.0,0,1,59.15724687833008,2.420000000000002,13.66196837207628
Саратовская область,2023-08-01,16.24217509808703,0.2078297309388475,0.0,0.0,0.0,1,0,58.76022974599848,3.719999999999999,13.37805860359814
Саратовская область,2023-09-01,16.58118110844277,2.7050587479091437,0.0,0.0,0.0,0,1,59.85519928597434,5.060000000000002,13.27874006042049
Саратовская область,2023-10-01,18.80485418722491,0.8633696772512707,0.0,0.0,0.0,1,0,60.7305833917847,5.260000000000005,13.18702375972351
Саратовская область,2023-11-01,19.46731701807512,1.714265038508227,0.0,0.0,0.0,1,0,61.15920501601696,5.909999999999997,12.99467409839655
Саратовская область,2023-12-01,19.83706480215461,-1.5282051620880424,-0.0,-0.0,-0.0,0,1,61.05580499207154,6.469999999999999,13.0231690080372
Саратовская область,2024-01-01,21.5793142708117,0.6818813931607863,0.0,0.0,0.0,0,0,59.70008046336963,6.640000000000001,13.04040655186745
Саратовская область,2024-02-01,23.18536875396913,-1.5559611222700127,-0.0,-0.0,-0.0,1,0,59.82984300694226,6.310000000000002,13.10939308233299
Саратовская область,2024-03-01,23.80806546681394,-0.03662363343873665,-0.0,-0.0,-0.0,0,0,59.5152912150497,6.829999999999998,13.00300809509567
Саратовская область,2024-04-01,23.19678742599891,-0.07535756412256944,-0.0,-0.0,-0.0,0,0,59.60392031468083,6.700000000000003,12.9014372649839
Саратовская область,2024-05-01,23.17292832367578,-1.8174537430626252,-0.0,-0.0,-0.0,0,1,59.59642915953115,7.260000000000005,12.87457280589619
Саратовская область,2024-06-01,22.93643390808567,-0.4392507252018447,-0.0,-0.0,-0.0,0,1,59.61194436422134,7.340000000000003,12.48843661346822
Саратовская область,2024-07-01,23.31369188093736,-0.5869739684411108,-0.0,-0.0,-0.0,0,1,60.06041270603417,7.480000000000004,12.58634561842869
Саратовская область,2024-08-01,23.96543502133093,1.4105522767729113,0.0,0.0,0.0,1,0,58.94061759719646,8.010000000000005,11.65828404235144
Саратовская область,2024-09-01,25.73184678771127,-1.9115218364399809,-0.0,-0.0,-0.0,0,1,58.78982003194378,8.310000000000002,11.62932358476277
Саратовская область,2024-10-01,25.43349571404523,0.667769408390896,0.0,0.0,0.0,1,0,58.18357863120694,8.230000000000004,11.62457722673719
Саратовская область,2024-11-01,27.75827591434813,2.039278586154861,0.0,0.0,0.0,1,0,57.27503859661539,7.989999999999995,11.45063280310884
Саратовская область,2024-12-01,27.21922129349092,0.34090421830265427,0.0,0.0,0.0,1,-1,54.34581215237153,8.61,11.58953366804708
Саратовская область,2025-01-01,28.09448846807141,0.24822008087726388,0.0,0.0,0.0,-1,0,52.62963198525683,9.200000000000003,12.18845308279302
Саратовская область,2025-02-01,29.11240061796072,0.31653560056003016,0.0,0.0,0.0,0,-1,50.72545578553742,9.730000000000004,12.18462394407886
Саратовская область,2025-03-01,30.4696436832503,0.41369500741819465,0.0,0.0,0.0,-1,0,49.89870062079468,9.810000000000002,12.47957608300968
Саратовская область,2025-04-01,30.67804204540243,0.5812476727093596,0.0,0.0,0.0,1,0,49.26784536383109,10.3,12.7405532210471
Саратовская область,2025-05-01,28.56003769016055,0.3820181297639742,0.0,0.0,0.0,0,1,48.53776572191245,10.40000000000001,12.66295355231514
Саратовская область,2025-06-01,27.56624817633983,0.6128194128495359,0.0,0.0,0.0,0,0,48.12934156576585,10.29000000000001,12.73762326773186
Саратовская область,2025-07-01,27.14331149953591,-0.2977272507310609,-0.0,-0.0,-0.0,0,0,47.37434198989165,10.27,13.19299119206202
Саратовская область,2025-08-01,26.17854803356157,-1.399483474742535,-0.0,-0.0,-0.0,1,0,46.44652475112292,9.819999999999993,12.36008201181105
Саратовская область,2025-09-01,25.43590394800698,0.2588989388809786,0.0,0.0,0.0,0,0,46.31184291508008,8.790000000000006,12.38153695576598
Саратовская область,2025-10-01,24.02496495260329,-0.43597080805563593,-0.0,-0.0,-0.0,-1,0,45.83747644701153,8.5,12.39559606454111
Саратовская область,2025-11-01,24.89806120082408,-0.19410526130430839,-0.0,-0.0,-0.0,1,1,45.51307556896486,8.86,12.29859245848858
Саратовская область,2025-12-01,25.4924225207939,0.2813157398373711,0.0,0.0,0.0,0,0,45.08250705586984,7.620000000000005,12.55656334188619
Сахалинская область,2019-03-01,14.46334365735516,0.7128714995200838,0.0,0.7128714995200838,0.0,0,0,32.18977236604257,3.689999999999998,13.67130199610888
Сахалинская область,2019-04-01,14.41644314172135,0.6911493920479934,0.0,0.6911493920479934,0.0,0,0,32.37494950120982,3.709999999999994,13.61044198895399
Сахалинская область,2019-05-01,14.60458933208113,0.45783100689424217,0.0,0.45783100689424217,0.0,1,0,32.44146261262554,3.780000000000001,13.52147608056915
Сахалинская область,2019-06-01,14.7722460361251,0.5041451542673663,0.0,0.5041451542673663,0.0,0,0,32.7199985967793,3.790000000000006,13.48065720499352
Сахалинская область,2019-07-01,14.597325305694,0.14629311794748645,0.0,0.14629311794748645,0.0,0,1,32.8440280131178,4.060000000000002,13.21615840256133
Сахалинская область,2019-08-01,14.63267435243267,0.061654111534494405,0.0,0.061654111534494405,0.0,0,0,33.01448888218094,4.060000000000002,13.48666813461781
Сахалинская область,2019-09-01,14.21935860989818,0.2864871600654304,0.0,0.2864871600654304,0.0,0,0,33.28155321966096,3.739999999999995,13.50753548886506
Сахалинская область,2019-10-01,13.97325786326303,0.199118629193201,0.0,0.199118629193201,0.0,0,0,33.53303812520767,3.530000000000001,13.72686603823665
Сахалинская область,2019-11-01,14.37472883803557,-0.3451712223245451,-0.0,-0.3451712223245451,-0.0,1,0,33.30150824076214,3.230000000000004,13.66542819453284
Сахалинская область,2019-12-01,13.87037213596196,-0.11071296164861266,-0.0,-0.11071296164861266,-0.0,0,0,33.44962086254702,3.5,13.69099227765391
Сахалинская область,2020-01-01,13.85920728556194,0.4934187707708695,0.0,0.4934187707708695,0.0,0,0,33.3923816767321,3.530000000000001,13.56264777974638
Сахалинская область,2020-02-01,13.78028133161244,0.717717316165718,0.0,0.717717316165718,0.0,0,0,33.42713683883287,3.590000000000003,13.54846695564307
Сахалинская область,2020-03-01,13.93515370281526,0.5448138582658153,0.0,0.5448138582658153,0.0,0,0,33.66065251981118,3.370000000000005,13.66095328400354
Сахалинская область,2020-04-01,13.66583807976058,0.24910450663146122,0.0,0.24910450663146122,0.0,0,-1,34.03543403232813,3.549999999999997,13.39244894395422
Сахалинская область,2020-05-01,13.6794213077133,0.12930980432325967,0.0,0.12930980432325967,0.0,-1,0,34.08232357479354,3.870000000000005,14.32521324305778
Сахалинская область,2020-06-01,13.71604366565478,0.4216232562547013,0.0,0.4216232562547013,0.0,0,0,34.1768810839612,3.790000000000006,14.31661288360748
Сахалинская область,2020-07-01,13.59124261697598,-1.5016319110366503,-0.0,-1.5016319110366503,-0.0,0,0,34.50417595824042,3.819999999999993,14.47109250880986
Сахалинская область,2020-08-01,13.10000547169936,-0.8645661305373835,-0.0,-0.8645661305373835,-0.0,0,0,35.01940067795077,4.150000000000006,14.3694508345816
Сахалинская область,2020-09-01,13.04230982487246,-0.7937016241842549,-0.0,-0.7937016241842549,-0.0,0,-1,35.65517149233472,4.260000000000005,14.20566591700088
Сахалинская область,2020-10-01,12.9951463167541,-1.2364929674992595,-0.0,-1.2364929674992595,-0.0,-1,0,36.37574896499753,4.180000000000007,14.40552243536511
Сахалинская область,2020-11-01,12.93579203490692,-1.3589786818048175,-0.0,-1.3589786818048175,-0.0,0,0,37.13544785780788,4.280000000000001,13.72262747216489
Сахалинская область,2020-12-01,12.99786701549627,-1.7089361724181273,-0.0,-1.7089361724181273,-0.0,0,0,37.47202009473893,5.090000000000003,13.88978627936008
Сахалинская область,2021-01-01,12.77851815280463,3.0895976215913166,0.0,3.0895976215913166,0.0,0,0,37.59734578926229,5.0,13.98823588358304
Сахалинская область,2021-02-01,12.67583129674956,-0.05176615786507455,-0.0,-0.05176615786507455,-0.0,0,0,38.06981058300241,4.75,14.01195864770008
Сахалинская область,2021-03-01,12.60411349427974,-0.6104025253424652,-0.0,-0.6104025253424652,-0.0,0,0,38.65040924475519,4.810000000000002,13.9820322094495
Сахалинская область,2021-04-01,12.24330478084633,-0.5967440618905293,-0.0,-0.5967440618905293,-0.0,0,0,39.48117602753312,4.530000000000001,14.09992885864293
Сахалинская область,2021-05-01,12.03357734310938,-0.241937869195743,-0.0,-0.241937869195743,-0.0,0,1,40.20583073724794,4.420000000000002,14.27630285197105
Сахалинская область,2021-06-01,12.25081414859195,-0.7676306960714552,-0.0,-0.7676306960714552,-0.0,0,0,41.30034036019395,4.75,13.59139623444852
Сахалинская область,2021-07-01,12.35504486101569,0.08560806359759354,0.0,0.08560806359759354,0.0,0,0,42.53098759611027,4.680000000000007,14.08063117148417
Сахалинская область,2021-08-01,12.64998079095673,0.3090771946763784,0.0,0.3090771946763784,0.0,1,1,43.50725424627142,4.709999999999994,13.88310549211477
Сахалинская область,2021-09-01,12.6410452176983,-0.6460537301930689,-0.0,-0.6460537301930689,-0.0,0,0,44.50478493037769,5.390000000000001,13.79470392208227
Сахалинская область,2021-10-01,12.66738101560544,-0.6175372517280238,-0.0,-0.6175372517280238,-0.0,0,0,45.34643914889548,5.739999999999995,13.90642594997573
Сахалинская область,2021-11-01,13.0984149802804,-0.12114037446266934,-0.0,-0.12114037446266934,-0.0,1,0,45.84433551820491,6.099999999999994,13.81368404711771
Сахалинская область,2021-12-01,13.17698128625134,-0.26721650241728057,-0.0,-0.26721650241728057,-0.0,0,0,45.85118332480809,5.849999999999994,13.63657814125525
Сахалинская область,2022-01-01,13.52055990754027,0.27464209751393653,0.0,0.27464209751393653,0.0,0,0,46.30382472854518,6.200000000000003,13.58196280716992
Сахалинская область,2022-02-01,13.74990335037075,-0.3501956198858558,-0.0,-0.3501956198858558,-0.0,0,0,46.61606510312011,6.340000000000003,12.99261143621306
Сахалинская область,2022-03-01,13.57382253987009,4.941478356719127,0.0,4.941478356719127,0.0,0,-1,46.8565346561549,6.819999999999993,13.14195744467113
Сахалинская область,2022-04-01,17.90235061493815,1.4923126339086181,0.0,1.4923126339086181,0.0,-1,-1,46.66908737475078,13.76000000000001,14.07015504601905
Сахалинская область,2022-05-01,19.61150676087494,-1.244790623444267,-0.0,-1.244790623444267,-0.0,0,0,46.21847561819775,15.04000000000001,13.89900015149724
Сахалинская область,2022-06-01,19.34271517872493,-3.118179668249544,-0.0,-3.118179668249544,-0.0,0,0,45.73418081991098,15.04000000000001,13.98986877551424
Сахалинская область,2022-07-01,17.85010227750104,-0.386746413724417,-0.0,-0.386746413724417,-0.0,0,0,45.71447737248987,15.17,14.71541703391778
Сахалинская область,2022-08-01,16.57753130809223,-1.1110066252555733,-0.0,-1.1110066252555733,-0.0,0,0,45.72982729334601,14.29000000000001,14.43092682894531
Сахалинская область,2022-09-01,16.33415061185599,1.7547062341946287,0.0,1.7547062341946287,0.0,0,0,45.57656402653333,13.47,14.51345590888565
Сахалинская область,2022-10-01,16.32342007703984,1.2482715752793254,0.0,1.2482715752793254,0.0,0,0,45.79252551450401,12.94,14.50334660080902
Сахалинская область,2022-11-01,15.74111866643846,0.32653909912163215,0.0,0.32653909912163215,0.0,0,0,46.37027243813969,12.5,14.37656156420963
Сахалинская область,2022-12-01,15.96375540924879,0.14955653030453497,0.0,0.14955653030453497,0.0,0,1,46.76685101289988,12.25,14.69620937004158
Сахалинская область,2023-01-01,17.15354352027308,0.13967960707903515,0.0,0.13967960707903515,0.0,0,0,46.71708960693674,12.06999999999999,14.4126565839858
Сахалинская область,2023-02-01,16.67745038904947,-1.9472998218897306,-0.0,-1.9472998218897306,-0.0,1,0,46.08362984287732,12.31999999999999,14.54221046834971
Сахалинская область,2023-03-01,16.48196211741548,-0.4649545463768856,-0.0,-0.4649545463768856,-0.0,0,0,46.0876610248306,11.34999999999999,14.36123078212213
Сахалинская область,2023-04-01,15.87692731104865,-0.5507806832459252,-0.0,-0.5507806832459252,-0.0,0,0,46.5972248888617,4.469999999999999,14.17406614356536
Сахалинская область,2023-05-01,16.18888085680046,-0.46521849390664727,-0.0,-0.46521849390664727,-0.0,0,0,47.11920343264373,3.180000000000007,14.05014396538489
Сахалинская область,2023-06-01,16.03907466706325,-0.5347109788556779,-0.0,-0.5347109788556779,-0.0,0,1,47.70892861575737,3.079999999999998,13.33891030700006
Сахалинская область,2023-07-01,16.19260932777526,-0.5497632155639387,-0.0,-0.5497632155639387,-0.0,0,1,48.44491335773308,3.159999999999997,13.34726123336398
Сахалинская область,2023-08-01,16.1412355730266,0.2078297309388475,0.0,0.2078297309388475,0.0,1,0,48.80509977747366,4.219999999999999,13.0573655144939
Сахалинская область,2023-09-01,16.7291332350396,2.7050587479091437,0.0,2.7050587479091437,0.0,0,1,49.90249109812509,4.930000000000007,12.92620638922198
Сахалинская область,2023-10-01,18.65913044076384,0.8633696772512707,0.0,0.8633696772512707,0.0,1,0,50.71294095338388,6.900000000000006,12.8748683432563
Сахалинская область,2023-11-01,18.97319420757757,1.714265038508227,0.0,1.714265038508227,0.0,1,0,51.09012002908428,7.609999999999999,12.71392270568331
Сахалинская область,2023-12-01,20.31042359082573,-1.5282051620880424,-0.0,-1.5282051620880424,-0.0,0,1,51.30304265924608,7.780000000000001,12.79757407157077
Сахалинская область,2024-01-01,20.2342584212891,0.6818813931607863,0.0,0.6818813931607863,0.0,0,0,50.45237836611864,7.439999999999998,12.84711204326823
Сахалинская область,2024-02-01,23.06984188285345,-1.5559611222700127,-0.0,-1.5559611222700127,-0.0,1,0,50.9571211365352,7.409999999999997,12.98402755488772
Сахалинская область,2024-03-01,24.52613340827355,-0.03662363343873665,-0.0,-0.03662363343873665,-0.0,0,0,50.10564728472468,8.239999999999995,12.83886915970812
Сахалинская область,2024-04-01,23.7923193527757,-0.07535756412256944,-0.0,-0.07535756412256944,-0.0,0,0,49.99300923750826,8.39,12.78943131324052
Сахалинская область,2024-05-01,23.12258612337457,-1.8174537430626252,-0.0,-1.8174537430626252,-0.0,0,1,49.97246006005277,8.120000000000005,12.76444758747662
Сахалинская область,2024-06-01,23.53401255082268,-0.4392507252018447,-0.0,-0.4392507252018447,-0.0,0,1,49.74318838970304,8.170000000000002,12.39113880535424
Сахалинская область,2024-07-01,24.30997525603561,-0.5869739684411108,-0.0,-0.5869739684411108,-0.0,0,1,49.95875493351105,8.25,12.53086317953881
Сахалинская область,2024-08-01,25.54014370106821,1.4105522767729113,0.0,1.4105522767729113,0.0,1,0,49.32896492420748,8.170000000000002,11.46966155668515
Сахалинская область,2024-09-01,27.23687667249139,-1.9115218364399809,-0.0,-1.9115218364399809,-0.0,0,1,49.39010130533776,7.890000000000001,11.40631580622308
Сахалинская область,2024-10-01,28.70129936534806,0.667769408390896,0.0,0.667769408390896,0.0,1,0,48.90165327199198,6.379999999999995,11.39310633181517
Сахалинская область,2024-11-01,31.37844461357655,2.039278586154861,0.0,2.039278586154861,0.0,1,0,48.13075631443382,6.0,11.27059025741321
Сахалинская область,2024-12-01,34.1553349221829,0.34090421830265427,0.0,0.34090421830265427,0.0,1,-1,46.87640648622966,6.420000000000002,11.42836253918726
Сахалинская область,2025-01-01,35.84009629296425,0.24822008087726388,0.0,0.24822008087726388,0.0,-1,0,45.35305639634674,7.150000000000006,12.20592510054603
Сахалинская область,2025-02-01,32.42285017984582,0.31653560056003016,0.0,0.31653560056003016,0.0,0,-1,44.22046746522999,7.790000000000006,12.19219673247659
Сахалинская область,2025-03-01,32.78974512817339,0.41369500741819465,0.0,0.41369500741819465,0.0,-1,0,43.92662330864426,8.099999999999994,12.49942164984645
Сахалинская область,2025-04-01,34.67092396494574,0.5812476727093596,0.0,0.5812476727093596,0.0,1,0,43.63482520668824,8.519999999999996,12.77881324886447
Сахалинская область,2025-05-01,32.71562436742923,0.3820181297639742,0.0,0.3820181297639742,0.0,0,1,43.376837984683,9.200000000000003,12.7219301893404
Сахалинская область,2025-06-01,34.58885037226479,0.6128194128495359,0.0,0.6128194128495359,0.0,0,0,43.15220789263838,9.290000000000006,12.87296385905987
Сахалинская область,2025-07-01,35.37666126351717,-0.2977272507310609,-0.0,-0.2977272507310609,-0.0,0,0,42.75688533386479,9.090000000000003,13.26637901068943
Сахалинская область,2025-08-01,34.23129941611194,-1.399483474742535,-0.0,-1.399483474742535,-0.0,1,0,42.09975376074873,9.439999999999998,12.33097057060972
Сахалинская область,2025-09-01,32.67571381278242,0.2588989388809786,0.0,0.2588989388809786,0.0,0,0,42.2254608711436,8.61,12.38730255677447
Сахалинская область,2025-10-01,31.8390053568028,-0.43597080805563593,-0.0,-0.43597080805563593,-0.0,-1,0,41.99665678261803,8.370000000000005,12.44994338535313
Сахалинская область,2025-11-01,29.58610272425557,-0.19410526130430839,-0.0,-0.19410526130430839,-0.0,1,1,41.98875829550717,8.019999999999996,12.38859855902963
Сахалинская область,2025-12-01,30.02088826079707,0.2813157398373711,0.0,0.2813157398373711,0.0,0,0,41.76883141210637,7.049999999999997,12.66103270856124
Свердловская область,2019-03-01,14.83883202580834,0.7128714995200838,0.7128714995200838,0.0,0.0,0,0,57.50904203553622,4.920000000000002,13.73144642227829
Свердловская область,2019-04-01,14.73276953421613,0.6911493920479934,0.6911493920479934,0.0,0.0,0,0,57.96806805999076,4.959999999999994,13.72122198072725
Свердловская область,2019-05-01,14.79267168870928,0.45783100689424217,0.45783100689424217,0.0,0.0,1,0,58.86799866686869,5.0,13.57876986718542
Свердловская область,2019-06-01,14.99526827680226,0.5041451542673663,0.5041451542673663,0.0,0.0,0,0,59.40814789040058,5.349999999999994,13.53170385804529
Свердловская область,2019-07-01,14.85034730476353,0.14629311794748645,0.14629311794748645,0.0,0.0,0,1,59.85925179420432,5.25,13.28545060698093
Свердловская область,2019-08-01,14.78069641212938,0.061654111534494405,0.061654111534494405,0.0,0.0,0,0,59.99494629737615,5.129999999999995,13.33113716888951
Свердловская область,2019-09-01,14.45809257324825,0.2864871600654304,0.2864871600654304,0.0,0.0,0,0,60.80984506202149,4.920000000000002,13.44204249523805
Свердловская область,2019-10-01,14.28327417167738,0.199118629193201,0.199118629193201,0.0,0.0,0,0,61.15139518651051,4.75,13.58020437643889
Свердловская область,2019-11-01,14.59983184111305,-0.3451712223245451,-0.3451712223245451,-0.0,-0.0,1,0,59.41496659884957,4.400000000000006,13.48049638380282
Свердловская область,2019-12-01,14.23638223918822,-0.11071296164861266,-0.11071296164861266,-0.0,-0.0,0,0,59.73304000100882,4.200000000000003,13.50115041601622
Свердловская область,2020-01-01,13.97022664815638,0.4934187707708695,0.4934187707708695,0.0,0.0,0,0,59.84472536097199,3.650000000000006,13.40449948598496
Свердловская область,2020-02-01,13.94571992241005,0.717717316165718,0.717717316165718,0.0,0.0,0,0,61.77838098968852,2.670000000000002,13.44268602040006
Свердловская область,2020-03-01,14.16055506200081,0.5448138582658153,0.5448138582658153,0.0,0.0,0,0,62.13481158539518,2.310000000000002,13.59645787339868
Свердловская область,2020-04-01,13.59318914918916,0.24910450663146122,0.24910450663146122,0.0,0.0,0,-1,62.74449733441512,2.5,13.38846448677956
Свердловская область,2020-05-01,13.79350170138866,0.12930980432325967,0.12930980432325967,0.0,0.0,-1,0,61.23751497794513,3.079999999999998,14.15509765827243
Свердловская область,2020-06-01,13.54721600519968,0.4216232562547013,0.4216232562547013,0.0,0.0,0,0,61.48657352393546,2.810000000000002,14.08870888379056
Свердловская область,2020-07-01,13.66285372985992,-1.5016319110366503,-1.5016319110366503,-0.0,-0.0,0,0,61.92051962134953,2.689999999999998,14.24715644455975
Свердловская область,2020-08-01,13.28361911243231,-0.8645661305373835,-0.8645661305373835,-0.0,-0.0,0,0,62.91829995506597,2.819999999999993,14.18171560486807
Свердловская область,2020-09-01,13.1764885494779,-0.7937016241842549,-0.7937016241842549,-0.0,-0.0,0,-1,63.87960595037493,2.980000000000004,14.10584772517758
Свердловская область,2020-10-01,13.10072597281473,-1.2364929674992595,-1.2364929674992595,-0.0,-0.0,-1,0,64.71040642904057,3.129999999999995,14.25296206244476
Свердловская область,2020-11-01,12.68503478913565,-1.3589786818048175,-1.3589786818048175,-0.0,-0.0,0,0,65.74196913665016,3.409999999999997,13.71774249235654
Свердловская область,2020-12-01,12.84754694343376,-1.7089361724181273,-1.7089361724181273,-0.0,-0.0,0,0,65.49069092725432,3.870000000000005,13.86930057352231
Свердловская область,2021-01-01,12.68774848363074,3.0895976215913166,3.0895976215913166,0.0,0.0,0,0,65.49498999851514,4.239999999999995,13.88412025430319
Свердловская область,2021-02-01,12.7464827607961,-0.05176615786507455,-0.05176615786507455,-0.0,-0.0,0,0,64.81061859733417,5.010000000000005,13.91993331160772
Свердловская область,2021-03-01,12.6048672964646,-0.6104025253424652,-0.6104025253424652,-0.0,-0.0,0,0,65.43381125866568,5.719999999999999,13.88920878539015
Свердловская область,2021-04-01,12.49649827519516,-0.5967440618905293,-0.5967440618905293,-0.0,-0.0,0,0,66.31235695874282,5.849999999999994,13.97962725669028
Свердловская область,2021-05-01,12.42469217050846,-0.241937869195743,-0.241937869195743,-0.0,-0.0,0,1,67.17030418712136,5.260000000000005,14.08340426743345
Свердловская область,2021-06-01,12.56205945670587,-0.7676306960714552,-0.7676306960714552,-0.0,-0.0,0,0,67.93287711049824,5.640000000000001,13.58081010646005
Свердловская область,2021-07-01,12.67008783335578,0.08560806359759354,0.08560806359759354,0.0,0.0,0,0,68.57114282547244,6.549999999999997,14.02048693229885
Свердловская область,2021-08-01,12.84906335659187,0.3090771946763784,0.3090771946763784,0.0,0.0,1,1,69.68111720380263,6.560000000000002,13.91282591563598
Свердловская область,2021-09-01,12.85022100801567,-0.6460537301930689,-0.6460537301930689,-0.0,-0.0,0,0,70.38779581795296,6.579999999999998,13.815470681913
Свердловская область,2021-10-01,12.73193308600184,-0.6175372517280238,-0.6175372517280238,-0.0,-0.0,0,0,70.691161973347,7.189999999999998,13.80996248047794
Свердловская область,2021-11-01,13.04225563774351,-0.12114037446266934,-0.12114037446266934,-0.0,-0.0,1,0,70.66776380926555,8.180000000000007,13.82169832787232
Свердловская область,2021-12-01,13.09826642930631,-0.26721650241728057,-0.26721650241728057,-0.0,-0.0,0,0,69.89399192983974,8.370000000000005,13.68895534228603
Свердловская область,2022-01-01,13.39721267291365,0.27464209751393653,0.27464209751393653,0.0,0.0,0,0,69.6890839316056,8.11,13.65261190690113
Свердловская область,2022-02-01,13.87405236822558,-0.3501956198858558,-0.3501956198858558,-0.0,-0.0,0,0,70.3256680837541,8.200000000000003,13.11733956602332
Свердловская область,2022-03-01,13.75793301812402,4.941478356719127,4.941478356719127,0.0,0.0,0,-1,70.71978860692383,8.379999999999995,13.50972955365403
Свердловская область,2022-04-01,21.48740848044946,1.4923126339086181,1.4923126339086181,0.0,0.0,-1,-1,69.99920011015466,16.05,14.31889234168185
Свердловская область,2022-05-01,21.75478570475626,-1.244790623444267,-1.244790623444267,-0.0,-0.0,0,0,69.4716447747826,17.66,14.08194341157722
Свердловская область,2022-06-01,19.81687903331148,-3.118179668249544,-3.118179668249544,-0.0,-0.0,0,0,68.48604165756362,17.16,14.18064992130937
Свердловская область,2022-07-01,18.5289356629012,-0.386746413724417,-0.386746413724417,-0.0,-0.0,0,0,67.899816331612,15.64,14.86894268612001
Свердловская область,2022-08-01,16.4454603967163,-1.1110066252555733,-1.1110066252555733,-0.0,-0.0,0,0,66.79063988704112,14.78,14.62959275832644
Свердловская область,2022-09-01,16.22877105615984,1.7547062341946287,1.7547062341946287,0.0,0.0,0,0,66.75869096402629,14.27,14.68075979833267
Свердловская область,2022-10-01,16.27306449531757,1.2482715752793254,1.2482715752793254,0.0,0.0,0,0,67.0794770658984,13.5,14.6683000051892
Свердловская область,2022-11-01,15.83003496012678,0.32653909912163215,0.32653909912163215,0.0,0.0,0,0,67.01265439351158,12.2,14.59392760749303
Свердловская область,2022-12-01,16.12775149346178,0.14955653030453497,0.14955653030453497,0.0,0.0,0,1,67.11546124205464,11.59,14.78915861413603
Свердловская область,2023-01-01,16.8350593750043,0.13967960707903515,0.13967960707903515,0.0,0.0,0,0,66.68811800717302,11.83,14.55150622414147
Свердловская область,2023-02-01,16.33437914547579,-1.9472998218897306,-1.9472998218897306,-0.0,-0.0,1,0,65.98379829050191,11.67,14.73773929931628
Свердловская область,2023-03-01,16.03988733483119,-0.4649545463768856,-0.4649545463768856,-0.0,-0.0,0,0,65.81647597110415,11.28,14.59763498093308
Свердловская область,2023-04-01,16.05542240026396,-0.5507806832459252,-0.5507806832459252,-0.0,-0.0,0,0,66.37760884711464,3.510000000000005,14.41350407635226
Свердловская область,2023-05-01,15.86383158153006,-0.46521849390664727,-0.46521849390664727,-0.0,-0.0,0,0,66.61685394828119,2.280000000000001,14.24887436184693
Свердловская область,2023-06-01,16.20645832710981,-0.5347109788556779,-0.5347109788556779,-0.0,-0.0,0,1,67.15099800461964,2.730000000000004,13.65463223015492
Свердловская область,2023-07-01,16.11115822666207,-0.5497632155639387,-0.5497632155639387,-0.0,-0.0,0,1,67.74582094687018,3.180000000000007,13.63177825725752
Свердловская область,2023-08-01,15.87664572076694,0.2078297309388475,0.2078297309388475,0.0,0.0,1,0,66.0931491674939,4.019999999999996,13.36636860430361
Свердловская область,2023-09-01,16.35874445713771,2.7050587479091437,2.7050587479091437,0.0,0.0,0,1,67.55128534781716,4.799999999999997,13.30384655400093
Свердловская область,2023-10-01,18.63340693342301,0.8633696772512707,0.8633696772512707,0.0,0.0,1,0,69.0587362241155,5.849999999999994,13.19975725538666
Свердловская область,2023-11-01,18.86514846634273,1.714265038508227,1.714265038508227,0.0,0.0,1,0,72.18266254955086,6.480000000000004,13.00522296179663
Свердловская область,2023-12-01,18.56248814561095,-1.5282051620880424,-1.5282051620880424,-0.0,-0.0,0,1,72.34837073267649,7.269999999999996,13.0205739879413
Свердловская область,2024-01-01,20.91932568312876,0.6818813931607863,0.6818813931607863,0.0,0.0,0,0,71.43449212162646,7.269999999999996,13.06577423226313
Свердловская область,2024-02-01,22.14760124232787,-1.5559611222700127,-1.5559611222700127,-0.0,-0.0,1,0,71.16809332570175,7.5,13.17272316166348
Свердловская область,2024-03-01,23.04794525651894,-0.03662363343873665,-0.03662363343873665,-0.0,-0.0,0,0,70.46191808122528,7.519999999999996,13.01663339592029
Свердловская область,2024-04-01,22.07806296455939,-0.07535756412256944,-0.07535756412256944,-0.0,-0.0,0,0,70.62938969106382,7.819999999999993,12.89570161139259
Свердловская область,2024-05-01,22.03052378584671,-1.8174537430626252,-1.8174537430626252,-0.0,-0.0,0,1,69.80137696453266,7.700000000000003,12.86320086793999
Свердловская область,2024-06-01,21.96131212640266,-0.4392507252018447,-0.4392507252018447,-0.0,-0.0,0,1,69.82020548018072,7.859999999999999,12.45286265377938
Свердловская область,2024-07-01,23.17978846623,-0.5869739684411108,-0.5869739684411108,-0.0,-0.0,0,1,70.57259677219942,8.489999999999995,12.55550903407282
Свердловская область,2024-08-01,22.93453338121978,1.4105522767729113,1.4105522767729113,0.0,0.0,1,0,69.73604462240137,9.090000000000003,11.69261461250799
Свердловская область,2024-09-01,24.33640007790428,-1.9115218364399809,-1.9115218364399809,-0.0,-0.0,0,1,69.2649916683308,8.709999999999994,11.67914726818212
Свердловская область,2024-10-01,24.42796333451412,0.667769408390896,0.667769408390896,0.0,0.0,1,0,68.32851748195917,8.409999999999997,11.71903400556228
Свердловская область,2024-11-01,25.62412726887725,2.039278586154861,2.039278586154861,0.0,0.0,1,0,65.96342206052029,8.530000000000001,11.56651292325122
Свердловская область,2024-12-01,27.472596478879,0.34090421830265427,0.34090421830265427,0.0,0.0,1,-1,63.75208400908669,9.170000000000002,11.70297676078612
Свердловская область,2025-01-01,26.79806602747083,0.24822008087726388,0.24822008087726388,0.0,0.0,-1,0,61.95641056516351,10.02,12.31607812780059
Свердловская область,2025-02-01,28.33503719192731,0.31653560056003016,0.31653560056003016,0.0,0.0,0,-1,63.1880132378086,10.59999999999999,12.33336470327481
Свердловская область,2025-03-01,30.29117607887062,0.41369500741819465,0.41369500741819465,0.0,0.0,-1,0,62.21799231871451,11.2,12.61829831510394
Свердловская область,2025-04-01,30.86435405099571,0.5812476727093596,0.5812476727093596,0.0,0.0,1,0,61.41804535749847,11.36,12.9213288566666
Свердловская область,2025-05-01,29.62271701877842,0.3820181297639742,0.3820181297639742,0.0,0.0,0,1,59.58273745635248,11.22,12.84857957210109
Свердловская область,2025-06-01,29.1626418282348,0.6128194128495359,0.6128194128495359,0.0,0.0,0,0,58.97451086593842,10.98,12.96389506495682
Свердловская область,2025-07-01,27.87221986530608,-0.2977272507310609,-0.2977272507310609,-0.0,-0.0,0,0,58.19390195606695,10.5,13.4778273506816
Свердловская область,2025-08-01,26.97898077181504,-1.399483474742535,-1.399483474742535,-0.0,-0.0,1,0,57.41792491657394,10.48,12.62418988409528
Свердловская область,2025-09-01,26.60689743148976,0.2588989388809786,0.2588989388809786,0.0,0.0,0,0,57.53368658702153,9.980000000000004,12.74875850814961
Свердловская область,2025-10-01,25.24868507825913,-0.43597080805563593,-0.43597080805563593,-0.0,-0.0,-1,0,57.46210464042431,9.709999999999994,12.4361300652652
Свердловская область,2025-11-01,25.51996356883688,-0.19410526130430839,-0.19410526130430839,-0.0,-0.0,1,1,57.61563171666693,9.510000000000005,12.33733428370266
Свердловская область,2025-12-01,26.51841289669107,0.2813157398373711,0.2813157398373711,0.0,0.0,0,0,57.43454083652734,8.39,12.59041159064561
Смоленская область,2019-03-01,15.06744504555994,0.7128714995200838,0.0,0.0,0.0,0,0,56.96664115330051,6.150000000000006,13.5709400971791
Смоленская область,2019-04-01,15.11795060825014,0.6911493920479934,0.0,0.0,0.0,0,0,57.3740516734434,5.840000000000003,13.65125637956503
Смоленская область,2019-05-01,14.99931397042742,0.45783100689424217,0.0,0.0,0.0,1,0,56.68853588379271,5.680000000000007,13.50662442683217
Смоленская область,2019-06-01,15.2877223754152,0.5041451542673663,0.0,0.0,0.0,0,0,57.16046818436784,5.799999999999997,13.47272785579086
Смоленская область,2019-07-01,14.98137475396796,0.14629311794748645,0.0,0.0,0.0,0,1,57.50761336396963,4.920000000000002,13.21284221107691
Смоленская область,2019-08-01,15.03514511495957,0.061654111534494405,0.0,0.0,0.0,0,0,58.72583648404635,4.530000000000001,13.44272422997991
Смоленская область,2019-09-01,14.8396707326958,0.2864871600654304,0.0,0.0,0.0,0,0,59.28978170926901,4.060000000000002,13.51244526164306
Смоленская область,2019-10-01,14.56197127152332,0.199118629193201,0.0,0.0,0.0,0,0,59.84169745189403,3.670000000000002,13.71222007754522
Смоленская область,2019-11-01,14.86508127598923,-0.3451712223245451,-0.0,-0.0,-0.0,1,0,59.34005652703647,3.209999999999994,13.61898482120179
Смоленская область,2019-12-01,14.5971996483701,-0.11071296164861266,-0.0,-0.0,-0.0,0,0,59.5709559422049,2.760000000000005,13.63993520024827
Смоленская область,2020-01-01,14.29802657079407,0.4934187707708695,0.0,0.0,0.0,0,0,59.68348260979073,2.180000000000007,13.52074283542776
Смоленская область,2020-02-01,14.398976071086,0.717717316165718,0.0,0.0,0.0,0,0,60.10478898358075,1.280000000000001,13.47117217016485
Смоленская область,2020-03-01,14.45509487812052,0.5448138582658153,0.0,0.0,0.0,0,0,60.37922889190671,1.269999999999996,13.58346189383485
Смоленская область,2020-04-01,13.97181563602986,0.24910450663146122,0.0,0.0,0.0,0,-1,60.96026979940137,1.950000000000003,13.29267064761304
Смоленская область,2020-05-01,13.94820536799331,0.12930980432325967,0.0,0.0,0.0,-1,0,61.64586349094478,3.129999999999995,14.14599612459869
Смоленская область,2020-06-01,13.81609454639663,0.4216232562547013,0.0,0.0,0.0,0,0,61.37781611218836,3.090000000000003,14.13224342418489
Смоленская область,2020-07-01,13.80841913672486,-1.5016319110366503,-0.0,-0.0,-0.0,0,0,61.51556637348642,3.459999999999994,14.29393693493874
Смоленская область,2020-08-01,13.46024584955958,-0.8645661305373835,-0.0,-0.0,-0.0,0,0,62.07886458962313,4.049999999999997,14.25545163805698
Смоленская область,2020-09-01,13.50518333800232,-0.7937016241842549,-0.0,-0.0,-0.0,0,-1,63.01596154094947,4.010000000000005,14.11394166697436
Смоленская область,2020-10-01,13.47559572746651,-1.2364929674992595,-0.0,-0.0,-0.0,-1,0,63.68828888438593,3.980000000000004,14.337181233939
Смоленская область,2020-11-01,13.15371569193628,-1.3589786818048175,-0.0,-0.0,-0.0,0,0,62.73610246080187,4.489999999999995,13.73623663882881
Смоленская область,2020-12-01,13.21076539468726,-1.7089361724181273,-0.0,-0.0,-0.0,0,0,63.0665786372392,4.700000000000003,13.91605427459271
Смоленская область,2021-01-01,12.82804646522302,3.0895976215913166,0.0,0.0,0.0,0,0,63.11691113779714,5.409999999999997,13.9513852730789
Смоленская область,2021-02-01,13.04163382811622,-0.05176615786507455,-0.0,-0.0,-0.0,0,0,64.10066353586635,5.849999999999994,13.96597999882277
Смоленская область,2021-03-01,12.71335626094144,-0.6104025253424652,-0.0,-0.0,-0.0,0,0,64.59606897791596,6.450000000000003,13.93333976783782
Смоленская область,2021-04-01,12.80542101770566,-0.5967440618905293,-0.0,-0.0,-0.0,0,0,65.35717916149878,6.25,14.04046542456888
Смоленская область,2021-05-01,12.58123778803333,-0.241937869195743,-0.0,-0.0,-0.0,0,1,65.32244685324166,5.739999999999995,14.15768625969625
Смоленская область,2021-06-01,12.82550974186215,-0.7676306960714552,-0.0,-0.0,-0.0,0,0,65.86743140613387,6.030000000000001,13.5435256495466
Смоленская область,2021-07-01,12.74128901915275,0.08560806359759354,0.0,0.0,0.0,0,0,66.69837659945965,6.359999999999999,13.96060570032666
Смоленская область,2021-08-01,12.98566747734723,0.3090771946763784,0.0,0.0,0.0,1,1,66.56755513336694,5.680000000000007,13.78757645299228
Смоленская область,2021-09-01,12.90370807592653,-0.6460537301930689,-0.0,-0.0,-0.0,0,0,67.27041539750246,6.400000000000006,13.69045263539786
Смоленская область,2021-10-01,12.73848453875882,-0.6175372517280238,-0.0,-0.0,-0.0,0,0,67.75491600573854,7.420000000000002,13.76989609392747
Смоленская область,2021-11-01,13.15416203435074,-0.12114037446266934,-0.0,-0.0,-0.0,1,0,69.36504969546118,7.879999999999995,13.70988070124116
Смоленская область,2021-12-01,13.41483236026534,-0.26721650241728057,-0.0,-0.0,-0.0,0,0,69.39047406737939,8.569999999999993,13.55407970398899
Смоленская область,2022-01-01,13.46028027865101,0.27464209751393653,0.0,0.0,0.0,0,0,69.60045400324073,8.129999999999995,13.53073101147542
Смоленская область,2022-02-01,13.74792447025327,-0.3501956198858558,-0.0,-0.0,-0.0,0,0,70.49232639003014,9.099999999999994,12.9760118541656
Смоленская область,2022-03-01,14.11245980465786,4.941478356719127,0.0,0.0,0.0,0,-1,70.98911435308504,9.590000000000003,13.31877639600761
Смоленская область,2022-04-01,18.51631225002452,1.4923126339086181,0.0,0.0,0.0,-1,-1,69.9148926472956,16.38,14.22654347324325
Смоленская область,2022-05-01,20.45930295789724,-1.244790623444267,-0.0,-0.0,-0.0,0,0,66.55916360969316,17.95,14.07772483114822
Смоленская область,2022-06-01,20.37834603693742,-3.118179668249544,-0.0,-0.0,-0.0,0,0,65.61518318318245,17.06,14.1935510345097
Смоленская область,2022-07-01,18.64215188310045,-0.386746413724417,-0.0,-0.0,-0.0,0,0,64.90345365658213,15.43000000000001,14.7999939643536
Смоленская область,2022-08-01,17.28457394043891,-1.1110066252555733,-0.0,-0.0,-0.0,0,0,65.77345971815122,14.73999999999999,14.55795513175827
Смоленская область,2022-09-01,16.63633220392885,1.7547062341946287,0.0,0.0,0.0,0,0,65.6081390046364,13.69,14.58741805939311
Смоленская область,2022-10-01,16.8779817004311,1.2482715752793254,0.0,0.0,0.0,0,0,65.7371438869702,12.69,14.58381013776057
Смоленская область,2022-11-01,16.2262240630483,0.32653909912163215,0.0,0.0,0.0,0,0,64.21734565721748,11.73,14.47924953123294
Смоленская область,2022-12-01,16.52647493149588,0.14955653030453497,0.0,0.0,0.0,0,1,64.2010200535723,10.51000000000001,14.75819377249132
Смоленская область,2023-01-01,17.88328065334117,0.13967960707903515,0.0,0.0,0.0,0,0,63.84055341974258,10.31,14.51584780603067
Смоленская область,2023-02-01,16.62206785265103,-1.9472998218897306,-0.0,-0.0,-0.0,1,0,65.43961213885441,9.540000000000006,14.67696360415129
Смоленская область,2023-03-01,16.31747933413309,-0.4649545463768856,-0.0,-0.0,-0.0,0,0,65.08525420304522,8.290000000000006,14.53678969996579
Смоленская область,2023-04-01,16.35891084906312,-0.5507806832459252,-0.0,-0.0,-0.0,0,0,65.3975674146409,1.859999999999999,14.33395793456748
Смоленская область,2023-05-01,16.29861570222372,-0.46521849390664727,-0.0,-0.0,-0.0,0,0,64.47604710227051,-0.01000000000000512,14.23261522096973
Смоленская область,2023-06-01,16.69328064846495,-0.5347109788556779,-0.0,-0.0,-0.0,0,1,64.53854401904925,0.4200000000000017,13.57805341333263
Смоленская область,2023-07-01,16.22133312467537,-0.5497632155639387,-0.0,-0.0,-0.0,0,1,64.79463930940184,1.359999999999999,13.59597062828914
Смоленская область,2023-08-01,16.2284057587246,0.2078297309388475,0.0,0.0,0.0,1,0,65.03867216085499,2.439999999999998,13.32160454012954
Смоленская область,2023-09-01,16.58675194387045,2.7050587479091437,0.0,0.0,0.0,0,1,65.89945508519797,3.140000000000001,13.20628304218046
Смоленская область,2023-10-01,18.42466640922113,0.8633696772512707,0.0,0.0,0.0,1,0,66.70484357559441,4.629999999999995,13.11535298866492
Смоленская область,2023-11-01,19.52684675587836,1.714265038508227,0.0,0.0,0.0,1,0,68.84456077975055,5.170000000000002,12.88290875299906
Смоленская область,2023-12-01,20.1092986998997,-1.5282051620880424,-0.0,-0.0,-0.0,0,1,68.36759943751936,6.430000000000007,12.92394514120657
Смоленская область,2024-01-01,20.91837250944081,0.6818813931607863,0.0,0.0,0.0,0,0,67.14147191659139,7.049999999999997,12.9480663430544
Смоленская область,2024-02-01,22.79754075871042,-1.5559611222700127,-0.0,-0.0,-0.0,1,0,69.25514641441539,7.120000000000005,13.04142222146686
Смоленская область,2024-03-01,24.32897470740322,-0.03662363343873665,-0.0,-0.0,-0.0,0,0,68.76574949436478,7.870000000000005,12.93439213176532
Смоленская область,2024-04-01,22.93846646156388,-0.07535756412256944,-0.0,-0.0,-0.0,0,0,68.64530668620264,7.400000000000006,12.84598087454914
Смоленская область,2024-05-01,23.05861705876627,-1.8174537430626252,-0.0,-0.0,-0.0,0,1,67.14261145228093,7.5,12.84066616854848
Смоленская область,2024-06-01,22.93829720839558,-0.4392507252018447,-0.0,-0.0,-0.0,0,1,67.13994724533067,7.659999999999997,12.44177415719741
Смоленская область,2024-07-01,23.83283696777302,-0.5869739684411108,-0.0,-0.0,-0.0,0,1,67.46427609655747,8.709999999999994,12.55055350905325
Смоленская область,2024-08-01,24.35701176601721,1.4105522767729113,0.0,0.0,0.0,1,0,66.4370241330172,9.730000000000004,11.57771296579709
Смоленская область,2024-09-01,25.78873020083729,-1.9115218364399809,-0.0,-0.0,-0.0,0,1,65.87276753808854,9.939999999999998,11.54477586984462
Смоленская область,2024-10-01,25.97973225791488,0.667769408390896,0.0,0.0,0.0,1,0,64.92254199517109,8.86,11.56193339850006
Смоленская область,2024-11-01,26.74464548513255,2.039278586154861,0.0,0.0,0.0,1,0,61.5033844662705,9.25,11.38960756306287
Смоленская область,2024-12-01,27.76069140458645,0.34090421830265427,0.0,0.0,0.0,1,-1,58.027010840667,9.560000000000002,11.54723396822634
Смоленская область,2025-01-01,30.31465364451585,0.24822008087726388,0.0,0.0,0.0,-1,0,55.61167530037596,10.3,12.17736103633733
Смоленская область,2025-02-01,30.99151654597364,0.31653560056003016,0.0,0.0,0.0,0,-1,59.20709811249322,10.44,12.17011149250043
Смоленская область,2025-03-01,32.44850344778592,0.41369500741819465,0.0,0.0,0.0,-1,0,58.26348349898304,10.33,12.47406232240192
Смоленская область,2025-04-01,31.34530326040772,0.5812476727093596,0.0,0.0,0.0,1,0,57.51289057032562,10.79000000000001,12.74761256045504
Смоленская область,2025-05-01,28.59027096194955,0.3820181297639742,0.0,0.0,0.0,0,1,54.38264907157154,10.48999999999999,12.66193685584908
Смоленская область,2025-06-01,28.68825387683241,0.6128194128495359,0.0,0.0,0.0,0,0,53.87777649929652,10.20999999999999,12.73939141464334
Смоленская область,2025-07-01,27.6881027336048,-0.2977272507310609,-0.0,-0.0,-0.0,0,0,53.02509809475694,9.409999999999997,13.2198974349693
Смоленская область,2025-08-01,27.10118167602953,-1.399483474742535,-0.0,-0.0,-0.0,1,0,51.99152368952559,8.730000000000004,12.25486859098775
Смоленская область,2025-09-01,26.66153722914031,0.2588989388809786,0.0,0.0,0.0,0,0,52.03248748661156,8.340000000000003,12.281536897032
Смоленская область,2025-10-01,23.79588036588337,-0.43597080805563593,-0.0,-0.0,-0.0,-1,0,51.67508478441162,8.530000000000001,12.33954139504332
Смоленская область,2025-11-01,24.81749534027025,-0.19410526130430839,-0.0,-0.0,-0.0,1,1,51.47477608606309,8.36,12.25426299326236
Смоленская область,2025-12-01,25.64610046331936,0.2813157398373711,0.0,0.0,0.0,0,0,51.04131372668972,7.140000000000001,12.54764671197126
Ставропольский край,2019-03-01,15.32817609279308,0.7128714995200838,0.0,0.0,0.0,0,0,50.38916480426045,5.340000000000003,13.62936800979297
Ставропольский край,2019-04-01,15.21460940243606,0.6911493920479934,0.0,0.0,0.0,0,0,50.92284057350371,5.329999999999998,13.67606970213349
Ставропольский край,2019-05-01,15.3379743844762,0.45783100689424217,0.0,0.0,0.0,1,0,51.08419404784349,5.299999999999997,13.51630739158663
Ставропольский край,2019-06-01,15.46679058031827,0.5041451542673663,0.0,0.0,0.0,0,0,51.5268605433692,5.209999999999994,13.49298763841205
Ставропольский край,2019-07-01,15.33382550839088,0.14629311794748645,0.0,0.0,0.0,0,1,51.73489459514526,4.609999999999999,13.26021761793298
Ставропольский край,2019-08-01,15.25767676534509,0.061654111534494405,0.0,0.0,0.0,0,0,52.66820035182725,4.719999999999999,13.52797132404983
Ставропольский край,2019-09-01,14.98819982385334,0.2864871600654304,0.0,0.0,0.0,0,0,53.30112329152865,4.280000000000001,13.58657320666514
Ставропольский край,2019-10-01,14.90954700260863,0.199118629193201,0.0,0.0,0.0,0,0,53.59771039815531,4.049999999999997,13.77134562760142
Ставропольский край,2019-11-01,15.13398505278988,-0.3451712223245451,-0.0,-0.0,-0.0,1,0,53.74417362970543,3.959999999999994,13.68969158788285
Ставропольский край,2019-12-01,14.77097322602805,-0.11071296164861266,-0.0,-0.0,-0.0,0,0,53.8471623030191,3.790000000000006,13.73906180788303
Ставропольский край,2020-01-01,14.59741339979596,0.4934187707708695,0.0,0.0,0.0,0,0,53.6516929187046,3.079999999999998,13.64141050019371
Ставропольский край,2020-02-01,14.70904337108362,0.717717316165718,0.0,0.0,0.0,0,0,53.47970759941249,2.549999999999997,13.5856366257749
Ставропольский край,2020-03-01,14.66867652062693,0.5448138582658153,0.0,0.0,0.0,0,0,53.62934618420644,2.879999999999995,13.70414156672409
Ставропольский край,2020-04-01,14.3041040729206,0.24910450663146122,0.0,0.0,0.0,0,-1,53.98514301153756,3.109999999999999,13.39329131382354
Ставропольский край,2020-05-01,14.28722768387728,0.12930980432325967,0.0,0.0,0.0,-1,0,53.08341848535471,3.329999999999998,14.24467603671985
Ставропольский край,2020-06-01,14.16100550116804,0.4216232562547013,0.0,0.0,0.0,0,0,52.86361410710171,3.519999999999996,14.21576681331688
Ставропольский край,2020-07-01,14.09588442751709,-1.5016319110366503,-0.0,-0.0,-0.0,0,0,53.16438094758693,3.950000000000003,14.39274854541478
Ставропольский край,2020-08-01,13.78126989296966,-0.8645661305373835,-0.0,-0.0,-0.0,0,0,53.53677879892439,3.840000000000003,14.31616057144586
Ставропольский край,2020-09-01,13.77713147689793,-0.7937016241842549,-0.0,-0.0,-0.0,0,-1,54.17231623977325,3.939999999999998,14.18868365831058
Ставропольский край,2020-10-01,13.80490796773364,-1.2364929674992595,-0.0,-0.0,-0.0,-1,0,54.78511753004847,3.840000000000003,14.45038356307546
Ставропольский край,2020-11-01,13.56130160155441,-1.3589786818048175,-0.0,-0.0,-0.0,0,0,55.56664014432886,4.230000000000004,13.83121839958135
Ставропольский край,2020-12-01,13.52824165746039,-1.7089361724181273,-0.0,-0.0,-0.0,0,0,55.81741104118254,4.829999999999998,14.02681150440945
Ставропольский край,2021-01-01,13.27231497596769,3.0895976215913166,0.0,0.0,0.0,0,0,55.8343959146878,5.709999999999994,14.05518634122861
Ставропольский край,2021-02-01,13.31767143406915,-0.05176615786507455,-0.0,-0.0,-0.0,0,0,55.67745268246805,5.620000000000005,14.06727739135559
Ставропольский край,2021-03-01,13.23374931649029,-0.6104025253424652,-0.0,-0.0,-0.0,0,0,56.1058636819585,6.120000000000005,14.03422196159808
Ставропольский край,2021-04-01,13.14317373954191,-0.5967440618905293,-0.0,-0.0,-0.0,0,0,56.81038093237736,5.799999999999997,14.14646388129767
Ставропольский край,2021-05-01,12.89318861600396,-0.241937869195743,-0.0,-0.0,-0.0,0,1,57.57310896234736,5.689999999999998,14.25534151470159
Ставропольский край,2021-06-01,13.18767368798581,-0.7676306960714552,-0.0,-0.0,-0.0,0,0,58.23405461223049,6.370000000000005,13.60095743230224
Ставропольский край,2021-07-01,13.20335956030415,0.08560806359759354,0.0,0.0,0.0,0,0,59.03492821265282,7.019999999999996,14.04077803062349
Ставропольский край,2021-08-01,13.40305300948511,0.3090771946763784,0.0,0.0,0.0,1,1,59.65393046019738,6.769999999999996,13.84350088566181
Ставропольский край,2021-09-01,13.42875687815803,-0.6460537301930689,-0.0,-0.0,-0.0,0,0,60.51033809802389,7.659999999999997,13.74310243724803
Ставропольский край,2021-10-01,13.42274502828655,-0.6175372517280238,-0.0,-0.0,-0.0,0,0,61.15327518295188,8.219999999999999,13.78862609044827
Ставропольский край,2021-11-01,13.60258449979396,-0.12114037446266934,-0.0,-0.0,-0.0,1,0,61.5863236438197,9.090000000000003,13.72831244719685
Ставропольский край,2021-12-01,13.90622898428125,-0.26721650241728057,-0.0,-0.0,-0.0,0,0,61.86811785013403,9.079999999999998,13.57568709415208
Ставропольский край,2022-01-01,13.99453139628344,0.27464209751393653,0.0,0.0,0.0,0,0,62.02231776997148,9.0,13.55884675150966
Ставропольский край,2022-02-01,13.89301469888788,-0.3501956198858558,-0.0,-0.0,-0.0,0,0,61.66781795444115,9.39,13.00407250911986
Ставропольский край,2022-03-01,14.6344865703984,4.941478356719127,0.0,0.0,0.0,0,-1,62.39737197253127,9.769999999999996,13.42622252614626
Ставропольский край,2022-04-01,19.13932913600855,1.4923126339086181,0.0,0.0,0.0,-1,-1,61.61777626522306,16.06999999999999,14.32764666342224
Ставропольский край,2022-05-01,21.10072221073092,-1.244790623444267,-0.0,-0.0,-0.0,0,0,60.28946889752432,16.92,14.1908095697006
Ставропольский край,2022-06-01,21.12962076684332,-3.118179668249544,-0.0,-0.0,-0.0,0,0,59.51609023301481,15.72,14.28030080188904
Ставропольский край,2022-07-01,19.1247604677186,-0.386746413724417,-0.0,-0.0,-0.0,0,0,58.97367174545168,14.26000000000001,14.93086023017954
Ставропольский край,2022-08-01,17.10855720428881,-1.1110066252555733,-0.0,-0.0,-0.0,0,0,58.37774060031442,14.48999999999999,14.66150067958959
Ставропольский край,2022-09-01,17.27007123039892,1.7547062341946287,0.0,0.0,0.0,0,0,58.38103556253241,12.81,14.68283188983223
Ставропольский край,2022-10-01,17.32993556017868,1.2482715752793254,0.0,0.0,0.0,0,0,58.74945928899142,13.06999999999999,14.67440408220784
Ставропольский край,2022-11-01,16.7155593356213,0.32653909912163215,0.0,0.0,0.0,0,0,60.20887755254676,11.92,14.56174967472736
Ставропольский край,2022-12-01,17.05377684891072,0.14955653030453497,0.0,0.0,0.0,0,1,60.60718107724623,11.26000000000001,14.79738330240454
Ставропольский край,2023-01-01,17.96142631366357,0.13967960707903515,0.0,0.0,0.0,0,0,60.96826715630581,11.17,14.53771943801176
Ставропольский край,2023-02-01,17.10178703963057,-1.9472998218897306,-0.0,-0.0,-0.0,1,0,61.04958525067993,11.31999999999999,14.69170904278245
Ставропольский край,2023-03-01,16.67718384803736,-0.4649545463768856,-0.0,-0.0,-0.0,0,0,61.14080390186407,10.94,14.53352074352694
Ставропольский край,2023-04-01,16.5519741246168,-0.5507806832459252,-0.0,-0.0,-0.0,0,0,61.66144158128485,5.069999999999993,14.35275387531365
Ставропольский край,2023-05-01,16.45444015445199,-0.46521849390664727,-0.0,-0.0,-0.0,0,0,62.62976122969825,4.140000000000001,14.19410987048753
Ставропольский край,2023-06-01,16.8452840627804,-0.5347109788556779,-0.0,-0.0,-0.0,0,1,63.08887849122473,4.379999999999995,13.56890012995072
Ставропольский край,2023-07-01,16.74075341476096,-0.5497632155639387,-0.0,-0.0,-0.0,0,1,63.93628151789596,5.640000000000001,13.59744473037981
Ставропольский край,2023-08-01,16.32774398564476,0.2078297309388475,0.0,0.0,0.0,1,0,63.7835027839319,6.099999999999994,13.3235212046485
Ставропольский край,2023-09-01,17.01434828064785,2.7050587479091437,0.0,0.0,0.0,0,1,65.20408057183722,7.200000000000003,13.19783432385539
Ставропольский край,2023-10-01,18.90094657549429,0.8633696772512707,0.0,0.0,0.0,1,0,66.86598520006812,7.140000000000001,13.11152761685774
Ставропольский край,2023-11-01,19.21029170144892,1.714265038508227,0.0,0.0,0.0,1,0,67.23709685045188,8.200000000000003,12.91651058872184
Ставропольский край,2023-12-01,20.44572130476545,-1.5282051620880424,-0.0,-0.0,-0.0,0,1,67.90197809823844,8.790000000000006,12.95415669850659
Ставропольский край,2024-01-01,20.75654409501153,0.6818813931607863,0.0,0.0,0.0,0,0,67.35566553138693,8.459999999999994,13.02883187002612
Ставропольский край,2024-02-01,22.6949396633509,-1.5559611222700127,-0.0,-0.0,-0.0,1,0,66.71072728279049,8.299999999999997,13.1000473356511
Ставропольский край,2024-03-01,23.36053441224283,-0.03662363343873665,-0.0,-0.0,-0.0,0,0,66.69327896428007,7.700000000000003,12.98847798353852
Ставропольский край,2024-04-01,22.62651999780746,-0.07535756412256944,-0.0,-0.0,-0.0,0,0,66.86484472330581,7.980000000000004,12.89488604484368
Ставропольский край,2024-05-01,22.57626596644079,-1.8174537430626252,-0.0,-0.0,-0.0,0,1,64.81283836187222,7.75,12.89642105278143
Ставропольский край,2024-06-01,22.95351133538823,-0.4392507252018447,-0.0,-0.0,-0.0,0,1,64.82206875470294,8.530000000000001,12.5133929948418
Ставропольский край,2024-07-01,24.05753986477999,-0.5869739684411108,-0.0,-0.0,-0.0,0,1,65.46208131678499,7.930000000000007,12.62125690080207
Ставропольский край,2024-08-01,23.88321943707095,1.4105522767729113,0.0,0.0,0.0,1,0,64.95732933951072,9.090000000000003,11.64016198188622
Ставропольский край,2024-09-01,25.37447180095243,-1.9115218364399809,-0.0,-0.0,-0.0,0,1,64.72982877942601,9.769999999999996,11.61112117581143
Ставропольский край,2024-10-01,25.11731546193796,0.667769408390896,0.0,0.0,0.0,1,0,64.01241965292441,9.519999999999996,11.60254019558685
Ставропольский край,2024-11-01,25.90992315285697,2.039278586154861,0.0,0.0,0.0,1,0,63.10885437570185,9.159999999999997,11.44009836904271
Ставропольский край,2024-12-01,26.78859617970908,0.34090421830265427,0.0,0.0,0.0,1,-1,60.74510907909259,9.239999999999995,11.58540234655652
Ставропольский край,2025-01-01,27.16090786919103,0.24822008087726388,0.0,0.0,0.0,-1,0,58.76402714352609,10.19,12.27993781583215
Ставропольский край,2025-02-01,28.66974296982499,0.31653560056003016,0.0,0.0,0.0,0,-1,58.58434952965224,10.98,12.28324707170474
Ставропольский край,2025-03-01,30.33775645146649,0.41369500741819465,0.0,0.0,0.0,-1,0,57.65010039654976,11.8,12.59772494780762
Ставропольский край,2025-04-01,29.81246449571078,0.5812476727093596,0.0,0.0,0.0,1,0,57.1713594014265,11.76000000000001,12.8768011650786
Ставропольский край,2025-05-01,27.99747036137238,0.3820181297639742,0.0,0.0,0.0,0,1,55.84591150281153,11.56,12.82213756287957
Ставропольский край,2025-06-01,27.87394620134219,0.6128194128495359,0.0,0.0,0.0,0,0,55.74383398395746,10.97,12.89246009280708
Ставропольский край,2025-07-01,27.06004845548938,-0.2977272507310609,-0.0,-0.0,-0.0,0,0,55.2517110716152,11.14,13.30988980920976
Ставропольский край,2025-08-01,26.22706238921157,-1.399483474742535,-0.0,-0.0,-0.0,1,0,54.35370824562252,9.719999999999999,12.41847414685898
Ставропольский край,2025-09-01,24.86619214458363,0.2588989388809786,0.0,0.0,0.0,0,0,54.36952925030774,7.739999999999995,12.44190402323241
Ставропольский край,2025-10-01,23.81497533346032,-0.43597080805563593,-0.0,-0.0,-0.0,-1,0,54.28357514561941,7.980000000000004,12.46715635250517
Ставропольский край,2025-11-01,24.09585160341191,-0.19410526130430839,-0.0,-0.0,-0.0,1,1,54.29407409558094,7.310000000000002,12.36553153847093
Ставропольский край,2025-12-01,24.48035494283978,0.2813157398373711,0.0,0.0,0.0,0,0,54.29458842584098,6.709999999999994,12.661206967296
Тамбовская область,2019-03-01,15.37564149207186,0.7128714995200838,0.0,0.0,0.0,0,0,56.34587467194487,6.069999999999993,13.69018200248456
Тамбовская область,2019-04-01,15.29987711476988,0.6911493920479934,0.0,0.0,0.0,0,0,56.94505031592988,6.439999999999998,13.77026804338566
Тамбовская область,2019-05-01,15.28853236730582,0.45783100689424217,0.0,0.0,0.0,1,0,54.77524743448764,6.030000000000001,13.64030127176738
Тамбовская область,2019-06-01,15.40913965083023,0.5041451542673663,0.0,0.0,0.0,0,0,55.42529320970394,6.129999999999995,13.60689149865511
Тамбовская область,2019-07-01,15.28402173868895,0.14629311794748645,0.0,0.0,0.0,0,1,55.9677454112003,5.75,13.36606331907573
Тамбовская область,2019-08-01,15.19404716011614,0.061654111534494405,0.0,0.0,0.0,0,0,57.76198938896068,5.909999999999997,13.62682165165938
Тамбовская область,2019-09-01,14.96600414975078,0.2864871600654304,0.0,0.0,0.0,0,0,58.35847909723471,5.829999999999998,13.71026298005253
Тамбовская область,2019-10-01,14.73276922931913,0.199118629193201,0.0,0.0,0.0,0,0,58.66821051901209,5.340000000000003,13.89643047617324
Тамбовская область,2019-11-01,15.10280326911003,-0.3451712223245451,-0.0,-0.0,-0.0,1,0,58.48291262973703,5.150000000000006,13.78727386869413
Тамбовская область,2019-12-01,14.65035650368425,-0.11071296164861266,-0.0,-0.0,-0.0,0,0,58.73933198009841,4.599999999999994,13.8040884577901
Тамбовская область,2020-01-01,14.43919647630371,0.4934187707708695,0.0,0.0,0.0,0,0,58.50483374456507,4.030000000000001,13.70813400029602
Тамбовская область,2020-02-01,14.61155572884143,0.717717316165718,0.0,0.0,0.0,0,0,57.85251191122233,3.120000000000005,13.65379734908262
Тамбовская область,2020-03-01,14.66991901744939,0.5448138582658153,0.0,0.0,0.0,0,0,58.0036747744319,2.909999999999997,13.76126034984739
Тамбовская область,2020-04-01,14.38483433207864,0.24910450663146122,0.0,0.0,0.0,0,-1,58.43992421639146,3.069999999999993,13.48761948593932
Тамбовская область,2020-05-01,14.09507793512527,0.12930980432325967,0.0,0.0,0.0,-1,0,59.27239445269917,4.170000000000002,14.3478865400221
Тамбовская область,2020-06-01,14.15873010616503,0.4216232562547013,0.0,0.0,0.0,0,0,58.95858026953432,3.650000000000006,14.31507896554341
Тамбовская область,2020-07-01,14.09906417839897,-1.5016319110366503,-0.0,-0.0,-0.0,0,0,59.17275187996716,3.959999999999994,14.47735408193996
Тамбовская область,2020-08-01,13.81276588602156,-0.8645661305373835,-0.0,-0.0,-0.0,0,0,58.87755582739796,3.969999999999999,14.42300733554137
Тамбовская область,2020-09-01,13.74620600244757,-0.7937016241842549,-0.0,-0.0,-0.0,0,-1,59.5655815719623,3.719999999999999,14.28016414250477
Тамбовская область,2020-10-01,13.63528082747725,-1.2364929674992595,-0.0,-0.0,-0.0,-1,0,60.11737194591296,4.010000000000005,14.51978010032588
Тамбовская область,2020-11-01,13.33235636370629,-1.3589786818048175,-0.0,-0.0,-0.0,0,0,59.79766027190578,4.290000000000006,13.89971724079424
Тамбовская область,2020-12-01,13.60663035452182,-1.7089361724181273,-0.0,-0.0,-0.0,0,0,59.98750469532175,4.939999999999998,14.08121310127917
Тамбовская область,2021-01-01,13.49198854955882,3.0895976215913166,0.0,0.0,0.0,0,0,60.19392419643538,5.680000000000007,14.11045656100947
Тамбовская область,2021-02-01,13.4326838625453,-0.05176615786507455,-0.0,-0.0,-0.0,0,0,60.71717476689827,6.370000000000005,14.11461743747487
Тамбовская область,2021-03-01,13.19006067151453,-0.6104025253424652,-0.0,-0.0,-0.0,0,0,61.1912150466159,7.159999999999997,14.08334310533173
Тамбовская область,2021-04-01,13.16579935230813,-0.5967440618905293,-0.0,-0.0,-0.0,0,0,61.79391684328397,7.209999999999994,14.17659028154775
Тамбовская область,2021-05-01,12.82561202907504,-0.241937869195743,-0.0,-0.0,-0.0,0,1,62.30315283904193,6.370000000000005,14.30324200554296
Тамбовская область,2021-06-01,13.27490748606103,-0.7676306960714552,-0.0,-0.0,-0.0,0,0,62.9019563475596,6.780000000000001,13.66449601078422
Тамбовская область,2021-07-01,13.30030078971716,0.08560806359759354,0.0,0.0,0.0,0,0,63.49505046625043,7.219999999999999,14.08132142452363
Тамбовская область,2021-08-01,13.32438682955963,0.3090771946763784,0.0,0.0,0.0,1,1,64.31387210662226,7.519999999999996,13.89555954681639
Тамбовская область,2021-09-01,13.46553397438397,-0.6460537301930689,-0.0,-0.0,-0.0,0,0,65.18636266043225,7.790000000000006,13.80046095574236
Тамбовская область,2021-10-01,13.37017774849547,-0.6175372517280238,-0.0,-0.0,-0.0,0,0,65.590140073917,8.829999999999998,13.87997633445915
Тамбовская область,2021-11-01,13.62979806199778,-0.12114037446266934,-0.0,-0.0,-0.0,1,0,67.65466942744806,9.819999999999993,13.80863216253802
Тамбовская область,2021-12-01,13.85808551296868,-0.26721650241728057,-0.0,-0.0,-0.0,0,0,67.71898265358101,10.37,13.64123733419475
Тамбовская область,2022-01-01,14.15295582857441,0.27464209751393653,0.0,0.0,0.0,0,0,66.73060908836646,9.900000000000006,13.61028380217932
Тамбовская область,2022-02-01,14.35173653649614,-0.3501956198858558,-0.0,-0.0,-0.0,0,0,66.35395535697235,10.16,13.05012349382185
Тамбовская область,2022-03-01,14.38750116839724,4.941478356719127,0.0,0.0,0.0,0,-1,66.64634226871404,10.33,13.37057372264914
Тамбовская область,2022-04-01,19.13367821128393,1.4923126339086181,0.0,0.0,0.0,-1,-1,65.79562713159187,16.95999999999999,14.30554542356708
Тамбовская область,2022-05-01,20.7021541182518,-1.244790623444267,-0.0,-0.0,-0.0,0,0,62.78226524699662,18.31,14.16608715486142
Тамбовская область,2022-06-01,20.36069196279336,-3.118179668249544,-0.0,-0.0,-0.0,0,0,61.91995147382452,18.56,14.27802975296883
Тамбовская область,2022-07-01,19.41464654839374,-0.386746413724417,-0.0,-0.0,-0.0,0,0,61.08730054203079,17.97,14.88820631368067
Тамбовская область,2022-08-01,17.17719508975148,-1.1110066252555733,-0.0,-0.0,-0.0,0,0,60.92487517269589,16.63,14.62432277764184
Тамбовская область,2022-09-01,17.59147548410098,1.7547062341946287,0.0,0.0,0.0,0,0,60.48607837741014,16.02,14.64179166524971
Тамбовская область,2022-10-01,16.84173960305695,1.2482715752793254,0.0,0.0,0.0,0,0,60.59845871049385,14.59999999999999,14.61294340848632
Тамбовская область,2022-11-01,16.71693218410093,0.32653909912163215,0.0,0.0,0.0,0,0,59.81347513289923,13.08,14.48465998461298
Тамбовская область,2022-12-01,17.6116914900167,0.14955653030453497,0.0,0.0,0.0,0,1,59.70558554563884,11.84,14.74359165124789
Тамбовская область,2023-01-01,17.6201071548965,0.13967960707903515,0.0,0.0,0.0,0,0,59.70522267024253,12.91,14.49903679828798
Тамбовская область,2023-02-01,16.95239291025606,-1.9472998218897306,-0.0,-0.0,-0.0,1,0,62.49753834977228,12.72,14.64199437941348
Тамбовская область,2023-03-01,16.77685988239666,-0.4649545463768856,-0.0,-0.0,-0.0,0,0,61.98066266622956,11.84,14.48852975055947
Тамбовская область,2023-04-01,16.62194363155213,-0.5507806832459252,-0.0,-0.0,-0.0,0,0,62.24183104644541,5.079999999999998,14.26897491530618
Тамбовская область,2023-05-01,16.7870364606803,-0.46521849390664727,-0.0,-0.0,-0.0,0,0,63.0911920097185,4.120000000000005,14.15012486908607
Тамбовская область,2023-06-01,16.91533502902767,-0.5347109788556779,-0.0,-0.0,-0.0,0,1,63.18024102150558,3.120000000000005,13.47438630408706
Тамбовская область,2023-07-01,16.89235694732025,-0.5497632155639387,-0.0,-0.0,-0.0,0,1,63.63270963985283,3.290000000000006,13.48969915534551
Тамбовская область,2023-08-01,16.16594684372049,0.2078297309388475,0.0,0.0,0.0,1,0,60.88663598694642,4.170000000000002,13.19989130124907
Тамбовская область,2023-09-01,16.95646480063987,2.7050587479091437,0.0,0.0,0.0,0,1,61.90367110627628,4.489999999999995,13.0824399332615
Тамбовская область,2023-10-01,18.80537891595559,0.8633696772512707,0.0,0.0,0.0,1,0,62.62015498536832,5.780000000000001,12.98209657044346
Тамбовская область,2023-11-01,19.37720428324797,1.714265038508227,0.0,0.0,0.0,1,0,64.88200800356823,6.530000000000001,12.7571982466745
Тамбовская область,2023-12-01,19.85453077428066,-1.5282051620880424,-0.0,-0.0,-0.0,0,1,64.81188182827489,7.629999999999995,12.79642302657205
Тамбовская область,2024-01-01,20.87418756636968,0.6818813931607863,0.0,0.0,0.0,0,0,63.49290043849192,6.5,12.87792823627312
Тамбовская область,2024-02-01,22.52458631487557,-1.5559611222700127,-0.0,-0.0,-0.0,1,0,66.63480127910375,6.469999999999999,12.95241402531479
Тамбовская область,2024-03-01,23.71354048694549,-0.03662363343873665,-0.0,-0.0,-0.0,0,0,66.10283309862766,6.680000000000007,12.85526267101713
Тамбовская область,2024-04-01,22.75668222295257,-0.07535756412256944,-0.0,-0.0,-0.0,0,0,66.11129944671936,6.569999999999993,12.76908684415464
Тамбовская область,2024-05-01,22.62396617538921,-1.8174537430626252,-0.0,-0.0,-0.0,0,1,64.75940058167969,6.719999999999999,12.7674753295381
Тамбовская область,2024-06-01,22.49671535457371,-0.4392507252018447,-0.0,-0.0,-0.0,0,1,64.8636407875633,7.349999999999994,12.39408606932527
Тамбовская область,2024-07-01,23.73173126204332,-0.5869739684411108,-0.0,-0.0,-0.0,0,1,65.05962185487454,7.620000000000005,12.48975138287462
Тамбовская область,2024-08-01,23.60126093177682,1.4105522767729113,0.0,0.0,0.0,1,0,61.42034904989975,9.0,11.51616691057714
Тамбовская область,2024-09-01,24.94079419213768,-1.9115218364399809,-0.0,-0.0,-0.0,0,1,61.01535400225811,9.170000000000002,11.47651703756469
Тамбовская область,2024-10-01,25.02391281585265,0.667769408390896,0.0,0.0,0.0,1,0,59.97093645020568,9.120000000000005,11.46303128515579
Тамбовская область,2024-11-01,26.60021322175303,2.039278586154861,0.0,0.0,0.0,1,0,59.76525627724097,9.430000000000007,11.29505097732455
Тамбовская область,2024-12-01,26.7439106572327,0.34090421830265427,0.0,0.0,0.0,1,-1,56.00885130630169,9.799999999999997,11.45306994140517
Тамбовская область,2025-01-01,27.84759487757281,0.24822008087726388,0.0,0.0,0.0,-1,0,54.21089750706292,10.8,12.15207221875296
Тамбовская область,2025-02-01,28.81302321186061,0.31653560056003016,0.0,0.0,0.0,0,-1,53.28827925751292,11.17,12.12736680427292
Тамбовская область,2025-03-01,30.63992320337971,0.41369500741819465,0.0,0.0,0.0,-1,0,52.33639109579536,11.40000000000001,12.4330189006098
Тамбовская область,2025-04-01,30.76030525323203,0.5812476727093596,0.0,0.0,0.0,1,0,51.74831529819518,11.59,12.72324677864088
Тамбовская область,2025-05-01,28.29387903017541,0.3820181297639742,0.0,0.0,0.0,0,1,50.61588130663672,11.41,12.64956700737993
Тамбовская область,2025-06-01,28.06017523876117,0.6128194128495359,0.0,0.0,0.0,0,0,50.12318979251923,11.41,12.69843824020784
Тамбовская область,2025-07-01,27.47253508254782,-0.2977272507310609,-0.0,-0.0,-0.0,0,0,49.4651135233311,11.0,13.12785730173925
Тамбовская область,2025-08-01,26.38111470230069,-1.399483474742535,-0.0,-0.0,-0.0,1,0,48.49410807871335,9.439999999999998,12.26497122254552
Тамбовская область,2025-09-01,25.50966477213172,0.2588989388809786,0.0,0.0,0.0,0,0,48.44652047265284,9.650000000000006,12.29022219058754
Тамбовская область,2025-10-01,23.7445466903523,-0.43597080805563593,-0.0,-0.0,-0.0,-1,0,48.16858423330667,10.06999999999999,12.35456166310346
Тамбовская область,2025-11-01,25.16795794707492,-0.19410526130430839,-0.0,-0.0,-0.0,1,1,47.87067350338892,9.11,12.25228738879956
Тамбовская область,2025-12-01,25.45932924075999,0.2813157398373711,0.0,0.0,0.0,0,0,47.38746998940606,7.450000000000003,12.53619363851291
Тверская область,2019-03-01,15.06435171302848,0.7128714995200838,0.0,0.0,0.0,0,0,54.08148641079386,5.230000000000004,13.81454968886314
Тверская область,2019-04-01,14.9224837469436,0.6911493920479934,0.0,0.0,0.0,0,0,54.68881753407954,5.329999999999998,13.8317411483889
Тверская область,2019-05-01,14.98495162007464,0.45783100689424217,0.0,0.0,0.0,1,0,55.16226590827474,5.280000000000001,13.74007440393896
Тверская область,2019-06-01,15.15368127822913,0.5041451542673663,0.0,0.0,0.0,0,0,55.69163164989705,5.060000000000002,13.70432307558346
Тверская область,2019-07-01,14.96079415582979,0.14629311794748645,0.0,0.0,0.0,0,1,56.11301002303257,3.950000000000003,13.44164426712116
Тверская область,2019-08-01,14.92535199715823,0.061654111534494405,0.0,0.0,0.0,0,0,55.55595845857025,3.560000000000002,13.70146820142308
Тверская область,2019-09-01,14.72975833935279,0.2864871600654304,0.0,0.0,0.0,0,0,56.08470242328861,2.670000000000002,13.89179748057994
Тверская область,2019-10-01,14.52324698244657,0.199118629193201,0.0,0.0,0.0,0,0,56.51602854080513,3.170000000000002,14.04731274641767
Тверская область,2019-11-01,14.83616161025923,-0.3451712223245451,-0.0,-0.0,-0.0,1,0,59.60418348338303,2.980000000000004,13.92940790425818
Тверская область,2019-12-01,14.55788026128962,-0.11071296164861266,-0.0,-0.0,-0.0,0,0,60.03063897609767,2.799999999999997,13.91523189513927
Тверская область,2020-01-01,14.25826105753615,0.4934187707708695,0.0,0.0,0.0,0,0,60.16564076682432,2.140000000000001,13.78931808024866
Тверская область,2020-02-01,14.36278679854219,0.717717316165718,0.0,0.0,0.0,0,0,60.65836754767755,1.480000000000004,13.69538216193257
Тверская область,2020-03-01,14.29211514406359,0.5448138582658153,0.0,0.0,0.0,0,0,60.97238690263278,1.560000000000002,13.82474511578357
Тверская область,2020-04-01,13.93614793843106,0.24910450663146122,0.0,0.0,0.0,0,-1,61.38149608689859,1.969999999999999,13.59974558579232
Тверская область,2020-05-01,13.86205609936827,0.12930980432325967,0.0,0.0,0.0,-1,0,60.64527825848566,2.780000000000001,14.47178873815583
Тверская область,2020-06-01,13.87362997393741,0.4216232562547013,0.0,0.0,0.0,0,0,60.342500516579,2.890000000000001,14.45573916167655
Тверская область,2020-07-01,13.64636567372302,-1.5016319110366503,-0.0,-0.0,-0.0,0,0,60.51147693545084,4.079999999999998,14.62462075395648
Тверская область,2020-08-01,13.2627411562168,-0.8645661305373835,-0.0,-0.0,-0.0,0,0,60.23714985174685,4.180000000000007,14.56123863791525
Тверская область,2020-09-01,13.37151772461579,-0.7937016241842549,-0.0,-0.0,-0.0,0,-1,61.40205752467095,4.560000000000002,14.43419441850153
Тверская область,2020-10-01,13.35903038293126,-1.2364929674992595,-0.0,-0.0,-0.0,-1,0,62.53630394839163,4.120000000000005,14.64820858869498
Тверская область,2020-11-01,12.96077913339304,-1.3589786818048175,-0.0,-0.0,-0.0,0,0,64.58201303198578,4.5,14.02448407116021
Тверская область,2020-12-01,12.92962743871037,-1.7089361724181273,-0.0,-0.0,-0.0,0,0,64.86071865554273,4.890000000000001,14.17356486636642
Тверская область,2021-01-01,12.86592506664913,3.0895976215913166,0.0,0.0,0.0,0,0,64.84799974807275,5.170000000000002,14.15902009887207
Тверская область,2021-02-01,12.79504795986217,-0.05176615786507455,-0.0,-0.0,-0.0,0,0,66.37230715867071,5.75,14.1800439838105
Тверская область,2021-03-01,12.7188409656318,-0.6104025253424652,-0.0,-0.0,-0.0,0,0,66.85251957322072,5.980000000000004,14.12483954572425
Тверская область,2021-04-01,12.60547467601353,-0.5967440618905293,-0.0,-0.0,-0.0,0,0,67.52776185726736,6.030000000000001,14.20134379386627
Тверская область,2021-05-01,12.49509145477869,-0.241937869195743,-0.0,-0.0,-0.0,0,1,67.73334959158419,5.459999999999994,14.38030437837152
Тверская область,2021-06-01,12.83990764609281,-0.7676306960714552,-0.0,-0.0,-0.0,0,0,68.14569460888717,6.269999999999996,13.75809396042775
Тверская область,2021-07-01,12.85618673242902,0.08560806359759354,0.0,0.0,0.0,0,0,68.84765515189224,6.909999999999997,14.16337059012108
Тверская область,2021-08-01,12.88649848512439,0.3090771946763784,0.0,0.0,0.0,1,1,68.0346258693524,6.890000000000001,14.02804186972882
Тверская область,2021-09-01,12.96783442068457,-0.6460537301930689,-0.0,-0.0,-0.0,0,0,68.26929870228648,7.299999999999997,13.93517925607819
Тверская область,2021-10-01,12.83956189647813,-0.6175372517280238,-0.0,-0.0,-0.0,0,0,68.30926886407774,8.14,13.97778890345677
Тверская область,2021-11-01,13.18265542749394,-0.12114037446266934,-0.0,-0.0,-0.0,1,0,71.04152963428939,9.299999999999997,13.929070057697
Тверская область,2021-12-01,13.38387694908376,-0.26721650241728057,-0.0,-0.0,-0.0,0,0,70.53505670695976,9.370000000000005,13.77276263587663
Тверская область,2022-01-01,13.55443576738524,0.27464209751393653,0.0,0.0,0.0,0,0,70.34901366025437,9.120000000000005,13.74233017098187
Тверская область,2022-02-01,13.76364113116736,-0.3501956198858558,-0.0,-0.0,-0.0,0,0,70.52082003338727,9.760000000000005,13.18470601521273
Тверская область,2022-03-01,14.1202493711134,4.941478356719127,0.0,0.0,0.0,0,-1,71.07115539863086,10.51000000000001,13.51371847085444
Тверская область,2022-04-01,19.38535253692212,1.4923126339086181,0.0,0.0,0.0,-1,-1,69.86786072989985,18.83,14.41213847480209
Тверская область,2022-05-01,21.85785442362912,-1.244790623444267,-0.0,-0.0,-0.0,0,0,67.93784927858599,19.81,14.24881909712272
Тверская область,2022-06-01,19.73204843311377,-3.118179668249544,-0.0,-0.0,-0.0,0,0,66.9324500416369,19.01000000000001,14.36801527561117
Тверская область,2022-07-01,18.21587854183136,-0.386746413724417,-0.0,-0.0,-0.0,0,0,66.32700020112033,16.51000000000001,15.02542441403193
Тверская область,2022-08-01,16.86969635916677,-1.1110066252555733,-0.0,-0.0,-0.0,0,0,66.34343266295994,15.90000000000001,14.76464609718026
Тверская область,2022-09-01,18.08140638182199,1.7547062341946287,0.0,0.0,0.0,0,0,66.13282227722495,15.33,14.80384083276548
Тверская область,2022-10-01,16.81205760412172,1.2482715752793254,0.0,0.0,0.0,0,0,66.75064151938712,14.25,14.78150813177093
Тверская область,2022-11-01,16.36360201264983,0.32653909912163215,0.0,0.0,0.0,0,0,66.36821776117384,12.47,14.67057429535837
Тверская область,2022-12-01,16.41115926632087,0.14955653030453497,0.0,0.0,0.0,0,1,66.35557153281498,12.29000000000001,14.92160547222077
Тверская область,2023-01-01,17.36793050569445,0.13967960707903515,0.0,0.0,0.0,0,0,66.63753337042202,12.28,14.63750693800211
Тверская область,2023-02-01,16.8879130417513,-1.9472998218897306,-0.0,-0.0,-0.0,1,0,67.46464389401092,11.73999999999999,14.80299442460578
Тверская область,2023-03-01,16.3145866362684,-0.4649545463768856,-0.0,-0.0,-0.0,0,0,67.17812526483944,10.89,14.65172563407506
Тверская область,2023-04-01,16.16719593246784,-0.5507806832459252,-0.0,-0.0,-0.0,0,0,67.5680916143169,2.629999999999995,14.46841212310003
Тверская область,2023-05-01,16.06891083176168,-0.46521849390664727,-0.0,-0.0,-0.0,0,0,67.24043524675248,1.310000000000002,14.35111169908829
Тверская область,2023-06-01,16.2775223759953,-0.5347109788556779,-0.0,-0.0,-0.0,0,1,67.5801229369066,1.019999999999996,13.67457770527946
Тверская область,2023-07-01,15.92805862285954,-0.5497632155639387,-0.0,-0.0,-0.0,0,1,67.95316035243816,2.030000000000001,13.6866918770908
Тверская область,2023-08-01,15.90646637656797,0.2078297309388475,0.0,0.0,0.0,1,0,67.27490418065604,2.859999999999999,13.41512578330187
Тверская область,2023-09-01,16.61386369386151,2.7050587479091437,0.0,0.0,0.0,0,1,68.34099493540387,3.900000000000006,13.34972747496032
Тверская область,2023-10-01,18.23039663396171,0.8633696772512707,0.0,0.0,0.0,1,0,69.33871790301052,5.280000000000001,13.24189713479187
Тверская область,2023-11-01,18.98353696807075,1.714265038508227,0.0,0.0,0.0,1,0,70.85473872178625,6.25,13.00620185917889
Тверская область,2023-12-01,19.6578713909195,-1.5282051620880424,-0.0,-0.0,-0.0,0,1,70.54563674505859,6.510000000000005,13.03912513076874
Тверская область,2024-01-01,21.46246606753088,0.6818813931607863,0.0,0.0,0.0,0,0,69.0518996003036,6.590000000000003,13.04748772087464
Тверская область,2024-02-01,22.89760448636855,-1.5559611222700127,-0.0,-0.0,-0.0,1,0,67.99425981073962,6.349999999999994,13.13102892510392
Тверская область,2024-03-01,24.23245014864152,-0.03662363343873665,-0.0,-0.0,-0.0,0,0,67.16476513447395,6.310000000000002,13.01852979640916
Тверская область,2024-04-01,23.36076206298571,-0.07535756412256944,-0.0,-0.0,-0.0,0,0,67.2710947787317,6.140000000000001,12.93784980282809
Тверская область,2024-05-01,22.73595468692229,-1.8174537430626252,-0.0,-0.0,-0.0,0,1,64.9786412913266,6.640000000000001,12.92860848572861
Тверская область,2024-06-01,22.53108269817289,-0.4392507252018447,-0.0,-0.0,-0.0,0,1,64.95296251170082,7.390000000000001,12.52739977216891
Тверская область,2024-07-01,23.4202604573876,-0.5869739684411108,-0.0,-0.0,-0.0,0,1,65.25836404824165,8.030000000000001,12.61890232721344
Тверская область,2024-08-01,23.52816109145755,1.4105522767729113,0.0,0.0,0.0,1,0,64.15275734322591,8.650000000000006,11.63380982338365
Тверская область,2024-09-01,25.45807546922666,-1.9115218364399809,-0.0,-0.0,-0.0,0,1,63.605978264274,8.590000000000003,11.60685276667609
Тверская область,2024-10-01,25.85704556864505,0.667769408390896,0.0,0.0,0.0,1,0,62.76753002401151,7.790000000000006,11.60304972562048
Тверская область,2024-11-01,26.49064658604579,2.039278586154861,0.0,0.0,0.0,1,0,62.47542258907801,7.959999999999994,11.42586013487996
Тверская область,2024-12-01,27.69201816952725,0.34090421830265427,0.0,0.0,0.0,1,-1,59.54558461341512,8.700000000000003,11.58469737834712
Тверская область,2025-01-01,28.14425497698036,0.24822008087726388,0.0,0.0,0.0,-1,0,57.66716871129763,9.349999999999994,12.27817837674392
Тверская область,2025-02-01,29.77120335289857,0.31653560056003016,0.0,0.0,0.0,0,-1,57.26854901384306,10.06,12.2670379709014
Тверская область,2025-03-01,29.70424641727156,0.41369500741819465,0.0,0.0,0.0,-1,0,56.3004388208581,10.81,12.5740817966162
Тверская область,2025-04-01,30.38352302515099,0.5812476727093596,0.0,0.0,0.0,1,0,55.5677326157043,11.41,12.84358313099767
Тверская область,2025-05-01,28.48436778491047,0.3820181297639742,0.0,0.0,0.0,0,1,54.0408544924725,11.45,12.78643990384884
Тверская область,2025-06-01,28.85010654384934,0.6128194128495359,0.0,0.0,0.0,0,0,53.68000882711426,10.63,12.85427145025834
Тверская область,2025-07-01,27.38677685306155,-0.2977272507310609,-0.0,-0.0,-0.0,0,0,52.97373030508332,10.11,13.29311263525195
Тверская область,2025-08-01,26.23754752754164,-1.399483474742535,-0.0,-0.0,-0.0,1,0,52.05374231844259,9.680000000000007,12.40950118726556
Тверская область,2025-09-01,25.39004917233889,0.2588989388809786,0.0,0.0,0.0,0,0,52.17518041441431,9.090000000000003,12.43756680984714
Тверская область,2025-10-01,23.54630051369569,-0.43597080805563593,-0.0,-0.0,-0.0,-1,0,51.9798484338424,9.019999999999996,12.48042467486879
Тверская область,2025-11-01,23.75163753209165,-0.19410526130430839,-0.0,-0.0,-0.0,1,1,51.79629194255276,8.510000000000005,12.37594173207501
Тверская область,2025-12-01,24.80776519229481,0.2813157398373711,0.0,0.0,0.0,0,0,51.4737395950384,7.409999999999997,12.66810214185744
Томская область,2019-03-01,14.82263902041675,0.7128714995200838,0.7128714995200838,0.0,0.0,0,0,54.31517268671756,5.890000000000001,13.63272554124612
Томская область,2019-04-01,14.9116548018925,0.6911493920479934,0.6911493920479934,0.0,0.0,0,0,54.10009297083601,6.230000000000004,13.66922957088205
Томская область,2019-05-01,14.77941191953742,0.45783100689424217,0.45783100689424217,0.0,0.0,1,0,53.00633296232945,5.75,13.51760828482165
Томская область,2019-06-01,14.88834902246034,0.5041451542673663,0.5041451542673663,0.0,0.0,0,0,52.30835458436778,5.840000000000003,13.43637860988236
Томская область,2019-07-01,14.61787070359639,0.14629311794748645,0.14629311794748645,0.0,0.0,0,1,51.69842329238404,5.329999999999998,13.23679678191004
Томская область,2019-08-01,14.59904797498977,0.061654111534494405,0.061654111534494405,0.0,0.0,0,0,51.14627300713575,4.930000000000007,13.3928066345926
Томская область,2019-09-01,14.47401626383703,0.2864871600654304,0.2864871600654304,0.0,0.0,0,0,51.25512544665657,4.629999999999995,13.44330282731096
Томская область,2019-10-01,14.24462896920927,0.199118629193201,0.199118629193201,0.0,0.0,0,0,51.26841575317361,4.650000000000006,13.59423861324631
Томская область,2019-11-01,14.51989545741341,-0.3451712223245451,-0.3451712223245451,-0.0,-0.0,1,0,52.1934178199899,4.590000000000003,13.4628079303459
Томская область,2019-12-01,14.07621709916889,-0.11071296164861266,-0.11071296164861266,-0.0,-0.0,0,0,52.16956425251896,4.450000000000003,13.47605665538361
Томская область,2020-01-01,13.88510321166783,0.4934187707708695,0.4934187707708695,0.0,0.0,0,0,51.32854838009644,3.840000000000003,13.40236558979373
Томская область,2020-02-01,14.15504559356244,0.717717316165718,0.717717316165718,0.0,0.0,0,0,51.2873735373426,3.150000000000006,13.52442066049602
Томская область,2020-03-01,13.99758199745032,0.5448138582658153,0.5448138582658153,0.0,0.0,0,0,51.32983218771834,3.060000000000002,13.6204369061503
Томская область,2020-04-01,13.48608702801641,0.24910450663146122,0.24910450663146122,0.0,0.0,0,-1,51.87926680453619,2.900000000000006,13.2888522505387
Томская область,2020-05-01,13.78906610925599,0.12930980432325967,0.12930980432325967,0.0,0.0,-1,0,51.12650030349894,3.810000000000002,13.96872478982388
Томская область,2020-06-01,13.73534826052357,0.4216232562547013,0.4216232562547013,0.0,0.0,0,0,51.24224365253517,3.629999999999995,13.92633301248046
Томская область,2020-07-01,13.39564627378926,-1.5016319110366503,-1.5016319110366503,-0.0,-0.0,0,0,51.36190990697003,3.650000000000006,14.05230889014779
Томская область,2020-08-01,13.09209364890317,-0.8645661305373835,-0.8645661305373835,-0.0,-0.0,0,0,51.07106000720722,3.719999999999999,14.02005758869184
Томская область,2020-09-01,12.91755537636751,-0.7937016241842549,-0.7937016241842549,-0.0,-0.0,0,-1,51.74461236588601,3.769999999999996,13.93473845040324
Томская область,2020-10-01,12.74939590527331,-1.2364929674992595,-1.2364929674992595,-0.0,-0.0,-1,0,52.21924692732847,4.019999999999996,14.09740378976956
Томская область,2020-11-01,12.57864784398669,-1.3589786818048175,-1.3589786818048175,-0.0,-0.0,0,0,53.10334039774843,3.930000000000007,13.59337380481682
Томская область,2020-12-01,12.53445605585501,-1.7089361724181273,-1.7089361724181273,-0.0,-0.0,0,0,53.0255193520583,3.840000000000003,13.758566076702
Томская область,2021-01-01,12.15097039246072,3.0895976215913166,3.0895976215913166,0.0,0.0,0,0,53.29697335373979,4.280000000000001,13.8408646929136
Томская область,2021-02-01,12.48734434176345,-0.05176615786507455,-0.05176615786507455,-0.0,-0.0,0,0,53.87431433624197,4.219999999999999,13.86158484227957
Томская область,2021-03-01,11.91760130759143,-0.6104025253424652,-0.6104025253424652,-0.0,-0.0,0,0,54.30491378443625,4.239999999999995,13.85541116160688
Томская область,2021-04-01,12.11203912510835,-0.5967440618905293,-0.5967440618905293,-0.0,-0.0,0,0,55.03580523715919,4.709999999999994,13.98034600517717
Томская область,2021-05-01,11.90211890314978,-0.241937869195743,-0.241937869195743,-0.0,-0.0,0,1,54.66798202834233,4.280000000000001,13.98656007406567
Томская область,2021-06-01,12.27896268743536,-0.7676306960714552,-0.7676306960714552,-0.0,-0.0,0,0,55.34836635626895,4.920000000000002,13.50634156190868
Томская область,2021-07-01,12.21559082066166,0.08560806359759354,0.08560806359759354,0.0,0.0,0,0,56.32152612317286,5.239999999999995,13.89537876366003
Томская область,2021-08-01,12.43756670395314,0.3090771946763784,0.3090771946763784,0.0,0.0,1,1,56.32422494191416,5.650000000000006,13.71729250309657
Томская область,2021-09-01,12.50289197401615,-0.6460537301930689,-0.6460537301930689,-0.0,-0.0,0,0,57.43522301212634,6.489999999999995,13.60726558377493
Томская область,2021-10-01,12.43052086349697,-0.6175372517280238,-0.6175372517280238,-0.0,-0.0,0,0,58.17722456903513,6.340000000000003,13.6332210894477
Томская область,2021-11-01,12.91761946849858,-0.12114037446266934,-0.12114037446266934,-0.0,-0.0,1,0,59.87544682837308,6.810000000000002,13.59431817508946
Томская область,2021-12-01,12.85171711996482,-0.26721650241728057,-0.26721650241728057,-0.0,-0.0,0,0,59.93586656435244,7.909999999999997,13.48015289260443
Томская область,2022-01-01,13.05632295244509,0.27464209751393653,0.27464209751393653,0.0,0.0,0,0,60.21807052110485,7.469999999999999,13.4483766125263
Томская область,2022-02-01,13.59820687895482,-0.3501956198858558,-0.3501956198858558,-0.0,-0.0,0,0,62.58397027989037,8.319999999999993,12.92112339240056
Томская область,2022-03-01,13.46528091213423,4.941478356719127,4.941478356719127,0.0,0.0,0,-1,63.21785043611232,8.629999999999995,13.3795972050139
Томская область,2022-04-01,18.05384247995458,1.4923126339086181,1.4923126339086181,0.0,0.0,-1,-1,62.32344549139156,17.22,14.14170613742793
Томская область,2022-05-01,19.66151570040922,-1.244790623444267,-1.244790623444267,-0.0,-0.0,0,0,60.1993929170452,19.33,13.92968509322199
Томская область,2022-06-01,19.25704742652185,-3.118179668249544,-3.118179668249544,-0.0,-0.0,0,0,59.79689737821495,17.62,13.99340938131185
Томская область,2022-07-01,18.05022615022409,-0.386746413724417,-0.386746413724417,-0.0,-0.0,0,0,59.73027099304936,16.51000000000001,14.58725221264527
Томская область,2022-08-01,16.16493545309379,-1.1110066252555733,-1.1110066252555733,-0.0,-0.0,0,0,59.26590868019657,15.53,14.34737697577428
Томская область,2022-09-01,15.70613170306307,1.7547062341946287,1.7547062341946287,0.0,0.0,0,0,59.23682739151903,14.09999999999999,14.34965971647
Томская область,2022-10-01,15.55409848694618,1.2482715752793254,1.2482715752793254,0.0,0.0,0,0,59.73984035152221,13.84,14.31146022173549
Томская область,2022-11-01,15.28526887690703,0.32653909912163215,0.32653909912163215,0.0,0.0,0,0,60.22408362190963,13.68000000000001,14.19282605411165
Томская область,2022-12-01,15.50148732044077,0.14955653030453497,0.14955653030453497,0.0,0.0,0,1,60.27306977246567,12.25,14.38060965651863
Томская область,2023-01-01,16.53713342642415,0.13967960707903515,0.13967960707903515,0.0,0.0,0,0,60.11641221598579,12.73999999999999,14.18615679522167
Томская область,2023-02-01,16.31142133438562,-1.9472998218897306,-1.9472998218897306,-0.0,-0.0,1,0,58.02342007219457,11.90000000000001,14.34356160041767
Томская область,2023-03-01,15.90379574812704,-0.4649545463768856,-0.4649545463768856,-0.0,-0.0,0,0,58.01214258469177,11.58,14.1767616620308
Томская область,2023-04-01,15.77149341796655,-0.5507806832459252,-0.5507806832459252,-0.0,-0.0,0,0,58.87570728679735,3.319999999999993,13.98480579531737
Томская область,2023-05-01,15.56516629825106,-0.46521849390664727,-0.46521849390664727,-0.0,-0.0,0,0,59.6882486592021,1.450000000000003,13.84851009285975
Томская область,2023-06-01,15.72454530392998,-0.5347109788556779,-0.5347109788556779,-0.0,-0.0,0,1,59.93081323737016,2.379999999999995,13.31403299289996
Томская область,2023-07-01,15.60526626209926,-0.5497632155639387,-0.5497632155639387,-0.0,-0.0,0,1,60.46774893930547,3.109999999999999,13.30247984760934
Томская область,2023-08-01,15.45195346017991,0.2078297309388475,0.2078297309388475,0.0,0.0,1,0,62.00878195525716,3.75,13.01308301716053
Томская область,2023-09-01,15.99485857021968,2.7050587479091437,2.7050587479091437,0.0,0.0,0,1,63.53608991157776,5.159999999999997,12.87726100442152
Томская область,2023-10-01,17.96156815598494,0.8633696772512707,0.8633696772512707,0.0,0.0,1,0,64.33766768347866,6.159999999999997,12.82631251627747
Томская область,2023-11-01,18.93733795724105,1.714265038508227,1.714265038508227,0.0,0.0,1,0,65.35046185273934,6.739999999999995,12.67766611241394
Томская область,2023-12-01,20.05524119499915,-1.5282051620880424,-1.5282051620880424,-0.0,-0.0,0,1,65.29317115029212,7.870000000000005,12.76723417586166
Томская область,2024-01-01,22.08134640523108,0.6818813931607863,0.6818813931607863,0.0,0.0,0,0,63.68070530105281,7.609999999999999,12.71852039913773
Томская область,2024-02-01,22.64531456550175,-1.5559611222700127,-1.5559611222700127,-0.0,-0.0,1,0,61.56322513954237,8.079999999999998,12.81239577423975
Томская область,2024-03-01,24.02675625135586,-0.03662363343873665,-0.03662363343873665,-0.0,-0.0,0,0,60.85019438765818,8.159999999999997,12.74149576325303
Томская область,2024-04-01,23.69005027265232,-0.07535756412256944,-0.07535756412256944,-0.0,-0.0,0,0,60.74261262942998,7.819999999999993,12.64980885460468
Томская область,2024-05-01,23.4125646829463,-1.8174537430626252,-1.8174537430626252,-0.0,-0.0,0,1,60.50826251780042,7.980000000000004,12.62798750831505
Томская область,2024-06-01,22.55336896241327,-0.4392507252018447,-0.4392507252018447,-0.0,-0.0,0,1,60.22111264582375,8.370000000000005,12.29165848854061
Томская область,2024-07-01,23.6404495669067,-0.5869739684411108,-0.5869739684411108,-0.0,-0.0,0,1,60.8147642058952,8.560000000000002,12.372540351741
Томская область,2024-08-01,23.72890603425091,1.4105522767729113,1.4105522767729113,0.0,0.0,1,0,59.79149394751996,9.64,11.49633528519476
Томская область,2024-09-01,24.9150849403664,-1.9115218364399809,-1.9115218364399809,-0.0,-0.0,0,1,59.63499642818185,9.019999999999996,11.46248716337479
Томская область,2024-10-01,27.19890683483947,0.667769408390896,0.667769408390896,0.0,0.0,1,0,59.06509803997891,8.799999999999997,11.46056301336815
Томская область,2024-11-01,26.57027658557247,2.039278586154861,2.039278586154861,0.0,0.0,1,0,58.92455888642638,8.090000000000003,11.28131449043691
Томская область,2024-12-01,28.36625614478134,0.34090421830265427,0.34090421830265427,0.0,0.0,1,-1,55.99205826440775,9.170000000000002,11.39424056796459
Томская область,2025-01-01,29.07086374849037,0.24822008087726388,0.24822008087726388,0.0,0.0,-1,0,53.74751099676202,9.400000000000006,11.93151886975394
Томская область,2025-02-01,30.51596450079656,0.31653560056003016,0.31653560056003016,0.0,0.0,0,-1,53.02748067632074,9.950000000000003,11.96110998846505
Томская область,2025-03-01,31.91773476744328,0.41369500741819465,0.41369500741819465,0.0,0.0,-1,0,52.16891110718129,10.40000000000001,12.23909243980146
Томская область,2025-04-01,31.43803921510331,0.5812476727093596,0.5812476727093596,0.0,0.0,1,0,51.7541165047301,10.93000000000001,12.5099941664218
Томская область,2025-05-01,29.58054322092277,0.3820181297639742,0.3820181297639742,0.0,0.0,0,1,50.70230548859238,10.73999999999999,12.4416215550147
Томская область,2025-06-01,29.80591654909047,0.6128194128495359,0.6128194128495359,0.0,0.0,0,0,50.32545956334818,10.23,12.55824843107963
Томская область,2025-07-01,28.82089190636759,-0.2977272507310609,-0.2977272507310609,-0.0,-0.0,0,0,49.7325249214425,9.829999999999998,13.00767028176037
Томская область,2025-08-01,28.11253982050562,-1.399483474742535,-1.399483474742535,-0.0,-0.0,1,0,49.24119746302069,8.689999999999998,12.18852268033117
Томская область,2025-09-01,27.84693571250039,0.2588989388809786,0.2588989388809786,0.0,0.0,0,0,49.36894454393941,8.269999999999996,12.24893864541726
Томская область,2025-10-01,25.67059207487628,-0.43597080805563593,-0.43597080805563593,-0.0,-0.0,-1,0,49.04982799265131,7.670000000000002,12.32221017191003
Томская область,2025-11-01,26.46582022127106,-0.19410526130430839,-0.19410526130430839,-0.0,-0.0,1,1,48.90506780935966,8.189999999999998,12.17916295771548
Томская область,2025-12-01,27.38494747172711,0.2813157398373711,0.2813157398373711,0.0,0.0,0,0,48.67272249387447,6.030000000000001,12.41585909330717
Тульская область,2019-03-01,14.55367445039051,0.7128714995200838,0.0,0.0,0.0,0,0,49.26794256801782,5.230000000000004,13.43439754289358
Тульская область,2019-04-01,14.57286339234972,0.6911493920479934,0.0,0.0,0.0,0,0,49.71015403977369,5.329999999999998,13.45557742997538
Тульская область,2019-05-01,14.61001789536957,0.45783100689424217,0.0,0.0,0.0,1,0,50.0896223585958,5.280000000000001,13.31942678940434
Тульская область,2019-06-01,14.73978115994879,0.5041451542673663,0.0,0.0,0.0,0,0,50.54179853443258,5.060000000000002,13.28490658024432
Тульская область,2019-07-01,14.65131316014115,0.14629311794748645,0.0,0.0,0.0,0,1,50.74358536834589,3.950000000000003,13.06348576641103
Тульская область,2019-08-01,14.52825777546934,0.061654111534494405,0.0,0.0,0.0,0,0,50.61613297293376,3.560000000000002,13.33173520402447
Тульская область,2019-09-01,14.29098970161657,0.2864871600654304,0.0,0.0,0.0,0,0,51.09846409441226,2.670000000000002,13.50415153173153
Тульская область,2019-10-01,14.08431793815132,0.199118629193201,0.0,0.0,0.0,0,0,51.57199978003781,3.170000000000002,13.64118711556645
Тульская область,2019-11-01,14.46924988453113,-0.3451712223245451,-0.0,-0.0,-0.0,1,0,51.21729659589032,2.980000000000004,13.53546158297758
Тульская область,2019-12-01,14.09921501080635,-0.11071296164861266,-0.0,-0.0,-0.0,0,0,51.54884730370011,2.799999999999997,13.54617146496432
Тульская область,2020-01-01,13.86398264680266,0.4934187707708695,0.0,0.0,0.0,0,0,51.4548025113348,2.140000000000001,13.43321105493074
Тульская область,2020-02-01,14.00860328589783,0.717717316165718,0.0,0.0,0.0,0,0,51.44197343288904,1.480000000000004,13.45225161731521
Тульская область,2020-03-01,13.92091843341698,0.5448138582658153,0.0,0.0,0.0,0,0,51.64850973040455,1.560000000000002,13.56236815943412
Тульская область,2020-04-01,13.38904561620139,0.24910450663146122,0.0,0.0,0.0,0,-1,52.05477156309212,1.969999999999999,13.36041828751654
Тульская область,2020-05-01,13.53964675948197,0.12930980432325967,0.0,0.0,0.0,-1,0,51.59963060401765,2.780000000000001,14.12528224374313
Тульская область,2020-06-01,13.55671454984672,0.4216232562547013,0.0,0.0,0.0,0,0,51.21159646472609,2.890000000000001,14.07811368969006
Тульская область,2020-07-01,13.33129435033781,-1.5016319110366503,-0.0,-0.0,-0.0,0,0,51.48502297427869,4.079999999999998,14.22714558513385
Тульская область,2020-08-01,13.03399817285098,-0.8645661305373835,-0.0,-0.0,-0.0,0,0,52.23077300039108,4.180000000000007,14.15928651365094
Тульская область,2020-09-01,13.00929153255024,-0.7937016241842549,-0.0,-0.0,-0.0,0,-1,52.88942790147681,4.560000000000002,14.01665610572481
Тульская область,2020-10-01,12.86256081660599,-1.2364929674992595,-0.0,-0.0,-0.0,-1,0,53.41505871310782,4.120000000000005,14.21635163133366
Тульская область,2020-11-01,12.46886720982534,-1.3589786818048175,-0.0,-0.0,-0.0,0,0,54.19222521192877,4.5,13.62538344703763
Тульская область,2020-12-01,12.73743225754184,-1.7089361724181273,-0.0,-0.0,-0.0,0,0,54.28379766517298,4.890000000000001,13.76336964166338
Тульская область,2021-01-01,12.45502805435963,3.0895976215913166,0.0,0.0,0.0,0,0,54.16389344025217,5.170000000000002,13.79432810080186
Тульская область,2021-02-01,12.4303476611813,-0.05176615786507455,-0.0,-0.0,-0.0,0,0,54.00646986374464,5.75,13.80361402220746
Тульская область,2021-03-01,12.31266189216786,-0.6104025253424652,-0.0,-0.0,-0.0,0,0,54.45895056375662,5.980000000000004,13.78748149012791
Тульская область,2021-04-01,12.30230122810023,-0.5967440618905293,-0.0,-0.0,-0.0,0,0,55.18518081893884,6.030000000000001,13.89043312660937
Тульская область,2021-05-01,12.09133212270296,-0.241937869195743,-0.0,-0.0,-0.0,0,1,55.61769543497558,5.459999999999994,13.98498067728933
Тульская область,2021-06-01,12.28823746812118,-0.7676306960714552,-0.0,-0.0,-0.0,0,0,56.24861376280984,6.269999999999996,13.44202594843903
Тульская область,2021-07-01,12.46068937543218,0.08560806359759354,0.0,0.0,0.0,0,0,56.95338825568152,6.909999999999997,13.86512683361871
Тульская область,2021-08-01,12.47010630306721,0.3090771946763784,0.0,0.0,0.0,1,1,57.31786817467484,6.890000000000001,13.68351980497215
Тульская область,2021-09-01,12.45504971594665,-0.6460537301930689,-0.0,-0.0,-0.0,0,0,58.01079525969848,7.299999999999997,13.5898608761243
Тульская область,2021-10-01,12.49822445885377,-0.6175372517280238,-0.0,-0.0,-0.0,0,0,58.49855366858569,8.14,13.63197822571638
Тульская область,2021-11-01,12.74702141239621,-0.12114037446266934,-0.0,-0.0,-0.0,1,0,58.81274548446829,9.299999999999997,13.58998922011265
Тульская область,2021-12-01,13.16198788619202,-0.26721650241728057,-0.0,-0.0,-0.0,0,0,58.64683326348698,9.370000000000005,13.40525109462261
Тульская область,2022-01-01,13.29152170212489,0.27464209751393653,0.0,0.0,0.0,0,0,58.90533116826634,9.120000000000005,13.33891461256696
Тульская область,2022-02-01,13.63905691909525,-0.3501956198858558,-0.0,-0.0,-0.0,0,0,59.32420796592886,9.760000000000005,12.78173965134438
Тульская область,2022-03-01,13.55430628401364,4.941478356719127,0.0,0.0,0.0,0,-1,59.63195219457579,10.51000000000001,13.17105834260138
Тульская область,2022-04-01,19.09489428072492,1.4923126339086181,0.0,0.0,0.0,-1,-1,58.86949057434578,18.83,14.06095904301941
Тульская область,2022-05-01,20.2680837139615,-1.244790623444267,-0.0,-0.0,-0.0,0,0,57.092663100422,19.81,13.88203735322248
Тульская область,2022-06-01,18.97615724815955,-3.118179668249544,-0.0,-0.0,-0.0,0,0,56.28448015319503,19.01000000000001,14.00670901543178
Тульская область,2022-07-01,18.05849395865706,-0.386746413724417,-0.0,-0.0,-0.0,0,0,55.68824471542981,16.51000000000001,14.57307480718777
Тульская область,2022-08-01,16.11801579229996,-1.1110066252555733,-0.0,-0.0,-0.0,0,0,56.09144305584738,15.90000000000001,14.33788342203182
Тульская область,2022-09-01,16.2833576607262,1.7547062341946287,0.0,0.0,0.0,0,0,56.21178493622583,15.33,14.39122685740417
Тульская область,2022-10-01,16.30921681823911,1.2482715752793254,0.0,0.0,0.0,0,0,56.48424218112057,14.25,14.36827439738202
Тульская область,2022-11-01,15.65095889045521,0.32653909912163215,0.0,0.0,0.0,0,0,56.42327715591713,12.47,14.26276515854998
Тульская область,2022-12-01,15.88550062020933,0.14955653030453497,0.0,0.0,0.0,0,1,56.62557801483067,12.29000000000001,14.51123750650753
Тульская область,2023-01-01,16.76082863108039,0.13967960707903515,0.0,0.0,0.0,0,0,56.56038018581728,12.28,14.2734632240654
Тульская область,2023-02-01,16.12075320284017,-1.9472998218897306,-0.0,-0.0,-0.0,1,0,58.64744557721954,11.73999999999999,14.40880905561192
Тульская область,2023-03-01,15.8534248260746,-0.4649545463768856,-0.0,-0.0,-0.0,0,0,58.53144730145957,10.89,14.26233308441226
Тульская область,2023-04-01,15.60393135233307,-0.5507806832459252,-0.0,-0.0,-0.0,0,0,58.96722760200517,2.629999999999995,14.0037248083858
Тульская область,2023-05-01,15.46276663037438,-0.46521849390664727,-0.0,-0.0,-0.0,0,0,59.38431572137003,1.310000000000002,13.87039876194799
Тульская область,2023-06-01,15.66652701756506,-0.5347109788556779,-0.0,-0.0,-0.0,0,1,59.76879848673688,1.019999999999996,13.32549527714973
Тульская область,2023-07-01,15.57696779740746,-0.5497632155639387,-0.0,-0.0,-0.0,0,1,60.12843097362147,2.030000000000001,13.32984800495167
Тульская область,2023-08-01,15.16612801175923,0.2078297309388475,0.0,0.0,0.0,1,0,59.96726890347188,2.859999999999999,13.06942916972934
Тульская область,2023-09-01,15.34889239596761,2.7050587479091437,0.0,0.0,0.0,0,1,61.07302040061704,3.900000000000006,12.98923826007173
Тульская область,2023-10-01,17.12736750363047,0.8633696772512707,0.0,0.0,0.0,1,0,62.07560601552507,5.280000000000001,12.88923821594444
Тульская область,2023-11-01,17.88876535486525,1.714265038508227,0.0,0.0,0.0,1,0,62.46220110739493,6.25,12.69535693832218
Тульская область,2023-12-01,18.36569965889611,-1.5282051620880424,-0.0,-0.0,-0.0,0,1,62.67909188310167,6.510000000000005,12.75496291667213
Тульская область,2024-01-01,19.89774916708226,0.6818813931607863,0.0,0.0,0.0,0,0,61.29013690806013,6.590000000000003,12.81761000426079
Тульская область,2024-02-01,21.35856327078824,-1.5559611222700127,-0.0,-0.0,-0.0,1,0,61.10833299202593,6.349999999999994,12.90226639959391
Тульская область,2024-03-01,22.71597852030797,-0.03662363343873665,-0.0,-0.0,-0.0,0,0,60.78486303708399,6.310000000000002,12.7827512551213
Тульская область,2024-04-01,21.53973954247694,-0.07535756412256944,-0.0,-0.0,-0.0,0,0,61.05509884706767,6.140000000000001,12.67685844867074
Тульская область,2024-05-01,21.49426581656781,-1.8174537430626252,-0.0,-0.0,-0.0,0,1,60.87086812299324,6.640000000000001,12.62474676770976
Тульская область,2024-06-01,21.31329130195539,-0.4392507252018447,-0.0,-0.0,-0.0,0,1,61.01322107613123,7.390000000000001,12.24285011644455
Тульская область,2024-07-01,22.22865171071347,-0.5869739684411108,-0.0,-0.0,-0.0,0,1,61.74859693541793,8.030000000000001,12.32453833664235
Тульская область,2024-08-01,22.51495293083547,1.4105522767729113,0.0,0.0,0.0,1,0,60.8176403868796,8.650000000000006,11.39359208135514
Тульская область,2024-09-01,23.82264824493899,-1.9115218364399809,-0.0,-0.0,-0.0,0,1,60.45514994793662,8.590000000000003,11.37112599790185
Тульская область,2024-10-01,23.97982796309011,0.667769408390896,0.0,0.0,0.0,1,0,59.56119591277476,7.790000000000006,11.38553281904191
Тульская область,2024-11-01,25.15315239208313,2.039278586154861,0.0,0.0,0.0,1,0,59.2011747527488,7.959999999999994,11.24830347731773
Тульская область,2024-12-01,26.69498760255705,0.34090421830265427,0.0,0.0,0.0,1,-1,55.9719824592452,8.700000000000003,11.3997613584996
Тульская область,2025-01-01,27.08400478623583,0.24822008087726388,0.0,0.0,0.0,-1,0,53.57142745911015,9.349999999999994,12.0518912522752
Тульская область,2025-02-01,28.81350191106622,0.31653560056003016,0.0,0.0,0.0,0,-1,51.8440674926254,10.06,12.02113078914294
Тульская область,2025-03-01,30.23639845043202,0.41369500741819465,0.0,0.0,0.0,-1,0,50.88177753756899,10.81,12.30919440438182
Тульская область,2025-04-01,30.32135310239094,0.5812476727093596,0.0,0.0,0.0,1,0,50.14428784899949,11.41,12.60383888985715
Тульская область,2025-05-01,27.33360340789451,0.3820181297639742,0.0,0.0,0.0,0,1,49.33046739771167,11.45,12.51512519051041
Тульская область,2025-06-01,27.2726111727095,0.6128194128495359,0.0,0.0,0.0,0,0,48.73462637907884,10.63,12.57371384917326
Тульская область,2025-07-01,26.06220427809898,-0.2977272507310609,-0.0,-0.0,-0.0,0,0,48.03331245032897,10.11,13.05970418938388
Тульская область,2025-08-01,24.64146310464305,-1.399483474742535,-0.0,-0.0,-0.0,1,0,47.12770381163107,9.680000000000007,12.15941510086349
Тульская область,2025-09-01,23.82767985537522,0.2588989388809786,0.0,0.0,0.0,0,0,47.17032545827984,9.090000000000003,12.17795208956514
Тульская область,2025-10-01,22.41093305915954,-0.43597080805563593,-0.0,-0.0,-0.0,-1,0,47.06645681077967,9.019999999999996,12.24535944587315
Тульская область,2025-11-01,22.80385153055342,-0.19410526130430839,-0.0,-0.0,-0.0,1,1,47.29242160459737,8.510000000000005,12.13017677669147
Тульская область,2025-12-01,24.13785814051157,0.2813157398373711,0.0,0.0,0.0,0,0,47.33901720903878,7.409999999999997,12.39251476275452
Тюменская область,2019-03-01,14.17518281949923,0.7128714995200838,0.0,0.7128714995200838,0.0,0,0,51.86733646646673,2.959999999999994,14.24981807352953
Тюменская область,2019-04-01,14.00866160662509,0.6911493920479934,0.0,0.6911493920479934,0.0,0,0,52.4793708332899,3.159999999999997,14.26396634262996
Тюменская область,2019-05-01,13.97682964347802,0.45783100689424217,0.0,0.45783100689424217,0.0,1,0,52.91675659448255,3.25,14.10686166635849
Тюменская область,2019-06-01,14.16419629277904,0.5041451542673663,0.0,0.5041451542673663,0.0,0,0,53.10558083411289,3.129999999999995,14.04401646000713
Тюменская область,2019-07-01,14.06938414670881,0.14629311794748645,0.0,0.14629311794748645,0.0,0,1,53.44720631674376,3.060000000000002,13.71540767972537
Тюменская область,2019-08-01,13.88880490955745,0.061654111534494405,0.0,0.061654111534494405,0.0,0,0,53.87451098384977,3.049999999999997,13.85537683706895
Тюменская область,2019-09-01,13.8183258650103,0.2864871600654304,0.0,0.2864871600654304,0.0,0,0,54.5079398068674,2.620000000000005,13.86835213012815
Тюменская область,2019-10-01,13.49985302490068,0.199118629193201,0.0,0.199118629193201,0.0,0,0,55.1339891273987,2.599999999999994,13.95634097051657
Тюменская область,2019-11-01,13.67085123194299,-0.3451712223245451,-0.0,-0.3451712223245451,-0.0,1,0,55.33474068089124,2.450000000000003,13.81777924319372
Тюменская область,2019-12-01,13.35807376516715,-0.11071296164861266,-0.0,-0.11071296164861266,-0.0,0,0,55.85551357761324,2.709999999999994,13.87984399871308
Тюменская область,2020-01-01,12.93788495745263,0.4934187707708695,0.0,0.4934187707708695,0.0,0,0,55.94737900727797,2.489999999999995,13.59818188221278
Тюменская область,2020-02-01,13.4083774941009,0.717717316165718,0.0,0.717717316165718,0.0,0,0,55.89475300290538,1.900000000000006,13.67937421119716
Тюменская область,2020-03-01,13.32505106845629,0.5448138582658153,0.0,0.5448138582658153,0.0,0,0,56.00568211183248,1.829999999999998,13.77040170753698
Тюменская область,2020-04-01,13.00918988529261,0.24910450663146122,0.0,0.24910450663146122,0.0,0,-1,56.41599758172843,2.180000000000007,13.44354345334152
Тюменская область,2020-05-01,13.27833718856987,0.12930980432325967,0.0,0.12930980432325967,0.0,-1,0,56.06832248296003,2.670000000000002,14.21941933681557
Тюменская область,2020-06-01,13.10414799867649,0.4216232562547013,0.0,0.4216232562547013,0.0,0,0,55.84565397812729,2.629999999999995,14.30682157337402
Тюменская область,2020-07-01,12.84531947992798,-1.5016319110366503,-0.0,-1.5016319110366503,-0.0,0,0,56.02390103147139,2.5,14.37604787248953
Тюменская область,2020-08-01,12.34088366438488,-0.8645661305373835,-0.0,-0.8645661305373835,-0.0,0,0,56.43818182046316,2.519999999999996,14.31175176973314
Тюменская область,2020-09-01,12.34121374403149,-0.7937016241842549,-0.0,-0.7937016241842549,-0.0,0,-1,57.37594830648703,2.920000000000002,14.28057224506703
Тюменская область,2020-10-01,12.04296839169488,-1.2364929674992595,-0.0,-1.2364929674992595,-0.0,-1,0,57.99033338249708,2.719999999999999,14.32720594035544
Тюменская область,2020-11-01,11.83576922189623,-1.3589786818048175,-0.0,-1.3589786818048175,-0.0,0,0,58.75763750157091,3.109999999999999,13.92047763603554
Тюменская область,2020-12-01,11.64315834588205,-1.7089361724181273,-0.0,-1.7089361724181273,-0.0,0,0,58.74690976428186,3.340000000000003,14.15340382683187
Тюменская область,2021-01-01,11.5745015394339,3.0895976215913166,0.0,3.0895976215913166,0.0,0,0,58.06684989625608,3.629999999999995,14.3195574182255
Тюменская область,2021-02-01,11.67594285941687,-0.05176615786507455,-0.0,-0.05176615786507455,-0.0,0,0,57.97268392911688,4.049999999999997,14.38722418966602
Тюменская область,2021-03-01,11.32692799230789,-0.6104025253424652,-0.0,-0.6104025253424652,-0.0,0,0,58.30124996842193,4.370000000000005,14.57747755045243
Тюменская область,2021-04-01,11.12758227227163,-0.5967440618905293,-0.0,-0.5967440618905293,-0.0,0,0,59.12598553157342,4.439999999999998,14.82689123507845
Тюменская область,2021-05-01,11.43558710697084,-0.241937869195743,-0.0,-0.241937869195743,-0.0,0,1,59.16100802680093,4.099999999999994,14.93384548108899
Тюменская область,2021-06-01,11.76836838184738,-0.7676306960714552,-0.0,-0.7676306960714552,-0.0,0,0,60.14375833329293,4.680000000000007,14.44638075394409
Тюменская область,2021-07-01,11.8666022983456,0.08560806359759354,0.0,0.08560806359759354,0.0,0,0,60.71594901224214,4.629999999999995,14.88338837416575
Тюменская область,2021-08-01,12.01034211287007,0.3090771946763784,0.0,0.3090771946763784,0.0,1,1,60.71948127661735,4.719999999999999,14.70152163633093
Тюменская область,2021-09-01,11.86913296957911,-0.6460537301930689,-0.0,-0.6460537301930689,-0.0,0,0,60.48759661693052,4.319999999999993,14.07120636941804
Тюменская область,2021-10-01,11.89963908368606,-0.6175372517280238,-0.0,-0.6175372517280238,-0.0,0,0,61.1646729408932,5.129999999999995,13.99210527102493
Тюменская область,2021-11-01,12.26771345932578,-0.12114037446266934,-0.0,-0.12114037446266934,-0.0,1,0,62.35204965590761,5.870000000000005,13.94961514352531
Тюменская область,2021-12-01,12.26714285161765,-0.26721650241728057,-0.0,-0.26721650241728057,-0.0,0,0,62.51179213952953,6.170000000000002,13.74126491387387
Тюменская область,2022-01-01,12.5238362146149,0.27464209751393653,0.0,0.27464209751393653,0.0,0,0,63.24630917485749,6.040000000000006,13.67649459388825
Тюменская область,2022-02-01,12.89965312683732,-0.3501956198858558,-0.0,-0.3501956198858558,-0.0,0,0,62.96343766261703,5.730000000000004,13.09197415919525
Тюменская область,2022-03-01,13.00618575958225,4.941478356719127,0.0,4.941478356719127,0.0,0,-1,63.39445574882512,5.599999999999994,13.41980105303689
Тюменская область,2022-04-01,20.75561703185618,1.4923126339086181,0.0,1.4923126339086181,0.0,-1,-1,62.80179062398141,12.59,14.18973989703924
Тюменская область,2022-05-01,21.60589320203611,-1.244790623444267,-0.0,-1.244790623444267,-0.0,0,0,62.50491765417082,12.81,13.90789024090901
Тюменская область,2022-06-01,18.93040416061596,-3.118179668249544,-0.0,-3.118179668249544,-0.0,0,0,61.88901959973112,11.97,13.84541676247662
Тюменская область,2022-07-01,17.54965394655898,-0.386746413724417,-0.0,-0.386746413724417,-0.0,0,0,61.84772796545526,11.34,14.67889592409183
Тюменская область,2022-08-01,15.56020613551976,-1.1110066252555733,-0.0,-1.1110066252555733,-0.0,0,0,59.87877668635678,10.47,14.48487894706284
Тюменская область,2022-09-01,15.5004304728814,1.7547062341946287,0.0,1.7547062341946287,0.0,0,0,60.04409194536301,9.950000000000003,14.41883697076796
Тюменская область,2022-10-01,15.43182245529247,1.2482715752793254,0.0,1.2482715752793254,0.0,0,0,60.34476572978512,9.25,14.31788518975618
Тюменская область,2022-11-01,14.8680167348577,0.32653909912163215,0.0,0.32653909912163215,0.0,0,0,61.3316686211907,8.269999999999996,14.29311054443082
Тюменская область,2022-12-01,15.00516908675123,0.14955653030453497,0.0,0.14955653030453497,0.0,0,1,61.53379058941131,7.409999999999997,14.65195536125267
Тюменская область,2023-01-01,15.82104779949395,0.13967960707903515,0.0,0.13967960707903515,0.0,0,0,61.21438817651135,7.640000000000001,14.46858876722316
Тюменская область,2023-02-01,15.79336036102384,-1.9472998218897306,-0.0,-1.9472998218897306,-0.0,1,0,61.47008045145803,7.299999999999997,14.5997883475036
Тюменская область,2023-03-01,15.42551144943177,-0.4649545463768856,-0.0,-0.4649545463768856,-0.0,0,0,61.44409752977658,6.719999999999999,14.45209965836019
Тюменская область,2023-04-01,15.23035439495538,-0.5507806832459252,-0.0,-0.5507806832459252,-0.0,0,0,62.09663138458992,-0.2800000000000011,14.22233862829554
Тюменская область,2023-05-01,15.09007544824048,-0.46521849390664727,-0.0,-0.46521849390664727,-0.0,0,0,62.07460451387627,-0.5600000000000023,14.07395295168632
Тюменская область,2023-06-01,15.42402530129418,-0.5347109788556779,-0.0,-0.5347109788556779,-0.0,0,1,62.54076514725057,-0.4399999999999977,13.50100288489786
Тюменская область,2023-07-01,15.08765575190903,-0.5497632155639387,-0.0,-0.5497632155639387,-0.0,0,1,63.30483435978111,0.269999999999996,13.51009253163605
Тюменская область,2023-08-01,14.95595404476144,0.2078297309388475,0.0,0.2078297309388475,0.0,1,0,63.19889830724139,0.8199999999999932,13.23873947427752
Тюменская область,2023-09-01,15.64509033867962,2.7050587479091437,0.0,2.7050587479091437,0.0,0,1,64.81171191691922,1.549999999999997,13.17465533990802
Тюменская область,2023-10-01,17.30325570113359,0.8633696772512707,0.0,0.8633696772512707,0.0,1,0,66.12883510252878,2.459999999999994,13.11172235776454
Тюменская область,2023-11-01,18.29162910183384,1.714265038508227,0.0,1.714265038508227,0.0,1,0,64.88139731830243,3.310000000000002,12.8894558247799
Тюменская область,2023-12-01,19.25245262966869,-1.5282051620880424,-0.0,-1.5282051620880424,-0.0,0,1,64.64116314153794,4.959999999999994,13.07682426438868
Тюменская область,2024-01-01,19.94928933730424,0.6818813931607863,0.0,0.6818813931607863,0.0,0,0,63.57953786837906,4.799999999999997,12.89690980167524
Тюменская область,2024-02-01,21.76311191924496,-1.5559611222700127,-0.0,-1.5559611222700127,-0.0,1,0,64.34098680008331,5.730000000000004,13.03842759846221
Тюменская область,2024-03-01,23.12162414878533,-0.03662363343873665,-0.0,-0.03662363343873665,-0.0,0,0,63.99904553037415,6.099999999999994,12.9155663485944
Тюменская область,2024-04-01,22.48127346105214,-0.07535756412256944,-0.0,-0.07535756412256944,-0.0,0,0,63.48370308431841,6.599999999999994,12.85681775263746
Тюменская область,2024-05-01,22.20163395104202,-1.8174537430626252,-0.0,-1.8174537430626252,-0.0,0,1,62.94837797288816,7.019999999999996,12.80361123180923
Тюменская область,2024-06-01,22.4407266328464,-0.4392507252018447,-0.0,-0.4392507252018447,-0.0,0,1,62.7479560062386,7.019999999999996,12.49572924218214
Тюменская область,2024-07-01,23.04181719988139,-0.5869739684411108,-0.0,-0.5869739684411108,-0.0,0,1,63.51229010090358,7.129999999999995,12.52978413551597
Тюменская область,2024-08-01,23.07024825555099,1.4105522767729113,0.0,1.4105522767729113,0.0,1,0,62.95802023254071,7.590000000000003,11.642107746041
Тюменская область,2024-09-01,24.66298472104305,-1.9115218364399809,-0.0,-1.9115218364399809,-0.0,0,1,62.80697061951861,7.719999999999999,11.61045315398491
Тюменская область,2024-10-01,24.72092008897158,0.667769408390896,0.0,0.667769408390896,0.0,1,0,61.49317969184117,7.609999999999999,11.60261450865041
Тюменская область,2024-11-01,26.77154677712155,2.039278586154861,0.0,2.039278586154861,0.0,1,0,60.7602053865657,7.590000000000003,11.44857508136917
Тюменская область,2024-12-01,28.98464988295399,0.34090421830265427,0.0,0.34090421830265427,0.0,1,-1,59.60241886192335,7.180000000000007,11.58533694307949
Тюменская область,2025-01-01,29.7718630740596,0.24822008087726388,0.0,0.24822008087726388,0.0,-1,0,57.20695212077526,7.769999999999996,12.17079642743901
Тюменская область,2025-02-01,30.39752545924823,0.31653560056003016,0.0,0.31653560056003016,0.0,0,-1,56.07425058096388,8.36,12.22591871944245
Тюменская область,2025-03-01,31.13745577797913,0.41369500741819465,0.0,0.41369500741819465,0.0,-1,0,55.44840804528114,8.86,12.50080056012116
Тюменская область,2025-04-01,33.15103866864106,0.5812476727093596,0.0,0.5812476727093596,0.0,1,0,55.3070562156522,9.049999999999997,12.78302427972245
Тюменская область,2025-05-01,30.42110484491446,0.3820181297639742,0.0,0.3820181297639742,0.0,0,1,54.89071857695191,8.680000000000007,12.71529495022745
Тюменская область,2025-06-01,29.54019936969627,0.6128194128495359,0.0,0.6128194128495359,0.0,0,0,54.5331776604428,8.799999999999997,12.85768983741091
Тюменская область,2025-07-01,28.41008703304253,-0.2977272507310609,-0.0,-0.2977272507310609,-0.0,0,0,53.97420088087664,8.129999999999995,13.25756785582956
Тюменская область,2025-08-01,26.81057231321449,-1.399483474742535,-0.0,-1.399483474742535,-0.0,1,0,53.47283811686276,7.930000000000007,12.40306917529691
Тюменская область,2025-09-01,26.7117616345968,0.2588989388809786,0.0,0.2588989388809786,0.0,0,0,53.75866077156294,7.260000000000005,12.52255301902431
Тюменская область,2025-10-01,25.78573356626624,-0.43597080805563593,-0.0,-0.43597080805563593,-0.0,-1,0,53.73601771650749,6.870000000000005,12.54842151555628
Тюменская область,2025-11-01,26.06871352109436,-0.19410526130430839,-0.0,-0.19410526130430839,-0.0,1,1,53.80436212359649,6.739999999999995,12.48510251581317
Тюменская область,2025-12-01,27.6121980239123,0.2813157398373711,0.0,0.2813157398373711,0.0,0,0,53.81293000430958,5.700000000000003,12.71642322059849
Удмуртская Республика,2019-03-01,14.93767912478256,0.7128714995200838,0.0,0.0,0.0,0,0,63.17105801712182,4.280000000000001,13.87518916001025
Удмуртская Республика,2019-04-01,14.82738414247172,0.6911493920479934,0.0,0.0,0.0,0,0,63.98469766639067,4.030000000000001,13.88518064473297
Удмуртская Республика,2019-05-01,14.89563186568256,0.45783100689424217,0.0,0.0,0.0,1,0,64.09987712646688,4.049999999999997,13.80164316912218
Удмуртская Республика,2019-06-01,15.0230664493753,0.5041451542673663,0.0,0.0,0.0,0,0,64.61293994731572,3.790000000000006,13.76417324837
Удмуртская Республика,2019-07-01,14.89723918199055,0.14629311794748645,0.0,0.0,0.0,0,1,65.1759834179039,3.209999999999994,13.53976813922985
Удмуртская Республика,2019-08-01,14.89439935836188,0.061654111534494405,0.0,0.0,0.0,0,0,66.45890631405173,3.310000000000002,13.7414663333104
Удмуртская Республика,2019-09-01,14.6884593511398,0.2864871600654304,0.0,0.0,0.0,0,0,67.24564514986523,3.319999999999993,13.78534270458636
Удмуртская Республика,2019-10-01,14.29624452484668,0.199118629193201,0.0,0.0,0.0,0,0,68.06554958677853,3.159999999999997,13.89071019569921
Удмуртская Республика,2019-11-01,14.71939218173059,-0.3451712223245451,-0.0,-0.0,-0.0,1,0,67.07577989985549,3.060000000000002,13.77417943779203
Удмуртская Республика,2019-12-01,14.31704158483774,-0.11071296164861266,-0.0,-0.0,-0.0,0,0,67.53494339035797,2.769999999999996,13.81691782938333
Удмуртская Республика,2020-01-01,13.99669189191155,0.4934187707708695,0.0,0.0,0.0,0,0,67.78331761420664,2.430000000000007,13.73735226049232
Удмуртская Республика,2020-02-01,14.23500399010353,0.717717316165718,0.0,0.0,0.0,0,0,68.10925541810656,1.890000000000001,13.63406138805123
Удмуртская Республика,2020-03-01,14.25256869677992,0.5448138582658153,0.0,0.0,0.0,0,0,68.23523186245484,1.849999999999994,13.76339180761379
Удмуртская Республика,2020-04-01,13.69901454906988,0.24910450663146122,0.0,0.0,0.0,0,-1,68.79600058206499,2.349999999999994,13.47600041439927
Удмуртская Республика,2020-05-01,15.74535266322505,0.12930980432325967,0.0,0.0,0.0,-1,0,67.92899896837163,2.730000000000004,14.37853787648274
Удмуртская Республика,2020-06-01,14.00679491362111,0.4216232562547013,0.0,0.0,0.0,0,0,67.94946434460269,3.019999999999996,14.36717297031912
Удмуртская Республика,2020-07-01,13.54769051360299,-1.5016319110366503,-0.0,-0.0,-0.0,0,0,68.22945530809429,3.420000000000002,14.53637407108323
Удмуртская Республика,2020-08-01,13.44500656031872,-0.8645661305373835,-0.0,-0.0,-0.0,0,0,66.49893501103381,3.519999999999996,14.49222443794905
Удмуртская Республика,2020-09-01,13.32903514988206,-0.7937016241842549,-0.0,-0.0,-0.0,0,-1,67.5498896386634,3.409999999999997,14.37457034353078
Удмуртская Республика,2020-10-01,13.28910068809202,-1.2364929674992595,-0.0,-0.0,-0.0,-1,0,68.57336636658958,3.540000000000006,14.56108246972706
Удмуртская Республика,2020-11-01,13.15241705130222,-1.3589786818048175,-0.0,-0.0,-0.0,0,0,72.93840988937394,3.909999999999997,13.94514465965621
Удмуртская Республика,2020-12-01,13.05106608303068,-1.7089361724181273,-0.0,-0.0,-0.0,0,0,73.49633446916211,4.810000000000002,14.11865594274538
Удмуртская Республика,2021-01-01,13.03639066844361,3.0895976215913166,0.0,0.0,0.0,0,0,73.7689305341023,5.150000000000006,14.16169529380433
Удмуртская Республика,2021-02-01,12.98323209858884,-0.05176615786507455,-0.0,-0.0,-0.0,0,0,73.80342752343834,5.310000000000002,14.19780312994738
Удмуртская Республика,2021-03-01,12.83459052103788,-0.6104025253424652,-0.0,-0.0,-0.0,0,0,74.26715064235167,5.890000000000001,14.162638062969
Удмуртская Республика,2021-04-01,12.75860186361357,-0.5967440618905293,-0.0,-0.0,-0.0,0,0,74.96727150057121,6.010000000000005,14.21316999224743
Удмуртская Республика,2021-05-01,12.53488682059055,-0.241937869195743,-0.0,-0.0,-0.0,0,1,76.83787533555322,5.859999999999999,14.35675386919948
Удмуртская Республика,2021-06-01,12.83402170440309,-0.7676306960714552,-0.0,-0.0,-0.0,0,0,78.26659414335556,5.930000000000007,13.74708183130565
Удмуртская Республика,2021-07-01,12.82393297859347,0.08560806359759354,0.0,0.0,0.0,0,0,79.79527289467714,5.939999999999998,14.14567065943469
Удмуртская Республика,2021-08-01,12.9248116896761,0.3090771946763784,0.0,0.0,0.0,1,1,81.28981327534312,6.060000000000002,13.97767427696187
Удмуртская Республика,2021-09-01,12.79030704872412,-0.6460537301930689,-0.0,-0.0,-0.0,0,0,82.62768679198102,6.459999999999994,13.90648033072063
Удмуртская Республика,2021-10-01,12.65782474958919,-0.6175372517280238,-0.0,-0.0,-0.0,0,0,83.37258930143902,7.329999999999998,13.9664551266919
Удмуртская Республика,2021-11-01,13.21078713484547,-0.12114037446266934,-0.0,-0.0,-0.0,1,0,83.32300555894793,8.409999999999997,13.9325232692441
Удмуртская Республика,2021-12-01,13.35524119673144,-0.26721650241728057,-0.0,-0.0,-0.0,0,0,83.35035544349728,8.540000000000006,13.77344693625634
Удмуртская Республика,2022-01-01,13.57272203420246,0.27464209751393653,0.0,0.0,0.0,0,0,83.69622777362954,8.709999999999994,13.7576580871753
Удмуртская Республика,2022-02-01,14.01304716175317,-0.3501956198858558,-0.0,-0.0,-0.0,0,0,86.04473324936801,9.180000000000007,13.22465463483437
Удмуртская Республика,2022-03-01,14.14488909569061,4.941478356719127,0.0,0.0,0.0,0,-1,87.0218690146287,9.39,13.49315293701708
Удмуртская Республика,2022-04-01,91.76122077419477,1.4923126339086181,0.0,0.0,0.0,-1,-1,87.1314291656205,18.70999999999999,14.32260825927213
Удмуртская Республика,2022-05-01,21.98244718813807,-1.244790623444267,-0.0,-0.0,-0.0,0,0,87.19435027374487,19.26000000000001,14.1946887705404
Удмуртская Республика,2022-06-01,20.6599920616173,-3.118179668249544,-0.0,-0.0,-0.0,0,0,85.59664885826604,18.98999999999999,14.27862683614276
Удмуртская Республика,2022-07-01,19.73126553770217,-0.386746413724417,-0.0,-0.0,-0.0,0,0,84.64946611293823,17.81999999999999,14.95976555437742
Удмуртская Республика,2022-08-01,17.72817925577191,-1.1110066252555733,-0.0,-0.0,-0.0,0,0,82.378518819576,16.65000000000001,14.68994229656719
Удмуртская Республика,2022-09-01,19.23338543460332,1.7547062341946287,0.0,0.0,0.0,0,0,81.94365485249352,15.76000000000001,14.71548467703948
Удмуртская Республика,2022-10-01,18.90395015821569,1.2482715752793254,0.0,0.0,0.0,0,0,82.2044555702867,14.79000000000001,14.69835429782473
Удмуртская Республика,2022-11-01,17.53846527972813,0.32653909912163215,0.0,0.0,0.0,0,0,83.08989712556962,13.45999999999999,14.57838517434702
Удмуртская Республика,2022-12-01,16.64228304339316,0.14955653030453497,0.0,0.0,0.0,0,1,83.34864446527563,13.03,14.76233815632655
Удмуртская Республика,2023-01-01,18.35582658541845,0.13967960707903515,0.0,0.0,0.0,0,0,83.45023859993225,12.83,14.53857597986058
Удмуртская Республика,2023-02-01,17.06992803163518,-1.9472998218897306,-0.0,-0.0,-0.0,1,0,83.88539491531688,12.77,14.68769187642111
Удмуртская Республика,2023-03-01,16.5327545146893,-0.4649545463768856,-0.0,-0.0,-0.0,0,0,83.70819657229941,12.13,14.53933605136993
Удмуртская Республика,2023-04-01,16.00448073618027,-0.5507806832459252,-0.0,-0.0,-0.0,0,0,84.25211115064974,3.349999999999994,14.3740576417748
Удмуртская Республика,2023-05-01,16.01062773743856,-0.46521849390664727,-0.0,-0.0,-0.0,0,0,81.89485834923389,2.829999999999998,14.29264555338652
Удмуртская Республика,2023-06-01,16.62794934419313,-0.5347109788556779,-0.0,-0.0,-0.0,0,1,82.53032431555192,2.920000000000002,13.58151910843363
Удмуртская Республика,2023-07-01,16.13810507029679,-0.5497632155639387,-0.0,-0.0,-0.0,0,1,83.43962785573525,3.840000000000003,13.59902930538636
Удмуртская Республика,2023-08-01,16.26124226845001,0.2078297309388475,0.0,0.0,0.0,1,0,83.34795892411876,4.799999999999997,13.30156082749808
Удмуртская Республика,2023-09-01,16.93627966796762,2.7050587479091437,0.0,0.0,0.0,0,1,85.1704194255954,5.579999999999998,13.18728656432842
Удмуртская Республика,2023-10-01,18.23280895122142,0.8633696772512707,0.0,0.0,0.0,1,0,86.69424963564303,6.590000000000003,13.1023467803636
Удмуртская Республика,2023-11-01,19.44005075633387,1.714265038508227,0.0,0.0,0.0,1,0,90.06326460807114,7.25,12.92571658598323
Удмуртская Республика,2023-12-01,20.29688430071207,-1.5282051620880424,-0.0,-0.0,-0.0,0,1,90.4959018551548,7.439999999999998,12.94218946415361
Удмуртская Республика,2024-01-01,21.19345850734694,0.6818813931607863,0.0,0.0,0.0,0,0,89.80277047941189,7.439999999999998,13.01511966841057
Удмуртская Республика,2024-02-01,22.21854012216796,-1.5559611222700127,-0.0,-0.0,-0.0,1,0,90.84074334007558,7.430000000000007,13.07714637884959
Удмуртская Республика,2024-03-01,23.40532925347637,-0.03662363343873665,-0.0,-0.0,-0.0,0,0,90.15483228780089,7.930000000000007,12.96536503570774
Удмуртская Республика,2024-04-01,22.41329564899606,-0.07535756412256944,-0.0,-0.0,-0.0,0,0,90.08760405188191,8.150000000000006,12.87595508792022
Удмуртская Республика,2024-05-01,22.29653532324904,-1.8174537430626252,-0.0,-0.0,-0.0,0,1,87.55067602281754,8.159999999999997,12.87756084929273
Удмуртская Республика,2024-06-01,22.68145259548389,-0.4392507252018447,-0.0,-0.0,-0.0,0,1,87.80131560096022,8.349999999999994,12.48780285471739
Удмуртская Республика,2024-07-01,23.69525221499686,-0.5869739684411108,-0.0,-0.0,-0.0,0,1,88.61289711598708,8.450000000000003,12.55242517936926
Удмуртская Республика,2024-08-01,23.72001002945785,1.4105522767729113,0.0,0.0,0.0,1,0,87.6872353772711,9.349999999999994,11.58688648292668
Удмуртская Республика,2024-09-01,25.03087521475463,-1.9115218364399809,-0.0,-0.0,-0.0,0,1,87.39115230959574,9.230000000000004,11.54441408132647
Удмуртская Республика,2024-10-01,24.91668798141141,0.667769408390896,0.0,0.0,0.0,1,0,86.62417083523887,8.870000000000005,11.55101040161642
Удмуртская Республика,2024-11-01,27.20134171223599,2.039278586154861,0.0,0.0,0.0,1,0,86.19152308485116,8.870000000000005,11.36660031382824
Удмуртская Республика,2024-12-01,27.29861832284365,0.34090421830265427,0.0,0.0,0.0,1,-1,83.39136688373738,9.5,11.5315163308563
Удмуртская Республика,2025-01-01,28.79890509780804,0.24822008087726388,0.0,0.0,0.0,-1,0,80.59996588567193,10.38,12.19265417432484
Удмуртская Республика,2025-02-01,29.04519876304555,0.31653560056003016,0.0,0.0,0.0,0,-1,79.81036685228304,11.0,12.15668916662853
Удмуртская Республика,2025-03-01,29.60571116508957,0.41369500741819465,0.0,0.0,0.0,-1,0,78.44257485600717,11.05,12.44623212977756
Удмуртская Республика,2025-04-01,29.73136199668613,0.5812476727093596,0.0,0.0,0.0,1,0,77.53014609545048,11.09,12.72739879506817
Удмуртская Республика,2025-05-01,28.56571388546457,0.3820181297639742,0.0,0.0,0.0,0,1,75.00462111020538,10.98999999999999,12.6699882931156
Удмуртская Республика,2025-06-01,27.14859203583608,0.6128194128495359,0.0,0.0,0.0,0,0,74.26819340100361,10.65000000000001,12.73773373208277
Удмуртская Республика,2025-07-01,26.45095537975963,-0.2977272507310609,-0.0,-0.0,-0.0,0,0,73.48520093554069,10.91,13.12734413773116
Удмуртская Республика,2025-08-01,24.88207929807609,-1.399483474742535,-0.0,-0.0,-0.0,1,0,72.46370207064776,10.02,12.32283629391351
Удмуртская Республика,2025-09-01,24.10382011135726,0.2588989388809786,0.0,0.0,0.0,0,0,72.55284170917898,9.090000000000003,12.34871372722374
Удмуртская Республика,2025-10-01,23.31113389411575,-0.43597080805563593,-0.0,-0.0,-0.0,-1,0,72.45124235684173,9.010000000000005,12.35105719722227
Удмуртская Республика,2025-11-01,23.1958596591584,-0.19410526130430839,-0.0,-0.0,-0.0,1,1,72.6299841909096,8.629999999999995,12.24308143062131
Удмуртская Республика,2025-12-01,24.44176486092368,0.2813157398373711,0.0,0.0,0.0,0,0,72.5690234878583,7.670000000000002,12.50362305071881
Ульяновская область,2019-03-01,15.19251443380044,0.7128714995200838,0.0,0.0,0.0,0,0,61.72136070885226,5.530000000000001,13.87458501120678
Ульяновская область,2019-04-01,15.16680189519764,0.6911493920479934,0.0,0.0,0.0,0,0,62.14062180961737,5.730000000000004,13.93141866759216
Ульяновская область,2019-05-01,15.15387743558306,0.45783100689424217,0.0,0.0,0.0,1,0,63.44926430982277,5.579999999999998,13.83277252764157
Ульяновская область,2019-06-01,15.29998179546267,0.5041451542673663,0.0,0.0,0.0,0,0,63.7309236889064,5.340000000000003,13.80680623164659
Ульяновская область,2019-07-01,15.12864305561276,0.14629311794748645,0.0,0.0,0.0,0,1,63.87237666166671,5.069999999999993,13.53182812008039
Ульяновская область,2019-08-01,15.04474386366543,0.061654111534494405,0.0,0.0,0.0,0,0,63.3455486574242,4.650000000000006,13.78026279599554
Ульяновская область,2019-09-01,14.88083878868629,0.2864871600654304,0.0,0.0,0.0,0,0,63.74725302709236,4.769999999999996,13.87666276419859
Ульяновская область,2019-10-01,14.67590812004998,0.199118629193201,0.0,0.0,0.0,0,0,64.18140842554153,4.439999999999998,14.02330319790784
Ульяновская область,2019-11-01,14.87097949622098,-0.3451712223245451,-0.0,-0.0,-0.0,1,0,64.19065884776116,3.969999999999999,13.93860540515588
Ульяновская область,2019-12-01,14.63848300317581,-0.11071296164861266,-0.0,-0.0,-0.0,0,0,64.17092220921775,3.290000000000006,13.94261476430719
Ульяновская область,2020-01-01,14.23133729663786,0.4934187707708695,0.0,0.0,0.0,0,0,64.00454931191236,2.890000000000001,13.80632410087041
Ульяновская область,2020-02-01,14.52412014190329,0.717717316165718,0.0,0.0,0.0,0,0,64.95129273459949,2.219999999999999,13.72637409340965
Ульяновская область,2020-03-01,14.43231597247035,0.5448138582658153,0.0,0.0,0.0,0,0,65.06754096302336,2.359999999999999,13.86967202034056
Ульяновская область,2020-04-01,14.0908532844472,0.24910450663146122,0.0,0.0,0.0,0,-1,65.56916186367087,2.510000000000005,13.59838165179699
Ульяновская область,2020-05-01,14.22892195629631,0.12930980432325967,0.0,0.0,0.0,-1,0,66.03627851387077,3.120000000000005,14.47441811585581
Ульяновская область,2020-06-01,14.07125086444862,0.4216232562547013,0.0,0.0,0.0,0,0,65.83573516074964,3.239999999999995,14.43090169369244
Ульяновская область,2020-07-01,13.94625992576788,-1.5016319110366503,-0.0,-0.0,-0.0,0,0,66.0869013113293,3.650000000000006,14.5833680369736
Ульяновская область,2020-08-01,13.63953333048099,-0.8645661305373835,-0.0,-0.0,-0.0,0,0,65.82918007143508,3.939999999999998,14.54556181899298
Ульяновская область,2020-09-01,13.56561394219852,-0.7937016241842549,-0.0,-0.0,-0.0,0,-1,66.50162007387227,4.019999999999996,14.41495572808307
Ульяновская область,2020-10-01,13.51844478508343,-1.2364929674992595,-0.0,-0.0,-0.0,-1,0,67.07141036152436,4.060000000000002,14.63392688997526
Ульяновская область,2020-11-01,13.18062307382502,-1.3589786818048175,-0.0,-0.0,-0.0,0,0,67.17740840266337,4.730000000000004,14.01162205465986
Ульяновская область,2020-12-01,13.23812665431163,-1.7089361724181273,-0.0,-0.0,-0.0,0,0,66.94658702655862,5.349999999999994,14.2126010253445
Ульяновская область,2021-01-01,13.01392921160508,3.0895976215913166,0.0,0.0,0.0,0,0,67.00385040504801,5.719999999999999,14.18858783822668
Ульяновская область,2021-02-01,13.04455651898192,-0.05176615786507455,-0.0,-0.0,-0.0,0,0,66.48421354705691,6.060000000000002,14.23352724151945
Ульяновская область,2021-03-01,12.92091276751792,-0.6104025253424652,-0.0,-0.0,-0.0,0,0,66.80227490325106,6.579999999999998,14.20332434744133
Ульяновская область,2021-04-01,12.79389079603589,-0.5967440618905293,-0.0,-0.0,-0.0,0,0,67.51836461432804,6.939999999999998,14.27109698999514
Ульяновская область,2021-05-01,12.73717600894799,-0.241937869195743,-0.0,-0.0,-0.0,0,1,67.93552784962245,6.519999999999996,14.41237031756325
Ульяновская область,2021-06-01,12.95114264481021,-0.7676306960714552,-0.0,-0.0,-0.0,0,0,68.73125901433794,6.780000000000001,13.80912788240972
Ульяновская область,2021-07-01,12.91460876306906,0.08560806359759354,0.0,0.0,0.0,0,0,69.69453170098348,7.150000000000006,14.19405814249506
Ульяновская область,2021-08-01,13.02454026130769,0.3090771946763784,0.0,0.0,0.0,1,1,70.01188687286066,6.870000000000005,14.04459895521346
Ульяновская область,2021-09-01,13.18497446005985,-0.6460537301930689,-0.0,-0.0,-0.0,0,0,70.69212377244062,6.989999999999995,13.94464983638946
Ульяновская область,2021-10-01,13.23410031981343,-0.6175372517280238,-0.0,-0.0,-0.0,0,0,71.11806571129554,7.870000000000005,14.01113154166728
Ульяновская область,2021-11-01,13.45690188024115,-0.12114037446266934,-0.0,-0.0,-0.0,1,0,71.5768004278244,8.280000000000001,13.93125405491729
Ульяновская область,2021-12-01,13.55630639844361,-0.26721650241728057,-0.0,-0.0,-0.0,0,0,71.4903530650143,9.180000000000007,13.74852750747596
Ульяновская область,2022-01-01,13.72684367424094,0.27464209751393653,0.0,0.0,0.0,0,0,71.61335139238435,8.760000000000005,13.75763878990944
Ульяновская область,2022-02-01,13.83519940005353,-0.3501956198858558,-0.0,-0.0,-0.0,0,0,71.69650714006637,9.760000000000005,13.19768628335059
Ульяновская область,2022-03-01,14.18399371490906,4.941478356719127,0.0,0.0,0.0,0,-1,72.04533779162409,9.780000000000001,13.50238296951497
Ульяновская область,2022-04-01,18.64940381542911,1.4923126339086181,0.0,0.0,0.0,-1,-1,71.1909615084962,17.59999999999999,14.41589775598924
Ульяновская область,2022-05-01,20.05100100652242,-1.244790623444267,-0.0,-0.0,-0.0,0,0,69.44954085496012,18.31,14.2520482329986
Ульяновская область,2022-06-01,20.06298441990446,-3.118179668249544,-0.0,-0.0,-0.0,0,0,68.28626023954057,17.75,14.35863324361235
Ульяновская область,2022-07-01,18.55491893022796,-0.386746413724417,-0.0,-0.0,-0.0,0,0,67.34161888479375,16.68000000000001,15.03787922640688
Ульяновская область,2022-08-01,16.97921895324162,-1.1110066252555733,-0.0,-0.0,-0.0,0,0,66.99164357207626,15.98999999999999,14.78046324518508
Ульяновская область,2022-09-01,16.59599052439072,1.7547062341946287,0.0,0.0,0.0,0,0,66.67166024459573,15.61,14.82908599994811
Ульяновская область,2022-10-01,17.01534450068536,1.2482715752793254,0.0,0.0,0.0,0,0,66.85259819251671,15.0,14.84190064659374
Ульяновская область,2022-11-01,16.32880124161164,0.32653909912163215,0.0,0.0,0.0,0,0,66.18816866928225,14.47,14.72470773618596
Ульяновская область,2022-12-01,16.42478179137594,0.14955653030453497,0.0,0.0,0.0,0,1,65.86435269866399,13.17,14.94700094173608
Ульяновская область,2023-01-01,17.55254791234909,0.13967960707903515,0.0,0.0,0.0,0,0,65.8718658104548,13.5,14.69003574588164
Ульяновская область,2023-02-01,16.58515309949416,-1.9472998218897306,-0.0,-0.0,-0.0,1,0,66.8301108697451,13.20999999999999,14.86348107058363
Ульяновская область,2023-03-01,16.06309933164983,-0.4649545463768856,-0.0,-0.0,-0.0,0,0,66.29574457608847,12.64,14.70257905137899
Ульяновская область,2023-04-01,16.43421672121764,-0.5507806832459252,-0.0,-0.0,-0.0,0,0,66.43143191176026,4.790000000000006,14.51603451389829
Ульяновская область,2023-05-01,16.0648674797505,-0.46521849390664727,-0.0,-0.0,-0.0,0,0,66.00561934791253,4.099999999999994,14.40236438260277
Ульяновская область,2023-06-01,16.25189011343409,-0.5347109788556779,-0.0,-0.0,-0.0,0,1,66.34055248995134,4.150000000000006,13.71233732051416
Ульяновская область,2023-07-01,16.16448952237031,-0.5497632155639387,-0.0,-0.0,-0.0,0,1,66.69456356400238,4.739999999999995,13.72997755403918
Ульяновская область,2023-08-01,15.94077868763141,0.2078297309388475,0.0,0.0,0.0,1,0,65.9509217893279,5.450000000000003,13.43072867637025
Ульяновская область,2023-09-01,16.34135578036071,2.7050587479091437,0.0,0.0,0.0,0,1,67.17239405322817,5.370000000000005,13.31803043567638
Ульяновская область,2023-10-01,18.14635836193238,0.8633696772512707,0.0,0.0,0.0,1,0,68.33294444316202,6.290000000000006,13.21356827002847
Ульяновская область,2023-11-01,18.94224406956693,1.714265038508227,0.0,0.0,0.0,1,0,69.7357110603877,6.400000000000006,12.96631465614467
Ульяновская область,2023-12-01,19.73144716886443,-1.5282051620880424,-0.0,-0.0,-0.0,0,1,69.70516534340365,7.329999999999998,12.99478891121682
Ульяновская область,2024-01-01,21.04567272936189,0.6818813931607863,0.0,0.0,0.0,0,0,67.81803292587578,7.459999999999994,13.0345794592661
Ульяновская область,2024-02-01,22.33909359072098,-1.5559611222700127,-0.0,-0.0,-0.0,1,0,70.52164818274072,7.0,13.12522993610729
Ульяновская область,2024-03-01,23.06488099572268,-0.03662363343873665,-0.0,-0.0,-0.0,0,0,69.81606449715225,7.040000000000006,13.00318503196364
Ульяновская область,2024-04-01,23.03624237923344,-0.07535756412256944,-0.0,-0.0,-0.0,0,0,69.74509311657559,6.640000000000001,12.90639564613538
Ульяновская область,2024-05-01,22.07348052883736,-1.8174537430626252,-0.0,-0.0,-0.0,0,1,66.87993336713741,6.340000000000003,12.89608054556744
Ульяновская область,2024-06-01,22.32855416073864,-0.4392507252018447,-0.0,-0.0,-0.0,0,1,67.00832403461948,6.900000000000006,12.51365947440386
Ульяновская область,2024-07-01,22.60146813166297,-0.5869739684411108,-0.0,-0.0,-0.0,0,1,67.8455736825702,7.180000000000007,12.56930024844908
Ульяновская область,2024-08-01,23.41958162086491,1.4105522767729113,0.0,0.0,0.0,1,0,66.87641140731483,8.349999999999994,11.60125406305349
Ульяновская область,2024-09-01,24.69271371037296,-1.9115218364399809,-0.0,-0.0,-0.0,0,1,66.60205145486881,8.780000000000001,11.57432187643401
Ульяновская область,2024-10-01,24.61761296015328,0.667769408390896,0.0,0.0,0.0,1,0,66.1278022421433,8.14,11.57346416244931
Ульяновская область,2024-11-01,25.75166295739722,2.039278586154861,0.0,0.0,0.0,1,0,66.8391676837801,8.36,11.39895329753631
Ульяновская область,2024-12-01,26.99556199221627,0.34090421830265427,0.0,0.0,0.0,1,-1,63.37888611932839,8.469999999999999,11.55674022195656
Ульяновская область,2025-01-01,33.89200290424767,0.24822008087726388,0.0,0.0,0.0,-1,0,61.26731731418539,9.420000000000002,12.21842760610781
Ульяновская область,2025-02-01,28.35079711253275,0.31653560056003016,0.0,0.0,0.0,0,-1,60.33853225447132,9.950000000000003,12.20286750946662
Ульяновская область,2025-03-01,29.74156607382695,0.41369500741819465,0.0,0.0,0.0,-1,0,59.07849182867591,10.09999999999999,12.49341490103856
Ульяновская область,2025-04-01,30.16716274630709,0.5812476727093596,0.0,0.0,0.0,1,0,58.17291143347604,10.87,12.77186561537727
Ульяновская область,2025-05-01,27.58259816430274,0.3820181297639742,0.0,0.0,0.0,0,1,56.55826263390966,11.45999999999999,12.69494269212144
Ульяновская область,2025-06-01,27.70079354489577,0.6128194128495359,0.0,0.0,0.0,0,0,55.89043209664916,11.34999999999999,12.74880124301221
Ульяновская область,2025-07-01,26.54313997202613,-0.2977272507310609,-0.0,-0.0,-0.0,0,0,54.88790485370222,10.98,13.18492304015309
Ульяновская область,2025-08-01,25.45087300958456,-1.399483474742535,-0.0,-0.0,-0.0,1,0,54.0328539537209,9.700000000000003,12.33913129195695
Ульяновская область,2025-09-01,24.24878052125829,0.2588989388809786,0.0,0.0,0.0,0,0,54.05908615032998,8.920000000000002,12.36333727297741
Ульяновская область,2025-10-01,23.07993198360528,-0.43597080805563593,-0.0,-0.0,-0.0,-1,0,53.66562829252936,9.480000000000004,12.37686281042566
Ульяновская область,2025-11-01,24.05059866260701,-0.19410526130430839,-0.0,-0.0,-0.0,1,1,53.44793575380397,9.36,12.26582575350834
Ульяновская область,2025-12-01,24.50774777439052,0.2813157398373711,0.0,0.0,0.0,0,0,53.33022402893186,8.560000000000002,12.54835084483315
Хабаровский край,2019-03-01,14.91921284664587,0.7128714995200838,0.0,0.0,0.0,0,0,42.70072919907783,5.200000000000003,13.53504224225141
Хабаровский край,2019-04-01,14.81587431718951,0.6911493920479934,0.0,0.0,0.0,0,0,43.15072836728825,5.159999999999997,13.51773997310613
Хабаровский край,2019-05-01,14.81261773746932,0.45783100689424217,0.0,0.0,0.0,1,0,44.64039810799832,5.209999999999994,13.43967043195398
Хабаровский край,2019-06-01,14.95712189274811,0.5041451542673663,0.0,0.0,0.0,0,0,45.11443861476975,5.159999999999997,13.39691817072474
Хабаровский край,2019-07-01,14.91016190193682,0.14629311794748645,0.0,0.0,0.0,0,1,45.60503871719941,4.780000000000001,13.15428838025709
Хабаровский край,2019-08-01,14.79490026784393,0.061654111534494405,0.0,0.0,0.0,0,0,46.36628723317154,4.989999999999995,13.37273839564457
Хабаровский край,2019-09-01,14.43309229589671,0.2864871600654304,0.0,0.0,0.0,0,0,46.93951973411619,5.209999999999994,13.52165093370884
Хабаровский край,2019-10-01,14.25307138471544,0.199118629193201,0.0,0.0,0.0,0,0,47.57284863542625,4.260000000000005,13.68223797986719
Хабаровский край,2019-11-01,14.59410167096121,-0.3451712223245451,-0.0,-0.0,-0.0,1,0,48.94635545375313,4.219999999999999,13.54217059101974
Хабаровский край,2019-12-01,14.27236209594965,-0.11071296164861266,-0.0,-0.0,-0.0,0,0,49.36080669418759,4.349999999999994,13.57766336396352
Хабаровский край,2020-01-01,14.11652651228566,0.4934187707708695,0.0,0.0,0.0,0,0,49.12398116392747,4.219999999999999,13.4585229906271
Хабаровский край,2020-02-01,14.13403250535726,0.717717316165718,0.0,0.0,0.0,0,0,47.40696906078756,3.329999999999998,13.45221416246014
Хабаровский край,2020-03-01,14.19636465012396,0.5448138582658153,0.0,0.0,0.0,0,0,47.72426072635815,3.290000000000006,13.5629873084677
Хабаровский край,2020-04-01,13.80794419878537,0.24910450663146122,0.0,0.0,0.0,0,-1,48.21648462979732,3.159999999999997,13.36932384273304
Хабаровский край,2020-05-01,13.58228616907863,0.12930980432325967,0.0,0.0,0.0,-1,0,47.64764745192742,3.870000000000005,14.21157903848219
Хабаровский край,2020-06-01,13.77359326248695,0.4216232562547013,0.0,0.0,0.0,0,0,47.75779661631142,3.609999999999999,14.17041030171832
Хабаровский край,2020-07-01,13.55781815578595,-1.5016319110366503,-0.0,-0.0,-0.0,0,0,47.96072009399506,3.829999999999998,14.29751889397244
Хабаровский край,2020-08-01,13.14456373460627,-0.8645661305373835,-0.0,-0.0,-0.0,0,0,48.45910081810993,4.049999999999997,14.18735382574063
Хабаровский край,2020-09-01,13.22531744670169,-0.7937016241842549,-0.0,-0.0,-0.0,0,-1,49.63345303582651,3.640000000000001,14.05425065290375
Хабаровский край,2020-10-01,13.05354846610348,-1.2364929674992595,-0.0,-0.0,-0.0,-1,0,50.52746284600074,3.659999999999997,14.25615322596753
Хабаровский край,2020-11-01,12.87377031778412,-1.3589786818048175,-0.0,-0.0,-0.0,0,0,51.03600822276187,4.329999999999998,13.64164819064822
Хабаровский край,2020-12-01,12.89134354534627,-1.7089361724181273,-0.0,-0.0,-0.0,0,0,51.31010897720556,4.340000000000003,13.77365051710808
Хабаровский край,2021-01-01,12.71412875755774,3.0895976215913166,0.0,0.0,0.0,0,0,51.66169739798999,4.900000000000006,13.81830408201959
Хабаровский край,2021-02-01,12.57568111783456,-0.05176615786507455,-0.0,-0.0,-0.0,0,0,52.52061573062765,4.620000000000005,13.83346354927806
Хабаровский край,2021-03-01,12.46780043073683,-0.6104025253424652,-0.0,-0.0,-0.0,0,0,53.01244582516583,4.780000000000001,13.80948163417885
Хабаровский край,2021-04-01,12.34371878925799,-0.5967440618905293,-0.0,-0.0,-0.0,0,0,53.64864462390345,5.099999999999994,13.92085846211996
Хабаровский край,2021-05-01,12.13935001662997,-0.241937869195743,-0.0,-0.0,-0.0,0,1,55.47593771175791,4.680000000000007,14.04330414750489
Хабаровский край,2021-06-01,12.33829968276461,-0.7676306960714552,-0.0,-0.0,-0.0,0,0,56.29414115137236,5.030000000000001,13.46214247548732
Хабаровский край,2021-07-01,12.40444983081655,0.08560806359759354,0.0,0.0,0.0,0,0,57.03555653958586,5.090000000000003,13.93257014238382
Хабаровский край,2021-08-01,12.53284879309116,0.3090771946763784,0.0,0.0,0.0,1,1,58.76867501934956,5.329999999999998,13.75365493785364
Хабаровский край,2021-09-01,12.64240565419784,-0.6460537301930689,-0.0,-0.0,-0.0,0,0,59.26674740683673,5.840000000000003,13.64860049147396
Хабаровский край,2021-10-01,12.3518870877881,-0.6175372517280238,-0.0,-0.0,-0.0,0,0,59.75628632165334,5.920000000000002,13.72429387904646
Хабаровский край,2021-11-01,12.81319143576589,-0.12114037446266934,-0.0,-0.0,-0.0,1,0,57.85553641149372,5.989999999999995,13.67133620093148
Хабаровский край,2021-12-01,12.94452624727609,-0.26721650241728057,-0.0,-0.0,-0.0,0,0,57.32997155565326,6.489999999999995,13.48632151713532
Хабаровский край,2022-01-01,13.01872504940908,0.27464209751393653,0.0,0.0,0.0,0,0,57.06908163770333,6.239999999999995,13.42770027712204
Хабаровский край,2022-02-01,13.57018499067087,-0.3501956198858558,-0.0,-0.0,-0.0,0,0,59.12284540550728,7.090000000000003,12.85641113100518
Хабаровский край,2022-03-01,13.75263364024116,4.941478356719127,0.0,0.0,0.0,0,-1,59.69839346434601,7.140000000000001,13.23078333276215
Хабаровский край,2022-04-01,18.38933974455674,1.4923126339086181,0.0,0.0,0.0,-1,-1,59.72977330994311,14.36,14.14651870546634
Хабаровский край,2022-05-01,20.3778271842396,-1.244790623444267,-0.0,-0.0,-0.0,0,0,58.84510057549666,15.14,13.88340409633812
Хабаровский край,2022-06-01,18.92049910907409,-3.118179668249544,-0.0,-0.0,-0.0,0,0,58.52875763433206,14.41,13.93809885299161
Хабаровский край,2022-07-01,18.04938933928549,-0.386746413724417,-0.0,-0.0,-0.0,0,0,58.55530649020856,13.83,14.61575787357373
Хабаровский край,2022-08-01,15.65935335548424,-1.1110066252555733,-0.0,-0.0,-0.0,0,0,57.3082793784279,13.36,14.33146348785161
Хабаровский край,2022-09-01,15.97677758840033,1.7547062341946287,0.0,0.0,0.0,0,0,57.87344740913745,12.05,14.36449260786645
Хабаровский край,2022-10-01,15.82755597369977,1.2482715752793254,0.0,0.0,0.0,0,0,58.8271558019684,11.62,14.33908621956442
Хабаровский край,2022-11-01,15.50972622888106,0.32653909912163215,0.0,0.0,0.0,0,0,59.8690739368699,10.84999999999999,14.20218101430855
Хабаровский край,2022-12-01,16.37562866523464,0.14955653030453497,0.0,0.0,0.0,0,1,60.28927879580747,10.64,14.46005241081985
Хабаровский край,2023-01-01,16.40470195447125,0.13967960707903515,0.0,0.0,0.0,0,0,60.23696740326427,10.8,14.23184407811803
Хабаровский край,2023-02-01,16.30077546837193,-1.9472998218897306,-0.0,-0.0,-0.0,1,0,58.47280441108316,9.730000000000004,14.36411637524924
Хабаровский край,2023-03-01,15.93353219971452,-0.4649545463768856,-0.0,-0.0,-0.0,0,0,58.50410759441025,8.920000000000002,14.18758250453579
Хабаровский край,2023-04-01,15.71561668159388,-0.5507806832459252,-0.0,-0.0,-0.0,0,0,58.92935045717343,2.109999999999999,13.98583268611359
Хабаровский край,2023-05-01,15.50864728861001,-0.46521849390664727,-0.0,-0.0,-0.0,0,0,61.49881646792468,0.8700000000000045,13.8287188618321
Хабаровский край,2023-06-01,16.1061213501199,-0.5347109788556779,-0.0,-0.0,-0.0,0,1,61.90724825651663,1.379999999999995,13.20306474213007
Хабаровский край,2023-07-01,15.78634574966288,-0.5497632155639387,-0.0,-0.0,-0.0,0,1,62.6710034599917,1.670000000000002,13.20871589677375
Хабаровский край,2023-08-01,16.05980934694204,0.2078297309388475,0.0,0.0,0.0,1,0,61.36893613264537,2.109999999999999,12.93782455118659
Хабаровский край,2023-09-01,17.18303845785033,2.7050587479091437,0.0,0.0,0.0,0,1,62.52725927450326,3.409999999999997,12.82253768737256
Хабаровский край,2023-10-01,19.17335813588864,0.8633696772512707,0.0,0.0,0.0,1,0,63.73027438448873,4.989999999999995,12.75920630417856
Хабаровский край,2023-11-01,19.73487175507141,1.714265038508227,0.0,0.0,0.0,1,0,66.76864365482595,5.819999999999993,12.54863816564909
Хабаровский край,2023-12-01,19.79378035034528,-1.5282051620880424,-0.0,-0.0,-0.0,0,1,66.91848327629367,6.670000000000002,12.62447387456537
Хабаровский край,2024-01-01,20.20428530681484,0.6818813931607863,0.0,0.0,0.0,0,0,65.83650381836446,6.840000000000003,12.63414259955024
Хабаровский край,2024-02-01,24.45307604097081,-1.5559611222700127,-0.0,-0.0,-0.0,1,0,65.42554180163552,7.319999999999993,12.76651210883256
Хабаровский край,2024-03-01,26.81457425786284,-0.03662363343873665,-0.0,-0.0,-0.0,0,0,65.22126537296104,8.170000000000002,12.64169430807088
Хабаровский край,2024-04-01,25.06508090886235,-0.07535756412256944,-0.0,-0.0,-0.0,0,0,65.3358939182571,7.909999999999997,12.56376121288151
Хабаровский край,2024-05-01,24.4689285576483,-1.8174537430626252,-0.0,-0.0,-0.0,0,1,63.30476721511891,8.469999999999999,12.54362825039257
Хабаровский край,2024-06-01,24.6771444078134,-0.4392507252018447,-0.0,-0.0,-0.0,0,1,63.44298899712869,8.590000000000003,12.19209607211073
Хабаровский край,2024-07-01,25.18120753052933,-0.5869739684411108,-0.0,-0.0,-0.0,0,1,64.12500801337875,8.700000000000003,12.28443068534244
Хабаровский край,2024-08-01,24.97249957204009,1.4105522767729113,0.0,0.0,0.0,1,0,61.89854568933045,9.090000000000003,11.28431041417476
Хабаровский край,2024-09-01,27.88393117319661,-1.9115218364399809,-0.0,-0.0,-0.0,0,1,61.9260573242132,8.670000000000002,11.24305035163868
Хабаровский край,2024-10-01,28.19108994017553,0.667769408390896,0.0,0.0,0.0,1,0,61.12347808857109,8.0,11.23501207256804
Хабаровский край,2024-11-01,31.09701263218581,2.039278586154861,0.0,0.0,0.0,1,0,61.63045841698722,8.450000000000003,11.105000344406
Хабаровский край,2024-12-01,33.0666179847344,0.34090421830265427,0.0,0.0,0.0,1,-1,59.23902918125478,7.989999999999995,11.24248005494046
Хабаровский край,2025-01-01,36.80581923194427,0.24822008087726388,0.0,0.0,0.0,-1,0,57.21786251467561,7.359999999999999,11.93545908013177
Хабаровский край,2025-02-01,33.43286339009716,0.31653560056003016,0.0,0.0,0.0,0,-1,57.498109946803,8.489999999999995,11.9412963848724
Хабаровский край,2025-03-01,32.96676029308702,0.41369500741819465,0.0,0.0,0.0,-1,0,56.68952214549832,8.329999999999998,12.21951378443146
Хабаровский край,2025-04-01,35.33992351469535,0.5812476727093596,0.0,0.0,0.0,1,0,56.09882430948948,8.64,12.49291667385981
Хабаровский край,2025-05-01,33.57987489149828,0.3820181297639742,0.0,0.0,0.0,0,1,54.04495739572498,8.409999999999997,12.45345370298213
Хабаровский край,2025-06-01,33.23539116813197,0.6128194128495359,0.0,0.0,0.0,0,0,53.61981261604814,7.799999999999997,12.58447667912615
Хабаровский край,2025-07-01,33.20953409896071,-0.2977272507310609,-0.0,-0.0,-0.0,0,0,53.06776328718156,7.390000000000001,12.98141070049508
Хабаровский край,2025-08-01,44.44435310450624,-1.399483474742535,-0.0,-0.0,-0.0,1,0,52.12555598385359,7.170000000000002,12.14956631219709
Хабаровский край,2025-09-01,32.52962311547243,0.2588989388809786,0.0,0.0,0.0,0,0,52.24052864026828,7.079999999999998,12.20005214205127
Хабаровский край,2025-10-01,30.40242208492611,-0.43597080805563593,-0.0,-0.0,-0.0,-1,0,52.06838957222797,6.819999999999993,12.25917450204612
Хабаровский край,2025-11-01,29.99849064540343,-0.19410526130430839,-0.0,-0.0,-0.0,1,1,51.94486939582909,6.180000000000007,12.18074157974086
Хабаровский край,2025-12-01,29.78302183922509,0.2813157398373711,0.0,0.0,0.0,0,0,51.67318622776838,5.379999999999995,12.43295163071879
Челябинская область,2019-03-01,15.05322350688277,0.7128714995200838,0.7128714995200838,0.0,0.0,0,0,48.34768545407275,4.230000000000004,14.08637219507552
Челябинская область,2019-04-01,14.96572341451156,0.6911493920479934,0.6911493920479934,0.0,0.0,0,0,49.01556532419084,4.170000000000002,14.14112526333395
Челябинская область,2019-05-01,15.04667224584645,0.45783100689424217,0.45783100689424217,0.0,0.0,1,0,49.57077641559759,4.25,13.93056734432267
Челябинская область,2019-06-01,15.26047414937418,0.5041451542673663,0.5041451542673663,0.0,0.0,0,0,49.98902070068908,4.140000000000001,13.86210698619488
Челябинская область,2019-07-01,15.16082023941712,0.14629311794748645,0.14629311794748645,0.0,0.0,0,1,50.27115890706877,3.939999999999998,13.68498369632733
Челябинская область,2019-08-01,15.07699414438607,0.061654111534494405,0.061654111534494405,0.0,0.0,0,0,50.53692070584945,3.959999999999994,13.81436885983706
Челябинская область,2019-09-01,14.83767272578685,0.2864871600654304,0.2864871600654304,0.0,0.0,0,0,51.18223962962835,3.730000000000004,13.99912004103764
Челябинская область,2019-10-01,14.62159165584864,0.199118629193201,0.199118629193201,0.0,0.0,0,0,51.61070737568711,3.459999999999994,14.09360842012419
Челябинская область,2019-11-01,14.80916817669286,-0.3451712223245451,-0.3451712223245451,-0.0,-0.0,1,0,51.57130318237812,3.25,13.9997652860981
Челябинская область,2019-12-01,14.43238165086043,-0.11071296164861266,-0.11071296164861266,-0.0,-0.0,0,0,52.0007797558157,3.299999999999997,13.98918728730643
Челябинская область,2020-01-01,14.27293541005081,0.4934187707708695,0.4934187707708695,0.0,0.0,0,0,52.0209162798127,3.060000000000002,13.93494935000676
Челябинская область,2020-02-01,14.35705570451916,0.717717316165718,0.717717316165718,0.0,0.0,0,0,52.29238115952492,2.560000000000002,13.93706043001483
Челябинская область,2020-03-01,14.39482424591194,0.5448138582658153,0.5448138582658153,0.0,0.0,0,0,52.55628474091847,2.290000000000006,14.07569966921184
Челябинская область,2020-04-01,13.89742447751126,0.24910450663146122,0.24910450663146122,0.0,0.0,0,-1,52.85470805511541,2.629999999999995,13.87657934386667
Челябинская область,2020-05-01,14.14867129992464,0.12930980432325967,0.12930980432325967,0.0,0.0,-1,0,52.65593827878065,3.120000000000005,14.51625941824693
Челябинская область,2020-06-01,14.16782086984355,0.4216232562547013,0.4216232562547013,0.0,0.0,0,0,52.64484864093903,3.269999999999996,14.47306273777446
Челябинская область,2020-07-01,13.91174150822082,-1.5016319110366503,-1.5016319110366503,-0.0,-0.0,0,0,52.8989258199156,3.200000000000003,14.54288459518517
Челябинская область,2020-08-01,13.56105391637158,-0.8645661305373835,-0.8645661305373835,-0.0,-0.0,0,0,53.71480441015181,3.430000000000007,14.55379017537021
Челябинская область,2020-09-01,13.4375082089311,-0.7937016241842549,-0.7937016241842549,-0.0,-0.0,0,-1,54.63970582276689,3.569999999999993,14.50728944873345
Челябинская область,2020-10-01,13.34479826587575,-1.2364929674992595,-1.2364929674992595,-0.0,-0.0,-1,0,55.36907655912694,3.650000000000006,14.67417608826335
Челябинская область,2020-11-01,13.11161524349993,-1.3589786818048175,-1.3589786818048175,-0.0,-0.0,0,0,56.24835503747432,4.049999999999997,14.17350955012666
Челябинская область,2020-12-01,12.8931833560764,-1.7089361724181273,-1.7089361724181273,-0.0,-0.0,0,0,56.31028718117569,4.280000000000001,14.32322614117167
Челябинская область,2021-01-01,12.92626038538451,3.0895976215913166,3.0895976215913166,0.0,0.0,0,0,56.727547210571,4.560000000000002,14.31642469451406
Челябинская область,2021-02-01,12.82880775662749,-0.05176615786507455,-0.05176615786507455,-0.0,-0.0,0,0,57.1906605366601,4.540000000000006,14.28549515873401
Челябинская область,2021-03-01,12.8050814847012,-0.6104025253424652,-0.6104025253424652,-0.0,-0.0,0,0,57.63375106390251,5.189999999999998,14.2946153275642
Челябинская область,2021-04-01,12.76709294976454,-0.5967440618905293,-0.5967440618905293,-0.0,-0.0,0,0,58.55391725618529,5.530000000000001,14.33559609302372
Челябинская область,2021-05-01,12.62069241937662,-0.241937869195743,-0.241937869195743,-0.0,-0.0,0,1,58.73028817470873,5.170000000000002,14.3273030608648
Челябинская область,2021-06-01,12.87074739417135,-0.7676306960714552,-0.7676306960714552,-0.0,-0.0,0,0,59.38376966387041,5.340000000000003,13.89000845067156
Челябинская область,2021-07-01,12.88963480227732,0.08560806359759354,0.08560806359759354,0.0,0.0,0,0,60.10861275553654,5.519999999999996,14.28854932060378
Челябинская область,2021-08-01,13.01546148374345,0.3090771946763784,0.3090771946763784,0.0,0.0,1,1,60.22139073889359,5.439999999999998,14.14144814937819
Челябинская область,2021-09-01,12.99253307487908,-0.6460537301930689,-0.6460537301930689,-0.0,-0.0,0,0,60.68645810961167,5.310000000000002,14.03927498216511
Челябинская область,2021-10-01,12.96734119382589,-0.6175372517280238,-0.6175372517280238,-0.0,-0.0,0,0,60.95888214482937,6.140000000000001,13.99912709809176
Челябинская область,2021-11-01,13.1815844487301,-0.12114037446266934,-0.12114037446266934,-0.0,-0.0,1,0,61.36621678559803,6.620000000000005,14.01338848110993
Челябинская область,2021-12-01,13.42258883930153,-0.26721650241728057,-0.26721650241728057,-0.0,-0.0,0,0,60.76060142069557,6.930000000000007,13.88650597514599
Челябинская область,2022-01-01,13.49851454731979,0.27464209751393653,0.27464209751393653,0.0,0.0,0,0,60.46948599044924,6.659999999999997,13.86093945619991
Челябинская область,2022-02-01,13.87826002581988,-0.3501956198858558,-0.3501956198858558,-0.0,-0.0,0,0,64.21025608334993,7.280000000000001,13.37393518475091
Челябинская область,2022-03-01,13.95595075062106,4.941478356719127,4.941478356719127,0.0,0.0,0,-1,64.5784028425526,6.920000000000002,13.91782349565325
Челябинская область,2022-04-01,19.09438119357556,1.4923126339086181,1.4923126339086181,0.0,0.0,-1,-1,63.27246476165108,13.04000000000001,14.76450830510393
Челябинская область,2022-05-01,21.25688220482047,-1.244790623444267,-1.244790623444267,-0.0,-0.0,0,0,60.23627758824066,14.63,14.56358117385007
Челябинская область,2022-06-01,20.86699624562937,-3.118179668249544,-3.118179668249544,-0.0,-0.0,0,0,59.19376632398708,14.13,14.65082909433067
Челябинская область,2022-07-01,19.52134185640059,-0.386746413724417,-0.386746413724417,-0.0,-0.0,0,0,58.61865177030921,13.78,15.26857810312595
Челябинская область,2022-08-01,16.78518678447709,-1.1110066252555733,-1.1110066252555733,-0.0,-0.0,0,0,57.88967301541532,12.91,15.04913633379766
Челябинская область,2022-09-01,16.60746030106961,1.7547062341946287,1.7547062341946287,0.0,0.0,0,0,57.81353217677692,11.98,15.10513845137849
Челябинская область,2022-10-01,16.33879666711658,1.2482715752793254,1.2482715752793254,0.0,0.0,0,0,58.07650494262309,11.09,15.08919973571641
Челябинская область,2022-11-01,16.15282732894764,0.32653909912163215,0.32653909912163215,0.0,0.0,0,0,58.03528343220078,10.51000000000001,15.04977293332968
Челябинская область,2022-12-01,16.44788159490225,0.14955653030453497,0.14955653030453497,0.0,0.0,0,1,57.99193551870849,10.02,15.20870150670445
Челябинская область,2023-01-01,17.29812975837226,0.13967960707903515,0.13967960707903515,0.0,0.0,0,0,57.77923977156786,10.37,15.00656618929329
Челябинская область,2023-02-01,16.38687858918442,-1.9472998218897306,-1.9472998218897306,-0.0,-0.0,1,0,57.48098945293984,10.06999999999999,15.19923568649089
Челябинская область,2023-03-01,16.11694244684704,-0.4649545463768856,-0.4649545463768856,-0.0,-0.0,0,0,57.34225670177908,10.19,15.05243114286011
Челябинская область,2023-04-01,16.0971070097829,-0.5507806832459252,-0.5507806832459252,-0.0,-0.0,0,0,57.98327227929843,3.609999999999999,14.88076294589921
Челябинская область,2023-05-01,16.0908200167891,-0.46521849390664727,-0.46521849390664727,-0.0,-0.0,0,0,56.78867962713237,2.189999999999998,14.73295439983009
Челябинская область,2023-06-01,16.29916111497274,-0.5347109788556779,-0.5347109788556779,-0.0,-0.0,0,1,57.25616901800329,2.680000000000007,14.1922663778088
Челябинская область,2023-07-01,16.26967860890736,-0.5497632155639387,-0.5497632155639387,-0.0,-0.0,0,1,57.78117683553275,3.069999999999993,14.16242250608248
Челябинская область,2023-08-01,15.95490548486981,0.2078297309388475,0.2078297309388475,0.0,0.0,1,0,57.97310547167991,4.079999999999998,13.87900304269586
Челябинская область,2023-09-01,16.45477548297637,2.7050587479091437,2.7050587479091437,0.0,0.0,0,1,59.26860044971475,5.370000000000005,13.79126165402237
Челябинская область,2023-10-01,18.21510448488191,0.8633696772512707,0.8633696772512707,0.0,0.0,1,0,60.40624106956223,5.989999999999995,13.64868414247802
Челябинская область,2023-11-01,19.03561039166038,1.714265038508227,1.714265038508227,0.0,0.0,1,0,61.3323353442054,6.620000000000005,13.43412861152781
Челябинская область,2023-12-01,19.51196972975004,-1.5282051620880424,-1.5282051620880424,-0.0,-0.0,0,1,61.55919591612646,7.290000000000006,13.44242102567089
Челябинская область,2024-01-01,20.57425627626922,0.6818813931607863,0.6818813931607863,0.0,0.0,0,0,60.80622475628827,7.310000000000002,13.44803394395527
Челябинская область,2024-02-01,21.70612977494679,-1.5559611222700127,-1.5559611222700127,-0.0,-0.0,1,0,59.90047992612902,7.680000000000007,13.49276406116187
Челябинская область,2024-03-01,23.24578347015176,-0.03662363343873665,-0.03662363343873665,-0.0,-0.0,0,0,59.3519684730492,7.739999999999995,13.36491315922952
Челябинская область,2024-04-01,22.55926402613839,-0.07535756412256944,-0.07535756412256944,-0.0,-0.0,0,0,59.41091252202219,7.989999999999995,13.2730510689229
Челябинская область,2024-05-01,22.10668578607309,-1.8174537430626252,-1.8174537430626252,-0.0,-0.0,0,1,59.34137334335402,7.450000000000003,13.22516620370455
Челябинская область,2024-06-01,21.87564099495544,-0.4392507252018447,-0.4392507252018447,-0.0,-0.0,0,1,59.34898179888584,7.209999999999994,12.84600492181832
Челябинская область,2024-07-01,23.05544104639006,-0.5869739684411108,-0.5869739684411108,-0.0,-0.0,0,1,59.89686885048834,7.030000000000001,12.87518924012079
Челябинская область,2024-08-01,23.23560141343429,1.4105522767729113,1.4105522767729113,0.0,0.0,1,0,58.98391376241857,7.5,12.03532402436946
Челябинская область,2024-09-01,24.79218528569027,-1.9115218364399809,-1.9115218364399809,-0.0,-0.0,0,1,58.81605727252239,7.459999999999994,12.01701275948183
Челябинская область,2024-10-01,24.70594053411504,0.667769408390896,0.667769408390896,0.0,0.0,1,0,58.00681753457398,7.730000000000004,12.01414045894488
Челябинская область,2024-11-01,26.02259993256739,2.039278586154861,2.039278586154861,0.0,0.0,1,0,56.77438366240817,7.459999999999994,11.8420771268554
Челябинская область,2024-12-01,27.88210636829161,0.34090421830265427,0.34090421830265427,0.0,0.0,1,-1,54.54832024110355,8.260000000000005,11.98378669446665
Челябинская область,2025-01-01,27.73355800423165,0.24822008087726388,0.24822008087726388,0.0,0.0,-1,0,52.86714814933639,8.620000000000005,12.52841741002507
Челябинская область,2025-02-01,28.90154731032158,0.31653560056003016,0.31653560056003016,0.0,0.0,0,-1,52.23341902588176,8.829999999999998,12.54780941796238
Челябинская область,2025-03-01,30.50242447571916,0.41369500741819465,0.41369500741819465,0.0,0.0,-1,0,51.43736973942076,9.25,12.83584120440549
Челябинская область,2025-04-01,30.36401026891643,0.5812476727093596,0.5812476727093596,0.0,0.0,1,0,50.78317854386395,9.450000000000003,13.1043655286108
Челябинская область,2025-05-01,28.39643119506866,0.3820181297639742,0.3820181297639742,0.0,0.0,0,1,50.31922891047841,10.02,13.02294949972968
Челябинская область,2025-06-01,28.44922034486559,0.6128194128495359,0.6128194128495359,0.0,0.0,0,0,49.90274504767524,10.09999999999999,13.05282193135424
Челябинская область,2025-07-01,27.70963023214108,-0.2977272507310609,-0.2977272507310609,-0.0,-0.0,0,0,49.2568280575551,9.969999999999999,13.52351588687093
Челябинская область,2025-08-01,26.55913548855579,-1.399483474742535,-1.399483474742535,-0.0,-0.0,1,0,48.40692615273288,9.180000000000007,12.7104371398003
Челябинская область,2025-09-01,26.28415498804125,0.2588989388809786,0.2588989388809786,0.0,0.0,0,0,48.43221915951728,7.909999999999997,12.8533165453762
Челябинская область,2025-10-01,23.83966019203294,-0.43597080805563593,-0.43597080805563593,-0.0,-0.0,-1,0,48.34958251996363,7.310000000000002,12.72977848161242
Челябинская область,2025-11-01,24.22426220292737,-0.19410526130430839,-0.19410526130430839,-0.0,-0.0,1,1,48.24129531229752,7.349999999999994,12.63027303942504
Челябинская область,2025-12-01,26.44381674107014,0.2813157398373711,0.2813157398373711,0.0,0.0,0,0,48.03596151360674,6.109999999999999,12.86717749190586
Чувашская Республика - Чувашия,2019-03-01,15.0276469914294,0.7128714995200838,0.0,0.0,0.0,0,0,67.47991922572577,5.480000000000004,13.88572232106982
Чувашская Республика - Чувашия,2019-04-01,14.92144670754027,0.6911493920479934,0.0,0.0,0.0,0,0,68.0827752137065,5.390000000000001,13.86725550334694
Чувашская Республика - Чувашия,2019-05-01,14.96189396090867,0.45783100689424217,0.0,0.0,0.0,1,0,71.09689538274526,5.659999999999997,13.8037533212968
Чувашская Республика - Чувашия,2019-06-01,15.15112911902607,0.5041451542673663,0.0,0.0,0.0,0,0,71.4255842344075,5.709999999999994,13.76140581180844
Чувашская Республика - Чувашия,2019-07-01,15.00503873996876,0.14629311794748645,0.0,0.0,0.0,0,1,71.61595159314508,4.909999999999997,13.48842659608174
Чувашская Республика - Чувашия,2019-08-01,15.01999570180499,0.061654111534494405,0.0,0.0,0.0,0,0,69.40683979416706,4.799999999999997,13.72177952630742
Чувашская Республика - Чувашия,2019-09-01,14.61582324823814,0.2864871600654304,0.0,0.0,0.0,0,0,70.03939030184779,3.819999999999993,13.79825739103123
Чувашская Республика - Чувашия,2019-10-01,14.52968318474227,0.199118629193201,0.0,0.0,0.0,0,0,70.60162644325058,3.269999999999996,13.93786250224307
Чувашская Республика - Чувашия,2019-11-01,14.8199849513327,-0.3451712223245451,-0.0,-0.0,-0.0,1,0,70.42673209638427,3.299999999999997,13.86714958928787
Чувашская Республика - Чувашия,2019-12-01,14.4931188237761,-0.11071296164861266,-0.0,-0.0,-0.0,0,0,69.93700362463787,2.620000000000005,13.94114593200024
Чувашская Республика - Чувашия,2020-01-01,14.35729434779968,0.4934187707708695,0.0,0.0,0.0,0,0,69.80359665859744,2.0,13.82269518491448
Чувашская Республика - Чувашия,2020-02-01,14.5083619806936,0.717717316165718,0.0,0.0,0.0,0,0,69.63451478467535,1.650000000000006,13.77971179114066
Чувашская Республика - Чувашия,2020-03-01,14.59823569065327,0.5448138582658153,0.0,0.0,0.0,0,0,69.70478907962878,1.329999999999998,13.90969249206731
Чувашская Республика - Чувашия,2020-04-01,14.04428961422687,0.24910450663146122,0.0,0.0,0.0,0,-1,70.21148297380277,1.530000000000001,13.62671153685087
Чувашская Республика - Чувашия,2020-05-01,14.06221135448925,0.12930980432325967,0.0,0.0,0.0,-1,0,72.25760054073737,2.409999999999997,14.47180209023017
Чувашская Республика - Чувашия,2020-06-01,13.8791316370396,0.4216232562547013,0.0,0.0,0.0,0,0,71.9195302398859,2.260000000000005,14.429967084951
Чувашская Республика - Чувашия,2020-07-01,13.72143102334603,-1.5016319110366503,-0.0,-0.0,-0.0,0,0,72.45354061017444,2.780000000000001,14.55942408630812
Чувашская Республика - Чувашия,2020-08-01,13.43958395147499,-0.8645661305373835,-0.0,-0.0,-0.0,0,0,71.1847276859537,2.810000000000002,14.55605151459588
Чувашская Республика - Чувашия,2020-09-01,13.46727847127066,-0.7937016241842549,-0.0,-0.0,-0.0,0,-1,72.0665452547046,3.25,14.40457215187508
Чувашская Республика - Чувашия,2020-10-01,13.49659418558005,-1.2364929674992595,-0.0,-0.0,-0.0,-1,0,72.99691605627588,3.239999999999995,14.58426055137281
Чувашская Республика - Чувашия,2020-11-01,12.93119848946826,-1.3589786818048175,-0.0,-0.0,-0.0,0,0,73.76026405195694,3.810000000000002,13.93961547607601
Чувашская Республика - Чувашия,2020-12-01,13.14016783921802,-1.7089361724181273,-0.0,-0.0,-0.0,0,0,74.1617650701848,4.640000000000001,14.09983955239749
Чувашская Республика - Чувашия,2021-01-01,13.13059524144479,3.0895976215913166,0.0,0.0,0.0,0,0,74.57344768059428,5.209999999999994,14.12016088589194
Чувашская Республика - Чувашия,2021-02-01,13.06311404018724,-0.05176615786507455,-0.0,-0.0,-0.0,0,0,74.68384579465868,5.819999999999993,14.14448425973076
Чувашская Республика - Чувашия,2021-03-01,13.07233928582888,-0.6104025253424652,-0.0,-0.0,-0.0,0,0,75.32022750992796,6.390000000000001,14.11397561936748
Чувашская Республика - Чувашия,2021-04-01,12.78476499984244,-0.5967440618905293,-0.0,-0.0,-0.0,0,0,76.02832141341209,6.480000000000004,14.18940328618952
Чувашская Республика - Чувашия,2021-05-01,12.55866600350571,-0.241937869195743,-0.0,-0.0,-0.0,0,1,77.88910766961273,5.489999999999995,14.32679120383721
Чувашская Республика - Чувашия,2021-06-01,12.86432817543811,-0.7676306960714552,-0.0,-0.0,-0.0,0,0,78.70008410327011,5.75,13.70398197510092
Чувашская Республика - Чувашия,2021-07-01,12.97426486241772,0.08560806359759354,0.0,0.0,0.0,0,0,79.02598394969172,5.890000000000001,14.10101339434142
Чувашская Республика - Чувашия,2021-08-01,12.97896259716764,0.3090771946763784,0.0,0.0,0.0,1,1,77.26318062189664,5.730000000000004,13.93696095140195
Чувашская Республика - Чувашия,2021-09-01,12.90210323904202,-0.6460537301930689,-0.0,-0.0,-0.0,0,0,78.22811130503037,6.420000000000002,13.85932827807065
Чувашская Республика - Чувашия,2021-10-01,13.15141451981609,-0.6175372517280238,-0.0,-0.0,-0.0,0,0,78.56707963602554,7.5,13.97010276526103
Чувашская Республика - Чувашия,2021-11-01,13.33371116510785,-0.12114037446266934,-0.0,-0.0,-0.0,1,0,81.02870966449646,8.39,13.88767856087354
Чувашская Республика - Чувашия,2021-12-01,13.49038335770699,-0.26721650241728057,-0.0,-0.0,-0.0,0,0,80.52513845488618,8.530000000000001,13.71925048877827
Чувашская Республика - Чувашия,2022-01-01,13.66727041370819,0.27464209751393653,0.0,0.0,0.0,0,0,79.91937900899285,8.86,13.69437920458766
Чувашская Республика - Чувашия,2022-02-01,13.92213499073049,-0.3501956198858558,-0.0,-0.0,-0.0,0,0,82.91551272675612,9.0,13.13168661438754
Чувашская Республика - Чувашия,2022-03-01,14.28826586245808,4.941478356719127,0.0,0.0,0.0,0,-1,83.26278442213084,9.629999999999995,13.42466961860675
Чувашская Республика - Чувашия,2022-04-01,19.81612265449176,1.4923126339086181,0.0,0.0,0.0,-1,-1,82.3445548538747,18.09,14.31124388294376
Чувашская Республика - Чувашия,2022-05-01,22.1237686349975,-1.244790623444267,-0.0,-0.0,-0.0,0,0,81.30175416437713,19.22,14.14206523486661
Чувашская Республика - Чувашия,2022-06-01,21.37567075348596,-3.118179668249544,-0.0,-0.0,-0.0,0,0,79.87839613579834,18.58,14.23326449456034
Чувашская Республика - Чувашия,2022-07-01,18.96077758672975,-0.386746413724417,-0.0,-0.0,-0.0,0,0,78.84403352979523,17.55,14.8715017219159
Чувашская Республика - Чувашия,2022-08-01,16.5940653834691,-1.1110066252555733,-0.0,-0.0,-0.0,0,0,74.28286181930812,16.72,14.61198400866462
Чувашская Республика - Чувашия,2022-09-01,16.96819391745553,1.7547062341946287,0.0,0.0,0.0,0,0,73.92051604879678,15.23999999999999,14.64904852253141
Чувашская Республика - Чувашия,2022-10-01,17.95349083256085,1.2482715752793254,0.0,0.0,0.0,0,0,74.16338619851705,14.45,14.62820913930401
Чувашская Республика - Чувашия,2022-11-01,16.23647451895526,0.32653909912163215,0.0,0.0,0.0,0,0,75.20254292774536,12.81,14.45919217471181
Чувашская Республика - Чувашия,2022-12-01,16.68705940826021,0.14955653030453497,0.0,0.0,0.0,0,1,75.12878515665949,12.36,14.68548978166284
Чувашская Республика - Чувашия,2023-01-01,17.25015882477765,0.13967960707903515,0.0,0.0,0.0,0,0,75.2240132919823,12.23999999999999,14.41512110947052
Чувашская Республика - Чувашия,2023-02-01,16.45471766050519,-1.9472998218897306,-0.0,-0.0,-0.0,1,0,74.60576317465804,12.12,14.55583634890651
Чувашская Республика - Чувашия,2023-03-01,16.46499665142752,-0.4649545463768856,-0.0,-0.0,-0.0,0,0,74.32404470718468,10.55,14.40434092757662
Чувашская Республика - Чувашия,2023-04-01,16.61435635718275,-0.5507806832459252,-0.0,-0.0,-0.0,0,0,74.79536644096011,2.760000000000005,14.18925317417627
Чувашская Республика - Чувашия,2023-05-01,16.23353797629499,-0.46521849390664727,-0.0,-0.0,-0.0,0,0,77.23622135597246,1.560000000000002,14.12995546688124
Чувашская Республика - Чувашия,2023-06-01,16.4211705568757,-0.5347109788556779,-0.0,-0.0,-0.0,0,1,77.22561298479245,1.409999999999997,13.44501343997665
Чувашская Республика - Чувашия,2023-07-01,16.33077315232285,-0.5497632155639387,-0.0,-0.0,-0.0,0,1,77.48610428166087,2.049999999999997,13.46579404662391
Чувашская Республика - Чувашия,2023-08-01,16.12114000512667,0.2078297309388475,0.0,0.0,0.0,1,0,74.55083510953772,3.579999999999998,13.17288109439096
Чувашская Республика - Чувашия,2023-09-01,16.93269437395441,2.7050587479091437,0.0,0.0,0.0,0,1,76.12505770966467,4.689999999999998,13.07627125698666
Чувашская Республика - Чувашия,2023-10-01,18.31849960306572,0.8633696772512707,0.0,0.0,0.0,1,0,77.65073361857355,5.700000000000003,12.98817315439656
Чувашская Республика - Чувашия,2023-11-01,19.39762235639179,1.714265038508227,0.0,0.0,0.0,1,0,77.68466915636407,6.75,12.78687178230878
Чувашская Республика - Чувашия,2023-12-01,19.6441436472006,-1.5282051620880424,-0.0,-0.0,-0.0,0,1,77.51098313685173,7.109999999999999,12.83589718050928
Чувашская Республика - Чувашия,2024-01-01,20.85786987432626,0.6818813931607863,0.0,0.0,0.0,0,0,76.15906372036306,7.260000000000005,12.88153751568103
Чувашская Республика - Чувашия,2024-02-01,22.22823565766338,-1.5559611222700127,-0.0,-0.0,-0.0,1,0,76.13868548143536,7.420000000000002,12.96372830459168
Чувашская Республика - Чувашия,2024-03-01,23.52105608305774,-0.03662363343873665,-0.0,-0.0,-0.0,0,0,75.59897970548431,8.450000000000003,12.84317055319151
Чувашская Республика - Чувашия,2024-04-01,22.92567536924008,-0.07535756412256944,-0.0,-0.0,-0.0,0,0,75.72974829051432,8.079999999999998,12.76308370986735
Чувашская Республика - Чувашия,2024-05-01,22.37276154288925,-1.8174537430626252,-0.0,-0.0,-0.0,0,1,77.04032555329825,8.340000000000003,12.74925147886132
Чувашская Республика - Чувашия,2024-06-01,21.8066687675494,-0.4392507252018447,-0.0,-0.0,-0.0,0,1,76.9942325586939,8.920000000000002,12.35564561812858
Чувашская Республика - Чувашия,2024-07-01,22.66181302224085,-0.5869739684411108,-0.0,-0.0,-0.0,0,1,77.60720638031667,9.540000000000006,12.42791425342904
Чувашская Республика - Чувашия,2024-08-01,23.30505036423425,1.4105522767729113,0.0,0.0,0.0,1,0,76.24929346100835,9.370000000000005,11.44086969255991
Чувашская Республика - Чувашия,2024-09-01,24.46699458342725,-1.9115218364399809,-0.0,-0.0,-0.0,0,1,75.8071645554134,9.599999999999994,11.41142165585101
Чувашская Республика - Чувашия,2024-10-01,24.41158199364376,0.667769408390896,0.0,0.0,0.0,1,0,74.94005408594298,8.870000000000005,11.42867252708317
Чувашская Республика - Чувашия,2024-11-01,25.93515351389753,2.039278586154861,0.0,0.0,0.0,1,0,75.62874856426716,9.219999999999999,11.26952167668595
Чувашская Республика - Чувашия,2024-12-01,27.25507774889473,0.34090421830265427,0.0,0.0,0.0,1,-1,72.62905365337372,10.31,11.42621440077546
Чувашская Республика - Чувашия,2025-01-01,26.7171100624782,0.24822008087726388,0.0,0.0,0.0,-1,0,70.22979856322121,11.04000000000001,12.12363587543536
Чувашская Республика - Чувашия,2025-02-01,29.37433243789291,0.31653560056003016,0.0,0.0,0.0,0,-1,68.01342718413581,11.45999999999999,12.09404739182396
Чувашская Республика - Чувашия,2025-03-01,30.83774933236152,0.41369500741819465,0.0,0.0,0.0,-1,0,67.00926997233594,11.58,12.38170700477359
Чувашская Республика - Чувашия,2025-04-01,29.78708846441068,0.5812476727093596,0.0,0.0,0.0,1,0,66.21489373518766,12.27,12.6658325633597
Чувашская Республика - Чувашия,2025-05-01,27.88810422082196,0.3820181297639742,0.0,0.0,0.0,0,1,63.51237795988504,12.11,12.58531114781658
Чувашская Республика - Чувашия,2025-06-01,26.7658545964878,0.6128194128495359,0.0,0.0,0.0,0,0,63.15141803071336,11.90000000000001,12.65497683108215
Чувашская Республика - Чувашия,2025-07-01,26.33747979059784,-0.2977272507310609,-0.0,-0.0,-0.0,0,0,62.42034683775621,11.34999999999999,13.09323903379243
Чувашская Республика - Чувашия,2025-08-01,25.63173033340458,-1.399483474742535,-0.0,-0.0,-0.0,1,0,61.49128845582906,10.8,12.24019396341997
Чувашская Республика - Чувашия,2025-09-01,24.59209271494841,0.2588989388809786,0.0,0.0,0.0,0,0,61.68246194833165,10.02,12.25664993979449
Чувашская Республика - Чувашия,2025-10-01,23.92510604407444,-0.43597080805563593,-0.0,-0.0,-0.0,-1,0,61.70184904054499,10.17,12.32109016968502
Чувашская Республика - Чувашия,2025-11-01,24.25127301773773,-0.19410526130430839,-0.0,-0.0,-0.0,1,1,61.9249333682867,9.39,12.23535780528651
Чувашская Республика - Чувашия,2025-12-01,25.62908224163471,0.2813157398373711,0.0,0.0,0.0,0,0,62.27222173114559,7.709999999999994,12.49873408048101
Чукотский автономный округ,2019-03-01,15.22443396423485,0.7128714995200838,0.0,0.7128714995200838,0.0,0,0,23.38255768164895,6.780000000000001,14.01592734007581
Чукотский автономный округ,2019-04-01,14.9168756923908,0.6911493920479934,0.0,0.6911493920479934,0.0,0,0,23.60362961475955,7.620000000000005,14.02103675612429
Чукотский автономный округ,2019-05-01,15.22254430638364,0.45783100689424217,0.0,0.45783100689424217,0.0,1,0,23.05718942561355,6.230000000000004,14.08238981357289
Чукотский автономный округ,2019-06-01,15.04034887919188,0.5041451542673663,0.0,0.5041451542673663,0.0,0,0,23.68756828731569,4.969999999999999,14.07247602953196
Чукотский автономный округ,2019-07-01,15.20159339272863,0.14629311794748645,0.0,0.14629311794748645,0.0,0,1,24.56327120652114,4.549999999999997,13.76808314932784
Чукотский автономный округ,2019-08-01,15.06406974884394,0.061654111534494405,0.0,0.061654111534494405,0.0,0,0,25.4085217386882,4.659999999999997,14.14016316511084
Чукотский автономный округ,2019-09-01,15.0255100243776,0.2864871600654304,0.0,0.2864871600654304,0.0,0,0,26.15532278797836,5.230000000000004,14.290704850199
Чукотский автономный округ,2019-10-01,14.31147224038228,0.199118629193201,0.0,0.199118629193201,0.0,0,0,26.78747806456224,5.230000000000004,14.46969488662115
Чукотский автономный округ,2019-11-01,15.2561621170285,-0.3451712223245451,-0.0,-0.3451712223245451,-0.0,1,0,27.19345567628906,4.769999999999996,14.34014175497622
Чукотский автономный округ,2019-12-01,13.80087541796598,-0.11071296164861266,-0.0,-0.11071296164861266,-0.0,0,0,27.26815781454375,4.25,14.29622842566068
Чукотский автономный округ,2020-01-01,14.06683924009367,0.4934187707708695,0.0,0.4934187707708695,0.0,0,0,26.77265093767419,3.780000000000001,14.12331123996175
Чукотский автономный округ,2020-02-01,13.90811332462658,0.717717316165718,0.0,0.717717316165718,0.0,0,0,26.80762695369889,2.739999999999995,13.7568295093889
Чукотский автономный округ,2020-03-01,14.45151944077264,0.5448138582658153,0.0,0.5448138582658153,0.0,0,0,26.86744919547168,1.319999999999993,13.93093914388459
Чукотский автономный округ,2020-04-01,14.200885135807,0.24910450663146122,0.0,0.24910450663146122,0.0,0,-1,26.86996424937853,0.8900000000000006,13.62160561335678
Чукотский автономный округ,2020-05-01,15.16998750882301,0.12930980432325967,0.0,0.12930980432325967,0.0,-1,0,27.19908801668132,1.109999999999999,14.87035775941824
Чукотский автономный округ,2020-06-01,14.45082245076776,0.4216232562547013,0.0,0.4216232562547013,0.0,0,0,27.02846858305094,1.640000000000001,14.9539955089471
Чукотский автономный округ,2020-07-01,14.53761395842525,-1.5016319110366503,-0.0,-1.5016319110366503,-0.0,0,0,27.32498556084511,2.260000000000005,15.15357943884401
Чукотский автономный округ,2020-08-01,14.0049428326158,-0.8645661305373835,-0.0,-0.8645661305373835,-0.0,0,0,27.07575053771809,2.290000000000006,15.0526612435287
Чукотский автономный округ,2020-09-01,14.04296069273352,-0.7937016241842549,-0.0,-0.7937016241842549,-0.0,0,-1,27.96727506592606,2.340000000000003,14.83021288001617
Чукотский автономный округ,2020-10-01,13.8936334192586,-1.2364929674992595,-0.0,-1.2364929674992595,-0.0,-1,0,28.54215818214152,1.989999999999995,14.98664812579182
Чукотский автономный округ,2020-11-01,13.27283560737331,-1.3589786818048175,-0.0,-1.3589786818048175,-0.0,0,0,29.22005999491771,2.099999999999994,14.18237866182168
Чукотский автономный округ,2020-12-01,13.75120676181886,-1.7089361724181273,-0.0,-1.7089361724181273,-0.0,0,0,29.43124935588813,1.879999999999995,14.43696323996529
Чукотский автономный округ,2021-01-01,13.76746180643529,3.0895976215913166,0.0,3.0895976215913166,0.0,0,0,28.74048417966021,1.909999999999997,14.40574325102856
Чукотский автономный округ,2021-02-01,13.86232680372025,-0.05176615786507455,-0.0,-0.05176615786507455,-0.0,0,0,29.16635361323084,2.700000000000003,14.52939483378974
Чукотский автономный округ,2021-03-01,13.79943231907826,-0.6104025253424652,-0.0,-0.6104025253424652,-0.0,0,0,29.18789372304116,2.480000000000004,14.48041962536188
Чукотский автономный округ,2021-04-01,13.57960421411191,-0.5967440618905293,-0.0,-0.5967440618905293,-0.0,0,0,29.50685744996473,1.950000000000003,14.55122470509555
Чукотский автономный округ,2021-05-01,12.89143486969947,-0.241937869195743,-0.0,-0.241937869195743,-0.0,0,1,28.72020217738964,1.939999999999998,14.92648808693741
Чукотский автономный округ,2021-06-01,13.25496474535474,-0.7676306960714552,-0.0,-0.7676306960714552,-0.0,0,0,29.35394633918921,5.120000000000005,13.97713847594795
Чукотский автономный округ,2021-07-01,13.83332951577191,0.08560806359759354,0.0,0.08560806359759354,0.0,0,0,30.40440535986506,5.900000000000006,14.40387932399386
Чукотский автономный округ,2021-08-01,13.44260186653527,0.3090771946763784,0.0,0.3090771946763784,0.0,1,1,31.31778146411716,4.459999999999994,14.20380024239186
Чукотский автономный округ,2021-09-01,13.93501878063794,-0.6460537301930689,-0.0,-0.6460537301930689,-0.0,0,0,32.21826080994677,2.989999999999995,14.12114073067636
Чукотский автономный округ,2021-10-01,13.39505689831683,-0.6175372517280238,-0.0,-0.6175372517280238,-0.0,0,0,32.84826956736936,3.200000000000003,14.35385080901282
Чукотский автономный округ,2021-11-01,14.09348804893207,-0.12114037446266934,-0.0,-0.12114037446266934,-0.0,1,0,33.37049874026922,3.120000000000005,14.15494855922993
Чукотский автономный округ,2021-12-01,14.61165944754136,-0.26721650241728057,-0.0,-0.26721650241728057,-0.0,0,0,33.41465569990297,4.540000000000006,13.97958251456354
Чукотский автономный округ,2022-01-01,13.92184538866748,0.27464209751393653,0.0,0.27464209751393653,0.0,0,0,33.1752871845533,5.760000000000005,13.99661976711413
Чукотский автономный округ,2022-02-01,14.5295844262599,-0.3501956198858558,-0.0,-0.3501956198858558,-0.0,0,0,36.1472953246028,4.489999999999995,13.40836745697962
Чукотский автономный округ,2022-03-01,15.1345926953707,4.941478356719127,0.0,4.941478356719127,0.0,0,-1,36.13795533003064,5.189999999999998,13.22657188382274
Чукотский автономный округ,2022-04-01,24.54870531964796,1.4923126339086181,0.0,1.4923126339086181,0.0,-1,-1,35.78964159810217,7.170000000000002,14.17409745330596
Чукотский автономный округ,2022-05-01,21.54415644919839,-1.244790623444267,-0.0,-1.244790623444267,-0.0,0,0,32.80379805136811,9.670000000000002,14.20177549047452
Чукотский автономный округ,2022-06-01,21.95774077571549,-3.118179668249544,-0.0,-3.118179668249544,-0.0,0,0,32.60425651613307,3.650000000000006,14.27685930348463
Чукотский автономный округ,2022-07-01,20.60217428486205,-0.386746413724417,-0.0,-0.386746413724417,-0.0,0,0,32.87404656073046,2.060000000000002,15.17392770063547
Чукотский автономный округ,2022-08-01,18.18467385330528,-1.1110066252555733,-0.0,-1.1110066252555733,-0.0,0,0,34.98122267930754,3.349999999999994,14.79673097784532
Чукотский автономный округ,2022-09-01,17.95597794620928,1.7547062341946287,0.0,1.7547062341946287,0.0,0,0,35.47693296511788,5.359999999999999,14.85363719038531
Чукотский автономный округ,2022-10-01,17.11598405400048,1.2482715752793254,0.0,1.2482715752793254,0.0,0,0,35.83618136965724,6.340000000000003,14.84460381320525
Чукотский автономный округ,2022-11-01,20.14818193325538,0.32653909912163215,0.0,0.32653909912163215,0.0,0,0,35.69241148452281,6.810000000000002,14.7339226448108
Чукотский автономный округ,2022-12-01,20.45398430754423,0.14955653030453497,0.0,0.14955653030453497,0.0,0,1,35.65165861460827,5.530000000000001,15.01074996397393
Чукотский автономный округ,2023-01-01,20.53377829641711,0.13967960707903515,0.0,0.13967960707903515,0.0,0,0,35.67593419838192,5.670000000000002,14.7001455997764
Чукотский автономный округ,2023-02-01,19.95051142961561,-1.9472998218897306,-0.0,-1.9472998218897306,-0.0,1,0,34.62012442849923,6.780000000000001,14.88163957477722
Чукотский автономный округ,2023-03-01,19.93576266463054,-0.4649545463768856,-0.0,-0.4649545463768856,-0.0,0,0,34.56172842074896,6.510000000000005,14.70686214611427
Чукотский автономный округ,2023-04-01,17.55442369861384,-0.5507806832459252,-0.0,-0.5507806832459252,-0.0,0,0,34.68494028115938,4.739999999999995,14.63731290855509
Чукотский автономный округ,2023-05-01,16.89688887325124,-0.46521849390664727,-0.0,-0.46521849390664727,-0.0,0,0,34.38456814094622,3.150000000000006,14.49289985447993
Чукотский автономный округ,2023-06-01,17.28476817523082,-0.5347109788556779,-0.0,-0.5347109788556779,-0.0,0,1,34.75110060540384,6.230000000000004,13.60387365297226
Чукотский автономный округ,2023-07-01,18.06535650461623,-0.5497632155639387,-0.0,-0.5497632155639387,-0.0,0,1,35.81795158595651,7.120000000000005,13.59704465952944
Чукотский автономный округ,2023-08-01,17.88658901446194,0.2078297309388475,0.0,0.2078297309388475,0.0,1,0,36.84631028197614,6.930000000000007,13.26306573208864
Чукотский автономный округ,2023-09-01,18.4494949196975,2.7050587479091437,0.0,2.7050587479091437,0.0,0,1,38.34219262854177,6.810000000000002,13.08492385189925
Чукотский автономный округ,2023-10-01,20.32208765591001,0.8633696772512707,0.0,0.8633696772512707,0.0,1,0,39.55272328933337,5.930000000000007,13.07491446046927
Чукотский автономный округ,2023-11-01,21.01513687160917,1.714265038508227,0.0,1.714265038508227,0.0,1,0,40.66120364736395,5.549999999999997,12.94702901916409
Чукотский автономный округ,2023-12-01,20.35271343823392,-1.5282051620880424,-0.0,-1.5282051620880424,-0.0,0,1,40.58720941590152,6.090000000000003,12.9652414029704
Чукотский автономный округ,2024-01-01,22.60543833099063,0.6818813931607863,0.0,0.6818813931607863,0.0,0,0,39.34898717499248,4.840000000000003,13.13654663830089
Чукотский автономный округ,2024-02-01,23.93880345270543,-1.5559611222700127,-0.0,-1.5559611222700127,-0.0,1,0,38.04118409770701,4.849999999999994,13.27054364108346
Чукотский автономный округ,2024-03-01,24.00695289313756,-0.03662363343873665,-0.0,-0.03662363343873665,-0.0,0,0,37.43517601305978,4.010000000000005,13.12110117943771
Чукотский автономный округ,2024-04-01,22.9000640812603,-0.07535756412256944,-0.0,-0.07535756412256944,-0.0,0,0,36.98266247508995,4.359999999999999,13.08244999089849
Чукотский автономный округ,2024-05-01,24.4489432319304,-1.8174537430626252,-0.0,-1.8174537430626252,-0.0,0,1,35.99832375936141,3.459999999999994,13.11756484129537
Чукотский автономный округ,2024-06-01,23.96071976202133,-0.4392507252018447,-0.0,-0.4392507252018447,-0.0,0,1,36.1471106993281,2.909999999999997,12.71775865813072
Чукотский автономный округ,2024-07-01,24.48206277795126,-0.5869739684411108,-0.0,-0.5869739684411108,-0.0,0,1,36.58682579343547,2.840000000000003,12.92618317279526
Чукотский автономный округ,2024-08-01,25.80674405182332,1.4105522767729113,0.0,1.4105522767729113,0.0,1,0,35.91899427938383,3.230000000000004,11.68367730474113
Чукотский автономный округ,2024-09-01,28.29731543645042,-1.9115218364399809,-0.0,-1.9115218364399809,-0.0,0,1,35.97426442389997,3.120000000000005,11.65159299899175
Чукотский автономный округ,2024-10-01,28.23210358249522,0.667769408390896,0.0,0.667769408390896,0.0,1,0,35.60683838250688,4.25,11.67507599480409
Чукотский автономный округ,2024-11-01,29.41029758025086,2.039278586154861,0.0,2.039278586154861,0.0,1,0,35.63936809449008,5.510000000000005,11.51629416723324
Чукотский автономный округ,2024-12-01,32.4200275405927,0.34090421830265427,0.0,0.34090421830265427,0.0,1,-1,35.40956616686849,5.180000000000007,11.66865483523133
Чукотский автономный округ,2025-01-01,30.67702359863087,0.24822008087726388,0.0,0.24822008087726388,0.0,-1,0,34.07236395437832,5.109999999999999,12.49247105874025
Чукотский автономный округ,2025-02-01,34.85064856174616,0.31653560056003016,0.0,0.31653560056003016,0.0,0,-1,35.87590396449028,5.459999999999994,12.49351193261197
Чукотский автономный округ,2025-03-01,36.38493896404974,0.41369500741819465,0.0,0.41369500741819465,0.0,-1,0,35.10579278875417,6.510000000000005,12.85118079908072
Чукотский автономный округ,2025-04-01,35.53751547323032,0.5812476727093596,0.0,0.5812476727093596,0.0,1,0,34.39815362622826,6.280000000000001,13.11042885346389
Чукотский автономный округ,2025-05-01,30.94058818634097,0.3820181297639742,0.0,0.3820181297639742,0.0,0,1,34.09707504796387,5.650000000000006,13.06805566775014
Чукотский автономный округ,2025-06-01,31.82061979634961,0.6128194128495359,0.0,0.6128194128495359,0.0,0,0,33.76489291476202,5.340000000000003,13.20088748030979
Чукотский автономный округ,2025-07-01,30.81601445379635,-0.2977272507310609,-0.0,-0.2977272507310609,-0.0,0,0,33.40529685486567,5.189999999999998,13.56603058996118
Чукотский автономный округ,2025-08-01,30.07251356007901,-1.399483474742535,-0.0,-1.399483474742535,-0.0,1,0,32.85677988253346,5.200000000000003,12.47182676911731
Чукотский автономный округ,2025-09-01,30.69840732811135,0.2588989388809786,0.0,0.2588989388809786,0.0,0,0,32.90733553461214,5.109999999999999,12.55606501405684
Чукотский автономный округ,2025-10-01,30.9948903330979,-0.43597080805563593,-0.0,-0.43597080805563593,-0.0,-1,0,32.59474836047389,4.090000000000003,12.58306598464056
Чукотский автономный округ,2025-11-01,31.23900340031874,-0.19410526130430839,-0.0,-0.19410526130430839,-0.0,1,1,32.29532505987605,2.879999999999995,12.5083147628676
Чукотский автономный округ,2025-12-01,29.23586016483463,0.2813157398373711,0.0,0.2813157398373711,0.0,0,0,31.96713667379459,2.890000000000001,12.84586755700873
Ярославская область,2019-03-01,14.92142900976771,0.7128714995200838,0.0,0.0,0.0,0,0,45.7417259921148,7.090000000000003,13.67081441903262
Ярославская область,2019-04-01,14.76000587749584,0.6911493920479934,0.0,0.0,0.0,0,0,46.03534268148024,6.959999999999994,13.6961717720805
Ярославская область,2019-05-01,14.81669875280113,0.45783100689424217,0.0,0.0,0.0,1,0,46.68429332920509,6.909999999999997,13.55984056532452
Ярославская область,2019-06-01,14.97682435056513,0.5041451542673663,0.0,0.0,0.0,0,0,47.10957839913556,6.469999999999999,13.48851559843163
Ярославская область,2019-07-01,14.8342987828291,0.14629311794748645,0.0,0.0,0.0,0,1,47.47536218692719,6.450000000000003,13.26753880891307
Ярославская область,2019-08-01,14.78865082053225,0.061654111534494405,0.0,0.0,0.0,0,0,46.57616852556718,6.310000000000002,13.51401481653999
Ярославская область,2019-09-01,14.56222967629378,0.2864871600654304,0.0,0.0,0.0,0,0,47.10173433275118,5.519999999999996,13.55843274572076
Ярославская область,2019-10-01,14.35012635196246,0.199118629193201,0.0,0.0,0.0,0,0,47.60958174474554,5.299999999999997,13.72795991899108
Ярославская область,2019-11-01,14.74472945162915,-0.3451712223245451,-0.0,-0.0,-0.0,1,0,49.06580045303294,4.810000000000002,13.62891255459854
Ярославская область,2019-12-01,14.23107515352246,-0.11071296164861266,-0.0,-0.0,-0.0,0,0,49.43266995320803,4.930000000000007,13.62910920795692
Ярославская область,2020-01-01,14.05813276439011,0.4934187707708695,0.0,0.0,0.0,0,0,49.63963967956977,3.799999999999997,13.5442456658335
Ярославская область,2020-02-01,14.21014649599695,0.717717316165718,0.0,0.0,0.0,0,0,50.14317500362312,3.099999999999994,13.54461786929542
Ярославская область,2020-03-01,14.16638965131495,0.5448138582658153,0.0,0.0,0.0,0,0,50.44792852546824,2.909999999999997,13.67601013123996
Ярославская область,2020-04-01,13.7358276406126,0.24910450663146122,0.0,0.0,0.0,0,-1,51.00951790573565,3.409999999999997,13.39959961707723
Ярославская область,2020-05-01,13.82591733630839,0.12930980432325967,0.0,0.0,0.0,-1,0,50.1144306146754,3.629999999999995,14.18389714977276
Ярославская область,2020-06-01,13.72756982254491,0.4216232562547013,0.0,0.0,0.0,0,0,49.97970841254177,3.709999999999994,14.15186073688621
Ярославская область,2020-07-01,13.68252532046758,-1.5016319110366503,-0.0,-0.0,-0.0,0,0,50.25462132022508,3.930000000000007,14.31198174869041
Ярославская область,2020-08-01,13.30994438640962,-0.8645661305373835,-0.0,-0.0,-0.0,0,0,49.17053533068118,4.379999999999995,14.29258548946706
Ярославская область,2020-09-01,13.13145827453687,-0.7937016241842549,-0.0,-0.0,-0.0,0,-1,49.64592497379545,4.590000000000003,14.17451726017185
Ярославская область,2020-10-01,13.12364182387158,-1.2364929674992595,-0.0,-0.0,-0.0,-1,0,50.12500315270354,4.209999999999994,14.37521919173327
Ярославская область,2020-11-01,12.80413004887058,-1.3589786818048175,-0.0,-0.0,-0.0,0,0,50.55844957456188,4.609999999999999,13.82607763157709
Ярославская область,2020-12-01,12.88697778195137,-1.7089361724181273,-0.0,-0.0,-0.0,0,0,50.53249853215884,4.760000000000005,13.96651869157689
Ярославская область,2021-01-01,12.68241299386192,3.0895976215913166,0.0,0.0,0.0,0,0,50.35401983540457,5.510000000000005,13.96661403039639
Ярославская область,2021-02-01,12.64107675147947,-0.05176615786507455,-0.0,-0.0,-0.0,0,0,51.07177728597379,5.390000000000001,14.00800447516387
Ярославская область,2021-03-01,12.67339073776227,-0.6104025253424652,-0.0,-0.0,-0.0,0,0,51.47965138712918,4.819999999999993,13.98732767892321
Ярославская область,2021-04-01,12.42000420111897,-0.5967440618905293,-0.0,-0.0,-0.0,0,0,52.16269997187498,4.739999999999995,14.06827395927285
Ярославская область,2021-05-01,12.27845986308302,-0.241937869195743,-0.0,-0.0,-0.0,0,1,52.24680776039904,5.310000000000002,14.15038527060835
Ярославская область,2021-06-01,12.5101949709236,-0.7676306960714552,-0.0,-0.0,-0.0,0,0,52.70931759878356,6.299999999999997,13.6259709920046
Ярославская область,2021-07-01,12.62081476267549,0.08560806359759354,0.0,0.0,0.0,0,0,53.34238792761684,6.640000000000001,14.0038471104588
Ярославская область,2021-08-01,12.98275118428916,0.3090771946763784,0.0,0.0,0.0,1,1,54.04873239832389,6.640000000000001,13.83435783913424
Ярославская область,2021-09-01,12.69419100424696,-0.6460537301930689,-0.0,-0.0,-0.0,0,0,54.68048936048076,7.040000000000006,13.72128404208232
Ярославская область,2021-10-01,12.80424422099568,-0.6175372517280238,-0.0,-0.0,-0.0,0,0,54.99951905394354,7.840000000000003,13.72778233084379
Ярославская область,2021-11-01,12.97846543789292,-0.12114037446266934,-0.0,-0.0,-0.0,1,0,55.92392655797451,8.530000000000001,13.66660393245028
Ярославская область,2021-12-01,13.33890936577584,-0.26721650241728057,-0.0,-0.0,-0.0,0,0,55.4166250369571,9.060000000000002,13.55556942575752
Ярославская область,2022-01-01,13.369722217394,0.27464209751393653,0.0,0.0,0.0,0,0,55.86318503302414,9.310000000000002,13.55659670062231
Ярославская область,2022-02-01,13.69157681291123,-0.3501956198858558,-0.0,-0.0,-0.0,0,0,57.83811702148185,9.840000000000003,13.03001906739877
Ярославская область,2022-03-01,13.73202130084227,4.941478356719127,0.0,0.0,0.0,0,-1,58.50099347411204,10.84999999999999,13.44944080620913
Ярославская область,2022-04-01,18.38606138590622,1.4923126339086181,0.0,0.0,0.0,-1,-1,57.86625927294074,20.62,14.33392030807468
Ярославская область,2022-05-01,20.84779009160091,-1.244790623444267,-0.0,-0.0,-0.0,0,0,56.09004232928595,20.62,14.13985814234941
Ярославская область,2022-06-01,19.98146607619021,-3.118179668249544,-0.0,-0.0,-0.0,0,0,55.3672264659215,18.98999999999999,14.22046699066065
Ярославская область,2022-07-01,18.21581279233985,-0.386746413724417,-0.0,-0.0,-0.0,0,0,54.85128138239591,16.91,14.85957189422032
Ярославская область,2022-08-01,16.1662409270398,-1.1110066252555733,-0.0,-0.0,-0.0,0,0,54.04507085088264,15.59,14.62266705680393
Ярославская область,2022-09-01,16.33501818284773,1.7547062341946287,0.0,0.0,0.0,0,0,53.92269257711466,14.54000000000001,14.66208980376592
Ярославская область,2022-10-01,16.27284467652335,1.2482715752793254,0.0,0.0,0.0,0,0,54.36995613515303,14.42,14.68444521295987
Ярославская область,2022-11-01,15.66911113857486,0.32653909912163215,0.0,0.0,0.0,0,0,55.72085464050227,13.15000000000001,14.60366150740146
Ярославская область,2022-12-01,16.09204628612909,0.14955653030453497,0.0,0.0,0.0,0,1,55.7815953307372,11.92,14.79114934898845
Ярославская область,2023-01-01,16.30038867287615,0.13967960707903515,0.0,0.0,0.0,0,0,55.81309194468276,11.58,14.57196536114812
Ярославская область,2023-02-01,16.0368341251847,-1.9472998218897306,-0.0,-0.0,-0.0,1,0,54.99486546036677,11.75,14.75761826775446
Ярославская область,2023-03-01,15.62330586757297,-0.4649545463768856,-0.0,-0.0,-0.0,0,0,54.80552938930489,10.89,14.63261310172914
Ярославская область,2023-04-01,15.39505556577215,-0.5507806832459252,-0.0,-0.0,-0.0,0,0,55.40258890801927,1.909999999999997,14.42371491728063
Ярославская область,2023-05-01,15.64188485362041,-0.46521849390664727,-0.0,-0.0,-0.0,0,0,55.49346962307742,1.219999999999999,14.28155006448005
Ярославская область,2023-06-01,15.98156386763654,-0.5347109788556779,-0.0,-0.0,-0.0,0,1,55.7862445414927,1.819999999999993,13.67141931778365
Ярославская область,2023-07-01,15.5859820263856,-0.5497632155639387,-0.0,-0.0,-0.0,0,1,56.15513576667222,3.159999999999997,13.67726014765828
Ярославская область,2023-08-01,15.5185688198069,0.2078297309388475,0.0,0.0,0.0,1,0,55.54313769902909,4.269999999999996,13.40333908515912
Ярославская область,2023-09-01,16.18877783507463,2.7050587479091437,0.0,0.0,0.0,0,1,56.73827993255986,5.129999999999995,13.24244983926919
Ярославская область,2023-10-01,17.91742757623351,0.8633696772512707,0.0,0.0,0.0,1,0,57.84504487013687,5.069999999999993,13.13721276596329
Ярославская область,2023-11-01,18.51415013007527,1.714265038508227,0.0,0.0,0.0,1,0,59.08742544049982,5.390000000000001,12.91543828801955
Ярославская область,2023-12-01,19.21036126962506,-1.5282051620880424,-0.0,-0.0,-0.0,0,1,59.26546863692468,6.010000000000005,12.96885954236146
Ярославская область,2024-01-01,20.57127803148677,0.6818813931607863,0.0,0.0,0.0,0,0,58.32618547795887,6.099999999999994,12.99562935050082
Ярославская область,2024-02-01,22.0583143461825,-1.5559611222700127,-0.0,-0.0,-0.0,1,0,59.54586708040605,6.140000000000001,13.10022504821048
Ярославская область,2024-03-01,23.4539150037459,-0.03662363343873665,-0.0,-0.0,-0.0,0,0,59.11599426842306,6.780000000000001,13.01289177335975
Ярославская область,2024-04-01,22.31891425562977,-0.07535756412256944,-0.0,-0.0,-0.0,0,0,59.13782946542194,6.390000000000001,12.90092500957943
Ярославская область,2024-05-01,22.29092284407082,-1.8174537430626252,-0.0,-0.0,-0.0,0,1,59.08654007864305,6.969999999999999,12.88637923985931
Ярославская область,2024-06-01,22.31065218962845,-0.4392507252018447,-0.0,-0.0,-0.0,0,1,59.29415889496595,7.480000000000004,12.51239520780301
Ярославская область,2024-07-01,22.7120179473099,-0.5869739684411108,-0.0,-0.0,-0.0,0,1,59.7033936591849,7.849999999999994,12.60707971503214
Ярославская область,2024-08-01,23.73497373798441,1.4105522767729113,0.0,0.0,0.0,1,0,58.2394889629001,8.319999999999993,11.68671517906684
Ярославская область,2024-09-01,24.72125284155704,-1.9115218364399809,-0.0,-0.0,-0.0,0,1,58.0309481572404,8.620000000000005,11.65248672457644
Ярославская область,2024-10-01,24.95842121201098,0.667769408390896,0.0,0.0,0.0,1,0,57.41694625709829,9.040000000000006,11.67961503220728
Ярославская область,2024-11-01,25.77900111410085,2.039278586154861,0.0,0.0,0.0,1,0,55.92630249890475,8.310000000000002,11.50243257162074
Ярославская область,2024-12-01,27.85545311170238,0.34090421830265427,0.0,0.0,0.0,1,-1,53.78697837952783,9.400000000000006,11.64645119468759
Ярославская область,2025-01-01,29.33271186294432,0.24822008087726388,0.0,0.0,0.0,-1,0,52.15646775465333,10.29000000000001,12.19298811986364
Ярославская область,2025-02-01,29.40976016951737,0.31653560056003016,0.0,0.0,0.0,0,-1,52.82131446702334,10.67,12.23549763893361
Ярославская область,2025-03-01,30.75669357043618,0.41369500741819465,0.0,0.0,0.0,-1,0,52.0861324510085,10.51000000000001,12.51690182495756
Ярославская область,2025-04-01,30.53557271048984,0.5812476727093596,0.0,0.0,0.0,1,0,51.57199216687626,11.16,12.76437246816611
Ярославская область,2025-05-01,28.63796720373339,0.3820181297639742,0.0,0.0,0.0,0,1,51.74562959793111,10.64,12.67928944244833
Ярославская область,2025-06-01,28.45879427104982,0.6128194128495359,0.0,0.0,0.0,0,0,51.35190861983392,10.48,12.77282143811984
Ярославская область,2025-07-01,27.20381418297903,-0.2977272507310609,-0.0,-0.0,-0.0,0,0,50.62307783145039,9.64,13.29738799177198
Ярославская область,2025-08-01,26.09116849530692,-1.399483474742535,-0.0,-0.0,-0.0,1,0,49.95795180020502,9.659999999999997,12.30973192429493
Ярославская область,2025-09-01,24.92298283898019,0.2588989388809786,0.0,0.0,0.0,0,0,50.0059039472925,8.579999999999998,12.32435636306062
Ярославская область,2025-10-01,24.06591391772472,-0.43597080805563593,-0.0,-0.0,-0.0,-1,0,49.90387888874452,8.150000000000006,12.39239021394525
Ярославская область,2025-11-01,24.15477320957947,-0.19410526130430839,-0.0,-0.0,-0.0,1,1,49.71215281853338,8.489999999999995,12.27861260733118
Ярославская область,2025-12-01,25.15077561229419,0.2813157398373711,0.0,0.0,0.0,0,0,49.3075755690059,7.540000000000006,12.56418564616645
г. Москва,2019-03-01,13.73716908723298,0.7128714995200838,0.7128714995200838,0.0,0.0,0,0,27.11060144569781,5.310000000000002,14.0791503482487
г. Москва,2019-04-01,13.48061001652122,0.6911493920479934,0.6911493920479934,0.0,0.0,0,0,27.2601585000892,5.290000000000006,14.02291381918688
г. Москва,2019-05-01,13.51357497269961,0.45783100689424217,0.45783100689424217,0.0,0.0,1,0,27.50540473616746,5.150000000000006,13.84598680610238
г. Москва,2019-06-01,13.91427187708826,0.5041451542673663,0.5041451542673663,0.0,0.0,0,0,27.78305037041016,5.079999999999998,13.81899713233733
г. Москва,2019-07-01,13.72887338528405,0.14629311794748645,0.14629311794748645,0.0,0.0,0,1,28.07681567181551,4.510000000000005,13.65974414925942
г. Москва,2019-08-01,13.64060404264802,0.061654111534494405,0.061654111534494405,0.0,0.0,0,0,28.13561577973946,4.489999999999995,13.79594855760132
г. Москва,2019-09-01,13.25320575395556,0.2864871600654304,0.2864871600654304,0.0,0.0,0,0,28.4803385488556,4.340000000000003,13.86474002029604
г. Москва,2019-10-01,12.96542634805231,0.199118629193201,0.199118629193201,0.0,0.0,0,0,28.73841277794958,4.129999999999995,13.97165316784997
г. Москва,2019-11-01,12.78333167315364,-0.3451712223245451,-0.3451712223245451,-0.0,-0.0,1,0,28.24497752677809,3.950000000000003,13.79044167934144
г. Москва,2019-12-01,13.13155663458049,-0.11071296164861266,-0.11071296164861266,-0.0,-0.0,0,0,28.47862763883101,3.719999999999999,13.82935190543591
г. Москва,2020-01-01,12.91902572053375,0.4934187707708695,0.4934187707708695,0.0,0.0,0,0,28.16645812225281,3.349999999999994,13.77491191936613
г. Москва,2020-02-01,12.72903517995062,0.717717316165718,0.717717316165718,0.0,0.0,0,0,28.58579086377541,2.730000000000004,14.04356545451622
г. Москва,2020-03-01,13.07563779576922,0.5448138582658153,0.5448138582658153,0.0,0.0,0,0,28.86030687348665,2.409999999999997,14.14075075015928
г. Москва,2020-04-01,12.52118310829913,0.24910450663146122,0.24910450663146122,0.0,0.0,0,-1,29.2299579249246,2.409999999999997,13.90421731030217
г. Москва,2020-05-01,13.00845609751056,0.12930980432325967,0.12930980432325967,0.0,0.0,-1,0,29.00575210167539,2.480000000000004,14.41646464190864
г. Москва,2020-06-01,12.64211062742782,0.4216232562547013,0.4216232562547013,0.0,0.0,0,0,28.81199387462246,2.620000000000005,14.33376448114166
г. Москва,2020-07-01,12.65851034589731,-1.5016319110366503,-1.5016319110366503,-0.0,-0.0,0,0,29.10142811695873,2.799999999999997,14.47021549617178
г. Москва,2020-08-01,11.9670477692943,-0.8645661305373835,-0.8645661305373835,-0.0,-0.0,0,0,29.07951034887175,3.010000000000005,14.40269868252801
г. Москва,2020-09-01,12.10757736852758,-0.7937016241842549,-0.7937016241842549,-0.0,-0.0,0,-1,29.62995305623408,3.200000000000003,14.32260027139493
г. Москва,2020-10-01,11.93183120556307,-1.2364929674992595,-1.2364929674992595,-0.0,-0.0,-1,0,30.20544016353709,3.189999999999998,14.37952187680017
г. Москва,2020-11-01,11.32415415325082,-1.3589786818048175,-1.3589786818048175,-0.0,-0.0,0,0,31.1271101140586,3.209999999999994,14.02779993181617
г. Москва,2020-12-01,11.69126962662009,-1.7089361724181273,-1.7089361724181273,-0.0,-0.0,0,0,31.33999687479974,3.459999999999994,14.09642394453442
г. Москва,2021-01-01,11.45780563025464,3.0895976215913166,3.0895976215913166,0.0,0.0,0,0,30.71281133951987,3.780000000000001,14.1243305077985
г. Москва,2021-02-01,11.44885338484665,-0.05176615786507455,-0.05176615786507455,-0.0,-0.0,0,0,30.75775752371068,4.290000000000006,14.09116646612608
г. Москва,2021-03-01,11.36603253018296,-0.6104025253424652,-0.6104025253424652,-0.0,-0.0,0,0,31.00124182991174,4.719999999999999,14.0948628685279
г. Москва,2021-04-01,11.22278403406421,-0.5967440618905293,-0.5967440618905293,-0.0,-0.0,0,0,31.54069587620205,4.930000000000007,14.16880640488492
г. Москва,2021-05-01,11.08834489390493,-0.241937869195743,-0.241937869195743,-0.0,-0.0,0,1,31.697016877797,4.859999999999999,14.10487480968466
г. Москва,2021-06-01,11.41643920405293,-0.7676306960714552,-0.7676306960714552,-0.0,-0.0,0,0,32.23670414733088,5.109999999999999,13.81032046142404
г. Москва,2021-07-01,11.33509642469228,0.08560806359759354,0.08560806359759354,0.0,0.0,0,0,32.90832927740564,5.459999999999994,14.14579102975879
г. Москва,2021-08-01,11.34813278034527,0.3090771946763784,0.3090771946763784,0.0,0.0,1,1,33.37639483645412,5.200000000000003,14.07653004331585
г. Москва,2021-09-01,11.36020762168813,-0.6460537301930689,-0.6460537301930689,-0.0,-0.0,0,0,33.98844188591173,5.239999999999995,13.99749387804714
г. Москва,2021-10-01,11.32795604982711,-0.6175372517280238,-0.6175372517280238,-0.0,-0.0,0,0,34.80563047063603,5.959999999999994,14.15720017375573
г. Москва,2021-11-01,11.82332496070815,-0.12114037446266934,-0.12114037446266934,-0.0,-0.0,1,0,34.99912719428212,6.560000000000002,13.90620321160019
г. Москва,2021-12-01,12.25273323491322,-0.26721650241728057,-0.26721650241728057,-0.0,-0.0,0,0,35.27007672226618,6.840000000000003,13.77994443527329
г. Москва,2022-01-01,12.53845352997686,0.27464209751393653,0.27464209751393653,0.0,0.0,0,0,35.35402585160499,7.060000000000002,13.67829402296112
г. Москва,2022-02-01,12.49066929435819,-0.3501956198858558,-0.3501956198858558,-0.0,-0.0,0,0,35.29766548829729,6.719999999999999,13.15280280531709
г. Москва,2022-03-01,13.84935999551255,4.941478356719127,4.941478356719127,0.0,0.0,0,-1,35.94300406319297,7.870000000000005,13.62362414389292
г. Москва,2022-04-01,19.75761602395955,1.4923126339086181,1.4923126339086181,0.0,0.0,-1,-1,35.32331630668206,15.04000000000001,14.4223391048515
г. Москва,2022-05-01,20.28041176275181,-1.244790623444267,-1.244790623444267,-0.0,-0.0,0,0,35.06046694700601,16.45999999999999,14.18576279606379
г. Москва,2022-06-01,15.91223879909962,-3.118179668249544,-3.118179668249544,-0.0,-0.0,0,0,34.90522444198524,15.73,14.32982933337533
г. Москва,2022-07-01,17.31230591134681,-0.386746413724417,-0.386746413724417,-0.0,-0.0,0,0,34.84376058201404,15.17,14.94703348504144
г. Москва,2022-08-01,15.03356949343944,-1.1110066252555733,-1.1110066252555733,-0.0,-0.0,0,0,35.43757908006451,14.55,14.78516847446883
г. Москва,2022-09-01,16.15485718237761,1.7547062341946287,1.7547062341946287,0.0,0.0,0,0,35.66362908855039,14.06,14.86569939692191
г. Москва,2022-10-01,15.876246605609,1.2482715752793254,1.2482715752793254,0.0,0.0,0,0,36.00380976854906,13.26000000000001,14.86777293112541
г. Москва,2022-11-01,14.40414774093138,0.32653909912163215,0.32653909912163215,0.0,0.0,0,0,36.16053654749881,12.45999999999999,14.82194170648602
г. Москва,2022-12-01,14.85716788848184,0.14955653030453497,0.14955653030453497,0.0,0.0,0,1,36.327302366133,11.89,15.01997627648703
г. Москва,2023-01-01,15.87537277538284,0.13967960707903515,0.13967960707903515,0.0,0.0,0,0,36.22520581483454,11.7,14.77960459404248
г. Москва,2023-02-01,14.52472856342209,-1.9472998218897306,-1.9472998218897306,-0.0,-0.0,1,0,35.67036795286629,12.06,14.96502658758633
г. Москва,2023-03-01,14.18979354152472,-0.4649545463768856,-0.4649545463768856,-0.0,-0.0,0,0,35.84849078416196,10.72,14.8271670849391
г. Москва,2023-04-01,14.46036331735314,-0.5507806832459252,-0.5507806832459252,-0.0,-0.0,0,0,36.51240180585896,3.650000000000006,14.55678064076172
г. Москва,2023-05-01,14.35511512832366,-0.46521849390664727,-0.46521849390664727,-0.0,-0.0,0,0,36.6415787323632,2.329999999999998,14.37499238083736
г. Москва,2023-06-01,14.7088627530603,-0.5347109788556779,-0.5347109788556779,-0.0,-0.0,0,1,36.93597037129221,2.620000000000005,13.97528522190839
г. Москва,2023-07-01,14.3809877113187,-0.5497632155639387,-0.5497632155639387,-0.0,-0.0,0,1,37.23254714868668,3.099999999999994,13.90005951983193
г. Москва,2023-08-01,14.33297942236542,0.2078297309388475,0.2078297309388475,0.0,0.0,1,0,37.6317190722891,4.159999999999997,13.69588809099403
г. Москва,2023-09-01,14.38897198740165,2.7050587479091437,2.7050587479091437,0.0,0.0,0,1,38.55062675891146,4.829999999999998,13.64199513239316
г. Москва,2023-10-01,16.42404399610868,0.8633696772512707,0.8633696772512707,0.0,0.0,1,0,39.34024053236252,5.790000000000006,13.4928622425229
г. Москва,2023-11-01,17.67710449929235,1.714265038508227,1.714265038508227,0.0,0.0,1,0,39.67384046114344,6.480000000000004,13.29181894150235
г. Москва,2023-12-01,15.15556364054001,-1.5282051620880424,-1.5282051620880424,-0.0,-0.0,0,1,39.79577624557758,7.709999999999994,13.35006323279422
г. Москва,2024-01-01,18.57568321359343,0.6818813931607863,0.6818813931607863,0.0,0.0,0,0,38.89050897809301,7.609999999999999,13.3552642788586
г. Москва,2024-02-01,21.31051074492166,-1.5559611222700127,-1.5559611222700127,-0.0,-0.0,1,0,38.83528406481219,7.459999999999994,13.4637718339634
г. Москва,2024-03-01,22.82582805518081,-0.03662363343873665,-0.03662363343873665,-0.0,-0.0,0,0,38.53065210064704,7.709999999999994,13.32661130262863
г. Москва,2024-04-01,22.09953534166838,-0.07535756412256944,-0.07535756412256944,-0.0,-0.0,0,0,38.30334130518565,7.879999999999995,13.16562573421093
г. Москва,2024-05-01,21.31763942423081,-1.8174537430626252,-1.8174537430626252,-0.0,-0.0,0,1,38.4013319597745,8.230000000000004,13.04999348937378
г. Москва,2024-06-01,22.84999103319085,-0.4392507252018447,-0.4392507252018447,-0.0,-0.0,0,1,38.3383006329867,9.159999999999997,12.6672477787592
г. Москва,2024-07-01,22.00920293811538,-0.5869739684411108,-0.5869739684411108,-0.0,-0.0,0,1,38.80804889748101,9.450000000000003,12.72960674119235
г. Москва,2024-08-01,21.57684905992095,1.4105522767729113,1.4105522767729113,0.0,0.0,1,0,38.43297171314915,9.989999999999995,12.01240693742533
г. Москва,2024-09-01,22.36902539421987,-1.9115218364399809,-1.9115218364399809,-0.0,-0.0,0,1,38.34643562459441,10.08,12.04104246982724
г. Москва,2024-10-01,23.76864861106427,0.667769408390896,0.667769408390896,0.0,0.0,1,0,37.9552589210903,9.670000000000002,12.06598841919472
г. Москва,2024-11-01,26.77339655366086,2.039278586154861,2.039278586154861,0.0,0.0,1,0,37.13371987914708,9.540000000000006,11.98137537339203
г. Москва,2024-12-01,28.92067931387488,0.34090421830265427,0.34090421830265427,0.0,0.0,1,-1,36.09814521228382,9.36,12.05011261797229
г. Москва,2025-01-01,26.92035359118789,0.24822008087726388,0.24822008087726388,0.0,0.0,-1,0,34.32396698644725,10.09,12.39680183288289
г. Москва,2025-02-01,30.03794316765483,0.31653560056003016,0.31653560056003016,0.0,0.0,0,-1,34.13011074412384,9.870000000000005,12.47611468079516
г. Москва,2025-03-01,33.20936126320824,0.41369500741819465,0.41369500741819465,0.0,0.0,-1,0,33.9038359962675,9.299999999999997,12.74283816772827
г. Москва,2025-04-01,31.08897483545745,0.5812476727093596,0.5812476727093596,0.0,0.0,1,0,33.80724307768624,9.069999999999993,13.01135586709595
г. Москва,2025-05-01,30.60186775494143,0.3820181297639742,0.3820181297639742,0.0,0.0,0,1,32.63555048997825,8.879999999999995,12.83543269117957
г. Москва,2025-06-01,29.32903842527281,0.6128194128495359,0.6128194128495359,0.0,0.0,0,0,32.45850331269581,8.239999999999995,12.98924950782519
г. Москва,2025-07-01,27.56584444482211,-0.2977272507310609,-0.2977272507310609,-0.0,-0.0,0,0,32.20228300344984,7.510000000000005,13.66222548114857
г. Москва,2025-08-01,26.00992207516056,-1.399483474742535,-1.399483474742535,-0.0,-0.0,1,0,31.93171326260623,7.019999999999996,12.51585795803259
г. Москва,2025-09-01,24.76118553553,0.2588989388809786,0.2588989388809786,0.0,0.0,0,0,31.86724668877226,6.329999999999998,12.55225828858847
г. Москва,2025-10-01,23.81339811660743,-0.43597080805563593,-0.43597080805563593,-0.0,-0.0,-1,0,31.84224366188364,5.980000000000004,12.53774221247032
г. Москва,2025-11-01,24.21662320917946,-0.19410526130430839,-0.19410526130430839,-0.0,-0.0,1,1,31.78383573182391,5.659999999999997,12.45716667525571
г. Москва,2025-12-01,25.11424245419267,0.2813157398373711,0.2813157398373711,0.0,0.0,0,0,31.69515670249376,4.560000000000002,12.65440080659889
г. Санкт-Петербург,2019-03-01,14.10856548169973,0.7128714995200838,0.7128714995200838,0.0,0.0,0,0,40.77981616229278,4.810000000000002,13.87001230134717
г. Санкт-Петербург,2019-04-01,13.70591404130474,0.6911493920479934,0.6911493920479934,0.0,0.0,0,0,41.39670899314531,4.730000000000004,13.84130021455593
г. Санкт-Петербург,2019-05-01,13.7794041694411,0.45783100689424217,0.45783100689424217,0.0,0.0,1,0,42.17542917713629,4.560000000000002,13.73772887740996
г. Санкт-Петербург,2019-06-01,14.16442723831373,0.5041451542673663,0.5041451542673663,0.0,0.0,0,0,42.75948092586128,4.650000000000006,13.66527139273009
г. Санкт-Петербург,2019-07-01,13.97463249171529,0.14629311794748645,0.14629311794748645,0.0,0.0,0,1,43.33649582584349,4.340000000000003,13.51638504299284
г. Санкт-Петербург,2019-08-01,13.8319950488318,0.061654111534494405,0.061654111534494405,0.0,0.0,0,0,43.67609734673996,4.310000000000002,13.67215661389497
г. Санкт-Петербург,2019-09-01,13.67429761385452,0.2864871600654304,0.2864871600654304,0.0,0.0,0,0,44.44009275318,3.900000000000006,13.70253278940558
г. Санкт-Петербург,2019-10-01,13.38715481833637,0.199118629193201,0.199118629193201,0.0,0.0,0,0,44.9975277064061,3.719999999999999,13.91005237338065
г. Санкт-Петербург,2019-11-01,13.52192379887313,-0.3451712223245451,-0.3451712223245451,-0.0,-0.0,1,0,44.9935935637226,3.549999999999997,13.75730389663074
г. Санкт-Петербург,2019-12-01,13.4556125610712,-0.11071296164861266,-0.11071296164861266,-0.0,-0.0,0,0,45.5257267381326,3.290000000000006,13.78914168244392
г. Санкт-Петербург,2020-01-01,13.37519474288342,0.4934187707708695,0.4934187707708695,0.0,0.0,0,0,45.95186220933243,2.950000000000003,13.76708127552509
г. Санкт-Петербург,2020-02-01,13.12212331162518,0.717717316165718,0.717717316165718,0.0,0.0,0,0,45.68159761437261,2.569999999999993,13.86641770999683
г. Санкт-Петербург,2020-03-01,13.42555114350233,0.5448138582658153,0.5448138582658153,0.0,0.0,0,0,46.02292427458536,2.280000000000001,14.00496821821377
г. Санкт-Петербург,2020-04-01,12.74694428743042,0.24910450663146122,0.24910450663146122,0.0,0.0,0,-1,46.41885965770117,2.75,13.6759621834251
г. Санкт-Петербург,2020-05-01,13.22956812884015,0.12930980432325967,0.12930980432325967,0.0,0.0,-1,0,46.12253556455517,3.140000000000001,14.28090848960064
г. Санкт-Петербург,2020-06-01,13.20156972431312,0.4216232562547013,0.4216232562547013,0.0,0.0,0,0,46.009465942634,2.769999999999996,14.28258685560017
г. Санкт-Петербург,2020-07-01,12.8697963362658,-1.5016319110366503,-1.5016319110366503,-0.0,-0.0,0,0,46.20215378674914,2.680000000000007,14.46345922731057
г. Санкт-Петербург,2020-08-01,12.49087818931212,-0.8645661305373835,-0.8645661305373835,-0.0,-0.0,0,0,46.39109858564492,2.950000000000003,14.36251193251787
г. Санкт-Петербург,2020-09-01,12.59256905363674,-0.7937016241842549,-0.7937016241842549,-0.0,-0.0,0,-1,47.05714750313864,3.430000000000007,14.34203807106584
г. Санкт-Петербург,2020-10-01,12.43384984336371,-1.2364929674992595,-1.2364929674992595,-0.0,-0.0,-1,0,47.54841554106768,3.400000000000006,14.32895783844086
г. Санкт-Петербург,2020-11-01,11.74947825538653,-1.3589786818048175,-1.3589786818048175,-0.0,-0.0,0,0,47.94085894553432,3.700000000000003,13.92404891679677
г. Санкт-Петербург,2020-12-01,11.90152448007046,-1.7089361724181273,-1.7089361724181273,-0.0,-0.0,0,0,48.08254381711906,4.079999999999998,14.03547820334865
г. Санкт-Петербург,2021-01-01,11.85659642145936,3.0895976215913166,3.0895976215913166,0.0,0.0,0,0,47.93078685678552,4.719999999999999,14.04910875976765
г. Санкт-Петербург,2021-02-01,11.82727573055201,-0.05176615786507455,-0.05176615786507455,-0.0,-0.0,0,0,47.93629706764354,4.730000000000004,14.03159282062255
г. Санкт-Петербург,2021-03-01,11.72475244557242,-0.6104025253424652,-0.6104025253424652,-0.0,-0.0,0,0,48.3840528527568,5.480000000000004,14.01822147390782
г. Санкт-Петербург,2021-04-01,11.50575727102932,-0.5967440618905293,-0.5967440618905293,-0.0,-0.0,0,0,49.20371522999156,5.409999999999997,14.10968640545283
г. Санкт-Петербург,2021-05-01,11.49746495861697,-0.241937869195743,-0.241937869195743,-0.0,-0.0,0,1,49.42183139383175,5.090000000000003,14.02937892125204
г. Санкт-Петербург,2021-06-01,11.55169873605105,-0.7676306960714552,-0.7676306960714552,-0.0,-0.0,0,0,50.08011608110924,6.040000000000006,13.71597933744841
г. Санкт-Петербург,2021-07-01,11.78074661982002,0.08560806359759354,0.08560806359759354,0.0,0.0,0,0,50.79456543607351,6.969999999999999,14.05170657902163
г. Санкт-Петербург,2021-08-01,11.78297030235737,0.3090771946763784,0.3090771946763784,0.0,0.0,1,1,51.53468520629655,6.489999999999995,13.96514622760606
г. Санкт-Петербург,2021-09-01,11.67563147842576,-0.6460537301930689,-0.6460537301930689,-0.0,-0.0,0,0,52.18396069858806,6.670000000000002,13.89697580666179
г. Санкт-Петербург,2021-10-01,11.74848460654898,-0.6175372517280238,-0.6175372517280238,-0.0,-0.0,0,0,52.87980640856104,7.219999999999999,13.90819958082964
г. Санкт-Петербург,2021-11-01,12.22061296380332,-0.12114037446266934,-0.12114037446266934,-0.0,-0.0,1,0,53.88088221432299,8.030000000000001,13.86675750462262
г. Санкт-Петербург,2021-12-01,12.54156539577569,-0.26721650241728057,-0.26721650241728057,-0.0,-0.0,0,0,54.2193186194112,8.299999999999997,13.73795185563115
г. Санкт-Петербург,2022-01-01,12.92813566677791,0.27464209751393653,0.27464209751393653,0.0,0.0,0,0,54.46999577440786,8.650000000000006,13.7078568920441
г. Санкт-Петербург,2022-02-01,13.3395015581138,-0.3501956198858558,-0.3501956198858558,-0.0,-0.0,0,0,53.80032175504218,8.939999999999998,13.17668104704356
г. Санкт-Петербург,2022-03-01,13.57739926849931,4.941478356719127,4.941478356719127,0.0,0.0,0,-1,54.49043779438112,9.620000000000005,13.5619193411859
г. Санкт-Петербург,2022-04-01,20.65907625517359,1.4923126339086181,1.4923126339086181,0.0,0.0,-1,-1,53.75186435566314,17.15000000000001,14.53401580556081
г. Санкт-Петербург,2022-05-01,21.02355123543102,-1.244790623444267,-1.244790623444267,-0.0,-0.0,0,0,53.98048918583556,17.42,14.55246139540105
г. Санкт-Петербург,2022-06-01,19.0428506263909,-3.118179668249544,-3.118179668249544,-0.0,-0.0,0,0,53.55179798723637,16.56,14.87859547949329
г. Санкт-Петербург,2022-07-01,17.67704178133532,-0.386746413724417,-0.386746413724417,-0.0,-0.0,0,0,53.35246151196821,14.87,15.54883215981198
г. Санкт-Петербург,2022-08-01,17.94334597344923,-1.1110066252555733,-1.1110066252555733,-0.0,-0.0,0,0,53.16008820536599,13.81,15.37874984546137
г. Санкт-Петербург,2022-09-01,17.65124486621082,1.7547062341946287,1.7547062341946287,0.0,0.0,0,0,53.29456204634982,13.31,15.5029504614852
г. Санкт-Петербург,2022-10-01,17.80964926879278,1.2482715752793254,1.2482715752793254,0.0,0.0,0,0,53.78614708656362,13.63,15.46569320651843
г. Санкт-Петербург,2022-11-01,14.35001901928801,0.32653909912163215,0.32653909912163215,0.0,0.0,0,0,53.43717117816193,12.56,15.50508316157795
г. Санкт-Петербург,2022-12-01,15.28940378478808,0.14955653030453497,0.14955653030453497,0.0,0.0,0,1,53.43019717035349,12.34,15.75793218054603
г. Санкт-Петербург,2023-01-01,17.14990698562725,0.13967960707903515,0.13967960707903515,0.0,0.0,0,0,53.19282307380549,11.51000000000001,15.44904937645279
г. Санкт-Петербург,2023-02-01,15.02467355638958,-1.9472998218897306,-1.9472998218897306,-0.0,-0.0,1,0,52.90175841483308,11.51000000000001,15.64608664468624
г. Санкт-Петербург,2023-03-01,14.49479980533332,-0.4649545463768856,-0.4649545463768856,-0.0,-0.0,0,0,52.78462932053567,10.18000000000001,15.56206206239842
г. Санкт-Петербург,2023-04-01,14.89973586998344,-0.5507806832459252,-0.5507806832459252,-0.0,-0.0,0,0,53.45848827963265,2.959999999999994,15.33903294834633
г. Санкт-Петербург,2023-05-01,14.5528202261624,-0.46521849390664727,-0.46521849390664727,-0.0,-0.0,0,0,53.73360932422639,2.510000000000005,15.17191631680794
г. Санкт-Петербург,2023-06-01,14.81661795226041,-0.5347109788556779,-0.5347109788556779,-0.0,-0.0,0,1,53.9656130791976,2.540000000000006,14.71737196315756
г. Санкт-Петербург,2023-07-01,14.69590145263221,-0.5497632155639387,-0.5497632155639387,-0.0,-0.0,0,1,54.17184502066783,3.569999999999993,14.72416480897414
г. Санкт-Петербург,2023-08-01,14.50214936592667,0.2078297309388475,0.2078297309388475,0.0,0.0,1,0,54.33851032698394,4.959999999999994,14.49314563270211
г. Санкт-Петербург,2023-09-01,15.03653477678342,2.7050587479091437,2.7050587479091437,0.0,0.0,0,1,55.27007273929402,5.609999999999999,14.3896126025324
г. Санкт-Петербург,2023-10-01,17.23985201543579,0.8633696772512707,0.8633696772512707,0.0,0.0,1,0,56.16524712969956,5.469999999999999,14.23208119134041
г. Санкт-Петербург,2023-11-01,17.81976401452971,1.714265038508227,1.714265038508227,0.0,0.0,1,0,56.50155699412817,6.079999999999998,13.93032353428387
г. Санкт-Петербург,2023-12-01,16.72762573980706,-1.5282051620880424,-1.5282051620880424,-0.0,-0.0,0,1,56.66523673833987,6.319999999999993,14.02624205953018
г. Санкт-Петербург,2024-01-01,19.23033535238446,0.6818813931607863,0.6818813931607863,0.0,0.0,0,0,56.12654096505164,6.760000000000005,13.92339588001667
г. Санкт-Петербург,2024-02-01,21.31741331544104,-1.5559611222700127,-1.5559611222700127,-0.0,-0.0,1,0,55.89272109001344,6.530000000000001,13.98006935421465
г. Санкт-Петербург,2024-03-01,22.22131754647955,-0.03662363343873665,-0.03662363343873665,-0.0,-0.0,0,0,55.5596553718833,7.140000000000001,13.88340134894182
г. Санкт-Петербург,2024-04-01,21.3782975594065,-0.07535756412256944,-0.07535756412256944,-0.0,-0.0,0,0,55.91355957066631,7.060000000000002,13.81818975995416
г. Санкт-Петербург,2024-05-01,20.86074709734527,-1.8174537430626252,-1.8174537430626252,-0.0,-0.0,0,1,55.81604473702046,7.480000000000004,13.7280299431896
г. Санкт-Петербург,2024-06-01,20.97999771992747,-0.4392507252018447,-0.4392507252018447,-0.0,-0.0,0,1,55.82757258943779,7.709999999999994,13.22328197819062
г. Санкт-Петербург,2024-07-01,21.56139102421773,-0.5869739684411108,-0.5869739684411108,-0.0,-0.0,0,1,56.3435752329729,7.790000000000006,13.41017751310864
г. Санкт-Петербург,2024-08-01,21.69333798250884,1.4105522767729113,1.4105522767729113,0.0,0.0,1,0,55.57093923212572,7.739999999999995,12.68249023700172
г. Санкт-Петербург,2024-09-01,22.45074114336999,-1.9115218364399809,-1.9115218364399809,-0.0,-0.0,0,1,55.42175158658952,7.730000000000004,12.70933948207853
г. Санкт-Петербург,2024-10-01,23.21222098025158,0.667769408390896,0.667769408390896,0.0,0.0,1,0,54.86088346112097,8.11,12.76055204122413
г. Санкт-Петербург,2024-11-01,25.7909601444251,2.039278586154861,2.039278586154861,0.0,0.0,1,0,53.56248228421583,7.689999999999998,12.57452577558756
г. Санкт-Петербург,2024-12-01,27.7993575576702,0.34090421830265427,0.34090421830265427,0.0,0.0,1,-1,52.47313726101103,8.689999999999998,12.67497480481836
г. Санкт-Петербург,2025-01-01,27.41692487715753,0.24822008087726388,0.24822008087726388,0.0,0.0,-1,0,50.78516896625366,9.459999999999994,13.11594619338127
г. Санкт-Петербург,2025-02-01,28.05189398910715,0.31653560056003016,0.31653560056003016,0.0,0.0,0,-1,49.17520425510014,10.16,13.19451770919657
г. Санкт-Петербург,2025-03-01,29.24288091112053,0.41369500741819465,0.41369500741819465,0.0,0.0,-1,0,48.67999604373533,9.709999999999994,13.50604167348565
г. Санкт-Петербург,2025-04-01,30.08030511073147,0.5812476727093596,0.5812476727093596,0.0,0.0,1,0,48.19757565951376,10.22,13.79400266396373
г. Санкт-Петербург,2025-05-01,28.31808775610656,0.3820181297639742,0.3820181297639742,0.0,0.0,0,1,47.79529365268586,9.950000000000003,13.5700486334428
г. Санкт-Петербург,2025-06-01,28.49616965486121,0.6128194128495359,0.6128194128495359,0.0,0.0,0,0,47.45942337129732,9.780000000000001,13.7058665382179
г. Санкт-Петербург,2025-07-01,26.45985356594756,-0.2977272507310609,-0.2977272507310609,-0.0,-0.0,0,0,47.09088723314584,9.430000000000007,14.33033096784617
г. Санкт-Петербург,2025-08-01,24.7302842534508,-1.399483474742535,-1.399483474742535,-0.0,-0.0,1,0,46.6598792051548,9.099999999999994,13.22500902070484
г. Санкт-Петербург,2025-09-01,23.93324353929214,0.2588989388809786,0.2588989388809786,0.0,0.0,0,0,46.70139432881689,8.849999999999994,13.35394734224473
г. Санкт-Петербург,2025-10-01,22.86375028880684,-0.43597080805563593,-0.43597080805563593,-0.0,-0.0,-1,0,46.71390735242955,8.370000000000005,13.26522224450013
г. Санкт-Петербург,2025-11-01,22.88901692684799,-0.19410526130430839,-0.19410526130430839,-0.0,-0.0,1,1,46.60320095850955,7.629999999999995,13.10730371757726
г. Санкт-Петербург,2025-12-01,24.76503862240262,0.2813157398373711,0.2813157398373711,0.0,0.0,0,0,46.59969758234227,6.370000000000005,13.35015046160741
