Region,Date,Int_Rate_FL,Mon_Shock,Mon_Shock_Cluster_new_cd_1,Mon_Shock_Cluster_new_cd_3,Mon_Shock_Cluster_new_cd_4,Zakred,CPI_reg,Cap_to_assets
Алтайский край,2019-03-01,13.54028752669132,0.7128714995200838,0.0,0.0,0.0,44.6229191199868,5.159999999999997,13.61340774629569
Алтайский край,2019-04-01,13.85618508782138,0.6911493920479934,0.0,0.0,0.0,46.4629091212129,5.430000000000007,13.64030897581694
Алтайский край,2019-05-01,13.98370140908244,0.45783100689424217,0.0,0.0,0.0,47.99585151686173,5.430000000000007,13.51501457368209
Алтайский край,2019-06-01,14.12273145268481,0.5041451542673663,0.0,0.0,0.0,50.21612277656089,4.939999999999998,13.45817071097163
Алтайский край,2019-07-01,13.87012482962838,0.14629311794748645,0.0,0.0,0.0,52.71570399885871,4.349999999999994,13.22649098434365
Алтайский край,2019-08-01,13.9456625526728,0.061654111534494405,0.0,0.0,0.0,53.84927277376141,4.450000000000003,13.46245252236163
Алтайский край,2019-09-01,13.56822345961598,0.2864871600654304,0.0,0.0,0.0,56.61042930921339,4.280000000000001,13.49334939731888
Алтайский край,2019-10-01,13.36362416407061,0.199118629193201,0.0,0.0,0.0,59.37071090878191,3.980000000000004,13.63378298012383
Алтайский край,2019-11-01,13.37091888742318,-0.3451712223245451,-0.0,-0.0,-0.0,59.93118914679405,3.780000000000001,13.5407723366006
Алтайский край,2019-12-01,13.11626012410058,-0.11071296164861266,-0.0,-0.0,-0.0,62.3332396161364,3.650000000000006,13.5507544136595
Алтайский край,2020-01-01,12.67195724365681,0.4934187707708695,0.0,0.0,0.0,65.18903119947002,3.280000000000001,13.48692074888879
Алтайский край,2020-02-01,13.31733585352829,0.717717316165718,0.0,0.0,0.0,69.02663398880628,2.609999999999999,13.51332382514504
Алтайский край,2020-03-01,12.91175956150831,0.5448138582658153,0.0,0.0,0.0,69.20984934462497,2.609999999999999,13.64727390541324
Алтайский край,2020-04-01,12.33910923367681,0.24910450663146122,0.0,0.0,0.0,69.90809143124126,2.739999999999995,13.37203846107985
Алтайский край,2020-05-01,12.00292568630332,0.12930980432325967,0.0,0.0,0.0,69.24909417110463,2.939999999999998,14.13306266530125
Алтайский край,2020-06-01,12.00244808130184,0.4216232562547013,0.0,0.0,0.0,69.32639703886603,3.019999999999996,14.09810140084406
Алтайский край,2020-07-01,11.75651867155153,-1.5016319110366503,-0.0,-0.0,-0.0,69.82406043157589,3.299999999999997,14.23762066558471
Алтайский край,2020-08-01,11.26470935507358,-0.8645661305373835,-0.0,-0.0,-0.0,72.29341304206113,3.420000000000002,14.20171417193798
Алтайский край,2020-09-01,11.25334077858903,-0.7937016241842549,-0.0,-0.0,-0.0,73.642678699852,3.730000000000004,14.10168453469006
Алтайский край,2020-10-01,10.87839676057009,-1.2364929674992595,-0.0,-0.0,-0.0,74.7144070020818,3.599999999999994,14.30946457418454
Алтайский край,2020-11-01,10.44015122587593,-1.3589786818048175,-0.0,-0.0,-0.0,76.14910059379817,3.879999999999995,13.71956041488541
Алтайский край,2020-12-01,10.72789384242685,-1.7089361724181273,-0.0,-0.0,-0.0,75.78838113687397,5.170000000000002,13.89008004307619
Алтайский край,2021-01-01,10.603089745172,3.0895976215913166,0.0,0.0,0.0,76.23061186035648,5.349999999999994,13.92647672193094
Алтайский край,2021-02-01,11.47036820553297,-0.05176615786507455,-0.0,-0.0,-0.0,76.42714678247651,5.450000000000003,13.93882182430666
Алтайский край,2021-03-01,10.84067956641223,-0.6104025253424652,-0.0,-0.0,-0.0,77.10870123123124,5.870000000000005,13.93021682084727
Алтайский край,2021-04-01,10.6551369121806,-0.5967440618905293,-0.0,-0.0,-0.0,78.38834471935704,6.319999999999993,13.98399932369562
Алтайский край,2021-05-01,10.74092284554168,-0.241937869195743,-0.0,-0.0,-0.0,78.1639898947186,6.689999999999998,14.04867500797874
Алтайский край,2021-06-01,11.05835077904566,-0.7676306960714552,-0.0,-0.0,-0.0,79.36524620522977,7.430000000000007,13.49357450549837
Алтайский край,2021-07-01,10.71859664114846,0.08560806359759354,0.0,0.0,0.0,80.64375916003046,7.680000000000007,13.91041630469906
Алтайский край,2021-08-01,11.23921756935843,0.3090771946763784,0.0,0.0,0.0,79.80381824352634,7.739999999999995,13.74583912971957
Алтайский край,2021-09-01,11.27107470051164,-0.6460537301930689,-0.0,-0.0,-0.0,80.96636518852871,8.549999999999997,13.64789710907235
Алтайский край,2021-10-01,11.05618636426874,-0.6175372517280238,-0.0,-0.0,-0.0,81.61278629801471,8.730000000000004,13.71949489145059
Алтайский край,2021-11-01,11.59851469013438,-0.12114037446266934,-0.0,-0.0,-0.0,82.0919978875711,10.12,13.64084643631337
Алтайский край,2021-12-01,11.52186436077925,-0.26721650241728057,-0.0,-0.0,-0.0,81.29590457429076,9.579999999999998,13.49184350010992
Алтайский край,2022-01-01,11.52999446471395,0.27464209751393653,0.0,0.0,0.0,81.52463758057716,10.2,13.47376404499373
Алтайский край,2022-02-01,12.51260943437416,-0.3501956198858558,-0.0,-0.0,-0.0,79.08959380823589,10.75,12.92374640848293
Алтайский край,2022-03-01,12.06207098392973,4.941478356719127,0.0,0.0,0.0,79.68218029915698,10.97,13.28659930217487
Алтайский край,2022-04-01,11.96436895347028,1.4923126339086181,0.0,0.0,0.0,78.85062975408546,18.28,14.14677813925818
Алтайский край,2022-05-01,16.66379490194509,-1.244790623444267,-0.0,-0.0,-0.0,76.54775291409004,19.90000000000001,13.9025668355024
Алтайский край,2022-06-01,17.55011376421877,-3.118179668249544,-0.0,-0.0,-0.0,75.49483128705897,18.89,13.96452673626102
Алтайский край,2022-07-01,15.61564526707026,-0.386746413724417,-0.0,-0.0,-0.0,74.72856046512337,17.87,14.63081112358317
Алтайский край,2022-08-01,13.9650890202106,-1.1110066252555733,-0.0,-0.0,-0.0,76.75982905587037,16.66,14.40052126187115
Алтайский край,2022-09-01,13.42622532368491,1.7547062341946287,0.0,0.0,0.0,76.3193383589244,15.09,14.45456376669839
Алтайский край,2022-10-01,13.01967957149118,1.2482715752793254,0.0,0.0,0.0,76.23716032219735,15.09999999999999,14.44523503556103
Алтайский край,2022-11-01,13.20658076218904,0.32653909912163215,0.0,0.0,0.0,76.61377887826008,13.39,14.32279502420031
Алтайский край,2022-12-01,13.37179924801148,0.14955653030453497,0.0,0.0,0.0,76.235365608032,12.70999999999999,14.55869549540716
Алтайский край,2023-01-01,12.74278648832788,0.13967960707903515,0.0,0.0,0.0,75.64655061047101,12.05,14.32305435881372
Алтайский край,2023-02-01,14.54050345289439,-1.9472998218897306,-0.0,-0.0,-0.0,73.39510984648423,12.01000000000001,14.48082910469086
Алтайский край,2023-03-01,13.62344040734261,-0.4649545463768856,-0.0,-0.0,-0.0,72.86257084356309,11.06,14.32696423105078
Алтайский край,2023-04-01,13.3085780425421,-0.5507806832459252,-0.0,-0.0,-0.0,73.05063840028743,3.5,14.10491942191848
Алтайский край,2023-05-01,13.35513877311614,-0.46521849390664727,-0.0,-0.0,-0.0,69.49760118609717,1.739999999999995,13.98791451431295
Алтайский край,2023-06-01,13.75066305401772,-0.5347109788556779,-0.0,-0.0,-0.0,69.78866165213321,1.849999999999994,13.3849812082492
Алтайский край,2023-07-01,13.43340538589302,-0.5497632155639387,-0.0,-0.0,-0.0,70.27279009266161,3.099999999999994,13.41150682719055
Алтайский край,2023-08-01,13.25569022137037,0.2078297309388475,0.0,0.0,0.0,70.72418067004877,4.370000000000005,13.14342864000364
Алтайский край,2023-09-01,13.07530848700551,2.7050587479091437,0.0,0.0,0.0,72.33573282242952,5.890000000000001,13.02724194802521
Алтайский край,2023-10-01,13.16658041564054,0.8633696772512707,0.0,0.0,0.0,72.75588011760132,6.870000000000005,12.89846628645842
Алтайский край,2023-11-01,14.54491339574862,1.714265038508227,0.0,0.0,0.0,76.00865838926117,7.980000000000004,12.71372099780427
Алтайский край,2023-12-01,15.01788770647346,-1.5282051620880424,-0.0,-0.0,-0.0,75.79699259655257,8.439999999999998,12.82017420383533
Алтайский край,2024-01-01,14.98929318061714,0.6818813931607863,0.0,0.0,0.0,74.62956265995174,8.769999999999996,12.86231486359422
Алтайский край,2024-02-01,19.25648393089338,-1.5559611222700127,-0.0,-0.0,-0.0,75.66851002569665,8.590000000000003,12.99043823286895
Алтайский край,2024-03-01,20.11738509435838,-0.03662363343873665,-0.0,-0.0,-0.0,75.12679035333427,8.900000000000006,12.86868977130081
Алтайский край,2024-04-01,18.76434364578614,-0.07535756412256944,-0.0,-0.0,-0.0,75.40029287339081,8.900000000000006,12.76732128910376
Алтайский край,2024-05-01,18.56798139295918,-1.8174537430626252,-0.0,-0.0,-0.0,74.00472430493821,8.86,12.74155713792936
Алтайский край,2024-06-01,18.31210414978918,-0.4392507252018447,-0.0,-0.0,-0.0,73.73852564642651,9.129999999999995,12.30541358760953
Алтайский край,2024-07-01,17.09274831388716,-0.5869739684411108,-0.0,-0.0,-0.0,74.07010719956291,9.040000000000006,12.41970247287765
Алтайский край,2024-08-01,21.42036286065584,1.4105522767729113,0.0,0.0,0.0,71.4102850074532,9.879999999999995,11.46211009411308
Алтайский край,2024-09-01,21.87119566844864,-1.9115218364399809,-0.0,-0.0,-0.0,70.98052614798867,8.989999999999995,11.43007583080733
Алтайский край,2024-10-01,20.79528520440799,0.667769408390896,0.0,0.0,0.0,70.0527744340289,8.650000000000006,11.41657498386426
Алтайский край,2024-11-01,20.85685785555523,2.039278586154861,0.0,0.0,0.0,69.81012414615209,8.459999999999994,11.27750443081404
Алтайский край,2024-12-01,20.97073279792667,0.34090421830265427,0.0,0.0,0.0,66.22094682887443,9.060000000000002,11.44486021771026
Алтайский край,2025-01-01,20.2721917843263,0.24822008087726388,0.0,0.0,0.0,63.76089116468,9.810000000000002,12.09498755321305
Алтайский край,2025-02-01,25.52380703792563,0.31653560056003016,0.0,0.0,0.0,61.67894661644989,10.13,12.10890273371095
Алтайский край,2025-03-01,22.87289836905214,0.41369500741819465,0.0,0.0,0.0,60.51986604414272,10.73999999999999,12.3951146730693
Алтайский край,2025-04-01,22.9635851286782,0.5812476727093596,0.0,0.0,0.0,59.56320427980827,11.58,12.66741539633514
Алтайский край,2025-05-01,21.72671768617892,0.3820181297639742,0.0,0.0,0.0,57.75028151407716,11.66,12.61301693557736
Алтайский край,2025-06-01,21.06678015865792,0.6128194128495359,0.0,0.0,0.0,57.12033927888223,11.01000000000001,12.73895362517035
Алтайский край,2025-07-01,21.49016538841146,-0.2977272507310609,-0.0,-0.0,-0.0,56.05718423646713,10.28,13.19993681463669
Алтайский край,2025-08-01,19.62128885512227,-1.399483474742535,-0.0,-0.0,-0.0,55.09851355313013,9.39,12.41730942335271
Алтайский край,2025-09-01,19.28001319375662,0.2588989388809786,0.0,0.0,0.0,54.93482535307322,8.849999999999994,12.45330279332456
Алтайский край,2025-10-01,18.64823072477388,-0.43597080805563593,-0.0,-0.0,-0.0,54.3870695623565,8.510000000000005,12.41223087714654
Алтайский край,2025-11-01,18.25094373748851,-0.19410526130430839,-0.0,-0.0,-0.0,53.9636763395595,8.549999999999997,12.33917781163764
Алтайский край,2025-12-01,18.05706212208798,0.2813157398373711,0.0,0.0,0.0,53.43881749218499,7.579999999999998,12.60704394518013
Амурская область,2019-03-01,13.49874275412384,0.7128714995200838,0.0,0.7128714995200838,0.0,48.3911406087596,5.340000000000003,13.54439047631186
Амурская область,2019-04-01,13.68327419721394,0.6911493920479934,0.0,0.6911493920479934,0.0,48.70020737020438,5.340000000000003,13.50793376341778
Амурская область,2019-05-01,13.88070368189599,0.45783100689424217,0.0,0.45783100689424217,0.0,48.79221796310819,5.620000000000005,13.46215791992908
Амурская область,2019-06-01,14.17556212983655,0.5041451542673663,0.0,0.5041451542673663,0.0,48.95908553209763,5.620000000000005,13.41846185288292
Амурская область,2019-07-01,13.90623268279636,0.14629311794748645,0.0,0.14629311794748645,0.0,49.00506844661002,5.650000000000006,13.18174455450565
Амурская область,2019-08-01,13.89474459073312,0.061654111534494405,0.0,0.061654111534494405,0.0,49.28737246553046,5.310000000000002,13.42100407859105
Амурская область,2019-09-01,13.46098000898309,0.2864871600654304,0.0,0.2864871600654304,0.0,49.86629801606659,5.439999999999998,13.54043415795229
Амурская область,2019-10-01,13.27670073491602,0.199118629193201,0.0,0.199118629193201,0.0,50.38167153586611,5.170000000000002,13.71949270430073
Амурская область,2019-11-01,13.27340948033251,-0.3451712223245451,-0.0,-0.3451712223245451,-0.0,50.52853466323144,5.040000000000006,13.61249144682785
Амурская область,2019-12-01,12.94790036806974,-0.11071296164861266,-0.0,-0.11071296164861266,-0.0,50.64067289505714,4.799999999999997,13.62732621327493
Амурская область,2020-01-01,12.66815276337034,0.4934187707708695,0.0,0.4934187707708695,0.0,50.49770645250714,4.760000000000005,13.53638709408195
Амурская область,2020-02-01,12.63776249612404,0.717717316165718,0.0,0.717717316165718,0.0,50.93249567249465,4.609999999999999,13.5138879193129
Амурская область,2020-03-01,11.73225783750745,0.5448138582658153,0.0,0.5448138582658153,0.0,51.16024649117156,4.450000000000003,13.59761245522193
Амурская область,2020-04-01,11.76932222607833,0.24910450663146122,0.0,0.24910450663146122,0.0,51.5834553244113,4.560000000000002,13.32373124297783
Амурская область,2020-05-01,10.54115587157783,0.12930980432325967,0.0,0.12930980432325967,0.0,51.44272583855026,5.109999999999999,14.20744619685732
Амурская область,2020-06-01,11.57852129921401,0.4216232562547013,0.0,0.4216232562547013,0.0,51.18985182448397,5.439999999999998,14.17607447764437
Амурская область,2020-07-01,11.70121986607025,-1.5016319110366503,-0.0,-1.5016319110366503,-0.0,51.27923874924474,5.290000000000006,14.30913715942517
Амурская область,2020-08-01,11.0069866859858,-0.8645661305373835,-0.0,-0.8645661305373835,-0.0,51.60948833230324,5.730000000000004,14.24082726968361
Амурская область,2020-09-01,11.19560493358965,-0.7937016241842549,-0.0,-0.7937016241842549,-0.0,52.21861040932681,5.930000000000007,14.07851920895821
Амурская область,2020-10-01,10.70723035606982,-1.2364929674992595,-0.0,-1.2364929674992595,-0.0,52.6384974115574,5.590000000000003,14.29293529601249
Амурская область,2020-11-01,10.3988726847856,-1.3589786818048175,-0.0,-1.3589786818048175,-0.0,53.3071450829951,5.760000000000005,13.66787058435158
Амурская область,2020-12-01,10.4713139048897,-1.7089361724181273,-0.0,-1.7089361724181273,-0.0,53.51094826211815,5.969999999999999,13.81328984968914
Амурская область,2021-01-01,9.9639909403666,3.0895976215913166,0.0,3.0895976215913166,0.0,53.14696567279843,7.180000000000007,13.88042303300062
Амурская область,2021-02-01,10.74911066531382,-0.05176615786507455,-0.0,-0.05176615786507455,-0.0,53.57609676000506,6.299999999999997,13.88934597830626
Амурская область,2021-03-01,10.19149693658429,-0.6104025253424652,-0.0,-0.6104025253424652,-0.0,54.04105067238615,6.079999999999998,13.86061849098867
Амурская область,2021-04-01,10.23402732099443,-0.5967440618905293,-0.0,-0.5967440618905293,-0.0,54.73533066229111,6.319999999999993,13.97498570818824
Амурская область,2021-05-01,10.21972576861427,-0.241937869195743,-0.0,-0.241937869195743,-0.0,55.12155520835221,5.599999999999994,14.1339312656134
Амурская область,2021-06-01,10.5897268416114,-0.7676306960714552,-0.0,-0.7676306960714552,-0.0,55.87625123995746,5.700000000000003,13.47106198612383
Амурская область,2021-07-01,10.43848549193263,0.08560806359759354,0.0,0.08560806359759354,0.0,56.62546338504441,6.319999999999993,13.93333163457254
Амурская область,2021-08-01,10.91753242366635,0.3090771946763784,0.0,0.3090771946763784,0.0,57.51482301321276,6.290000000000006,13.72201156732164
Амурская область,2021-09-01,11.00406123753069,-0.6460537301930689,-0.0,-0.6460537301930689,-0.0,58.13508328359579,5.790000000000006,13.65339485413373
Амурская область,2021-10-01,10.72179627544688,-0.6175372517280238,-0.0,-0.6175372517280238,-0.0,58.71845722373621,6.200000000000003,13.81164640187468
Амурская область,2021-11-01,10.57685250971228,-0.12114037446266934,-0.0,-0.12114037446266934,-0.0,58.9982670530783,6.209999999999994,13.71191387355792
Амурская область,2021-12-01,10.34971317346376,-0.26721650241728057,-0.0,-0.26721650241728057,-0.0,58.70333757007129,6.629999999999995,13.53311563789506
Амурская область,2022-01-01,9.5697450636693,0.27464209751393653,0.0,0.27464209751393653,0.0,58.82034177299881,6.269999999999996,13.49251795735023
Амурская область,2022-02-01,10.62338184067316,-0.3501956198858558,-0.0,-0.3501956198858558,-0.0,58.97492046729457,6.959999999999994,12.91484768249259
Амурская область,2022-03-01,9.952669337978861,4.941478356719127,0.0,4.941478356719127,0.0,59.66382556187977,7.719999999999999,13.16965483161943
Амурская область,2022-04-01,12.50015124875631,1.4923126339086181,0.0,1.4923126339086181,0.0,59.51080031564192,12.61,14.04237993662703
Амурская область,2022-05-01,11.53953868776216,-1.244790623444267,-0.0,-1.244790623444267,-0.0,58.80688813849356,13.88,13.88947072362208
Амурская область,2022-06-01,14.28831704215396,-3.118179668249544,-0.0,-3.118179668249544,-0.0,58.05745082795129,13.59,13.95504874454063
Амурская область,2022-07-01,14.20722626584291,-0.386746413724417,-0.0,-0.386746413724417,-0.0,57.80286546288285,13.47,14.63417416369002
Амурская область,2022-08-01,12.88291075721227,-1.1110066252555733,-0.0,-1.1110066252555733,-0.0,59.0597183214389,13.06,14.3436500506965
Амурская область,2022-09-01,11.6321441672588,1.7547062341946287,0.0,1.7547062341946287,0.0,59.28705496962883,12.92,14.36656561822979
Амурская область,2022-10-01,10.72851108975164,1.2482715752793254,0.0,1.2482715752793254,0.0,60.00124345462932,12.39,14.33494235461344
Амурская область,2022-11-01,11.52193266633421,0.32653909912163215,0.0,0.32653909912163215,0.0,58.47351781094561,12.62,14.19768772942882
Амурская область,2022-12-01,11.98816894994712,0.14955653030453497,0.0,0.14955653030453497,0.0,58.97628113916804,12.34,14.48397814957335
Амурская область,2023-01-01,11.25505725320734,0.13967960707903515,0.0,0.13967960707903515,0.0,59.37400641929445,12.26000000000001,14.24570462129742
Амурская область,2023-02-01,12.80171239030962,-1.9472998218897306,-0.0,-1.9472998218897306,-0.0,58.38097588033357,12.7,14.36219564637817
Амурская область,2023-03-01,11.69049585255242,-0.4649545463768856,-0.0,-0.4649545463768856,-0.0,58.88584021502964,11.8,14.1974246782626
Амурская область,2023-04-01,11.43902830419306,-0.5507806832459252,-0.0,-0.5507806832459252,-0.0,60.13667460881484,6.349999999999994,14.00388316322881
Амурская область,2023-05-01,11.55617830338271,-0.46521849390664727,-0.0,-0.46521849390664727,-0.0,62.16206911860272,5.5,13.88631014517976
Амурская область,2023-06-01,11.82101740663041,-0.5347109788556779,-0.0,-0.5347109788556779,-0.0,63.29172195419302,5.719999999999999,13.18327024492417
Амурская область,2023-07-01,12.00999284463315,-0.5497632155639387,-0.0,-0.5497632155639387,-0.0,64.32147088599135,5.599999999999994,13.20339952379841
Амурская область,2023-08-01,11.69721800522228,0.2078297309388475,0.0,0.2078297309388475,0.0,64.05608787994937,5.780000000000001,12.91378944240835
Амурская область,2023-09-01,11.82256823308888,2.7050587479091437,0.0,2.7050587479091437,0.0,65.46084291950847,7.049999999999997,12.7711913449261
Амурская область,2023-10-01,11.60323821039412,0.8633696772512707,0.0,0.8633696772512707,0.0,66.79923590885946,7.989999999999995,12.75456361898948
Амурская область,2023-11-01,11.98122296501123,1.714265038508227,0.0,1.714265038508227,0.0,68.22998901436873,7.969999999999999,12.58002602174277
Амурская область,2023-12-01,12.41343896888299,-1.5282051620880424,-0.0,-1.5282051620880424,-0.0,68.43376382407573,8.450000000000003,12.65992097026455
Амурская область,2024-01-01,11.53822474668356,0.6818813931607863,0.0,0.6818813931607863,0.0,67.59149641521067,8.299999999999997,12.73262862058489
Амурская область,2024-02-01,16.40327495991511,-1.5559611222700127,-0.0,-1.5559611222700127,-0.0,67.2778029679228,7.719999999999999,12.86327280781469
Амурская область,2024-03-01,18.14334668917876,-0.03662363343873665,-0.0,-0.03662363343873665,-0.0,66.68268040672653,8.170000000000002,12.74888724526298
Амурская область,2024-04-01,17.47101837471501,-0.07535756412256944,-0.0,-0.07535756412256944,-0.0,66.69388766265298,8.159999999999997,12.69944455903939
Амурская область,2024-05-01,17.0499085837829,-1.8174537430626252,-0.0,-1.8174537430626252,-0.0,66.7711759259872,8.040000000000006,12.7019404092071
Амурская область,2024-06-01,16.7733219738477,-0.4392507252018447,-0.0,-0.4392507252018447,-0.0,66.33951675702548,7.829999999999998,12.32583627133637
Амурская область,2024-07-01,15.54115861267351,-0.5869739684411108,-0.0,-0.5869739684411108,-0.0,66.5401168026702,8.049999999999997,12.47504157775925
Амурская область,2024-08-01,18.16896159158809,1.4105522767729113,0.0,1.4105522767729113,0.0,65.0050658597778,8.780000000000001,11.37372451092108
Амурская область,2024-09-01,17.7752770431912,-1.9115218364399809,-0.0,-1.9115218364399809,-0.0,64.81727702384028,8.36,11.31808722171462
Амурская область,2024-10-01,17.04934298057269,0.667769408390896,0.0,0.667769408390896,0.0,64.33771724779984,7.980000000000004,11.32519729228045
Амурская область,2024-11-01,16.54859577134121,2.039278586154861,0.0,2.039278586154861,0.0,63.591523605554,8.579999999999998,11.19138059863436
Амурская область,2024-12-01,15.29854783781968,0.34090421830265427,0.0,0.34090421830265427,0.0,60.82394727989087,8.680000000000007,11.34011076702359
Амурская область,2025-01-01,13.40623639903418,0.24822008087726388,0.0,0.24822008087726388,0.0,58.98648130419104,8.170000000000002,12.10484927680477
Амурская область,2025-02-01,19.81352162340211,0.31653560056003016,0.0,0.31653560056003016,0.0,56.44003534609159,9.480000000000004,12.09511052264683
Амурская область,2025-03-01,17.9557755143232,0.41369500741819465,0.0,0.41369500741819465,0.0,55.83865817660651,9.799999999999997,12.40294683661838
Амурская область,2025-04-01,17.92223113730839,0.5812476727093596,0.0,0.5812476727093596,0.0,55.19131223121874,10.62,12.6858759853645
Амурская область,2025-05-01,16.00073861087712,0.3820181297639742,0.0,0.3820181297639742,0.0,54.74180233966543,10.15000000000001,12.63597773492631
Амурская область,2025-06-01,15.47974501506059,0.6128194128495359,0.0,0.6128194128495359,0.0,54.48558902045725,9.870000000000005,12.78010732819667
Амурская область,2025-07-01,15.18189494651804,-0.2977272507310609,-0.0,-0.2977272507310609,-0.0,54.05365069289618,9.989999999999995,13.1446469025577
Амурская область,2025-08-01,16.22132554490498,-1.399483474742535,-0.0,-1.399483474742535,-0.0,52.49584683689594,9.459999999999994,12.21767266054752
Амурская область,2025-09-01,16.40033669360006,0.2588989388809786,0.0,0.2588989388809786,0.0,52.7965825278782,8.719999999999999,12.27411151848884
Амурская область,2025-10-01,15.4635969468965,-0.43597080805563593,-0.0,-0.43597080805563593,-0.0,52.58279191583657,9.019999999999996,12.32397166286098
Амурская область,2025-11-01,14.81379723381225,-0.19410526130430839,-0.0,-0.19410526130430839,-0.0,52.6286884325759,8.510000000000005,12.27015327640983
Амурская область,2025-12-01,15.59688177284685,0.2813157398373711,0.0,0.2813157398373711,0.0,52.21619471388873,7.939999999999998,12.5511414216914
Архангельская область,2019-03-01,13.0440077233688,0.7128714995200838,0.0,0.0,0.0,50.96843455516489,5.0,13.7259574959201
Архангельская область,2019-04-01,13.27197522267924,0.6911493920479934,0.0,0.0,0.0,51.48860503275377,4.939999999999998,13.76534193934071
Архангельская область,2019-05-01,13.42902953379099,0.45783100689424217,0.0,0.0,0.0,53.70466830286698,5.109999999999999,13.70406275944462
Архангельская область,2019-06-01,13.64376870644846,0.5041451542673663,0.0,0.0,0.0,54.04238552997575,5.280000000000001,13.68577603895019
Архангельская область,2019-07-01,13.46269484554631,0.14629311794748645,0.0,0.0,0.0,54.44179235324192,4.920000000000002,13.38245688434504
Архангельская область,2019-08-01,13.47815093635517,0.061654111534494405,0.0,0.0,0.0,54.00344756216096,4.819999999999993,13.76897250384148
Архангельская область,2019-09-01,13.10443701921999,0.2864871600654304,0.0,0.0,0.0,54.71734042624676,4.459999999999994,13.80612937128863
Архангельская область,2019-10-01,12.81503193470708,0.199118629193201,0.0,0.0,0.0,55.40792243687035,4.450000000000003,13.97683558800549
Архангельская область,2019-11-01,12.87506090229289,-0.3451712223245451,-0.0,-0.0,-0.0,52.29299561255291,4.140000000000001,13.86809796127961
Архангельская область,2019-12-01,12.4804002017045,-0.11071296164861266,-0.0,-0.0,-0.0,52.73382116538456,3.780000000000001,13.86531057558621
Архангельская область,2020-01-01,12.15811312022146,0.4934187707708695,0.0,0.0,0.0,52.53462441368944,3.25,13.71189117848848
Архангельская область,2020-02-01,12.57267471551524,0.717717316165718,0.0,0.0,0.0,56.86708887712817,2.980000000000004,13.6123296932166
Архангельская область,2020-03-01,12.34468942136892,0.5448138582658153,0.0,0.0,0.0,56.98305395360929,3.049999999999997,13.7393738016441
Архангельская область,2020-04-01,12.14318263286545,0.24910450663146122,0.0,0.0,0.0,57.35797745548222,3.180000000000007,13.45673622041955
Архангельская область,2020-05-01,11.91445295875544,0.12930980432325967,0.0,0.0,0.0,57.71199933740425,3.969999999999999,14.41562948965131
Архангельская область,2020-06-01,11.60002436682691,0.4216232562547013,0.0,0.0,0.0,57.60084384588009,3.870000000000005,14.40272603413577
Архангельская область,2020-07-01,11.56552549931101,-1.5016319110366503,-0.0,-0.0,-0.0,57.82987211504225,4.040000000000006,14.58156293760981
Архангельская область,2020-08-01,11.09159973427203,-0.8645661305373835,-0.0,-0.0,-0.0,56.27944088669786,3.870000000000005,14.49261028868243
Архангельская область,2020-09-01,11.07184406543907,-0.7937016241842549,-0.0,-0.0,-0.0,56.9721075564353,3.640000000000001,14.27142373749744
Архангельская область,2020-10-01,10.51892097913474,-1.2364929674992595,-0.0,-0.0,-0.0,57.72452192845742,3.599999999999994,14.4913610667838
Архангельская область,2020-11-01,10.467521233737,-1.3589786818048175,-0.0,-0.0,-0.0,58.73385466242398,3.680000000000007,13.82167668463958
Архангельская область,2020-12-01,10.72241445841213,-1.7089361724181273,-0.0,-0.0,-0.0,58.66642438684582,4.140000000000001,14.02787066728922
Архангельская область,2021-01-01,10.38445013587813,3.0895976215913166,0.0,0.0,0.0,59.18662876720814,4.620000000000005,14.04025156014168
Архангельская область,2021-02-01,11.1220453873102,-0.05176615786507455,-0.0,-0.0,-0.0,60.64052482343345,4.739999999999995,14.0594197911953
Архангельская область,2021-03-01,10.63554138664414,-0.6104025253424652,-0.0,-0.0,-0.0,61.10281171501779,4.989999999999995,14.03395564369953
Архангельская область,2021-04-01,10.4932440711239,-0.5967440618905293,-0.0,-0.0,-0.0,61.80104540130314,5.219999999999999,14.14695663006056
Архангельская область,2021-05-01,10.4458698833109,-0.241937869195743,-0.0,-0.0,-0.0,61.10862452220339,5.079999999999998,14.36161281198873
Архангельская область,2021-06-01,10.80249692863993,-0.7676306960714552,-0.0,-0.0,-0.0,61.91201657175663,5.879999999999995,13.65679538303711
Архангельская область,2021-07-01,10.46817990501849,0.08560806359759354,0.0,0.0,0.0,62.61753412571488,6.569999999999993,14.09927132590088
Архангельская область,2021-08-01,11.13965201777396,0.3090771946763784,0.0,0.0,0.0,63.32330053396205,7.060000000000002,13.87517551797579
Архангельская область,2021-09-01,11.23131671951879,-0.6460537301930689,-0.0,-0.0,-0.0,64.15154394985247,7.480000000000004,13.77477166280155
Архангельская область,2021-10-01,11.06824344708205,-0.6175372517280238,-0.0,-0.0,-0.0,64.52730200949027,8.430000000000007,13.8528057643124
Архангельская область,2021-11-01,11.00317308998557,-0.12114037446266934,-0.0,-0.0,-0.0,65.76727764784806,9.400000000000006,13.77196328717861
Архангельская область,2021-12-01,11.23560026361804,-0.26721650241728057,-0.0,-0.0,-0.0,64.97299329013758,9.590000000000003,13.58990700849481
Архангельская область,2022-01-01,11.21109337757311,0.27464209751393653,0.0,0.0,0.0,64.8521408317256,9.269999999999996,13.54358199604514
Архангельская область,2022-02-01,12.15287425235775,-0.3501956198858558,-0.0,-0.0,-0.0,66.52184644659155,9.670000000000002,12.96036063865291
Архангельская область,2022-03-01,11.76081952200039,4.941478356719127,0.0,0.0,0.0,66.92230931175564,10.40000000000001,13.05680032189588
Архангельская область,2022-04-01,11.31872170431993,1.4923126339086181,0.0,0.0,0.0,66.5400526835621,20.84,13.99733052197739
Архангельская область,2022-05-01,16.32532137124885,-1.244790623444267,-0.0,-0.0,-0.0,64.7462515396952,20.95,13.87839231383899
Архангельская область,2022-06-01,16.56834912209523,-3.118179668249544,-0.0,-0.0,-0.0,63.79918931502373,19.66,14.01467928085464
Архангельская область,2022-07-01,15.2815663847804,-0.386746413724417,-0.0,-0.0,-0.0,63.05750963955059,17.44,14.71563617407037
Архангельская область,2022-08-01,13.3133080018629,-1.1110066252555733,-0.0,-0.0,-0.0,63.18311959947722,15.64,14.416764301464
Архангельская область,2022-09-01,12.89274440111484,1.7547062341946287,0.0,0.0,0.0,62.8645140955268,14.88,14.47735660142648
Архангельская область,2022-10-01,12.40838046949014,1.2482715752793254,0.0,0.0,0.0,63.2212835406664,13.90000000000001,14.46794434203496
Архангельская область,2022-11-01,12.61117776389647,0.32653909912163215,0.0,0.0,0.0,62.89498246781864,12.90000000000001,14.33516720613498
Архангельская область,2022-12-01,12.6963169537836,0.14955653030453497,0.0,0.0,0.0,63.06845184700032,12.04000000000001,14.64212303471656
Архангельская область,2023-01-01,12.3115977151037,0.13967960707903515,0.0,0.0,0.0,63.14153198106657,12.01000000000001,14.37066599499773
Архангельская область,2023-02-01,13.89650491593234,-1.9472998218897306,-0.0,-0.0,-0.0,64.4833244378411,12.22,14.5236766708706
Архангельская область,2023-03-01,13.23884288068508,-0.4649545463768856,-0.0,-0.0,-0.0,64.25318006794323,11.2,14.36352314428554
Архангельская область,2023-04-01,13.1266564808501,-0.5507806832459252,-0.0,-0.0,-0.0,64.51010259157532,1.579999999999998,14.14561926210601
Архангельская область,2023-05-01,13.27634595731065,-0.46521849390664727,-0.0,-0.0,-0.0,64.97692513295522,1.920000000000002,13.9898759589966
Архангельская область,2023-06-01,13.69934218606134,-0.5347109788556779,-0.0,-0.0,-0.0,65.16179574568591,1.719999999999999,13.36325707888985
Архангельская область,2023-07-01,13.50254077868291,-0.5497632155639387,-0.0,-0.0,-0.0,65.6416965462665,3.510000000000005,13.39188149394849
Архангельская область,2023-08-01,13.23702219069357,0.2078297309388475,0.0,0.0,0.0,65.91490872110147,5.129999999999995,13.10011905310897
Архангельская область,2023-09-01,13.16522930781757,2.7050587479091437,0.0,0.0,0.0,67.07625708729137,5.340000000000003,12.94944655002856
Архангельская область,2023-10-01,13.29818499832273,0.8633696772512707,0.0,0.0,0.0,68.05587621151129,6.799999999999997,12.87491402359295
Архангельская область,2023-11-01,14.4304696403887,1.714265038508227,0.0,0.0,0.0,67.65250360500896,7.659999999999997,12.65965608012637
Архангельская область,2023-12-01,14.92508219792479,-1.5282051620880424,-0.0,-0.0,-0.0,67.45575589984816,8.150000000000006,12.74652547916836
Архангельская область,2024-01-01,13.31214411473782,0.6818813931607863,0.0,0.0,0.0,66.38491336970263,8.769999999999996,12.83211445604546
Архангельская область,2024-02-01,16.47586576836309,-1.5559611222700127,-0.0,-0.0,-0.0,67.91863257890704,8.349999999999994,12.94686187183569
Архангельская область,2024-03-01,17.37409416523196,-0.03662363343873665,-0.0,-0.0,-0.0,67.54701367560637,8.790000000000006,12.83005459672188
Архангельская область,2024-04-01,16.10913663774162,-0.07535756412256944,-0.0,-0.0,-0.0,67.85489876874009,8.120000000000005,12.74318643747994
Архангельская область,2024-05-01,15.50110115692507,-1.8174537430626252,-0.0,-0.0,-0.0,67.32611649746877,7.450000000000003,12.73766753198737
Архангельская область,2024-06-01,16.11604261993662,-0.4392507252018447,-0.0,-0.0,-0.0,67.67741739788364,8.170000000000002,12.33832261816084
Архангельская область,2024-07-01,15.52362895151519,-0.5869739684411108,-0.0,-0.0,-0.0,68.33903890771184,8.069999999999993,12.46280184540459
Архангельская область,2024-08-01,17.2455476428476,1.4105522767729113,0.0,0.0,0.0,69.67871920197459,8.579999999999998,11.43969246541585
Архангельская область,2024-09-01,17.29094040468993,-1.9115218364399809,-0.0,-0.0,-0.0,69.98846125560509,8.370000000000005,11.39824671167207
Архангельская область,2024-10-01,16.76912414278773,0.667769408390896,0.0,0.0,0.0,69.63366583888042,7.75,11.39477051115048
Архангельская область,2024-11-01,16.32706717644117,2.039278586154861,0.0,0.0,0.0,68.19605621346558,7.439999999999998,11.2421041704155
Архангельская область,2024-12-01,16.89528895600442,0.34090421830265427,0.0,0.0,0.0,65.50949039174982,8.489999999999995,11.41687363272484
Архангельская область,2025-01-01,16.83192451012201,0.24822008087726388,0.0,0.0,0.0,63.83704079171147,8.040000000000006,12.16370260164718
Архангельская область,2025-02-01,22.19851345639142,0.31653560056003016,0.0,0.0,0.0,62.45025962294009,8.590000000000003,12.14849444492573
Архангельская область,2025-03-01,17.96110064115606,0.41369500741819465,0.0,0.0,0.0,61.75532930640569,8.730000000000004,12.45976129668447
Архангельская область,2025-04-01,19.36357306358412,0.5812476727093596,0.0,0.0,0.0,61.06594322513625,9.450000000000003,12.76617245134726
Архангельская область,2025-05-01,16.42835697763734,0.3820181297639742,0.0,0.0,0.0,59.99680086598678,9.060000000000002,12.71121644321625
Архангельская область,2025-06-01,16.32388381260918,0.6128194128495359,0.0,0.0,0.0,59.64325845123359,8.790000000000006,12.81077297147377
Архангельская область,2025-07-01,15.91608929550287,-0.2977272507310609,-0.0,-0.0,-0.0,59.008731461739,8.230000000000004,13.25933168265004
Архангельская область,2025-08-01,16.18390840439562,-1.399483474742535,-0.0,-0.0,-0.0,57.92805523010798,7.340000000000003,12.3466945319462
Архангельская область,2025-09-01,16.50877398599563,0.2588989388809786,0.0,0.0,0.0,58.12187338854076,7.260000000000005,12.38349163605776
Архангельская область,2025-10-01,15.33810405908068,-0.43597080805563593,-0.0,-0.0,-0.0,57.91484302925043,6.780000000000001,12.44411958536542
Архангельская область,2025-11-01,15.41155707395205,-0.19410526130430839,-0.0,-0.0,-0.0,57.8820189597449,6.459999999999994,12.29291891500681
Архангельская область,2025-12-01,15.29850701319954,0.2813157398373711,0.0,0.0,0.0,57.72357390529532,5.379999999999995,12.58198802971935
Астраханская область,2019-03-01,14.05777712533719,0.7128714995200838,0.0,0.0,0.0,50.24745082558516,4.810000000000002,13.67615919924528
Астраханская область,2019-04-01,14.09820472684334,0.6911493920479934,0.0,0.0,0.0,50.9048869724272,4.840000000000003,13.74913226028561
Астраханская область,2019-05-01,14.25023453074096,0.45783100689424217,0.0,0.0,0.0,51.18370075467341,5.010000000000005,13.59855858173903
Астраханская область,2019-06-01,14.2879077831888,0.5041451542673663,0.0,0.0,0.0,52.05896441950942,5.239999999999995,13.53733733001464
Астраханская область,2019-07-01,14.02608187048231,0.14629311794748645,0.0,0.0,0.0,52.66497090926224,4.280000000000001,13.31488813200928
Астраханская область,2019-08-01,13.8982389635765,0.061654111534494405,0.0,0.0,0.0,53.39866480914789,4.329999999999998,13.51686703745736
Астраханская область,2019-09-01,13.73782342165105,0.2864871600654304,0.0,0.0,0.0,54.07628070252169,4.019999999999996,13.64426164454724
Астраханская область,2019-10-01,13.43832796780475,0.199118629193201,0.0,0.0,0.0,54.65632860410948,3.659999999999997,13.83206808839855
Астраханская область,2019-11-01,13.47762585246536,-0.3451712223245451,-0.0,-0.0,-0.0,55.63854132867954,3.510000000000005,13.69210479648576
Астраханская область,2019-12-01,13.10321261381099,-0.11071296164861266,-0.0,-0.0,-0.0,55.86097609714624,3.129999999999995,13.68285155762594
Астраханская область,2020-01-01,12.91509189744443,0.4934187707708695,0.0,0.0,0.0,56.04883137967256,2.579999999999998,13.56572080666414
Астраханская область,2020-02-01,13.33137697096374,0.717717316165718,0.0,0.0,0.0,55.97313816560536,1.879999999999995,13.64493216030213
Астраханская область,2020-03-01,12.97926599277689,0.5448138582658153,0.0,0.0,0.0,56.04139488960016,1.469999999999999,13.69714386445963
Астраханская область,2020-04-01,12.53768969522126,0.24910450663146122,0.0,0.0,0.0,56.33486822669985,1.780000000000001,13.37936020728529
Астраханская область,2020-05-01,12.47228601565771,0.12930980432325967,0.0,0.0,0.0,55.96898215234523,2.629999999999995,14.09425944842162
Астраханская область,2020-06-01,12.32550182008038,0.4216232562547013,0.0,0.0,0.0,55.06532086360478,2.620000000000005,14.05473060555743
Астраханская область,2020-07-01,11.8559585159101,-1.5016319110366503,-0.0,-0.0,-0.0,55.23103963896978,2.900000000000006,14.20813514667237
Астраханская область,2020-08-01,11.6075826450465,-0.8645661305373835,-0.0,-0.0,-0.0,55.3677529027243,3.200000000000003,14.13579720268244
Астраханская область,2020-09-01,11.55437656708799,-0.7937016241842549,-0.0,-0.0,-0.0,55.75765480126079,3.189999999999998,13.93328364379694
Астраханская область,2020-10-01,11.0711837070258,-1.2364929674992595,-0.0,-0.0,-0.0,56.06174844670093,3.650000000000006,14.17980647246154
Астраханская область,2020-11-01,10.77874633364593,-1.3589786818048175,-0.0,-0.0,-0.0,56.47451311512445,4.280000000000001,13.57193625424546
Астраханская область,2020-12-01,11.02222796624159,-1.7089361724181273,-0.0,-0.0,-0.0,56.90593137025455,4.879999999999995,13.75392356745487
Астраханская область,2021-01-01,10.96064155592918,3.0895976215913166,0.0,0.0,0.0,56.82215462920283,4.870000000000005,13.84838292819662
Астраханская область,2021-02-01,11.5000115196078,-0.05176615786507455,-0.0,-0.0,-0.0,57.60349047176436,5.019999999999996,13.83952282817413
Астраханская область,2021-03-01,10.98697640546834,-0.6104025253424652,-0.0,-0.0,-0.0,58.02176570240829,6.060000000000002,13.79932542771529
Астраханская область,2021-04-01,10.79577214316545,-0.5967440618905293,-0.0,-0.0,-0.0,58.92144940141242,6.400000000000006,13.9615868366741
Астраханская область,2021-05-01,10.83628826763657,-0.241937869195743,-0.0,-0.0,-0.0,59.29664762522587,5.379999999999995,14.05897728333619
Астраханская область,2021-06-01,11.25572079281859,-0.7676306960714552,-0.0,-0.0,-0.0,60.12724412467617,5.379999999999995,13.47955667658339
Астраханская область,2021-07-01,11.06329186424967,0.08560806359759354,0.0,0.0,0.0,60.97693676809713,6.079999999999998,13.92960549531346
Астраханская область,2021-08-01,11.38382875367672,0.3090771946763784,0.0,0.0,0.0,61.18158945407611,6.379999999999995,13.65556965814511
Астраханская область,2021-09-01,11.54760756263788,-0.6460537301930689,-0.0,-0.0,-0.0,62.08000476479235,7.459999999999994,13.55447475224297
Астраханская область,2021-10-01,11.36121061168138,-0.6175372517280238,-0.0,-0.0,-0.0,62.78244685608213,7.719999999999999,13.59093805451493
Астраханская область,2021-11-01,11.61158525684817,-0.12114037446266934,-0.0,-0.0,-0.0,62.89609645552334,8.280000000000001,13.54248557647007
Астраханская область,2021-12-01,11.50768918815794,-0.26721650241728057,-0.0,-0.0,-0.0,62.9283931689259,8.030000000000001,13.37664539070551
Астраханская область,2022-01-01,11.50710525721157,0.27464209751393653,0.0,0.0,0.0,63.20483387211995,8.489999999999995,13.3311359998594
Астраханская область,2022-02-01,11.91601919867221,-0.3501956198858558,-0.0,-0.0,-0.0,63.93010683711807,8.920000000000002,12.7832981254798
Астраханская область,2022-03-01,12.15601588224347,4.941478356719127,0.0,0.0,0.0,64.46150686284523,8.870000000000005,13.29661034167547
Астраханская область,2022-04-01,12.25949352118939,1.4923126339086181,0.0,0.0,0.0,64.02317856936965,15.67,14.07050757344203
Астраханская область,2022-05-01,16.54977786746715,-1.244790623444267,-0.0,-0.0,-0.0,62.9817034379029,17.44,13.87798488130786
Астраханская область,2022-06-01,17.2583603037191,-3.118179668249544,-0.0,-0.0,-0.0,62.08146960434918,17.66,13.9298773186766
Астраханская область,2022-07-01,16.21135398108354,-0.386746413724417,-0.0,-0.0,-0.0,61.46601544977074,16.05,14.49162753721307
Астраханская область,2022-08-01,13.66603027512662,-1.1110066252555733,-0.0,-0.0,-0.0,61.3649757728303,15.22,14.23144325686189
Астраханская область,2022-09-01,13.11915196351388,1.7547062341946287,0.0,0.0,0.0,61.1852499952744,14.45,14.23732661653656
Астраханская область,2022-10-01,12.56062824791648,1.2482715752793254,0.0,0.0,0.0,61.88838851166376,13.81,14.20938473190551
Астраханская область,2022-11-01,12.57469692189391,0.32653909912163215,0.0,0.0,0.0,62.14676449498173,12.76000000000001,14.07441253497239
Астраханская область,2022-12-01,13.41682167259168,0.14955653030453497,0.0,0.0,0.0,62.23545879517396,12.5,14.29898103474985
Астраханская область,2023-01-01,12.5338267297795,0.13967960707903515,0.0,0.0,0.0,62.07550723114114,12.73,14.08278369234387
Астраханская область,2023-02-01,14.66561222485992,-1.9472998218897306,-0.0,-0.0,-0.0,62.19381298393922,12.38,14.22076635636799
Астраханская область,2023-03-01,13.58428645336032,-0.4649545463768856,-0.0,-0.0,-0.0,62.26148780643121,12.04000000000001,14.06329903099729
Астраханская область,2023-04-01,13.16724626677286,-0.5507806832459252,-0.0,-0.0,-0.0,62.90712592281452,4.959999999999994,13.87812400431471
Астраханская область,2023-05-01,13.22733634452988,-0.46521849390664727,-0.0,-0.0,-0.0,63.4847875332263,3.319999999999993,13.73444183671116
Астраханская область,2023-06-01,13.47604390342507,-0.5347109788556779,-0.0,-0.0,-0.0,64.15595232564509,2.790000000000006,13.20901140503693
Астраханская область,2023-07-01,13.23181926113877,-0.5497632155639387,-0.0,-0.0,-0.0,65.00824832790133,3.590000000000003,13.23332824002569
Астраханская область,2023-08-01,13.08684749147854,0.2078297309388475,0.0,0.0,0.0,65.26046991711289,3.75,12.94635500747013
Астраханская область,2023-09-01,12.74312935789798,2.7050587479091437,0.0,0.0,0.0,67.15573969109123,4.219999999999999,12.80667290604517
Астраханская область,2023-10-01,12.96371362463792,0.8633696772512707,0.0,0.0,0.0,70.11668277713157,5.069999999999993,12.80411495306392
Астраханская область,2023-11-01,13.85869935530999,1.714265038508227,0.0,0.0,0.0,69.86895120861361,5.840000000000003,12.6199505606011
Астраханская область,2023-12-01,14.35321699762726,-1.5282051620880424,-0.0,-0.0,-0.0,70.56021179415472,6.569999999999993,12.7175994786664
Астраханская область,2024-01-01,13.85836534687971,0.6818813931607863,0.0,0.0,0.0,70.41656991330531,7.010000000000005,12.73217553592494
Астраханская область,2024-02-01,17.39772479700035,-1.5559611222700127,-0.0,-0.0,-0.0,70.50259907510794,7.459999999999994,12.81097371113485
Астраханская область,2024-03-01,19.18676701455361,-0.03662363343873665,-0.0,-0.0,-0.0,70.45099727602324,7.299999999999997,12.72765387388812
Астраханская область,2024-04-01,17.98543269160412,-0.07535756412256944,-0.0,-0.0,-0.0,71.0705762530893,7.180000000000007,12.64757350198872
Астраханская область,2024-05-01,17.65883747981654,-1.8174537430626252,-0.0,-0.0,-0.0,71.04110191788251,7.319999999999993,12.66750870530578
Астраханская область,2024-06-01,17.16853941688368,-0.4392507252018447,-0.0,-0.0,-0.0,71.49674472219436,7.269999999999996,12.33821827265433
Астраханская область,2024-07-01,15.00555674184424,-0.5869739684411108,-0.0,-0.0,-0.0,72.97020176445109,8.0,12.47638907341194
Астраханская область,2024-08-01,19.2022015225368,1.4105522767729113,0.0,0.0,0.0,71.76944349894218,8.5,11.49142471661155
Астраханская область,2024-09-01,19.73089572666181,-1.9115218364399809,-0.0,-0.0,-0.0,71.8307492394288,8.480000000000004,11.44728132232832
Астраханская область,2024-10-01,18.94982322161822,0.667769408390896,0.0,0.0,0.0,71.16069346804707,7.840000000000003,11.40802269372077
Астраханская область,2024-11-01,18.69093516333435,2.039278586154861,0.0,0.0,0.0,70.27933525368296,7.719999999999999,11.22715363911774
Астраханская область,2024-12-01,18.49649356957461,0.34090421830265427,0.0,0.0,0.0,67.43658352854574,7.650000000000006,11.38568156288477
Астраханская область,2025-01-01,17.0989096125974,0.24822008087726388,0.0,0.0,0.0,65.8470158353187,8.290000000000006,12.08074655782759
Астраханская область,2025-02-01,21.90213692912277,0.31653560056003016,0.0,0.0,0.0,64.06508527282558,9.269999999999996,12.05060889059781
Астраханская область,2025-03-01,20.56713235372052,0.41369500741819465,0.0,0.0,0.0,63.26787885261659,9.689999999999998,12.34841846643502
Астраханская область,2025-04-01,19.54800724273523,0.5812476727093596,0.0,0.0,0.0,62.63425784927939,10.23,12.62923971163609
Астраханская область,2025-05-01,18.50365550509122,0.3820181297639742,0.0,0.0,0.0,61.78228984643231,10.04000000000001,12.580998677635
Астраханская область,2025-06-01,17.12572177563473,0.6128194128495359,0.0,0.0,0.0,61.84474676048175,9.989999999999995,12.69149237634599
Астраханская область,2025-07-01,16.88866180241589,-0.2977272507310609,-0.0,-0.0,-0.0,60.88122316655667,9.11,13.10912205515316
Астраханская область,2025-08-01,17.37230765987448,-1.399483474742535,-0.0,-0.0,-0.0,60.4732053089794,8.64,12.23425314097378
Астраханская область,2025-09-01,16.85504942739969,0.2588989388809786,0.0,0.0,0.0,60.82523855127737,7.609999999999999,12.25574591867038
Астраханская область,2025-10-01,16.22340102197504,-0.43597080805563593,-0.0,-0.0,-0.0,60.61047946953894,7.939999999999998,12.32929727306548
Астраханская область,2025-11-01,15.71492251446723,-0.19410526130430839,-0.0,-0.0,-0.0,60.87651234647203,7.599999999999994,12.23792960354369
Астраханская область,2025-12-01,16.09589752268505,0.2813157398373711,0.0,0.0,0.0,60.92114183183887,6.909999999999997,12.5325953230775
Белгородская область,2019-03-01,13.76449102352374,0.7128714995200838,0.0,0.0,0.0,46.10854798986428,5.650000000000006,13.59793377391583
Белгородская область,2019-04-01,13.98836499397241,0.6911493920479934,0.0,0.0,0.0,46.48368005940085,5.620000000000005,13.62662655682463
Белгородская область,2019-05-01,13.97577925991378,0.45783100689424217,0.0,0.0,0.0,47.06917985683269,5.450000000000003,13.48898995206881
Белгородская область,2019-06-01,14.19733808895611,0.5041451542673663,0.0,0.0,0.0,47.58038797829651,5.230000000000004,13.43790086994347
Белгородская область,2019-07-01,13.85533927269811,0.14629311794748645,0.0,0.0,0.0,47.96949295959797,4.590000000000003,13.23065791256975
Белгородская область,2019-08-01,13.85348615714501,0.061654111534494405,0.0,0.0,0.0,48.36153672327837,4.510000000000005,13.48125372161452
Белгородская область,2019-09-01,13.46692601619658,0.2864871600654304,0.0,0.0,0.0,48.92056629595393,4.150000000000006,13.50735748590243
Белгородская область,2019-10-01,13.43548185409063,0.199118629193201,0.0,0.0,0.0,49.2003500597941,3.980000000000004,13.68382783629531
Белгородская область,2019-11-01,13.35155972678318,-0.3451712223245451,-0.0,-0.0,-0.0,48.82415587082224,3.590000000000003,13.58948098718368
Белгородская область,2019-12-01,13.09178824384174,-0.11071296164861266,-0.0,-0.0,-0.0,49.01206377764341,3.159999999999997,13.61082535829939
Белгородская область,2020-01-01,12.74170581798017,0.4934187707708695,0.0,0.0,0.0,48.93827341067266,2.799999999999997,13.50245339799251
Белгородская область,2020-02-01,13.07039664485559,0.717717316165718,0.0,0.0,0.0,48.98988084051555,1.980000000000004,13.49062191513912
Белгородская область,2020-03-01,12.78995586854748,0.5448138582658153,0.0,0.0,0.0,49.10314311659785,1.829999999999998,13.60478699034804
Белгородская область,2020-04-01,12.40237333431411,0.24910450663146122,0.0,0.0,0.0,49.63098158394968,2.090000000000003,13.29034039230455
Белгородская область,2020-05-01,12.42946530049266,0.12930980432325967,0.0,0.0,0.0,48.46345529770414,2.819999999999993,14.13704894996255
Белгородская область,2020-06-01,11.77290712801504,0.4216232562547013,0.0,0.0,0.0,48.3440003997181,2.879999999999995,14.15276484887701
Белгородская область,2020-07-01,11.85545351598617,-1.5016319110366503,-0.0,-0.0,-0.0,48.49665151925755,3.079999999999998,14.31141869826512
Белгородская область,2020-08-01,11.35218348697143,-0.8645661305373835,-0.0,-0.0,-0.0,48.83339365252601,3.269999999999996,14.27024344300515
Белгородская область,2020-09-01,11.23914567478473,-0.7937016241842549,-0.0,-0.0,-0.0,49.62476917608365,3.560000000000002,14.13967194914941
Белгородская область,2020-10-01,10.93474069847956,-1.2364929674992595,-0.0,-0.0,-0.0,50.28111752788813,3.810000000000002,14.32610890522854
Белгородская область,2020-11-01,10.61020147595515,-1.3589786818048175,-0.0,-0.0,-0.0,51.21197021146541,4.069999999999993,13.76300425774828
Белгородская область,2020-12-01,10.89426829408203,-1.7089361724181273,-0.0,-0.0,-0.0,51.47488081418358,4.489999999999995,13.93598185941332
Белгородская область,2021-01-01,10.626015172155,3.0895976215913166,0.0,0.0,0.0,51.51108315651597,4.920000000000002,13.96444042622092
Белгородская область,2021-02-01,11.3940834543813,-0.05176615786507455,-0.0,-0.0,-0.0,51.86497884717992,5.090000000000003,13.96135684428022
Белгородская область,2021-03-01,10.84833440723392,-0.6104025253424652,-0.0,-0.0,-0.0,52.37309015712973,5.689999999999998,13.94533124950978
Белгородская область,2021-04-01,10.84128925098465,-0.5967440618905293,-0.0,-0.0,-0.0,53.07054757315674,6.019999999999996,14.03698767902885
Белгородская область,2021-05-01,10.78795704439152,-0.241937869195743,-0.0,-0.0,-0.0,53.55146623043518,5.689999999999998,14.12871587940073
Белгородская область,2021-06-01,11.21931822892052,-0.7676306960714552,-0.0,-0.0,-0.0,54.12827371958093,5.959999999999994,13.53308892930563
Белгородская область,2021-07-01,10.90079102291118,0.08560806359759354,0.0,0.0,0.0,54.95654414165363,6.579999999999998,13.96746886917471
Белгородская область,2021-08-01,11.31787308768498,0.3090771946763784,0.0,0.0,0.0,55.86177569449436,6.730000000000004,13.81083121900542
Белгородская область,2021-09-01,11.39249236620722,-0.6460537301930689,-0.0,-0.0,-0.0,56.64648352219876,7.120000000000005,13.72269739627233
Белгородская область,2021-10-01,11.43530099173851,-0.6175372517280238,-0.0,-0.0,-0.0,57.07093836160416,7.469999999999999,13.81165634093754
Белгородская область,2021-11-01,11.65280552861106,-0.12114037446266934,-0.0,-0.0,-0.0,57.38938715119544,8.400000000000006,13.77713451897906
Белгородская область,2021-12-01,11.65108980130801,-0.26721650241728057,-0.0,-0.0,-0.0,57.29497291726787,9.11,13.60750914253823
Белгородская область,2022-01-01,11.67351016227008,0.27464209751393653,0.0,0.0,0.0,57.16664331743414,9.129999999999995,13.57514712180429
Белгородская область,2022-02-01,12.40212592572109,-0.3501956198858558,-0.0,-0.0,-0.0,57.17645326716833,9.5,13.02327024723154
Белгородская область,2022-03-01,12.10754097595474,4.941478356719127,0.0,0.0,0.0,57.34634757683958,9.329999999999998,13.34072931527918
Белгородская область,2022-04-01,12.15715841546725,1.4923126339086181,0.0,0.0,0.0,56.29791556370035,16.02,14.23668735726287
Белгородская область,2022-05-01,16.87914682965843,-1.244790623444267,-0.0,-0.0,-0.0,54.81710641387061,17.89,14.1002800040875
Белгородская область,2022-06-01,16.5430825574344,-3.118179668249544,-0.0,-0.0,-0.0,53.8365683201699,18.45,14.21772288056284
Белгородская область,2022-07-01,14.98911694704841,-0.386746413724417,-0.0,-0.0,-0.0,53.35768307168336,17.31,14.82250445462842
Белгородская область,2022-08-01,13.80375768625796,-1.1110066252555733,-0.0,-0.0,-0.0,53.275604166619,16.56999999999999,14.58710604161566
Белгородская область,2022-09-01,13.32888545498733,1.7547062341946287,0.0,0.0,0.0,53.17237640576153,15.86,14.63634538080875
Белгородская область,2022-10-01,12.62917428531971,1.2482715752793254,0.0,0.0,0.0,53.36954935414583,15.19,14.6307976489263
Белгородская область,2022-11-01,12.85349753379819,0.32653909912163215,0.0,0.0,0.0,53.50562459051894,14.06999999999999,14.51637864747557
Белгородская область,2022-12-01,12.68704995099124,0.14955653030453497,0.0,0.0,0.0,53.61261763602484,12.95999999999999,14.78417475511464
Белгородская область,2023-01-01,12.34614037477178,0.13967960707903515,0.0,0.0,0.0,53.73475061386625,12.79000000000001,14.51636341231915
Белгородская область,2023-02-01,14.25793351286109,-1.9472998218897306,-0.0,-0.0,-0.0,53.78926156090012,12.59999999999999,14.65874980520407
Белгородская область,2023-03-01,13.26203843417443,-0.4649545463768856,-0.0,-0.0,-0.0,53.85996034252029,12.7,14.50101057768676
Белгородская область,2023-04-01,13.35117756781228,-0.5507806832459252,-0.0,-0.0,-0.0,54.46981725157677,5.319999999999993,14.27835159745447
Белгородская область,2023-05-01,13.29747730072202,-0.46521849390664727,-0.0,-0.0,-0.0,54.88514349017218,3.400000000000006,14.18267704276371
Белгородская область,2023-06-01,13.5093963953179,-0.5347109788556779,-0.0,-0.0,-0.0,55.23832182760191,3.099999999999994,13.56855200537013
Белгородская область,2023-07-01,13.10344527565025,-0.5497632155639387,-0.0,-0.0,-0.0,55.58603241535267,3.659999999999997,13.57675254111824
Белгородская область,2023-08-01,13.09071548441548,0.2078297309388475,0.0,0.0,0.0,55.8885315131957,4.079999999999998,13.28595357998532
Белгородская область,2023-09-01,12.78893205419994,2.7050587479091437,0.0,0.0,0.0,57.12457459151883,4.370000000000005,13.17099185995737
Белгородская область,2023-10-01,12.84072957212285,0.8633696772512707,0.0,0.0,0.0,58.5276272050525,5.189999999999998,13.07163743659497
Белгородская область,2023-11-01,14.43853548342915,1.714265038508227,0.0,0.0,0.0,59.18911033544894,6.069999999999993,12.86124911781149
Белгородская область,2023-12-01,14.87330416257363,-1.5282051620880424,-0.0,-0.0,-0.0,59.27529655830563,6.840000000000003,12.91476624523659
Белгородская область,2024-01-01,14.64432708204713,0.6818813931607863,0.0,0.0,0.0,58.54315560255819,7.010000000000005,12.95990738199297
Белгородская область,2024-02-01,19.06656323116337,-1.5559611222700127,-0.0,-0.0,-0.0,58.03699325086631,6.939999999999998,13.05392778628203
Белгородская область,2024-03-01,20.01976080106975,-0.03662363343873665,-0.0,-0.0,-0.0,57.46321858929555,6.900000000000006,12.93922486178055
Белгородская область,2024-04-01,18.57250116817505,-0.07535756412256944,-0.0,-0.0,-0.0,57.2632237765005,7.290000000000006,12.84910142184587
Белгородская область,2024-05-01,18.17853497562489,-1.8174537430626252,-0.0,-0.0,-0.0,57.19422278625298,7.349999999999994,12.83397986083936
Белгородская область,2024-06-01,17.41979037393442,-0.4392507252018447,-0.0,-0.0,-0.0,57.27256872880877,7.290000000000006,12.45433146535561
Белгородская область,2024-07-01,16.11938424637459,-0.5869739684411108,-0.0,-0.0,-0.0,57.85875172963623,7.719999999999999,12.51867187398746
Белгородская область,2024-08-01,20.29871954958651,1.4105522767729113,0.0,0.0,0.0,57.0410296948556,8.329999999999998,11.54059316973603
Белгородская область,2024-09-01,19.94250902414179,-1.9115218364399809,-0.0,-0.0,-0.0,56.82536075470598,8.379999999999995,11.51371685531122
Белгородская область,2024-10-01,19.07478482795605,0.667769408390896,0.0,0.0,0.0,55.86747415596226,8.200000000000003,11.52404255000384
Белгородская область,2024-11-01,18.92314411996517,2.039278586154861,0.0,0.0,0.0,55.11937772434572,7.840000000000003,11.37627669865452
Белгородская область,2024-12-01,19.39371356517449,0.34090421830265427,0.0,0.0,0.0,52.77210940857036,8.159999999999997,11.50665938121243
Белгородская область,2025-01-01,17.67088631271833,0.24822008087726388,0.0,0.0,0.0,50.72427560163146,9.11,12.14679107287872
Белгородская область,2025-02-01,23.20741259317337,0.31653560056003016,0.0,0.0,0.0,49.57766749014246,9.519999999999996,12.1313494084017
Белгородская область,2025-03-01,20.66127184452916,0.41369500741819465,0.0,0.0,0.0,48.6482556194397,9.680000000000007,12.43020314397822
Белгородская область,2025-04-01,20.63598721410566,0.5812476727093596,0.0,0.0,0.0,47.83348171622859,9.799999999999997,12.73815945532925
Белгородская область,2025-05-01,18.93772843727543,0.3820181297639742,0.0,0.0,0.0,47.2987227505323,9.989999999999995,12.64787437614277
Белгородская область,2025-06-01,19.19988314581942,0.6128194128495359,0.0,0.0,0.0,46.91972022098519,9.549999999999997,12.72339029108491
Белгородская область,2025-07-01,18.34534258935893,-0.2977272507310609,-0.0,-0.0,-0.0,46.46296975412895,8.86,13.18606062628523
Белгородская область,2025-08-01,18.10928454103895,-1.399483474742535,-0.0,-0.0,-0.0,46.04017557077083,8.340000000000003,12.28785680156694
Белгородская область,2025-09-01,17.61002645466494,0.2588989388809786,0.0,0.0,0.0,46.09912184276892,8.079999999999998,12.30928896627905
Белгородская область,2025-10-01,16.74808800261541,-0.43597080805563593,-0.0,-0.0,-0.0,46.05384571349019,8.040000000000006,12.369671128398
Белгородская область,2025-11-01,16.57464978181947,-0.19410526130430839,-0.0,-0.0,-0.0,46.12882575296188,7.739999999999995,12.18296883624811
Белгородская область,2025-12-01,16.00633975221723,0.2813157398373711,0.0,0.0,0.0,46.21437432582466,7.129999999999995,12.4476681156356
Брянская область,2019-03-01,13.40245407236993,0.7128714995200838,0.0,0.0,0.0,52.83584185563257,6.329999999999998,13.51273858752603
Брянская область,2019-04-01,13.76806014815464,0.6911493920479934,0.0,0.0,0.0,53.32173046270976,6.209999999999994,13.56204531773903
Брянская область,2019-05-01,13.83065449764877,0.45783100689424217,0.0,0.0,0.0,52.6041174173215,6.340000000000003,13.44773157827564
Брянская область,2019-06-01,14.06937676350352,0.5041451542673663,0.0,0.0,0.0,52.93141377742469,5.939999999999998,13.40531045373444
Брянская область,2019-07-01,13.74863642796788,0.14629311794748645,0.0,0.0,0.0,53.31982684159426,5.269999999999996,13.1798108922684
Брянская область,2019-08-01,13.75655059421032,0.061654111534494405,0.0,0.0,0.0,53.00937052659967,5.540000000000006,13.47781403069211
Брянская область,2019-09-01,13.47633785353001,0.2864871600654304,0.0,0.0,0.0,53.51400021618683,5.299999999999997,13.51674239747114
Брянская область,2019-10-01,13.28524935375083,0.199118629193201,0.0,0.0,0.0,53.7963230628615,4.930000000000007,13.72321702410574
Брянская область,2019-11-01,13.00582252009779,-0.3451712223245451,-0.0,-0.0,-0.0,54.74320138683922,4.530000000000001,13.62866098093489
Брянская область,2019-12-01,12.96266605782483,-0.11071296164861266,-0.0,-0.0,-0.0,54.91501196701254,3.900000000000006,13.65720051080361
Брянская область,2020-01-01,12.46391826341804,0.4934187707708695,0.0,0.0,0.0,55.03699152512662,3.599999999999994,13.52664034208603
Брянская область,2020-02-01,13.00352759464939,0.717717316165718,0.0,0.0,0.0,56.41994555958492,2.239999999999995,13.47321435397742
Брянская область,2020-03-01,12.62518024558722,0.5448138582658153,0.0,0.0,0.0,56.56989625538199,2.290000000000006,13.58303221114475
Брянская область,2020-04-01,12.41784643055678,0.24910450663146122,0.0,0.0,0.0,57.03100538035672,2.909999999999997,13.28782429809969
Брянская область,2020-05-01,11.87396821869819,0.12930980432325967,0.0,0.0,0.0,56.2422009056538,3.450000000000003,14.14741838085278
Брянская область,2020-06-01,11.70256364920605,0.4216232562547013,0.0,0.0,0.0,56.05524577268146,3.719999999999999,14.16507244842618
Брянская область,2020-07-01,11.67506118249313,-1.5016319110366503,-0.0,-0.0,-0.0,56.40866219194448,4.260000000000005,14.3351126271047
Брянская область,2020-08-01,11.2242489341009,-0.8645661305373835,-0.0,-0.0,-0.0,56.2452755463839,4.430000000000007,14.29604417456793
Брянская область,2020-09-01,10.96050637967172,-0.7937016241842549,-0.0,-0.0,-0.0,57.12840867043422,4.569999999999993,14.14774952260641
Брянская область,2020-10-01,10.53209172923715,-1.2364929674992595,-0.0,-0.0,-0.0,57.78974077563376,4.260000000000005,14.37055156557835
Брянская область,2020-11-01,10.42957980775052,-1.3589786818048175,-0.0,-0.0,-0.0,58.33314503709409,4.719999999999999,13.76464989661331
Брянская область,2020-12-01,10.69707004625828,-1.7089361724181273,-0.0,-0.0,-0.0,58.55001977203403,5.140000000000001,13.94170034825865
Брянская область,2021-01-01,10.49122072182694,3.0895976215913166,0.0,0.0,0.0,58.4215889339876,5.230000000000004,13.96836003786775
Брянская область,2021-02-01,11.30700205973023,-0.05176615786507455,-0.0,-0.0,-0.0,58.92070442634032,5.650000000000006,13.98480958995021
Брянская область,2021-03-01,10.80782801508862,-0.6104025253424652,-0.0,-0.0,-0.0,59.26584724320521,6.209999999999994,13.97350029317872
Брянская область,2021-04-01,10.56248402352522,-0.5967440618905293,-0.0,-0.0,-0.0,60.04463948901103,6.469999999999999,14.06025435862404
Брянская область,2021-05-01,10.38575195046646,-0.241937869195743,-0.0,-0.0,-0.0,60.32162400218601,6.379999999999995,14.18084340141015
Брянская область,2021-06-01,11.04174374899968,-0.7676306960714552,-0.0,-0.0,-0.0,60.59994558333437,6.269999999999996,13.56740238300007
Брянская область,2021-07-01,10.53372897413414,0.08560806359759354,0.0,0.0,0.0,60.97009412398943,6.170000000000002,13.96197537289589
Брянская область,2021-08-01,11.34489187276294,0.3090771946763784,0.0,0.0,0.0,61.83100435099622,6.069999999999993,13.77265145373934
Брянская область,2021-09-01,11.3503943919477,-0.6460537301930689,-0.0,-0.0,-0.0,62.58775311126507,6.680000000000007,13.68211611723822
Брянская область,2021-10-01,11.15594698174717,-0.6175372517280238,-0.0,-0.0,-0.0,63.04858470125426,7.840000000000003,13.74934832531018
Брянская область,2021-11-01,11.1103958786387,-0.12114037446266934,-0.0,-0.0,-0.0,62.96374722736913,8.310000000000002,13.70073255730452
Брянская область,2021-12-01,11.37732147801699,-0.26721650241728057,-0.0,-0.0,-0.0,62.52746666089021,8.659999999999997,13.55670512880758
Брянская область,2022-01-01,11.23908013781529,0.27464209751393653,0.0,0.0,0.0,62.5510688653625,9.260000000000005,13.51663536242305
Брянская область,2022-02-01,12.19417016724346,-0.3501956198858558,-0.0,-0.0,-0.0,64.09773802257433,10.11,12.96852703473133
Брянская область,2022-03-01,11.88382165434982,4.941478356719127,0.0,0.0,0.0,64.59143316917455,10.39,13.34326195549864
Брянская область,2022-04-01,12.35693786450609,1.4923126339086181,0.0,0.0,0.0,63.44199948431285,15.31,14.21495662700571
Брянская область,2022-05-01,16.84004181721789,-1.244790623444267,-0.0,-0.0,-0.0,62.28264668146893,17.25,14.08455830409264
Брянская область,2022-06-01,16.25659474866234,-3.118179668249544,-0.0,-0.0,-0.0,61.57370554250933,17.98,14.1836508897837
Брянская область,2022-07-01,15.09624749682427,-0.386746413724417,-0.0,-0.0,-0.0,61.09702065060946,17.45999999999999,14.78582755331809
Брянская область,2022-08-01,13.31998113525775,-1.1110066252555733,-0.0,-0.0,-0.0,59.85245152150704,16.98,14.5462585556532
Брянская область,2022-09-01,13.33782869964096,1.7547062341946287,0.0,0.0,0.0,59.69622605824212,16.31999999999999,14.56318204728222
Брянская область,2022-10-01,12.99973741313513,1.2482715752793254,0.0,0.0,0.0,59.99751209699104,15.66,14.56234646432626
Брянская область,2022-11-01,13.08176266964711,0.32653909912163215,0.0,0.0,0.0,60.25455542317807,14.75,14.46498744191394
Брянская область,2022-12-01,13.00029132584485,0.14955653030453497,0.0,0.0,0.0,60.10911820493898,14.0,14.71567683886345
Брянская область,2023-01-01,12.66462900933289,0.13967960707903515,0.0,0.0,0.0,59.76524822899404,13.84,14.4794051975396
Брянская область,2023-02-01,14.41277436954674,-1.9472998218897306,-0.0,-0.0,-0.0,60.26379053410786,13.12,14.63114428967372
Брянская область,2023-03-01,13.54169609648422,-0.4649545463768856,-0.0,-0.0,-0.0,59.9671566215987,12.42,14.48484916249311
Брянская область,2023-04-01,13.33340826829616,-0.5507806832459252,-0.0,-0.0,-0.0,60.2291099303249,7.090000000000003,14.28812772449696
Брянская область,2023-05-01,13.51089452104822,-0.46521849390664727,-0.0,-0.0,-0.0,61.25468265006345,5.109999999999999,14.17112694918809
Брянская область,2023-06-01,13.64841090156266,-0.5347109788556779,-0.0,-0.0,-0.0,61.28140230125169,4.159999999999997,13.56329567002803
Брянская область,2023-07-01,13.29147866014542,-0.5497632155639387,-0.0,-0.0,-0.0,61.58282914295934,4.650000000000006,13.56883591211224
Брянская область,2023-08-01,13.10933037740503,0.2078297309388475,0.0,0.0,0.0,61.1347538506394,5.599999999999994,13.292230804915
Брянская область,2023-09-01,12.94270883963791,2.7050587479091437,0.0,0.0,0.0,62.35038564542648,5.739999999999995,13.18108966818034
Брянская область,2023-10-01,13.19758569745123,0.8633696772512707,0.0,0.0,0.0,63.19601503512159,6.370000000000005,13.0874669673105
Брянская область,2023-11-01,14.34887504526082,1.714265038508227,0.0,0.0,0.0,63.06284341450429,6.310000000000002,12.89101654612971
Брянская область,2023-12-01,14.88066412915088,-1.5282051620880424,-0.0,-0.0,-0.0,63.11623202557506,7.280000000000001,12.93320355911908
Брянская область,2024-01-01,14.89406907885131,0.6818813931607863,0.0,0.0,0.0,61.97126823779533,7.290000000000006,12.96025347625517
Брянская область,2024-02-01,18.79604686982888,-1.5559611222700127,-0.0,-0.0,-0.0,62.16979039459783,7.5,13.02992669406043
Брянская область,2024-03-01,19.45420219636073,-0.03662363343873665,-0.0,-0.0,-0.0,61.57648474679366,7.310000000000002,12.9280065286081
Брянская область,2024-04-01,18.35548395790539,-0.07535756412256944,-0.0,-0.0,-0.0,61.62756606506525,7.409999999999997,12.82914509079528
Брянская область,2024-05-01,17.75688105556866,-1.8174537430626252,-0.0,-0.0,-0.0,62.69208089108286,7.299999999999997,12.81139520593692
Брянская область,2024-06-01,17.69201224944596,-0.4392507252018447,-0.0,-0.0,-0.0,62.50822373539814,8.299999999999997,12.41855435560305
Брянская область,2024-07-01,16.51820028159196,-0.5869739684411108,-0.0,-0.0,-0.0,62.78493261494551,8.370000000000005,12.52603438853239
Брянская область,2024-08-01,20.20753518137294,1.4105522767729113,0.0,0.0,0.0,61.73211103327305,8.980000000000004,11.56629073759868
Брянская область,2024-09-01,20.33099306146655,-1.9115218364399809,-0.0,-0.0,-0.0,61.39636657585704,9.090000000000003,11.5320553363989
Брянская область,2024-10-01,20.21998043566516,0.667769408390896,0.0,0.0,0.0,60.38722508992739,8.719999999999999,11.55441587669545
Брянская область,2024-11-01,20.11350225761438,2.039278586154861,0.0,0.0,0.0,57.35812699854576,8.540000000000006,11.36339653441565
Брянская область,2024-12-01,21.03610041646523,0.34090421830265427,0.0,0.0,0.0,54.51150651345144,9.040000000000006,11.49423933261071
Брянская область,2025-01-01,20.01295957375895,0.24822008087726388,0.0,0.0,0.0,52.47362038101042,9.370000000000005,12.09566937841906
Брянская область,2025-02-01,23.47181733777117,0.31653560056003016,0.0,0.0,0.0,52.78630285782651,10.08,12.0883011948999
Брянская область,2025-03-01,20.68681832578487,0.41369500741819465,0.0,0.0,0.0,51.8472902486839,10.95,12.37675286969305
Брянская область,2025-04-01,21.22439700435198,0.5812476727093596,0.0,0.0,0.0,51.12665630094011,10.89,12.63978988987257
Брянская область,2025-05-01,19.99083647131266,0.3820181297639742,0.0,0.0,0.0,49.92564928729605,11.02,12.54723797149019
Брянская область,2025-06-01,19.60133221945424,0.6128194128495359,0.0,0.0,0.0,49.63609847976841,10.86,12.63964480436963
Брянская область,2025-07-01,19.11000390276155,-0.2977272507310609,-0.0,-0.0,-0.0,49.18012916734077,10.52,13.1250365753407
Брянская область,2025-08-01,19.51050609631253,-1.399483474742535,-0.0,-0.0,-0.0,48.49029301517297,9.620000000000005,12.16393582132628
Брянская область,2025-09-01,18.6655636165099,0.2588989388809786,0.0,0.0,0.0,48.53867742963448,9.379999999999995,12.188946112953
Брянская область,2025-10-01,17.81031347781432,-0.43597080805563593,-0.0,-0.0,-0.0,48.52815175598008,8.620000000000005,12.26475619105287
Брянская область,2025-11-01,17.29433677245803,-0.19410526130430839,-0.0,-0.0,-0.0,48.45382082421288,8.489999999999995,12.17147918664164
Брянская область,2025-12-01,16.63758971845295,0.2813157398373711,0.0,0.0,0.0,48.31614317658139,6.989999999999995,12.45016454821219
Владимирская область,2019-03-01,13.31749181341316,0.7128714995200838,0.0,0.0,0.0,45.68993129287314,5.909999999999997,13.69537546382742
Владимирская область,2019-04-01,13.42479003080757,0.6911493920479934,0.0,0.0,0.0,46.23677625135937,6.079999999999998,13.71915969336247
Владимирская область,2019-05-01,13.67634809159113,0.45783100689424217,0.0,0.0,0.0,46.72186160292962,5.810000000000002,13.564697408503
Владимирская область,2019-06-01,13.89656837408636,0.5041451542673663,0.0,0.0,0.0,47.34553735500332,6.010000000000005,13.50115808923431
Владимирская область,2019-07-01,13.5868473731001,0.14629311794748645,0.0,0.0,0.0,47.97129460791581,5.450000000000003,13.28193612106073
Владимирская область,2019-08-01,13.53597300838335,0.061654111534494405,0.0,0.0,0.0,47.63311163829372,5.489999999999995,13.62066722749388
Владимирская область,2019-09-01,13.32149785096213,0.2864871600654304,0.0,0.0,0.0,48.35189153410324,4.900000000000006,13.70006506210898
Владимирская область,2019-10-01,13.07408113206201,0.199118629193201,0.0,0.0,0.0,49.3622892724408,4.109999999999999,13.89104418502953
Владимирская область,2019-11-01,12.88491129601316,-0.3451712223245451,-0.0,-0.0,-0.0,49.62903883494001,3.790000000000006,13.80157670318826
Владимирская область,2019-12-01,12.69732597282604,-0.11071296164861266,-0.0,-0.0,-0.0,50.1323848485939,3.230000000000004,13.82092039445588
Владимирская область,2020-01-01,12.38325511505479,0.4934187707708695,0.0,0.0,0.0,50.31103230478794,2.200000000000003,13.69462009557404
Владимирская область,2020-02-01,12.81866024565168,0.717717316165718,0.0,0.0,0.0,51.7751031160696,2.060000000000002,13.69011865418023
Владимирская область,2020-03-01,12.4134396855191,0.5448138582658153,0.0,0.0,0.0,51.9906603354269,2.069999999999993,13.76717325416679
Владимирская область,2020-04-01,12.14287447351376,0.24910450663146122,0.0,0.0,0.0,52.4135562018398,2.489999999999995,13.49846258527148
Владимирская область,2020-05-01,11.98239629208222,0.12930980432325967,0.0,0.0,0.0,52.19902050619425,3.159999999999997,14.2722634463635
Владимирская область,2020-06-01,11.66682960213079,0.4216232562547013,0.0,0.0,0.0,51.92730509083945,2.719999999999999,14.22315402458393
Владимирская область,2020-07-01,11.69611491520621,-1.5016319110366503,-0.0,-0.0,-0.0,52.24992541103213,3.069999999999993,14.36706899968542
Владимирская область,2020-08-01,11.12529248992944,-0.8645661305373835,-0.0,-0.0,-0.0,51.73596021637845,3.239999999999995,14.32956312111672
Владимирская область,2020-09-01,10.84249848349856,-0.7937016241842549,-0.0,-0.0,-0.0,52.61561565854913,3.450000000000003,14.13050260887189
Владимирская область,2020-10-01,10.69302117226182,-1.2364929674992595,-0.0,-0.0,-0.0,53.41225379964536,3.959999999999994,14.3419521510428
Владимирская область,2020-11-01,10.39975719949197,-1.3589786818048175,-0.0,-0.0,-0.0,54.46201834986768,4.219999999999999,13.7915511153284
Владимирская область,2020-12-01,10.72534378345295,-1.7089361724181273,-0.0,-0.0,-0.0,54.60563274777545,4.640000000000001,13.90067751755219
Владимирская область,2021-01-01,10.35791156362908,3.0895976215913166,0.0,0.0,0.0,54.69360947111286,5.640000000000001,13.89623917133089
Владимирская область,2021-02-01,11.1146441108088,-0.05176615786507455,-0.0,-0.0,-0.0,56.2309904969706,5.409999999999997,13.89256190451897
Владимирская область,2021-03-01,10.58105740187256,-0.6104025253424652,-0.0,-0.0,-0.0,56.64383963459798,5.969999999999999,13.87739570054803
Владимирская область,2021-04-01,10.45946094557265,-0.5967440618905293,-0.0,-0.0,-0.0,57.30187889049954,5.840000000000003,13.95265770992692
Владимирская область,2021-05-01,10.32836979244357,-0.241937869195743,-0.0,-0.0,-0.0,56.53362703542552,5.730000000000004,14.1066880057468
Владимирская область,2021-06-01,10.77629241162087,-0.7676306960714552,-0.0,-0.0,-0.0,57.26656146011666,6.579999999999998,13.55064504872062
Владимирская область,2021-07-01,10.58648622149389,0.08560806359759354,0.0,0.0,0.0,57.86429739881289,6.709999999999994,13.93217519512257
Владимирская область,2021-08-01,11.03408627742283,0.3090771946763784,0.0,0.0,0.0,58.13651336988485,6.599999999999994,13.72143506940334
Владимирская область,2021-09-01,11.05534742414767,-0.6460537301930689,-0.0,-0.0,-0.0,58.83636298067186,7.290000000000006,13.63178310353711
Владимирская область,2021-10-01,11.0115967337836,-0.6175372517280238,-0.0,-0.0,-0.0,59.1521044934581,8.019999999999996,13.68405528653541
Владимирская область,2021-11-01,11.03188354976572,-0.12114037446266934,-0.0,-0.0,-0.0,59.85876094763013,9.069999999999993,13.6300042206378
Владимирская область,2021-12-01,11.35056785136197,-0.26721650241728057,-0.0,-0.0,-0.0,59.67375217303756,9.409999999999997,13.46963167618778
Владимирская область,2022-01-01,11.09416257286896,0.27464209751393653,0.0,0.0,0.0,59.96606157555314,9.159999999999997,13.40681682865314
Владимирская область,2022-02-01,12.32176319760146,-0.3501956198858558,-0.0,-0.0,-0.0,60.34028676446914,9.75,12.87475565194805
Владимирская область,2022-03-01,11.89304702966596,4.941478356719127,0.0,0.0,0.0,60.68259704567109,10.38,13.28540402865309
Владимирская область,2022-04-01,11.98972718400881,1.4923126339086181,0.0,0.0,0.0,59.58731568808206,18.87,14.1350102354297
Владимирская область,2022-05-01,16.92313411536563,-1.244790623444267,-0.0,-0.0,-0.0,57.97920037697823,20.05,13.96517501286106
Владимирская область,2022-06-01,16.22872112025682,-3.118179668249544,-0.0,-0.0,-0.0,56.92448927890328,19.37,14.07306729831111
Владимирская область,2022-07-01,14.95328343423963,-0.386746413724417,-0.0,-0.0,-0.0,56.0847785326402,18.05,14.63774387743197
Владимирская область,2022-08-01,13.11074134393374,-1.1110066252555733,-0.0,-0.0,-0.0,55.30561694545236,17.14,14.40970163079602
Владимирская область,2022-09-01,12.64701930127263,1.7547062341946287,0.0,0.0,0.0,54.93932876001661,16.38,14.42778366110605
Владимирская область,2022-10-01,12.28059660389084,1.2482715752793254,0.0,0.0,0.0,54.9816917738548,15.47,14.40136551261189
Владимирская область,2022-11-01,12.91218867749803,0.32653909912163215,0.0,0.0,0.0,53.84824571074541,13.73999999999999,14.3002772239455
Владимирская область,2022-12-01,13.00258866025859,0.14955653030453497,0.0,0.0,0.0,53.62617607305666,12.98999999999999,14.54345329334456
Владимирская область,2023-01-01,12.69554938308872,0.13967960707903515,0.0,0.0,0.0,53.18665844282362,13.17,14.31172308516507
Владимирская область,2023-02-01,14.30311153864441,-1.9472998218897306,-0.0,-0.0,-0.0,55.24575466264948,12.73999999999999,14.47238417349218
Владимирская область,2023-03-01,13.28589437400791,-0.4649545463768856,-0.0,-0.0,-0.0,55.12011529113911,11.91,14.3068405619498
Владимирская область,2023-04-01,13.30535000967958,-0.5507806832459252,-0.0,-0.0,-0.0,55.62836359849943,3.599999999999994,14.09853172644005
Владимирская область,2023-05-01,13.35177980596437,-0.46521849390664727,-0.0,-0.0,-0.0,55.48132613069104,2.480000000000004,13.98934688334211
Владимирская область,2023-06-01,13.62110223927415,-0.5347109788556779,-0.0,-0.0,-0.0,55.85584825475662,2.25,13.50304605264738
Владимирская область,2023-07-01,13.40696572940629,-0.5497632155639387,-0.0,-0.0,-0.0,56.41902860854526,3.180000000000007,13.51405809788364
Владимирская область,2023-08-01,13.18487371748043,0.2078297309388475,0.0,0.0,0.0,55.99489624054858,4.519999999999996,13.23868984776814
Владимирская область,2023-09-01,12.85026607856551,2.7050587479091437,0.0,0.0,0.0,57.16013139162656,5.340000000000003,13.14174274286935
Владимирская область,2023-10-01,13.58418199308932,0.8633696772512707,0.0,0.0,0.0,58.07886815035896,6.209999999999994,13.03793402944258
Владимирская область,2023-11-01,14.70216383588333,1.714265038508227,0.0,0.0,0.0,58.39728306459507,7.340000000000003,12.80379303835919
Владимирская область,2023-12-01,15.24564818767159,-1.5282051620880424,-0.0,-0.0,-0.0,58.30906784830135,8.129999999999995,12.86270745913612
Владимирская область,2024-01-01,14.71728958178255,0.6818813931607863,0.0,0.0,0.0,57.28368749980186,7.859999999999999,12.86019532004556
Владимирская область,2024-02-01,18.61026449188983,-1.5559611222700127,-0.0,-0.0,-0.0,57.33800241891834,8.5,12.95140091691354
Владимирская область,2024-03-01,19.65189221573085,-0.03662363343873665,-0.0,-0.0,-0.0,56.94015845707406,8.5,12.87504432620519
Владимирская область,2024-04-01,18.72485170263281,-0.07535756412256944,-0.0,-0.0,-0.0,57.01880690244798,8.189999999999998,12.79030524977947
Владимирская область,2024-05-01,18.38564273083254,-1.8174537430626252,-0.0,-0.0,-0.0,56.70234930776886,7.840000000000003,12.77729355497678
Владимирская область,2024-06-01,18.23259160735782,-0.4392507252018447,-0.0,-0.0,-0.0,56.63570117898971,8.439999999999998,12.39188572591342
Владимирская область,2024-07-01,17.11963726482389,-0.5869739684411108,-0.0,-0.0,-0.0,56.68706156694478,8.659999999999997,12.47460436336524
Владимирская область,2024-08-01,20.32748155723259,1.4105522767729113,0.0,0.0,0.0,55.66770313010524,9.340000000000003,11.53170402182964
Владимирская область,2024-09-01,20.72415592310667,-1.9115218364399809,-0.0,-0.0,-0.0,55.43043838535093,8.900000000000006,11.48067464070476
Владимирская область,2024-10-01,20.40727227469994,0.667769408390896,0.0,0.0,0.0,54.71785874489016,8.540000000000006,11.4844783434668
Владимирская область,2024-11-01,20.08239325903388,2.039278586154861,0.0,0.0,0.0,53.83403203539167,8.349999999999994,11.3063912959499
Владимирская область,2024-12-01,21.25921964492698,0.34090421830265427,0.0,0.0,0.0,51.05204654432078,8.75,11.45293609249149
Владимирская область,2025-01-01,19.97259686692995,0.24822008087726388,0.0,0.0,0.0,49.02553670785311,9.620000000000005,12.09870487476203
Владимирская область,2025-02-01,24.33735277491129,0.31653560056003016,0.0,0.0,0.0,47.91816262408559,10.13,12.10731364871281
Владимирская область,2025-03-01,21.12262943301371,0.41369500741819465,0.0,0.0,0.0,47.05764098288618,10.38,12.39921727055676
Владимирская область,2025-04-01,20.82201966634822,0.5812476727093596,0.0,0.0,0.0,46.39398455633004,10.98,12.66356859773705
Владимирская область,2025-05-01,20.69333837241244,0.3820181297639742,0.0,0.0,0.0,45.46440826259105,10.93000000000001,12.58477996116923
Владимирская область,2025-06-01,20.24010928207013,0.6128194128495359,0.0,0.0,0.0,44.97339925588773,10.7,12.66064159107132
Владимирская область,2025-07-01,20.39442000939913,-0.2977272507310609,-0.0,-0.0,-0.0,44.33065052192057,10.83,13.09488026234789
Владимирская область,2025-08-01,19.48018250542072,-1.399483474742535,-0.0,-0.0,-0.0,43.63354579618315,9.89,12.24481254572576
Владимирская область,2025-09-01,18.8495939599916,0.2588989388809786,0.0,0.0,0.0,43.62389032867159,9.239999999999995,12.27174342790474
Владимирская область,2025-10-01,17.44772065828675,-0.43597080805563593,-0.0,-0.0,-0.0,43.3993553441106,9.510000000000005,12.35880972868003
Владимирская область,2025-11-01,17.66708230625706,-0.19410526130430839,-0.0,-0.0,-0.0,43.22295217866402,9.180000000000007,12.25696029643755
Владимирская область,2025-12-01,18.00975033726514,0.2813157398373711,0.0,0.0,0.0,42.9497761579332,8.069999999999993,12.53419169071556
Волгоградская область,2019-03-01,13.629734577933,0.7128714995200838,0.7128714995200838,0.0,0.0,48.59818200396374,5.420000000000002,13.65047981803385
Волгоградская область,2019-04-01,13.72421696679096,0.6911493920479934,0.6911493920479934,0.0,0.0,49.44142435016293,4.969999999999999,13.63492056955727
Волгоградская область,2019-05-01,14.00552347807537,0.45783100689424217,0.45783100689424217,0.0,0.0,50.74872931455441,5.019999999999996,13.46539079865581
Волгоградская область,2019-06-01,14.12775629962003,0.5041451542673663,0.5041451542673663,0.0,0.0,51.31598025601918,4.890000000000001,13.39493513547051
Волгоградская область,2019-07-01,13.90521812789352,0.14629311794748645,0.14629311794748645,0.0,0.0,51.70586951563501,4.319999999999993,13.19608308813839
Волгоградская область,2019-08-01,13.78836555104827,0.061654111534494405,0.061654111534494405,0.0,0.0,50.86471034842953,4.290000000000006,13.38806784891393
Волгоградская область,2019-09-01,13.51887999658424,0.2864871600654304,0.2864871600654304,0.0,0.0,51.39943884864169,3.75,13.51431504778792
Волгоградская область,2019-10-01,13.33086748237147,0.199118629193201,0.199118629193201,0.0,0.0,51.71563170198661,3.409999999999997,13.6704310373955
Волгоградская область,2019-11-01,13.13072724998423,-0.3451712223245451,-0.3451712223245451,-0.0,-0.0,51.71036387909837,3.180000000000007,13.55517046554094
Волгоградская область,2019-12-01,12.90467779119529,-0.11071296164861266,-0.11071296164861266,-0.0,-0.0,52.02261355676456,3.299999999999997,13.56383704080109
Волгоградская область,2020-01-01,12.65641625790209,0.4934187707708695,0.4934187707708695,0.0,0.0,52.09701757025781,2.980000000000004,13.45891601333812
Волгоградская область,2020-02-01,12.97626919519494,0.717717316165718,0.717717316165718,0.0,0.0,52.73844347347661,2.040000000000006,13.47977832576894
Волгоградская область,2020-03-01,12.68359245584839,0.5448138582658153,0.5448138582658153,0.0,0.0,52.8464574119241,2.099999999999994,13.60679628657361
Волгоградская область,2020-04-01,12.45579040875519,0.24910450663146122,0.24910450663146122,0.0,0.0,53.23819870510632,2.519999999999996,13.36255703482232
Волгоградская область,2020-05-01,12.40309415927083,0.12930980432325967,0.12930980432325967,0.0,0.0,52.26914159323539,3.359999999999999,14.09854360212426
Волгоградская область,2020-06-01,12.0631012625779,0.4216232562547013,0.4216232562547013,0.0,0.0,52.10501391879365,3.239999999999995,14.07043671422927
Волгоградская область,2020-07-01,11.76108315217287,-1.5016319110366503,-1.5016319110366503,-0.0,-0.0,52.40984242901451,3.590000000000003,14.23154718277783
Волгоградская область,2020-08-01,11.29213719082247,-0.8645661305373835,-0.8645661305373835,-0.0,-0.0,52.44438053288635,3.849999999999994,14.19899660242491
Волгоградская область,2020-09-01,11.20016220391782,-0.7937016241842549,-0.7937016241842549,-0.0,-0.0,52.91483615039677,3.730000000000004,14.1094404713499
Волгоградская область,2020-10-01,10.82967524972068,-1.2364929674992595,-1.2364929674992595,-0.0,-0.0,53.21566969510062,3.840000000000003,14.31339954778656
Волгоградская область,2020-11-01,10.68774937691096,-1.3589786818048175,-1.3589786818048175,-0.0,-0.0,53.29020347414466,4.319999999999993,13.77825749786214
Волгоградская область,2020-12-01,10.92042186641582,-1.7089361724181273,-1.7089361724181273,-0.0,-0.0,53.30484733232266,4.400000000000006,13.92416921375541
Волгоградская область,2021-01-01,10.72259899867592,3.0895976215913166,3.0895976215913166,0.0,0.0,52.98677143989543,4.930000000000007,13.92730097582007
Волгоградская область,2021-02-01,11.38325354297866,-0.05176615786507455,-0.05176615786507455,-0.0,-0.0,53.45179700759043,5.349999999999994,13.94858858771051
Волгоградская область,2021-03-01,10.89373733377455,-0.6104025253424652,-0.6104025253424652,-0.0,-0.0,54.00095488802471,5.769999999999996,13.93413791784955
Волгоградская область,2021-04-01,10.79274408296628,-0.5967440618905293,-0.5967440618905293,-0.0,-0.0,54.73529916188626,5.680000000000007,14.01362695398249
Волгоградская область,2021-05-01,10.62954948322211,-0.241937869195743,-0.241937869195743,-0.0,-0.0,55.17879177674476,5.030000000000001,14.07011851259106
Волгоградская область,2021-06-01,11.03459645056268,-0.7676306960714552,-0.7676306960714552,-0.0,-0.0,55.88090899897947,5.489999999999995,13.57498397994755
Волгоградская область,2021-07-01,10.7812477268357,0.08560806359759354,0.08560806359759354,0.0,0.0,56.67733612089999,6.040000000000006,13.97813403910078
Волгоградская область,2021-08-01,11.25395099510103,0.3090771946763784,0.3090771946763784,0.0,0.0,56.73255036442097,6.310000000000002,13.81025744073943
Волгоградская область,2021-09-01,11.2942254348012,-0.6460537301930689,-0.6460537301930689,-0.0,-0.0,57.57405281478614,6.900000000000006,13.69964585244137
Волгоградская область,2021-10-01,11.16976385926507,-0.6175372517280238,-0.6175372517280238,-0.0,-0.0,58.09183480652572,7.530000000000001,13.70760951609138
Волгоградская область,2021-11-01,11.4213508916726,-0.12114037446266934,-0.12114037446266934,-0.0,-0.0,58.60131170691509,7.409999999999997,13.64763273970526
Волгоградская область,2021-12-01,11.59080203618199,-0.26721650241728057,-0.26721650241728057,-0.0,-0.0,58.27838256581032,7.950000000000003,13.50605435340396
Волгоградская область,2022-01-01,11.31205795359381,0.27464209751393653,0.27464209751393653,0.0,0.0,58.75990761287168,7.799999999999997,13.48514421715048
Волгоградская область,2022-02-01,12.08969418105864,-0.3501956198858558,-0.3501956198858558,-0.0,-0.0,59.55183285117125,8.069999999999993,12.95687262088805
Волгоградская область,2022-03-01,12.17944120480061,4.941478356719127,4.941478356719127,0.0,0.0,60.04124769021069,7.810000000000002,13.47253330254926
Волгоградская область,2022-04-01,12.43603342652918,1.4923126339086181,1.4923126339086181,0.0,0.0,59.37355638528891,15.97,14.31009640343228
Волгоградская область,2022-05-01,17.11231773870839,-1.244790623444267,-1.244790623444267,-0.0,-0.0,58.63343564595307,17.09,14.07340972191387
Волгоградская область,2022-06-01,17.0163542048957,-3.118179668249544,-3.118179668249544,-0.0,-0.0,57.94507540417273,16.73,14.14941558635135
Волгоградская область,2022-07-01,15.25862348166379,-0.386746413724417,-0.386746413724417,-0.0,-0.0,57.45411481528478,14.98999999999999,14.76545610116694
Волгоградская область,2022-08-01,13.32088590594049,-1.1110066252555733,-1.1110066252555733,-0.0,-0.0,56.6030552860508,13.81,14.55035651228328
Волгоградская область,2022-09-01,12.86775595693608,1.7547062341946287,1.7547062341946287,0.0,0.0,56.49879100327843,12.65000000000001,14.57714730935601
Волгоградская область,2022-10-01,12.69105291767428,1.2482715752793254,1.2482715752793254,0.0,0.0,56.88016973550538,12.12,14.57438303412605
Волгоградская область,2022-11-01,12.69052821793135,0.32653909912163215,0.32653909912163215,0.0,0.0,56.79870862850247,11.56999999999999,14.48224233558309
Волгоградская область,2022-12-01,12.93580541827419,0.14955653030453497,0.14955653030453497,0.0,0.0,57.05570920354066,11.17,14.68872875549146
Волгоградская область,2023-01-01,12.58430013463835,0.13967960707903515,0.13967960707903515,0.0,0.0,56.67030704214265,11.38,14.46778195748436
Волгоградская область,2023-02-01,13.93264921163014,-1.9472998218897306,-1.9472998218897306,-0.0,-0.0,56.39145132127127,10.62,14.64058847352525
Волгоградская область,2023-03-01,13.32801717467776,-0.4649545463768856,-0.4649545463768856,-0.0,-0.0,56.30715865228704,10.84,14.49975245363119
Волгоградская область,2023-04-01,13.33560664065239,-0.5507806832459252,-0.5507806832459252,-0.0,-0.0,56.73750797989972,2.640000000000001,14.29165638324358
Волгоградская область,2023-05-01,13.27931564129893,-0.46521849390664727,-0.46521849390664727,-0.0,-0.0,57.08821085953284,1.609999999999999,14.1584131935311
Волгоградская область,2023-06-01,13.49329674023078,-0.5347109788556779,-0.5347109788556779,-0.0,-0.0,57.29658908384996,1.700000000000003,13.6207527697874
Волгоградская область,2023-07-01,13.33606849395394,-0.5497632155639387,-0.5497632155639387,-0.0,-0.0,57.71341947420191,2.670000000000002,13.64464946788361
Волгоградская область,2023-08-01,13.13137554360749,0.2078297309388475,0.2078297309388475,0.0,0.0,57.83711780504175,4.090000000000003,13.38546522262621
Волгоградская область,2023-09-01,12.81510070506342,2.7050587479091437,2.7050587479091437,0.0,0.0,58.88223869194768,5.290000000000006,13.28382985984503
Волгоградская область,2023-10-01,13.1569386299023,0.8633696772512707,0.8633696772512707,0.0,0.0,59.801288457767,5.760000000000005,13.17014444926354
Волгоградская область,2023-11-01,14.39993400385304,1.714265038508227,1.714265038508227,0.0,0.0,60.42317502684296,6.579999999999998,12.94104235649618
Волгоградская область,2023-12-01,14.61391816845721,-1.5282051620880424,-1.5282051620880424,-0.0,-0.0,60.43562500382812,7.150000000000006,13.0475123630294
Волгоградская область,2024-01-01,15.19742841533147,0.6818813931607863,0.6818813931607863,0.0,0.0,59.49296246942407,7.069999999999993,12.97928755902578
Волгоградская область,2024-02-01,19.00101680603309,-1.5559611222700127,-1.5559611222700127,-0.0,-0.0,60.0375646614085,7.109999999999999,13.08194120560062
Волгоградская область,2024-03-01,19.87976341397854,-0.03662363343873665,-0.03662363343873665,-0.0,-0.0,59.62732594623361,7.189999999999998,12.98298247853011
Волгоградская область,2024-04-01,18.78032566837263,-0.07535756412256944,-0.07535756412256944,-0.0,-0.0,59.7777490026515,7.430000000000007,12.89703511074748
Волгоградская область,2024-05-01,18.3715726296834,-1.8174537430626252,-1.8174537430626252,-0.0,-0.0,59.4486033922794,7.280000000000001,12.87817043972851
Волгоградская область,2024-06-01,17.92626408302028,-0.4392507252018447,-0.4392507252018447,-0.0,-0.0,59.45828768306063,7.709999999999994,12.50620454515214
Волгоградская область,2024-07-01,16.6718263623961,-0.5869739684411108,-0.5869739684411108,-0.0,-0.0,59.72197307024862,8.209999999999994,12.53643881585871
Волгоградская область,2024-08-01,20.44323178688173,1.4105522767729113,1.4105522767729113,0.0,0.0,58.14992956772875,8.480000000000004,11.65277835260146
Волгоградская область,2024-09-01,20.82412788397715,-1.9115218364399809,-1.9115218364399809,-0.0,-0.0,57.74192483712304,8.260000000000005,11.61499919611365
Волгоградская область,2024-10-01,20.10209861632088,0.667769408390896,0.667769408390896,0.0,0.0,56.77428224876913,7.680000000000007,11.55823562698
Волгоградская область,2024-11-01,19.86860033086885,2.039278586154861,2.039278586154861,0.0,0.0,55.72523559444013,7.700000000000003,11.38497003765606
Волгоградская область,2024-12-01,20.61747737915882,0.34090421830265427,0.34090421830265427,0.0,0.0,53.10525598153154,8.989999999999995,11.51978678661365
Волгоградская область,2025-01-01,20.0731836261519,0.24822008087726388,0.24822008087726388,0.0,0.0,51.19678321768245,8.719999999999999,12.0803605783719
Волгоградская область,2025-02-01,23.72721028668569,0.31653560056003016,0.31653560056003016,0.0,0.0,49.59101167641155,9.280000000000001,12.10527941328469
Волгоградская область,2025-03-01,21.72399942133717,0.41369500741819465,0.41369500741819465,0.0,0.0,48.65776927778432,9.340000000000003,12.37529069743926
Волгоградская область,2025-04-01,21.47676489851295,0.5812476727093596,0.5812476727093596,0.0,0.0,47.99566147581431,9.510000000000005,12.67222502280316
Волгоградская область,2025-05-01,19.75248042190583,0.3820181297639742,0.3820181297639742,0.0,0.0,47.36631196171874,9.680000000000007,12.59651422441884
Волгоградская область,2025-06-01,20.17577001798311,0.6128194128495359,0.6128194128495359,0.0,0.0,46.94594766080272,9.25,12.68132650902837
Волгоградская область,2025-07-01,20.30902218423795,-0.2977272507310609,-0.2977272507310609,-0.0,-0.0,46.29734836987662,8.709999999999994,13.15020717577042
Волгоградская область,2025-08-01,19.71194149185906,-1.399483474742535,-1.399483474742535,-0.0,-0.0,45.49452851557822,8.030000000000001,12.30802320494271
Волгоградская область,2025-09-01,18.70361296438197,0.2588989388809786,0.2588989388809786,0.0,0.0,45.47566148359665,7.659999999999997,12.31300117814992
Волгоградская область,2025-10-01,17.58550483555647,-0.43597080805563593,-0.43597080805563593,-0.0,-0.0,45.13545361351091,7.870000000000005,12.33054965009821
Волгоградская область,2025-11-01,17.30560263478292,-0.19410526130430839,-0.19410526130430839,-0.0,-0.0,45.10051837712007,7.709999999999994,12.23670421386067
Волгоградская область,2025-12-01,17.15946973971254,0.2813157398373711,0.2813157398373711,0.0,0.0,44.94356538193895,5.629999999999995,12.49325102584035
Вологодская область,2019-03-01,13.17894701295135,0.7128714995200838,0.0,0.0,0.0,54.06447516127532,4.719999999999999,13.49763255484979
Вологодская область,2019-04-01,13.41647608086168,0.6911493920479934,0.0,0.0,0.0,54.10297972073723,4.579999999999998,13.56058411540769
Вологодская область,2019-05-01,13.55227424036193,0.45783100689424217,0.0,0.0,0.0,55.74167353809663,4.700000000000003,13.5158365883854
Вологодская область,2019-06-01,13.73108245677956,0.5041451542673663,0.0,0.0,0.0,56.07527046451018,4.579999999999998,13.45733284642112
Вологодская область,2019-07-01,13.55725540353754,0.14629311794748645,0.0,0.0,0.0,56.22566643907586,3.980000000000004,13.21355686456436
Вологодская область,2019-08-01,13.57822443964407,0.061654111534494405,0.0,0.0,0.0,53.9754371605659,3.769999999999996,13.41750407007262
Вологодская область,2019-09-01,13.17067645568904,0.2864871600654304,0.0,0.0,0.0,54.39441512854005,3.370000000000005,13.37798344026482
Вологодская область,2019-10-01,12.92076173767014,0.199118629193201,0.0,0.0,0.0,54.81488551590448,3.260000000000005,13.57806223962154
Вологодская область,2019-11-01,12.86115653638179,-0.3451712223245451,-0.0,-0.0,-0.0,56.53520301094732,3.379999999999995,13.46184658906579
Вологодская область,2019-12-01,12.66835001605107,-0.11071296164861266,-0.0,-0.0,-0.0,56.78098490735211,3.400000000000006,13.47231379059554
Вологодская область,2020-01-01,12.21271191064447,0.4934187707708695,0.0,0.0,0.0,56.47166111764898,2.930000000000007,13.41010388994242
Вологодская область,2020-02-01,12.57641900581276,0.717717316165718,0.0,0.0,0.0,55.82674316108643,2.459999999999994,13.45030582882221
Вологодская область,2020-03-01,12.32336276227459,0.5448138582658153,0.0,0.0,0.0,55.67029966430718,2.359999999999999,13.50367750614593
Вологодская область,2020-04-01,12.05395197724909,0.24910450663146122,0.0,0.0,0.0,56.19913248259412,3.030000000000001,13.31395158077177
Вологодская область,2020-05-01,11.68559066850869,0.12930980432325967,0.0,0.0,0.0,55.24729657537895,3.599999999999994,14.11311538695676
Вологодская область,2020-06-01,11.79054716717711,0.4216232562547013,0.0,0.0,0.0,54.83640276188224,3.590000000000003,14.09486678622948
Вологодская область,2020-07-01,11.63289403078089,-1.5016319110366503,-0.0,-0.0,-0.0,55.01162329398883,3.980000000000004,14.25210982062465
Вологодская область,2020-08-01,11.25061695643888,-0.8645661305373835,-0.0,-0.0,-0.0,54.80485654694193,4.390000000000001,14.16476548888122
Вологодская область,2020-09-01,11.15992393872601,-0.7937016241842549,-0.0,-0.0,-0.0,55.74522193232009,4.310000000000002,14.039061786485
Вологодская область,2020-10-01,10.82215810913763,-1.2364929674992595,-0.0,-0.0,-0.0,56.4518123989178,4.060000000000002,14.26688952007713
Вологодская область,2020-11-01,10.49116060974308,-1.3589786818048175,-0.0,-0.0,-0.0,58.04156770026713,4.099999999999994,13.69179639680096
Вологодская область,2020-12-01,10.81796004750449,-1.7089361724181273,-0.0,-0.0,-0.0,57.81906549300454,4.530000000000001,13.85701708426344
Вологодская область,2021-01-01,10.56424609167973,3.0895976215913166,0.0,0.0,0.0,57.63906171166961,5.280000000000001,13.9187840701481
Вологодская область,2021-02-01,11.16016354961121,-0.05176615786507455,-0.0,-0.0,-0.0,59.1078878352995,5.730000000000004,13.87191776955993
Вологодская область,2021-03-01,10.66734832170847,-0.6104025253424652,-0.0,-0.0,-0.0,60.1985345326072,6.260000000000005,13.84976619133468
Вологодская область,2021-04-01,10.52893300896147,-0.5967440618905293,-0.0,-0.0,-0.0,61.28850600816712,5.790000000000006,14.01410462945982
Вологодская область,2021-05-01,10.54585145330655,-0.241937869195743,-0.0,-0.0,-0.0,62.18846823024801,5.5,14.08203366853084
Вологодская область,2021-06-01,10.75530137880833,-0.7676306960714552,-0.0,-0.0,-0.0,63.14969913432576,6.120000000000005,13.48559697146618
Вологодская область,2021-07-01,10.68191617156895,0.08560806359759354,0.0,0.0,0.0,64.00419320390131,6.409999999999997,13.94690948575118
Вологодская область,2021-08-01,10.99396013213593,0.3090771946763784,0.0,0.0,0.0,64.26269255684616,6.170000000000002,13.72919061055365
Вологодская область,2021-09-01,10.9763134016705,-0.6460537301930689,-0.0,-0.0,-0.0,64.94559831822086,6.680000000000007,13.64609303304958
Вологодская область,2021-10-01,10.81182411658334,-0.6175372517280238,-0.0,-0.0,-0.0,65.6793302820383,7.980000000000004,13.67400970111246
Вологодская область,2021-11-01,11.02874786647387,-0.12114037446266934,-0.0,-0.0,-0.0,66.88938525032833,8.590000000000003,13.63458518715746
Вологодская область,2021-12-01,11.26172764844499,-0.26721650241728057,-0.0,-0.0,-0.0,65.73436097744082,9.239999999999995,13.46775236715865
Вологодская область,2022-01-01,11.29789837344564,0.27464209751393653,0.0,0.0,0.0,66.34906440423829,9.310000000000002,13.43541047624815
Вологодская область,2022-02-01,12.06622793614976,-0.3501956198858558,-0.0,-0.0,-0.0,66.79260914172521,9.810000000000002,12.85092952388472
Вологодская область,2022-03-01,11.60945427225652,4.941478356719127,0.0,0.0,0.0,65.98059026599418,10.08,13.19048103900275
Вологодская область,2022-04-01,11.54119540765239,1.4923126339086181,0.0,0.0,0.0,64.6329740895712,18.31,14.13873873084881
Вологодская область,2022-05-01,16.19716651111321,-1.244790623444267,-0.0,-0.0,-0.0,63.34747157001772,19.15000000000001,13.9500849027165
Вологодская область,2022-06-01,16.90385619855028,-3.118179668249544,-0.0,-0.0,-0.0,62.21083224705569,18.78,14.09894852137181
Вологодская область,2022-07-01,15.07051585280591,-0.386746413724417,-0.0,-0.0,-0.0,61.50603657353175,17.12,14.6355247015366
Вологодская область,2022-08-01,13.48892856366843,-1.1110066252555733,-0.0,-0.0,-0.0,61.49858920786785,16.13,14.37342410367971
Вологодская область,2022-09-01,12.88655219296642,1.7547062341946287,0.0,0.0,0.0,61.1718607394109,15.98,14.41653720083436
Вологодская область,2022-10-01,12.74686543738136,1.2482715752793254,0.0,0.0,0.0,61.32656768454673,14.8,14.42479570957845
Вологодская область,2022-11-01,12.87700754229661,0.32653909912163215,0.0,0.0,0.0,59.45838692256298,13.7,14.3033226166975
Вологодская область,2022-12-01,12.94695605466293,0.14955653030453497,0.0,0.0,0.0,59.50330216837379,12.68000000000001,14.64726233218617
Вологодская область,2023-01-01,12.6578989560373,0.13967960707903515,0.0,0.0,0.0,59.39141194002717,12.58,14.41729536348654
Вологодская область,2023-02-01,14.09037924204304,-1.9472998218897306,-0.0,-0.0,-0.0,61.2270197504091,12.19,14.53939339048727
Вологодская область,2023-03-01,13.28941338886199,-0.4649545463768856,-0.0,-0.0,-0.0,61.67351896310094,11.05,14.42248687210968
Вологодская область,2023-04-01,13.20662251894145,-0.5507806832459252,-0.0,-0.0,-0.0,62.32718765568141,3.340000000000003,14.10936469958373
Вологодская область,2023-05-01,13.23682387042312,-0.46521849390664727,-0.0,-0.0,-0.0,62.76600361802226,2.849999999999994,13.94490124655103
Вологодская область,2023-06-01,13.56453754052165,-0.5347109788556779,-0.0,-0.0,-0.0,63.09803786174671,2.5,13.32120176808575
Вологодская область,2023-07-01,13.40641938667119,-0.5497632155639387,-0.0,-0.0,-0.0,63.59052685217156,3.590000000000003,13.36913198960074
Вологодская область,2023-08-01,13.24244102530868,0.2078297309388475,0.0,0.0,0.0,62.00253182760726,4.819999999999993,13.11472895247744
Вологодская область,2023-09-01,12.63545372789986,2.7050587479091437,0.0,0.0,0.0,63.37256704054772,5.189999999999998,12.9842131324654
Вологодская область,2023-10-01,12.86801691857708,0.8633696772512707,0.0,0.0,0.0,64.50460499523386,6.319999999999993,12.90775142517897
Вологодская область,2023-11-01,13.9185159892756,1.714265038508227,0.0,0.0,0.0,66.63259603834992,6.819999999999993,12.70158552739477
Вологодская область,2023-12-01,14.68893669724795,-1.5282051620880424,-0.0,-0.0,-0.0,66.67292096163476,7.620000000000005,12.82232056002119
Вологодская область,2024-01-01,14.19060359740779,0.6818813931607863,0.0,0.0,0.0,65.5842418301063,7.829999999999998,12.91215588966986
Вологодская область,2024-02-01,17.9855285644828,-1.5559611222700127,-0.0,-0.0,-0.0,67.02447014772886,7.709999999999994,13.0119212026229
Вологодская область,2024-03-01,18.5367507975333,-0.03662363343873665,-0.0,-0.0,-0.0,67.26802460750912,8.060000000000002,12.87419123081549
Вологодская область,2024-04-01,17.62159573889402,-0.07535756412256944,-0.0,-0.0,-0.0,66.54433409207968,7.950000000000003,12.79192222419145
Вологодская область,2024-05-01,18.04702275325586,-1.8174537430626252,-0.0,-0.0,-0.0,64.44608222704322,7.819999999999993,12.76741498230972
Вологодская область,2024-06-01,17.58784372919374,-0.4392507252018447,-0.0,-0.0,-0.0,64.5545679383572,8.14,12.37136124323122
Вологодская область,2024-07-01,16.2531220181029,-0.5869739684411108,-0.0,-0.0,-0.0,65.03453106508408,8.480000000000004,12.43637228325713
Вологодская область,2024-08-01,20.18634491850739,1.4105522767729113,0.0,0.0,0.0,64.59770923284925,8.909999999999997,11.50340742328915
Вологодская область,2024-09-01,20.08945850279344,-1.9115218364399809,-0.0,-0.0,-0.0,64.14931223642266,8.780000000000001,11.46708271841166
Вологодская область,2024-10-01,19.9073019916949,0.667769408390896,0.0,0.0,0.0,63.28238837089371,8.329999999999998,11.48334446382612
Вологодская область,2024-11-01,20.14720661543856,2.039278586154861,0.0,0.0,0.0,61.72319146350878,8.769999999999996,11.34276584147686
Вологодская область,2024-12-01,20.81100901207857,0.34090421830265427,0.0,0.0,0.0,58.83747779912654,9.519999999999996,11.50497806962785
Вологодская область,2025-01-01,19.25417470332692,0.24822008087726388,0.0,0.0,0.0,56.51241379465629,10.02,12.181717562876
Вологодская область,2025-02-01,23.71731794901767,0.31653560056003016,0.0,0.0,0.0,55.38931135159923,10.62,12.19283373225781
Вологодская область,2025-03-01,20.81867497346796,0.41369500741819465,0.0,0.0,0.0,53.8887040795228,11.29000000000001,12.51619983176331
Вологодская область,2025-04-01,21.5889515356442,0.5812476727093596,0.0,0.0,0.0,53.48715304123491,12.23999999999999,12.82856736691872
Вологодская область,2025-05-01,20.51041353520533,0.3820181297639742,0.0,0.0,0.0,52.30454240070583,12.26000000000001,12.72888571820828
Вологодская область,2025-06-01,20.42757440804522,0.6128194128495359,0.0,0.0,0.0,51.91659082573008,11.98,12.80177940456622
Вологодская область,2025-07-01,19.84503585674041,-0.2977272507310609,-0.0,-0.0,-0.0,51.3436953292164,11.7,13.29823985939417
Вологодская область,2025-08-01,19.7493465066662,-1.399483474742535,-0.0,-0.0,-0.0,50.20668801168201,11.06999999999999,12.33454410792813
Вологодская область,2025-09-01,18.65114854253991,0.2588989388809786,0.0,0.0,0.0,50.27936667034648,10.40000000000001,12.36746466186379
Вологодская область,2025-10-01,17.58002654589963,-0.43597080805563593,-0.0,-0.0,-0.0,50.25395387767785,10.01000000000001,12.45175007884099
Вологодская область,2025-11-01,17.64922029775034,-0.19410526130430839,-0.0,-0.0,-0.0,50.3111592946703,9.260000000000005,12.34126302852822
Вологодская область,2025-12-01,17.20113616336288,0.2813157398373711,0.0,0.0,0.0,50.3035629568413,7.799999999999997,12.60891283496126
Воронежская область,2019-03-01,13.3651237680988,0.7128714995200838,0.0,0.0,0.0,48.81815595056262,5.340000000000003,13.61939324752914
Воронежская область,2019-04-01,13.66317781032083,0.6911493920479934,0.0,0.0,0.0,49.32551656310498,5.269999999999996,13.63526011729324
Воронежская область,2019-05-01,13.73223383389302,0.45783100689424217,0.0,0.0,0.0,49.85842524295782,5.109999999999999,13.51085957817915
Воронежская область,2019-06-01,13.95877630322933,0.5041451542673663,0.0,0.0,0.0,50.47273948091212,5.099999999999994,13.45707041144538
Воронежская область,2019-07-01,13.75691421503531,0.14629311794748645,0.0,0.0,0.0,50.95527670704214,4.530000000000001,13.24119446201987
Воронежская область,2019-08-01,13.72563719305604,0.061654111534494405,0.0,0.0,0.0,51.00799769579296,4.480000000000004,13.50054981295804
Воронежская область,2019-09-01,13.2327787960016,0.2864871600654304,0.0,0.0,0.0,51.7470048953807,4.159999999999997,13.66665683111897
Воронежская область,2019-10-01,13.16136569045811,0.199118629193201,0.0,0.0,0.0,52.30087857963485,3.810000000000002,13.82166416290182
Воронежская область,2019-11-01,12.96788534678034,-0.3451712223245451,-0.0,-0.0,-0.0,52.51097324980412,3.700000000000003,13.73168604575392
Воронежская область,2019-12-01,12.66349778358572,-0.11071296164861266,-0.0,-0.0,-0.0,52.90474465493939,3.439999999999998,13.73603988083612
Воронежская область,2020-01-01,12.42222072419603,0.4934187707708695,0.0,0.0,0.0,53.13526551173655,2.560000000000002,13.64843792831451
Воронежская область,2020-02-01,12.83703738328689,0.717717316165718,0.0,0.0,0.0,53.71205538517094,2.319999999999993,13.62359010533737
Воронежская область,2020-03-01,12.64192687029936,0.5448138582658153,0.0,0.0,0.0,53.92774063684386,2.400000000000006,13.75045617124049
Воронежская область,2020-04-01,12.37430611303892,0.24910450663146122,0.0,0.0,0.0,54.61848454427539,3.099999999999994,13.52443974040345
Воронежская область,2020-05-01,11.97304096177016,0.12930980432325967,0.0,0.0,0.0,54.23853428218507,3.909999999999997,14.32356555101357
Воронежская область,2020-06-01,11.77753476824753,0.4216232562547013,0.0,0.0,0.0,53.95169292331744,4.140000000000001,14.278253066181
Воронежская область,2020-07-01,11.65929955188196,-1.5016319110366503,-0.0,-0.0,-0.0,54.1795108644441,4.409999999999997,14.46134821286849
Воронежская область,2020-08-01,11.14422718917397,-0.8645661305373835,-0.0,-0.0,-0.0,54.79766542435181,4.620000000000005,14.41708777040252
Воронежская область,2020-09-01,10.84502247073374,-0.7937016241842549,-0.0,-0.0,-0.0,55.65970896870856,4.870000000000005,14.26399544176868
Воронежская область,2020-10-01,10.62291758737027,-1.2364929674992595,-0.0,-0.0,-0.0,56.09962649813517,5.099999999999994,14.44501174272947
Воронежская область,2020-11-01,10.3248164804277,-1.3589786818048175,-0.0,-0.0,-0.0,56.58720025706163,5.709999999999994,13.8727235474426
Воронежская область,2020-12-01,10.69308318105771,-1.7089361724181273,-0.0,-0.0,-0.0,56.41530793161986,6.079999999999998,14.03588247911834
Воронежская область,2021-01-01,10.48421575087835,3.0895976215913166,0.0,0.0,0.0,56.04958597153578,6.930000000000007,14.02584123173349
Воронежская область,2021-02-01,11.14776098576661,-0.05176615786507455,-0.0,-0.0,-0.0,56.21943768065815,6.849999999999994,14.01478952369858
Воронежская область,2021-03-01,10.67048325296889,-0.6104025253424652,-0.0,-0.0,-0.0,56.6234012277953,7.480000000000004,13.9973351044509
Воронежская область,2021-04-01,10.67727922831284,-0.5967440618905293,-0.0,-0.0,-0.0,57.24096172045661,7.310000000000002,14.08206878742267
Воронежская область,2021-05-01,10.43795331276455,-0.241937869195743,-0.0,-0.0,-0.0,57.19469885251412,7.299999999999997,14.24770565679698
Воронежская область,2021-06-01,10.8019100297512,-0.7676306960714552,-0.0,-0.0,-0.0,57.83327536504041,7.459999999999994,13.64244478012092
Воронежская область,2021-07-01,10.43680970640296,0.08560806359759354,0.0,0.0,0.0,58.54697875864956,7.849999999999994,14.03198142973244
Воронежская область,2021-08-01,11.09745867784047,0.3090771946763784,0.0,0.0,0.0,58.45183635841138,8.049999999999997,13.89091231826702
Воронежская область,2021-09-01,11.29958255355295,-0.6460537301930689,-0.0,-0.0,-0.0,59.05813161541806,8.569999999999993,13.81280652992979
Воронежская область,2021-10-01,11.1369408989498,-0.6175372517280238,-0.0,-0.0,-0.0,59.47926197033097,9.430000000000007,13.87036309480294
Воронежская область,2021-11-01,11.2264077253877,-0.12114037446266934,-0.0,-0.0,-0.0,59.69988237785788,9.829999999999998,13.81835515743917
Воронежская область,2021-12-01,11.42275075101427,-0.26721650241728057,-0.0,-0.0,-0.0,59.31398095087057,9.61,13.64199459481268
Воронежская область,2022-01-01,11.06666703341129,0.27464209751393653,0.0,0.0,0.0,59.38407343510508,9.280000000000001,13.58750508002519
Воронежская область,2022-02-01,12.0141253651742,-0.3501956198858558,-0.0,-0.0,-0.0,59.90179631875113,9.569999999999993,13.04343988643418
Воронежская область,2022-03-01,11.65372150353343,4.941478356719127,0.0,0.0,0.0,60.52568993592178,9.719999999999999,13.37381981773551
Воронежская область,2022-04-01,11.10751078710098,1.4923126339086181,0.0,0.0,0.0,60.0234858952707,17.2,14.2444751507895
Воронежская область,2022-05-01,16.53037727512546,-1.244790623444267,-0.0,-0.0,-0.0,57.48792961773793,18.37,14.07311045368525
Воронежская область,2022-06-01,16.74601431429485,-3.118179668249544,-0.0,-0.0,-0.0,56.67286665044566,18.09,14.21233035316229
Воронежская область,2022-07-01,15.25875924997984,-0.386746413724417,-0.0,-0.0,-0.0,56.12595300469514,16.86,14.84291915431641
Воронежская область,2022-08-01,13.57082311301727,-1.1110066252555733,-0.0,-0.0,-0.0,57.43968721058146,15.28,14.5805935928125
Воронежская область,2022-09-01,13.24605110642199,1.7547062341946287,0.0,0.0,0.0,57.37452524717461,14.3,14.62890441509769
Воронежская область,2022-10-01,12.81716993124659,1.2482715752793254,0.0,0.0,0.0,57.54057546541191,13.40000000000001,14.60032561272709
Воронежская область,2022-11-01,12.98267108436464,0.32653909912163215,0.0,0.0,0.0,58.52039056648702,12.67,14.50207865336061
Воронежская область,2022-12-01,13.01736751159795,0.14955653030453497,0.0,0.0,0.0,58.57629149805502,12.14,14.73288574617626
Воронежская область,2023-01-01,12.45351336362771,0.13967960707903515,0.0,0.0,0.0,58.5520326117059,12.34,14.48312715145089
Воронежская область,2023-02-01,14.41221561863182,-1.9472998218897306,-0.0,-0.0,-0.0,58.5449391152711,12.20999999999999,14.63944120172655
Воронежская область,2023-03-01,13.34465839117696,-0.4649545463768856,-0.0,-0.0,-0.0,58.41866230880842,11.36,14.48192186309044
Воронежская область,2023-04-01,13.06518214342539,-0.5507806832459252,-0.0,-0.0,-0.0,59.06563796162535,3.769999999999996,14.2786601827901
Воронежская область,2023-05-01,13.02750612132096,-0.46521849390664727,-0.0,-0.0,-0.0,58.31699145618646,2.129999999999995,14.13753526006447
Воронежская область,2023-06-01,13.29402174896634,-0.5347109788556779,-0.0,-0.0,-0.0,58.77717179984467,1.530000000000001,13.55191921648005
Воронежская область,2023-07-01,13.10778036264169,-0.5497632155639387,-0.0,-0.0,-0.0,59.13151419560945,2.170000000000002,13.55955159391976
Воронежская область,2023-08-01,12.78896327420454,0.2078297309388475,0.0,0.0,0.0,58.36524688716501,3.549999999999997,13.27997317728704
Воронежская область,2023-09-01,12.78524731619571,2.7050587479091437,0.0,0.0,0.0,59.50506034526578,4.329999999999998,13.23264240995955
Воронежская область,2023-10-01,12.74899818932207,0.8633696772512707,0.0,0.0,0.0,60.89124941993425,5.390000000000001,13.12483208519361
Воронежская область,2023-11-01,13.90184782429021,1.714265038508227,0.0,0.0,0.0,60.08883649532512,5.969999999999999,12.93898274657133
Воронежская область,2023-12-01,14.36466791272317,-1.5282051620880424,-0.0,-0.0,-0.0,60.27515018473481,6.950000000000003,12.97778927760708
Воронежская область,2024-01-01,13.98797353157777,0.6818813931607863,0.0,0.0,0.0,59.35422583830054,7.010000000000005,13.03407691024243
Воронежская область,2024-02-01,19.02529927763041,-1.5559611222700127,-0.0,-0.0,-0.0,60.38514276467404,6.879999999999995,13.10494302258415
Воронежская область,2024-03-01,19.96206375048238,-0.03662363343873665,-0.0,-0.0,-0.0,60.02998597780944,7.150000000000006,12.97672448671983
Воронежская область,2024-04-01,18.41275292110974,-0.07535756412256944,-0.0,-0.0,-0.0,60.24352855161871,7.260000000000005,12.87074436765984
Воронежская область,2024-05-01,17.79682780301345,-1.8174537430626252,-0.0,-0.0,-0.0,60.58041361771706,7.230000000000004,12.8430677768583
Воронежская область,2024-06-01,17.39870475046957,-0.4392507252018447,-0.0,-0.0,-0.0,60.86154389388656,7.879999999999995,12.44516865313193
Воронежская область,2024-07-01,15.94733016094058,-0.5869739684411108,-0.0,-0.0,-0.0,61.82285996394607,8.310000000000002,12.55581597232448
Воронежская область,2024-08-01,20.41836031865971,1.4105522767729113,0.0,0.0,0.0,61.19297366034004,9.079999999999998,11.61878855932991
Воронежская область,2024-09-01,20.28280773814148,-1.9115218364399809,-0.0,-0.0,-0.0,60.98396362653319,9.349999999999994,11.60224475409247
Воронежская область,2024-10-01,20.31419126485926,0.667769408390896,0.0,0.0,0.0,60.32577466886271,9.230000000000004,11.61505989725041
Воронежская область,2024-11-01,20.21985916928959,2.039278586154861,0.0,0.0,0.0,59.10532526394336,9.620000000000005,11.47275938334457
Воронежская область,2024-12-01,20.32478282270607,0.34090421830265427,0.0,0.0,0.0,56.56553365067288,10.34999999999999,11.60993999656527
Воронежская область,2025-01-01,19.52739301890975,0.24822008087726388,0.0,0.0,0.0,54.69006767247019,10.45,12.27456623100581
Воронежская область,2025-02-01,23.94825576928469,0.31653560056003016,0.0,0.0,0.0,53.17585627444201,11.09,12.27489792361161
Воронежская область,2025-03-01,20.19791045173923,0.41369500741819465,0.0,0.0,0.0,52.21306711431711,11.52,12.57346397593479
Воронежская область,2025-04-01,20.73540120722197,0.5812476727093596,0.0,0.0,0.0,51.38575128457133,11.97,12.87074553467731
Воронежская область,2025-05-01,19.36179445680253,0.3820181297639742,0.0,0.0,0.0,49.95089350745587,11.81,12.78239029080424
Воронежская область,2025-06-01,20.13835565875159,0.6128194128495359,0.0,0.0,0.0,49.32928042334834,11.3,12.86735246400987
Воронежская область,2025-07-01,18.93890365490902,-0.2977272507310609,-0.0,-0.0,-0.0,48.57933880601674,10.93000000000001,13.32363743346608
Воронежская область,2025-08-01,18.54084821825641,-1.399483474742535,-0.0,-0.0,-0.0,47.74835576415875,10.23,12.43555306128069
Воронежская область,2025-09-01,18.40833032855663,0.2588989388809786,0.0,0.0,0.0,47.46823826347837,8.900000000000006,12.46828182905208
Воронежская область,2025-10-01,17.06733839189763,-0.43597080805563593,-0.0,-0.0,-0.0,47.12957990689357,8.310000000000002,12.43460618821795
Воронежская область,2025-11-01,16.69189161020201,-0.19410526130430839,-0.0,-0.0,-0.0,46.90586419780934,7.840000000000003,12.33073398476902
Воронежская область,2025-12-01,16.4719466512421,0.2813157398373711,0.0,0.0,0.0,46.60777267501888,6.209999999999994,12.58972546174349
Еврейская автономная область,2019-03-01,13.60572353647986,0.7128714995200838,0.0,0.0,0.0,46.40331569869046,5.269999999999996,13.81124551402876
Еврейская автономная область,2019-04-01,14.31094726921324,0.6911493920479934,0.0,0.0,0.0,46.83512048808439,5.269999999999996,13.78956554678898
Еврейская автономная область,2019-05-01,14.07589877209186,0.45783100689424217,0.0,0.0,0.0,45.7875687308857,5.239999999999995,13.78408924839401
Еврейская автономная область,2019-06-01,14.2785424931109,0.5041451542673663,0.0,0.0,0.0,46.16513874898954,5.450000000000003,13.75692408040357
Еврейская автономная область,2019-07-01,13.91110359243173,0.14629311794748645,0.0,0.0,0.0,46.39057389741303,5.359999999999999,13.43613047967344
Еврейская автономная область,2019-08-01,13.93283117971669,0.061654111534494405,0.0,0.0,0.0,45.55964573151949,5.379999999999995,13.65806875213318
Еврейская автономная область,2019-09-01,13.8082821651508,0.2864871600654304,0.0,0.0,0.0,46.11522266078503,5.659999999999997,13.97472679849884
Еврейская автономная область,2019-10-01,13.82757198479588,0.199118629193201,0.0,0.0,0.0,46.46263709086831,5.519999999999996,14.15104839173438
Еврейская автономная область,2019-11-01,13.73903230002105,-0.3451712223245451,-0.0,-0.0,-0.0,48.7446244645948,5.25,14.0651721167564
Еврейская автономная область,2019-12-01,13.50484316303137,-0.11071296164861266,-0.0,-0.0,-0.0,49.00060058020554,5.0,14.06174024644033
Еврейская автономная область,2020-01-01,13.16801194285878,0.4934187707708695,0.0,0.0,0.0,48.74746453293712,4.719999999999999,13.93771118482083
Еврейская автономная область,2020-02-01,13.09850681632329,0.717717316165718,0.0,0.0,0.0,50.5986082865364,4.75,13.8871956984285
Еврейская автономная область,2020-03-01,12.99087209539,0.5448138582658153,0.0,0.0,0.0,50.56600924572948,4.519999999999996,13.97321901402015
Еврейская автономная область,2020-04-01,12.4662937925461,0.24910450663146122,0.0,0.0,0.0,50.95887648727333,4.629999999999995,13.70271989430784
Еврейская автономная область,2020-05-01,11.97129429712441,0.12930980432325967,0.0,0.0,0.0,47.89264021846913,5.5,14.57321522959291
Еврейская автономная область,2020-06-01,11.80822748848494,0.4216232562547013,0.0,0.0,0.0,47.81200836005458,5.290000000000006,14.37426499871531
Еврейская автономная область,2020-07-01,12.05796869634536,-1.5016319110366503,-0.0,-0.0,-0.0,47.63990981835464,5.260000000000005,14.50530508039817
Еврейская автономная область,2020-08-01,12.10249290505,-0.8645661305373835,-0.0,-0.0,-0.0,46.83714062126167,4.969999999999999,14.43800033706349
Еврейская автономная область,2020-09-01,11.90143030397181,-0.7937016241842549,-0.0,-0.0,-0.0,47.32602706690113,4.920000000000002,14.28946130083729
Еврейская автономная область,2020-10-01,11.79668470545051,-1.2364929674992595,-0.0,-0.0,-0.0,47.39821060514468,4.840000000000003,14.49209171548637
Еврейская автономная область,2020-11-01,11.40346706570924,-1.3589786818048175,-0.0,-0.0,-0.0,47.34296473976539,4.950000000000003,13.88075001854985
Еврейская автономная область,2020-12-01,11.55335536232001,-1.7089361724181273,-0.0,-0.0,-0.0,47.4811290769122,5.390000000000001,14.02892570521024
Еврейская автономная область,2021-01-01,11.24420377650413,3.0895976215913166,0.0,0.0,0.0,47.14003432702709,6.060000000000002,14.04200087728823
Еврейская автономная область,2021-02-01,11.5346742984566,-0.05176615786507455,-0.0,-0.0,-0.0,52.00709953963361,5.900000000000006,14.07065893911217
Еврейская автономная область,2021-03-01,11.27442951311632,-0.6104025253424652,-0.0,-0.0,-0.0,52.270693535398,6.159999999999997,14.04163362556088
Еврейская автономная область,2021-04-01,11.11089002126636,-0.5967440618905293,-0.0,-0.0,-0.0,52.93361327562462,6.079999999999998,14.12018764737906
Еврейская автономная область,2021-05-01,10.93449890354944,-0.241937869195743,-0.0,-0.0,-0.0,50.18172843175004,5.239999999999995,14.3034479162098
Еврейская автономная область,2021-06-01,11.18673765681585,-0.7676306960714552,-0.0,-0.0,-0.0,50.83709545096664,6.25,13.64605413385747
Еврейская автономная область,2021-07-01,10.88693950463804,0.08560806359759354,0.0,0.0,0.0,51.39698094077939,6.359999999999999,14.06467198235187
Еврейская автономная область,2021-08-01,11.28980703347258,0.3090771946763784,0.0,0.0,0.0,51.53154847015495,7.099999999999994,13.87466555660068
Еврейская автономная область,2021-09-01,11.68453334170007,-0.6460537301930689,-0.0,-0.0,-0.0,52.08954155778318,7.25,13.77087766345231
Еврейская автономная область,2021-10-01,11.60531795060281,-0.6175372517280238,-0.0,-0.0,-0.0,52.50552398538392,6.969999999999999,13.91729138411502
Еврейская автономная область,2021-11-01,12.06609721906454,-0.12114037446266934,-0.0,-0.0,-0.0,52.88345465560804,7.790000000000006,13.78174041076919
Еврейская автономная область,2021-12-01,11.47803407957746,-0.26721650241728057,-0.0,-0.0,-0.0,53.01885556142677,8.39,13.62471574654859
Еврейская автономная область,2022-01-01,11.43549715016498,0.27464209751393653,0.0,0.0,0.0,52.56968678373211,8.450000000000003,13.60831492774293
Еврейская автономная область,2022-02-01,11.88621880563373,-0.3501956198858558,-0.0,-0.0,-0.0,54.57071008330097,9.030000000000001,13.06543141988542
Еврейская автономная область,2022-03-01,11.69860346981865,4.941478356719127,0.0,0.0,0.0,55.02579556660771,9.219999999999999,13.31206487076975
Еврейская автономная область,2022-04-01,10.6930422496747,1.4923126339086181,0.0,0.0,0.0,54.59136492953653,17.23,14.23718373955811
Еврейская автономная область,2022-05-01,13.9081354934813,-1.244790623444267,-0.0,-0.0,-0.0,53.3614333647977,18.20999999999999,14.10578550511621
Еврейская автономная область,2022-06-01,14.9087351934688,-3.118179668249544,-0.0,-0.0,-0.0,52.89766284735474,17.26000000000001,14.18328508083478
Еврейская автономная область,2022-07-01,15.46462016061501,-0.386746413724417,-0.0,-0.0,-0.0,52.54416483420005,15.78,14.84786772017906
Еврейская автономная область,2022-08-01,12.92524947440238,-1.1110066252555733,-0.0,-0.0,-0.0,51.0047020815217,15.19,14.56781230674701
Еврейская автономная область,2022-09-01,13.08232810917899,1.7547062341946287,0.0,0.0,0.0,50.81181714746044,14.61,14.58166325188465
Еврейская автономная область,2022-10-01,12.65075431576759,1.2482715752793254,0.0,0.0,0.0,51.2581318543432,14.23999999999999,14.54150543075583
Еврейская автономная область,2022-11-01,13.1602315645468,0.32653909912163215,0.0,0.0,0.0,51.96948044636239,13.69,14.42371318977034
Еврейская автономная область,2022-12-01,13.39942497751755,0.14955653030453497,0.0,0.0,0.0,52.13859256091403,12.86,14.66725039798655
Еврейская автономная область,2023-01-01,13.01277040592879,0.13967960707903515,0.0,0.0,0.0,52.1805049346133,13.04000000000001,14.45888543646983
Еврейская автономная область,2023-02-01,14.7278104534342,-1.9472998218897306,-0.0,-0.0,-0.0,53.57279651643234,13.04000000000001,14.60726808606602
Еврейская автономная область,2023-03-01,13.85475571639048,-0.4649545463768856,-0.0,-0.0,-0.0,53.19548525064206,12.09,14.43798510702388
Еврейская автономная область,2023-04-01,13.30428840224486,-0.5507806832459252,-0.0,-0.0,-0.0,53.50694925349977,4.349999999999994,14.28851923821417
Еврейская автономная область,2023-05-01,13.91125046866851,-0.46521849390664727,-0.0,-0.0,-0.0,55.73874631485351,3.560000000000002,14.16733313278454
Еврейская автономная область,2023-06-01,13.35675816377301,-0.5347109788556779,-0.0,-0.0,-0.0,56.49104504674109,3.640000000000001,13.46369739647847
Еврейская автономная область,2023-07-01,14.06406646958935,-0.5497632155639387,-0.0,-0.0,-0.0,56.78517664491382,4.180000000000007,13.48848765503163
Еврейская автономная область,2023-08-01,12.79138738272507,0.2078297309388475,0.0,0.0,0.0,55.25947922658791,4.459999999999994,13.19369206125042
Еврейская автономная область,2023-09-01,13.29524084316711,2.7050587479091437,0.0,0.0,0.0,56.56493206977861,5.620000000000005,13.02852527160275
Еврейская автономная область,2023-10-01,13.4465068517523,0.8633696772512707,0.0,0.0,0.0,57.43003029459944,6.900000000000006,12.96920307403329
Еврейская автономная область,2023-11-01,14.91495910398951,1.714265038508227,0.0,0.0,0.0,59.58558838377027,7.480000000000004,12.71227523641234
Еврейская автономная область,2023-12-01,15.45108199603899,-1.5282051620880424,-0.0,-0.0,-0.0,59.17696899697439,8.129999999999995,12.75817802512564
Еврейская автономная область,2024-01-01,14.06409776132635,0.6818813931607863,0.0,0.0,0.0,57.59401525166993,7.969999999999999,12.7672326104505
Еврейская автономная область,2024-02-01,20.07598894216696,-1.5559611222700127,-0.0,-0.0,-0.0,55.15453682453209,7.760000000000005,12.88958343654958
Еврейская автономная область,2024-03-01,20.61969018591993,-0.03662363343873665,-0.0,-0.0,-0.0,54.8854797176193,8.299999999999997,12.81645433542001
Еврейская автономная область,2024-04-01,19.2612860259173,-0.07535756412256944,-0.0,-0.0,-0.0,55.17573609190418,8.290000000000006,12.74441353432852
Еврейская автономная область,2024-05-01,18.58251858976895,-1.8174537430626252,-0.0,-0.0,-0.0,53.46743208251748,8.819999999999993,12.77841658751772
Еврейская автономная область,2024-06-01,18.40067961584557,-0.4392507252018447,-0.0,-0.0,-0.0,53.64044323948431,8.930000000000007,12.4091649125524
Еврейская автономная область,2024-07-01,18.16939036860333,-0.5869739684411108,-0.0,-0.0,-0.0,54.01158942263676,9.019999999999996,12.52693969061779
Еврейская автономная область,2024-08-01,19.25490052227828,1.4105522767729113,0.0,0.0,0.0,54.56887584371086,9.560000000000002,11.50311460234264
Еврейская автономная область,2024-09-01,19.95787518090685,-1.9115218364399809,-0.0,-0.0,-0.0,54.63525987735468,9.280000000000001,11.44981182670209
Еврейская автономная область,2024-10-01,20.36402658330938,0.667769408390896,0.0,0.0,0.0,54.21937848694947,8.480000000000004,11.42536415729736
Еврейская автономная область,2024-11-01,19.2332382042297,2.039278586154861,0.0,0.0,0.0,50.79726110931487,8.909999999999997,11.23890489073701
Еврейская автономная область,2024-12-01,19.75497478835042,0.34090421830265427,0.0,0.0,0.0,48.03279639095289,9.090000000000003,11.35193402930045
Еврейская автономная область,2025-01-01,19.21424057330766,0.24822008087726388,0.0,0.0,0.0,46.26792074939049,8.469999999999999,12.03621214833266
Еврейская автономная область,2025-02-01,25.82043494952255,0.31653560056003016,0.0,0.0,0.0,44.84180980376014,8.980000000000004,12.06695940367245
Еврейская автономная область,2025-03-01,21.61609835061827,0.41369500741819465,0.0,0.0,0.0,44.10231506193422,9.019999999999996,12.3657333832167
Еврейская автономная область,2025-04-01,19.51588129522143,0.5812476727093596,0.0,0.0,0.0,43.42153160201448,9.530000000000001,12.62237892538746
Еврейская автономная область,2025-05-01,18.53564674863986,0.3820181297639742,0.0,0.0,0.0,42.82125130082775,9.519999999999996,12.58592137945063
Еврейская автономная область,2025-06-01,19.37358504072123,0.6128194128495359,0.0,0.0,0.0,42.10870099337821,9.549999999999997,12.69717575852731
Еврейская автономная область,2025-07-01,21.72821660295739,-0.2977272507310609,-0.0,-0.0,-0.0,41.19591995361107,9.400000000000006,13.11360469094308
Еврейская автономная область,2025-08-01,19.45090832095657,-1.399483474742535,-0.0,-0.0,-0.0,40.40431180143824,9.260000000000005,12.24087551306932
Еврейская автономная область,2025-09-01,19.84486118982099,0.2588989388809786,0.0,0.0,0.0,40.24117314777214,8.620000000000005,12.2733717686095
Еврейская автономная область,2025-10-01,18.49052273814758,-0.43597080805563593,-0.0,-0.0,-0.0,39.80416524794057,8.760000000000005,12.32882577763674
Еврейская автономная область,2025-11-01,19.97072590548446,-0.19410526130430839,-0.0,-0.0,-0.0,39.39729560164239,9.010000000000005,12.25665779792979
Еврейская автономная область,2025-12-01,17.69007173486261,0.2813157398373711,0.0,0.0,0.0,39.00322176159358,7.819999999999993,12.55833969010209
Забайкальский край,2019-03-01,13.8590959979911,0.7128714995200838,0.0,0.7128714995200838,0.0,30.01693342186329,4.969999999999999,13.52312124186096
Забайкальский край,2019-04-01,14.06087144833631,0.6911493920479934,0.0,0.6911493920479934,0.0,31.40086495518189,4.849999999999994,13.52038568284071
Забайкальский край,2019-05-01,14.20994181363621,0.45783100689424217,0.0,0.45783100689424217,0.0,32.88564436442311,4.980000000000004,13.43696867158484
Забайкальский край,2019-06-01,14.42530886866166,0.5041451542673663,0.0,0.5041451542673663,0.0,35.01849996812257,5.030000000000001,13.41855126613279
Забайкальский край,2019-07-01,14.2783070699032,0.14629311794748645,0.0,0.14629311794748645,0.0,36.85668389912352,5.010000000000005,13.17119236143287
Забайкальский край,2019-08-01,14.34246925935275,0.061654111534494405,0.0,0.061654111534494405,0.0,38.84765952076435,5.219999999999999,13.40466244341541
Забайкальский край,2019-09-01,13.94210834248909,0.2864871600654304,0.0,0.2864871600654304,0.0,40.71968883544082,4.950000000000003,13.4397004304829
Забайкальский край,2019-10-01,13.68276127911629,0.199118629193201,0.0,0.199118629193201,0.0,42.81661955571607,4.700000000000003,13.6573189487844
Забайкальский край,2019-11-01,13.6899369226384,-0.3451712223245451,-0.0,-0.3451712223245451,-0.0,44.70421522420507,4.319999999999993,13.53598310421062
Забайкальский край,2019-12-01,13.34655150124503,-0.11071296164861266,-0.0,-0.11071296164861266,-0.0,46.8292404685241,4.109999999999999,13.53159458415477
Забайкальский край,2020-01-01,13.35586582386885,0.4934187707708695,0.0,0.4934187707708695,0.0,50.17500781108981,3.849999999999994,13.49349692827223
Забайкальский край,2020-02-01,12.99962057706983,0.717717316165718,0.0,0.717717316165718,0.0,50.26663233047017,3.799999999999997,13.45422447368712
Забайкальский край,2020-03-01,12.46265055446911,0.5448138582658153,0.0,0.5448138582658153,0.0,50.50816100670057,3.430000000000007,13.55419705856759
Забайкальский край,2020-04-01,12.64231399603466,0.24910450663146122,0.0,0.24910450663146122,0.0,50.8802290201085,3.959999999999994,13.26193839217898
Забайкальский край,2020-05-01,11.9322185480544,0.12930980432325967,0.0,0.12930980432325967,0.0,50.45181579932014,4.620000000000005,14.21984261947664
Забайкальский край,2020-06-01,12.24803221995447,0.4216232562547013,0.0,0.4216232562547013,0.0,50.04250906212187,4.620000000000005,14.17976681328241
Забайкальский край,2020-07-01,12.23818039197171,-1.5016319110366503,-0.0,-1.5016319110366503,-0.0,50.16198352824431,4.439999999999998,14.34383687680034
Забайкальский край,2020-08-01,11.88083599256842,-0.8645661305373835,-0.0,-0.8645661305373835,-0.0,50.81696618483141,4.680000000000007,14.25717822343412
Забайкальский край,2020-09-01,11.91946743531811,-0.7937016241842549,-0.0,-0.7937016241842549,-0.0,51.5429932336198,4.859999999999999,14.1173998973344
Забайкальский край,2020-10-01,11.42455121849699,-1.2364929674992595,-0.0,-1.2364929674992595,-0.0,52.09016608965287,4.5,14.30047404810028
Забайкальский край,2020-11-01,11.24189448569003,-1.3589786818048175,-0.0,-1.3589786818048175,-0.0,52.75376291829735,4.370000000000005,13.6226675135625
Забайкальский край,2020-12-01,11.59933742224724,-1.7089361724181273,-0.0,-1.7089361724181273,-0.0,53.01226758979669,4.859999999999999,13.79689942361493
Забайкальский край,2021-01-01,11.38726664518083,3.0895976215913166,0.0,3.0895976215913166,0.0,52.55221411406328,5.299999999999997,13.88967136721994
Забайкальский край,2021-02-01,11.64210532320991,-0.05176615786507455,-0.0,-0.05176615786507455,-0.0,52.86007333662383,5.310000000000002,13.88273406646085
Забайкальский край,2021-03-01,11.14029569195132,-0.6104025253424652,-0.0,-0.6104025253424652,-0.0,53.25488042732949,5.909999999999997,13.85862835199345
Забайкальский край,2021-04-01,10.92774749765487,-0.5967440618905293,-0.0,-0.5967440618905293,-0.0,54.16499573966315,5.920000000000002,13.99391546975104
Забайкальский край,2021-05-01,10.77205476652459,-0.241937869195743,-0.0,-0.241937869195743,-0.0,55.45678738624788,5.489999999999995,14.14291622777179
Забайкальский край,2021-06-01,11.19732155624334,-0.7676306960714552,-0.0,-0.7676306960714552,-0.0,56.68423121585471,5.930000000000007,13.46699771460316
Забайкальский край,2021-07-01,11.10455500916358,0.08560806359759354,0.0,0.08560806359759354,0.0,57.48026870563648,6.420000000000002,13.93970399838439
Забайкальский край,2021-08-01,11.55796235371549,0.3090771946763784,0.0,0.3090771946763784,0.0,58.53210308606497,6.900000000000006,13.71991717204884
Забайкальский край,2021-09-01,11.56907184976408,-0.6460537301930689,-0.0,-0.6460537301930689,-0.0,59.62209657894929,7.359999999999999,13.65411039431121
Забайкальский край,2021-10-01,11.33934858212711,-0.6175372517280238,-0.0,-0.6175372517280238,-0.0,60.38640202941514,8.340000000000003,13.7834904537824
Забайкальский край,2021-11-01,11.60343303486755,-0.12114037446266934,-0.0,-0.12114037446266934,-0.0,60.78300000191628,8.909999999999997,13.69524222437187
Забайкальский край,2021-12-01,11.47760061952072,-0.26721650241728057,-0.0,-0.26721650241728057,-0.0,60.88928970974914,9.129999999999995,13.50168140037839
Забайкальский край,2022-01-01,11.34544102480092,0.27464209751393653,0.0,0.27464209751393653,0.0,61.15619506925128,9.370000000000005,13.47395675076273
Забайкальский край,2022-02-01,12.39904468084405,-0.3501956198858558,-0.0,-0.3501956198858558,-0.0,64.14896196552219,10.13,12.8795230283579
Забайкальский край,2022-03-01,11.47204626873017,4.941478356719127,0.0,4.941478356719127,0.0,64.50434382247124,10.52,12.98662188681198
Забайкальский край,2022-04-01,10.71345086884995,1.4923126339086181,0.0,1.4923126339086181,0.0,63.91365105252016,17.94,13.86589974232642
Забайкальский край,2022-05-01,14.60845276857413,-1.244790623444267,-0.0,-1.244790623444267,-0.0,60.51007590437852,18.69,13.68452520193399
Забайкальский край,2022-06-01,16.70651669043693,-3.118179668249544,-0.0,-3.118179668249544,-0.0,59.47816530076194,18.15000000000001,13.75634992777086
Забайкальский край,2022-07-01,15.41344920180312,-0.386746413724417,-0.0,-0.386746413724417,-0.0,58.77900590608096,16.84999999999999,14.50962001660012
Забайкальский край,2022-08-01,13.79382027487099,-1.1110066252555733,-0.0,-1.1110066252555733,-0.0,58.69143055312548,15.84,14.22094381405752
Забайкальский край,2022-09-01,12.91756420006486,1.7547062341946287,0.0,1.7547062341946287,0.0,58.60724750212788,14.51000000000001,14.25085245272235
Забайкальский край,2022-10-01,12.5852642202251,1.2482715752793254,0.0,1.2482715752793254,0.0,58.82079828908764,14.0,14.22303481929062
Забайкальский край,2022-11-01,12.81318167101225,0.32653909912163215,0.0,0.32653909912163215,0.0,60.7338767705944,13.51000000000001,14.06958195346199
Забайкальский край,2022-12-01,13.23184133375011,0.14955653030453497,0.0,0.14955653030453497,0.0,60.41476591592549,12.88,14.39191224468785
Забайкальский край,2023-01-01,12.97021735696724,0.13967960707903515,0.0,0.13967960707903515,0.0,60.19522680042337,12.98999999999999,14.13275541787533
Забайкальский край,2023-02-01,14.38130641041465,-1.9472998218897306,-0.0,-1.9472998218897306,-0.0,60.17058590346943,12.44,14.24554548121417
Забайкальский край,2023-03-01,13.41821225992323,-0.4649545463768856,-0.0,-0.4649545463768856,-0.0,60.0627692235953,11.48,14.09371886366235
Забайкальский край,2023-04-01,13.16090980051998,-0.5507806832459252,-0.0,-0.5507806832459252,-0.0,60.71526097238687,4.170000000000002,13.88662223818656
Забайкальский край,2023-05-01,12.893748252675,-0.46521849390664727,-0.0,-0.46521849390664727,-0.0,60.10476237273532,3.510000000000005,13.72821870258942
Забайкальский край,2023-06-01,13.45189745143101,-0.5347109788556779,-0.0,-0.5347109788556779,-0.0,60.7089182346691,3.560000000000002,13.01107158804406
Забайкальский край,2023-07-01,13.14546175817757,-0.5497632155639387,-0.0,-0.5497632155639387,-0.0,61.67827174042317,4.329999999999998,13.02727933989207
Забайкальский край,2023-08-01,13.21016660713152,0.2078297309388475,0.0,0.2078297309388475,0.0,64.7283467827767,5.060000000000002,12.74376214880732
Забайкальский край,2023-09-01,12.93786264734507,2.7050587479091437,0.0,2.7050587479091437,0.0,66.15615378797308,6.329999999999998,12.61009197230126
Забайкальский край,2023-10-01,12.77681957482901,0.8633696772512707,0.0,0.8633696772512707,0.0,67.31629649816394,7.640000000000001,12.59124442599129
Забайкальский край,2023-11-01,13.49669838414461,1.714265038508227,0.0,1.714265038508227,0.0,65.00280860693167,8.549999999999997,12.47772687906598
Забайкальский край,2023-12-01,14.26312610588506,-1.5282051620880424,-0.0,-1.5282051620880424,-0.0,65.1825891912362,10.02,12.56554059815799
Забайкальский край,2024-01-01,13.91236159812573,0.6818813931607863,0.0,0.6818813931607863,0.0,63.26420878268104,10.06999999999999,12.71926712290258
Забайкальский край,2024-02-01,18.34852417665563,-1.5559611222700127,-0.0,-1.5559611222700127,-0.0,65.5762936190505,9.840000000000003,12.84835568296175
Забайкальский край,2024-03-01,19.40961900281992,-0.03662363343873665,-0.0,-0.03662363343873665,-0.0,65.16235530628643,9.939999999999998,12.69461284967766
Забайкальский край,2024-04-01,18.47349799158181,-0.07535756412256944,-0.0,-0.07535756412256944,-0.0,65.2065345314554,9.780000000000001,12.6311221384268
Забайкальский край,2024-05-01,17.97890845772408,-1.8174537430626252,-0.0,-1.8174537430626252,-0.0,66.5879365729543,9.469999999999999,12.63672047029834
Забайкальский край,2024-06-01,18.31625719108957,-0.4392507252018447,-0.0,-0.4392507252018447,-0.0,66.5501412995104,10.0,12.24434501032403
Забайкальский край,2024-07-01,17.13217483978729,-0.5869739684411108,-0.0,-0.5869739684411108,-0.0,66.77007476937891,9.790000000000006,12.45238434807159
Забайкальский край,2024-08-01,19.32731982636007,1.4105522767729113,0.0,1.4105522767729113,0.0,64.75652121686593,10.77,11.35341759767865
Забайкальский край,2024-09-01,20.33650244709861,-1.9115218364399809,-0.0,-1.9115218364399809,-0.0,64.67520800185554,10.52,11.32218708050742
Забайкальский край,2024-10-01,18.43979245796215,0.667769408390896,0.0,0.667769408390896,0.0,63.99766093489119,9.819999999999993,11.35007555041034
Забайкальский край,2024-11-01,17.77621407869583,2.039278586154861,0.0,2.039278586154861,0.0,59.94902130979837,9.560000000000002,11.22334559930117
Забайкальский край,2024-12-01,18.03412304773246,0.34090421830265427,0.0,0.34090421830265427,0.0,56.53762097364158,8.879999999999995,11.36904710604809
Забайкальский край,2025-01-01,14.95657192330925,0.24822008087726388,0.0,0.24822008087726388,0.0,53.95035528166567,8.75,12.14779117494592
Забайкальский край,2025-02-01,20.60378627711539,0.31653560056003016,0.0,0.31653560056003016,0.0,53.51805842570021,9.430000000000007,12.10545563752121
Забайкальский край,2025-03-01,19.54953525560827,0.41369500741819465,0.0,0.41369500741819465,0.0,52.78225737370384,9.450000000000003,12.39960165538667
Забайкальский край,2025-04-01,19.46194410649605,0.5812476727093596,0.0,0.5812476727093596,0.0,52.04714126489224,10.25,12.6814217316978
Забайкальский край,2025-05-01,16.97443943373719,0.3820181297639742,0.0,0.3820181297639742,0.0,52.20491654854646,10.20999999999999,12.61500430930084
Забайкальский край,2025-06-01,17.69493521039261,0.6128194128495359,0.0,0.6128194128495359,0.0,51.73961913952129,9.170000000000002,12.75323176685002
Забайкальский край,2025-07-01,17.28004377010746,-0.2977272507310609,-0.0,-0.2977272507310609,-0.0,50.98309879757259,9.200000000000003,13.16478701187244
Забайкальский край,2025-08-01,17.86094932499794,-1.399483474742535,-0.0,-1.399483474742535,-0.0,50.16903127673141,8.430000000000007,12.19645990514617
Забайкальский край,2025-09-01,17.16612317119556,0.2588989388809786,0.0,0.2588989388809786,0.0,50.35161049233739,7.969999999999999,12.2644341124215
Забайкальский край,2025-10-01,16.45179261790347,-0.43597080805563593,-0.0,-0.43597080805563593,-0.0,49.76259737960638,7.670000000000002,12.32244440226197
Забайкальский край,2025-11-01,16.14503937739682,-0.19410526130430839,-0.0,-0.19410526130430839,-0.0,49.69328559877983,7.469999999999999,12.2499370448206
Забайкальский край,2025-12-01,16.06625842645778,0.2813157398373711,0.0,0.2813157398373711,0.0,49.19427235595067,7.579999999999998,12.55145562604596
Ивановская область,2019-03-01,13.69888363950064,0.7128714995200838,0.0,0.0,0.0,54.03028197008795,6.230000000000004,13.42508874793432
Ивановская область,2019-04-01,13.80993112027695,0.6911493920479934,0.0,0.0,0.0,53.8719279628471,6.060000000000002,13.46297859322634
Ивановская область,2019-05-01,13.9451320338661,0.45783100689424217,0.0,0.0,0.0,52.64872213921057,6.0,13.31211423384414
Ивановская область,2019-06-01,14.21086475745476,0.5041451542673663,0.0,0.0,0.0,52.72024892550255,5.829999999999998,13.27628058299388
Ивановская область,2019-07-01,13.83699714239664,0.14629311794748645,0.0,0.0,0.0,53.70855886990545,5.180000000000007,13.09260921864919
Ивановская область,2019-08-01,13.8157860895656,0.061654111534494405,0.0,0.0,0.0,55.39208857358348,5.189999999999998,13.38572240802142
Ивановская область,2019-09-01,13.55183282398503,0.2864871600654304,0.0,0.0,0.0,56.10515665039507,4.599999999999994,13.42333925721706
Ивановская область,2019-10-01,13.30697502947151,0.199118629193201,0.0,0.0,0.0,56.59536247001723,4.230000000000004,13.59138345430325
Ивановская область,2019-11-01,13.1788750281146,-0.3451712223245451,-0.0,-0.0,-0.0,55.81181392517778,3.680000000000007,13.49434269953242
Ивановская область,2019-12-01,12.89588096489184,-0.11071296164861266,-0.0,-0.0,-0.0,55.63195452989549,3.430000000000007,13.55655350042218
Ивановская область,2020-01-01,12.43192878086928,0.4934187707708695,0.0,0.0,0.0,55.528002145053,2.849999999999994,13.41935567364027
Ивановская область,2020-02-01,12.90303768989912,0.717717316165718,0.0,0.0,0.0,57.82824416639028,2.150000000000006,13.42551288317367
Ивановская область,2020-03-01,12.68256913486076,0.5448138582658153,0.0,0.0,0.0,57.98062003183347,2.219999999999999,13.49554814758913
Ивановская область,2020-04-01,12.35735281247191,0.24910450663146122,0.0,0.0,0.0,58.44101753277572,2.870000000000005,13.22906459470825
Ивановская область,2020-05-01,12.18023130620816,0.12930980432325967,0.0,0.0,0.0,57.06880869482421,3.519999999999996,14.00702631334807
Ивановская область,2020-06-01,11.97872327002995,0.4216232562547013,0.0,0.0,0.0,56.68177749104777,3.180000000000007,14.02442709437802
Ивановская область,2020-07-01,11.76409355874377,-1.5016319110366503,-0.0,-0.0,-0.0,56.92926013827275,3.680000000000007,14.18126219566905
Ивановская область,2020-08-01,11.34196950564481,-0.8645661305373835,-0.0,-0.0,-0.0,56.87160188871081,3.920000000000002,14.15186802968182
Ивановская область,2020-09-01,11.07206520049231,-0.7937016241842549,-0.0,-0.0,-0.0,57.98881484477626,4.480000000000004,14.03134762601473
Ивановская область,2020-10-01,10.7007854918807,-1.2364929674992595,-0.0,-0.0,-0.0,58.79079358725705,4.439999999999998,14.26025679898667
Ивановская область,2020-11-01,10.47886203914972,-1.3589786818048175,-0.0,-0.0,-0.0,58.34292614366533,5.060000000000002,13.68851741859933
Ивановская область,2020-12-01,10.79499134168075,-1.7089361724181273,-0.0,-0.0,-0.0,58.74921174248151,5.430000000000007,13.86617312002829
Ивановская область,2021-01-01,10.43493500511501,3.0895976215913166,0.0,0.0,0.0,58.8358813849791,5.790000000000006,13.86781464655992
Ивановская область,2021-02-01,11.19052085497606,-0.05176615786507455,-0.0,-0.0,-0.0,60.24310712417671,6.340000000000003,13.87208119045782
Ивановская область,2021-03-01,10.81467885676905,-0.6104025253424652,-0.0,-0.0,-0.0,60.77466661981779,6.989999999999995,13.83865643414648
Ивановская область,2021-04-01,10.65427363941466,-0.5967440618905293,-0.0,-0.0,-0.0,61.48507445408189,6.640000000000001,13.90750397584168
Ивановская область,2021-05-01,10.57374552263335,-0.241937869195743,-0.0,-0.0,-0.0,61.64730696290091,6.530000000000001,14.03307582440537
Ивановская область,2021-06-01,10.94850432871167,-0.7676306960714552,-0.0,-0.0,-0.0,62.29308670258867,7.200000000000003,13.46155423001967
Ивановская область,2021-07-01,10.71319005249553,0.08560806359759354,0.0,0.0,0.0,63.01138613132845,7.760000000000005,13.85687229424903
Ивановская область,2021-08-01,11.31429204275169,0.3090771946763784,0.0,0.0,0.0,63.37633181713544,7.569999999999993,13.63994742581496
Ивановская область,2021-09-01,11.31118811559807,-0.6460537301930689,-0.0,-0.0,-0.0,63.74510856107037,7.870000000000005,13.54148797315645
Ивановская область,2021-10-01,10.96646249409216,-0.6175372517280238,-0.0,-0.0,-0.0,64.04135805320207,8.599999999999994,13.58693404200823
Ивановская область,2021-11-01,11.1832524693118,-0.12114037446266934,-0.0,-0.0,-0.0,63.47711474322774,9.629999999999995,13.52114808855696
Ивановская область,2021-12-01,11.39003160158795,-0.26721650241728057,-0.0,-0.0,-0.0,62.83164403896233,9.769999999999996,13.38717184871006
Ивановская область,2022-01-01,11.39151337066912,0.27464209751393653,0.0,0.0,0.0,62.14093807554666,9.939999999999998,13.35962180128061
Ивановская область,2022-02-01,12.27882028283274,-0.3501956198858558,-0.0,-0.0,-0.0,64.85141373183949,10.18000000000001,12.8446127716648
Ивановская область,2022-03-01,11.81605056119254,4.941478356719127,0.0,0.0,0.0,65.47536946471271,10.28,13.3961921895608
Ивановская область,2022-04-01,12.00717908206004,1.4923126339086181,0.0,0.0,0.0,64.24475572531053,19.54000000000001,14.26927784919166
Ивановская область,2022-05-01,16.9451859208342,-1.244790623444267,-0.0,-0.0,-0.0,62.15686617623896,21.45999999999999,14.09720462599453
Ивановская область,2022-06-01,16.84550771574831,-3.118179668249544,-0.0,-0.0,-0.0,61.17790411611267,20.41,14.1662592438514
Ивановская область,2022-07-01,15.09036245797587,-0.386746413724417,-0.0,-0.0,-0.0,60.5771878467252,19.17,14.69249084684154
Ивановская область,2022-08-01,13.65492663625631,-1.1110066252555733,-0.0,-0.0,-0.0,60.74518726228673,18.02,14.47362191531473
Ивановская область,2022-09-01,12.67318782013777,1.7547062341946287,0.0,0.0,0.0,60.6473375549164,16.78,14.46919636511669
Ивановская область,2022-10-01,12.01264279211628,1.2482715752793254,0.0,0.0,0.0,61.09915456222126,15.79000000000001,14.44363523624657
Ивановская область,2022-11-01,12.73936295748186,0.32653909912163215,0.0,0.0,0.0,60.05213803781395,14.09999999999999,14.32318927011928
Ивановская область,2022-12-01,13.06961207933475,0.14955653030453497,0.0,0.0,0.0,60.2558334329267,13.58,14.54672281699099
Ивановская область,2023-01-01,12.0479229255691,0.13967960707903515,0.0,0.0,0.0,59.30849878749452,12.73,14.37092055631956
Ивановская область,2023-02-01,13.94908749167857,-1.9472998218897306,-0.0,-0.0,-0.0,60.55891941288419,12.66,14.51740011366283
Ивановская область,2023-03-01,13.31013646513886,-0.4649545463768856,-0.0,-0.0,-0.0,60.600091147059,12.26000000000001,14.36808201776695
Ивановская область,2023-04-01,13.19336039843663,-0.5507806832459252,-0.0,-0.0,-0.0,61.21899650050854,3.069999999999993,14.15419313331835
Ивановская область,2023-05-01,13.29231651006604,-0.46521849390664727,-0.0,-0.0,-0.0,62.2530091361219,0.9099999999999966,14.05242513279521
Ивановская область,2023-06-01,13.72056173504083,-0.5347109788556779,-0.0,-0.0,-0.0,62.67966459450093,0.980000000000004,13.50730697901753
Ивановская область,2023-07-01,13.46915391929069,-0.5497632155639387,-0.0,-0.0,-0.0,63.19865682305208,1.670000000000002,13.53356927217144
Ивановская область,2023-08-01,12.91087914671006,0.2078297309388475,0.0,0.0,0.0,63.47290720320265,2.969999999999999,13.24465758501973
Ивановская область,2023-09-01,12.91655438466257,2.7050587479091437,0.0,0.0,0.0,65.05730340240066,4.200000000000003,13.12687800422414
Ивановская область,2023-10-01,13.29291414240196,0.8633696772512707,0.0,0.0,0.0,66.46920198456048,5.430000000000007,13.0145777300196
Ивановская область,2023-11-01,14.63498442883246,1.714265038508227,0.0,0.0,0.0,65.79467150201779,6.239999999999995,12.77329713442453
Ивановская область,2023-12-01,14.96851312261753,-1.5282051620880424,-0.0,-0.0,-0.0,65.9281115432001,7.019999999999996,12.82311035185628
Ивановская область,2024-01-01,15.07470600814952,0.6818813931607863,0.0,0.0,0.0,64.4045873935183,7.629999999999995,12.82292561010374
Ивановская область,2024-02-01,18.81202018117056,-1.5559611222700127,-0.0,-0.0,-0.0,65.17206465325654,7.859999999999999,12.90292236794315
Ивановская область,2024-03-01,19.05509184706376,-0.03662363343873665,-0.0,-0.0,-0.0,64.87013991973328,7.549999999999997,12.81715719876632
Ивановская область,2024-04-01,18.48569344989444,-0.07535756412256944,-0.0,-0.0,-0.0,65.1342374613963,7.819999999999993,12.72641446950126
Ивановская область,2024-05-01,17.82633123685409,-1.8174537430626252,-0.0,-0.0,-0.0,63.56726210591845,7.650000000000006,12.7124648525206
Ивановская область,2024-06-01,17.69995964484157,-0.4392507252018447,-0.0,-0.0,-0.0,63.97644183034218,8.180000000000007,12.33316417518533
Ивановская область,2024-07-01,17.12365887298443,-0.5869739684411108,-0.0,-0.0,-0.0,64.57731490708635,8.459999999999994,12.40459906451146
Ивановская область,2024-08-01,20.33317807618648,1.4105522767729113,0.0,0.0,0.0,64.07348299545077,9.39,11.46378082467585
Ивановская область,2024-09-01,20.57533246119802,-1.9115218364399809,-0.0,-0.0,-0.0,63.92157816012732,9.180000000000007,11.42100493239921
Ивановская область,2024-10-01,20.89116430310742,0.667769408390896,0.0,0.0,0.0,63.2518675161087,8.86,11.42304052069413
Ивановская область,2024-11-01,20.57843034198742,2.039278586154861,0.0,0.0,0.0,61.52484175143552,9.069999999999993,11.25651096790936
Ивановская область,2024-12-01,21.41324869323651,0.34090421830265427,0.0,0.0,0.0,58.43285176854083,9.340000000000003,11.4173766553524
Ивановская область,2025-01-01,20.33637481272989,0.24822008087726388,0.0,0.0,0.0,56.29676926659469,9.969999999999999,12.06411705598464
Ивановская область,2025-02-01,24.8153396102024,0.31653560056003016,0.0,0.0,0.0,57.67678943419759,10.47,12.04134474845825
Ивановская область,2025-03-01,22.13149607655955,0.41369500741819465,0.0,0.0,0.0,56.80615942189947,11.08,12.32925184822493
Ивановская область,2025-04-01,21.99694234129407,0.5812476727093596,0.0,0.0,0.0,56.19072823670578,11.53,12.60565762408847
Ивановская область,2025-05-01,20.4144521699701,0.3820181297639742,0.0,0.0,0.0,54.5662057522015,11.86,12.52158403292849
Ивановская область,2025-06-01,19.79375645795266,0.6128194128495359,0.0,0.0,0.0,53.97787522043721,11.45999999999999,12.58159588521084
Ивановская область,2025-07-01,20.65170340354204,-0.2977272507310609,-0.0,-0.0,-0.0,53.3347868651565,10.79000000000001,13.02139063732022
Ивановская область,2025-08-01,19.87535654800443,-1.399483474742535,-0.0,-0.0,-0.0,52.26046071819904,9.75,12.17276107144584
Ивановская область,2025-09-01,18.80533662750941,0.2588989388809786,0.0,0.0,0.0,52.26265490999906,9.439999999999998,12.18740193406548
Ивановская область,2025-10-01,17.63790924229639,-0.43597080805563593,-0.0,-0.0,-0.0,51.88216387762395,9.019999999999996,12.31827838312246
Ивановская область,2025-11-01,17.78535621281748,-0.19410526130430839,-0.0,-0.0,-0.0,51.67763614410102,8.579999999999998,12.20130918978283
Ивановская область,2025-12-01,18.21765474569416,0.2813157398373711,0.0,0.0,0.0,51.4261714283729,7.620000000000005,12.47950419925319
Иркутская область,2019-03-01,13.54781987064406,0.7128714995200838,0.0,0.7128714995200838,0.0,57.19083012570848,5.859999999999999,13.57826991238926
Иркутская область,2019-04-01,13.75798066932355,0.6911493920479934,0.0,0.6911493920479934,0.0,56.96231276854399,6.090000000000003,13.54998291405587
Иркутская область,2019-05-01,13.85424664100375,0.45783100689424217,0.0,0.45783100689424217,0.0,55.71271611400822,6.310000000000002,13.45024899053734
Иркутская область,2019-06-01,14.11018136396605,0.5041451542673663,0.0,0.5041451542673663,0.0,55.39179191229665,6.040000000000006,13.41239899226763
Иркутская область,2019-07-01,13.88388833747122,0.14629311794748645,0.0,0.14629311794748645,0.0,55.40658280880242,6.219999999999999,13.1417937524918
Иркутская область,2019-08-01,13.88251334755291,0.061654111534494405,0.0,0.061654111534494405,0.0,54.13403142137012,6.129999999999995,13.40823255308164
Иркутская область,2019-09-01,13.59557566780693,0.2864871600654304,0.0,0.2864871600654304,0.0,54.33284196002202,6.450000000000003,13.49771578580125
Иркутская область,2019-10-01,13.32333062152042,0.199118629193201,0.0,0.199118629193201,0.0,54.73668199476733,5.379999999999995,13.70047803755013
Иркутская область,2019-11-01,13.27392760972927,-0.3451712223245451,-0.0,-0.3451712223245451,-0.0,53.76727877309274,4.870000000000005,13.60129182012505
Иркутская область,2019-12-01,13.05018033238862,-0.11071296164861266,-0.0,-0.11071296164861266,-0.0,53.785923822058,4.469999999999999,13.61877596411663
Иркутская область,2020-01-01,12.75164258692921,0.4934187707708695,0.0,0.4934187707708695,0.0,54.14040212898147,4.079999999999998,13.50057986140932
Иркутская область,2020-02-01,13.1117108705789,0.717717316165718,0.0,0.717717316165718,0.0,56.76500267523321,3.469999999999999,13.44531094351489
Иркутская область,2020-03-01,12.89983676374996,0.5448138582658153,0.0,0.5448138582658153,0.0,56.89420187537524,3.269999999999996,13.57436185305045
Иркутская область,2020-04-01,12.5564480597305,0.24910450663146122,0.0,0.24910450663146122,0.0,57.25007499289341,3.060000000000002,13.35403712035277
Иркутская область,2020-05-01,12.25420151215312,0.12930980432325967,0.0,0.12930980432325967,0.0,57.20802529782669,3.930000000000007,14.24019771949811
Иркутская область,2020-06-01,12.38313990499499,0.4216232562547013,0.0,0.4216232562547013,0.0,56.97656534816512,4.260000000000005,14.20834139039547
Иркутская область,2020-07-01,11.98821371840054,-1.5016319110366503,-0.0,-1.5016319110366503,-0.0,56.98145774181158,3.530000000000001,14.36892551345862
Иркутская область,2020-08-01,11.68154027986364,-0.8645661305373835,-0.0,-0.8645661305373835,-0.0,55.70584302074764,3.469999999999999,14.27759645235083
Иркутская область,2020-09-01,11.62321607021874,-0.7937016241842549,-0.0,-0.7937016241842549,-0.0,56.37266260255065,3.489999999999995,14.13774325034606
Иркутская область,2020-10-01,11.18105723906763,-1.2364929674992595,-0.0,-1.2364929674992595,-0.0,56.95621446654155,3.849999999999994,14.36447877609723
Иркутская область,2020-11-01,11.01894735598995,-1.3589786818048175,-0.0,-1.3589786818048175,-0.0,56.79126076604501,4.060000000000002,13.71599677420298
Иркутская область,2020-12-01,11.06685021365245,-1.7089361724181273,-0.0,-1.7089361724181273,-0.0,56.81514082330091,4.799999999999997,13.86510497229118
Иркутская область,2021-01-01,10.97837179223832,3.0895976215913166,0.0,3.0895976215913166,0.0,56.52111453198965,5.090000000000003,13.9140637420675
Иркутская область,2021-02-01,11.54139390818272,-0.05176615786507455,-0.0,-0.05176615786507455,-0.0,58.07714616495836,5.370000000000005,13.9352066261645
Иркутская область,2021-03-01,11.05773823204492,-0.6104025253424652,-0.0,-0.6104025253424652,-0.0,58.54472442278036,6.189999999999998,13.90123993391449
Иркутская область,2021-04-01,10.99046140979459,-0.5967440618905293,-0.0,-0.5967440618905293,-0.0,59.57348293635238,6.819999999999993,14.00094760059
Иркутская область,2021-05-01,10.83114656014119,-0.241937869195743,-0.0,-0.241937869195743,-0.0,60.64916405141471,6.010000000000005,14.14275429135468
Иркутская область,2021-06-01,11.19317633524159,-0.7676306960714552,-0.0,-0.7676306960714552,-0.0,61.93090226442839,6.189999999999998,13.49820628375278
Иркутская область,2021-07-01,11.08990232621264,0.08560806359759354,0.0,0.08560806359759354,0.0,62.73107100003872,6.530000000000001,13.97875393025654
Иркутская область,2021-08-01,11.41550813499556,0.3090771946763784,0.0,0.3090771946763784,0.0,63.25346152136998,6.700000000000003,13.80519737114498
Иркутская область,2021-09-01,11.50972761428856,-0.6460537301930689,-0.0,-0.6460537301930689,-0.0,64.33305304059924,6.980000000000004,13.71515603462415
Иркутская область,2021-10-01,11.50613466918001,-0.6175372517280238,-0.0,-0.6175372517280238,-0.0,65.08575262712675,7.519999999999996,13.80493999635929
Иркутская область,2021-11-01,11.83294128941022,-0.12114037446266934,-0.0,-0.12114037446266934,-0.0,65.18729762257846,8.260000000000005,13.72847044621416
Иркутская область,2021-12-01,11.95204724980529,-0.26721650241728057,-0.0,-0.26721650241728057,-0.0,64.49880862997446,8.680000000000007,13.55083959330224
Иркутская область,2022-01-01,11.65942321040778,0.27464209751393653,0.0,0.27464209751393653,0.0,64.59084839950589,8.870000000000005,13.51163234332682
Иркутская область,2022-02-01,12.5379273564943,-0.3501956198858558,-0.0,-0.3501956198858558,-0.0,65.78103223928164,9.379999999999995,12.934958720196
Иркутская область,2022-03-01,12.01281576036332,4.941478356719127,0.0,4.941478356719127,0.0,66.0511067624493,9.480000000000004,13.22362230190176
Иркутская область,2022-04-01,12.55104745684056,1.4923126339086181,0.0,1.4923126339086181,0.0,64.64838168268113,17.04000000000001,14.13542725006491
Иркутская область,2022-05-01,16.88371039155373,-1.244790623444267,-0.0,-1.244790623444267,-0.0,61.70710879616362,18.98,13.90837582509364
Иркутская область,2022-06-01,17.45488913753437,-3.118179668249544,-0.0,-3.118179668249544,-0.0,60.79758316125194,18.5,13.9698568880668
Иркутская область,2022-07-01,15.7184682168314,-0.386746413724417,-0.0,-0.386746413724417,-0.0,60.41435356529797,18.73999999999999,14.65654569833831
Иркутская область,2022-08-01,13.98287662180568,-1.1110066252555733,-0.0,-1.1110066252555733,-0.0,60.8779349958174,18.11,14.38939701942417
Иркутская область,2022-09-01,13.61582804026006,1.7547062341946287,0.0,1.7547062341946287,0.0,60.66243175904393,16.75,14.44320013792373
Иркутская область,2022-10-01,13.09281979930332,1.2482715752793254,0.0,1.2482715752793254,0.0,60.95313187379928,16.23,14.44224626517241
Иркутская область,2022-11-01,13.17227813873952,0.32653909912163215,0.0,0.32653909912163215,0.0,59.39978804335616,15.39,14.33353479342125
Иркутская область,2022-12-01,13.64163425923981,0.14955653030453497,0.0,0.14955653030453497,0.0,59.32717879617874,14.76000000000001,14.60604805481442
Иркутская область,2023-01-01,13.1710497963291,0.13967960707903515,0.0,0.13967960707903515,0.0,59.23815881423816,14.65000000000001,14.36956044295331
Иркутская область,2023-02-01,14.5769701135352,-1.9472998218897306,-0.0,-1.9472998218897306,-0.0,61.15847190643699,14.20999999999999,14.50882924311917
Иркутская область,2023-03-01,13.77190305176469,-0.4649545463768856,-0.0,-0.4649545463768856,-0.0,60.95294382949749,13.06,14.35754116642614
Иркутская область,2023-04-01,13.48642993825535,-0.5507806832459252,-0.0,-0.5507806832459252,-0.0,61.4397296778446,5.310000000000002,14.14707415307604
Иркутская область,2023-05-01,13.54247175245692,-0.46521849390664727,-0.0,-0.46521849390664727,-0.0,61.10466689644729,3.409999999999997,13.98675098487577
Иркутская область,2023-06-01,13.80008871211547,-0.5347109788556779,-0.0,-0.5347109788556779,-0.0,61.6085112762935,3.469999999999999,13.30906878483477
Иркутская область,2023-07-01,13.83114447063061,-0.5497632155639387,-0.0,-0.5497632155639387,-0.0,62.29770362391147,3.769999999999996,13.32121183954414
Иркутская область,2023-08-01,13.61477537293821,0.2078297309388475,0.0,0.2078297309388475,0.0,61.90003090096212,4.230000000000004,13.05319646440444
Иркутская область,2023-09-01,13.45293118817933,2.7050587479091437,0.0,2.7050587479091437,0.0,63.1677774765786,5.120000000000005,12.9286692812171
Иркутская область,2023-10-01,13.59062866343703,0.8633696772512707,0.0,0.8633696772512707,0.0,64.21886712767348,6.569999999999993,12.86405130289176
Иркутская область,2023-11-01,14.84926648285858,1.714265038508227,0.0,1.714265038508227,0.0,64.08008657542032,7.469999999999999,12.67425815786959
Иркутская область,2023-12-01,15.18379995850849,-1.5282051620880424,-0.0,-1.5282051620880424,-0.0,64.17853809820981,8.099999999999994,12.73523868654183
Иркутская область,2024-01-01,15.23010133830644,0.6818813931607863,0.0,0.6818813931607863,0.0,62.83568910023265,8.209999999999994,12.83585887639438
Иркутская область,2024-02-01,19.2052602679615,-1.5559611222700127,-0.0,-1.5559611222700127,-0.0,64.20288403439814,8.459999999999994,12.9459394046815
Иркутская область,2024-03-01,19.55187488817585,-0.03662363343873665,-0.0,-0.03662363343873665,-0.0,63.77093774775222,9.799999999999997,12.80845494778237
Иркутская область,2024-04-01,18.83250480059734,-0.07535756412256944,-0.0,-0.07535756412256944,-0.0,63.36433119758151,8.950000000000003,12.70700919549292
Иркутская область,2024-05-01,18.9992220168056,-1.8174537430626252,-0.0,-1.8174537430626252,-0.0,62.88241078048978,9.400000000000006,12.69885942639979
Иркутская область,2024-06-01,18.78055070807985,-0.4392507252018447,-0.0,-0.4392507252018447,-0.0,62.85356937585323,9.219999999999999,12.31851980578205
Иркутская область,2024-07-01,17.21583198900585,-0.5869739684411108,-0.0,-0.5869739684411108,-0.0,63.37875997991625,8.939999999999998,12.44610276199536
Иркутская область,2024-08-01,21.01560216846195,1.4105522767729113,0.0,1.4105522767729113,0.0,62.18294573181908,10.3,11.41752720851643
Иркутская область,2024-09-01,21.83288251423884,-1.9115218364399809,-0.0,-1.9115218364399809,-0.0,62.23313433388215,9.450000000000003,11.38039657712176
Иркутская область,2024-10-01,21.34357810844103,0.667769408390896,0.0,0.667769408390896,0.0,61.7138345660186,9.090000000000003,11.38474061253893
Иркутская область,2024-11-01,21.0956859790292,2.039278586154861,0.0,2.039278586154861,0.0,59.56768012089668,8.25,11.24519681303909
Иркутская область,2024-12-01,21.75395705615308,0.34090421830265427,0.0,0.34090421830265427,0.0,56.96451891188836,8.239999999999995,11.41545622232295
Иркутская область,2025-01-01,21.13981697746244,0.24822008087726388,0.0,0.24822008087726388,0.0,54.83495478258092,8.709999999999994,12.13023397325086
Иркутская область,2025-02-01,26.01666100778574,0.31653560056003016,0.0,0.31653560056003016,0.0,55.69736567475959,9.36,12.12841216477178
Иркутская область,2025-03-01,24.134485996353,0.41369500741819465,0.0,0.41369500741819465,0.0,54.88721676034222,8.790000000000006,12.42199752573251
Иркутская область,2025-04-01,24.39338908056732,0.5812476727093596,0.0,0.5812476727093596,0.0,54.70433843959553,9.810000000000002,12.6951011172111
Иркутская область,2025-05-01,21.47009192013092,0.3820181297639742,0.0,0.3820181297639742,0.0,53.91028708919531,9.840000000000003,12.64301867276138
Иркутская область,2025-06-01,21.62194805875031,0.6128194128495359,0.0,0.6128194128495359,0.0,53.47953145571756,9.950000000000003,12.75194084186194
Иркутская область,2025-07-01,21.29432667220188,-0.2977272507310609,-0.0,-0.2977272507310609,-0.0,52.72408091900564,9.579999999999998,13.18969106659804
Иркутская область,2025-08-01,21.26903920495796,-1.399483474742535,-0.0,-1.399483474742535,-0.0,51.98238592791157,7.969999999999999,12.25395798879758
Иркутская область,2025-09-01,20.4849247903942,0.2588989388809786,0.0,0.2588989388809786,0.0,52.03575695087026,8.450000000000003,12.28889752586803
Иркутская область,2025-10-01,19.7369392510953,-0.43597080805563593,-0.0,-0.43597080805563593,-0.0,51.7126041711556,7.650000000000006,12.34219596792109
Иркутская область,2025-11-01,19.53686889314743,-0.19410526130430839,-0.0,-0.19410526130430839,-0.0,51.48112523985863,7.930000000000007,12.22978224987795
Иркутская область,2025-12-01,19.35317874326424,0.2813157398373711,0.0,0.2813157398373711,0.0,51.1044119586046,7.120000000000005,12.51554036940585
Кабардино-Балкарская Республика,2019-03-01,14.73212733953256,0.7128714995200838,0.0,0.0,0.0,34.04744335793684,5.069999999999993,14.32578716078343
Кабардино-Балкарская Республика,2019-04-01,14.57924130434754,0.6911493920479934,0.0,0.0,0.0,34.64268497486687,5.560000000000002,14.32831190719829
Кабардино-Балкарская Республика,2019-05-01,14.89100235104169,0.45783100689424217,0.0,0.0,0.0,35.47565886818818,5.650000000000006,14.25319861731378
Кабардино-Балкарская Республика,2019-06-01,14.8939031710586,0.5041451542673663,0.0,0.0,0.0,35.70405104025788,6.120000000000005,14.23423933714847
Кабардино-Балкарская Республика,2019-07-01,14.64946669413937,0.14629311794748645,0.0,0.0,0.0,35.80243431109837,5.019999999999996,13.75811091612719
Кабардино-Балкарская Республика,2019-08-01,14.52598810285824,0.061654111534494405,0.0,0.0,0.0,34.54448476984753,4.810000000000002,14.05903922193956
Кабардино-Балкарская Республика,2019-09-01,14.46648685705104,0.2864871600654304,0.0,0.0,0.0,34.89338766464414,4.680000000000007,14.49059299001427
Кабардино-Балкарская Республика,2019-10-01,14.35910591402214,0.199118629193201,0.0,0.0,0.0,35.15799247626803,4.659999999999997,14.59381148240179
Кабардино-Балкарская Республика,2019-11-01,14.28787621880138,-0.3451712223245451,-0.0,-0.0,-0.0,36.32987906166893,4.890000000000001,14.54271657786968
Кабардино-Балкарская Республика,2019-12-01,13.75029001330195,-0.11071296164861266,-0.0,-0.0,-0.0,36.52023439623535,4.390000000000001,14.58335251734077
Кабардино-Балкарская Республика,2020-01-01,13.69391374983846,0.4934187707708695,0.0,0.0,0.0,36.54356114455307,3.689999999999998,14.34839421389152
Кабардино-Балкарская Республика,2020-02-01,14.21640624175959,0.717717316165718,0.0,0.0,0.0,37.33431383221977,3.030000000000001,14.27505264407872
Кабардино-Балкарская Республика,2020-03-01,13.70802525535475,0.5448138582658153,0.0,0.0,0.0,37.42042905908581,2.709999999999994,14.39975805869588
Кабардино-Балкарская Республика,2020-04-01,13.81664438340333,0.24910450663146122,0.0,0.0,0.0,37.69566253022087,2.840000000000003,14.06835992102656
Кабардино-Балкарская Республика,2020-05-01,13.60571825929033,0.12930980432325967,0.0,0.0,0.0,35.83958166146589,3.569999999999993,14.82429537410244
Кабардино-Балкарская Республика,2020-06-01,12.79296829778852,0.4216232562547013,0.0,0.0,0.0,35.24858905864515,3.140000000000001,14.50119980742558
Кабардино-Балкарская Республика,2020-07-01,12.69753639748321,-1.5016319110366503,-0.0,-0.0,-0.0,35.21713112998734,3.569999999999993,14.65045110501294
Кабардино-Балкарская Республика,2020-08-01,12.1831342154742,-0.8645661305373835,-0.0,-0.0,-0.0,34.41991856010325,3.5,14.63429989966281
Кабардино-Балкарская Республика,2020-09-01,11.89471680561735,-0.7937016241842549,-0.0,-0.0,-0.0,34.97729572531302,3.790000000000006,14.46142506778748
Кабардино-Балкарская Республика,2020-10-01,11.94902994963653,-1.2364929674992595,-0.0,-0.0,-0.0,35.16561916342324,4.260000000000005,14.72305990722852
Кабардино-Балкарская Республика,2020-11-01,11.50707478737224,-1.3589786818048175,-0.0,-0.0,-0.0,35.95736449072856,4.469999999999999,14.1379855360859
Кабардино-Балкарская Республика,2020-12-01,11.90710680213286,-1.7089361724181273,-0.0,-0.0,-0.0,36.25848678068655,4.870000000000005,14.29728787592622
Кабардино-Балкарская Республика,2021-01-01,11.52225976664068,3.0895976215913166,0.0,0.0,0.0,36.38612041276981,5.390000000000001,14.19217940185802
Кабардино-Балкарская Республика,2021-02-01,12.16465272125128,-0.05176615786507455,-0.0,-0.0,-0.0,37.66108193779907,5.489999999999995,14.27735203180423
Кабардино-Балкарская Республика,2021-03-01,11.45012913234565,-0.6104025253424652,-0.0,-0.0,-0.0,38.0140422343248,6.159999999999997,14.22770429729546
Кабардино-Балкарская Республика,2021-04-01,10.95370098063341,-0.5967440618905293,-0.0,-0.0,-0.0,38.46746061207341,6.829999999999998,14.26224773885465
Кабардино-Балкарская Республика,2021-05-01,10.87454976872339,-0.241937869195743,-0.0,-0.0,-0.0,38.08605252862856,6.370000000000005,14.39393919877392
Кабардино-Балкарская Республика,2021-06-01,11.74748371527812,-0.7676306960714552,-0.0,-0.0,-0.0,38.57423206278618,6.689999999999998,13.76763993634743
Кабардино-Балкарская Республика,2021-07-01,11.30719743599226,0.08560806359759354,0.0,0.0,0.0,39.5149888787165,7.269999999999996,14.11735458030007
Кабардино-Балкарская Республика,2021-08-01,11.55854916506427,0.3090771946763784,0.0,0.0,0.0,40.27562435181972,7.659999999999997,13.88873811439175
Кабардино-Балкарская Республика,2021-09-01,11.68535945587334,-0.6460537301930689,-0.0,-0.0,-0.0,41.02342633073416,7.719999999999999,13.72630551104303
Кабардино-Балкарская Республика,2021-10-01,11.81926803697228,-0.6175372517280238,-0.0,-0.0,-0.0,41.56284900433576,8.370000000000005,13.81182501513841
Кабардино-Балкарская Республика,2021-11-01,11.69886334759565,-0.12114037446266934,-0.0,-0.0,-0.0,42.79153051233402,8.829999999999998,13.6642940762407
Кабардино-Балкарская Республика,2021-12-01,12.19293910594238,-0.26721650241728057,-0.0,-0.0,-0.0,43.10468765732973,8.909999999999997,13.60694890213121
Кабардино-Балкарская Республика,2022-01-01,11.88356606761474,0.27464209751393653,0.0,0.0,0.0,44.08364835311105,8.170000000000002,13.65913866135602
Кабардино-Балкарская Республика,2022-02-01,12.48455556890381,-0.3501956198858558,-0.0,-0.0,-0.0,43.81690526419011,8.840000000000003,13.13788432975768
Кабардино-Балкарская Республика,2022-03-01,12.39808782076727,4.941478356719127,0.0,0.0,0.0,44.1734758256556,8.730000000000004,13.8651557718749
Кабардино-Балкарская Республика,2022-04-01,12.81738676137737,1.4923126339086181,0.0,0.0,0.0,43.68585010297993,13.29000000000001,14.69809522274808
Кабардино-Балкарская Республика,2022-05-01,18.11667948498271,-1.244790623444267,-0.0,-0.0,-0.0,42.22991841893702,16.0,14.51201459708257
Кабардино-Балкарская Республика,2022-06-01,18.55228713931237,-3.118179668249544,-0.0,-0.0,-0.0,41.70056982849831,16.31,14.54614806369262
Кабардино-Балкарская Республика,2022-07-01,16.67279277856477,-0.386746413724417,-0.0,-0.0,-0.0,41.24451471678542,14.88,15.08496343693591
Кабардино-Балкарская Республика,2022-08-01,14.37090504648895,-1.1110066252555733,-0.0,-0.0,-0.0,42.63869342659013,13.75,14.836931291428
Кабардино-Балкарская Республика,2022-09-01,13.68237043891827,1.7547062341946287,0.0,0.0,0.0,42.67437116980856,12.92,14.76906789749355
Кабардино-Балкарская Республика,2022-10-01,13.43149478145111,1.2482715752793254,0.0,0.0,0.0,43.11982633059866,12.45999999999999,14.71552098314603
Кабардино-Балкарская Республика,2022-11-01,13.7126578454746,0.32653909912163215,0.0,0.0,0.0,43.53051410539311,12.17,14.58832628073648
Кабардино-Балкарская Республика,2022-12-01,14.05203952636911,0.14955653030453497,0.0,0.0,0.0,43.89647072040039,11.51000000000001,14.79797104406048
Кабардино-Балкарская Республика,2023-01-01,13.51952952275444,0.13967960707903515,0.0,0.0,0.0,43.95313742545564,11.90000000000001,14.56352171700471
Кабардино-Балкарская Республика,2023-02-01,14.48451042176974,-1.9472998218897306,-0.0,-0.0,-0.0,45.51536668178225,11.8,14.68725812446628
Кабардино-Балкарская Республика,2023-03-01,13.27979477443957,-0.4649545463768856,-0.0,-0.0,-0.0,45.55686660600551,11.59,14.52842756560869
Кабардино-Балкарская Республика,2023-04-01,13.81549583746693,-0.5507806832459252,-0.0,-0.0,-0.0,45.84564188954613,6.140000000000001,14.37286631235709
Кабардино-Балкарская Республика,2023-05-01,13.71995545264336,-0.46521849390664727,-0.0,-0.0,-0.0,46.45404171649731,3.510000000000005,14.29426217329343
Кабардино-Балкарская Республика,2023-06-01,14.45120369151572,-0.5347109788556779,-0.0,-0.0,-0.0,46.94785768300482,2.549999999999997,13.67915148677095
Кабардино-Балкарская Республика,2023-07-01,14.22912503009217,-0.5497632155639387,-0.0,-0.0,-0.0,47.32391119456624,3.689999999999998,13.7282982563251
Кабардино-Балкарская Республика,2023-08-01,13.84761607038057,0.2078297309388475,0.0,0.0,0.0,47.8346676605328,5.030000000000001,13.47968329646456
Кабардино-Балкарская Республика,2023-09-01,13.6863395458594,2.7050587479091437,0.0,0.0,0.0,49.10176016907569,5.560000000000002,13.36120872352418
Кабардино-Балкарская Республика,2023-10-01,13.94558818909906,0.8633696772512707,0.0,0.0,0.0,50.20849035328967,7.049999999999997,13.27671147308509
Кабардино-Балкарская Республика,2023-11-01,15.70069214345455,1.714265038508227,0.0,0.0,0.0,50.83145495271057,6.840000000000003,12.95326944256124
Кабардино-Балкарская Республика,2023-12-01,15.99773150722678,-1.5282051620880424,-0.0,-0.0,-0.0,51.07245375458822,7.340000000000003,13.02346639654469
Кабардино-Балкарская Республика,2024-01-01,16.26148853274606,0.6818813931607863,0.0,0.0,0.0,50.26725255931984,7.049999999999997,12.94992914910135
Кабардино-Балкарская Республика,2024-02-01,19.63103684198578,-1.5559611222700127,-0.0,-0.0,-0.0,50.12294873655831,6.769999999999996,13.02391627949918
Кабардино-Балкарская Республика,2024-03-01,20.24889546760496,-0.03662363343873665,-0.0,-0.0,-0.0,50.1073277887645,6.540000000000006,12.96804766225813
Кабардино-Балкарская Республика,2024-04-01,19.95097462533922,-0.07535756412256944,-0.0,-0.0,-0.0,50.32566906403356,6.680000000000007,12.89816069003248
Кабардино-Балкарская Республика,2024-05-01,19.40491007479582,-1.8174537430626252,-0.0,-0.0,-0.0,49.94461123563052,6.319999999999993,12.87886983728075
Кабардино-Балкарская Республика,2024-06-01,19.38176463667916,-0.4392507252018447,-0.0,-0.0,-0.0,50.35028597979215,7.590000000000003,12.47550349165114
Кабардино-Балкарская Республика,2024-07-01,18.01708648186776,-0.5869739684411108,-0.0,-0.0,-0.0,50.67401290241741,7.329999999999998,12.56510636414297
Кабардино-Балкарская Республика,2024-08-01,20.79063228960516,1.4105522767729113,0.0,0.0,0.0,49.62356842317284,7.939999999999998,11.64183238285824
Кабардино-Балкарская Республика,2024-09-01,21.29128210650415,-1.9115218364399809,-0.0,-0.0,-0.0,49.88371224296232,8.099999999999994,11.57380975777697
Кабардино-Балкарская Республика,2024-10-01,20.58131370033837,0.667769408390896,0.0,0.0,0.0,49.55192990229468,6.909999999999997,11.56126308720601
Кабардино-Балкарская Республика,2024-11-01,20.43308605028805,2.039278586154861,0.0,0.0,0.0,49.06817432844557,7.489999999999995,11.3517725920896
Кабардино-Балкарская Республика,2024-12-01,19.98468206878292,0.34090421830265427,0.0,0.0,0.0,46.66104901935386,8.310000000000002,11.45546414349396
Кабардино-Балкарская Республика,2025-01-01,20.06799285542367,0.24822008087726388,0.0,0.0,0.0,45.21874750728075,8.980000000000004,12.06106109825509
Кабардино-Балкарская Республика,2025-02-01,22.37072064763692,0.31653560056003016,0.0,0.0,0.0,42.9856537772889,8.950000000000003,12.14170868731869
Кабардино-Балкарская Республика,2025-03-01,20.76781600596363,0.41369500741819465,0.0,0.0,0.0,42.43816477852524,9.829999999999998,12.43539308122684
Кабардино-Балкарская Республика,2025-04-01,18.03422421187581,0.5812476727093596,0.0,0.0,0.0,42.03662829043097,10.13,12.6878202102737
Кабардино-Балкарская Республика,2025-05-01,17.41830970216951,0.3820181297639742,0.0,0.0,0.0,41.36766921115323,10.3,12.61697753656754
Кабардино-Балкарская Республика,2025-06-01,17.92389041946007,0.6128194128495359,0.0,0.0,0.0,41.14260857932626,9.200000000000003,12.6710780857332
Кабардино-Балкарская Республика,2025-07-01,18.09378003086936,-0.2977272507310609,-0.0,-0.0,-0.0,40.60073194611657,8.959999999999994,13.08340980248187
Кабардино-Балкарская Республика,2025-08-01,19.52380802873712,-1.399483474742535,-0.0,-0.0,-0.0,39.83314573422141,8.189999999999998,12.29417586768399
Кабардино-Балкарская Республика,2025-09-01,17.90460870673272,0.2588989388809786,0.0,0.0,0.0,39.85403184235894,7.480000000000004,12.31314816376255
Кабардино-Балкарская Республика,2025-10-01,19.07956611143192,-0.43597080805563593,-0.0,-0.0,-0.0,39.53941523686991,7.879999999999995,12.36132492709746
Кабардино-Балкарская Республика,2025-11-01,17.39661408260007,-0.19410526130430839,-0.0,-0.0,-0.0,39.24516904761611,7.359999999999999,12.30540823334318
Кабардино-Балкарская Республика,2025-12-01,17.76371891749356,0.2813157398373711,0.0,0.0,0.0,39.12676066051325,5.930000000000007,12.58700931710869
Калининградская область,2019-03-01,13.33289038460093,0.7128714995200838,0.7128714995200838,0.0,0.0,57.34690206156464,5.700000000000003,13.82910977234931
Калининградская область,2019-04-01,13.4167428833121,0.6911493920479934,0.6911493920479934,0.0,0.0,58.11366620532267,6.069999999999993,13.78178877886163
Калининградская область,2019-05-01,13.58215501532436,0.45783100689424217,0.45783100689424217,0.0,0.0,57.72231817085908,5.780000000000001,13.67424752516372
Калининградская область,2019-06-01,13.58823030560277,0.5041451542673663,0.5041451542673663,0.0,0.0,58.52837979072536,6.140000000000001,13.59863532719481
Калининградская область,2019-07-01,13.3917964333774,0.14629311794748645,0.14629311794748645,0.0,0.0,59.26359240247222,5.200000000000003,13.35264500045532
Калининградская область,2019-08-01,13.58445159607058,0.061654111534494405,0.061654111534494405,0.0,0.0,61.34251597616507,5.430000000000007,13.46501675981349
Калининградская область,2019-09-01,13.08727813473683,0.2864871600654304,0.2864871600654304,0.0,0.0,62.21908457225938,5.159999999999997,13.72755833990519
Калининградская область,2019-10-01,12.90285385344911,0.199118629193201,0.199118629193201,0.0,0.0,62.95154605356301,4.299999999999997,13.86263232910963
Калининградская область,2019-11-01,12.8537934336674,-0.3451712223245451,-0.3451712223245451,-0.0,-0.0,61.704498726639,3.870000000000005,13.7661117175689
Калининградская область,2019-12-01,12.77344872612711,-0.11071296164861266,-0.11071296164861266,-0.0,-0.0,62.35264449266143,3.629999999999995,13.7467126975424
Калининградская область,2020-01-01,12.25199654627513,0.4934187707708695,0.4934187707708695,0.0,0.0,62.05153083352855,2.760000000000005,13.70710583132917
Калининградская область,2020-02-01,12.61965888131444,0.717717316165718,0.717717316165718,0.0,0.0,63.18427068395484,2.099999999999994,13.73915595299067
Калининградская область,2020-03-01,12.28982381647469,0.5448138582658153,0.5448138582658153,0.0,0.0,63.58985849000565,2.280000000000001,13.87666123998883
Калининградская область,2020-04-01,12.00471442950192,0.24910450663146122,0.24910450663146122,0.0,0.0,64.1409571656193,2.510000000000005,13.6579356943291
Калининградская область,2020-05-01,11.95912840735169,0.12930980432325967,0.12930980432325967,0.0,0.0,63.97454616889782,3.019999999999996,14.25900940330781
Калининградская область,2020-06-01,11.5510321252728,0.4216232562547013,0.4216232562547013,0.0,0.0,63.95154439889016,2.629999999999995,14.17986287379651
Калининградская область,2020-07-01,11.3053329817951,-1.5016319110366503,-1.5016319110366503,-0.0,-0.0,64.9734320319424,3.269999999999996,14.28667979839643
Калининградская область,2020-08-01,10.88369065467049,-0.8645661305373835,-0.8645661305373835,-0.0,-0.0,65.80213638791871,3.980000000000004,14.23403316956084
Калининградская область,2020-09-01,10.47089751969964,-0.7937016241842549,-0.7937016241842549,-0.0,-0.0,66.51401384980919,4.790000000000006,14.17662083893836
Калининградская область,2020-10-01,10.15529192029893,-1.2364929674992595,-1.2364929674992595,-0.0,-0.0,67.16218709196146,4.409999999999997,14.31927579992011
Калининградская область,2020-11-01,10.11136279027531,-1.3589786818048175,-1.3589786818048175,-0.0,-0.0,66.6588061956343,4.530000000000001,13.85899195967912
Калининградская область,2020-12-01,10.29128157671035,-1.7089361724181273,-1.7089361724181273,-0.0,-0.0,66.39814982170337,5.010000000000005,13.91931332709892
Калининградская область,2021-01-01,10.05432417597456,3.0895976215913166,3.0895976215913166,0.0,0.0,66.06874429955393,5.140000000000001,13.9361669747964
Калининградская область,2021-02-01,10.72574093927186,-0.05176615786507455,-0.05176615786507455,-0.0,-0.0,66.70688095579152,5.25,13.93976644356243
Калининградская область,2021-03-01,10.14321660031475,-0.6104025253424652,-0.6104025253424652,-0.0,-0.0,67.56515323504928,6.200000000000003,13.8982261901181
Калининградская область,2021-04-01,10.13604763207547,-0.5967440618905293,-0.5967440618905293,-0.0,-0.0,68.69103744599788,5.760000000000005,13.98509335783813
Калининградская область,2021-05-01,10.06280405356958,-0.241937869195743,-0.241937869195743,-0.0,-0.0,68.40859448970767,6.329999999999998,13.99427525226788
Калининградская область,2021-06-01,10.23581463697279,-0.7676306960714552,-0.7676306960714552,-0.0,-0.0,69.3609138675742,7.040000000000006,13.632822325166
Калининградская область,2021-07-01,10.22270352535593,0.08560806359759354,0.08560806359759354,0.0,0.0,70.27497198035631,7.25,14.00650993593227
Калининградская область,2021-08-01,10.90512242847909,0.3090771946763784,0.3090771946763784,0.0,0.0,69.31797549284862,7.219999999999999,13.87942561149421
Калининградская область,2021-09-01,10.75815371657774,-0.6460537301930689,-0.6460537301930689,-0.0,-0.0,70.20756812125109,7.319999999999993,13.78733303361413
Калининградская область,2021-10-01,10.73444010237606,-0.6175372517280238,-0.6175372517280238,-0.0,-0.0,70.60601985784093,8.39,13.79510227225153
Калининградская область,2021-11-01,10.85702855830357,-0.12114037446266934,-0.12114037446266934,-0.0,-0.0,71.54592300741271,9.180000000000007,13.78597644854956
Калининградская область,2021-12-01,10.95874488156237,-0.26721650241728057,-0.26721650241728057,-0.0,-0.0,71.01118713079295,9.430000000000007,13.65330269489359
Калининградская область,2022-01-01,10.9565934126286,0.27464209751393653,0.27464209751393653,0.0,0.0,70.73286099097473,9.489999999999995,13.62450882368786
Калининградская область,2022-02-01,11.79112034824106,-0.3501956198858558,-0.3501956198858558,-0.0,-0.0,71.65995712984716,9.379999999999995,13.10917498959558
Калининградская область,2022-03-01,11.64432699660236,4.941478356719127,4.941478356719127,0.0,0.0,72.01936454158961,9.060000000000002,13.66868933761102
Калининградская область,2022-04-01,11.84431605325229,1.4923126339086181,1.4923126339086181,0.0,0.0,70.7741587013051,19.41,14.49971882521222
Калининградская область,2022-05-01,16.11203730195603,-1.244790623444267,-1.244790623444267,-0.0,-0.0,69.17808368222813,18.41,14.34856283565697
Калининградская область,2022-06-01,16.54423083771351,-3.118179668249544,-3.118179668249544,-0.0,-0.0,68.335467208974,17.38,14.56250793698775
Калининградская область,2022-07-01,15.46282660390335,-0.386746413724417,-0.386746413724417,-0.0,-0.0,67.71202478996634,16.61,15.13876353755695
Калининградская область,2022-08-01,13.37782864949066,-1.1110066252555733,-1.1110066252555733,-0.0,-0.0,66.7592558595493,15.67,14.91277078258906
Калининградская область,2022-09-01,12.96243493456309,1.7547062341946287,1.7547062341946287,0.0,0.0,66.60338557767415,14.63,14.96506470944081
Калининградская область,2022-10-01,12.46322173880177,1.2482715752793254,1.2482715752793254,0.0,0.0,66.87726071864914,13.70999999999999,14.91603931737551
Калининградская область,2022-11-01,12.98335502803814,0.32653909912163215,0.32653909912163215,0.0,0.0,66.73186127684643,12.03,14.81456114249481
Калининградская область,2022-12-01,13.15974500363979,0.14955653030453497,0.14955653030453497,0.0,0.0,66.81908100073886,11.59,14.99931822212542
Калининградская область,2023-01-01,12.48449705032689,0.13967960707903515,0.13967960707903515,0.0,0.0,66.65855755725481,12.92,14.74659888178214
Калининградская область,2023-02-01,13.72261402830905,-1.9472998218897306,-1.9472998218897306,-0.0,-0.0,65.796534105723,12.94,14.92099591276069
Калининградская область,2023-03-01,12.87102859632805,-0.4649545463768856,-0.4649545463768856,-0.0,-0.0,65.85630414152041,12.27,14.80093337552884
Калининградская область,2023-04-01,12.68564164568235,-0.5507806832459252,-0.5507806832459252,-0.0,-0.0,66.62078985458017,2.560000000000002,14.57119458368677
Калининградская область,2023-05-01,12.72488577603534,-0.46521849390664727,-0.46521849390664727,-0.0,-0.0,66.01250763672337,2.299999999999997,14.44116730482688
Калининградская область,2023-06-01,13.0070132096363,-0.5347109788556779,-0.5347109788556779,-0.0,-0.0,66.33220405773044,2.579999999999998,13.9103745688924
Калининградская область,2023-07-01,12.52105187522249,-0.5497632155639387,-0.5497632155639387,-0.0,-0.0,66.62706876774571,3.629999999999995,13.92317335508959
Калининградская область,2023-08-01,12.41813888198418,0.2078297309388475,0.2078297309388475,0.0,0.0,66.20709223328957,4.540000000000006,13.67764872563358
Калининградская область,2023-09-01,12.14074361756001,2.7050587479091437,2.7050587479091437,0.0,0.0,67.02740335388876,5.730000000000004,13.60671872500046
Калининградская область,2023-10-01,12.12736588154896,0.8633696772512707,0.8633696772512707,0.0,0.0,68.00632113549024,6.879999999999995,13.46712871123785
Калининградская область,2023-11-01,12.9566026421323,1.714265038508227,1.714265038508227,0.0,0.0,68.90432090215664,7.879999999999995,13.16144764686267
Калининградская область,2023-12-01,13.42949653286239,-1.5282051620880424,-1.5282051620880424,-0.0,-0.0,69.01774231608503,8.870000000000005,13.23667033846691
Калининградская область,2024-01-01,13.67305169156203,0.6818813931607863,0.6818813931607863,0.0,0.0,68.15403413079984,8.159999999999997,13.16124479343647
Калининградская область,2024-02-01,17.93629033570989,-1.5559611222700127,-1.5559611222700127,-0.0,-0.0,68.08944438840751,7.890000000000001,13.23404784934219
Калининградская область,2024-03-01,18.64306016268397,-0.03662363343873665,-0.03662363343873665,-0.0,-0.0,67.68954436977252,8.5,13.1706179623894
Калининградская область,2024-04-01,17.66100595051781,-0.07535756412256944,-0.07535756412256944,-0.0,-0.0,67.87635493656435,8.299999999999997,13.07858667966518
Калининградская область,2024-05-01,16.78212730447024,-1.8174537430626252,-1.8174537430626252,-0.0,-0.0,65.55495912442224,9.370000000000005,13.00094356787977
Калининградская область,2024-06-01,16.51834674741737,-0.4392507252018447,-0.4392507252018447,-0.0,-0.0,65.70429588803964,10.01000000000001,12.58087099844249
Калининградская область,2024-07-01,15.12848712571921,-0.5869739684411108,-0.5869739684411108,-0.0,-0.0,66.621084028847,10.23999999999999,12.62494121969704
Калининградская область,2024-08-01,18.89995230853609,1.4105522767729113,1.4105522767729113,0.0,0.0,65.38313299226647,11.18000000000001,11.83457679479578
Калининградская область,2024-09-01,18.27122627809288,-1.9115218364399809,-1.9115218364399809,-0.0,-0.0,65.09835639955335,10.12,11.81573221573468
Калининградская область,2024-10-01,17.98691051402324,0.667769408390896,0.667769408390896,0.0,0.0,64.27364724897326,9.61,11.82627931020542
Калининградская область,2024-11-01,18.61858173278658,2.039278586154861,2.039278586154861,0.0,0.0,63.77370885908981,9.86,11.62899389662775
Калининградская область,2024-12-01,18.51344280582364,0.34090421830265427,0.34090421830265427,0.0,0.0,61.48589256888706,9.659999999999997,11.80422295047136
Калининградская область,2025-01-01,17.92241536158064,0.24822008087726388,0.24822008087726388,0.0,0.0,59.26509987412627,10.34,12.3286437455397
Калининградская область,2025-02-01,22.64164191189297,0.31653560056003016,0.31653560056003016,0.0,0.0,61.14346226168757,11.31,12.42690254867208
Калининградская область,2025-03-01,19.69964599395319,0.41369500741819465,0.41369500741819465,0.0,0.0,60.13510353398593,11.98999999999999,12.71440256353767
Калининградская область,2025-04-01,20.0860992854846,0.5812476727093596,0.5812476727093596,0.0,0.0,59.45078960991338,12.48,13.02781694418718
Калининградская область,2025-05-01,18.4730832060272,0.3820181297639742,0.3820181297639742,0.0,0.0,60.65736009649021,12.38,12.94051071779516
Калининградская область,2025-06-01,18.29776408008038,0.6128194128495359,0.6128194128495359,0.0,0.0,60.19257728243023,12.13,13.00336628750881
Калининградская область,2025-07-01,18.45954007848821,-0.2977272507310609,-0.2977272507310609,-0.0,-0.0,59.25560413700753,11.81,13.46693766697007
Калининградская область,2025-08-01,18.01052736575227,-1.399483474742535,-1.399483474742535,-0.0,-0.0,58.35177457150449,10.39,12.68277822702166
Калининградская область,2025-09-01,17.46312660217126,0.2588989388809786,0.2588989388809786,0.0,0.0,58.27837446213726,10.79000000000001,12.76104320327847
Калининградская область,2025-10-01,16.1378827446544,-0.43597080805563593,-0.43597080805563593,-0.0,-0.0,58.01523508634906,9.969999999999999,12.84968422215958
Калининградская область,2025-11-01,16.10728203781113,-0.19410526130430839,-0.19410526130430839,-0.0,-0.0,57.88675606988625,9.599999999999994,12.59955421027969
Калининградская область,2025-12-01,15.728218831706,0.2813157398373711,0.2813157398373711,0.0,0.0,57.86143632929173,9.060000000000002,12.84864158684091
Калужская область,2019-03-01,13.18761593603876,0.7128714995200838,0.0,0.0,0.0,51.61547221716329,5.5,13.60602025675847
Калужская область,2019-04-01,13.48369909829323,0.6911493920479934,0.0,0.0,0.0,52.24616187504613,5.5,13.62799308200328
Калужская область,2019-05-01,13.65201262263243,0.45783100689424217,0.0,0.0,0.0,53.46119979282783,5.590000000000003,13.52946093803843
Калужская область,2019-06-01,13.88076261411638,0.5041451542673663,0.0,0.0,0.0,54.06106834239307,5.060000000000002,13.49172236107985
Калужская область,2019-07-01,13.53821979162446,0.14629311794748645,0.0,0.0,0.0,54.32207216832368,4.519999999999996,13.24091742767606
Калужская область,2019-08-01,13.56520048104322,0.061654111534494405,0.0,0.0,0.0,54.32677079417563,4.420000000000002,13.5292834595497
Калужская область,2019-09-01,13.24044096240071,0.2864871600654304,0.0,0.0,0.0,54.86657964621814,4.019999999999996,13.65006210380677
Калужская область,2019-10-01,13.05101222428219,0.199118629193201,0.0,0.0,0.0,55.39315665151022,3.849999999999994,13.81680638741485
Калужская область,2019-11-01,12.9058338824661,-0.3451712223245451,-0.0,-0.0,-0.0,54.05344612872939,3.280000000000001,13.72828903512013
Калужская область,2019-12-01,12.44369257444071,-0.11071296164861266,-0.0,-0.0,-0.0,54.4437475085964,3.239999999999995,13.75371181672235
Калужская область,2020-01-01,12.20589653983336,0.4934187707708695,0.0,0.0,0.0,54.53026578048396,2.659999999999997,13.64441653317501
Калужская область,2020-02-01,12.71195103433011,0.717717316165718,0.0,0.0,0.0,55.42467914888801,1.670000000000002,13.59690821061139
Калужская область,2020-03-01,12.42328592430206,0.5448138582658153,0.0,0.0,0.0,55.77736150208985,2.010000000000005,13.72727369530251
Калужская область,2020-04-01,12.1694439130716,0.24910450663146122,0.0,0.0,0.0,56.32278244507469,2.280000000000001,13.43975641170212
Калужская область,2020-05-01,11.79462205412182,0.12930980432325967,0.0,0.0,0.0,55.82023951659526,3.310000000000002,14.26710968634121
Калужская область,2020-06-01,11.50624797207582,0.4216232562547013,0.0,0.0,0.0,55.3295161185962,3.390000000000001,14.24383222197938
Калужская область,2020-07-01,11.57646418639616,-1.5016319110366503,-0.0,-0.0,-0.0,55.74186729789239,3.700000000000003,14.41004149808819
Калужская область,2020-08-01,11.07395352478026,-0.8645661305373835,-0.0,-0.0,-0.0,55.64554198902329,3.810000000000002,14.37767922170393
Калужская область,2020-09-01,10.90464094341864,-0.7937016241842549,-0.0,-0.0,-0.0,56.47095007855021,4.299999999999997,14.23323201416321
Калужская область,2020-10-01,10.57928132480981,-1.2364929674992595,-0.0,-0.0,-0.0,57.14333409988809,4.099999999999994,14.43350607132274
Калужская область,2020-11-01,10.38325031851551,-1.3589786818048175,-0.0,-0.0,-0.0,57.3813088887306,5.0,13.83011473302518
Калужская область,2020-12-01,10.62234643806793,-1.7089361724181273,-0.0,-0.0,-0.0,57.62874558845358,5.049999999999997,14.0061598336281
Калужская область,2021-01-01,10.36862892773307,3.0895976215913166,0.0,0.0,0.0,57.62582017175435,5.719999999999999,14.01004376037354
Калужская область,2021-02-01,10.97494261352561,-0.05176615786507455,-0.0,-0.0,-0.0,57.02818725596843,6.420000000000002,14.04064739098782
Калужская область,2021-03-01,10.44786391141284,-0.6104025253424652,-0.0,-0.0,-0.0,57.34409676488487,6.739999999999995,14.02424096881848
Калужская область,2021-04-01,10.42002617297715,-0.5967440618905293,-0.0,-0.0,-0.0,57.87159698212274,6.950000000000003,14.12210348599292
Калужская область,2021-05-01,10.35979279984289,-0.241937869195743,-0.0,-0.0,-0.0,58.67368928954991,5.939999999999998,14.24825091419845
Калужская область,2021-06-01,10.56761466439621,-0.7676306960714552,-0.0,-0.0,-0.0,59.42245994598144,6.75,13.645782255955
Калужская область,2021-07-01,10.47900968622614,0.08560806359759354,0.0,0.0,0.0,59.91986863205879,7.329999999999998,14.05852918840173
Калужская область,2021-08-01,11.08383024427074,0.3090771946763784,0.0,0.0,0.0,61.04351133031267,7.349999999999994,13.89015282384632
Калужская область,2021-09-01,10.99761293691251,-0.6460537301930689,-0.0,-0.0,-0.0,61.92184030394996,7.129999999999995,13.7878056375507
Калужская область,2021-10-01,11.03392769122264,-0.6175372517280238,-0.0,-0.0,-0.0,62.53263495234651,8.25,13.8644021937238
Калужская область,2021-11-01,11.08905169195627,-0.12114037446266934,-0.0,-0.0,-0.0,62.13954445526389,8.980000000000004,13.80340500091898
Калужская область,2021-12-01,11.16859917835236,-0.26721650241728057,-0.0,-0.0,-0.0,62.197144560277,9.25,13.6682031934435
Калужская область,2022-01-01,11.02245704931571,0.27464209751393653,0.0,0.0,0.0,62.58745434428872,8.86,13.63455640856027
Калужская область,2022-02-01,12.26929470057583,-0.3501956198858558,-0.0,-0.0,-0.0,63.26629416329308,9.480000000000004,13.09038834207949
Калужская область,2022-03-01,11.95629349147179,4.941478356719127,0.0,0.0,0.0,63.82529867172165,9.939999999999998,13.37791204455347
Калужская область,2022-04-01,11.95273556745787,1.4923126339086181,0.0,0.0,0.0,62.91160883045818,19.31,14.3102678195601
Калужская область,2022-05-01,15.69052356848725,-1.244790623444267,-0.0,-0.0,-0.0,61.00772173385354,21.81999999999999,14.19816643614492
Калужская область,2022-06-01,16.38289122032995,-3.118179668249544,-0.0,-0.0,-0.0,60.3369414072954,20.92,14.3231640229229
Калужская область,2022-07-01,14.59211873096364,-0.386746413724417,-0.0,-0.0,-0.0,60.06097478116983,19.65000000000001,14.97120020005952
Калужская область,2022-08-01,13.05130348565417,-1.1110066252555733,-0.0,-0.0,-0.0,60.75246843975042,18.97,14.72011330847627
Калужская область,2022-09-01,12.98678526257904,1.7547062341946287,0.0,0.0,0.0,60.91584163862812,18.3,14.75992650285763
Калужская область,2022-10-01,12.13364075204842,1.2482715752793254,0.0,0.0,0.0,61.48012004401171,17.11,14.75994322877956
Калужская область,2022-11-01,12.81864202724852,0.32653909912163215,0.0,0.0,0.0,62.86627634153664,15.84999999999999,14.66700630305535
Калужская область,2022-12-01,12.93967229980978,0.14955653030453497,0.0,0.0,0.0,62.99554023166347,15.38,14.92668534509411
Калужская область,2023-01-01,12.34264914155289,0.13967960707903515,0.0,0.0,0.0,63.18301211042614,15.62,14.67917674123654
Калужская область,2023-02-01,13.92628772025224,-1.9472998218897306,-0.0,-0.0,-0.0,61.42840741505596,14.98999999999999,14.84301307251668
Калужская область,2023-03-01,12.94775056112278,-0.4649545463768856,-0.0,-0.0,-0.0,61.37399078173505,14.04000000000001,14.68090001207145
Калужская область,2023-04-01,12.88923123795253,-0.5507806832459252,-0.0,-0.0,-0.0,62.02579263215377,5.0,14.4968145160289
Калужская область,2023-05-01,12.95923077785417,-0.46521849390664727,-0.0,-0.0,-0.0,62.97472998238188,2.739999999999995,14.38112843590848
Калужская область,2023-06-01,13.13896303617329,-0.5347109788556779,-0.0,-0.0,-0.0,63.40405532364885,3.099999999999994,13.75155811886752
Калужская область,2023-07-01,13.161358902308,-0.5497632155639387,-0.0,-0.0,-0.0,63.94941669665029,3.349999999999994,13.74412972460025
Калужская область,2023-08-01,12.88386750542818,0.2078297309388475,0.0,0.0,0.0,66.98986011879308,4.930000000000007,13.46098718258935
Калужская область,2023-09-01,12.77678676516112,2.7050587479091437,0.0,0.0,0.0,68.03040366822988,5.680000000000007,13.34635575227689
Калужская область,2023-10-01,13.10140693639164,0.8633696772512707,0.0,0.0,0.0,69.14088321521464,6.780000000000001,13.26497673482794
Калужская область,2023-11-01,14.38588298753212,1.714265038508227,0.0,0.0,0.0,68.12182360928422,7.079999999999998,13.05648755929657
Калужская область,2023-12-01,14.6039222938994,-1.5282051620880424,-0.0,-0.0,-0.0,68.26311817199887,8.049999999999997,13.08284580378513
Калужская область,2024-01-01,14.2240692236463,0.6818813931607863,0.0,0.0,0.0,67.04654136607411,8.049999999999997,13.12918131107426
Калужская область,2024-02-01,18.36784873152728,-1.5559611222700127,-0.0,-0.0,-0.0,68.33850143392885,7.469999999999999,13.2114123868756
Калужская область,2024-03-01,18.97746664837226,-0.03662363343873665,-0.0,-0.0,-0.0,67.91134328843368,7.950000000000003,13.09763357884585
Калужская область,2024-04-01,18.08096005037601,-0.07535756412256944,-0.0,-0.0,-0.0,68.0152587058639,7.849999999999994,13.01534587982675
Калужская область,2024-05-01,17.71599491734126,-1.8174537430626252,-0.0,-0.0,-0.0,66.28185981688569,8.090000000000003,12.99108951869029
Калужская область,2024-06-01,17.35115754934514,-0.4392507252018447,-0.0,-0.0,-0.0,66.52159836467828,8.299999999999997,12.59772723676914
Калужская область,2024-07-01,16.20291727392737,-0.5869739684411108,-0.0,-0.0,-0.0,66.90237975677739,8.989999999999995,12.73023379976371
Калужская область,2024-08-01,19.85518961992497,1.4105522767729113,0.0,0.0,0.0,65.67997680064487,9.349999999999994,11.73838590948901
Калужская область,2024-09-01,20.24274022940593,-1.9115218364399809,-0.0,-0.0,-0.0,65.35353857037175,9.269999999999996,11.71657362058893
Калужская область,2024-10-01,19.60706544452898,0.667769408390896,0.0,0.0,0.0,64.59578290512155,9.120000000000005,11.72277768235584
Калужская область,2024-11-01,19.75535404280309,2.039278586154861,0.0,0.0,0.0,60.85182145488906,8.310000000000002,11.55997722810218
Калужская область,2024-12-01,18.94946365710527,0.34090421830265427,0.0,0.0,0.0,57.97788423337879,8.579999999999998,11.69972858759887
Калужская область,2025-01-01,19.70853949959143,0.24822008087726388,0.0,0.0,0.0,55.60366698403356,9.11,12.34687969145542
Калужская область,2025-02-01,23.57378882141541,0.31653560056003016,0.0,0.0,0.0,58.11280242076348,9.980000000000004,12.33000737531086
Калужская область,2025-03-01,20.5289986453992,0.41369500741819465,0.0,0.0,0.0,57.15080757629409,9.790000000000006,12.62028751005734
Калужская область,2025-04-01,20.9845099435825,0.5812476727093596,0.0,0.0,0.0,56.28750378913868,9.89,12.88699785014011
Калужская область,2025-05-01,18.45458063998318,0.3820181297639742,0.0,0.0,0.0,56.81104268606002,9.739999999999995,12.79864134037878
Калужская область,2025-06-01,19.76883267028421,0.6128194128495359,0.0,0.0,0.0,56.21375179022056,9.450000000000003,12.87425235888149
Калужская область,2025-07-01,19.79395739046152,-0.2977272507310609,-0.0,-0.0,-0.0,55.41368684840279,9.239999999999995,13.36211893679131
Калужская область,2025-08-01,18.6470287109082,-1.399483474742535,-0.0,-0.0,-0.0,54.24811643253184,8.14,12.38746583697267
Калужская область,2025-09-01,18.52933475758443,0.2588989388809786,0.0,0.0,0.0,54.11838832361325,7.829999999999998,12.41389609310661
Калужская область,2025-10-01,17.65565836172153,-0.43597080805563593,-0.0,-0.0,-0.0,53.77464257977336,7.549999999999997,12.44730188151899
Калужская область,2025-11-01,17.31312668867055,-0.19410526130430839,-0.0,-0.0,-0.0,53.50992855991458,7.680000000000007,12.33700846638
Калужская область,2025-12-01,17.30150476588498,0.2813157398373711,0.0,0.0,0.0,53.11056868256797,6.340000000000003,12.62835128568896
Камчатский край,2019-03-01,13.27124842792421,0.7128714995200838,0.0,0.7128714995200838,0.0,32.79099134867464,4.359999999999999,13.36085560924683
Камчатский край,2019-04-01,13.36054289868839,0.6911493920479934,0.0,0.6911493920479934,0.0,33.23521525706036,4.319999999999993,13.32794663855803
Камчатский край,2019-05-01,13.22779743481142,0.45783100689424217,0.0,0.45783100689424217,0.0,33.97280397326199,4.280000000000001,13.2179437353026
Камчатский край,2019-06-01,13.42361821379758,0.5041451542673663,0.0,0.5041451542673663,0.0,34.12738449093377,4.0,13.18737506541869
Камчатский край,2019-07-01,13.33974938228558,0.14629311794748645,0.0,0.14629311794748645,0.0,34.52260588546518,3.920000000000002,12.9653205894669
Камчатский край,2019-08-01,13.34293897556166,0.061654111534494405,0.0,0.061654111534494405,0.0,35.04800734733436,3.489999999999995,13.16512909093165
Камчатский край,2019-09-01,13.00156517731013,0.2864871600654304,0.0,0.2864871600654304,0.0,35.28808425532429,3.549999999999997,13.2212654283456
Камчатский край,2019-10-01,12.77388533695532,0.199118629193201,0.0,0.199118629193201,0.0,35.32872696957578,3.019999999999996,13.39685010173023
Камчатский край,2019-11-01,12.78635288941368,-0.3451712223245451,-0.0,-0.3451712223245451,-0.0,35.48640163882897,3.069999999999993,13.3136035780106
Камчатский край,2019-12-01,12.41301034752286,-0.11071296164861266,-0.0,-0.11071296164861266,-0.0,35.91924034381382,2.840000000000003,13.32026143486044
Камчатский край,2020-01-01,12.40989739978854,0.4934187707708695,0.0,0.4934187707708695,0.0,35.92716718159538,2.530000000000001,13.21952152135244
Камчатский край,2020-02-01,12.70129140820304,0.717717316165718,0.0,0.717717316165718,0.0,36.21832746698126,2.219999999999999,13.29377824681344
Камчатский край,2020-03-01,12.30756822097287,0.5448138582658153,0.0,0.5448138582658153,0.0,36.50236512337383,1.920000000000002,13.37531752513777
Камчатский край,2020-04-01,12.03817663615054,0.24910450663146122,0.0,0.24910450663146122,0.0,36.85751641154227,1.569999999999993,13.10747384783523
Камчатский край,2020-05-01,11.62961125954928,0.12930980432325967,0.0,0.12930980432325967,0.0,36.48372509557061,1.900000000000006,13.95334325776663
Камчатский край,2020-06-01,11.70456070975465,0.4216232562547013,0.0,0.4216232562547013,0.0,36.30539773611939,2.069999999999993,13.92843655014059
Камчатский край,2020-07-01,11.63663915479443,-1.5016319110366503,-0.0,-1.5016319110366503,-0.0,36.30950978991739,2.219999999999999,14.07043728594503
Камчатский край,2020-08-01,11.14799398597112,-0.8645661305373835,-0.0,-0.8645661305373835,-0.0,37.08202653466893,2.840000000000003,13.96171531419205
Камчатский край,2020-09-01,11.16782943401574,-0.7937016241842549,-0.0,-0.7937016241842549,-0.0,37.79296842374535,3.030000000000001,13.81073940178206
Камчатский край,2020-10-01,10.79966957884522,-1.2364929674992595,-0.0,-1.2364929674992595,-0.0,38.38896360416136,2.829999999999998,14.03023459341604
Камчатский край,2020-11-01,10.68262304281809,-1.3589786818048175,-0.0,-1.3589786818048175,-0.0,39.30654300685333,2.900000000000006,13.40454248332921
Камчатский край,2020-12-01,10.61731020527938,-1.7089361724181273,-0.0,-1.7089361724181273,-0.0,39.65512148181401,2.939999999999998,13.55766093892733
Камчатский край,2021-01-01,10.25892574018031,3.0895976215913166,0.0,3.0895976215913166,0.0,39.64873270384572,3.329999999999998,13.70375948878636
Камчатский край,2021-02-01,10.74375885768213,-0.05176615786507455,-0.0,-0.05176615786507455,-0.0,40.53992544489694,3.359999999999999,13.70040206094499
Камчатский край,2021-03-01,10.49642106579478,-0.6104025253424652,-0.0,-0.6104025253424652,-0.0,40.96296432187881,3.829999999999998,13.67700071763783
Камчатский край,2021-04-01,10.204838222205,-0.5967440618905293,-0.0,-0.5967440618905293,-0.0,41.67250188743289,4.549999999999997,13.83543670741046
Камчатский край,2021-05-01,10.16729461418761,-0.241937869195743,-0.0,-0.241937869195743,-0.0,41.50529020773129,4.569999999999993,13.97566164553484
Камчатский край,2021-06-01,10.53630374882803,-0.7676306960714552,-0.0,-0.7676306960714552,-0.0,42.14917694638308,4.689999999999998,13.33515436640628
Камчатский край,2021-07-01,10.47811698582337,0.08560806359759354,0.0,0.08560806359759354,0.0,42.8025145549985,4.920000000000002,13.829907242938
Камчатский край,2021-08-01,10.9463333921597,0.3090771946763784,0.0,0.3090771946763784,0.0,43.25680802746523,5.260000000000005,13.61959812936127
Камчатский край,2021-09-01,10.67541331113059,-0.6460537301930689,-0.0,-0.6460537301930689,-0.0,43.9524681710236,5.459999999999994,13.55603980493514
Камчатский край,2021-10-01,10.67069731297701,-0.6175372517280238,-0.0,-0.6175372517280238,-0.0,43.65474713693749,5.819999999999993,13.67505321104783
Камчатский край,2021-11-01,11.08572067412245,-0.12114037446266934,-0.0,-0.12114037446266934,-0.0,43.89878928707006,5.959999999999994,13.59892093108676
Камчатский край,2021-12-01,11.0667455410746,-0.26721650241728057,-0.0,-0.26721650241728057,-0.0,44.00821561868678,6.519999999999996,13.39834888354694
Камчатский край,2022-01-01,10.78434720928216,0.27464209751393653,0.0,0.27464209751393653,0.0,44.18113165105096,6.689999999999998,13.34765253325371
Камчатский край,2022-02-01,11.73486501572198,-0.3501956198858558,-0.0,-0.3501956198858558,-0.0,45.50658396740067,7.609999999999999,12.75828652417833
Камчатский край,2022-03-01,11.20283747081763,4.941478356719127,0.0,4.941478356719127,0.0,46.03764735241451,7.519999999999996,12.98727806478394
Камчатский край,2022-04-01,11.58798708636006,1.4923126339086181,0.0,1.4923126339086181,0.0,45.77610184206814,11.38,13.84993861657665
Камчатский край,2022-05-01,14.4176360782488,-1.244790623444267,-0.0,-1.244790623444267,-0.0,45.01380913464578,13.09999999999999,13.64684894802325
Камчатский край,2022-06-01,16.09446946834718,-3.118179668249544,-0.0,-3.118179668249544,-0.0,44.13280728660391,13.5,13.73674068429003
Камчатский край,2022-07-01,14.80701129419941,-0.386746413724417,-0.0,-0.386746413724417,-0.0,43.09181424854383,13.61,14.39386190133233
Камчатский край,2022-08-01,13.27067168219317,-1.1110066252555733,-0.0,-1.1110066252555733,-0.0,42.56620845381784,13.04000000000001,14.09610579571839
Камчатский край,2022-09-01,12.71208140473785,1.7547062341946287,0.0,1.7547062341946287,0.0,42.49636921484675,12.98,14.12897294944474
Камчатский край,2022-10-01,12.3124377485555,1.2482715752793254,0.0,1.2482715752793254,0.0,43.58735394181271,12.90000000000001,14.10289300050244
Камчатский край,2022-11-01,12.83371925743116,0.32653909912163215,0.0,0.32653909912163215,0.0,46.57777634085372,12.68000000000001,13.95783761661166
Камчатский край,2022-12-01,12.83066585930465,0.14955653030453497,0.0,0.14955653030453497,0.0,47.02056300498781,12.3,14.2824594252766
Камчатский край,2023-01-01,12.67194779399853,0.13967960707903515,0.0,0.13967960707903515,0.0,46.66063777093282,12.23,14.04270665048477
Камчатский край,2023-02-01,14.00911901394017,-1.9472998218897306,-0.0,-1.9472998218897306,-0.0,46.06207025179139,11.88,14.14910216419889
Камчатский край,2023-03-01,13.44003000614426,-0.4649545463768856,-0.0,-0.4649545463768856,-0.0,46.21128628432754,11.92,13.9969440444052
Камчатский край,2023-04-01,13.58298228764794,-0.5507806832459252,-0.0,-0.5507806832459252,-0.0,46.47717879686533,7.900000000000006,13.76841350152654
Камчатский край,2023-05-01,13.32382781785926,-0.46521849390664727,-0.0,-0.46521849390664727,-0.0,45.22208722125846,6.260000000000005,13.62145391335411
Камчатский край,2023-06-01,13.96083881083355,-0.5347109788556779,-0.0,-0.5347109788556779,-0.0,45.93232269130153,5.719999999999999,12.96621077878343
Камчатский край,2023-07-01,13.50145385931151,-0.5497632155639387,-0.0,-0.5497632155639387,-0.0,47.41166032850882,5.650000000000006,12.98588735467166
Камчатский край,2023-08-01,13.39202065439441,0.2078297309388475,0.0,0.2078297309388475,0.0,46.63962649492535,6.109999999999999,12.7176283288232
Камчатский край,2023-09-01,12.99013420083776,2.7050587479091437,0.0,2.7050587479091437,0.0,46.7647216504146,5.939999999999998,12.59391418911546
Камчатский край,2023-10-01,13.5986177234425,0.8633696772512707,0.0,0.8633696772512707,0.0,46.77483848851573,6.530000000000001,12.58714066128079
Камчатский край,2023-11-01,14.06850651748399,1.714265038508227,0.0,1.714265038508227,0.0,46.55521991757369,7.180000000000007,12.43107434310953
Камчатский край,2023-12-01,14.92460572446457,-1.5282051620880424,-0.0,-1.5282051620880424,-0.0,46.70378091042159,7.709999999999994,12.52039480636702
Камчатский край,2024-01-01,14.43699405599896,0.6818813931607863,0.0,0.6818813931607863,0.0,45.2450803512844,7.780000000000001,12.65644144749487
Камчатский край,2024-02-01,17.95748439094498,-1.5559611222700127,-0.0,-1.5559611222700127,-0.0,46.3283726774126,7.599999999999994,12.76287285931422
Камчатский край,2024-03-01,19.96991967019587,-0.03662363343873665,-0.0,-0.03662363343873665,-0.0,46.0228672545256,7.930000000000007,12.620031358957
Камчатский край,2024-04-01,18.39271254153286,-0.07535756412256944,-0.0,-0.07535756412256944,-0.0,46.09339866657622,7.75,12.52973708460742
Камчатский край,2024-05-01,18.67475419884738,-1.8174537430626252,-0.0,-1.8174537430626252,-0.0,45.07000755062919,8.239999999999995,12.51717625261966
Камчатский край,2024-06-01,18.48839968422762,-0.4392507252018447,-0.0,-0.4392507252018447,-0.0,44.69358672042861,8.420000000000002,12.14737416710728
Камчатский край,2024-07-01,17.49491595574211,-0.5869739684411108,-0.0,-0.5869739684411108,-0.0,45.12393163554096,8.549999999999997,12.32081632113881
Камчатский край,2024-08-01,19.93023405412007,1.4105522767729113,0.0,1.4105522767729113,0.0,45.00036851702583,8.89,11.26934246655835
Камчатский край,2024-09-01,21.05307445875648,-1.9115218364399809,-0.0,-1.9115218364399809,-0.0,45.32254296783753,9.579999999999998,11.22893979291347
Камчатский край,2024-10-01,21.0924486196443,0.667769408390896,0.0,0.667769408390896,0.0,45.38595427530513,9.930000000000007,11.23833491073699
Камчатский край,2024-11-01,22.11232680547298,2.039278586154861,0.0,2.039278586154861,0.0,44.2682565247534,9.180000000000007,11.11827778659428
Камчатский край,2024-12-01,22.48744050086259,0.34090421830265427,0.0,0.34090421830265427,0.0,43.17572638354286,9.739999999999995,11.27577428494455
Камчатский край,2025-01-01,21.96314231961816,0.24822008087726388,0.0,0.24822008087726388,0.0,41.64289243975644,10.26000000000001,12.03312125345875
Камчатский край,2025-02-01,25.89814172315044,0.31653560056003016,0.0,0.31653560056003016,0.0,43.3454763648167,10.94,12.02119426539439
Камчатский край,2025-03-01,24.21623780380592,0.41369500741819465,0.0,0.41369500741819465,0.0,42.79351198871967,10.63,12.31013592966252
Камчатский край,2025-04-01,22.84598852802539,0.5812476727093596,0.0,0.5812476727093596,0.0,42.28023539869477,10.53,12.61585998600418
Камчатский край,2025-05-01,22.70318322209976,0.3820181297639742,0.0,0.3820181297639742,0.0,39.86494273555432,10.28,12.51844844260071
Камчатский край,2025-06-01,20.58125497614417,0.6128194128495359,0.0,0.6128194128495359,0.0,39.54639773088707,10.48,12.64549826893067
Камчатский край,2025-07-01,21.21379411563963,-0.2977272507310609,-0.0,-0.2977272507310609,-0.0,39.12311978485917,10.26000000000001,13.04179286917764
Камчатский край,2025-08-01,19.668233278907,-1.399483474742535,-0.0,-1.399483474742535,-0.0,38.62241963324581,10.20999999999999,12.11760982768067
Камчатский край,2025-09-01,20.55782192340891,0.2588989388809786,0.0,0.2588989388809786,0.0,38.38877709721171,9.560000000000002,12.16642150395418
Камчатский край,2025-10-01,20.18399455934095,-0.43597080805563593,-0.0,-0.43597080805563593,-0.0,37.60398726427204,9.670000000000002,12.25758946856361
Камчатский край,2025-11-01,18.78903366306234,-0.19410526130430839,-0.0,-0.19410526130430839,-0.0,37.18033448427214,10.11,12.18215904312146
Камчатский край,2025-12-01,19.7425964370134,0.2813157398373711,0.0,0.2813157398373711,0.0,36.97169784720935,9.260000000000005,12.46447435799431
Карачаево-Черкесская Республика,2019-03-01,15.2143650904988,0.7128714995200838,0.0,0.0,0.7128714995200838,51.32284166577116,5.200000000000003,14.24394583513348
Карачаево-Черкесская Республика,2019-04-01,15.18546261591588,0.6911493920479934,0.0,0.0,0.6911493920479934,52.09583473971795,5.409999999999997,14.21481017258031
Карачаево-Черкесская Республика,2019-05-01,15.33162289649964,0.45783100689424217,0.0,0.0,0.45783100689424217,54.24182231446986,5.609999999999999,14.21180749856361
Карачаево-Черкесская Республика,2019-06-01,15.70501521561943,0.5041451542673663,0.0,0.0,0.5041451542673663,54.80171998251665,5.659999999999997,14.18950639390831
Карачаево-Черкесская Республика,2019-07-01,15.48038306825924,0.14629311794748645,0.0,0.0,0.14629311794748645,55.29985054715172,4.659999999999997,13.67528321513872
Карачаево-Черкесская Республика,2019-08-01,15.59671025552741,0.061654111534494405,0.0,0.0,0.061654111534494405,53.33561881476749,4.989999999999995,14.16233806003815
Карачаево-Черкесская Республика,2019-09-01,15.05079310506077,0.2864871600654304,0.0,0.0,0.2864871600654304,54.22757597321733,4.269999999999996,14.61992569164381
Карачаево-Черкесская Республика,2019-10-01,14.62812254816105,0.199118629193201,0.0,0.0,0.199118629193201,54.77795653676166,3.760000000000005,14.75866047419071
Карачаево-Черкесская Республика,2019-11-01,15.02023855337312,-0.3451712223245451,-0.0,-0.0,-0.3451712223245451,53.03722503363841,3.700000000000003,14.70100691702218
Карачаево-Черкесская Республика,2019-12-01,14.24310800639057,-0.11071296164861266,-0.0,-0.0,-0.11071296164861266,53.58502851301608,3.469999999999999,14.78406628993008
Карачаево-Черкесская Республика,2020-01-01,14.2010182418261,0.4934187707708695,0.0,0.0,0.4934187707708695,53.61317673138547,2.950000000000003,14.56978062584075
Карачаево-Черкесская Республика,2020-02-01,14.53740356450874,0.717717316165718,0.0,0.0,0.717717316165718,55.93459787677592,2.329999999999998,14.38078358801953
Карачаево-Черкесская Республика,2020-03-01,14.38833482463785,0.5448138582658153,0.0,0.0,0.5448138582658153,55.97490435704391,2.290000000000006,14.49473425389653
Карачаево-Черкесская Республика,2020-04-01,14.5680816842442,0.24910450663146122,0.0,0.0,0.24910450663146122,56.03631218396753,2.599999999999994,14.10558645828916
Карачаево-Черкесская Республика,2020-05-01,13.93144155253955,0.12930980432325967,0.0,0.0,0.12930980432325967,55.84622199562238,2.829999999999998,15.0157406187678
Карачаево-Черкесская Республика,2020-06-01,13.65619664250829,0.4216232562547013,0.0,0.0,0.4216232562547013,55.23776110064196,2.719999999999999,14.67448368848086
Карачаево-Черкесская Республика,2020-07-01,13.50920335305023,-1.5016319110366503,-0.0,-0.0,-1.5016319110366503,54.85432190176047,3.519999999999996,14.85839161829059
Карачаево-Черкесская Республика,2020-08-01,12.98987477958108,-0.8645661305373835,-0.0,-0.0,-0.8645661305373835,55.03330065372452,3.5,14.85319524528632
Карачаево-Черкесская Республика,2020-09-01,12.76934048706981,-0.7937016241842549,-0.0,-0.0,-0.7937016241842549,55.69514695372983,4.150000000000006,14.54981538991816
Карачаево-Черкесская Республика,2020-10-01,12.48669362695962,-1.2364929674992595,-0.0,-0.0,-1.2364929674992595,55.74973842915456,4.189999999999998,14.87951596186561
Карачаево-Черкесская Республика,2020-11-01,12.07320793493659,-1.3589786818048175,-0.0,-0.0,-1.3589786818048175,55.61338464937384,4.510000000000005,14.18758976444047
Карачаево-Черкесская Республика,2020-12-01,12.57706066209523,-1.7089361724181273,-0.0,-0.0,-1.7089361724181273,55.96906723574694,4.670000000000002,14.3730456090061
Карачаево-Черкесская Республика,2021-01-01,12.01097411505614,3.0895976215913166,0.0,0.0,3.0895976215913166,55.86512188607349,5.180000000000007,14.27132435905197
Карачаево-Черкесская Республика,2021-02-01,12.68612036629313,-0.05176615786507455,-0.0,-0.0,-0.05176615786507455,57.54533598016577,4.920000000000002,14.40347892593754
Карачаево-Черкесская Республика,2021-03-01,12.14698662249025,-0.6104025253424652,-0.0,-0.0,-0.6104025253424652,57.61059605627732,5.909999999999997,14.35876190155841
Карачаево-Черкесская Республика,2021-04-01,11.375328194996,-0.5967440618905293,-0.0,-0.0,-0.5967440618905293,58.33759357074138,5.459999999999994,14.36498129711654
Карачаево-Черкесская Республика,2021-05-01,10.94780463826548,-0.241937869195743,-0.0,-0.0,-0.241937869195743,56.11212653544872,5.280000000000001,14.60825161986867
Карачаево-Черкесская Республика,2021-06-01,12.43608991041619,-0.7676306960714552,-0.0,-0.0,-0.7676306960714552,57.10718720143387,5.049999999999997,13.80395215625954
Карачаево-Черкесская Республика,2021-07-01,12.39213836488484,0.08560806359759354,0.0,0.0,0.08560806359759354,58.13275196463441,4.989999999999995,14.20480619587688
Карачаево-Черкесская Республика,2021-08-01,12.02087115184721,0.3090771946763784,0.0,0.0,0.3090771946763784,60.06897059354611,5.189999999999998,13.89813152476444
Карачаево-Черкесская Республика,2021-09-01,12.3081592282465,-0.6460537301930689,-0.0,-0.0,-0.6460537301930689,61.58723553355389,6.090000000000003,13.7380975648976
Карачаево-Черкесская Республика,2021-10-01,11.78110118640474,-0.6175372517280238,-0.0,-0.0,-0.6175372517280238,62.73076830903207,6.730000000000004,13.86961630766526
Карачаево-Черкесская Республика,2021-11-01,12.13324315273001,-0.12114037446266934,-0.0,-0.0,-0.12114037446266934,59.49548314591517,7.129999999999995,13.69123051721546
Карачаево-Черкесская Республика,2021-12-01,12.58440225330838,-0.26721650241728057,-0.0,-0.0,-0.26721650241728057,60.30381994218777,7.530000000000001,13.59360794770655
Карачаево-Черкесская Республика,2022-01-01,12.36785989629412,0.27464209751393653,0.0,0.0,0.27464209751393653,61.62826346189999,7.530000000000001,13.61576165082401
Карачаево-Черкесская Республика,2022-02-01,13.25354853228931,-0.3501956198858558,-0.0,-0.0,-0.3501956198858558,64.47891885359145,7.780000000000001,13.08945181240715
Карачаево-Черкесская Республика,2022-03-01,13.41414284293748,4.941478356719127,0.0,0.0,4.941478356719127,65.32246868965343,7.819999999999993,13.46107726355868
Карачаево-Черкесская Республика,2022-04-01,13.18651616600369,1.4923126339086181,0.0,0.0,1.4923126339086181,64.81607953529763,16.91,14.35439140480948
Карачаево-Черкесская Республика,2022-05-01,19.64721510471548,-1.244790623444267,-0.0,-0.0,-1.244790623444267,63.93567539406764,17.7,14.29377184168839
Карачаево-Черкесская Республика,2022-06-01,20.60857969182474,-3.118179668249544,-0.0,-0.0,-3.118179668249544,63.08909085050385,17.7,14.33981321880825
Карачаево-Черкесская Республика,2022-07-01,18.66724415310615,-0.386746413724417,-0.0,-0.0,-0.386746413724417,62.62610772892447,16.77,15.05023096126535
Карачаево-Черкесская Республика,2022-08-01,15.54079690230661,-1.1110066252555733,-0.0,-0.0,-1.1110066252555733,64.68293582032544,15.48999999999999,14.72166888106258
Карачаево-Черкесская Республика,2022-09-01,15.00808649963991,1.7547062341946287,0.0,0.0,1.7547062341946287,64.81235619732895,14.31,14.68091847506448
Карачаево-Черкесская Республика,2022-10-01,13.99138748457184,1.2482715752793254,0.0,0.0,1.2482715752793254,65.89816620322736,13.42,14.66038247294289
Карачаево-Черкесская Республика,2022-11-01,14.00469738681092,0.32653909912163215,0.0,0.0,0.32653909912163215,63.22032713406707,13.01000000000001,14.564476953526
Карачаево-Черкесская Республика,2022-12-01,14.39258826410482,0.14955653030453497,0.0,0.0,0.14955653030453497,64.15284224228196,12.23999999999999,14.77377682569984
Карачаево-Черкесская Республика,2023-01-01,14.32846032910056,0.13967960707903515,0.0,0.0,0.13967960707903515,65.15926508726896,12.09999999999999,14.51387036770872
Карачаево-Черкесская Республика,2023-02-01,15.22731824659462,-1.9472998218897306,-0.0,-0.0,-1.9472998218897306,67.4583112138332,12.3,14.67980263702563
Карачаево-Черкесская Республика,2023-03-01,14.73403820708451,-0.4649545463768856,-0.0,-0.0,-0.4649545463768856,67.67005965235626,11.75,14.51630856861212
Карачаево-Черкесская Республика,2023-04-01,14.75403627768242,-0.5507806832459252,-0.0,-0.0,-0.5507806832459252,68.53687220681842,2.859999999999999,14.4686801314544
Карачаево-Черкесская Республика,2023-05-01,15.18357792209851,-0.46521849390664727,-0.0,-0.0,-0.46521849390664727,66.4487257817798,2.069999999999993,14.31595451364079
Карачаево-Черкесская Республика,2023-06-01,14.98944764148851,-0.5347109788556779,-0.0,-0.0,-0.5347109788556779,67.4359406988217,2.019999999999996,13.6833113669592
Карачаево-Черкесская Республика,2023-07-01,15.01982820468621,-0.5497632155639387,-0.0,-0.0,-0.5497632155639387,68.40002654571947,3.409999999999997,13.70977818451965
Карачаево-Черкесская Республика,2023-08-01,14.39541953112313,0.2078297309388475,0.0,0.0,0.2078297309388475,67.02379830499169,4.689999999999998,13.413610269146
Карачаево-Черкесская Республика,2023-09-01,14.13179258020302,2.7050587479091437,0.0,0.0,2.7050587479091437,68.83031645490549,5.200000000000003,13.23257656839045
Карачаево-Черкесская Республика,2023-10-01,14.90883344366816,0.8633696772512707,0.0,0.0,0.8633696772512707,70.16975184997946,6.739999999999995,13.18237981845181
Карачаево-Черкесская Республика,2023-11-01,15.1690197680248,1.714265038508227,0.0,0.0,1.714265038508227,72.60985751203415,6.959999999999994,12.94888916673054
Карачаево-Черкесская Республика,2023-12-01,16.27326743839849,-1.5282051620880424,-0.0,-0.0,-1.5282051620880424,73.39706932880028,7.269999999999996,12.99106606110923
Карачаево-Черкесская Республика,2024-01-01,16.26240297867144,0.6818813931607863,0.0,0.0,0.6818813931607863,72.11201500708052,7.609999999999999,13.05803414270462
Карачаево-Черкесская Республика,2024-02-01,19.59277019561298,-1.5559611222700127,-0.0,-0.0,-1.5559611222700127,73.07879139766304,7.620000000000005,13.16899022930927
Карачаево-Черкесская Республика,2024-03-01,20.22153170781036,-0.03662363343873665,-0.0,-0.0,-0.03662363343873665,72.86908352583478,7.329999999999998,13.10581347688635
Карачаево-Черкесская Республика,2024-04-01,20.63622544934729,-0.07535756412256944,-0.0,-0.0,-0.07535756412256944,72.77805164394618,7.269999999999996,13.0378017201273
Карачаево-Черкесская Республика,2024-05-01,20.39800129245955,-1.8174537430626252,-0.0,-0.0,-1.8174537430626252,73.48852209855885,6.920000000000002,13.08397749155594
Карачаево-Черкесская Республика,2024-06-01,20.54796958879848,-0.4392507252018447,-0.0,-0.0,-0.4392507252018447,73.5402354616873,7.469999999999999,12.66975355448199
Карачаево-Черкесская Республика,2024-07-01,19.04062985709476,-0.5869739684411108,-0.0,-0.0,-0.5869739684411108,73.63863127655354,7.319999999999993,12.89720084774713
Карачаево-Черкесская Республика,2024-08-01,22.59252453855762,1.4105522767729113,0.0,0.0,1.4105522767729113,73.85580699786193,8.069999999999993,11.78849582257218
Карачаево-Черкесская Республика,2024-09-01,22.25769580483875,-1.9115218364399809,-0.0,-0.0,-1.9115218364399809,73.79524320615083,8.25,11.73536898617544
Карачаево-Черкесская Республика,2024-10-01,20.79346617234744,0.667769408390896,0.0,0.0,0.667769408390896,73.020742672458,7.379999999999995,11.72670429852178
Карачаево-Черкесская Республика,2024-11-01,19.26445664820045,2.039278586154861,0.0,0.0,2.039278586154861,70.17104498613094,7.400000000000006,11.50380212121297
Карачаево-Черкесская Республика,2024-12-01,20.5306197705896,0.34090421830265427,0.0,0.0,0.34090421830265427,67.21964345409566,8.299999999999997,11.64107610305659
Карачаево-Черкесская Республика,2025-01-01,21.35526007812002,0.24822008087726388,0.0,0.0,0.24822008087726388,65.8954312633321,8.780000000000001,12.3637932413574
Карачаево-Черкесская Республика,2025-02-01,23.60757361902519,0.31653560056003016,0.0,0.0,0.31653560056003016,62.82305348720675,8.819999999999993,12.41834348643281
Карачаево-Черкесская Республика,2025-03-01,21.74369716579807,0.41369500741819465,0.0,0.0,0.41369500741819465,61.81005509409263,9.189999999999998,12.76046559756551
Карачаево-Черкесская Республика,2025-04-01,22.47533719961686,0.5812476727093596,0.0,0.0,0.5812476727093596,60.883884547115,9.620000000000005,12.99828804808954
Карачаево-Черкесская Республика,2025-05-01,20.7098270880275,0.3820181297639742,0.0,0.0,0.3820181297639742,59.12899058335447,10.09999999999999,12.97057595289664
Карачаево-Черкесская Республика,2025-06-01,21.81849712891151,0.6128194128495359,0.0,0.0,0.6128194128495359,58.64561903678906,9.930000000000007,13.06096083325075
Карачаево-Черкесская Республика,2025-07-01,21.05488778144832,-0.2977272507310609,-0.0,-0.0,-0.2977272507310609,57.94230997055146,9.510000000000005,13.47183607440774
Карачаево-Черкесская Республика,2025-08-01,22.19458437854846,-1.399483474742535,-0.0,-0.0,-1.399483474742535,56.94295459619864,8.769999999999996,12.4913964049362
Карачаево-Черкесская Республика,2025-09-01,20.73057890620361,0.2588989388809786,0.0,0.0,0.2588989388809786,57.14105763412488,7.530000000000001,12.53646545665601
Карачаево-Черкесская Республика,2025-10-01,20.1073842652984,-0.43597080805563593,-0.0,-0.0,-0.43597080805563593,56.64276231862526,8.069999999999993,12.54689266069426
Карачаево-Черкесская Республика,2025-11-01,19.26975178477841,-0.19410526130430839,-0.0,-0.0,-0.19410526130430839,56.15233865516972,8.010000000000005,12.48024379574497
Карачаево-Черкесская Республика,2025-12-01,19.25423582502045,0.2813157398373711,0.0,0.0,0.2813157398373711,55.85522159414091,6.959999999999994,12.83762220277503
Кемеровская область,2019-03-01,13.54699252683311,0.7128714995200838,0.0,0.0,0.0,41.58851232422245,6.269999999999996,13.76067675563924
Кемеровская область,2019-04-01,13.76941391561386,0.6911493920479934,0.0,0.0,0.0,42.39265809151772,6.469999999999999,13.7951479286904
Кемеровская область,2019-05-01,13.81396195341508,0.45783100689424217,0.0,0.0,0.0,44.53359023059661,6.439999999999998,13.6333682491862
Кемеровская область,2019-06-01,14.14082452019222,0.5041451542673663,0.0,0.0,0.0,45.71566250882383,6.599999999999994,13.57107394130792
Кемеровская область,2019-07-01,13.90673175015794,0.14629311794748645,0.0,0.0,0.0,46.25738767574456,5.909999999999997,13.34083930853725
Кемеровская область,2019-08-01,13.81395071392516,0.061654111534494405,0.0,0.0,0.0,45.33726620404585,5.25,13.56366921890088
Кемеровская область,2019-09-01,13.63317555343461,0.2864871600654304,0.0,0.0,0.0,46.23083908837404,5.159999999999997,13.60753030411845
Кемеровская область,2019-10-01,13.41227200225944,0.199118629193201,0.0,0.0,0.0,47.28002084680588,5.010000000000005,13.75505321231663
Кемеровская область,2019-11-01,13.28532425223783,-0.3451712223245451,-0.0,-0.0,-0.0,48.62518460023382,4.760000000000005,13.63660095283175
Кемеровская область,2019-12-01,13.0968474584383,-0.11071296164861266,-0.0,-0.0,-0.0,49.30644459134474,4.519999999999996,13.66860391164253
Кемеровская область,2020-01-01,12.70597519678741,0.4934187707708695,0.0,0.0,0.0,50.45058560977025,3.890000000000001,13.57047421761001
Кемеровская область,2020-02-01,13.12508493450211,0.717717316165718,0.0,0.0,0.0,51.24271939040838,2.700000000000003,13.59433649006306
Кемеровская область,2020-03-01,12.87338437546864,0.5448138582658153,0.0,0.0,0.0,51.42944946581943,2.450000000000003,13.72414916239993
Кемеровская область,2020-04-01,12.36075399810889,0.24910450663146122,0.0,0.0,0.0,51.97716678402114,2.870000000000005,13.46498309177075
Кемеровская область,2020-05-01,12.13016958797847,0.12930980432325967,0.0,0.0,0.0,52.07570057515984,3.359999999999999,14.2207074421146
Кемеровская область,2020-06-01,12.34180180895336,0.4216232562547013,0.0,0.0,0.0,52.17852037747275,2.870000000000005,14.16781853420814
Кемеровская область,2020-07-01,12.05920927624925,-1.5016319110366503,-0.0,-0.0,-0.0,52.65528911606495,3.290000000000006,14.30400126224372
Кемеровская область,2020-08-01,11.44673626558921,-0.8645661305373835,-0.0,-0.0,-0.0,52.91438010522133,3.060000000000002,14.23191947090576
Кемеровская область,2020-09-01,11.30191438811924,-0.7937016241842549,-0.0,-0.0,-0.0,53.76137406925007,3.209999999999994,14.13717516117626
Кемеровская область,2020-10-01,11.04516458913991,-1.2364929674992595,-0.0,-0.0,-0.0,54.42273454397166,3.730000000000004,14.34422176580288
Кемеровская область,2020-11-01,10.75450244794246,-1.3589786818048175,-0.0,-0.0,-0.0,55.26206970653963,3.799999999999997,13.77382861018335
Кемеровская область,2020-12-01,10.99476736608062,-1.7089361724181273,-0.0,-0.0,-0.0,55.0914766196337,4.109999999999999,13.9233297191395
Кемеровская область,2021-01-01,10.76994999614164,3.0895976215913166,0.0,0.0,0.0,55.06812058300375,4.579999999999998,13.97880589690589
Кемеровская область,2021-02-01,11.38499580932412,-0.05176615786507455,-0.0,-0.0,-0.0,56.50946724890499,5.209999999999994,13.99673641281577
Кемеровская область,2021-03-01,10.86758788116568,-0.6104025253424652,-0.0,-0.0,-0.0,56.94483321480818,5.450000000000003,13.94137168292444
Кемеровская область,2021-04-01,10.76845569296092,-0.5967440618905293,-0.0,-0.0,-0.0,57.70868882092525,5.599999999999994,14.01468663566281
Кемеровская область,2021-05-01,10.72915513993906,-0.241937869195743,-0.0,-0.0,-0.0,57.66319131293551,5.379999999999995,14.0973842584571
Кемеровская область,2021-06-01,11.07246952768499,-0.7676306960714552,-0.0,-0.0,-0.0,58.2545384280226,6.129999999999995,13.56034948719979
Кемеровская область,2021-07-01,10.79631726306753,0.08560806359759354,0.0,0.0,0.0,59.12727729007918,6.629999999999995,13.9862005967262
Кемеровская область,2021-08-01,11.47442365335244,0.3090771946763784,0.0,0.0,0.0,59.71654327329222,7.299999999999997,13.83866247590835
Кемеровская область,2021-09-01,11.45406510856969,-0.6460537301930689,-0.0,-0.0,-0.0,60.37089003602012,7.879999999999995,13.74556877351872
Кемеровская область,2021-10-01,11.40352643172631,-0.6175372517280238,-0.0,-0.0,-0.0,60.80518114321015,7.560000000000002,13.79239853487202
Кемеровская область,2021-11-01,11.72051583304277,-0.12114037446266934,-0.0,-0.0,-0.0,59.46862606300605,8.519999999999996,13.75841993530116
Кемеровская область,2021-12-01,11.60278226162911,-0.26721650241728057,-0.0,-0.0,-0.0,58.96735707040477,9.099999999999994,13.60740641278487
Кемеровская область,2022-01-01,11.6080288174355,0.27464209751393653,0.0,0.0,0.0,59.07947210491427,9.159999999999997,13.57247055185756
Кемеровская область,2022-02-01,12.38452668782684,-0.3501956198858558,-0.0,-0.0,-0.0,61.03837314185419,10.20999999999999,12.96245929476572
Кемеровская область,2022-03-01,12.00805515583454,4.941478356719127,0.0,0.0,0.0,61.01498286471381,10.37,13.35065781939576
Кемеровская область,2022-04-01,12.45553356085012,1.4923126339086181,0.0,0.0,0.0,59.99009548366507,19.22,14.23792955267737
Кемеровская область,2022-05-01,17.03949314185911,-1.244790623444267,-0.0,-0.0,-0.0,58.83758793164004,20.5,13.9885467694674
Кемеровская область,2022-06-01,17.32527217523206,-3.118179668249544,-0.0,-0.0,-0.0,57.84467224907579,18.48,14.04898635469151
Кемеровская область,2022-07-01,15.9631717614219,-0.386746413724417,-0.0,-0.0,-0.0,57.06780918170836,17.11,14.69456871226521
Кемеровская область,2022-08-01,13.89765511167125,-1.1110066252555733,-0.0,-0.0,-0.0,56.78850666439249,16.40000000000001,14.47366903178558
Кемеровская область,2022-09-01,13.63220738485718,1.7547062341946287,0.0,0.0,0.0,56.59858509153871,15.51000000000001,14.53353841901672
Кемеровская область,2022-10-01,13.39662115022052,1.2482715752793254,0.0,0.0,0.0,56.75541581989704,15.12,14.52551201854762
Кемеровская область,2022-11-01,13.30249274823493,0.32653909912163215,0.0,0.0,0.0,57.15453443853306,14.06999999999999,14.40979924003265
Кемеровская область,2022-12-01,13.33571265556604,0.14955653030453497,0.0,0.0,0.0,57.11307361328915,13.05,14.62623953911695
Кемеровская область,2023-01-01,13.03710081779674,0.13967960707903515,0.0,0.0,0.0,56.90709847667122,12.58,14.3763481634293
Кемеровская область,2023-02-01,14.32059655592862,-1.9472998218897306,-0.0,-0.0,-0.0,55.80267365343394,11.52,14.53271037804328
Кемеровская область,2023-03-01,13.76256264086795,-0.4649545463768856,-0.0,-0.0,-0.0,55.904261081867,11.16,14.39150268760669
Кемеровская область,2023-04-01,13.52894015673925,-0.5507806832459252,-0.0,-0.0,-0.0,56.22642084721863,2.109999999999999,14.14084595847902
Кемеровская область,2023-05-01,13.42765751435331,-0.46521849390664727,-0.0,-0.0,-0.0,57.71509235096303,0.730000000000004,13.99225789039941
Кемеровская область,2023-06-01,13.84663763401558,-0.5347109788556779,-0.0,-0.0,-0.0,58.19173650583821,2.040000000000006,13.39537333071526
Кемеровская область,2023-07-01,13.62050730972084,-0.5497632155639387,-0.0,-0.0,-0.0,58.95437668999806,2.930000000000007,13.40953159830097
Кемеровская область,2023-08-01,13.41818017514132,0.2078297309388475,0.0,0.0,0.0,59.6483153011118,3.859999999999999,13.14118005725471
Кемеровская область,2023-09-01,13.27201161392239,2.7050587479091437,0.0,0.0,0.0,60.72171597096332,4.950000000000003,13.03137523722591
Кемеровская область,2023-10-01,13.50614762431324,0.8633696772512707,0.0,0.0,0.0,61.8523248758705,6.079999999999998,12.91686498127969
Кемеровская область,2023-11-01,14.69097915656075,1.714265038508227,0.0,0.0,0.0,61.96876015025261,7.0,12.69620702406101
Кемеровская область,2023-12-01,15.38255008986409,-1.5282051620880424,-0.0,-0.0,-0.0,61.74633575201022,7.680000000000007,12.78332672488313
Кемеровская область,2024-01-01,15.45720907282171,0.6818813931607863,0.0,0.0,0.0,60.15279334440476,8.129999999999995,12.82451268346503
Кемеровская область,2024-02-01,18.85682459070909,-1.5559611222700127,-0.0,-0.0,-0.0,59.92610799435006,8.549999999999997,12.93058053533423
Кемеровская область,2024-03-01,19.90731113728151,-0.03662363343873665,-0.0,-0.0,-0.0,59.62800844654086,8.599999999999994,12.80860462490544
Кемеровская область,2024-04-01,18.76492308713784,-0.07535756412256944,-0.0,-0.0,-0.0,60.16666621529518,8.560000000000002,12.6860033949907
Кемеровская область,2024-05-01,18.78493141717267,-1.8174537430626252,-0.0,-0.0,-0.0,60.01640730804056,8.920000000000002,12.6333722934912
Кемеровская область,2024-06-01,18.432887205438,-0.4392507252018447,-0.0,-0.0,-0.0,60.14854766361306,8.599999999999994,12.2543185016742
Кемеровская область,2024-07-01,17.73729081707817,-0.5869739684411108,-0.0,-0.0,-0.0,60.63879201271152,9.170000000000002,12.30337678852145
Кемеровская область,2024-08-01,21.09000125100598,1.4105522767729113,0.0,0.0,0.0,59.05200871341832,9.849999999999994,11.40164781173927
Кемеровская область,2024-09-01,21.88000289455893,-1.9115218364399809,-0.0,-0.0,-0.0,58.69875263737717,9.170000000000002,11.3737931340013
Кемеровская область,2024-10-01,21.09343721187267,0.667769408390896,0.0,0.0,0.0,57.98178643390043,8.290000000000006,11.36479441795698
Кемеровская область,2024-11-01,21.5943930513151,2.039278586154861,0.0,0.0,0.0,57.18463530387699,8.459999999999994,11.21368510936633
Кемеровская область,2024-12-01,21.41703974149775,0.34090421830265427,0.0,0.0,0.0,54.39797104815705,9.219999999999999,11.37796065134356
Кемеровская область,2025-01-01,21.73207861841183,0.24822008087726388,0.0,0.0,0.0,52.4328260654394,9.549999999999997,12.00351999475009
Кемеровская область,2025-02-01,25.78179148230866,0.31653560056003016,0.0,0.0,0.0,50.84081230904533,10.11,12.00682188464629
Кемеровская область,2025-03-01,24.5837480008734,0.41369500741819465,0.0,0.0,0.0,50.03699193394939,10.37,12.27578881601586
Кемеровская область,2025-04-01,24.44010090355603,0.5812476727093596,0.0,0.0,0.0,49.51038183603854,11.23999999999999,12.54435472113822
Кемеровская область,2025-05-01,22.09231259954906,0.3820181297639742,0.0,0.0,0.0,49.63815860081099,10.8,12.47065021813759
Кемеровская область,2025-06-01,22.38234758210872,0.6128194128495359,0.0,0.0,0.0,49.32882406261919,10.7,12.55456651473277
Кемеровская область,2025-07-01,22.01435152631891,-0.2977272507310609,-0.0,-0.0,-0.0,48.73687212034275,10.29000000000001,12.98850033233289
Кемеровская область,2025-08-01,22.01012675417001,-1.399483474742535,-0.0,-0.0,-0.0,48.15051095386897,9.650000000000006,12.19088372779983
Кемеровская область,2025-09-01,20.68709767071258,0.2588989388809786,0.0,0.0,0.0,48.4934715176291,9.040000000000006,12.23222054927548
Кемеровская область,2025-10-01,19.95541776706414,-0.43597080805563593,-0.0,-0.0,-0.0,48.37052455752829,8.829999999999998,12.26140249049179
Кемеровская область,2025-11-01,19.61938368931274,-0.19410526130430839,-0.0,-0.0,-0.0,48.3479847071117,8.370000000000005,12.19285778518928
Кемеровская область,2025-12-01,19.24605706886983,0.2813157398373711,0.0,0.0,0.0,48.12037460103808,7.109999999999999,12.43978825839824
Кировская область,2019-03-01,13.3708207111433,0.7128714995200838,0.0,0.0,0.0,63.92478050688685,4.810000000000002,13.7727165484552
Кировская область,2019-04-01,13.45488102171218,0.6911493920479934,0.0,0.0,0.0,64.72602353567703,4.950000000000003,13.74875750823949
Кировская область,2019-05-01,13.70250438520766,0.45783100689424217,0.0,0.0,0.0,64.19262487665316,4.969999999999999,13.64683884796019
Кировская область,2019-06-01,13.93088473367428,0.5041451542673663,0.0,0.0,0.0,64.7454069708089,4.689999999999998,13.62941099416191
Кировская область,2019-07-01,13.69914204790594,0.14629311794748645,0.0,0.0,0.0,65.04899169285575,4.170000000000002,13.36569391003395
Кировская область,2019-08-01,13.49689339884699,0.061654111534494405,0.0,0.0,0.0,64.1727213958616,3.469999999999999,13.64713116321284
Кировская область,2019-09-01,13.29929133558676,0.2864871600654304,0.0,0.0,0.0,64.92838650296534,3.280000000000001,13.69889169037477
Кировская область,2019-10-01,13.08822980104041,0.199118629193201,0.0,0.0,0.0,65.55881244487826,3.120000000000005,13.86480194341935
Кировская область,2019-11-01,12.97885292455124,-0.3451712223245451,-0.0,-0.0,-0.0,65.37167049176152,3.069999999999993,13.78576451503833
Кировская область,2019-12-01,12.74767045378531,-0.11071296164861266,-0.0,-0.0,-0.0,65.67512585775177,2.909999999999997,13.78773219588747
Кировская область,2020-01-01,12.35727636754364,0.4934187707708695,0.0,0.0,0.0,65.77314372428566,2.670000000000002,13.68762221685222
Кировская область,2020-02-01,12.86670008050497,0.717717316165718,0.0,0.0,0.0,69.3085241533452,2.609999999999999,13.62491573391345
Кировская область,2020-03-01,12.51281255079299,0.5448138582658153,0.0,0.0,0.0,69.48230564758721,2.569999999999993,13.74333419178252
Кировская область,2020-04-01,12.30088944166057,0.24910450663146122,0.0,0.0,0.0,69.84276602829038,3.069999999999993,13.47979307089451
Кировская область,2020-05-01,11.68583964128555,0.12930980432325967,0.0,0.0,0.0,67.89785016725105,3.909999999999997,14.29804112162263
Кировская область,2020-06-01,11.75700387384067,0.4216232562547013,0.0,0.0,0.0,67.67910239428912,3.650000000000006,14.2601987398997
Кировская область,2020-07-01,11.42590546443762,-1.5016319110366503,-0.0,-0.0,-0.0,67.88555041256974,4.049999999999997,14.39050313699264
Кировская область,2020-08-01,10.84759173627808,-0.8645661305373835,-0.0,-0.0,-0.0,66.70225664315952,4.069999999999993,14.33774609324578
Кировская область,2020-09-01,10.86965704984664,-0.7937016241842549,-0.0,-0.0,-0.0,67.4094328091922,4.109999999999999,14.2459383593312
Кировская область,2020-10-01,10.43842506437972,-1.2364929674992595,-0.0,-0.0,-0.0,68.07210918443089,4.090000000000003,14.43229865251839
Кировская область,2020-11-01,10.27643524045792,-1.3589786818048175,-0.0,-0.0,-0.0,67.63137619328006,4.480000000000004,13.82655491519389
Кировская область,2020-12-01,10.67706129371056,-1.7089361724181273,-0.0,-0.0,-0.0,67.29876039860959,4.930000000000007,14.01148289488478
Кировская область,2021-01-01,10.28389484073494,3.0895976215913166,0.0,0.0,0.0,67.34196665632078,5.269999999999996,14.03759151913055
Кировская область,2021-02-01,11.14706469963813,-0.05176615786507455,-0.0,-0.0,-0.0,73.54054149544909,5.340000000000003,14.0427578309445
Кировская область,2021-03-01,10.59182231381134,-0.6104025253424652,-0.0,-0.0,-0.0,74.02556918822502,5.439999999999998,14.01473284526816
Кировская область,2021-04-01,10.53960180067281,-0.5967440618905293,-0.0,-0.0,-0.0,74.91834572249465,5.700000000000003,14.11814819537188
Кировская область,2021-05-01,10.65595121030737,-0.241937869195743,-0.0,-0.0,-0.0,72.09173851485839,5.469999999999999,14.22274476895065
Кировская область,2021-06-01,10.85392617562672,-0.7676306960714552,-0.0,-0.0,-0.0,73.00035642781762,6.120000000000005,13.6318571701267
Кировская область,2021-07-01,10.71494362909659,0.08560806359759354,0.0,0.0,0.0,73.91611943576723,6.310000000000002,14.05737918236282
Кировская область,2021-08-01,11.18165289736913,0.3090771946763784,0.0,0.0,0.0,73.63033753296195,6.829999999999998,13.8786521635565
Кировская область,2021-09-01,11.3288798289319,-0.6460537301930689,-0.0,-0.0,-0.0,74.47426205763085,7.269999999999996,13.79801572877935
Кировская область,2021-10-01,11.06130163804452,-0.6175372517280238,-0.0,-0.0,-0.0,74.78551790605152,8.209999999999994,13.89520540802043
Кировская область,2021-11-01,11.25088386846235,-0.12114037446266934,-0.0,-0.0,-0.0,75.14733002456937,8.89,13.80178023908826
Кировская область,2021-12-01,11.42994468271514,-0.26721650241728057,-0.0,-0.0,-0.0,73.8372233565461,9.379999999999995,13.67391250209048
Кировская область,2022-01-01,11.28643780593905,0.27464209751393653,0.0,0.0,0.0,73.8611053370714,9.239999999999995,13.63124393659038
Кировская область,2022-02-01,12.39616623915119,-0.3501956198858558,-0.0,-0.0,-0.0,78.39094127076046,10.04000000000001,13.08197769621763
Кировская область,2022-03-01,11.8662948097794,4.941478356719127,0.0,0.0,0.0,78.74762561164654,10.64,13.45066932559246
Кировская область,2022-04-01,11.38109033188524,1.4923126339086181,0.0,0.0,0.0,77.7228352204165,18.33,14.29413496923004
Кировская область,2022-05-01,16.63677026958031,-1.244790623444267,-0.0,-0.0,-0.0,74.11539537832074,19.20999999999999,14.17406663725987
Кировская область,2022-06-01,17.55078505603335,-3.118179668249544,-0.0,-0.0,-0.0,72.80431177718114,18.06,14.2844736871417
Кировская область,2022-07-01,14.86722773056172,-0.386746413724417,-0.0,-0.0,-0.0,71.86982023780595,16.81999999999999,14.87914157107991
Кировская область,2022-08-01,13.53272171158233,-1.1110066252555733,-0.0,-0.0,-0.0,72.44169015695499,15.68000000000001,14.58929449594763
Кировская область,2022-09-01,12.99572058032767,1.7547062341946287,0.0,0.0,0.0,72.24212888712685,14.67,14.64431628187859
Кировская область,2022-10-01,12.57264574577576,1.2482715752793254,0.0,0.0,0.0,72.52452027104582,14.27,14.59644832122317
Кировская область,2022-11-01,12.75734699759752,0.32653909912163215,0.0,0.0,0.0,71.54256406738027,13.34,14.48272993559883
Кировская область,2022-12-01,12.75961630900391,0.14955653030453497,0.0,0.0,0.0,71.49636672042199,12.29000000000001,14.75475201314821
Кировская область,2023-01-01,11.64108255221334,0.13967960707903515,0.0,0.0,0.0,71.82091615388373,12.52,14.48596131423832
Кировская область,2023-02-01,14.05525219603263,-1.9472998218897306,-0.0,-0.0,-0.0,73.96556298549498,12.3,14.63837206020904
Кировская область,2023-03-01,13.07523628221372,-0.4649545463768856,-0.0,-0.0,-0.0,73.5131113964132,11.63,14.49078041566387
Кировская область,2023-04-01,13.09757989390996,-0.5507806832459252,-0.0,-0.0,-0.0,73.58331344173061,3.599999999999994,14.3036552305159
Кировская область,2023-05-01,13.12430908213066,-0.46521849390664727,-0.0,-0.0,-0.0,72.35703929367398,2.349999999999994,14.20982349173521
Кировская область,2023-06-01,13.38209923711684,-0.5347109788556779,-0.0,-0.0,-0.0,72.61026586443768,2.939999999999998,13.51078949339647
Кировская область,2023-07-01,13.33370781103758,-0.5497632155639387,-0.0,-0.0,-0.0,72.95156474216083,3.629999999999995,13.50824818257065
Кировская область,2023-08-01,13.07062096536295,0.2078297309388475,0.0,0.0,0.0,72.74634212549746,5.010000000000005,13.20947659961798
Кировская область,2023-09-01,12.82100818853832,2.7050587479091437,0.0,0.0,0.0,74.114937040075,5.840000000000003,13.09507911921797
Кировская область,2023-10-01,12.88162601700535,0.8633696772512707,0.0,0.0,0.0,75.23515235144663,6.829999999999998,13.02613126933936
Кировская область,2023-11-01,14.44974851950685,1.714265038508227,0.0,0.0,0.0,74.97397639021315,7.25,12.84545902948875
Кировская область,2023-12-01,14.91515842716703,-1.5282051620880424,-0.0,-0.0,-0.0,74.65394695618002,8.069999999999993,12.9267041250233
Кировская область,2024-01-01,14.8094835332747,0.6818813931607863,0.0,0.0,0.0,73.33258489562591,8.079999999999998,12.93819587318172
Кировская область,2024-02-01,19.02467541995061,-1.5559611222700127,-0.0,-0.0,-0.0,73.99813632937146,8.170000000000002,13.03373713228244
Кировская область,2024-03-01,19.24103460541526,-0.03662363343873665,-0.0,-0.0,-0.0,73.4848980088749,8.400000000000006,12.91646834587647
Кировская область,2024-04-01,18.42045982053591,-0.07535756412256944,-0.0,-0.0,-0.0,73.47860097687703,8.670000000000002,12.83859611290292
Кировская область,2024-05-01,17.82296694238518,-1.8174537430626252,-0.0,-0.0,-0.0,73.62256037683692,8.840000000000003,12.85392538317621
Кировская область,2024-06-01,17.62302713574258,-0.4392507252018447,-0.0,-0.0,-0.0,73.74523362578557,9.099999999999994,12.47508056386901
Кировская область,2024-07-01,16.13150559876554,-0.5869739684411108,-0.0,-0.0,-0.0,74.372705548369,9.489999999999995,12.5749951806393
Кировская область,2024-08-01,20.21308294311625,1.4105522767729113,0.0,0.0,0.0,72.67096343058608,9.510000000000005,11.59142999417378
Кировская область,2024-09-01,20.13219802546658,-1.9115218364399809,-0.0,-0.0,-0.0,72.49475597418531,9.290000000000006,11.54544081366454
Кировская область,2024-10-01,19.51786319522416,0.667769408390896,0.0,0.0,0.0,71.53133609125815,8.349999999999994,11.55536655397428
Кировская область,2024-11-01,18.87355608422654,2.039278586154861,0.0,0.0,0.0,70.34648819536537,8.659999999999997,11.41543865675851
Кировская область,2024-12-01,18.59353880715893,0.34090421830265427,0.0,0.0,0.0,67.30542917703639,9.659999999999997,11.57436868165499
Кировская область,2025-01-01,18.55876609535044,0.24822008087726388,0.0,0.0,0.0,65.20491099340767,10.23999999999999,12.26836828784499
Кировская область,2025-02-01,22.87294640531439,0.31653560056003016,0.0,0.0,0.0,64.67952036647878,10.68000000000001,12.24881120768699
Кировская область,2025-03-01,20.0763415421105,0.41369500741819465,0.0,0.0,0.0,63.59636402883056,11.34999999999999,12.54703351375655
Кировская область,2025-04-01,19.75865767469783,0.5812476727093596,0.0,0.0,0.0,62.57437814029031,11.56,12.82740439572198
Кировская область,2025-05-01,19.05608881477731,0.3820181297639742,0.0,0.0,0.0,61.90499153174531,11.54000000000001,12.76414091312483
Кировская область,2025-06-01,19.8427450998068,0.6128194128495359,0.0,0.0,0.0,61.21315633644006,11.3,12.82956325695128
Кировская область,2025-07-01,19.34805858515033,-0.2977272507310609,-0.0,-0.0,-0.0,60.30692331641189,10.62,13.26586909373286
Кировская область,2025-08-01,19.44876556249359,-1.399483474742535,-0.0,-0.0,-0.0,59.35786615934694,9.810000000000002,12.34622772464492
Кировская область,2025-09-01,18.47157849598485,0.2588989388809786,0.0,0.0,0.0,59.29492834262425,9.700000000000003,12.40247655542496
Кировская область,2025-10-01,17.33672992805958,-0.43597080805563593,-0.0,-0.0,-0.0,59.01782741360938,9.86,12.39161383840069
Кировская область,2025-11-01,17.3958264811414,-0.19410526130430839,-0.0,-0.0,-0.0,58.90177918167957,9.689999999999998,12.29845550383396
Кировская область,2025-12-01,16.83851161288106,0.2813157398373711,0.0,0.0,0.0,58.68448800606131,8.11,12.59085407505266
Костромская область,2019-03-01,13.42581806441873,0.7128714995200838,0.0,0.0,0.0,55.53023624800919,5.359999999999999,13.88925292590237
Костромская область,2019-04-01,13.65939948057196,0.6911493920479934,0.0,0.0,0.0,55.47999254125953,5.170000000000002,13.89753465086052
Костромская область,2019-05-01,13.91998693892276,0.45783100689424217,0.0,0.0,0.0,55.78655515958055,5.290000000000006,13.79350153475936
Костромская область,2019-06-01,14.00298027083113,0.5041451542673663,0.0,0.0,0.0,56.27423976360374,5.370000000000005,13.73535819220949
Костромская область,2019-07-01,13.86270893981294,0.14629311794748645,0.0,0.0,0.0,56.65223756011532,5.069999999999993,13.52937497254287
Костромская область,2019-08-01,13.81063351812527,0.061654111534494405,0.0,0.0,0.0,55.97093118905779,5.140000000000001,13.73124146707339
Костромская область,2019-09-01,13.57340928923996,0.2864871600654304,0.0,0.0,0.0,56.74473594353883,4.730000000000004,13.77223171493892
Костромская область,2019-10-01,13.14169921963799,0.199118629193201,0.0,0.0,0.0,57.2904133971299,4.510000000000005,13.93504786428289
Костромская область,2019-11-01,13.1482828217839,-0.3451712223245451,-0.0,-0.0,-0.0,59.73100833550229,4.480000000000004,13.83100330390165
Костромская область,2019-12-01,12.9205548469153,-0.11071296164861266,-0.0,-0.0,-0.0,59.99394702090971,4.359999999999999,13.8569348884843
Костромская область,2020-01-01,12.51964193676456,0.4934187707708695,0.0,0.0,0.0,59.816316089084,3.739999999999995,13.75511233685459
Костромская область,2020-02-01,12.90381726847148,0.717717316165718,0.0,0.0,0.0,59.66357765762854,3.269999999999996,13.78411369627295
Костромская область,2020-03-01,12.61781415167339,0.5448138582658153,0.0,0.0,0.0,59.688557801946,3.180000000000007,13.87226450165003
Костромская область,2020-04-01,12.29187875236049,0.24910450663146122,0.0,0.0,0.0,60.59411715303727,3.540000000000006,13.57433119575145
Костромская область,2020-05-01,12.00499483460905,0.12930980432325967,0.0,0.0,0.0,63.13543342703078,3.719999999999999,14.41079319928674
Костромская область,2020-06-01,12.15198904070774,0.4216232562547013,0.0,0.0,0.0,63.1349925165571,3.549999999999997,14.43325255561221
Костромская область,2020-07-01,11.54711717393631,-1.5016319110366503,-0.0,-0.0,-0.0,63.8568751407383,3.840000000000003,14.56554158811934
Костромская область,2020-08-01,11.27775389725176,-0.8645661305373835,-0.0,-0.0,-0.0,59.64021371821426,3.959999999999994,14.5333835942963
Костромская область,2020-09-01,11.07773742227535,-0.7937016241842549,-0.0,-0.0,-0.0,60.30730273246982,4.129999999999995,14.41772687155045
Костромская область,2020-10-01,10.68111459311264,-1.2364929674992595,-0.0,-0.0,-0.0,61.10185554920701,4.129999999999995,14.60635643699714
Костромская область,2020-11-01,10.51046230838216,-1.3589786818048175,-0.0,-0.0,-0.0,62.52137073215761,4.420000000000002,13.98463548987959
Костромская область,2020-12-01,10.65296485767811,-1.7089361724181273,-0.0,-0.0,-0.0,63.04892379124768,4.760000000000005,14.15026156793583
Костромская область,2021-01-01,10.28012659581036,3.0895976215913166,0.0,0.0,0.0,62.41477880545266,5.219999999999999,14.20250068798037
Костромская область,2021-02-01,11.09151840201761,-0.05176615786507455,-0.0,-0.0,-0.0,65.45527800914802,5.709999999999994,14.21610790891736
Костромская область,2021-03-01,10.77732851602414,-0.6104025253424652,-0.0,-0.0,-0.0,66.05439552305411,6.310000000000002,14.16968317816031
Костромская область,2021-04-01,10.6974786675768,-0.5967440618905293,-0.0,-0.0,-0.0,66.68387485367555,6.489999999999995,14.25148468303247
Костромская область,2021-05-01,10.48086614869902,-0.241937869195743,-0.0,-0.0,-0.0,67.55869153101179,6.760000000000005,14.3674341430439
Костромская область,2021-06-01,10.90346999974128,-0.7676306960714552,-0.0,-0.0,-0.0,68.17551995665615,6.939999999999998,13.74321844303735
Костромская область,2021-07-01,10.76800919779478,0.08560806359759354,0.0,0.0,0.0,68.55448198303907,7.299999999999997,14.14412154686744
Костромская область,2021-08-01,11.23388796476773,0.3090771946763784,0.0,0.0,0.0,68.70777241044954,7.049999999999997,13.95208138268698
Костромская область,2021-09-01,11.23895977501643,-0.6460537301930689,-0.0,-0.0,-0.0,69.68045097644779,7.310000000000002,13.87511799457331
Костромская область,2021-10-01,11.07489684519412,-0.6175372517280238,-0.0,-0.0,-0.0,70.25965160344481,7.930000000000007,13.9514859093202
Костромская область,2021-11-01,11.13469326488106,-0.12114037446266934,-0.0,-0.0,-0.0,69.6680808748069,8.670000000000002,13.89138111755335
Костромская область,2021-12-01,11.45415882495153,-0.26721650241728057,-0.0,-0.0,-0.0,69.24847520945363,8.819999999999993,13.74631793488736
Костромская область,2022-01-01,11.27846208731103,0.27464209751393653,0.0,0.0,0.0,70.51741825590892,8.489999999999995,13.70329844883572
Костромская область,2022-02-01,12.29394497432066,-0.3501956198858558,-0.0,-0.0,-0.0,71.77651969700344,9.200000000000003,13.15299922679338
Костромская область,2022-03-01,11.92976028583482,4.941478356719127,0.0,0.0,0.0,73.34526014127768,9.129999999999995,13.47029650911736
Костромская область,2022-04-01,11.49520893815373,1.4923126339086181,0.0,0.0,0.0,71.98845832548353,16.97,14.34711643672285
Костромская область,2022-05-01,15.46755543299558,-1.244790623444267,-0.0,-0.0,-0.0,74.51060148620184,17.75,14.20539689369201
Костромская область,2022-06-01,16.30514086854509,-3.118179668249544,-0.0,-0.0,-0.0,73.47697736421844,17.43000000000001,14.31944947882114
Костромская область,2022-07-01,14.86775444008561,-0.386746413724417,-0.0,-0.0,-0.0,72.48941968234686,16.70999999999999,14.90836838238454
Костромская область,2022-08-01,13.37031010567147,-1.1110066252555733,-0.0,-0.0,-0.0,69.59311938297628,16.40000000000001,14.66404395162373
Костромская область,2022-09-01,12.92540753972272,1.7547062341946287,0.0,0.0,0.0,69.32282472873479,16.15000000000001,14.68572331180745
Костромская область,2022-10-01,12.72683486192459,1.2482715752793254,0.0,0.0,0.0,70.15631605470291,15.70999999999999,14.6460413318727
Костромская область,2022-11-01,12.79564440802263,0.32653909912163215,0.0,0.0,0.0,67.95216624195214,14.92,14.51379537580396
Костромская область,2022-12-01,13.07572498990062,0.14955653030453497,0.0,0.0,0.0,67.78172654808114,14.31,14.76787341678455
Костромская область,2023-01-01,12.62043082832659,0.13967960707903515,0.0,0.0,0.0,67.33272653489871,14.68000000000001,14.52243997288929
Костромская область,2023-02-01,14.11277618363903,-1.9472998218897306,-0.0,-0.0,-0.0,69.98267130647919,14.0,14.66421549219836
Костромская область,2023-03-01,13.12883748911413,-0.4649545463768856,-0.0,-0.0,-0.0,69.9448777959929,13.68000000000001,14.51140804012371
Костромская область,2023-04-01,13.00293780381739,-0.5507806832459252,-0.0,-0.0,-0.0,70.56640899512448,5.659999999999997,14.3073916171097
Костромская область,2023-05-01,13.05710427966761,-0.46521849390664727,-0.0,-0.0,-0.0,71.67639873583018,4.280000000000001,14.25380272133565
Костромская область,2023-06-01,13.36757945606178,-0.5347109788556779,-0.0,-0.0,-0.0,72.359840127512,4.310000000000002,13.56569268481996
Костромская область,2023-07-01,13.02938682515145,-0.5497632155639387,-0.0,-0.0,-0.0,73.23935041161349,5.109999999999999,13.59429238991691
Костромская область,2023-08-01,13.07428941975929,0.2078297309388475,0.0,0.0,0.0,72.33432069274701,6.030000000000001,13.29644656023421
Костромская область,2023-09-01,12.68995753461125,2.7050587479091437,0.0,0.0,0.0,73.89612727269052,6.920000000000002,13.1547808895615
Костромская область,2023-10-01,12.90708939339528,0.8633696772512707,0.0,0.0,0.0,75.30034091655324,7.459999999999994,13.07580443955916
Костромская область,2023-11-01,14.38847318130195,1.714265038508227,0.0,0.0,0.0,73.50143551861548,7.409999999999997,12.89556527108494
Костромская область,2023-12-01,14.60592746059145,-1.5282051620880424,-0.0,-0.0,-0.0,73.72677006921577,8.159999999999997,12.92381466864796
Костромская область,2024-01-01,14.4734284078664,0.6818813931607863,0.0,0.0,0.0,72.56649652711073,7.989999999999995,12.97344132683375
Костромская область,2024-02-01,18.6221464822367,-1.5559611222700127,-0.0,-0.0,-0.0,75.30070025877068,8.049999999999997,13.04564298889087
Костромская область,2024-03-01,19.14712968198293,-0.03662363343873665,-0.0,-0.0,-0.0,74.27978964333222,8.030000000000001,12.92220915309287
Костромская область,2024-04-01,18.06685419731777,-0.07535756412256944,-0.0,-0.0,-0.0,74.24967366403595,8.180000000000007,12.84154866559925
Костромская область,2024-05-01,17.87972306558803,-1.8174537430626252,-0.0,-0.0,-0.0,74.85737522219247,8.36,12.83603178055609
Костромская область,2024-06-01,17.78263080293688,-0.4392507252018447,-0.0,-0.0,-0.0,74.77701744072547,8.650000000000006,12.46344603335545
Костромская область,2024-07-01,16.89496532072091,-0.5869739684411108,-0.0,-0.0,-0.0,75.1232883418474,8.650000000000006,12.56155653474424
Костромская область,2024-08-01,20.25103148437647,1.4105522767729113,0.0,0.0,0.0,73.5710764232356,9.329999999999998,11.55393654650489
Костромская область,2024-09-01,20.10195479407036,-1.9115218364399809,-0.0,-0.0,-0.0,73.32525515316111,8.530000000000001,11.50961705386033
Костромская область,2024-10-01,19.69357022463237,0.667769408390896,0.0,0.0,0.0,72.22773345210175,8.450000000000003,11.5114932943313
Костромская область,2024-11-01,20.1517241495796,2.039278586154861,0.0,0.0,0.0,69.45219880682116,8.549999999999997,11.34600140641855
Костромская область,2024-12-01,19.51779998087728,0.34090421830265427,0.0,0.0,0.0,66.61037738210894,9.049999999999997,11.49625952274435
Костромская область,2025-01-01,18.54446127787596,0.24822008087726388,0.0,0.0,0.0,65.09205106677427,9.450000000000003,12.16219006685132
Костромская область,2025-02-01,22.71398599833144,0.31653560056003016,0.0,0.0,0.0,64.4730925577689,10.04000000000001,12.1447878825617
Костромская область,2025-03-01,20.72164164203978,0.41369500741819465,0.0,0.0,0.0,63.33214942020601,10.33,12.40410281532862
Костромская область,2025-04-01,20.36971891728471,0.5812476727093596,0.0,0.0,0.0,62.79977013684324,10.75,12.64190519285571
Костромская область,2025-05-01,19.84016412809564,0.3820181297639742,0.0,0.0,0.0,64.64475144734404,10.86,12.59909970473396
Костромская область,2025-06-01,19.44415148435638,0.6128194128495359,0.0,0.0,0.0,64.26354044209482,10.77,12.67881246359742
Костромская область,2025-07-01,20.49920868099033,-0.2977272507310609,-0.0,-0.0,-0.0,65.06374619842546,10.27,13.04059592135449
Костромская область,2025-08-01,19.5987243083606,-1.399483474742535,-0.0,-0.0,-0.0,63.35956815866554,9.650000000000006,12.22220559145926
Костромская область,2025-09-01,18.83605521262714,0.2588989388809786,0.0,0.0,0.0,63.41580194628508,9.780000000000001,12.23929313103829
Костромская область,2025-10-01,17.54068795302461,-0.43597080805563593,-0.0,-0.0,-0.0,63.26374666982218,9.439999999999998,12.31561575004942
Костромская область,2025-11-01,17.51027761437759,-0.19410526130430839,-0.0,-0.0,-0.0,63.03384912964427,9.39,12.21882597268431
Костромская область,2025-12-01,17.38774103188444,0.2813157398373711,0.0,0.0,0.0,62.60379571890893,8.14,12.51407306266245
Краснодарский край,2019-03-01,13.89574467979024,0.7128714995200838,0.7128714995200838,0.0,0.0,51.39992263764152,5.219999999999999,13.4699820572755
Краснодарский край,2019-04-01,13.97330108634155,0.6911493920479934,0.6911493920479934,0.0,0.0,52.27659066768111,5.480000000000004,13.42070334783589
Краснодарский край,2019-05-01,14.07177458387309,0.45783100689424217,0.45783100689424217,0.0,0.0,51.66268052550848,5.480000000000004,13.28411056441403
Краснодарский край,2019-06-01,14.26790794420116,0.5041451542673663,0.5041451542673663,0.0,0.0,52.17973645826432,5.420000000000002,13.2194542712739
Краснодарский край,2019-07-01,13.93927552026268,0.14629311794748645,0.14629311794748645,0.0,0.0,52.66076522870198,4.950000000000003,13.04830515608639
Краснодарский край,2019-08-01,13.96247548949448,0.061654111534494405,0.061654111534494405,0.0,0.0,52.12627829565007,5.010000000000005,13.24920495779216
Краснодарский край,2019-09-01,13.64018774890153,0.2864871600654304,0.2864871600654304,0.0,0.0,52.59333429552881,4.569999999999993,13.37399467217625
Краснодарский край,2019-10-01,13.45269235960275,0.199118629193201,0.199118629193201,0.0,0.0,53.04675876560749,3.849999999999994,13.53939212126758
Краснодарский край,2019-11-01,13.43089491711175,-0.3451712223245451,-0.3451712223245451,-0.0,-0.0,54.02805258376466,3.569999999999993,13.4222108347828
Краснодарский край,2019-12-01,13.1921867520485,-0.11071296164861266,-0.11071296164861266,-0.0,-0.0,54.69085588706724,3.219999999999999,13.47436300608728
Краснодарский край,2020-01-01,12.85737794232906,0.4934187707708695,0.4934187707708695,0.0,0.0,55.19459632728292,2.560000000000002,13.41749029541324
Краснодарский край,2020-02-01,13.20344244170851,0.717717316165718,0.717717316165718,0.0,0.0,54.96905109812859,1.909999999999997,13.70633056871926
Краснодарский край,2020-03-01,13.05761613315672,0.5448138582658153,0.5448138582658153,0.0,0.0,55.45330089295157,1.840000000000003,13.83543530187092
Краснодарский край,2020-04-01,12.74195828885661,0.24910450663146122,0.24910450663146122,0.0,0.0,56.03280283239128,2.200000000000003,13.5687298941253
Краснодарский край,2020-05-01,12.69867526730699,0.12930980432325967,0.12930980432325967,0.0,0.0,55.0489942946512,2.900000000000006,14.30566234252238
Краснодарский край,2020-06-01,12.25075463126972,0.4216232562547013,0.4216232562547013,0.0,0.0,55.1502057038465,2.640000000000001,14.2404301980606
Краснодарский край,2020-07-01,12.01765891617079,-1.5016319110366503,-1.5016319110366503,-0.0,-0.0,55.64089387253384,2.739999999999995,14.41234693748465
Краснодарский край,2020-08-01,11.572509065491,-0.8645661305373835,-0.8645661305373835,-0.0,-0.0,57.9506312933604,3.0,14.39333043349138
Краснодарский край,2020-09-01,11.4526866124339,-0.7937016241842549,-0.7937016241842549,-0.0,-0.0,58.86167705439138,3.530000000000001,14.33817269592874
Краснодарский край,2020-10-01,11.03809198704662,-1.2364929674992595,-1.2364929674992595,-0.0,-0.0,59.84372493244626,3.719999999999999,14.55434654500562
Краснодарский край,2020-11-01,10.73450642633442,-1.3589786818048175,-1.3589786818048175,-0.0,-0.0,59.79004663544005,4.209999999999994,14.05396357346232
Краснодарский край,2020-12-01,10.95187763545369,-1.7089361724181273,-1.7089361724181273,-0.0,-0.0,60.43155406279465,4.739999999999995,14.19703328933837
Краснодарский край,2021-01-01,10.79876216559429,3.0895976215913166,3.0895976215913166,0.0,0.0,60.45767321439597,5.069999999999993,14.19153910271232
Краснодарский край,2021-02-01,11.28446587688496,-0.05176615786507455,-0.05176615786507455,-0.0,-0.0,60.79647546129166,5.519999999999996,14.20950201934408
Краснодарский край,2021-03-01,10.8993534605025,-0.6104025253424652,-0.6104025253424652,-0.0,-0.0,61.54916421699836,6.170000000000002,14.20287293520522
Краснодарский край,2021-04-01,10.89485566118455,-0.5967440618905293,-0.5967440618905293,-0.0,-0.0,62.84819956064457,6.379999999999995,14.21483979199883
Краснодарский край,2021-05-01,10.66938118562379,-0.241937869195743,-0.241937869195743,-0.0,-0.0,64.69536901679942,6.099999999999994,14.26021547255424
Краснодарский край,2021-06-01,10.98372422922132,-0.7676306960714552,-0.7676306960714552,-0.0,-0.0,65.62665455667411,6.709999999999994,13.75588043146355
Краснодарский край,2021-07-01,10.79278502130573,0.08560806359759354,0.08560806359759354,0.0,0.0,66.52776509564632,7.810000000000002,14.15344004381216
Краснодарский край,2021-08-01,11.3632816744152,0.3090771946763784,0.3090771946763784,0.0,0.0,66.63174257651458,7.579999999999998,14.02177241367479
Краснодарский край,2021-09-01,11.51736974465301,-0.6460537301930689,-0.6460537301930689,-0.0,-0.0,67.52498720441699,7.760000000000005,13.9176486814607
Краснодарский край,2021-10-01,11.5368464400789,-0.6175372517280238,-0.6175372517280238,-0.0,-0.0,68.22010189680518,8.040000000000006,13.93575447205516
Краснодарский край,2021-11-01,11.64825819870063,-0.12114037446266934,-0.12114037446266934,-0.0,-0.0,68.12274137917579,9.079999999999998,13.89715299957118
Краснодарский край,2021-12-01,11.89581687154837,-0.26721650241728057,-0.26721650241728057,-0.0,-0.0,68.76262670862633,8.969999999999999,13.77649835219736
Краснодарский край,2022-01-01,11.65971854271354,0.27464209751393653,0.27464209751393653,0.0,0.0,70.0678955315157,9.25,13.76083540278222
Краснодарский край,2022-02-01,12.15465739087774,-0.3501956198858558,-0.3501956198858558,-0.0,-0.0,71.87175640350651,9.489999999999995,13.26214466932173
Краснодарский край,2022-03-01,12.27320793473698,4.941478356719127,4.941478356719127,0.0,0.0,72.73842153998578,9.530000000000001,13.87540266436249
Краснодарский край,2022-04-01,11.64297739882218,1.4923126339086181,1.4923126339086181,0.0,0.0,71.78088187812712,16.19,14.71334057971298
Краснодарский край,2022-05-01,14.9649443592458,-1.244790623444267,-1.244790623444267,-0.0,-0.0,70.22428750033718,17.48999999999999,14.50821698413736
Краснодарский край,2022-06-01,15.76757737316334,-3.118179668249544,-3.118179668249544,-0.0,-0.0,69.55746037720229,16.79000000000001,14.56603611684803
Краснодарский край,2022-07-01,13.87937255748194,-0.386746413724417,-0.386746413724417,-0.0,-0.0,69.25263884924213,15.12,15.18877688008292
Краснодарский край,2022-08-01,12.43005161817812,-1.1110066252555733,-1.1110066252555733,-0.0,-0.0,69.43120248709161,14.45,14.96439169546156
Краснодарский край,2022-09-01,12.04466386975088,1.7547062341946287,1.7547062341946287,0.0,0.0,69.3407027507729,13.06,14.98669879332563
Краснодарский край,2022-10-01,11.61868656844917,1.2482715752793254,1.2482715752793254,0.0,0.0,69.60669647182887,13.08,14.96890566851208
Краснодарский край,2022-11-01,11.70357903209197,0.32653909912163215,0.32653909912163215,0.0,0.0,70.51293508817626,11.5,14.90177069449671
Краснодарский край,2022-12-01,11.99363990012276,0.14955653030453497,0.14955653030453497,0.0,0.0,70.88558670607985,11.14,15.06247838217861
Краснодарский край,2023-01-01,10.51641486232579,0.13967960707903515,0.13967960707903515,0.0,0.0,71.64746420000753,10.98,14.80423808405605
Краснодарский край,2023-02-01,12.51973425512012,-1.9472998218897306,-1.9472998218897306,-0.0,-0.0,70.3170398091677,11.0,14.98577441104496
Краснодарский край,2023-03-01,11.98557640160322,-0.4649545463768856,-0.4649545463768856,-0.0,-0.0,70.52896810304861,10.69,14.81640987916857
Краснодарский край,2023-04-01,11.97209921935132,-0.5507806832459252,-0.5507806832459252,-0.0,-0.0,71.78378607115783,3.790000000000006,14.61423325871306
Краснодарский край,2023-05-01,12.41769310265191,-0.46521849390664727,-0.46521849390664727,-0.0,-0.0,71.43230582812969,2.189999999999998,14.42898333385207
Краснодарский край,2023-06-01,12.52293172898966,-0.5347109788556779,-0.5347109788556779,-0.0,-0.0,72.16646792391712,2.569999999999993,13.8872728607544
Краснодарский край,2023-07-01,12.48889725009469,-0.5497632155639387,-0.5497632155639387,-0.0,-0.0,73.05236804967184,3.489999999999995,13.87484477602813
Краснодарский край,2023-08-01,12.32780456164871,0.2078297309388475,0.2078297309388475,0.0,0.0,74.45783166793888,5.219999999999999,13.61436403416113
Краснодарский край,2023-09-01,12.14809111631763,2.7050587479091437,2.7050587479091437,0.0,0.0,75.95842717761371,6.299999999999997,13.54054077393174
Краснодарский край,2023-10-01,12.22520843625706,0.8633696772512707,0.8633696772512707,0.0,0.0,77.71467053394248,7.069999999999993,13.40139887685015
Краснодарский край,2023-11-01,13.04388198765192,1.714265038508227,1.714265038508227,0.0,0.0,78.79028387656778,7.719999999999999,13.17469892055686
Краснодарский край,2023-12-01,13.42130468864261,-1.5282051620880424,-1.5282051620880424,-0.0,-0.0,79.82233202197796,8.230000000000004,13.16856227655285
Краснодарский край,2024-01-01,13.5934526226605,0.6818813931607863,0.6818813931607863,0.0,0.0,80.04459287954072,8.370000000000005,13.15291354678116
Краснодарский край,2024-02-01,17.38954834212917,-1.5559611222700127,-1.5559611222700127,-0.0,-0.0,79.96020746157367,8.200000000000003,13.22500350392972
Краснодарский край,2024-03-01,18.6131302292834,-0.03662363343873665,-0.03662363343873665,-0.0,-0.0,80.1042920192867,8.040000000000006,13.09132809307421
Краснодарский край,2024-04-01,17.7115678352048,-0.07535756412256944,-0.07535756412256944,-0.0,-0.0,80.39374153986184,8.0,12.96300038394868
Краснодарский край,2024-05-01,16.90441844616341,-1.8174537430626252,-1.8174537430626252,-0.0,-0.0,80.26186168316725,7.859999999999999,12.91106219834658
Краснодарский край,2024-06-01,16.66892794680412,-0.4392507252018447,-0.4392507252018447,-0.0,-0.0,80.37884025438674,8.39,12.51094810724167
Краснодарский край,2024-07-01,15.09398013599854,-0.5869739684411108,-0.5869739684411108,-0.0,-0.0,80.80300451526222,8.799999999999997,12.53907311656519
Краснодарский край,2024-08-01,19.06118782100226,1.4105522767729113,1.4105522767729113,0.0,0.0,79.84069461135195,9.159999999999997,11.69820517107657
Краснодарский край,2024-09-01,19.50439921627067,-1.9115218364399809,-1.9115218364399809,-0.0,-0.0,79.39752385985165,9.480000000000004,11.65614337649399
Краснодарский край,2024-10-01,18.8923560233838,0.667769408390896,0.667769408390896,0.0,0.0,78.56282665536854,8.64,11.66202619421309
Краснодарский край,2024-11-01,19.23684565878105,2.039278586154861,2.039278586154861,0.0,0.0,77.10396815325818,8.480000000000004,11.53111722621294
Краснодарский край,2024-12-01,19.05597014959464,0.34090421830265427,0.34090421830265427,0.0,0.0,75.59936218091973,8.89,11.62001870117293
Краснодарский край,2025-01-01,18.32192967132112,0.24822008087726388,0.24822008087726388,0.0,0.0,73.71875001635438,9.480000000000004,12.16340999963299
Краснодарский край,2025-02-01,23.07022288154236,0.31653560056003016,0.31653560056003016,0.0,0.0,73.02568599554937,9.909999999999997,12.20024518248199
Краснодарский край,2025-03-01,21.10630580131554,0.41369500741819465,0.41369500741819465,0.0,0.0,72.14156955655817,10.17,12.4791698099067
Краснодарский край,2025-04-01,20.50089161021421,0.5812476727093596,0.5812476727093596,0.0,0.0,71.62552969722664,10.81,12.76160916547847
Краснодарский край,2025-05-01,19.1100276177313,0.3820181297639742,0.3820181297639742,0.0,0.0,71.13171076939166,11.23999999999999,12.67721032338324
Краснодарский край,2025-06-01,19.96312213440842,0.6128194128495359,0.6128194128495359,0.0,0.0,70.49769455688539,10.72,12.74995723762376
Краснодарский край,2025-07-01,18.88297380425898,-0.2977272507310609,-0.2977272507310609,-0.0,-0.0,70.04856018877092,9.930000000000007,13.18870343036396
Краснодарский край,2025-08-01,18.21599098259214,-1.399483474742535,-1.399483474742535,-0.0,-0.0,69.30164977667891,8.870000000000005,12.37115539308394
Краснодарский край,2025-09-01,17.87868678255545,0.2588989388809786,0.2588989388809786,0.0,0.0,69.15600524105045,7.469999999999999,12.38397849361523
Краснодарский край,2025-10-01,17.3385518291946,-0.43597080805563593,-0.43597080805563593,-0.0,-0.0,69.02971948527654,7.629999999999995,12.36895271737341
Краснодарский край,2025-11-01,16.69769012521565,-0.19410526130430839,-0.19410526130430839,-0.0,-0.0,69.06472791777941,7.650000000000006,12.27566011215622
Краснодарский край,2025-12-01,16.72176906603931,0.2813157398373711,0.2813157398373711,0.0,0.0,68.98037795480091,6.75,12.52012403724181
Красноярский край,2019-03-01,13.35856597285028,0.7128714995200838,0.0,0.7128714995200838,0.0,77.4076402659939,5.469999999999999,13.51790113862239
Красноярский край,2019-04-01,13.62489667085345,0.6911493920479934,0.0,0.6911493920479934,0.0,73.64381084822955,5.689999999999998,13.48191249884414
Красноярский край,2019-05-01,13.71994818476351,0.45783100689424217,0.0,0.45783100689424217,0.0,68.73330347980342,5.620000000000005,13.36401242011689
Красноярский край,2019-06-01,13.85131994343147,0.5041451542673663,0.0,0.5041451542673663,0.0,65.25237295928183,5.739999999999995,13.31154156453185
Красноярский край,2019-07-01,13.63744344689772,0.14629311794748645,0.0,0.14629311794748645,0.0,62.32781854125944,5.230000000000004,13.12786730669293
Красноярский край,2019-08-01,13.66082115309516,0.061654111534494405,0.0,0.061654111534494405,0.0,59.42636046804039,5.540000000000006,13.35714092626066
Красноярский край,2019-09-01,13.38153779271877,0.2864871600654304,0.0,0.2864871600654304,0.0,58.07578702936698,4.969999999999999,13.46021459731782
Красноярский край,2019-10-01,13.14165975053167,0.199118629193201,0.0,0.199118629193201,0.0,56.5446231654865,4.609999999999999,13.63751110748976
Красноярский край,2019-11-01,13.02652676642031,-0.3451712223245451,-0.0,-0.3451712223245451,-0.0,53.84598336877161,4.370000000000005,13.53172576179565
Красноярский край,2019-12-01,12.6882488009809,-0.11071296164861266,-0.0,-0.11071296164861266,-0.0,52.27968057277259,4.030000000000001,13.54056661927094
Красноярский край,2020-01-01,12.30330325001262,0.4934187707708695,0.0,0.4934187707708695,0.0,50.05841309940713,3.829999999999998,13.44698825721286
Красноярский край,2020-02-01,12.63893664636891,0.717717316165718,0.0,0.717717316165718,0.0,50.29796001769579,3.159999999999997,13.49912688869807
Красноярский край,2020-03-01,12.38491859944951,0.5448138582658153,0.0,0.5448138582658153,0.0,50.57615581783109,2.870000000000005,13.62650629317734
Красноярский край,2020-04-01,12.08530285649386,0.24910450663146122,0.0,0.24910450663146122,0.0,51.03542537218729,2.739999999999995,13.39038453171335
Красноярский край,2020-05-01,12.02616799249557,0.12930980432325967,0.0,0.12930980432325967,0.0,51.59504679171649,3.180000000000007,14.15171689880008
Красноярский край,2020-06-01,12.00159828938436,0.4216232562547013,0.0,0.4216232562547013,0.0,51.23678657251747,2.849999999999994,14.12973100332927
Красноярский край,2020-07-01,11.59335898228004,-1.5016319110366503,-0.0,-1.5016319110366503,-0.0,51.28813323933549,2.930000000000007,14.28635855365802
Красноярский край,2020-08-01,11.17310994774528,-0.8645661305373835,-0.0,-0.8645661305373835,-0.0,52.60755601742064,3.0,14.2035870347485
Красноярский край,2020-09-01,10.96342716111817,-0.7937016241842549,-0.0,-0.7937016241842549,-0.0,53.31638684218042,3.069999999999993,14.10265284918394
Красноярский край,2020-10-01,10.5505437581433,-1.2364929674992595,-0.0,-1.2364929674992595,-0.0,54.03991137593685,3.310000000000002,14.27972540360732
Красноярский край,2020-11-01,10.23191915151335,-1.3589786818048175,-0.0,-1.3589786818048175,-0.0,54.60971426157055,3.549999999999997,13.69088377026744
Красноярский край,2020-12-01,10.53095685334399,-1.7089361724181273,-0.0,-1.7089361724181273,-0.0,54.26035126871286,4.310000000000002,13.84415764584402
Красноярский край,2021-01-01,10.39334348547164,3.0895976215913166,0.0,3.0895976215913166,0.0,53.71452840844893,4.689999999999998,13.90419468070431
Красноярский край,2021-02-01,10.97786117361987,-0.05176615786507455,-0.0,-0.05176615786507455,-0.0,53.18916837745614,5.049999999999997,13.9111400632786
Красноярский край,2021-03-01,10.60523777484337,-0.6104025253424652,-0.0,-0.6104025253424652,-0.0,53.52253229193857,5.319999999999993,13.89056752944748
Красноярский край,2021-04-01,10.49472013406915,-0.5967440618905293,-0.0,-0.5967440618905293,-0.0,54.32358846858347,5.510000000000005,13.99932306716293
Красноярский край,2021-05-01,10.41682416299876,-0.241937869195743,-0.0,-0.241937869195743,-0.0,54.70062507112626,5.680000000000007,14.08725656016496
Красноярский край,2021-06-01,10.75767733540403,-0.7676306960714552,-0.0,-0.7676306960714552,-0.0,55.76535140307946,6.569999999999993,13.5337008489042
Красноярский край,2021-07-01,10.55241923315696,0.08560806359759354,0.0,0.08560806359759354,0.0,56.38042022252547,7.010000000000005,13.97615658873137
Красноярский край,2021-08-01,11.09416374576925,0.3090771946763784,0.0,0.3090771946763784,0.0,56.99390698729617,7.180000000000007,13.83371477357043
Красноярский край,2021-09-01,11.18994001650136,-0.6460537301930689,-0.0,-0.6460537301930689,-0.0,57.79019175627241,7.420000000000002,13.74771027073748
Красноярский край,2021-10-01,11.01885947700482,-0.6175372517280238,-0.0,-0.6175372517280238,-0.0,58.26063354218145,7.909999999999997,13.79872719723924
Красноярский край,2021-11-01,11.25313816334057,-0.12114037446266934,-0.0,-0.12114037446266934,-0.0,58.78346617512092,8.75,13.74414373321358
Красноярский край,2021-12-01,11.16788519589871,-0.26721650241728057,-0.0,-0.26721650241728057,-0.0,58.520826299496,8.900000000000006,13.59279850079063
Красноярский край,2022-01-01,11.03334487013514,0.27464209751393653,0.0,0.27464209751393653,0.0,58.22665651993785,9.040000000000006,13.55472937441798
Красноярский край,2022-02-01,11.94140834833988,-0.3501956198858558,-0.0,-0.3501956198858558,-0.0,60.41619819753091,9.560000000000002,12.99953563577683
Красноярский край,2022-03-01,11.57357538339236,4.941478356719127,0.0,4.941478356719127,0.0,60.70535733829618,9.769999999999996,13.34676166526922
Красноярский край,2022-04-01,11.86532250213417,1.4923126339086181,0.0,1.4923126339086181,0.0,59.12052971026558,18.56,14.201694665032
Красноярский край,2022-05-01,16.18782136540308,-1.244790623444267,-0.0,-1.244790623444267,-0.0,57.44091177598337,19.34,13.98997970694765
Красноярский край,2022-06-01,16.60201538794381,-3.118179668249544,-0.0,-3.118179668249544,-0.0,56.55006076485544,17.40000000000001,14.07859471799651
Красноярский край,2022-07-01,14.96881814065732,-0.386746413724417,-0.0,-0.386746413724417,-0.0,56.34233823602878,15.92,14.7573066357956
Красноярский край,2022-08-01,13.28464066349955,-1.1110066252555733,-0.0,-1.1110066252555733,-0.0,56.31557836093958,15.34,14.49879951431568
Красноярский край,2022-09-01,12.64648283182346,1.7547062341946287,0.0,1.7547062341946287,0.0,56.45848833347716,14.37,14.55295070915365
Красноярский край,2022-10-01,12.16826607679848,1.2482715752793254,0.0,1.2482715752793254,0.0,56.80980445894102,13.63,14.53376777348482
Красноярский край,2022-11-01,12.46955039169603,0.32653909912163215,0.0,0.32653909912163215,0.0,56.34841349320689,12.65000000000001,14.43292435769012
Красноярский край,2022-12-01,12.69048808452509,0.14955653030453497,0.0,0.14955653030453497,0.0,56.32990363611581,11.98999999999999,14.65247439612443
Красноярский край,2023-01-01,12.25808390602039,0.13967960707903515,0.0,0.13967960707903515,0.0,55.97843708595943,12.09,14.42924459069119
Красноярский край,2023-02-01,13.9526558511311,-1.9472998218897306,-0.0,-1.9472998218897306,-0.0,56.93338526996556,11.31,14.5890195954555
Красноярский край,2023-03-01,13.23994297414631,-0.4649545463768856,-0.0,-0.4649545463768856,-0.0,56.79848777132431,10.73,14.41617969092668
Красноярский край,2023-04-01,12.99743760735326,-0.5507806832459252,-0.0,-0.5507806832459252,-0.0,57.96901186393767,2.459999999999994,14.23178111913654
Красноярский край,2023-05-01,12.9167954351059,-0.46521849390664727,-0.0,-0.46521849390664727,-0.0,56.38880739653425,1.230000000000004,14.07378662005809
Красноярский край,2023-06-01,13.21538154357958,-0.5347109788556779,-0.0,-0.5347109788556779,-0.0,56.950650918124,2.319999999999993,13.47615363610922
Красноярский край,2023-07-01,13.0213500444292,-0.5497632155639387,-0.0,-0.5497632155639387,-0.0,57.74928322005355,3.390000000000001,13.45758499203677
Красноярский край,2023-08-01,12.91173651943007,0.2078297309388475,0.0,0.2078297309388475,0.0,58.41383933571706,4.209999999999994,13.18723318377147
Красноярский край,2023-09-01,12.73828561568812,2.7050587479091437,0.0,2.7050587479091437,0.0,59.69406511508004,5.540000000000006,13.10528096536357
Красноярский край,2023-10-01,12.94153474794764,0.8633696772512707,0.0,0.8633696772512707,0.0,60.85514477030528,6.659999999999997,13.04310699945613
Красноярский край,2023-11-01,14.2954149724798,1.714265038508227,0.0,1.714265038508227,0.0,60.66004630559625,7.609999999999999,12.85737058964244
Красноярский край,2023-12-01,14.42643879260066,-1.5282051620880424,-0.0,-1.5282051620880424,-0.0,60.67703709016904,8.209999999999994,12.90794212462834
Красноярский край,2024-01-01,14.54738183140906,0.6818813931607863,0.0,0.6818813931607863,0.0,59.65483308929921,7.780000000000001,12.92145723214396
Красноярский край,2024-02-01,18.59570847228783,-1.5559611222700127,-0.0,-1.5559611222700127,-0.0,60.06850166829074,8.379999999999995,13.01858415306727
Красноярский край,2024-03-01,19.46550108061431,-0.03662363343873665,-0.0,-0.03662363343873665,-0.0,59.66673999602069,8.469999999999999,12.90063356052727
Красноярский край,2024-04-01,18.44261733633531,-0.07535756412256944,-0.0,-0.07535756412256944,-0.0,59.13757128440476,8.459999999999994,12.80764766836775
Красноярский край,2024-05-01,18.23227330495688,-1.8174537430626252,-0.0,-1.8174537430626252,-0.0,58.30192550084072,8.719999999999999,12.7697650402633
Красноярский край,2024-06-01,17.77273269780434,-0.4392507252018447,-0.0,-0.4392507252018447,-0.0,58.22399385220427,8.930000000000007,12.41158853120639
Красноярский край,2024-07-01,16.11072820589954,-0.5869739684411108,-0.0,-0.5869739684411108,-0.0,58.7004859803186,8.950000000000003,12.50301872248306
Красноярский край,2024-08-01,20.83545921833984,1.4105522767729113,0.0,1.4105522767729113,0.0,57.33714366714585,9.459999999999994,11.57703531677935
Красноярский край,2024-09-01,21.20471379970526,-1.9115218364399809,-0.0,-1.9115218364399809,-0.0,57.32387525161359,9.340000000000003,11.5666740203955
Красноярский край,2024-10-01,20.10782183435538,0.667769408390896,0.0,0.667769408390896,0.0,56.55365827702686,8.590000000000003,11.56217727839515
Красноярский край,2024-11-01,20.61131376018189,2.039278586154861,0.0,2.039278586154861,0.0,54.33157496988778,8.569999999999993,11.41491622917883
Красноярский край,2024-12-01,22.05141460109791,0.34090421830265427,0.0,0.34090421830265427,0.0,51.93993452282677,8.900000000000006,11.53341486744715
Красноярский край,2025-01-01,21.16482023527861,0.24822008087726388,0.0,0.24822008087726388,0.0,49.87789657371448,9.620000000000005,12.14201834330196
Красноярский край,2025-02-01,26.0211860389217,0.31653560056003016,0.0,0.31653560056003016,0.0,52.4194865690084,10.14,12.16400777589122
Красноярский край,2025-03-01,23.21680311206236,0.41369500741819465,0.0,0.41369500741819465,0.0,51.65367977286339,10.56,12.43741096568436
Красноярский край,2025-04-01,23.63588541378655,0.5812476727093596,0.0,0.5812476727093596,0.0,51.31537783058564,11.13,12.70680366086662
Красноярский край,2025-05-01,19.52452894683258,0.3820181297639742,0.0,0.3820181297639742,0.0,49.75980976188561,10.98,12.63784014924933
Красноярский край,2025-06-01,20.51726281900351,0.6128194128495359,0.0,0.6128194128495359,0.0,49.39913485655832,10.56999999999999,12.76613337774312
Красноярский край,2025-07-01,20.51180069282357,-0.2977272507310609,-0.0,-0.2977272507310609,-0.0,48.76676028597128,10.56,13.22258937108618
Красноярский край,2025-08-01,20.92629252183956,-1.399483474742535,-0.0,-1.399483474742535,-0.0,47.98279463041025,9.530000000000001,12.34254874688095
Красноярский край,2025-09-01,20.58096182356689,0.2588989388809786,0.0,0.2588989388809786,0.0,47.83909455850716,8.909999999999997,12.37672956823279
Красноярский край,2025-10-01,19.22438227643727,-0.43597080805563593,-0.0,-0.43597080805563593,-0.0,47.57505704486032,8.829999999999998,12.39692775072977
Красноярский край,2025-11-01,18.44929834111008,-0.19410526130430839,-0.0,-0.19410526130430839,-0.0,47.31950413116056,8.459999999999994,12.31047235238105
Красноярский край,2025-12-01,18.43100439621416,0.2813157398373711,0.0,0.2813157398373711,0.0,46.83799070805008,7.489999999999995,12.55893416692673
Курганская область,2019-03-01,13.92616204083164,0.7128714995200838,0.0,0.0,0.0,70.9598999256633,5.219999999999999,13.92827476109797
Курганская область,2019-04-01,14.06632027602343,0.6911493920479934,0.0,0.0,0.0,71.74745493425633,5.099999999999994,13.94168311970925
Курганская область,2019-05-01,14.1964957846159,0.45783100689424217,0.0,0.0,0.0,69.84451139945462,5.030000000000001,13.87553981869919
Курганская область,2019-06-01,14.33475292593367,0.5041451542673663,0.0,0.0,0.0,70.4063334656105,4.829999999999998,13.83044234082158
Курганская область,2019-07-01,14.10414844133604,0.14629311794748645,0.0,0.0,0.0,70.91907120591813,4.560000000000002,13.55389314940546
Курганская область,2019-08-01,14.13038731936329,0.061654111534494405,0.0,0.0,0.0,73.81345918256153,4.579999999999998,13.78879474803693
Курганская область,2019-09-01,13.74366047297285,0.2864871600654304,0.0,0.0,0.0,74.75563972192766,4.359999999999999,13.85033250125731
Курганская область,2019-10-01,13.61115129119988,0.199118629193201,0.0,0.0,0.0,75.36046387529754,4.200000000000003,13.98463496305863
Курганская область,2019-11-01,13.32538231061403,-0.3451712223245451,-0.0,-0.0,-0.0,73.26879668858611,4.25,13.84947442837151
Курганская область,2019-12-01,13.26650828201653,-0.11071296164861266,-0.0,-0.0,-0.0,73.52139861962225,3.930000000000007,13.85330533533322
Курганская область,2020-01-01,13.04330301346846,0.4934187707708695,0.0,0.0,0.0,72.79629996010681,3.209999999999994,13.6953913627003
Курганская область,2020-02-01,13.32253458767042,0.717717316165718,0.0,0.0,0.0,72.74944493651971,2.599999999999994,13.60732235036017
Курганская область,2020-03-01,13.05643489963111,0.5448138582658153,0.0,0.0,0.0,72.609884620932,2.409999999999997,13.73795350425829
Курганская область,2020-04-01,12.87593439506946,0.24910450663146122,0.0,0.0,0.0,73.09723946864833,2.790000000000006,13.4661220774811
Курганская область,2020-05-01,12.41393986536074,0.12930980432325967,0.0,0.0,0.0,70.98139656832598,3.519999999999996,14.39523559489693
Курганская область,2020-06-01,12.2099555147602,0.4216232562547013,0.0,0.0,0.0,70.87813186262956,3.620000000000005,14.3974356317884
Курганская область,2020-07-01,12.27664544613326,-1.5016319110366503,-0.0,-0.0,-0.0,70.97238317117083,3.790000000000006,14.56130049223666
Курганская область,2020-08-01,11.68073214041969,-0.8645661305373835,-0.0,-0.0,-0.0,75.12192551329451,3.769999999999996,14.49594570839601
Курганская область,2020-09-01,11.73070388989985,-0.7937016241842549,-0.0,-0.0,-0.0,76.07300298022322,4.069999999999993,14.38191120436719
Курганская область,2020-10-01,11.27442533228521,-1.2364929674992595,-0.0,-0.0,-0.0,76.9462960080915,4.239999999999995,14.57997698532469
Курганская область,2020-11-01,10.78022059691966,-1.3589786818048175,-0.0,-0.0,-0.0,76.30743238401226,4.459999999999994,13.92273385494128
Курганская область,2020-12-01,11.26916637047376,-1.7089361724181273,-0.0,-0.0,-0.0,76.34585065100676,5.260000000000005,14.11283296659049
Курганская область,2021-01-01,10.99994384122474,3.0895976215913166,0.0,0.0,0.0,76.12163668113479,5.909999999999997,14.11739542589178
Курганская область,2021-02-01,11.75809094993316,-0.05176615786507455,-0.0,-0.0,-0.0,78.15619997127901,5.849999999999994,14.1618536810323
Курганская область,2021-03-01,11.16628335877375,-0.6104025253424652,-0.0,-0.0,-0.0,78.7654986585938,6.310000000000002,14.13420953130863
Курганская область,2021-04-01,11.0150183679665,-0.5967440618905293,-0.0,-0.0,-0.0,79.77894621409594,6.420000000000002,14.22623235538328
Курганская область,2021-05-01,11.00134628704958,-0.241937869195743,-0.0,-0.0,-0.0,79.83237989637867,6.379999999999995,14.40888101252756
Курганская область,2021-06-01,11.37885034796434,-0.7676306960714552,-0.0,-0.0,-0.0,80.80190528391965,6.780000000000001,13.74511142180689
Курганская область,2021-07-01,11.10716531100335,0.08560806359759354,0.0,0.0,0.0,81.94147962942735,7.400000000000006,14.19536454042691
Курганская область,2021-08-01,11.66863457030402,0.3090771946763784,0.0,0.0,0.0,82.19848202553564,7.670000000000002,14.02451327153104
Курганская область,2021-09-01,11.71407673476785,-0.6460537301930689,-0.0,-0.0,-0.0,83.43738542419531,7.650000000000006,13.88527516179453
Курганская область,2021-10-01,11.4316517946311,-0.6175372517280238,-0.0,-0.0,-0.0,83.94717112124944,8.0,13.97124424839243
Курганская область,2021-11-01,11.77749938696727,-0.12114037446266934,-0.0,-0.0,-0.0,85.8608624029974,9.329999999999998,13.90436630942324
Курганская область,2021-12-01,11.6060483830546,-0.26721650241728057,-0.0,-0.0,-0.0,85.57905770497848,9.230000000000004,13.73639455607103
Курганская область,2022-01-01,11.54989930422266,0.27464209751393653,0.0,0.0,0.0,86.02582258719144,9.010000000000005,13.71761739905602
Курганская область,2022-02-01,12.4541948035444,-0.3501956198858558,-0.0,-0.0,-0.0,84.97757944998436,10.31,13.14081720802665
Курганская область,2022-03-01,11.94942650095573,4.941478356719127,0.0,0.0,0.0,85.5036159979223,10.5,13.40033340665364
Курганская область,2022-04-01,11.41539299870043,1.4923126339086181,0.0,0.0,0.0,84.96880063825407,17.59,14.33653419107524
Курганская область,2022-05-01,17.73385396772618,-1.244790623444267,-0.0,-0.0,-0.0,85.77115328909595,18.73999999999999,14.18096908409222
Курганская область,2022-06-01,18.71906541724435,-3.118179668249544,-0.0,-0.0,-0.0,84.31974138547777,18.33,14.26538325016505
Курганская область,2022-07-01,16.00772768984538,-0.386746413724417,-0.0,-0.0,-0.0,83.5167311268875,16.8,14.95331039474053
Курганская область,2022-08-01,14.20048155291414,-1.1110066252555733,-0.0,-0.0,-0.0,82.35471636373562,15.48999999999999,14.68140180044684
Курганская область,2022-09-01,13.77338021935441,1.7547062341946287,0.0,0.0,0.0,81.96634441071258,14.41,14.70833663833139
Курганская область,2022-10-01,13.08814455741089,1.2482715752793254,0.0,0.0,0.0,82.27346744350884,13.94,14.68391285648406
Курганская область,2022-11-01,13.46556582324679,0.32653909912163215,0.0,0.0,0.0,82.97898007241155,12.33,14.57922134308093
Курганская область,2022-12-01,13.63040627454225,0.14955653030453497,0.0,0.0,0.0,82.6814026768277,11.48999999999999,14.84592873569549
Курганская область,2023-01-01,12.92703878669501,0.13967960707903515,0.0,0.0,0.0,81.76847074152036,11.33,14.60576848882517
Курганская область,2023-02-01,14.72638160542487,-1.9472998218897306,-0.0,-0.0,-0.0,80.64419883013237,10.45,14.7693446906324
Курганская область,2023-03-01,13.79763861433892,-0.4649545463768856,-0.0,-0.0,-0.0,80.18640826154805,9.819999999999993,14.59626761343395
Курганская область,2023-04-01,13.55212334580378,-0.5507806832459252,-0.0,-0.0,-0.0,80.07627035428617,2.430000000000007,14.44541144314905
Курганская область,2023-05-01,13.38994938594869,-0.46521849390664727,-0.0,-0.0,-0.0,78.71313157190988,1.060000000000002,14.32208335546384
Курганская область,2023-06-01,13.81333446892719,-0.5347109788556779,-0.0,-0.0,-0.0,78.45624112663748,1.189999999999998,13.6142255193585
Курганская область,2023-07-01,13.59980485929814,-0.5497632155639387,-0.0,-0.0,-0.0,78.91630195627654,2.0,13.63260994264438
Курганская область,2023-08-01,13.47237086548415,0.2078297309388475,0.0,0.0,0.0,78.98113630715974,3.290000000000006,13.32705218705854
Курганская область,2023-09-01,13.26410305433124,2.7050587479091437,0.0,0.0,0.0,80.46718408285318,5.120000000000005,13.20255935453596
Курганская область,2023-10-01,13.23783953421954,0.8633696772512707,0.0,0.0,0.0,81.66039688513817,6.030000000000001,13.12694692783501
Курганская область,2023-11-01,14.53622203435052,1.714265038508227,0.0,0.0,0.0,81.09105669887907,6.599999999999994,12.9003982266696
Курганская область,2023-12-01,15.19850516743421,-1.5282051620880424,-0.0,-0.0,-0.0,80.78924827613976,7.260000000000005,12.92318793453923
Курганская область,2024-01-01,15.06609627821123,0.6818813931607863,0.0,0.0,0.0,79.1754784417071,7.260000000000005,12.96667902874879
Курганская область,2024-02-01,19.33439886946312,-1.5559611222700127,-0.0,-0.0,-0.0,78.79079287570146,7.739999999999995,13.04612065590906
Курганская область,2024-03-01,19.64872738738644,-0.03662363343873665,-0.0,-0.0,-0.0,77.9643482467168,8.129999999999995,12.9131312316341
Курганская область,2024-04-01,18.96565213020813,-0.07535756412256944,-0.0,-0.0,-0.0,77.86449884901614,8.280000000000001,12.84861095084251
Курганская область,2024-05-01,18.97000630466333,-1.8174537430626252,-0.0,-0.0,-0.0,77.91819719919023,8.010000000000005,12.85774042685466
Курганская область,2024-06-01,18.08470738623228,-0.4392507252018447,-0.0,-0.0,-0.0,77.4262910752915,7.719999999999999,12.48023908011365
Курганская область,2024-07-01,17.17116455053712,-0.5869739684411108,-0.0,-0.0,-0.0,78.17194407309157,7.849999999999994,12.58890921026284
Курганская область,2024-08-01,20.88724422983012,1.4105522767729113,0.0,0.0,0.0,77.58361670597724,8.159999999999997,11.55440658758071
Курганская область,2024-09-01,21.31550991456084,-1.9115218364399809,-0.0,-0.0,-0.0,77.21016180562484,7.450000000000003,11.53618100797154
Курганская область,2024-10-01,20.50767141105247,0.667769408390896,0.0,0.0,0.0,76.20545888202406,7.310000000000002,11.54309693292473
Курганская область,2024-11-01,20.94329122503965,2.039278586154861,0.0,0.0,0.0,75.30193063982551,7.709999999999994,11.3762217437009
Курганская область,2024-12-01,20.63992294617476,0.34090421830265427,0.0,0.0,0.0,70.97383419458674,8.409999999999997,11.52046520843622
Курганская область,2025-01-01,19.87403268194622,0.24822008087726388,0.0,0.0,0.0,68.29710541189151,9.560000000000002,12.26174351259708
Курганская область,2025-02-01,24.52386510906658,0.31653560056003016,0.0,0.0,0.0,65.56448999776649,9.790000000000006,12.20726258675707
Курганская область,2025-03-01,21.75720275697496,0.41369500741819465,0.0,0.0,0.0,64.47050377214339,10.02,12.50878570240096
Курганская область,2025-04-01,21.89464432395777,0.5812476727093596,0.0,0.0,0.0,63.55959379503523,10.23,12.79568084834955
Курганская область,2025-05-01,20.98459959998151,0.3820181297639742,0.0,0.0,0.0,62.83143795559882,11.12,12.75512896933142
Курганская область,2025-06-01,21.08240894349558,0.6128194128495359,0.0,0.0,0.0,62.46888616374272,11.09999999999999,12.83951757697489
Курганская область,2025-07-01,20.66256173734386,-0.2977272507310609,-0.0,-0.0,-0.0,61.61799773793969,10.90000000000001,13.27223143104431
Курганская область,2025-08-01,20.29854453733541,-1.399483474742535,-0.0,-0.0,-0.0,60.47835774403087,10.3,12.35624270289993
Курганская область,2025-09-01,19.18003513215398,0.2588989388809786,0.0,0.0,0.0,60.61663449758006,9.480000000000004,12.40526455546155
Курганская область,2025-10-01,18.64786719831679,-0.43597080805563593,-0.0,-0.0,-0.0,60.58673906040304,9.170000000000002,12.38096725856441
Курганская область,2025-11-01,18.73457592877358,-0.19410526130430839,-0.0,-0.0,-0.0,60.5441837955134,8.680000000000007,12.28321811611677
Курганская область,2025-12-01,18.26717895933236,0.2813157398373711,0.0,0.0,0.0,60.42371171359103,7.900000000000006,12.58228932630682
Курская область,2019-03-01,13.5568410482764,0.7128714995200838,0.0,0.0,0.0,51.34444451909212,6.219999999999999,13.72677036394833
Курская область,2019-04-01,13.73043184883768,0.6911493920479934,0.0,0.0,0.0,51.70642088991951,6.379999999999995,13.79100967648472
Курская область,2019-05-01,13.90122394524715,0.45783100689424217,0.0,0.0,0.0,52.17910923469088,6.099999999999994,13.63611242666917
Курская область,2019-06-01,14.00743595899696,0.5041451542673663,0.0,0.0,0.0,52.74922310463381,6.069999999999993,13.58943200866693
Курская область,2019-07-01,13.77472376996479,0.14629311794748645,0.0,0.0,0.0,52.99120708060603,5.540000000000006,13.31396604398658
Курская область,2019-08-01,13.6101686594392,0.061654111534494405,0.0,0.0,0.0,53.07372626510413,5.670000000000002,13.52217771333916
Курская область,2019-09-01,13.39436839709764,0.2864871600654304,0.0,0.0,0.0,53.4932692846939,5.459999999999994,13.60555556315959
Курская область,2019-10-01,13.20594759925801,0.199118629193201,0.0,0.0,0.0,53.73987539408686,5.0,13.79818917206063
Курская область,2019-11-01,13.03035212180348,-0.3451712223245451,-0.0,-0.0,-0.0,53.57366180197937,4.150000000000006,13.72970540308373
Курская область,2019-12-01,12.75781940107959,-0.11071296164861266,-0.0,-0.0,-0.0,53.80155936605581,3.909999999999997,13.79951277748536
Курская область,2020-01-01,12.48181475096706,0.4934187707708695,0.0,0.0,0.0,53.54195086158612,3.230000000000004,13.64448379051757
Курская область,2020-02-01,12.88647706060741,0.717717316165718,0.0,0.0,0.0,54.15390880557547,2.780000000000001,13.67800259045282
Курская область,2020-03-01,12.56521106645473,0.5448138582658153,0.0,0.0,0.0,54.39419178113466,2.739999999999995,13.81513369652959
Курская область,2020-04-01,12.41339088843258,0.24910450663146122,0.0,0.0,0.0,54.8508361494318,2.859999999999999,13.39288142380279
Курская область,2020-05-01,11.9936721922935,0.12930980432325967,0.0,0.0,0.0,54.86941961386931,3.719999999999999,14.20143722485613
Курская область,2020-06-01,11.92622463853255,0.4216232562547013,0.0,0.0,0.0,54.28140111716476,3.540000000000006,14.17247203929709
Курская область,2020-07-01,11.79710655558953,-1.5016319110366503,-0.0,-0.0,-0.0,54.38794551748042,3.920000000000002,14.35659360460109
Курская область,2020-08-01,11.15806935303094,-0.8645661305373835,-0.0,-0.0,-0.0,54.22336975097194,4.200000000000003,14.33584295439574
Курская область,2020-09-01,11.01319618686863,-0.7937016241842549,-0.0,-0.0,-0.0,54.93151424158852,4.140000000000001,14.18506212344465
Курская область,2020-10-01,10.73103287928822,-1.2364929674992595,-0.0,-0.0,-0.0,55.52185505055607,3.959999999999994,14.38352569115402
Курская область,2020-11-01,10.66651101324138,-1.3589786818048175,-0.0,-0.0,-0.0,56.19785981892989,4.609999999999999,13.78306340669923
Курская область,2020-12-01,10.9545218899107,-1.7089361724181273,-0.0,-0.0,-0.0,55.95593588477087,5.269999999999996,13.92538720646923
Курская область,2021-01-01,10.67505751875835,3.0895976215913166,0.0,0.0,0.0,55.57141950495146,5.769999999999996,13.95824463914727
Курская область,2021-02-01,11.36418455020159,-0.05176615786507455,-0.0,-0.0,-0.0,56.18082047185688,6.140000000000001,13.95721998792841
Курская область,2021-03-01,10.94377777552164,-0.6104025253424652,-0.0,-0.0,-0.0,56.38941032265964,6.819999999999993,13.92503859356401
Курская область,2021-04-01,10.81492383147661,-0.5967440618905293,-0.0,-0.0,-0.0,56.99792534271629,6.909999999999997,14.0411396165793
Курская область,2021-05-01,10.70232580798481,-0.241937869195743,-0.0,-0.0,-0.0,56.58619909504945,6.189999999999998,14.09621313155041
Курская область,2021-06-01,11.06333633034931,-0.7676306960714552,-0.0,-0.0,-0.0,57.16040888705013,6.859999999999999,13.51360534093496
Курская область,2021-07-01,10.93051215396252,0.08560806359759354,0.0,0.0,0.0,57.63769051060489,6.920000000000002,13.9688697092407
Курская область,2021-08-01,11.1278457011061,0.3090771946763784,0.0,0.0,0.0,56.55162974812319,6.920000000000002,13.8138726169201
Курская область,2021-09-01,11.35549190398888,-0.6460537301930689,-0.0,-0.0,-0.0,57.20501390695665,7.560000000000002,13.72038103090579
Курская область,2021-10-01,11.24574377492724,-0.6175372517280238,-0.0,-0.0,-0.0,57.59512911134198,8.909999999999997,13.79686370828392
Курская область,2021-11-01,11.32430605861763,-0.12114037446266934,-0.0,-0.0,-0.0,58.13318324615484,9.700000000000003,13.72160478757112
Курская область,2021-12-01,11.21019678568668,-0.26721650241728057,-0.0,-0.0,-0.0,57.87283661332062,9.930000000000007,13.55317883594851
Курская область,2022-01-01,11.20557205060453,0.27464209751393653,0.0,0.0,0.0,57.79336663674981,9.799999999999997,13.51190638711317
Курская область,2022-02-01,12.02140788193451,-0.3501956198858558,-0.0,-0.0,-0.0,59.20077750456247,9.959999999999994,12.93580370114505
Курская область,2022-03-01,11.86578394209393,4.941478356719127,0.0,0.0,0.0,59.62755151693238,9.959999999999994,13.29580481094217
Курская область,2022-04-01,11.9218460273767,1.4923126339086181,0.0,0.0,0.0,58.65710275423457,17.90000000000001,14.20337238338715
Курская область,2022-05-01,15.58787693196496,-1.244790623444267,-0.0,-0.0,-0.0,58.67019627513081,19.77,13.98677725475704
Курская область,2022-06-01,16.2689095744553,-3.118179668249544,-0.0,-0.0,-0.0,57.90345048395579,19.81,14.07584451267396
Курская область,2022-07-01,15.15141897875248,-0.386746413724417,-0.0,-0.0,-0.0,57.38215500866411,18.56999999999999,14.68559490198599
Курская область,2022-08-01,13.85769907286474,-1.1110066252555733,-0.0,-0.0,-0.0,58.53313151727185,17.56999999999999,14.45206692789707
Курская область,2022-09-01,13.22131198372209,1.7547062341946287,0.0,0.0,0.0,58.28439305355031,16.8,14.48801744388144
Курская область,2022-10-01,12.87380832699313,1.2482715752793254,0.0,0.0,0.0,58.43796723662513,15.73,14.46500889871074
Курская область,2022-11-01,12.88179299254336,0.32653909912163215,0.0,0.0,0.0,56.06882706625589,14.29000000000001,14.34495078756663
Курская область,2022-12-01,12.88638923135315,0.14955653030453497,0.0,0.0,0.0,56.14757748777829,13.2,14.61056053047303
Курская область,2023-01-01,12.15114139165987,0.13967960707903515,0.0,0.0,0.0,56.02387608425248,13.27,14.37184597285988
Курская область,2023-02-01,14.46421387736825,-1.9472998218897306,-0.0,-0.0,-0.0,56.79485729763976,13.09999999999999,14.50775711920704
Курская область,2023-03-01,13.1514321247613,-0.4649545463768856,-0.0,-0.0,-0.0,56.66868354477859,12.40000000000001,14.36582063847252
Курская область,2023-04-01,13.1994972447839,-0.5507806832459252,-0.0,-0.0,-0.0,57.23208775165936,4.430000000000007,14.12582304264135
Курская область,2023-05-01,13.20064241677053,-0.46521849390664727,-0.0,-0.0,-0.0,58.47702845454879,2.959999999999994,14.05856483224103
Курская область,2023-06-01,13.89073715800983,-0.5347109788556779,-0.0,-0.0,-0.0,58.78833512868211,2.280000000000001,13.42872443529884
Курская область,2023-07-01,13.54662503438307,-0.5497632155639387,-0.0,-0.0,-0.0,59.29079279076348,3.109999999999999,13.44573264514546
Курская область,2023-08-01,13.31309988876577,0.2078297309388475,0.0,0.0,0.0,59.64145822033962,4.469999999999999,13.17229979977403
Курская область,2023-09-01,12.90286046854645,2.7050587479091437,0.0,0.0,0.0,61.02657482603674,5.670000000000002,13.0666506024632
Курская область,2023-10-01,12.85611700795259,0.8633696772512707,0.0,0.0,0.0,62.27890290517709,6.590000000000003,12.96154301761338
Курская область,2023-11-01,14.05718661981463,1.714265038508227,0.0,0.0,0.0,62.9802700623867,7.079999999999998,12.76805628726811
Курская область,2023-12-01,14.85004414947803,-1.5282051620880424,-0.0,-0.0,-0.0,63.15541506098932,8.120000000000005,12.81976355057421
Курская область,2024-01-01,15.08513394629435,0.6818813931607863,0.0,0.0,0.0,61.82797513556784,7.849999999999994,12.88817446271512
Курская область,2024-02-01,19.19057895859024,-1.5559611222700127,-0.0,-0.0,-0.0,61.65907041626843,7.909999999999997,12.95701129017855
Курская область,2024-03-01,19.32474724452926,-0.03662363343873665,-0.0,-0.0,-0.0,61.11251421494504,8.349999999999994,12.84066808934377
Курская область,2024-04-01,18.63441816045019,-0.07535756412256944,-0.0,-0.0,-0.0,61.17918456801755,8.430000000000007,12.74477429022194
Курская область,2024-05-01,18.57345034610782,-1.8174537430626252,-0.0,-0.0,-0.0,60.56540178022287,8.11,12.72524132388028
Курская область,2024-06-01,17.92768876950176,-0.4392507252018447,-0.0,-0.0,-0.0,60.79067737346284,8.409999999999997,12.34085001020005
Курская область,2024-07-01,16.70723512188925,-0.5869739684411108,-0.0,-0.0,-0.0,61.36914702086135,8.299999999999997,12.4264805432665
Курская область,2024-08-01,20.09833190068881,1.4105522767729113,0.0,0.0,0.0,59.58544732108007,8.329999999999998,11.45986848834023
Курская область,2024-09-01,20.02937358229411,-1.9115218364399809,-0.0,-0.0,-0.0,58.94825036918252,8.379999999999995,11.42681046480715
Курская область,2024-10-01,17.52741613202484,0.667769408390896,0.0,0.0,0.0,57.5982012634445,7.859999999999999,11.44768624942619
Курская область,2024-11-01,17.99838218181415,2.039278586154861,0.0,0.0,0.0,55.87786455447976,8.319999999999993,11.28146577159543
Курская область,2024-12-01,18.2295729344426,0.34090421830265427,0.0,0.0,0.0,52.89153730502362,8.819999999999993,11.42418465367916
Курская область,2025-01-01,18.19016346159488,0.24822008087726388,0.0,0.0,0.0,50.87453819785911,9.780000000000001,12.09873941351584
Курская область,2025-02-01,21.9918260894465,0.31653560056003016,0.0,0.0,0.0,49.76329108757538,10.41,12.08720100835226
Курская область,2025-03-01,19.18638572959298,0.41369500741819465,0.0,0.0,0.0,48.83978300998977,10.56,12.38573890648563
Курская область,2025-04-01,19.06069183812313,0.5812476727093596,0.0,0.0,0.0,47.99907541085261,10.88,12.72448056569218
Курская область,2025-05-01,17.66809169382165,0.3820181297639742,0.0,0.0,0.0,47.48817758389632,10.8,12.64668698476233
Курская область,2025-06-01,16.9322926366168,0.6128194128495359,0.0,0.0,0.0,47.01749188641784,10.31,12.71286548930255
Курская область,2025-07-01,17.48987779614077,-0.2977272507310609,-0.0,-0.0,-0.0,46.37501236251368,10.31999999999999,13.18448747036503
Курская область,2025-08-01,17.03553723706276,-1.399483474742535,-0.0,-0.0,-0.0,45.75704824318622,10.04000000000001,12.28262250545511
Курская область,2025-09-01,16.28191677223527,0.2588989388809786,0.0,0.0,0.0,45.77725683027732,9.150000000000006,12.30597846921805
Курская область,2025-10-01,14.78954134282261,-0.43597080805563593,-0.0,-0.0,-0.0,45.74563796435963,9.180000000000007,12.38508950297843
Курская область,2025-11-01,14.85010188497165,-0.19410526130430839,-0.0,-0.0,-0.0,45.72592613972384,8.900000000000006,12.11674264630373
Курская область,2025-12-01,14.84685373234106,0.2813157398373711,0.0,0.0,0.0,45.70713337984542,7.629999999999995,12.39437793508494
Ленинградская область,2019-03-01,12.95150763008439,0.7128714995200838,0.7128714995200838,0.0,0.0,51.54264004316941,4.709999999999994,13.82571956035012
Ленинградская область,2019-04-01,13.15389511595057,0.6911493920479934,0.6911493920479934,0.0,0.0,52.34827464412947,4.510000000000005,13.84844126447962
Ленинградская область,2019-05-01,13.28217255396826,0.45783100689424217,0.45783100689424217,0.0,0.0,53.14075366831278,4.390000000000001,13.7406582822336
Ленинградская область,2019-06-01,13.52983265506085,0.5041451542673663,0.5041451542673663,0.0,0.0,53.74975013885484,4.359999999999999,13.67177058434762
Ленинградская область,2019-07-01,13.17683947388379,0.14629311794748645,0.14629311794748645,0.0,0.0,54.33213205641737,4.140000000000001,13.46727105400013
Ленинградская область,2019-08-01,13.17394720386909,0.061654111534494405,0.061654111534494405,0.0,0.0,54.22218527775835,4.040000000000006,13.64994253261713
Ленинградская область,2019-09-01,13.01289569191592,0.2864871600654304,0.2864871600654304,0.0,0.0,54.94197224740265,3.950000000000003,13.68280752309557
Ленинградская область,2019-10-01,12.76477547649594,0.199118629193201,0.199118629193201,0.0,0.0,55.56437444092492,3.870000000000005,13.88657499241097
Ленинградская область,2019-11-01,12.529723537873,-0.3451712223245451,-0.3451712223245451,-0.0,-0.0,55.9226416892522,3.579999999999998,13.7525661846192
Ленинградская область,2019-12-01,12.25670434030371,-0.11071296164861266,-0.11071296164861266,-0.0,-0.0,56.37754424537291,3.510000000000005,13.77433572164648
Ленинградская область,2020-01-01,12.08157394972909,0.4934187707708695,0.4934187707708695,0.0,0.0,56.4774821091345,2.859999999999999,13.73341688649603
Ленинградская область,2020-02-01,12.13830472328594,0.717717316165718,0.717717316165718,0.0,0.0,55.96235458774002,2.290000000000006,13.76252113705494
Ленинградская область,2020-03-01,12.06380243982094,0.5448138582658153,0.5448138582658153,0.0,0.0,56.3390556577304,2.189999999999998,13.8848607474763
Ленинградская область,2020-04-01,11.74793495403225,0.24910450663146122,0.24910450663146122,0.0,0.0,57.13019088681184,2.430000000000007,13.57695983922356
Ленинградская область,2020-05-01,11.74006533317972,0.12930980432325967,0.12930980432325967,0.0,0.0,56.98725776779776,2.959999999999994,14.27505167973318
Ленинградская область,2020-06-01,11.40727773408667,0.4216232562547013,0.4216232562547013,0.0,0.0,57.16029450734271,2.760000000000005,14.26365991888674
Ленинградская область,2020-07-01,11.17062468750236,-1.5016319110366503,-1.5016319110366503,-0.0,-0.0,57.57614558851847,2.400000000000006,14.44016649915426
Ленинградская область,2020-08-01,10.88083960390839,-0.8645661305373835,-0.8645661305373835,-0.0,-0.0,58.12552593347009,3.030000000000001,14.34518968513083
Ленинградская область,2020-09-01,10.67548120445733,-0.7937016241842549,-0.7937016241842549,-0.0,-0.0,59.19545450296641,3.189999999999998,14.273888692719
Ленинградская область,2020-10-01,10.34753099338689,-1.2364929674992595,-1.2364929674992595,-0.0,-0.0,59.97808082434968,3.079999999999998,14.37473567757038
Ленинградская область,2020-11-01,10.01777859341424,-1.3589786818048175,-1.3589786818048175,-0.0,-0.0,60.25611349591193,3.260000000000005,13.91183069407632
Ленинградская область,2020-12-01,10.29228906689741,-1.7089361724181273,-1.7089361724181273,-0.0,-0.0,60.57159826920046,3.420000000000002,14.03894076978066
Ленинградская область,2021-01-01,9.99176864428312,3.0895976215913166,3.0895976215913166,0.0,0.0,60.61295965166963,4.060000000000002,14.04972957807107
Ленинградская область,2021-02-01,10.50381718907622,-0.05176615786507455,-0.05176615786507455,-0.0,-0.0,60.61385219474317,4.299999999999997,14.03976614580504
Ленинградская область,2021-03-01,10.15773088940296,-0.6104025253424652,-0.6104025253424652,-0.0,-0.0,61.41546297537032,4.859999999999999,14.01162215148863
Ленинградская область,2021-04-01,10.15650161121064,-0.5967440618905293,-0.5967440618905293,-0.0,-0.0,62.28590877683382,5.280000000000001,14.11477977717391
Ленинградская область,2021-05-01,10.06273780273488,-0.241937869195743,-0.241937869195743,-0.0,-0.0,62.60094431338123,4.980000000000004,14.10494133382314
Ленинградская область,2021-06-01,10.31021685706406,-0.7676306960714552,-0.7676306960714552,-0.0,-0.0,63.53335966493868,5.560000000000002,13.67098076064702
Ленинградская область,2021-07-01,10.05393102631415,0.08560806359759354,0.08560806359759354,0.0,0.0,64.70577089748572,6.340000000000003,14.03858295409687
Ленинградская область,2021-08-01,10.85083123084945,0.3090771946763784,0.3090771946763784,0.0,0.0,65.18314996686118,5.900000000000006,13.91948664266388
Ленинградская область,2021-09-01,10.90499805057794,-0.6460537301930689,-0.6460537301930689,-0.0,-0.0,66.08436120955629,6.25,13.84470189786264
Ленинградская область,2021-10-01,10.70841962971089,-0.6175372517280238,-0.6175372517280238,-0.0,-0.0,66.66585313252654,6.670000000000002,13.81893043231358
Ленинградская область,2021-11-01,10.68430225598773,-0.12114037446266934,-0.12114037446266934,-0.0,-0.0,67.19072090083039,7.689999999999998,13.83213608967748
Ленинградская область,2021-12-01,10.77977011550463,-0.26721650241728057,-0.26721650241728057,-0.0,-0.0,67.6262285768699,8.159999999999997,13.69953515361061
Ленинградская область,2022-01-01,10.66007744033906,0.27464209751393653,0.27464209751393653,0.0,0.0,67.79577004119608,7.959999999999994,13.67928663694341
Ленинградская область,2022-02-01,11.30866144428391,-0.3501956198858558,-0.3501956198858558,-0.0,-0.0,64.9894356945107,8.290000000000006,13.14461081352007
Ленинградская область,2022-03-01,11.31735319384829,4.941478356719127,4.941478356719127,0.0,0.0,65.70345178106597,8.790000000000006,13.55600260426037
Ленинградская область,2022-04-01,11.30484258557181,1.4923126339086181,1.4923126339086181,0.0,0.0,64.94889668302555,14.13,14.50143213488442
Ленинградская область,2022-05-01,14.97207631524259,-1.244790623444267,-1.244790623444267,-0.0,-0.0,63.08693749455217,15.28,14.48930531357929
Ленинградская область,2022-06-01,15.30010932020993,-3.118179668249544,-3.118179668249544,-0.0,-0.0,62.52235655621313,14.93000000000001,14.72576169088354
Ленинградская область,2022-07-01,13.32755501995607,-0.386746413724417,-0.386746413724417,-0.0,-0.0,62.07143944142057,13.81999999999999,15.38663728776565
Ленинградская область,2022-08-01,12.83318059708281,-1.1110066252555733,-1.1110066252555733,-0.0,-0.0,62.04460727943283,13.0,15.19405089178107
Ленинградская область,2022-09-01,12.34533122165255,1.7547062341946287,1.7547062341946287,0.0,0.0,62.17281944228723,12.36,15.27485730548996
Ленинградская область,2022-10-01,11.99846352503672,1.2482715752793254,1.2482715752793254,0.0,0.0,62.7051025122144,12.44,15.22365569046469
Ленинградская область,2022-11-01,11.7661437089545,0.32653909912163215,0.32653909912163215,0.0,0.0,62.22703106078077,11.44,15.20494170438334
Ленинградская область,2022-12-01,11.92521049296797,0.14955653030453497,0.14955653030453497,0.0,0.0,62.38085592206583,10.89,15.4273856618956
Ленинградская область,2023-01-01,11.35173406229746,0.13967960707903515,0.13967960707903515,0.0,0.0,62.39658627625432,10.83,15.13194693383145
Ленинградская область,2023-02-01,12.81490210489668,-1.9472998218897306,-1.9472998218897306,-0.0,-0.0,64.48277169463947,11.31,15.30425788344526
Ленинградская область,2023-03-01,12.22273613640565,-0.4649545463768856,-0.4649545463768856,-0.0,-0.0,64.41745373581917,10.66,15.19761246671447
Ленинградская область,2023-04-01,12.32557530235696,-0.5507806832459252,-0.5507806832459252,-0.0,-0.0,65.08437376362436,4.859999999999999,15.00703499213223
Ленинградская область,2023-05-01,12.43789816262632,-0.46521849390664727,-0.46521849390664727,-0.0,-0.0,64.78182868531451,3.439999999999998,14.86121638189963
Ленинградская область,2023-06-01,12.62615649409084,-0.5347109788556779,-0.5347109788556779,-0.0,-0.0,64.98497522889586,3.230000000000004,14.32482778335181
Ленинградская область,2023-07-01,12.50913333272124,-0.5497632155639387,-0.5497632155639387,-0.0,-0.0,65.33545155475204,3.879999999999995,14.3584669086359
Ленинградская область,2023-08-01,12.23682862261089,0.2078297309388475,0.2078297309388475,0.0,0.0,65.41656592889001,4.640000000000001,14.09894202458099
Ленинградская область,2023-09-01,12.13774469990882,2.7050587479091437,2.7050587479091437,0.0,0.0,66.29820704445083,5.349999999999994,14.0123856733314
Ленинградская область,2023-10-01,12.23878881637616,0.8633696772512707,0.8633696772512707,0.0,0.0,67.2131562036856,5.469999999999999,13.87900147784761
Ленинградская область,2023-11-01,13.59724383568102,1.714265038508227,1.714265038508227,0.0,0.0,67.22950006600331,5.700000000000003,13.57348570001526
Ленинградская область,2023-12-01,13.68041998156348,-1.5282051620880424,-1.5282051620880424,-0.0,-0.0,67.01158021076509,6.150000000000006,13.64701160942596
Ленинградская область,2024-01-01,13.9594231698818,0.6818813931607863,0.6818813931607863,0.0,0.0,66.12433963249808,6.040000000000006,13.55458503436545
Ленинградская область,2024-02-01,17.48965299484869,-1.5559611222700127,-1.5559611222700127,-0.0,-0.0,65.17743898256204,5.780000000000001,13.60382001823029
Ленинградская область,2024-03-01,18.23165007633609,-0.03662363343873665,-0.03662363343873665,-0.0,-0.0,64.62316830052256,6.010000000000005,13.51479340123856
Ленинградская область,2024-04-01,16.90192080737082,-0.07535756412256944,-0.07535756412256944,-0.0,-0.0,64.61518210326244,6.409999999999997,13.4642426108714
Ленинградская область,2024-05-01,17.13130130377513,-1.8174537430626252,-1.8174537430626252,-0.0,-0.0,64.51367692501184,6.650000000000006,13.39478265768667
Ленинградская область,2024-06-01,16.70698196112865,-0.4392507252018447,-0.4392507252018447,-0.0,-0.0,64.2563925799065,6.930000000000007,12.93834708139412
Ленинградская область,2024-07-01,15.46660728024254,-0.5869739684411108,-0.5869739684411108,-0.0,-0.0,64.42630929543664,7.5,13.05201657504114
Ленинградская область,2024-08-01,19.19257666379801,1.4105522767729113,1.4105522767729113,0.0,0.0,63.19217430661368,7.909999999999997,12.2689664426976
Ленинградская область,2024-09-01,18.7226743418811,-1.9115218364399809,-1.9115218364399809,-0.0,-0.0,62.76990647031757,7.560000000000002,12.26346419957814
Ленинградская область,2024-10-01,18.70476772268832,0.667769408390896,0.667769408390896,0.0,0.0,61.8585370490766,7.359999999999999,12.29826610304111
Ленинградская область,2024-11-01,18.75455048158903,2.039278586154861,2.039278586154861,0.0,0.0,60.16752002055308,7.450000000000003,12.09706190654406
Ленинградская область,2024-12-01,19.32687949670575,0.34090421830265427,0.34090421830265427,0.0,0.0,57.54695774847573,8.099999999999994,12.23205516167742
Ленинградская область,2025-01-01,18.62534339198137,0.24822008087726388,0.24822008087726388,0.0,0.0,55.33681325498623,9.25,12.75097943386201
Ленинградская область,2025-02-01,22.3276491569591,0.31653560056003016,0.31653560056003016,0.0,0.0,58.9238606265374,9.780000000000001,12.80861446029838
Ленинградская область,2025-03-01,20.07064524717731,0.41369500741819465,0.41369500741819465,0.0,0.0,58.0106404828145,9.75,13.11609761542284
Ленинградская область,2025-04-01,20.50010559916835,0.5812476727093596,0.5812476727093596,0.0,0.0,57.3387575870406,10.18000000000001,13.41382277737041
Ленинградская область,2025-05-01,19.31674499082679,0.3820181297639742,0.3820181297639742,0.0,0.0,56.66379895020239,10.09999999999999,13.26823572583311
Ленинградская область,2025-06-01,19.18657458718155,0.6128194128495359,0.6128194128495359,0.0,0.0,56.12843698430918,9.760000000000005,13.35971534547972
Ленинградская область,2025-07-01,18.44871870026474,-0.2977272507310609,-0.2977272507310609,-0.0,-0.0,55.54316667824415,9.260000000000005,13.86221418090221
Ленинградская область,2025-08-01,18.3160552350728,-1.399483474742535,-1.399483474742535,-0.0,-0.0,54.71466454079462,9.549999999999997,12.89946825771448
Ленинградская область,2025-09-01,17.859726592537,0.2588989388809786,0.2588989388809786,0.0,0.0,54.59984545233827,9.370000000000005,12.99518210138049
Ленинградская область,2025-10-01,16.68855628594948,-0.43597080805563593,-0.43597080805563593,-0.0,-0.0,54.40743723229022,9.700000000000003,12.96079919362214
Ленинградская область,2025-11-01,16.80114729110583,-0.19410526130430839,-0.19410526130430839,-0.0,-0.0,54.34221413195763,9.689999999999998,12.79104648967699
Ленинградская область,2025-12-01,16.08868709757066,0.2813157398373711,0.2813157398373711,0.0,0.0,54.14463513090762,8.819999999999993,13.03896042543788
Липецкая область,2019-03-01,13.62822448298135,0.7128714995200838,0.0,0.0,0.0,44.92902910044552,6.180000000000007,13.80084287455791
Липецкая область,2019-04-01,13.82170532339614,0.6911493920479934,0.0,0.0,0.0,44.89412424728266,6.189999999999998,13.84285546450099
Липецкая область,2019-05-01,13.88784690276072,0.45783100689424217,0.0,0.0,0.0,44.96387919939539,6.239999999999995,13.76033420073961
Липецкая область,2019-06-01,14.19248362823134,0.5041451542673663,0.0,0.0,0.0,45.47544991994886,6.200000000000003,13.70979920147224
Липецкая область,2019-07-01,13.74716521987085,0.14629311794748645,0.0,0.0,0.0,45.95076974348839,5.450000000000003,13.41434944097689
Липецкая область,2019-08-01,13.82680230051359,0.061654111534494405,0.0,0.0,0.0,46.18910982693673,5.120000000000005,13.66902615694206
Липецкая область,2019-09-01,13.37775489097217,0.2864871600654304,0.0,0.0,0.0,46.6588798939955,4.719999999999999,13.80670988781023
Липецкая область,2019-10-01,13.32990196499838,0.199118629193201,0.0,0.0,0.0,47.00223700516423,4.030000000000001,13.978915833864
Липецкая область,2019-11-01,13.20577387841991,-0.3451712223245451,-0.0,-0.0,-0.0,47.33325593936347,3.920000000000002,13.78142652648793
Липецкая область,2019-12-01,12.88451167347489,-0.11071296164861266,-0.0,-0.0,-0.0,47.66207978313722,3.549999999999997,13.73571269367895
Липецкая область,2020-01-01,12.55164726964333,0.4934187707708695,0.0,0.0,0.0,47.59420755743618,2.879999999999995,13.65727485169219
Липецкая область,2020-02-01,12.9429641761485,0.717717316165718,0.0,0.0,0.0,47.75819718936663,2.629999999999995,13.66801396862509
Липецкая область,2020-03-01,12.71284411450236,0.5448138582658153,0.0,0.0,0.0,47.96361664572391,2.329999999999998,13.81361495145143
Липецкая область,2020-04-01,12.49946473451986,0.24910450663146122,0.0,0.0,0.0,48.78402668474794,2.459999999999994,13.52443353500377
Липецкая область,2020-05-01,12.20102216483981,0.12930980432325967,0.0,0.0,0.0,48.39980416208898,3.170000000000002,14.29512162993278
Липецкая область,2020-06-01,12.05188886434006,0.4216232562547013,0.0,0.0,0.0,48.17228908667216,3.069999999999993,14.22622570925127
Липецкая область,2020-07-01,11.84237226872552,-1.5016319110366503,-0.0,-0.0,-0.0,48.48865357646127,3.349999999999994,14.41083661325066
Липецкая область,2020-08-01,11.21703217795417,-0.8645661305373835,-0.0,-0.0,-0.0,48.93319216507822,3.689999999999998,14.36397248668497
Липецкая область,2020-09-01,10.98198489069381,-0.7937016241842549,-0.0,-0.0,-0.0,49.71197049291052,4.030000000000001,14.25582788209929
Липецкая область,2020-10-01,10.74171954836023,-1.2364929674992595,-0.0,-0.0,-0.0,50.44296152298055,4.310000000000002,14.45725891543472
Липецкая область,2020-11-01,10.35617895005402,-1.3589786818048175,-0.0,-0.0,-0.0,51.11939830566006,4.590000000000003,13.89159469789971
Липецкая область,2020-12-01,10.75638216056418,-1.7089361724181273,-0.0,-0.0,-0.0,50.91576377874293,5.420000000000002,14.05991479098606
Липецкая область,2021-01-01,10.37124421114671,3.0895976215913166,0.0,0.0,0.0,50.91065375457143,6.140000000000001,14.1279472773908
Липецкая область,2021-02-01,11.26331473992121,-0.05176615786507455,-0.0,-0.0,-0.0,50.93545817336695,6.219999999999999,14.11813485265108
Липецкая область,2021-03-01,10.77180696905133,-0.6104025253424652,-0.0,-0.0,-0.0,51.35031244430454,6.819999999999993,14.12751725507094
Липецкая область,2021-04-01,10.5903371105562,-0.5967440618905293,-0.0,-0.0,-0.0,51.95101759718379,7.140000000000001,14.21207456714677
Липецкая область,2021-05-01,10.59316553285474,-0.241937869195743,-0.0,-0.0,-0.0,52.26086410283066,6.650000000000006,14.29066292582698
Липецкая область,2021-06-01,11.08026907383125,-0.7676306960714552,-0.0,-0.0,-0.0,52.7538310540447,7.150000000000006,13.73831182384036
Липецкая область,2021-07-01,10.72937562899938,0.08560806359759354,0.0,0.0,0.0,53.29148511186902,7.549999999999997,14.17588709078778
Липецкая область,2021-08-01,11.05306232574669,0.3090771946763784,0.0,0.0,0.0,54.13286261140446,7.549999999999997,14.01188013415967
Липецкая область,2021-09-01,11.14272508230428,-0.6460537301930689,-0.0,-0.0,-0.0,54.90814299785107,8.040000000000006,13.89070903645143
Липецкая область,2021-10-01,11.0753479138125,-0.6175372517280238,-0.0,-0.0,-0.0,55.42712274428835,8.670000000000002,13.95059439671987
Липецкая область,2021-11-01,11.39963871999396,-0.12114037446266934,-0.0,-0.0,-0.0,55.91336543187165,9.780000000000001,13.8587163324971
Липецкая область,2021-12-01,11.55457830833461,-0.26721650241728057,-0.0,-0.0,-0.0,56.14199392768504,9.459999999999994,13.72202547153437
Липецкая область,2022-01-01,11.39081552392485,0.27464209751393653,0.0,0.0,0.0,56.40783907884894,9.099999999999994,13.67316614117025
Липецкая область,2022-02-01,12.42890961512553,-0.3501956198858558,-0.0,-0.0,-0.0,56.41178155871997,9.760000000000005,13.12549310439535
Липецкая область,2022-03-01,12.0404928447866,4.941478356719127,0.0,0.0,0.0,56.5823821699195,9.790000000000006,13.48698594063562
Липецкая область,2022-04-01,12.47791179653532,1.4923126339086181,0.0,0.0,0.0,54.84625137042131,16.7,14.38555765948777
Липецкая область,2022-05-01,16.63395775744682,-1.244790623444267,-0.0,-0.0,-0.0,52.54044231098393,18.78,14.24217785702731
Липецкая область,2022-06-01,16.89268355419284,-3.118179668249544,-0.0,-0.0,-0.0,51.89274208531747,18.18000000000001,14.33473905732914
Липецкая область,2022-07-01,15.47436297544049,-0.386746413724417,-0.0,-0.0,-0.0,51.44679180010316,17.31999999999999,14.99589529933768
Липецкая область,2022-08-01,13.41595491083171,-1.1110066252555733,-0.0,-0.0,-0.0,52.65987956301871,16.48,14.75928331820433
Липецкая область,2022-09-01,12.85555783912693,1.7547062341946287,0.0,0.0,0.0,52.55497230143127,15.27,14.79165969087263
Липецкая область,2022-10-01,12.83327514668335,1.2482715752793254,0.0,0.0,0.0,52.86080622983066,14.72,14.75677149285641
Липецкая область,2022-11-01,13.02035994600176,0.32653909912163215,0.0,0.0,0.0,52.98697551653867,13.16,14.63304828999151
Липецкая область,2022-12-01,13.20295781280374,0.14955653030453497,0.0,0.0,0.0,53.09749822250307,12.63,14.84147623312554
Липецкая область,2023-01-01,12.68825756937401,0.13967960707903515,0.0,0.0,0.0,52.82563913050413,12.95999999999999,14.60949535433268
Липецкая область,2023-02-01,14.40097715517352,-1.9472998218897306,-0.0,-0.0,-0.0,53.66954869982496,12.37,14.76823427832
Липецкая область,2023-03-01,13.43256868463456,-0.4649545463768856,-0.0,-0.0,-0.0,53.82772816941191,11.61,14.57602981868468
Липецкая область,2023-04-01,13.3543318883367,-0.5507806832459252,-0.0,-0.0,-0.0,54.87352980774975,4.299999999999997,14.43664587170036
Липецкая область,2023-05-01,13.47710548751333,-0.46521849390664727,-0.0,-0.0,-0.0,55.05575228168556,2.349999999999994,14.29413824828045
Липецкая область,2023-06-01,13.61395182563163,-0.5347109788556779,-0.0,-0.0,-0.0,55.41092897698491,2.590000000000003,13.73996283153254
Липецкая область,2023-07-01,13.6801444311761,-0.5497632155639387,-0.0,-0.0,-0.0,55.83524068486822,3.159999999999997,13.70107834428324
Липецкая область,2023-08-01,13.40979335167529,0.2078297309388475,0.0,0.0,0.0,56.00894683523995,3.980000000000004,13.38868451792016
Липецкая область,2023-09-01,13.08363491513807,2.7050587479091437,0.0,0.0,0.0,57.24754874376603,5.140000000000001,13.26424697821661
Липецкая область,2023-10-01,13.57705338726681,0.8633696772512707,0.0,0.0,0.0,58.09289825525865,5.599999999999994,13.16839928420227
Липецкая область,2023-11-01,14.83225767175741,1.714265038508227,0.0,0.0,0.0,58.27695074252224,5.989999999999995,12.93312504232704
Липецкая область,2023-12-01,15.44062008374444,-1.5282051620880424,-0.0,-0.0,-0.0,58.21431552600798,6.950000000000003,12.93342835012428
Липецкая область,2024-01-01,15.50127407191786,0.6818813931607863,0.0,0.0,0.0,56.98420775345353,6.689999999999998,12.98786170233502
Липецкая область,2024-02-01,19.52877623192591,-1.5559611222700127,-0.0,-0.0,-0.0,56.81951508639105,6.849999999999994,13.04659275291561
Липецкая область,2024-03-01,20.146395863642,-0.03662363343873665,-0.0,-0.0,-0.0,56.11040307835016,7.530000000000001,12.95596053774949
Липецкая область,2024-04-01,18.97228040900086,-0.07535756412256944,-0.0,-0.0,-0.0,56.0644265898772,7.480000000000004,12.86228902463546
Липецкая область,2024-05-01,18.5509253250086,-1.8174537430626252,-0.0,-0.0,-0.0,55.94632850566526,7.629999999999995,12.8377346080127
Липецкая область,2024-06-01,18.38205715826593,-0.4392507252018447,-0.0,-0.0,-0.0,55.9743515087611,7.879999999999995,12.48400652512969
Липецкая область,2024-07-01,17.05320242011751,-0.5869739684411108,-0.0,-0.0,-0.0,56.25724109048863,7.75,12.56867488789238
Липецкая область,2024-08-01,20.80093830050867,1.4105522767729113,0.0,0.0,0.0,55.3058629961391,8.569999999999993,11.64060158691444
Липецкая область,2024-09-01,20.65672799981018,-1.9115218364399809,-0.0,-0.0,-0.0,54.87799996614434,8.349999999999994,11.62177740626911
Липецкая область,2024-10-01,20.71332998110549,0.667769408390896,0.0,0.0,0.0,54.20572237074466,7.980000000000004,11.62060757002959
Липецкая область,2024-11-01,20.09134084224203,2.039278586154861,0.0,0.0,0.0,52.54993075067932,8.61,11.45426559125081
Липецкая область,2024-12-01,20.04725014709856,0.34090421830265427,0.0,0.0,0.0,49.17192577000649,9.049999999999997,11.59696564010024
Липецкая область,2025-01-01,19.62038673932577,0.24822008087726388,0.0,0.0,0.0,46.63278350765096,10.01000000000001,12.18859747893992
Липецкая область,2025-02-01,23.55988565611624,0.31653560056003016,0.0,0.0,0.0,44.70132313168857,10.48,12.15782815854907
Липецкая область,2025-03-01,21.72105079821992,0.41369500741819465,0.0,0.0,0.0,44.02920402737339,10.39,12.44395477653224
Липецкая область,2025-04-01,21.79304221540066,0.5812476727093596,0.0,0.0,0.0,43.50364359989197,11.05,12.70921866971939
Липецкая область,2025-05-01,20.1588358020262,0.3820181297639742,0.0,0.0,0.0,42.50946622396018,11.06,12.62337419610235
Липецкая область,2025-06-01,20.62089832499033,0.6128194128495359,0.0,0.0,0.0,42.07739943116195,11.01000000000001,12.69523836079865
Липецкая область,2025-07-01,20.52311826853152,-0.2977272507310609,-0.0,-0.0,-0.0,41.50523119559549,10.81,13.16208967239048
Липецкая область,2025-08-01,19.79024851177745,-1.399483474742535,-0.0,-0.0,-0.0,40.9445741754955,9.86,12.29115794687964
Липецкая область,2025-09-01,18.685321145353,0.2588989388809786,0.0,0.0,0.0,40.87694135136162,8.89,12.30833738031464
Липецкая область,2025-10-01,17.51387100732427,-0.43597080805563593,-0.0,-0.0,-0.0,40.77351042219209,9.019999999999996,12.33184982619439
Липецкая область,2025-11-01,17.17744514392772,-0.19410526130430839,-0.0,-0.0,-0.0,40.83110312896904,8.469999999999999,12.24343308433522
Липецкая область,2025-12-01,17.92357519003665,0.2813157398373711,0.0,0.0,0.0,40.56021268007731,7.019999999999996,12.51965639958125
Магаданская область,2019-03-01,13.16291947901162,0.7128714995200838,0.0,0.7128714995200838,0.0,32.90420592883351,5.459999999999994,13.44702531987965
Магаданская область,2019-04-01,13.42022930012947,0.6911493920479934,0.0,0.6911493920479934,0.0,33.26643616724038,5.510000000000005,13.43774771658259
Магаданская область,2019-05-01,13.47705381430371,0.45783100689424217,0.0,0.45783100689424217,0.0,33.39040192705891,5.590000000000003,13.3512274552654
Магаданская область,2019-06-01,13.78954027572442,0.5041451542673663,0.0,0.5041451542673663,0.0,33.45982067375103,5.739999999999995,13.32755354566974
Магаданская область,2019-07-01,13.45839435621603,0.14629311794748645,0.0,0.14629311794748645,0.0,33.62125972482147,5.530000000000001,13.10444815156791
Магаданская область,2019-08-01,13.3407253009955,0.061654111534494405,0.0,0.061654111534494405,0.0,33.91693064582005,5.290000000000006,13.31093663636481
Магаданская область,2019-09-01,12.95744549066539,0.2864871600654304,0.0,0.2864871600654304,0.0,34.17377983435067,4.879999999999995,13.3584483143846
Магаданская область,2019-10-01,12.5970367428417,0.199118629193201,0.0,0.199118629193201,0.0,34.63619203896162,4.099999999999994,13.54380085164351
Магаданская область,2019-11-01,12.63348799457621,-0.3451712223245451,-0.0,-0.3451712223245451,-0.0,34.5866499521974,2.620000000000005,13.47355919270209
Магаданская область,2019-12-01,12.26894392669786,-0.11071296164861266,-0.0,-0.11071296164861266,-0.0,34.85232828472708,2.650000000000006,13.47917716353487
Магаданская область,2020-01-01,12.2225345757315,0.4934187707708695,0.0,0.4934187707708695,0.0,34.74828187029823,2.569999999999993,13.39257583555655
Магаданская область,2020-02-01,12.57910772380862,0.717717316165718,0.0,0.717717316165718,0.0,35.65214602132439,1.379999999999995,13.29978446002053
Магаданская область,2020-03-01,12.43807847234164,0.5448138582658153,0.0,0.5448138582658153,0.0,35.7093506121351,1.870000000000005,13.41574103983615
Магаданская область,2020-04-01,12.2152167417605,0.24910450663146122,0.0,0.24910450663146122,0.0,35.85782401930214,2.420000000000002,13.18323061484009
Магаданская область,2020-05-01,12.18355808132653,0.12930980432325967,0.0,0.12930980432325967,0.0,35.2981219638545,2.680000000000007,14.14023140395938
Магаданская область,2020-06-01,12.01969785819073,0.4216232562547013,0.0,0.4216232562547013,0.0,35.32706228488023,2.650000000000006,14.14892946511076
Магаданская область,2020-07-01,11.57578074555997,-1.5016319110366503,-0.0,-1.5016319110366503,-0.0,35.34432417272114,2.959999999999994,14.30133163189874
Магаданская область,2020-08-01,10.96009748947584,-0.8645661305373835,-0.0,-0.8645661305373835,-0.0,34.1223897991257,4.260000000000005,14.18009476467335
Магаданская область,2020-09-01,10.90412509789728,-0.7937016241842549,-0.0,-0.7937016241842549,-0.0,34.69080511055229,3.950000000000003,14.00241527085511
Магаданская область,2020-10-01,10.48733517873744,-1.2364929674992595,-0.0,-1.2364929674992595,-0.0,35.03355243445039,3.780000000000001,14.21536489083855
Магаданская область,2020-11-01,10.03231204526959,-1.3589786818048175,-0.0,-1.3589786818048175,-0.0,35.04663793632586,3.569999999999993,13.56456855657429
Магаданская область,2020-12-01,10.12644313269832,-1.7089361724181273,-0.0,-1.7089361724181273,-0.0,34.45774338440867,3.879999999999995,13.72530250325954
Магаданская область,2021-01-01,9.10037938632266,3.0895976215913166,0.0,3.0895976215913166,0.0,34.76437652570073,5.0,13.799525893719
Магаданская область,2021-02-01,10.03532823291329,-0.05176615786507455,-0.0,-0.05176615786507455,-0.0,35.08716374336135,5.719999999999999,13.80295257505985
Магаданская область,2021-03-01,9.75103374534756,-0.6104025253424652,-0.0,-0.6104025253424652,-0.0,35.36735652566669,5.579999999999998,13.76448603544986
Магаданская область,2021-04-01,9.79050283536858,-0.5967440618905293,-0.0,-0.5967440618905293,-0.0,35.76600928648752,5.730000000000004,13.89161850397058
Магаданская область,2021-05-01,9.09964383175612,-0.241937869195743,-0.0,-0.241937869195743,-0.0,36.71062105649058,6.140000000000001,14.0695008495888
Магаданская область,2021-06-01,10.03266712852748,-0.7676306960714552,-0.0,-0.7676306960714552,-0.0,37.13189001792087,6.299999999999997,13.35504485747079
Магаданская область,2021-07-01,9.56173681268034,0.08560806359759354,0.0,0.08560806359759354,0.0,37.87883936966111,6.390000000000001,13.82355994048649
Магаданская область,2021-08-01,10.02946053683096,0.3090771946763784,0.0,0.3090771946763784,0.0,38.38061437808945,5.799999999999997,13.61028964698458
Магаданская область,2021-09-01,10.14889157667185,-0.6460537301930689,-0.0,-0.6460537301930689,-0.0,39.27982438079372,5.780000000000001,13.56044640114306
Магаданская область,2021-10-01,10.27367282243216,-0.6175372517280238,-0.0,-0.6175372517280238,-0.0,40.06865230550125,6.120000000000005,13.72412510030506
Магаданская область,2021-11-01,10.16396127003311,-0.12114037446266934,-0.0,-0.12114037446266934,-0.0,40.14104221007956,7.480000000000004,13.61774416770726
Магаданская область,2021-12-01,9.84802749393833,-0.26721650241728057,-0.0,-0.26721650241728057,-0.0,40.6147577667091,9.370000000000005,13.39486404501165
Магаданская область,2022-01-01,9.36967407787272,0.27464209751393653,0.0,0.27464209751393653,0.0,41.21324540845568,8.579999999999998,13.36189933239708
Магаданская область,2022-02-01,11.57347287290517,-0.3501956198858558,-0.0,-0.3501956198858558,-0.0,43.63394927827782,9.14,12.76564426814996
Магаданская область,2022-03-01,11.73233010166144,4.941478356719127,0.0,4.941478356719127,0.0,43.793695828503,9.159999999999997,12.94682098688732
Магаданская область,2022-04-01,12.41841602804704,1.4923126339086181,0.0,1.4923126339086181,0.0,43.25369867156306,12.65000000000001,13.85119253847198
Магаданская область,2022-05-01,17.13025890041205,-1.244790623444267,-0.0,-1.244790623444267,-0.0,41.8875108245591,13.16,13.67170682209579
Магаданская область,2022-06-01,17.72393728499064,-3.118179668249544,-0.0,-3.118179668249544,-0.0,41.4711551425755,13.52,13.74777932891567
Магаданская область,2022-07-01,15.36825987968788,-0.386746413724417,-0.0,-0.386746413724417,-0.0,41.24288636898829,13.03,14.47084786890807
Магаданская область,2022-08-01,12.68449833840326,-1.1110066252555733,-0.0,-1.1110066252555733,-0.0,42.7783747635096,13.17,14.16935893006077
Магаданская область,2022-09-01,11.42431553446986,1.7547062341946287,0.0,1.7547062341946287,0.0,43.00742358491675,13.58,14.22983350101888
Магаданская область,2022-10-01,11.40020662824884,1.2482715752793254,0.0,1.2482715752793254,0.0,43.54614675901585,14.64,14.19377810267297
Магаданская область,2022-11-01,11.49127822025387,0.32653909912163215,0.0,0.32653909912163215,0.0,43.02534236677216,13.64,14.04273201739446
Магаданская область,2022-12-01,11.77606118314596,0.14955653030453497,0.0,0.14955653030453497,0.0,42.901497397731,11.41,14.36995831129443
Магаданская область,2023-01-01,12.02565328861541,0.13967960707903515,0.0,0.13967960707903515,0.0,42.83360570044719,11.36,14.09790361500481
Магаданская область,2023-02-01,13.14846905473168,-1.9472998218897306,-0.0,-1.9472998218897306,-0.0,44.33325719923411,10.8,14.19332122485243
Магаданская область,2023-03-01,12.82498171960079,-0.4649545463768856,-0.0,-0.4649545463768856,-0.0,44.45351617742094,10.51000000000001,14.04462943579579
Магаданская область,2023-04-01,12.70244837832898,-0.5507806832459252,-0.0,-0.5507806832459252,-0.0,44.73093257418564,6.340000000000003,13.79327904626996
Магаданская область,2023-05-01,12.66427258407659,-0.46521849390664727,-0.0,-0.46521849390664727,-0.0,45.14910133092449,5.409999999999997,13.6552125597169
Магаданская область,2023-06-01,12.42976407790309,-0.5347109788556779,-0.0,-0.5347109788556779,-0.0,45.66670369574003,5.090000000000003,12.9226366585444
Магаданская область,2023-07-01,12.67367006275607,-0.5497632155639387,-0.0,-0.5497632155639387,-0.0,46.16086383850875,4.709999999999994,12.94319403678422
Магаданская область,2023-08-01,13.21751326198266,0.2078297309388475,0.0,0.2078297309388475,0.0,46.31051885550134,4.560000000000002,12.68694563331483
Магаданская область,2023-09-01,13.2067281899113,2.7050587479091437,0.0,2.7050587479091437,0.0,47.16225239454527,4.810000000000002,12.57190952136815
Магаданская область,2023-10-01,12.67582731191069,0.8633696772512707,0.0,0.8633696772512707,0.0,47.72815348720895,4.730000000000004,12.53739708596665
Магаданская область,2023-11-01,13.37922810630827,1.714265038508227,0.0,1.714265038508227,0.0,48.40593958034796,5.430000000000007,12.38918679510695
Магаданская область,2023-12-01,14.20607571354273,-1.5282051620880424,-0.0,-1.5282051620880424,-0.0,48.17809145762416,6.340000000000003,12.45463210637282
Магаданская область,2024-01-01,14.23892174961121,0.6818813931607863,0.0,0.6818813931607863,0.0,46.82135172309869,6.409999999999997,12.65956204469822
Магаданская область,2024-02-01,19.49431852956786,-1.5559611222700127,-0.0,-1.5559611222700127,-0.0,46.66410378686637,6.030000000000001,12.78752366299698
Магаданская область,2024-03-01,18.99838352768714,-0.03662363343873665,-0.0,-0.03662363343873665,-0.0,45.71358959482683,5.950000000000003,12.62864384207752
Магаданская область,2024-04-01,18.25246486257246,-0.07535756412256944,-0.0,-0.07535756412256944,-0.0,45.71080499483401,6.469999999999999,12.54406495686778
Магаданская область,2024-05-01,18.73273678165493,-1.8174537430626252,-0.0,-1.8174537430626252,-0.0,47.02876128067739,6.040000000000006,12.5229211444008
Магаданская область,2024-06-01,17.81347024435326,-0.4392507252018447,-0.0,-0.4392507252018447,-0.0,47.19893818288787,7.340000000000003,12.13016844686942
Магаданская область,2024-07-01,16.71260843495989,-0.5869739684411108,-0.0,-0.5869739684411108,-0.0,47.39528291298463,8.769999999999996,12.3156828011251
Магаданская область,2024-08-01,20.02195243773685,1.4105522767729113,0.0,1.4105522767729113,0.0,47.84888592443933,8.629999999999995,11.20366724619756
Магаданская область,2024-09-01,20.95668257787924,-1.9115218364399809,-0.0,-1.9115218364399809,-0.0,47.76499784695014,8.700000000000003,11.16332128948589
Магаданская область,2024-10-01,20.45352377793693,0.667769408390896,0.0,0.667769408390896,0.0,47.80174264765796,7.439999999999998,11.18962694897485
Магаданская область,2024-11-01,20.84889664673013,2.039278586154861,0.0,2.039278586154861,0.0,46.27388412031531,8.650000000000006,11.07006201511934
Магаданская область,2024-12-01,23.94696796091212,0.34090421830265427,0.0,0.34090421830265427,0.0,43.77679872768298,7.620000000000005,11.23828843828172
Магаданская область,2025-01-01,23.08540865722556,0.24822008087726388,0.0,0.24822008087726388,0.0,41.68580392007893,7.590000000000003,12.03130384059883
Магаданская область,2025-02-01,27.82184625380737,0.31653560056003016,0.0,0.31653560056003016,0.0,39.44670283001462,8.659999999999997,11.99326811874151
Магаданская область,2025-03-01,26.24384996126115,0.41369500741819465,0.0,0.41369500741819465,0.0,39.17227859758769,9.049999999999997,12.28764083696617
Магаданская область,2025-04-01,24.47579545590185,0.5812476727093596,0.0,0.5812476727093596,0.0,38.73776954779318,8.090000000000003,12.56535625038757
Магаданская область,2025-05-01,21.05989827599954,0.3820181297639742,0.0,0.3820181297639742,0.0,36.75427565442295,9.329999999999998,12.48821382510209
Магаданская область,2025-06-01,19.03588387226718,0.6128194128495359,0.0,0.6128194128495359,0.0,36.363088392248,7.719999999999999,12.63481715488875
Магаданская область,2025-07-01,19.13049872406203,-0.2977272507310609,-0.0,-0.2977272507310609,-0.0,35.68369109789706,6.670000000000002,13.01682706126377
Магаданская область,2025-08-01,18.94200417165595,-1.399483474742535,-0.0,-1.399483474742535,-0.0,34.69325976173037,7.030000000000001,12.07495472694999
Магаданская область,2025-09-01,20.09345748674076,0.2588989388809786,0.0,0.2588989388809786,0.0,34.59315048835496,6.390000000000001,12.13981964191304
Магаданская область,2025-10-01,18.35818028814972,-0.43597080805563593,-0.0,-0.43597080805563593,-0.0,34.25153517629164,7.769999999999996,12.21157084544251
Магаданская область,2025-11-01,17.91333206800779,-0.19410526130430839,-0.0,-0.19410526130430839,-0.0,33.94127784945241,7.099999999999994,12.17062633336101
Магаданская область,2025-12-01,18.77334754713304,0.2813157398373711,0.0,0.2813157398373711,0.0,33.15167349298414,7.269999999999996,12.44151421120282
Московская область,2019-03-01,12.65599726845293,0.7128714995200838,0.7128714995200838,0.0,0.0,49.92681198953844,6.409999999999997,13.78087109569939
Московская область,2019-04-01,12.90796198593643,0.6911493920479934,0.6911493920479934,0.0,0.0,50.64470649138294,6.209999999999994,13.75434767330176
Московская область,2019-05-01,12.6435861467518,0.45783100689424217,0.45783100689424217,0.0,0.0,52.12934785007064,5.5,13.58896997415579
Московская область,2019-06-01,13.16527844008926,0.5041451542673663,0.5041451542673663,0.0,0.0,52.71976031483717,5.079999999999998,13.55569723546749
Московская область,2019-07-01,12.92049994435254,0.14629311794748645,0.14629311794748645,0.0,0.0,53.33615263339062,4.810000000000002,13.36111870931816
Московская область,2019-08-01,12.89047865887165,0.061654111534494405,0.061654111534494405,0.0,0.0,51.76080143910411,4.590000000000003,13.53510194316475
Московская область,2019-09-01,12.55483516696937,0.2864871600654304,0.2864871600654304,0.0,0.0,52.63018588544895,4.280000000000001,13.58580455819763
Московская область,2019-10-01,12.39814314203292,0.199118629193201,0.199118629193201,0.0,0.0,53.2642459015501,3.950000000000003,13.73851851367292
Московская область,2019-11-01,12.23010908002089,-0.3451712223245451,-0.3451712223245451,-0.0,-0.0,53.36287316769408,3.739999999999995,13.59065347644132
Московская область,2019-12-01,11.94485438578257,-0.11071296164861266,-0.11071296164861266,-0.0,-0.0,53.94585035129508,3.319999999999993,13.61489628476028
Московская область,2020-01-01,11.61131797400059,0.4934187707708695,0.4934187707708695,0.0,0.0,54.02628751107972,2.609999999999999,13.52740184791909
Московская область,2020-02-01,11.86758698728989,0.717717316165718,0.717717316165718,0.0,0.0,54.57453161647411,1.700000000000003,13.72846488702069
Московская область,2020-03-01,11.65816971507735,0.5448138582658153,0.5448138582658153,0.0,0.0,55.03922875869206,1.609999999999999,13.83089806790065
Московская область,2020-04-01,11.3625758548286,0.24910450663146122,0.24910450663146122,0.0,0.0,55.82262156171151,1.719999999999999,13.6045704206665
Московская область,2020-05-01,11.77297031806,0.12930980432325967,0.12930980432325967,0.0,0.0,57.11277865650759,2.219999999999999,14.23167449021347
Московская область,2020-06-01,11.5233835597383,0.4216232562547013,0.4216232562547013,0.0,0.0,56.77827278839806,2.319999999999993,14.15400292927183
Московская область,2020-07-01,11.20428037183336,-1.5016319110366503,-1.5016319110366503,-0.0,-0.0,57.4004773696138,2.409999999999997,14.31188716576783
Московская область,2020-08-01,10.49454498071381,-0.8645661305373835,-0.8645661305373835,-0.0,-0.0,57.86109670233296,2.510000000000005,14.23752229862794
Московская область,2020-09-01,10.3612701395652,-0.7937016241842549,-0.7937016241842549,-0.0,-0.0,58.74532883428293,2.590000000000003,14.14540830381787
Московская область,2020-10-01,10.08615692250165,-1.2364929674992595,-1.2364929674992595,-0.0,-0.0,59.7007072601756,2.849999999999994,14.28282711583653
Московская область,2020-11-01,9.800831746566908,-1.3589786818048175,-1.3589786818048175,-0.0,-0.0,60.70094973157422,3.409999999999997,13.81944037323018
Московская область,2020-12-01,9.97184591968035,-1.7089361724181273,-1.7089361724181273,-0.0,-0.0,61.15628906331249,3.900000000000006,13.93694671189249
Московская область,2021-01-01,9.812129150103098,3.0895976215913166,3.0895976215913166,0.0,0.0,61.09473132768191,4.700000000000003,14.07840885864026
Московская область,2021-02-01,10.2072655683834,-0.05176615786507455,-0.05176615786507455,-0.0,-0.0,61.38394764380302,5.030000000000001,14.06377792768295
Московская область,2021-03-01,9.829138269720211,-0.6104025253424652,-0.6104025253424652,-0.0,-0.0,62.10529124653122,5.5,14.05021399888349
Московская область,2021-04-01,9.85758177662162,-0.5967440618905293,-0.5967440618905293,-0.0,-0.0,63.12313340603472,5.819999999999993,14.17502219517307
Московская область,2021-05-01,9.74851533048726,-0.241937869195743,-0.241937869195743,-0.0,-0.0,63.00936594453823,5.709999999999994,14.10680068368119
Московская область,2021-06-01,10.06820382286636,-0.7676306960714552,-0.7676306960714552,-0.0,-0.0,63.79861685202657,6.480000000000004,13.69860775630269
Московская область,2021-07-01,9.832191552293201,0.08560806359759354,0.08560806359759354,0.0,0.0,64.36671662840901,7.290000000000006,14.05943133820071
Московская область,2021-08-01,10.47743131526405,0.3090771946763784,0.3090771946763784,0.0,0.0,64.9721292216606,7.450000000000003,13.95530411626171
Московская область,2021-09-01,10.41018671200421,-0.6460537301930689,-0.6460537301930689,-0.0,-0.0,65.90451342304755,7.859999999999999,13.86326542822785
Московская область,2021-10-01,10.36537148362382,-0.6175372517280238,-0.6175372517280238,-0.0,-0.0,66.44270353714288,8.790000000000006,13.79512905071431
Московская область,2021-11-01,10.45078051109858,-0.12114037446266934,-0.12114037446266934,-0.0,-0.0,67.38119066955825,9.540000000000006,13.79211690639279
Московская область,2021-12-01,10.55741520696423,-0.26721650241728057,-0.26721650241728057,-0.0,-0.0,67.36440906043202,10.18000000000001,13.64892229150296
Московская область,2022-01-01,10.58267253642094,0.27464209751393653,0.27464209751393653,0.0,0.0,67.78709413139951,9.760000000000005,13.57097147646334
Московская область,2022-02-01,11.10932815567908,-0.3501956198858558,-0.3501956198858558,-0.0,-0.0,67.00827190188225,10.79000000000001,13.03594120431925
Московская область,2022-03-01,11.28614076505296,4.941478356719127,4.941478356719127,0.0,0.0,67.79972068406731,11.38,13.47097216050825
Московская область,2022-04-01,11.79478129695953,1.4923126339086181,1.4923126339086181,0.0,0.0,66.6819126483057,18.69,14.31567190697951
Московская область,2022-05-01,14.88386829523929,-1.244790623444267,-1.244790623444267,-0.0,-0.0,65.58468255795525,20.06999999999999,14.07842732026992
Московская область,2022-06-01,14.05769987023992,-3.118179668249544,-3.118179668249544,-0.0,-0.0,65.25429156117258,19.08,14.20032538358171
Московская область,2022-07-01,13.64159470371759,-0.386746413724417,-0.386746413724417,-0.0,-0.0,65.13261801999765,17.56,14.81674454207495
Московская область,2022-08-01,11.96668895258092,-1.1110066252555733,-1.1110066252555733,-0.0,-0.0,65.51970614621575,16.55,14.63560557534188
Московская область,2022-09-01,11.44343612605476,1.7547062341946287,1.7547062341946287,0.0,0.0,65.9116532034035,15.91,14.67816497222353
Московская область,2022-10-01,11.13131160789834,1.2482715752793254,1.2482715752793254,0.0,0.0,66.62662522895741,15.63,14.66583262349029
Московская область,2022-11-01,11.78839307861566,0.32653909912163215,0.32653909912163215,0.0,0.0,66.8671522372287,14.58,14.60061149305516
Московская область,2022-12-01,11.55072612334462,0.14955653030453497,0.14955653030453497,0.0,0.0,67.16155878435242,14.01000000000001,14.8109856344647
Московская область,2023-01-01,11.05291761704826,0.13967960707903515,0.13967960707903515,0.0,0.0,67.10257322116439,14.11,14.56316507344209
Московская область,2023-02-01,12.8353651639214,-1.9472998218897306,-1.9472998218897306,-0.0,-0.0,64.3699679895157,13.47,14.72960946115637
Московская область,2023-03-01,12.0954341695584,-0.4649545463768856,-0.4649545463768856,-0.0,-0.0,64.39564057006392,13.0,14.59317058077576
Московская область,2023-04-01,12.20554348181045,-0.5507806832459252,-0.5507806832459252,-0.0,-0.0,65.08781536508008,6.040000000000006,14.31979824597232
Московская область,2023-05-01,12.18671591930235,-0.46521849390664727,-0.46521849390664727,-0.0,-0.0,65.42867126976955,4.890000000000001,14.14331032168819
Московская область,2023-06-01,12.53913811615232,-0.5347109788556779,-0.5347109788556779,-0.0,-0.0,65.7911286626574,5.329999999999998,13.65652431669367
Московская область,2023-07-01,12.29054125194622,-0.5497632155639387,-0.5497632155639387,-0.0,-0.0,66.10008630090142,5.810000000000002,13.60636234072935
Московская область,2023-08-01,12.14656408872587,0.2078297309388475,0.2078297309388475,0.0,0.0,66.1930856661896,7.010000000000005,13.38887960910506
Московская область,2023-09-01,11.90759299379166,2.7050587479091437,2.7050587479091437,0.0,0.0,67.13533906596845,7.269999999999996,13.31102114588558
Московская область,2023-10-01,12.20703462153306,0.8633696772512707,0.8633696772512707,0.0,0.0,67.85674454841984,7.5,13.17881207521281
Московская область,2023-11-01,13.53404649791573,1.714265038508227,1.714265038508227,0.0,0.0,67.85496700249011,7.560000000000002,12.97683121835128
Московская область,2023-12-01,14.17125611570203,-1.5282051620880424,-1.5282051620880424,-0.0,-0.0,67.48004875010854,7.819999999999993,13.02894432197125
Московская область,2024-01-01,13.65423614527729,0.6818813931607863,0.6818813931607863,0.0,0.0,66.03853668143056,7.280000000000001,13.069711356115
Московская область,2024-02-01,17.51930669610119,-1.5559611222700127,-1.5559611222700127,-0.0,-0.0,66.42539914852547,7.150000000000006,13.1581283537414
Московская область,2024-03-01,18.17040310644819,-0.03662363343873665,-0.03662363343873665,-0.0,-0.0,65.9048872671104,7.069999999999993,13.03780482559247
Московская область,2024-04-01,16.99436105433158,-0.07535756412256944,-0.07535756412256944,-0.0,-0.0,65.85253016635761,6.959999999999994,12.88334000305782
Московская область,2024-05-01,16.70002899774053,-1.8174537430626252,-1.8174537430626252,-0.0,-0.0,65.46129434949263,6.730000000000004,12.78427854318404
Московская область,2024-06-01,16.42508485905519,-0.4392507252018447,-0.4392507252018447,-0.0,-0.0,65.38108096862321,7.25,12.39171169347233
Московская область,2024-07-01,15.4271265194956,-0.5869739684411108,-0.5869739684411108,-0.0,-0.0,65.80516836964885,8.129999999999995,12.47043829218805
Московская область,2024-08-01,18.83928814290141,1.4105522767729113,1.4105522767729113,0.0,0.0,64.4076491794084,8.819999999999993,11.67355958156473
Московская область,2024-09-01,18.91049413720725,-1.9115218364399809,-1.9115218364399809,-0.0,-0.0,64.07965514407358,8.730000000000004,11.67274273341166
Московская область,2024-10-01,18.76388824619021,0.667769408390896,0.667769408390896,0.0,0.0,63.14300989137202,8.700000000000003,11.69163705117317
Московская область,2024-11-01,18.87972614015133,2.039278586154861,2.039278586154861,0.0,0.0,60.84001900785054,8.650000000000006,11.56965171826733
Московская область,2024-12-01,19.07995375130459,0.34090421830265427,0.34090421830265427,0.0,0.0,59.29161863547597,8.849999999999994,11.68109780284841
Московская область,2025-01-01,18.19386999732787,0.24822008087726388,0.24822008087726388,0.0,0.0,56.76918147907571,9.659999999999997,12.15874276634461
Московская область,2025-02-01,22.10560977735763,0.31653560056003016,0.31653560056003016,0.0,0.0,58.14656332400018,10.05,12.22219450038188
Московская область,2025-03-01,19.67009435684078,0.41369500741819465,0.41369500741819465,0.0,0.0,57.24503485038006,10.13,12.49516262989532
Московская область,2025-04-01,20.12039150171826,0.5812476727093596,0.5812476727093596,0.0,0.0,56.57599574108955,10.16,12.76550750679367
Московская область,2025-05-01,19.0199619504976,0.3820181297639742,0.3820181297639742,0.0,0.0,54.91142664436206,9.900000000000006,12.64734817259907
Московская область,2025-06-01,19.06216184833159,0.6128194128495359,0.6128194128495359,0.0,0.0,54.39791728321828,9.459999999999994,12.76143550593424
Московская область,2025-07-01,19.34144473007492,-0.2977272507310609,-0.2977272507310609,-0.0,-0.0,53.6358952750124,8.560000000000002,13.35413102398123
Московская область,2025-08-01,18.56355431308405,-1.399483474742535,-1.399483474742535,-0.0,-0.0,52.73390561653223,8.159999999999997,12.35901879754777
Московская область,2025-09-01,18.43161791484833,0.2588989388809786,0.2588989388809786,0.0,0.0,52.5818239396263,7.459999999999994,12.38189448442273
Московская область,2025-10-01,17.66623311527546,-0.43597080805563593,-0.43597080805563593,-0.0,-0.0,52.24609142690421,6.980000000000004,12.40595532539013
Московская область,2025-11-01,17.18271153915115,-0.19410526130430839,-0.19410526130430839,-0.0,-0.0,51.98272378287783,6.879999999999995,12.29570503750086
Московская область,2025-12-01,17.13359406662851,0.2813157398373711,0.2813157398373711,0.0,0.0,51.6395642175703,5.950000000000003,12.53134635590796
Мурманская область,2019-03-01,13.29261718330936,0.7128714995200838,0.0,0.7128714995200838,0.0,43.09188438424742,5.780000000000001,13.77050317899653
Мурманская область,2019-04-01,13.37324449943734,0.6911493920479934,0.0,0.6911493920479934,0.0,43.27854394633148,5.689999999999998,13.85743985905235
Мурманская область,2019-05-01,13.42435526038556,0.45783100689424217,0.0,0.45783100689424217,0.0,44.05606837800426,5.420000000000002,13.69132046001477
Мурманская область,2019-06-01,13.76838145101346,0.5041451542673663,0.0,0.5041451542673663,0.0,44.23661329455286,5.269999999999996,13.65384629456237
Мурманская область,2019-07-01,13.43323409493524,0.14629311794748645,0.0,0.14629311794748645,0.0,44.49960702813523,4.819999999999993,13.30950242143932
Мурманская область,2019-08-01,13.4929527337184,0.061654111534494405,0.0,0.061654111534494405,0.0,42.80059471986399,4.640000000000001,13.50099152702392
Мурманская область,2019-09-01,13.18862336280553,0.2864871600654304,0.0,0.2864871600654304,0.0,43.20353913176275,4.530000000000001,13.64667251004438
Мурманская область,2019-10-01,13.00154717414709,0.199118629193201,0.0,0.199118629193201,0.0,43.53801038856343,4.290000000000006,13.80604199465918
Мурманская область,2019-11-01,12.99598551019536,-0.3451712223245451,-0.0,-0.3451712223245451,-0.0,43.81355066073549,4.269999999999996,13.70433273317707
Мурманская область,2019-12-01,12.62467156790915,-0.11071296164861266,-0.0,-0.11071296164861266,-0.0,43.94743542017785,4.010000000000005,13.71833967202681
Мурманская область,2020-01-01,12.41708146242568,0.4934187707708695,0.0,0.4934187707708695,0.0,43.67055562648945,3.480000000000004,13.61039472694233
Мурманская область,2020-02-01,12.7545047407658,0.717717316165718,0.0,0.717717316165718,0.0,45.47356260046402,2.709999999999994,13.57540360010675
Мурманская область,2020-03-01,12.47435928190753,0.5448138582658153,0.0,0.5448138582658153,0.0,45.38882745885979,2.390000000000001,13.74922780335194
Мурманская область,2020-04-01,12.27324035186407,0.24910450663146122,0.0,0.24910450663146122,0.0,45.51160830997152,2.5,13.46638957408629
Мурманская область,2020-05-01,12.14903829489196,0.12930980432325967,0.0,0.12930980432325967,0.0,45.02205555652618,3.200000000000003,14.2852030391195
Мурманская область,2020-06-01,11.79109144358396,0.4216232562547013,0.0,0.4216232562547013,0.0,44.79153635131976,3.209999999999994,14.14107965798647
Мурманская область,2020-07-01,11.61930846021219,-1.5016319110366503,-0.0,-1.5016319110366503,-0.0,45.00808525193428,3.180000000000007,14.28979748698646
Мурманская область,2020-08-01,11.24856495218904,-0.8645661305373835,-0.0,-0.8645661305373835,-0.0,45.12460458279587,3.689999999999998,14.20986535010963
Мурманская область,2020-09-01,11.20993782663087,-0.7937016241842549,-0.0,-0.7937016241842549,-0.0,45.86781274797978,3.510000000000005,14.08490537855801
Мурманская область,2020-10-01,10.80412803885431,-1.2364929674992595,-0.0,-1.2364929674992595,-0.0,46.54071808025535,3.599999999999994,14.31861216858895
Мурманская область,2020-11-01,10.59952500731003,-1.3589786818048175,-0.0,-1.3589786818048175,-0.0,47.54834083613026,3.390000000000001,13.69874743944549
Мурманская область,2020-12-01,10.7914966268142,-1.7089361724181273,-0.0,-1.7089361724181273,-0.0,47.74263985329684,3.629999999999995,13.82658961832066
Мурманская область,2021-01-01,10.74466263713755,3.0895976215913166,0.0,3.0895976215913166,0.0,47.27559142724385,4.090000000000003,13.87818981980737
Мурманская область,2021-02-01,11.06315231708376,-0.05176615786507455,-0.0,-0.05176615786507455,-0.0,47.72787786231743,4.519999999999996,13.90284031344829
Мурманская область,2021-03-01,10.79550510426478,-0.6104025253424652,-0.0,-0.6104025253424652,-0.0,47.90842993018033,4.799999999999997,13.86731343982415
Мурманская область,2021-04-01,10.53034798952479,-0.5967440618905293,-0.0,-0.5967440618905293,-0.0,48.31517138940122,5.010000000000005,14.00638980403598
Мурманская область,2021-05-01,10.45246787661778,-0.241937869195743,-0.0,-0.241937869195743,-0.0,47.41163337167999,4.489999999999995,14.11004514256498
Мурманская область,2021-06-01,10.68703859664745,-0.7676306960714552,-0.0,-0.7676306960714552,-0.0,48.0162531318667,5.099999999999994,13.53445839546903
Мурманская область,2021-07-01,10.44944603482684,0.08560806359759354,0.0,0.08560806359759354,0.0,48.69676797426038,5.489999999999995,13.95828846417369
Мурманская область,2021-08-01,10.95570863520564,0.3090771946763784,0.0,0.3090771946763784,0.0,49.72541287028338,5.349999999999994,13.78925649279467
Мурманская область,2021-09-01,11.03400954873,-0.6460537301930689,-0.0,-0.6460537301930689,-0.0,50.49782671954615,5.810000000000002,13.67983291045883
Мурманская область,2021-10-01,11.00358890057539,-0.6175372517280238,-0.0,-0.6175372517280238,-0.0,50.73676710730669,6.060000000000002,13.73505141823266
Мурманская область,2021-11-01,11.11163579943042,-0.12114037446266934,-0.0,-0.12114037446266934,-0.0,52.00387241552239,7.159999999999997,13.65312007808797
Мурманская область,2021-12-01,11.38225871234575,-0.26721650241728057,-0.0,-0.26721650241728057,-0.0,51.80860718566947,7.069999999999993,13.46979889092578
Мурманская область,2022-01-01,11.38674397490687,0.27464209751393653,0.0,0.27464209751393653,0.0,51.83750397967629,7.170000000000002,13.4417827409294
Мурманская область,2022-02-01,12.0008314593205,-0.3501956198858558,-0.0,-0.3501956198858558,-0.0,54.42781238588387,7.409999999999997,12.86024913981115
Мурманская область,2022-03-01,11.87593539278989,4.941478356719127,0.0,4.941478356719127,0.0,54.43138258058304,8.180000000000007,13.1043980102429
Мурманская область,2022-04-01,12.07125657274054,1.4923126339086181,0.0,1.4923126339086181,0.0,53.11007705562238,16.16,14.01919794436114
Мурманская область,2022-05-01,16.42267210000248,-1.244790623444267,-0.0,-1.244790623444267,-0.0,51.71054209757953,18.16,13.77361270312504
Мурманская область,2022-06-01,16.23301750765139,-3.118179668249544,-0.0,-3.118179668249544,-0.0,50.90033033968443,17.52,13.86708199061736
Мурманская область,2022-07-01,15.0088055005909,-0.386746413724417,-0.0,-0.386746413724417,-0.0,50.10295199220667,16.90000000000001,14.5583397069631
Мурманская область,2022-08-01,13.53808710632893,-1.1110066252555733,-0.0,-1.1110066252555733,-0.0,49.07560603036627,16.18000000000001,14.27148088081341
Мурманская область,2022-09-01,12.99136194580171,1.7547062341946287,0.0,1.7547062341946287,0.0,49.01080785903465,15.81999999999999,14.34079284718584
Мурманская область,2022-10-01,12.80720339030075,1.2482715752793254,0.0,1.2482715752793254,0.0,49.47789912783366,15.36,14.33268205231542
Мурманская область,2022-11-01,12.64929363211198,0.32653909912163215,0.0,0.32653909912163215,0.0,51.54312755733892,14.68000000000001,14.19455553999041
Мурманская область,2022-12-01,13.03382038454828,0.14955653030453497,0.0,0.14955653030453497,0.0,51.72659776787916,15.40000000000001,14.44764742888004
Мурманская область,2023-01-01,12.92369463339138,0.13967960707903515,0.0,0.13967960707903515,0.0,50.82997751142167,15.27,14.20266483820928
Мурманская область,2023-02-01,14.52779960231208,-1.9472998218897306,-0.0,-1.9472998218897306,-0.0,51.32762457375954,14.45999999999999,14.34808626846178
Мурманская область,2023-03-01,13.86000731446312,-0.4649545463768856,-0.0,-0.4649545463768856,-0.0,51.07636640084831,13.53,14.19689069993291
Мурманская область,2023-04-01,13.51487355977183,-0.5507806832459252,-0.0,-0.5507806832459252,-0.0,51.70519506197723,5.25,13.93803593716151
Мурманская область,2023-05-01,13.75592072899396,-0.46521849390664727,-0.0,-0.46521849390664727,-0.0,51.50004377084056,3.859999999999999,13.74775085121617
Мурманская область,2023-06-01,13.85002010497943,-0.5347109788556779,-0.0,-0.5347109788556779,-0.0,51.76800467029439,3.760000000000005,13.09316089041805
Мурманская область,2023-07-01,13.62854685921003,-0.5497632155639387,-0.0,-0.5497632155639387,-0.0,52.50178843210514,4.159999999999997,13.12323787778222
Мурманская область,2023-08-01,13.30925724983538,0.2078297309388475,0.0,0.2078297309388475,0.0,51.60901039859043,4.879999999999995,12.85221545334577
Мурманская область,2023-09-01,13.25453487482533,2.7050587479091437,0.0,2.7050587479091437,0.0,52.52568524351172,4.879999999999995,12.70366269892555
Мурманская область,2023-10-01,13.90743332649193,0.8633696772512707,0.0,0.8633696772512707,0.0,53.19641790923535,6.180000000000007,12.61511624317774
Мурманская область,2023-11-01,14.98817329787401,1.714265038508227,0.0,1.714265038508227,0.0,55.32554173374557,6.829999999999998,12.393297920073
Мурманская область,2023-12-01,15.2401354476873,-1.5282051620880424,-0.0,-1.5282051620880424,-0.0,55.28471378048978,7.370000000000005,12.4938627519514
Мурманская область,2024-01-01,14.94599477085036,0.6818813931607863,0.0,0.6818813931607863,0.0,53.80145278633412,7.939999999999998,12.58548711754661
Мурманская область,2024-02-01,18.46773311242945,-1.5559611222700127,-0.0,-1.5559611222700127,-0.0,53.96845703002884,9.049999999999997,12.69196399927581
Мурманская область,2024-03-01,19.25366683082654,-0.03662363343873665,-0.0,-0.03662363343873665,-0.0,53.49376221221445,9.049999999999997,12.58957344712926
Мурманская область,2024-04-01,18.36509034923627,-0.07535756412256944,-0.0,-0.07535756412256944,-0.0,53.26653528439025,9.280000000000001,12.48081190566141
Мурманская область,2024-05-01,18.31457893501396,-1.8174537430626252,-0.0,-1.8174537430626252,-0.0,51.97877883095992,9.209999999999994,12.47052444004309
Мурманская область,2024-06-01,18.15653405527898,-0.4392507252018447,-0.0,-0.4392507252018447,-0.0,52.03821953605112,10.03,12.0998383432211
Мурманская область,2024-07-01,17.07845391547649,-0.5869739684411108,-0.0,-0.5869739684411108,-0.0,52.41165669409402,9.709999999999994,12.18364101689631
Мурманская область,2024-08-01,20.10618963476232,1.4105522767729113,0.0,1.4105522767729113,0.0,49.89105874167854,9.75,11.21024786202488
Мурманская область,2024-09-01,20.50944848677817,-1.9115218364399809,-0.0,-1.9115218364399809,-0.0,50.04392578818264,9.549999999999997,11.16056559738525
Мурманская область,2024-10-01,20.74217328424906,0.667769408390896,0.0,0.667769408390896,0.0,49.47930526821364,8.540000000000006,11.15642983005594
Мурманская область,2024-11-01,21.05280639464808,2.039278586154861,0.0,2.039278586154861,0.0,51.29665710772021,8.599999999999994,10.99760604409363
Мурманская область,2024-12-01,22.23792117097483,0.34090421830265427,0.0,0.34090421830265427,0.0,49.32080571328451,7.920000000000002,11.18460681370303
Мурманская область,2025-01-01,21.83265464370726,0.24822008087726388,0.0,0.24822008087726388,0.0,47.10035217472461,8.150000000000006,11.88631210767754
Мурманская область,2025-02-01,24.85935980139006,0.31653560056003016,0.0,0.31653560056003016,0.0,45.14126488459216,8.900000000000006,11.91136566363218
Мурманская область,2025-03-01,23.40156407139009,0.41369500741819465,0.0,0.41369500741819465,0.0,44.41166738340405,9.379999999999995,12.19937537983703
Мурманская область,2025-04-01,24.30033560173963,0.5812476727093596,0.0,0.5812476727093596,0.0,44.00888473197709,10.43000000000001,12.52568119722022
Мурманская область,2025-05-01,22.36041849244537,0.3820181297639742,0.0,0.3820181297639742,0.0,44.72392802301356,9.930000000000007,12.47877729244555
Мурманская область,2025-06-01,21.63196926878099,0.6128194128495359,0.0,0.6128194128495359,0.0,44.38563802865976,9.239999999999995,12.57045716899919
Мурманская область,2025-07-01,21.04800361248066,-0.2977272507310609,-0.0,-0.2977272507310609,-0.0,43.80934502777973,9.269999999999996,12.9806146637638
Мурманская область,2025-08-01,19.4102069834534,-1.399483474742535,-0.0,-1.399483474742535,-0.0,43.34377449931079,9.560000000000002,12.12759622400706
Мурманская область,2025-09-01,19.19368974610848,0.2588989388809786,0.0,0.2588989388809786,0.0,43.5951046155436,9.650000000000006,12.15416649651622
Мурманская область,2025-10-01,18.8232226310208,-0.43597080805563593,-0.0,-0.43597080805563593,-0.0,43.41807931180899,9.840000000000003,12.24210165050882
Мурманская область,2025-11-01,18.95880429299507,-0.19410526130430839,-0.0,-0.19410526130430839,-0.0,43.22731230368438,9.260000000000005,12.10897360620496
Мурманская область,2025-12-01,19.20771479964827,0.2813157398373711,0.0,0.2813157398373711,0.0,42.87645142747483,9.159999999999997,12.38329438050521
Нижегородская область,2019-03-01,13.32739809305018,0.7128714995200838,0.7128714995200838,0.0,0.0,47.95981514940146,5.469999999999999,13.88016680160746
Нижегородская область,2019-04-01,13.53930819287294,0.6911493920479934,0.6911493920479934,0.0,0.0,48.32384802107023,5.260000000000005,13.8710132208336
Нижегородская область,2019-05-01,13.72456319072,0.45783100689424217,0.45783100689424217,0.0,0.0,48.86569107314149,5.140000000000001,13.7706832162646
Нижегородская область,2019-06-01,13.95233018375041,0.5041451542673663,0.5041451542673663,0.0,0.0,49.23994854453963,5.459999999999994,13.73013119805921
Нижегородская область,2019-07-01,13.62762830975858,0.14629311794748645,0.14629311794748645,0.0,0.0,49.4665135905264,4.430000000000007,13.49068800000274
Нижегородская область,2019-08-01,13.59845438522226,0.061654111534494405,0.061654111534494405,0.0,0.0,49.26941658052147,4.280000000000001,13.70886768441565
Нижегородская область,2019-09-01,13.2830995621124,0.2864871600654304,0.2864871600654304,0.0,0.0,49.80626981198365,4.140000000000001,13.87382118721036
Нижегородская область,2019-10-01,13.088196806293,0.199118629193201,0.199118629193201,0.0,0.0,50.26018566772746,3.730000000000004,14.02099463691976
Нижегородская область,2019-11-01,12.93370394398575,-0.3451712223245451,-0.3451712223245451,-0.0,-0.0,50.32489486288846,3.459999999999994,13.89900273254412
Нижегородская область,2019-12-01,12.64244236473573,-0.11071296164861266,-0.11071296164861266,-0.0,-0.0,50.58421578566195,3.579999999999998,13.89077457843683
Нижегородская область,2020-01-01,12.25233271790251,0.4934187707708695,0.4934187707708695,0.0,0.0,50.30055750044048,3.019999999999996,13.78201209283852
Нижегородская область,2020-02-01,12.77041404372485,0.717717316165718,0.717717316165718,0.0,0.0,50.95397000566604,2.480000000000004,13.7825135665169
Нижегородская область,2020-03-01,12.42397361707251,0.5448138582658153,0.5448138582658153,0.0,0.0,51.1025840209083,2.150000000000006,13.91387959604538
Нижегородская область,2020-04-01,12.19584453163476,0.24910450663146122,0.24910450663146122,0.0,0.0,51.50081422268153,2.829999999999998,13.60873303853453
Нижегородская область,2020-05-01,12.00206859007747,0.12930980432325967,0.12930980432325967,0.0,0.0,51.23331228906162,3.579999999999998,14.3880081090984
Нижегородская область,2020-06-01,12.04298238987166,0.4216232562547013,0.4216232562547013,0.0,0.0,51.04309200779302,3.370000000000005,14.36120521215071
Нижегородская область,2020-07-01,11.77357218865832,-1.5016319110366503,-1.5016319110366503,-0.0,-0.0,51.39819969829282,3.859999999999999,14.53684804971835
Нижегородская область,2020-08-01,11.29437126990098,-0.8645661305373835,-0.8645661305373835,-0.0,-0.0,51.85790586387512,3.900000000000006,14.47689119080052
Нижегородская область,2020-09-01,11.0955079721664,-0.7937016241842549,-0.7937016241842549,-0.0,-0.0,52.62306357493518,3.969999999999999,14.38293978316869
Нижегородская область,2020-10-01,10.76088138894964,-1.2364929674992595,-1.2364929674992595,-0.0,-0.0,53.19056033342646,4.379999999999995,14.53695417832156
Нижегородская область,2020-11-01,10.41532799417066,-1.3589786818048175,-1.3589786818048175,-0.0,-0.0,53.88475870708057,4.790000000000006,13.99664099760141
Нижегородская область,2020-12-01,10.69471451426394,-1.7089361724181273,-1.7089361724181273,-0.0,-0.0,53.98596226666806,5.329999999999998,14.16985394350981
Нижегородская область,2021-01-01,10.36866102095924,3.0895976215913166,3.0895976215913166,0.0,0.0,53.96280037838167,5.769999999999996,14.17594275722275
Нижегородская область,2021-02-01,11.1762060283624,-0.05176615786507455,-0.05176615786507455,-0.0,-0.0,54.43668080366035,5.920000000000002,14.20319342973672
Нижегородская область,2021-03-01,10.57244877455277,-0.6104025253424652,-0.6104025253424652,-0.0,-0.0,54.7525771886808,6.620000000000005,14.1084441774436
Нижегородская область,2021-04-01,10.53842056041745,-0.5967440618905293,-0.5967440618905293,-0.0,-0.0,55.54605513240421,6.439999999999998,14.21050485854014
Нижегородская область,2021-05-01,10.53965700552482,-0.241937869195743,-0.241937869195743,-0.0,-0.0,55.98902217821109,5.709999999999994,14.31073611907621
Нижегородская область,2021-06-01,10.84451321047787,-0.7676306960714552,-0.7676306960714552,-0.0,-0.0,56.63085598325899,6.450000000000003,13.77902406485012
Нижегородская область,2021-07-01,10.47217828605991,0.08560806359759354,0.08560806359759354,0.0,0.0,56.89083334600242,6.739999999999995,14.11167210569581
Нижегородская область,2021-08-01,11.07564904855914,0.3090771946763784,0.3090771946763784,0.0,0.0,57.19890321057286,6.799999999999997,13.99399836306548
Нижегородская область,2021-09-01,11.23316745719087,-0.6460537301930689,-0.6460537301930689,-0.0,-0.0,57.91411282691412,7.189999999999998,13.9119406755099
Нижегородская область,2021-10-01,11.09383149990129,-0.6175372517280238,-0.6175372517280238,-0.0,-0.0,58.31114440999752,7.459999999999994,13.93898797881629
Нижегородская область,2021-11-01,11.1721192448601,-0.12114037446266934,-0.12114037446266934,-0.0,-0.0,58.54818257456864,8.069999999999993,13.90498109474351
Нижегородская область,2021-12-01,11.38186794715682,-0.26721650241728057,-0.26721650241728057,-0.0,-0.0,58.28153556853856,8.5,13.74446378783871
Нижегородская область,2022-01-01,11.11719113280223,0.27464209751393653,0.27464209751393653,0.0,0.0,58.23462777508789,8.060000000000002,13.71359627090331
Нижегородская область,2022-02-01,12.12179594023773,-0.3501956198858558,-0.3501956198858558,-0.0,-0.0,59.73353827376611,8.739999999999995,13.18682812623852
Нижегородская область,2022-03-01,11.90920986575839,4.941478356719127,4.941478356719127,0.0,0.0,60.32251605036382,9.170000000000002,13.57166592602363
Нижегородская область,2022-04-01,12.42985441178042,1.4923126339086181,1.4923126339086181,0.0,0.0,59.28491813234683,16.2,14.42248013808238
Нижегородская область,2022-05-01,16.96836954294995,-1.244790623444267,-1.244790623444267,-0.0,-0.0,57.34553596274186,17.89,14.29240461092928
Нижегородская область,2022-06-01,16.89059197309089,-3.118179668249544,-3.118179668249544,-0.0,-0.0,56.6109212603777,16.44,14.44781277283425
Нижегородская область,2022-07-01,15.15843507994192,-0.386746413724417,-0.386746413724417,-0.0,-0.0,56.08306145196278,15.11,15.107694317187
Нижегородская область,2022-08-01,13.30664504177034,-1.1110066252555733,-1.1110066252555733,-0.0,-0.0,55.82977905704116,13.95,14.8694207194979
Нижегородская область,2022-09-01,13.1853319361693,1.7547062341946287,1.7547062341946287,0.0,0.0,55.71256691622032,13.83,14.9193500284879
Нижегородская область,2022-10-01,12.66416157064423,1.2482715752793254,1.2482715752793254,0.0,0.0,55.80078411322506,13.2,14.9238706079921
Нижегородская область,2022-11-01,12.86201139169054,0.32653909912163215,0.32653909912163215,0.0,0.0,55.39611371918246,12.34999999999999,14.85582137684139
Нижегородская область,2022-12-01,13.11817271660726,0.14955653030453497,0.14955653030453497,0.0,0.0,55.47103949455717,11.06999999999999,15.05065471124653
Нижегородская область,2023-01-01,12.59208915684919,0.13967960707903515,0.13967960707903515,0.0,0.0,55.06157763672112,11.48,14.80093098235141
Нижегородская область,2023-02-01,13.93113984337828,-1.9472998218897306,-1.9472998218897306,-0.0,-0.0,55.2420899141657,11.09999999999999,14.99365792715477
Нижегородская область,2023-03-01,13.25632553309356,-0.4649545463768856,-0.4649545463768856,-0.0,-0.0,55.05085962020902,10.31,14.84924154239231
Нижегородская область,2023-04-01,13.11423915922635,-0.5507806832459252,-0.5507806832459252,-0.0,-0.0,55.62188308988332,3.189999999999998,14.636680134846
Нижегородская область,2023-05-01,13.17468626331899,-0.46521849390664727,-0.46521849390664727,-0.0,-0.0,56.3283150311664,1.359999999999999,14.50885851921636
Нижегородская область,2023-06-01,13.26761018511698,-0.5347109788556779,-0.5347109788556779,-0.0,-0.0,56.40698656668285,1.980000000000004,13.92991057550201
Нижегородская область,2023-07-01,12.98192630392247,-0.5497632155639387,-0.5497632155639387,-0.0,-0.0,56.78058350618673,2.659999999999997,13.90948424515808
Нижегородская область,2023-08-01,12.72564944983557,0.2078297309388475,0.2078297309388475,0.0,0.0,57.29869804898802,4.099999999999994,13.63775018776288
Нижегородская область,2023-09-01,12.67155865244172,2.7050587479091437,2.7050587479091437,0.0,0.0,58.52072251075607,4.489999999999995,13.56999911528134
Нижегородская область,2023-10-01,13.14676165049973,0.8633696772512707,0.8633696772512707,0.0,0.0,59.7386592596154,5.370000000000005,13.44427342756292
Нижегородская область,2023-11-01,14.31582232346586,1.714265038508227,1.714265038508227,0.0,0.0,60.55211276759028,5.959999999999994,13.2495246462542
Нижегородская область,2023-12-01,14.29383006467032,-1.5282051620880424,-1.5282051620880424,-0.0,-0.0,60.71101044450041,6.840000000000003,13.27346582921991
Нижегородская область,2024-01-01,14.72853202884427,0.6818813931607863,0.6818813931607863,0.0,0.0,59.83810148279215,6.900000000000006,13.25899270554389
Нижегородская область,2024-02-01,18.8213327233787,-1.5559611222700127,-1.5559611222700127,-0.0,-0.0,59.77619161206989,6.730000000000004,13.3163843839933
Нижегородская область,2024-03-01,19.3483109520245,-0.03662363343873665,-0.03662363343873665,-0.0,-0.0,59.66613824516514,6.689999999999998,13.20056372307239
Нижегородская область,2024-04-01,18.07974384690052,-0.07535756412256944,-0.07535756412256944,-0.0,-0.0,59.69165136279248,6.700000000000003,13.10078180131515
Нижегородская область,2024-05-01,17.95468367309797,-1.8174537430626252,-1.8174537430626252,-0.0,-0.0,59.92751207831123,6.980000000000004,13.0764685736099
Нижегородская область,2024-06-01,17.71959443661573,-0.4392507252018447,-0.4392507252018447,-0.0,-0.0,59.89562734914451,7.049999999999997,12.68743090204905
Нижегородская область,2024-07-01,16.88593002114576,-0.5869739684411108,-0.5869739684411108,-0.0,-0.0,60.23179330327887,7.469999999999999,12.7649219135439
Нижегородская область,2024-08-01,19.92753723407584,1.4105522767729113,1.4105522767729113,0.0,0.0,59.61274153188282,8.219999999999999,11.87778972188883
Нижегородская область,2024-09-01,20.22255830422795,-1.9115218364399809,-1.9115218364399809,-0.0,-0.0,59.4979149965992,8.159999999999997,11.86027989139929
Нижегородская область,2024-10-01,19.84965668520398,0.667769408390896,0.667769408390896,0.0,0.0,58.68661429928093,7.859999999999999,11.86168445122954
Нижегородская область,2024-11-01,20.46297248560186,2.039278586154861,2.039278586154861,0.0,0.0,57.73178220106661,7.599999999999994,11.6940246926767
Нижегородская область,2024-12-01,21.01323989231149,0.34090421830265427,0.34090421830265427,0.0,0.0,55.02333953050032,8.11,11.81961966624264
Нижегородская область,2025-01-01,20.29977421734511,0.24822008087726388,0.24822008087726388,0.0,0.0,52.51197991856786,8.879999999999995,12.36662520879633
Нижегородская область,2025-02-01,23.25614525889287,0.31653560056003016,0.31653560056003016,0.0,0.0,51.38644245199119,9.519999999999996,12.40079952294973
Нижегородская область,2025-03-01,22.21251166651076,0.41369500741819465,0.41369500741819465,0.0,0.0,50.20698321905069,9.489999999999995,12.70263172427318
Нижегородская область,2025-04-01,22.46672866149319,0.5812476727093596,0.5812476727093596,0.0,0.0,49.19691543848243,9.780000000000001,12.9736006372091
Нижегородская область,2025-05-01,20.53387091696782,0.3820181297639742,0.3820181297639742,0.0,0.0,48.34723504138449,9.810000000000002,12.87957118634785
Нижегородская область,2025-06-01,20.72572224504314,0.6128194128495359,0.6128194128495359,0.0,0.0,47.6399887621815,9.86,12.96818400552388
Нижегородская область,2025-07-01,19.84573316397964,-0.2977272507310609,-0.2977272507310609,-0.0,-0.0,46.83767763940859,9.5,13.44892653521477
Нижегородская область,2025-08-01,19.3525139916352,-1.399483474742535,-1.399483474742535,-0.0,-0.0,46.01082474511347,8.61,12.53434094974161
Нижегородская область,2025-09-01,18.92213545946447,0.2588989388809786,0.2588989388809786,0.0,0.0,45.89658743956142,7.859999999999999,12.55032110430096
Нижегородская область,2025-10-01,17.47889551969547,-0.43597080805563593,-0.43597080805563593,-0.0,-0.0,45.64383107295559,7.920000000000002,12.53643253508558
Нижегородская область,2025-11-01,17.6328004851409,-0.19410526130430839,-0.19410526130430839,-0.0,-0.0,45.55921606353773,7.620000000000005,12.43107895719687
Нижегородская область,2025-12-01,17.67016358104496,0.2813157398373711,0.2813157398373711,0.0,0.0,45.37685830896925,6.510000000000005,12.6858808134535
Новгородская область,2019-03-01,13.40629571037345,0.7128714995200838,0.0,0.0,0.0,55.26493725583287,5.629999999999995,14.18255525892896
Новгородская область,2019-04-01,13.63165605033929,0.6911493920479934,0.0,0.0,0.0,56.07955090835775,5.569999999999993,14.14298579018618
Новгородская область,2019-05-01,13.83249723872637,0.45783100689424217,0.0,0.0,0.0,57.20539807862893,5.459999999999994,14.06863044739417
Новгородская область,2019-06-01,14.08726020743505,0.5041451542673663,0.0,0.0,0.0,57.8853615512739,5.120000000000005,14.00071550934096
Новгородская область,2019-07-01,13.73352895124381,0.14629311794748645,0.0,0.0,0.0,58.48388879425232,4.390000000000001,13.82896203507658
Новгородская область,2019-08-01,13.65112290430043,0.061654111534494405,0.0,0.0,0.0,59.25229303263549,4.079999999999998,14.01945967167464
Новгородская область,2019-09-01,13.58309526524012,0.2864871600654304,0.0,0.0,0.0,59.74946564370431,4.060000000000002,14.08185004027379
Новгородская область,2019-10-01,13.18128525292619,0.199118629193201,0.0,0.0,0.0,60.32175078181729,3.719999999999999,14.26102281243855
Новгородская область,2019-11-01,13.10647713720899,-0.3451712223245451,-0.0,-0.0,-0.0,59.13391548380226,3.450000000000003,14.16167495993948
Новгородская область,2019-12-01,12.89203883473626,-0.11071296164861266,-0.0,-0.0,-0.0,59.86206267915015,3.049999999999997,14.17521131977422
Новгородская область,2020-01-01,12.6221112854422,0.4934187707708695,0.0,0.0,0.0,60.33909317392249,2.540000000000006,14.05139548401783
Новгородская область,2020-02-01,12.96417886178059,0.717717316165718,0.0,0.0,0.0,64.97180513018847,2.299999999999997,13.96015693167126
Новгородская область,2020-03-01,12.64404180058874,0.5448138582658153,0.0,0.0,0.0,65.4716495087764,2.209999999999994,14.06489925711852
Новгородская область,2020-04-01,12.36158228516425,0.24910450663146122,0.0,0.0,0.0,66.38268217407216,2.700000000000003,13.79641415928716
Новгородская область,2020-05-01,11.84260023725163,0.12930980432325967,0.0,0.0,0.0,66.18530210564248,3.319999999999993,14.65615447426701
Новгородская область,2020-06-01,11.55184208283314,0.4216232562547013,0.0,0.0,0.0,66.44475407907443,3.299999999999997,14.65558868285204
Новгородская область,2020-07-01,11.57269793470759,-1.5016319110366503,-0.0,-0.0,-0.0,67.02105962323357,3.579999999999998,14.83855848737039
Новгородская область,2020-08-01,11.29775615440931,-0.8645661305373835,-0.0,-0.0,-0.0,67.98821687855411,4.079999999999998,14.73786616789826
Новгородская область,2020-09-01,11.15276735530659,-0.7937016241842549,-0.0,-0.0,-0.0,68.98474414737711,4.010000000000005,14.60064527119077
Новгородская область,2020-10-01,10.83515868191634,-1.2364929674992595,-0.0,-0.0,-0.0,69.8543966212916,4.010000000000005,14.81135508064019
Новгородская область,2020-11-01,10.64923033874766,-1.3589786818048175,-0.0,-0.0,-0.0,68.55674520386565,4.209999999999994,14.23356912098295
Новгородская область,2020-12-01,10.79179510734687,-1.7089361724181273,-0.0,-0.0,-0.0,68.60275671346604,4.719999999999999,14.34919862469996
Новгородская область,2021-01-01,10.60877535655349,3.0895976215913166,0.0,0.0,0.0,68.50977249295815,5.569999999999993,14.36527116238547
Новгородская область,2021-02-01,11.48759161134186,-0.05176615786507455,-0.0,-0.0,-0.0,69.2288284225973,5.439999999999998,14.2957843232655
Новгородская область,2021-03-01,10.97194440812932,-0.6104025253424652,-0.0,-0.0,-0.0,70.47803301174788,5.739999999999995,14.29638562602097
Новгородская область,2021-04-01,10.75497341381525,-0.5967440618905293,-0.0,-0.0,-0.0,70.64795917205097,5.590000000000003,14.33147933189104
Новгородская область,2021-05-01,10.72087921180186,-0.241937869195743,-0.0,-0.0,-0.0,68.6742960622286,5.349999999999994,14.47263426032554
Новгородская область,2021-06-01,10.97643778758562,-0.7676306960714552,-0.0,-0.0,-0.0,67.73176967686473,5.75,13.89446233452269
Новгородская область,2021-07-01,10.73411141917527,0.08560806359759354,0.0,0.0,0.0,67.77653131878368,6.069999999999993,14.25485423645715
Новгородская область,2021-08-01,11.61236013658748,0.3090771946763784,0.0,0.0,0.0,67.9817614357366,6.0,14.09844476354658
Новгородская область,2021-09-01,11.46336814016446,-0.6460537301930689,-0.0,-0.0,-0.0,67.91130680762426,6.310000000000002,14.02594528817692
Новгородская область,2021-10-01,11.23425823550754,-0.6175372517280238,-0.0,-0.0,-0.0,67.10248191958547,6.75,14.07457670149396
Новгородская область,2021-11-01,11.2724825860989,-0.12114037446266934,-0.0,-0.0,-0.0,66.56977336767737,7.560000000000002,14.03743525711663
Новгородская область,2021-12-01,11.53385657545038,-0.26721650241728057,-0.0,-0.0,-0.0,65.29381192027417,7.819999999999993,13.91909786634112
Новгородская область,2022-01-01,11.32336170633122,0.27464209751393653,0.0,0.0,0.0,63.87186761911283,7.420000000000002,13.89407643463877
Новгородская область,2022-02-01,12.21241038516785,-0.3501956198858558,-0.0,-0.0,-0.0,66.33514446270905,7.799999999999997,13.34398107717012
Новгородская область,2022-03-01,11.84458774172667,4.941478356719127,0.0,0.0,0.0,66.33182944304569,8.060000000000002,13.70993596320528
Новгородская область,2022-04-01,11.59322236746874,1.4923126339086181,0.0,0.0,0.0,65.00234279209246,14.05,14.62884936812927
Новгородская область,2022-05-01,16.91458821153794,-1.244790623444267,-0.0,-0.0,-0.0,64.12043718392673,14.81999999999999,14.53734508910578
Новгородская область,2022-06-01,17.64090412893137,-3.118179668249544,-0.0,-0.0,-0.0,62.916830640215,14.7,14.69105348879297
Новгородская область,2022-07-01,14.95692523800824,-0.386746413724417,-0.0,-0.0,-0.0,62.09326019833128,14.61,15.26826580644259
Новгородская область,2022-08-01,13.52784401586783,-1.1110066252555733,-0.0,-0.0,-0.0,59.55741580598212,13.52,15.03130743370869
Новгородская область,2022-09-01,13.5563527502774,1.7547062341946287,0.0,0.0,0.0,59.30068471885248,13.03,15.05289062436358
Новгородская область,2022-10-01,13.62231327397301,1.2482715752793254,0.0,0.0,0.0,59.47037814761734,12.34,15.01998275968958
Новгородская область,2022-11-01,12.91328312291659,0.32653909912163215,0.0,0.0,0.0,59.45980937684791,11.47,14.92421575322691
Новгородская область,2022-12-01,13.34149712785915,0.14955653030453497,0.0,0.0,0.0,59.41025032216545,10.76000000000001,15.1967750024908
Новгородская область,2023-01-01,12.78004203138461,0.13967960707903515,0.0,0.0,0.0,59.06752720425722,11.12,14.92489839848571
Новгородская область,2023-02-01,14.57141521426305,-1.9472998218897306,-0.0,-0.0,-0.0,58.36212288557066,11.19,15.04718248414721
Новгородская область,2023-03-01,13.43345418412331,-0.4649545463768856,-0.0,-0.0,-0.0,58.31850259885585,10.75,14.90519420540702
Новгородская область,2023-04-01,13.5771235663639,-0.5507806832459252,-0.0,-0.0,-0.0,58.59100181493486,4.609999999999999,14.67541974827242
Новгородская область,2023-05-01,13.8810456998277,-0.46521849390664727,-0.0,-0.0,-0.0,58.33278246515945,3.439999999999998,14.56201191664523
Новгородская область,2023-06-01,13.86980849705463,-0.5347109788556779,-0.0,-0.0,-0.0,58.46611929172112,3.329999999999998,13.88584913518946
Новгородская область,2023-07-01,13.60956203467841,-0.5497632155639387,-0.0,-0.0,-0.0,58.67134920642785,3.390000000000001,13.9340938715839
Новгородская область,2023-08-01,13.37398067726134,0.2078297309388475,0.0,0.0,0.0,59.16897509097856,4.310000000000002,13.65834710811822
Новгородская область,2023-09-01,13.24976306023689,2.7050587479091437,0.0,0.0,0.0,60.26954188199375,4.900000000000006,13.53859860493005
Новгородская область,2023-10-01,13.69529251615296,0.8633696772512707,0.0,0.0,0.0,60.9517967336413,5.790000000000006,13.44473339227813
Новгородская область,2023-11-01,14.91518479181657,1.714265038508227,0.0,0.0,0.0,61.44326921407083,6.25,13.19479559428069
Новгородская область,2023-12-01,15.33351754604833,-1.5282051620880424,-0.0,-0.0,-0.0,61.53298710822123,7.079999999999998,13.23867090229593
Новгородская область,2024-01-01,14.45775395557595,0.6818813931607863,0.0,0.0,0.0,60.7159710122373,6.909999999999997,13.25492636186276
Новгородская область,2024-02-01,18.7962410276863,-1.5559611222700127,-0.0,-0.0,-0.0,60.54519000267577,6.629999999999995,13.3024766906911
Новгородская область,2024-03-01,20.78051861639651,-0.03662363343873665,-0.0,-0.0,-0.0,60.07075482135387,7.030000000000001,13.17438366871727
Новгородская область,2024-04-01,19.10742587407574,-0.07535756412256944,-0.0,-0.0,-0.0,60.23058168874859,6.810000000000002,13.10052455763442
Новгородская область,2024-05-01,18.59632020472217,-1.8174537430626252,-0.0,-0.0,-0.0,59.73819459403645,7.140000000000001,13.09725206491579
Новгородская область,2024-06-01,18.47105968463175,-0.4392507252018447,-0.0,-0.0,-0.0,59.95248296046884,7.400000000000006,12.66404609375034
Новгородская область,2024-07-01,17.11633626500526,-0.5869739684411108,-0.0,-0.0,-0.0,60.54447098562093,7.189999999999998,12.74722040825296
Новгородская область,2024-08-01,20.91099838184446,1.4105522767729113,0.0,0.0,0.0,60.44969739774049,8.129999999999995,11.79854151550651
Новгородская область,2024-09-01,21.24392315145378,-1.9115218364399809,-0.0,-0.0,-0.0,60.26793498303926,7.780000000000001,11.77395841381299
Новгородская область,2024-10-01,20.85007766740112,0.667769408390896,0.0,0.0,0.0,59.9164571035518,8.099999999999994,11.79009479819203
Новгородская область,2024-11-01,20.37166501429189,2.039278586154861,0.0,0.0,0.0,59.37254021422663,7.849999999999994,11.59687188273996
Новгородская область,2024-12-01,20.88164006145093,0.34090421830265427,0.0,0.0,0.0,56.06249321704417,8.319999999999993,11.75809995616215
Новгородская область,2025-01-01,20.85573321948698,0.24822008087726388,0.0,0.0,0.0,53.9236909243347,9.200000000000003,12.44490987016144
Новгородская область,2025-02-01,25.16536132440187,0.31653560056003016,0.0,0.0,0.0,52.46203163539664,9.459999999999994,12.47530896802732
Новгородская область,2025-03-01,21.59863421972681,0.41369500741819465,0.0,0.0,0.0,51.49536189391263,9.769999999999996,12.76023609211106
Новгородская область,2025-04-01,22.27610006384336,0.5812476727093596,0.0,0.0,0.0,50.77014823619592,10.26000000000001,13.05058404967996
Новгородская область,2025-05-01,21.16479216940089,0.3820181297639742,0.0,0.0,0.0,50.86207996566066,10.2,12.97048593138684
Новгородская область,2025-06-01,21.68542092318562,0.6128194128495359,0.0,0.0,0.0,50.33434716472749,10.45999999999999,13.00706209669625
Новгородская область,2025-07-01,20.86651721639992,-0.2977272507310609,-0.0,-0.0,-0.0,49.70425484142645,10.7,13.48885250799566
Новгородская область,2025-08-01,20.24004119769377,-1.399483474742535,-0.0,-0.0,-0.0,48.82556983641685,9.420000000000002,12.58530414192828
Новгородская область,2025-09-01,19.29811723738865,0.2588989388809786,0.0,0.0,0.0,48.85113565452952,9.469999999999999,12.6203499122804
Новгородская область,2025-10-01,17.8254326549763,-0.43597080805563593,-0.0,-0.0,-0.0,48.79738466005674,9.019999999999996,12.66741528255887
Новгородская область,2025-11-01,18.30636313128813,-0.19410526130430839,-0.0,-0.0,-0.0,48.68677238292739,9.159999999999997,12.51500818396057
Новгородская область,2025-12-01,17.37248645538702,0.2813157398373711,0.0,0.0,0.0,48.60110091284069,8.349999999999994,12.79056014241791
Новосибирская область,2019-03-01,13.10527952419663,0.7128714995200838,0.7128714995200838,0.0,0.0,54.09414955308017,4.920000000000002,13.59985088318907
Новосибирская область,2019-04-01,13.17547606613875,0.6911493920479934,0.6911493920479934,0.0,0.0,55.34576117209404,5.430000000000007,13.53563284657269
Новосибирская область,2019-05-01,13.30791872245605,0.45783100689424217,0.45783100689424217,0.0,0.0,57.07603957372014,5.180000000000007,13.40897975791928
Новосибирская область,2019-06-01,13.51900598651242,0.5041451542673663,0.5041451542673663,0.0,0.0,58.78371391678296,4.599999999999994,13.31508491315208
Новосибирская область,2019-07-01,13.23549122039875,0.14629311794748645,0.14629311794748645,0.0,0.0,59.9609269923787,4.459999999999994,13.09157250818123
Новосибирская область,2019-08-01,13.24275225900282,0.061654111534494405,0.061654111534494405,0.0,0.0,60.77136111726126,4.599999999999994,13.2679765312789
Новосибирская область,2019-09-01,12.98844151163473,0.2864871600654304,0.2864871600654304,0.0,0.0,62.40809243012926,4.310000000000002,13.44796848846714
Новосибирская область,2019-10-01,12.76168693874913,0.199118629193201,0.199118629193201,0.0,0.0,63.88265998681898,3.849999999999994,13.55903392689201
Новосибирская область,2019-11-01,12.57060753723652,-0.3451712223245451,-0.3451712223245451,-0.0,-0.0,63.22642837823177,3.980000000000004,13.47074091904703
Новосибирская область,2019-12-01,12.22840124740825,-0.11071296164861266,-0.11071296164861266,-0.0,-0.0,64.72897086659152,3.640000000000001,13.44343508228132
Новосибирская область,2020-01-01,11.79237170752069,0.4934187707708695,0.4934187707708695,0.0,0.0,65.74430613611234,2.930000000000007,13.36936344162543
Новосибирская область,2020-02-01,12.3262301559655,0.717717316165718,0.717717316165718,0.0,0.0,67.65029381211735,2.359999999999999,13.48834601834407
Новосибирская область,2020-03-01,11.99556525037515,0.5448138582658153,0.5448138582658153,0.0,0.0,67.94391940899543,1.959999999999994,13.63206632210709
Новосибирская область,2020-04-01,11.60691625207857,0.24910450663146122,0.24910450663146122,0.0,0.0,68.61758337207084,2.329999999999998,13.45706536098574
Новосибирская область,2020-05-01,11.4203900548092,0.12930980432325967,0.12930980432325967,0.0,0.0,68.39164116244257,3.189999999999998,14.07151840470554
Новосибирская область,2020-06-01,11.48382325241437,0.4216232562547013,0.4216232562547013,0.0,0.0,68.5218214526079,3.189999999999998,13.99749987278979
Новосибирская область,2020-07-01,11.27334527618687,-1.5016319110366503,-1.5016319110366503,-0.0,-0.0,68.83522883058599,3.439999999999998,14.12620409405124
Новосибирская область,2020-08-01,10.55052881602868,-0.8645661305373835,-0.8645661305373835,-0.0,-0.0,71.0508017686581,3.219999999999999,14.08451687816556
Новосибирская область,2020-09-01,10.43607534810392,-0.7937016241842549,-0.7937016241842549,-0.0,-0.0,72.11294081614795,3.439999999999998,14.03479219744668
Новосибирская область,2020-10-01,10.10076554502327,-1.2364929674992595,-1.2364929674992595,-0.0,-0.0,73.07789980847896,3.700000000000003,14.16312773700411
Новосибирская область,2020-11-01,9.75180023639432,-1.3589786818048175,-1.3589786818048175,-0.0,-0.0,73.54298031306621,3.900000000000006,13.69159643708323
Новосибирская область,2020-12-01,9.88168677622156,-1.7089361724181273,-1.7089361724181273,-0.0,-0.0,73.03990076946809,4.650000000000006,13.78795616063182
Новосибирская область,2021-01-01,9.73208393994454,3.0895976215913166,3.0895976215913166,0.0,0.0,73.01405639493562,4.379999999999995,13.7864482320536
Новосибирская область,2021-02-01,10.44903221887179,-0.05176615786507455,-0.05176615786507455,-0.0,-0.0,71.49213867799308,4.5,13.78630704223908
Новосибирская область,2021-03-01,9.91432258526215,-0.6104025253424652,-0.6104025253424652,-0.0,-0.0,72.30363358376147,5.140000000000001,13.78585885565572
Новосибирская область,2021-04-01,9.82488183504035,-0.5967440618905293,-0.5967440618905293,-0.0,-0.0,73.61114263216064,4.859999999999999,13.83821304906571
Новосибирская область,2021-05-01,9.86711687558544,-0.241937869195743,-0.241937869195743,-0.0,-0.0,74.10433520318928,4.939999999999998,13.82404996941444
Новосибирская область,2021-06-01,10.17734420216878,-0.7676306960714552,-0.7676306960714552,-0.0,-0.0,75.08846505265736,5.379999999999995,13.44938994698672
Новосибирская область,2021-07-01,9.890923728914359,0.08560806359759354,0.08560806359759354,0.0,0.0,76.14122540551998,6.109999999999999,13.82289144597418
Новосибирская область,2021-08-01,10.63843254207082,0.3090771946763784,0.3090771946763784,0.0,0.0,75.29146753840521,6.280000000000001,13.73705426026207
Новосибирская область,2021-09-01,10.63047701260832,-0.6460537301930689,-0.6460537301930689,-0.0,-0.0,76.01265416849868,6.819999999999993,13.64128525699176
Новосибирская область,2021-10-01,10.45505398271554,-0.6175372517280238,-0.6175372517280238,-0.0,-0.0,76.51602452526976,7.439999999999998,13.633261996108
Новосибирская область,2021-11-01,10.62127235869105,-0.12114037446266934,-0.12114037446266934,-0.0,-0.0,79.17381850460265,8.219999999999999,13.61089412113385
Новосибирская область,2021-12-01,10.50458056994071,-0.26721650241728057,-0.26721650241728057,-0.0,-0.0,78.5451130210416,7.939999999999998,13.46023548222167
Новосибирская область,2022-01-01,10.49559521092604,0.27464209751393653,0.27464209751393653,0.0,0.0,78.3898766119049,9.209999999999994,13.40430536126315
Новосибирская область,2022-02-01,11.45762535455154,-0.3501956198858558,-0.3501956198858558,-0.0,-0.0,80.9065208448782,10.5,12.90092901636263
Новосибирская область,2022-03-01,11.18891411713355,4.941478356719127,4.941478356719127,0.0,0.0,81.77353961406135,10.78,13.4128703433885
Новосибирская область,2022-04-01,11.04903923658751,1.4923126339086181,1.4923126339086181,0.0,0.0,81.02023358693256,18.27,14.2386040044889
Новосибирская область,2022-05-01,15.75504866188216,-1.244790623444267,-1.244790623444267,-0.0,-0.0,78.77521360156875,18.93000000000001,13.90341196931644
Новосибирская область,2022-06-01,16.03467747848733,-3.118179668249544,-3.118179668249544,-0.0,-0.0,77.75749141376065,17.93000000000001,13.99118308234869
Новосибирская область,2022-07-01,14.16787963152644,-0.386746413724417,-0.386746413724417,-0.0,-0.0,77.19721228127024,15.81999999999999,14.57817137562322
Новосибирская область,2022-08-01,12.38459855845515,-1.1110066252555733,-1.1110066252555733,-0.0,-0.0,77.61419377937403,14.98999999999999,14.38840403259402
Новосибирская область,2022-09-01,12.26014996106573,1.7547062341946287,1.7547062341946287,0.0,0.0,77.93191641495503,13.40000000000001,14.46201011161998
Новосибирская область,2022-10-01,11.66657074254982,1.2482715752793254,1.2482715752793254,0.0,0.0,78.53991869717932,12.97,14.4521359365292
Новосибирская область,2022-11-01,12.23322833836665,0.32653909912163215,0.32653909912163215,0.0,0.0,77.05634188302422,11.56999999999999,14.37289308110662
Новосибирская область,2022-12-01,11.92042445096334,0.14955653030453497,0.14955653030453497,0.0,0.0,77.34319808001445,10.79000000000001,14.56892514771777
Новосибирская область,2023-01-01,11.35108549601416,0.13967960707903515,0.13967960707903515,0.0,0.0,77.86656292068416,10.40000000000001,14.33533164948799
Новосибирская область,2023-02-01,13.04119800092063,-1.9472998218897306,-1.9472998218897306,-0.0,-0.0,78.70154988383985,9.89,14.52505522113199
Новосибирская область,2023-03-01,12.29210817277539,-0.4649545463768856,-0.4649545463768856,-0.0,-0.0,78.48354218208283,8.819999999999993,14.38325496066291
Новосибирская область,2023-04-01,12.09348466472634,-0.5507806832459252,-0.5507806832459252,-0.0,-0.0,79.13839658693149,1.909999999999997,14.11043020379281
Новосибирская область,2023-05-01,12.08237444086012,-0.46521849390664727,-0.46521849390664727,-0.0,-0.0,81.46344769585718,0.6899999999999977,13.9695163724314
Новосибирская область,2023-06-01,12.30135385565685,-0.5347109788556779,-0.5347109788556779,-0.0,-0.0,81.94023410321564,0.5900000000000034,13.4806461760746
Новосибирская область,2023-07-01,12.12836855201877,-0.5497632155639387,-0.5497632155639387,-0.0,-0.0,82.47294824193754,1.569999999999993,13.44633498085596
Новосибирская область,2023-08-01,11.92630017953294,0.2078297309388475,0.2078297309388475,0.0,0.0,80.56482419734276,3.019999999999996,13.22097604656038
Новосибирская область,2023-09-01,11.85946427335675,2.7050587479091437,2.7050587479091437,0.0,0.0,82.22399074816428,4.5,13.18361350276649
Новосибирская область,2023-10-01,11.79427865760681,0.8633696772512707,0.8633696772512707,0.0,0.0,83.66472212156228,6.170000000000002,13.05463102782712
Новосибирская область,2023-11-01,13.09286333285323,1.714265038508227,1.714265038508227,0.0,0.0,83.85865256136074,6.5,12.84075151675361
Новосибирская область,2023-12-01,12.90524689159576,-1.5282051620880424,-1.5282051620880424,-0.0,-0.0,83.29881929784808,8.150000000000006,12.93343467542925
Новосибирская область,2024-01-01,13.35961489075441,0.6818813931607863,0.6818813931607863,0.0,0.0,81.92901742723816,8.060000000000002,12.91065010210274
Новосибирская область,2024-02-01,17.5253638931418,-1.5559611222700127,-1.5559611222700127,-0.0,-0.0,84.34289502378667,7.950000000000003,13.03470177446388
Новосибирская область,2024-03-01,18.40223767149715,-0.03662363343873665,-0.03662363343873665,-0.0,-0.0,83.58487725421425,8.260000000000005,12.91458036742024
Новосибирская область,2024-04-01,16.93971736912577,-0.07535756412256944,-0.07535756412256944,-0.0,-0.0,83.56328165364243,8.219999999999999,12.76707521845709
Новосибирская область,2024-05-01,16.7882548747195,-1.8174537430626252,-1.8174537430626252,-0.0,-0.0,81.67943382826617,8.620000000000005,12.70142713645545
Новосибирская область,2024-06-01,16.46190183630409,-0.4392507252018447,-0.4392507252018447,-0.0,-0.0,81.63651046294989,9.200000000000003,12.30838363899254
Новосибирская область,2024-07-01,14.99727961071314,-0.5869739684411108,-0.5869739684411108,-0.0,-0.0,82.29914574684828,9.670000000000002,12.33760684499073
Новосибирская область,2024-08-01,19.78952438001231,1.4105522767729113,1.4105522767729113,0.0,0.0,79.1013125931771,9.930000000000007,11.52440474355897
Новосибирская область,2024-09-01,19.80948236921036,-1.9115218364399809,-1.9115218364399809,-0.0,-0.0,78.50731311837681,9.560000000000002,11.52834930016743
Новосибирская область,2024-10-01,18.7292334136591,0.667769408390896,0.667769408390896,0.0,0.0,77.29546553089143,8.349999999999994,11.54270163959343
Новосибирская область,2024-11-01,19.06339085195215,2.039278586154861,2.039278586154861,0.0,0.0,76.92173060839593,9.129999999999995,11.41003013728381
Новосибирская область,2024-12-01,18.73223017776085,0.34090421830265427,0.34090421830265427,0.0,0.0,74.20563421638953,9.170000000000002,11.52017616068918
Новосибирская область,2025-01-01,17.7375124869996,0.24822008087726388,0.24822008087726388,0.0,0.0,71.93278376372845,9.900000000000006,12.02176979626388
Новосибирская область,2025-02-01,23.50733432451454,0.31653560056003016,0.31653560056003016,0.0,0.0,73.00034559122129,10.56999999999999,12.06582612881093
Новосибирская область,2025-03-01,21.05395016717818,0.41369500741819465,0.41369500741819465,0.0,0.0,71.89207557256285,11.11,12.32314755620546
Новосибирская область,2025-04-01,21.16428931839794,0.5812476727093596,0.5812476727093596,0.0,0.0,71.09538430354819,11.26000000000001,12.59434494275533
Новосибирская область,2025-05-01,19.04308946346812,0.3820181297639742,0.3820181297639742,0.0,0.0,67.63427432345794,10.88,12.49161355955235
Новосибирская область,2025-06-01,19.80272570450729,0.6128194128495359,0.6128194128495359,0.0,0.0,66.99255784270157,10.98999999999999,12.6235964568909
Новосибирская область,2025-07-01,19.21886726939606,-0.2977272507310609,-0.2977272507310609,-0.0,-0.0,65.97088382436542,11.0,13.15074516047414
Новосибирская область,2025-08-01,19.20848681914778,-1.399483474742535,-1.399483474742535,-0.0,-0.0,64.98126098929484,9.680000000000007,12.27870438749051
Новосибирская область,2025-09-01,18.49007975433565,0.2588989388809786,0.2588989388809786,0.0,0.0,64.9626985109116,9.379999999999995,12.3322619467736
Новосибирская область,2025-10-01,17.55116605296208,-0.43597080805563593,-0.43597080805563593,-0.0,-0.0,64.59945479807459,8.829999999999998,12.34705124988767
Новосибирская область,2025-11-01,16.6084344112987,-0.19410526130430839,-0.19410526130430839,-0.0,-0.0,64.35618423657522,8.409999999999997,12.26142903542802
Новосибирская область,2025-12-01,16.62046838255594,0.2813157398373711,0.2813157398373711,0.0,0.0,63.79897841564765,7.310000000000002,12.48384285759226
Омская область,2019-03-01,13.52136537385323,0.7128714995200838,0.0,0.0,0.0,45.34718091511429,5.450000000000003,13.6081307610041
Омская область,2019-04-01,13.80026096772687,0.6911493920479934,0.0,0.0,0.0,46.2070452129714,5.700000000000003,13.63591142357554
Омская область,2019-05-01,13.8728403762727,0.45783100689424217,0.0,0.0,0.0,47.59725152576538,5.659999999999997,13.52777667082473
Омская область,2019-06-01,14.12725097135458,0.5041451542673663,0.0,0.0,0.0,48.55764197835934,5.280000000000001,13.46986814019463
Омская область,2019-07-01,13.88286407836289,0.14629311794748645,0.0,0.0,0.0,49.44326727940219,5.319999999999993,13.25613441317576
Омская область,2019-08-01,13.80915804047042,0.061654111534494405,0.0,0.0,0.0,50.12091921682854,4.959999999999994,13.47501779074702
Омская область,2019-09-01,13.611257900285,0.2864871600654304,0.0,0.0,0.0,51.43412613647494,4.489999999999995,13.52815938235023
Омская область,2019-10-01,13.27514520205717,0.199118629193201,0.0,0.0,0.0,52.62279566064657,4.459999999999994,13.65305719172146
Омская область,2019-11-01,13.13462205959183,-0.3451712223245451,-0.0,-0.0,-0.0,53.65292749502645,4.239999999999995,13.53981866794078
Омская область,2019-12-01,12.89549448980115,-0.11071296164861266,-0.0,-0.0,-0.0,54.57079993613192,3.790000000000006,13.54953079801558
Омская область,2020-01-01,12.54908332250347,0.4934187707708695,0.0,0.0,0.0,55.39784964765303,3.549999999999997,13.45930075941215
Омская область,2020-02-01,12.89390234900832,0.717717316165718,0.0,0.0,0.0,55.588206745807,2.390000000000001,13.51287631201976
Омская область,2020-03-01,12.57639058696391,0.5448138582658153,0.0,0.0,0.0,55.85230588520243,2.420000000000002,13.66631889238213
Омская область,2020-04-01,12.24896653209076,0.24910450663146122,0.0,0.0,0.0,56.46919911867007,2.25,13.35355073870647
Омская область,2020-05-01,12.0224586622074,0.12930980432325967,0.0,0.0,0.0,54.64173034625601,2.829999999999998,14.08605533788223
Омская область,2020-06-01,12.00343081291026,0.4216232562547013,0.0,0.0,0.0,54.69852175950306,2.640000000000001,14.06094576744762
Омская область,2020-07-01,11.97448979207697,-1.5016319110366503,-0.0,-0.0,-0.0,55.12298249047276,2.75,14.22920688720479
Омская область,2020-08-01,11.27168320805296,-0.8645661305373835,-0.0,-0.0,-0.0,55.56094883317482,2.709999999999994,14.19661321329965
Омская область,2020-09-01,11.07071918158655,-0.7937016241842549,-0.0,-0.0,-0.0,56.53911598987889,3.060000000000002,14.12949889388042
Омская область,2020-10-01,10.68628109996985,-1.2364929674992595,-0.0,-0.0,-0.0,57.36047473899614,3.349999999999994,14.29576235721445
Омская область,2020-11-01,10.41017162439636,-1.3589786818048175,-0.0,-0.0,-0.0,58.56713833312712,3.859999999999999,13.7397675261614
Омская область,2020-12-01,10.81166977616971,-1.7089361724181273,-0.0,-0.0,-0.0,58.54701060698685,4.609999999999999,13.90004387895067
Омская область,2021-01-01,10.4451290442398,3.0895976215913166,0.0,0.0,0.0,58.19359360173458,4.859999999999999,13.93227336430605
Омская область,2021-02-01,11.19064646694615,-0.05176615786507455,-0.0,-0.0,-0.0,59.8964445552299,5.480000000000004,13.93997973733546
Омская область,2021-03-01,10.63607115496808,-0.6104025253424652,-0.0,-0.0,-0.0,60.29656154495859,5.840000000000003,13.93636680593165
Омская область,2021-04-01,10.67580210947431,-0.5967440618905293,-0.0,-0.0,-0.0,61.21783469411653,6.069999999999993,13.99397000559613
Омская область,2021-05-01,10.61705178004285,-0.241937869195743,-0.0,-0.0,-0.0,62.6728957496113,6.340000000000003,14.04987498670727
Омская область,2021-06-01,10.9392048725903,-0.7676306960714552,-0.0,-0.0,-0.0,63.24485466277434,6.569999999999993,13.54726390835945
Омская область,2021-07-01,10.71220571974688,0.08560806359759354,0.0,0.0,0.0,64.18912640678003,7.359999999999999,13.95535652700825
Омская область,2021-08-01,11.23923141797325,0.3090771946763784,0.0,0.0,0.0,64.16372929985835,7.510000000000005,13.83632892828592
Омская область,2021-09-01,11.13453657830037,-0.6460537301930689,-0.0,-0.0,-0.0,65.25780619406515,7.799999999999997,13.70795109630615
Омская область,2021-10-01,11.07327164690811,-0.6175372517280238,-0.0,-0.0,-0.0,66.06011420588122,8.760000000000005,13.74583432722527
Омская область,2021-11-01,11.40654094350526,-0.12114037446266934,-0.0,-0.0,-0.0,65.45836448109469,9.209999999999994,13.68710051286567
Омская область,2021-12-01,11.40301730498529,-0.26721650241728057,-0.0,-0.0,-0.0,64.78180751243498,9.870000000000005,13.52435740221689
Омская область,2022-01-01,11.24983368866269,0.27464209751393653,0.0,0.0,0.0,65.2107624946249,9.379999999999995,13.47827542770589
Омская область,2022-02-01,12.23655370268167,-0.3501956198858558,-0.0,-0.0,-0.0,67.24086119878679,10.61,12.94605615443296
Омская область,2022-03-01,12.08832012033629,4.941478356719127,0.0,0.0,0.0,67.83146381429687,10.93000000000001,13.4036301258995
Омская область,2022-04-01,12.70475785080893,1.4923126339086181,0.0,0.0,0.0,67.04115712040806,18.77,14.23320220541586
Омская область,2022-05-01,17.06167401300879,-1.244790623444267,-0.0,-0.0,-0.0,66.1243645308288,18.62,14.00957630030642
Омская область,2022-06-01,16.91993698598816,-3.118179668249544,-0.0,-0.0,-0.0,65.32476098193607,18.28,14.09140214699146
Омская область,2022-07-01,15.10630318828442,-0.386746413724417,-0.0,-0.0,-0.0,64.79457844819484,16.31,14.74336284650456
Омская область,2022-08-01,13.64033994866885,-1.1110066252555733,-0.0,-0.0,-0.0,65.8977005465739,15.56,14.50408053130832
Омская область,2022-09-01,13.12803573238974,1.7547062341946287,0.0,0.0,0.0,65.70139862575968,13.86,14.56335845278422
Омская область,2022-10-01,12.752476017496,1.2482715752793254,0.0,0.0,0.0,65.93014256739421,13.0,14.57856229310035
Омская область,2022-11-01,12.83804703081838,0.32653909912163215,0.0,0.0,0.0,65.48754413006257,12.05,14.46813185666172
Омская область,2022-12-01,12.99843279255257,0.14955653030453497,0.0,0.0,0.0,65.23156802646307,10.64,14.64772654820684
Омская область,2023-01-01,12.6641388758389,0.13967960707903515,0.0,0.0,0.0,64.60125141357771,10.94,14.40306769075901
Омская область,2023-02-01,14.22856855266528,-1.9472998218897306,-0.0,-0.0,-0.0,65.15074338745535,10.12,14.56725144496106
Омская область,2023-03-01,13.23133740509101,-0.4649545463768856,-0.0,-0.0,-0.0,64.85591583276573,8.810000000000002,14.4264614324
Омская область,2023-04-01,13.1263615992457,-0.5507806832459252,-0.0,-0.0,-0.0,65.47329297598125,1.680000000000007,14.20948781118521
Омская область,2023-05-01,13.11994575674177,-0.46521849390664727,-0.0,-0.0,-0.0,66.31131490034952,0.9000000000000057,14.0741926785644
Омская область,2023-06-01,13.34858501290356,-0.5347109788556779,-0.0,-0.0,-0.0,66.62334864059105,1.25,13.53383282885136
Омская область,2023-07-01,13.20487334230843,-0.5497632155639387,-0.0,-0.0,-0.0,67.26418659137777,1.950000000000003,13.52218208097566
Омская область,2023-08-01,13.05086188768028,0.2078297309388475,0.0,0.0,0.0,68.14711335134716,3.409999999999997,13.25806361595953
Омская область,2023-09-01,13.12576843831915,2.7050587479091437,0.0,0.0,0.0,69.73870754958298,4.379999999999995,13.15629512451937
Омская область,2023-10-01,13.51739536233047,0.8633696772512707,0.0,0.0,0.0,70.79388587894917,5.049999999999997,13.0464552788433
Омская область,2023-11-01,15.03480859405423,1.714265038508227,0.0,0.0,0.0,71.40432558523388,6.420000000000002,12.84756485824458
Омская область,2023-12-01,14.99005339057448,-1.5282051620880424,-0.0,-0.0,-0.0,71.25017667709388,7.310000000000002,12.93051076152534
Омская область,2024-01-01,15.48474607454292,0.6818813931607863,0.0,0.0,0.0,69.80991191972097,7.230000000000004,12.95516245904119
Омская область,2024-02-01,18.69602527492121,-1.5559611222700127,-0.0,-0.0,-0.0,70.17500709135136,7.349999999999994,13.05491802286768
Омская область,2024-03-01,20.08619194807439,-0.03662363343873665,-0.0,-0.0,-0.0,69.73014978740952,8.349999999999994,12.94281156324848
Омская область,2024-04-01,18.93505559785305,-0.07535756412256944,-0.0,-0.0,-0.0,69.91391927050347,7.659999999999997,12.82450020941495
Омская область,2024-05-01,18.73855274069603,-1.8174537430626252,-0.0,-0.0,-0.0,69.81748545904614,7.640000000000001,12.79050202922522
Омская область,2024-06-01,17.91112338939919,-0.4392507252018447,-0.0,-0.0,-0.0,70.00378426123987,7.900000000000006,12.38454157320148
Омская область,2024-07-01,17.34980372891876,-0.5869739684411108,-0.0,-0.0,-0.0,70.82890973267885,8.64,12.50192809282611
Омская область,2024-08-01,20.71528054388774,1.4105522767729113,0.0,0.0,0.0,69.55725415851154,9.400000000000006,11.62931962124827
Омская область,2024-09-01,20.99390564733547,-1.9115218364399809,-0.0,-0.0,-0.0,69.61170071891789,9.370000000000005,11.61160543087886
Омская область,2024-10-01,20.55930710955357,0.667769408390896,0.0,0.0,0.0,68.73792171493582,8.969999999999999,11.60449837506521
Омская область,2024-11-01,20.75312065612735,2.039278586154861,0.0,0.0,0.0,68.71623421538963,8.900000000000006,11.46186505205257
Омская область,2024-12-01,20.64868547069363,0.34090421830265427,0.0,0.0,0.0,64.95571138797766,9.400000000000006,11.60122178886425
Омская область,2025-01-01,19.13634891158226,0.24822008087726388,0.0,0.0,0.0,63.02907301541073,9.780000000000001,12.12479914420768
Омская область,2025-02-01,24.18311599819895,0.31653560056003016,0.0,0.0,0.0,61.3779571239462,10.72,12.15323239078064
Омская область,2025-03-01,22.64348810077843,0.41369500741819465,0.0,0.0,0.0,60.55322719204559,10.63,12.44175286625548
Омская область,2025-04-01,22.05794778532224,0.5812476727093596,0.0,0.0,0.0,59.82157736900432,11.56,12.71837342961135
Омская область,2025-05-01,21.04592787899863,0.3820181297639742,0.0,0.0,0.0,58.42690458274591,11.59,12.62750206181134
Омская область,2025-06-01,21.09139931507444,0.6128194128495359,0.0,0.0,0.0,57.83637222638652,11.15000000000001,12.75633532702601
Омская область,2025-07-01,21.51964021789439,-0.2977272507310609,-0.0,-0.0,-0.0,56.87452058076224,10.63,13.26406412166741
Омская область,2025-08-01,21.37351187631957,-1.399483474742535,-0.0,-0.0,-0.0,56.07044234276727,8.840000000000003,12.43336245537804
Омская область,2025-09-01,20.31537405624632,0.2588989388809786,0.0,0.0,0.0,56.09167773701845,7.829999999999998,12.46260291579486
Омская область,2025-10-01,18.7622470284749,-0.43597080805563593,-0.0,-0.0,-0.0,55.73428733266906,7.310000000000002,12.39688013791588
Омская область,2025-11-01,18.37781070621765,-0.19410526130430839,-0.0,-0.0,-0.0,55.49831310051626,6.439999999999998,12.31884583184944
Омская область,2025-12-01,17.67745892705212,0.2813157398373711,0.0,0.0,0.0,55.24662487263055,5.680000000000007,12.55266306918587
Оренбургская область,2019-03-01,13.45125767228519,0.7128714995200838,0.0,0.0,0.0,67.01655971777008,4.959999999999994,14.01540042987149
Оренбургская область,2019-04-01,13.74517457752074,0.6911493920479934,0.0,0.0,0.0,67.59718753120359,5.099999999999994,14.03967820408458
Оренбургская область,2019-05-01,13.82371943980182,0.45783100689424217,0.0,0.0,0.0,68.79126530780555,5.120000000000005,13.89045059984668
Оренбургская область,2019-06-01,14.00090494111624,0.5041451542673663,0.0,0.0,0.0,69.33192699418854,5.049999999999997,13.81378491822379
Оренбургская область,2019-07-01,13.65083179576496,0.14629311794748645,0.0,0.0,0.0,69.61592876037942,4.519999999999996,13.57752334769094
Оренбургская область,2019-08-01,13.57967646789747,0.061654111534494405,0.0,0.0,0.0,70.67815316445144,4.219999999999999,13.78368293199747
Оренбургская область,2019-09-01,13.33346576906344,0.2864871600654304,0.0,0.0,0.0,71.43286078573345,4.159999999999997,13.8559799524366
Оренбургская область,2019-10-01,13.05555848845857,0.199118629193201,0.0,0.0,0.0,72.09047605798285,3.769999999999996,13.98403419640716
Оренбургская область,2019-11-01,12.97443498396179,-0.3451712223245451,-0.0,-0.0,-0.0,69.97827642543189,3.469999999999999,13.85280628090038
Оренбургская область,2019-12-01,12.67089990704188,-0.11071296164861266,-0.0,-0.0,-0.0,70.46012730820529,3.180000000000007,13.86707737759736
Оренбургская область,2020-01-01,12.43362703590444,0.4934187707708695,0.0,0.0,0.0,70.8736915725799,2.420000000000002,13.77679252249608
Оренбургская область,2020-02-01,13.01531111773874,0.717717316165718,0.0,0.0,0.0,74.1777450947775,1.780000000000001,13.82790485443475
Оренбургская область,2020-03-01,12.62031211289763,0.5448138582658153,0.0,0.0,0.0,74.2747119096374,1.640000000000001,13.94397400579105
Оренбургская область,2020-04-01,12.29506403511207,0.24910450663146122,0.0,0.0,0.0,74.81967800533643,1.819999999999993,13.64659811820403
Оренбургская область,2020-05-01,11.94873204939067,0.12930980432325967,0.0,0.0,0.0,72.986109360789,2.439999999999998,14.38467347081212
Оренбургская область,2020-06-01,11.83162036247291,0.4216232562547013,0.0,0.0,0.0,72.73046724547991,2.329999999999998,14.31295286257706
Оренбургская область,2020-07-01,11.70866309429996,-1.5016319110366503,-0.0,-0.0,-0.0,73.05195125060966,2.439999999999998,14.45470071770991
Оренбургская область,2020-08-01,11.152603605283,-0.8645661305373835,-0.0,-0.0,-0.0,69.86441462865025,2.560000000000002,14.40440315705818
Оренбургская область,2020-09-01,11.07665965438584,-0.7937016241842549,-0.0,-0.0,-0.0,71.0319426295773,3.0,14.31113291242835
Оренбургская область,2020-10-01,10.73038277291213,-1.2364929674992595,-0.0,-0.0,-0.0,71.756021235035,3.069999999999993,14.52008702890832
Оренбургская область,2020-11-01,10.46347549528084,-1.3589786818048175,-0.0,-0.0,-0.0,74.66199229247701,3.5,13.96569067227701
Оренбургская область,2020-12-01,10.76781399500923,-1.7089361724181273,-0.0,-0.0,-0.0,74.70220244047859,4.150000000000006,14.11325007094905
Оренбургская область,2021-01-01,10.4178007702034,3.0895976215913166,0.0,0.0,0.0,74.6227341936904,4.790000000000006,14.14423354415851
Оренбургская область,2021-02-01,11.02737638057151,-0.05176615786507455,-0.0,-0.0,-0.0,75.01417100043388,5.239999999999995,14.1776633141495
Оренбургская область,2021-03-01,10.55867707797602,-0.6104025253424652,-0.0,-0.0,-0.0,75.41849051179315,5.859999999999999,14.14710831603957
Оренбургская область,2021-04-01,10.46231642832904,-0.5967440618905293,-0.0,-0.0,-0.0,76.22295034265885,5.930000000000007,14.24475490019981
Оренбургская область,2021-05-01,10.51853035112115,-0.241937869195743,-0.0,-0.0,-0.0,76.70960761336086,5.879999999999995,14.29872194278406
Оренбургская область,2021-06-01,10.92864982702495,-0.7676306960714552,-0.0,-0.0,-0.0,77.88011289615388,6.359999999999999,13.78824060194925
Оренбургская область,2021-07-01,10.75433089803493,0.08560806359759354,0.0,0.0,0.0,78.78893271481007,7.359999999999999,14.19836773698805
Оренбургская область,2021-08-01,11.17395522352683,0.3090771946763784,0.0,0.0,0.0,81.93107667113983,6.719999999999999,14.01793625039033
Оренбургская область,2021-09-01,11.13733292952861,-0.6460537301930689,-0.0,-0.0,-0.0,83.15314052455864,6.459999999999994,13.9231714233919
Оренбургская область,2021-10-01,11.09164481587303,-0.6175372517280238,-0.0,-0.0,-0.0,83.76114082438303,7.579999999999998,13.94395889057503
Оренбургская область,2021-11-01,11.30263684037771,-0.12114037446266934,-0.0,-0.0,-0.0,81.73592928649657,8.36,13.92481530210958
Оренбургская область,2021-12-01,11.33309434904625,-0.26721650241728057,-0.0,-0.0,-0.0,81.6654967048867,8.420000000000002,13.7643677758497
Оренбургская область,2022-01-01,11.28053626239717,0.27464209751393653,0.0,0.0,0.0,81.73603131662827,8.549999999999997,13.73143353380418
Оренбургская область,2022-02-01,12.13304526560451,-0.3501956198858558,-0.0,-0.0,-0.0,85.72032944894917,9.209999999999994,13.17435749135422
Оренбургская область,2022-03-01,11.91354788024665,4.941478356719127,0.0,0.0,0.0,86.25627542007813,9.530000000000001,13.60574824843139
Оренбургская область,2022-04-01,11.8222207968618,1.4923126339086181,0.0,0.0,0.0,85.84610991633913,19.5,14.39312653760615
Оренбургская область,2022-05-01,15.58481738599799,-1.244790623444267,-0.0,-0.0,-0.0,83.83259447928914,19.38,14.13589046769498
Оренбургская область,2022-06-01,17.11202816956726,-3.118179668249544,-0.0,-0.0,-0.0,82.6383591642769,18.25,14.1782148812492
Оренбургская область,2022-07-01,15.65464896013043,-0.386746413724417,-0.0,-0.0,-0.0,82.08888791754747,16.48,14.78943637903308
Оренбургская область,2022-08-01,13.48572089647854,-1.1110066252555733,-0.0,-0.0,-0.0,80.99760098008123,15.94,14.54448955822206
Оренбургская область,2022-09-01,13.01551251085391,1.7547062341946287,0.0,0.0,0.0,80.6104410982922,15.37,14.56750443138829
Оренбургская область,2022-10-01,12.38672286472621,1.2482715752793254,0.0,0.0,0.0,81.05636389271946,14.56,14.55676789164751
Оренбургская область,2022-11-01,12.49685375305338,0.32653909912163215,0.0,0.0,0.0,79.89610129444385,13.18000000000001,14.44416397609976
Оренбургская область,2022-12-01,12.93622839040975,0.14955653030453497,0.0,0.0,0.0,79.70092031183292,12.54000000000001,14.61478124465489
Оренбургская область,2023-01-01,12.62216155414838,0.13967960707903515,0.0,0.0,0.0,79.5829392436189,12.0,14.38991805608762
Оренбургская область,2023-02-01,14.25104940474705,-1.9472998218897306,-0.0,-0.0,-0.0,79.80958292344611,11.81,14.5319445890448
Оренбургская область,2023-03-01,13.63474434725471,-0.4649545463768856,-0.0,-0.0,-0.0,78.89822170313131,10.87,14.39244207995457
Оренбургская область,2023-04-01,13.37225991016724,-0.5507806832459252,-0.0,-0.0,-0.0,78.60871012287102,1.269999999999996,14.17339084804492
Оренбургская область,2023-05-01,13.3489716620923,-0.46521849390664727,-0.0,-0.0,-0.0,78.08644341204797,0.4300000000000068,14.06896510591608
Оренбургская область,2023-06-01,13.63601610564663,-0.5347109788556779,-0.0,-0.0,-0.0,78.04686710069547,0.9899999999999949,13.4599752348246
Оренбургская область,2023-07-01,13.30999707198332,-0.5497632155639387,-0.0,-0.0,-0.0,78.40877081202113,2.079999999999998,13.48418028445292
Оренбургская область,2023-08-01,13.11085636574427,0.2078297309388475,0.0,0.0,0.0,75.89473997120083,3.670000000000002,13.21861999831619
Оренбургская область,2023-09-01,13.02746245949472,2.7050587479091437,0.0,0.0,0.0,77.35669268403255,4.290000000000006,13.07649592534603
Оренбургская область,2023-10-01,13.02525007363276,0.8633696772512707,0.0,0.0,0.0,78.42813439664144,5.010000000000005,13.00118315946708
Оренбургская область,2023-11-01,14.41898759722312,1.714265038508227,0.0,0.0,0.0,78.75604532149232,6.530000000000001,12.8459260970878
Оренбургская область,2023-12-01,15.08863216637604,-1.5282051620880424,-0.0,-0.0,-0.0,78.57443596034207,7.0,12.91420455085524
Оренбургская область,2024-01-01,15.0191838916853,0.6818813931607863,0.0,0.0,0.0,76.6169310891838,7.25,12.97436584448815
Оренбургская область,2024-02-01,18.79441766281757,-1.5559611222700127,-0.0,-0.0,-0.0,76.44320576784695,6.849999999999994,13.06494141232097
Оренбургская область,2024-03-01,19.91379044870711,-0.03662363343873665,-0.0,-0.0,-0.0,75.7453964790723,7.260000000000005,12.97066547707925
Оренбургская область,2024-04-01,18.4674763347332,-0.07535756412256944,-0.0,-0.0,-0.0,75.42670678506268,7.060000000000002,12.8723611330939
Оренбургская область,2024-05-01,18.58093450592699,-1.8174537430626252,-0.0,-0.0,-0.0,74.1987981297967,7.719999999999999,12.85833906787846
Оренбургская область,2024-06-01,18.30183988360774,-0.4392507252018447,-0.0,-0.0,-0.0,74.09471053870932,8.030000000000001,12.50688353846364
Оренбургская область,2024-07-01,16.70835319786546,-0.5869739684411108,-0.0,-0.0,-0.0,74.7133197287019,8.019999999999996,12.5889925566976
Оренбургская область,2024-08-01,20.44062230334926,1.4105522767729113,0.0,0.0,0.0,72.33706519851313,8.430000000000007,11.66741975148639
Оренбургская область,2024-09-01,20.31528318242578,-1.9115218364399809,-0.0,-0.0,-0.0,72.15977811227415,8.730000000000004,11.619336611115
Оренбургская область,2024-10-01,19.44478595358137,0.667769408390896,0.0,0.0,0.0,71.2978657129328,8.530000000000001,11.62103235375623
Оренбургская область,2024-11-01,19.87852403669248,2.039278586154861,0.0,0.0,0.0,72.1062876582346,7.599999999999994,11.44489781083046
Оренбургская область,2024-12-01,19.77772700086958,0.34090421830265427,0.0,0.0,0.0,68.88777317772812,8.590000000000003,11.60856146664703
Оренбургская область,2025-01-01,19.07716028096108,0.24822008087726388,0.0,0.0,0.0,66.73893910861318,9.75,12.26265228252849
Оренбургская область,2025-02-01,23.20205604977116,0.31653560056003016,0.0,0.0,0.0,65.59074765052738,10.03,12.22449504792143
Оренбургская область,2025-03-01,21.02074515396343,0.41369500741819465,0.0,0.0,0.0,64.35615493832614,10.73999999999999,12.51237967872069
Оренбургская область,2025-04-01,21.51831361784047,0.5812476727093596,0.0,0.0,0.0,63.61775023110675,11.43000000000001,12.77675534651099
Оренбургская область,2025-05-01,19.43319627076151,0.3820181297639742,0.0,0.0,0.0,62.35727734678035,11.15000000000001,12.72224739318941
Оренбургская область,2025-06-01,19.9864352627818,0.6128194128495359,0.0,0.0,0.0,61.68944484597225,10.77,12.80906079088012
Оренбургская область,2025-07-01,19.70063097246807,-0.2977272507310609,-0.0,-0.0,-0.0,60.5594938288001,10.36,13.23229189816199
Оренбургская область,2025-08-01,19.19201749689243,-1.399483474742535,-0.0,-0.0,-0.0,59.48087284682971,9.879999999999995,12.48462105135705
Оренбургская область,2025-09-01,18.25382889645691,0.2588989388809786,0.0,0.0,0.0,59.31775844380442,8.599999999999994,12.49316415659715
Оренбургская область,2025-10-01,17.37967714116189,-0.43597080805563593,-0.0,-0.0,-0.0,59.08049733878307,8.159999999999997,12.58842981535723
Оренбургская область,2025-11-01,17.3378577185752,-0.19410526130430839,-0.0,-0.0,-0.0,59.02056804016119,8.200000000000003,12.49607755881762
Оренбургская область,2025-12-01,17.02370991213664,0.2813157398373711,0.0,0.0,0.0,58.79422019749693,7.239999999999995,12.80029729551231
Орловская область,2019-03-01,13.29792909771555,0.7128714995200838,0.0,0.0,0.0,64.25435592183047,5.709999999999994,13.65665366730726
Орловская область,2019-04-01,13.74303888090024,0.6911493920479934,0.0,0.0,0.0,64.66355778401032,5.400000000000006,13.7207986219812
Орловская область,2019-05-01,13.80287871298003,0.45783100689424217,0.0,0.0,0.0,65.21828491500912,5.359999999999999,13.60669435763262
Орловская область,2019-06-01,14.13176999599298,0.5041451542673663,0.0,0.0,0.0,65.78284794348554,5.189999999999998,13.57978121564745
Орловская область,2019-07-01,13.73022524298375,0.14629311794748645,0.0,0.0,0.0,66.30667731799711,4.629999999999995,13.31731323366949
Орловская область,2019-08-01,13.69756965585805,0.061654111534494405,0.0,0.0,0.0,65.06941577217484,4.760000000000005,13.63967452239493
Орловская область,2019-09-01,13.30103486010423,0.2864871600654304,0.0,0.0,0.0,65.78969982423868,4.430000000000007,13.75144334776902
Орловская область,2019-10-01,13.25462988034009,0.199118629193201,0.0,0.0,0.0,66.25196073178982,4.109999999999999,13.94437986082199
Орловская область,2019-11-01,13.04067069536435,-0.3451712223245451,-0.0,-0.0,-0.0,66.77739072321981,4.099999999999994,13.86923235083364
Орловская область,2019-12-01,12.81405423046209,-0.11071296164861266,-0.0,-0.0,-0.0,67.05934197302567,3.810000000000002,13.89850372813381
Орловская область,2020-01-01,12.50723262143493,0.4934187707708695,0.0,0.0,0.0,66.50174815871033,3.370000000000005,13.7541612501691
Орловская область,2020-02-01,12.79923641818512,0.717717316165718,0.0,0.0,0.0,67.7013761902184,2.239999999999995,13.70165147523053
Орловская область,2020-03-01,12.68691201601459,0.5448138582658153,0.0,0.0,0.0,68.00220043138073,1.989999999999995,13.80921328271782
Орловская область,2020-04-01,12.24865724133625,0.24910450663146122,0.0,0.0,0.0,68.55114112978067,2.469999999999999,13.48238186180384
Орловская область,2020-05-01,11.47446341831899,0.12930980432325967,0.0,0.0,0.0,66.24865616198412,3.290000000000006,14.33921784926641
Орловская область,2020-06-01,11.42352711828268,0.4216232562547013,0.0,0.0,0.0,65.9583227539644,3.359999999999999,14.30554242392907
Орловская область,2020-07-01,11.66351286239799,-1.5016319110366503,-0.0,-0.0,-0.0,66.10089146013692,3.379999999999995,14.478942494201
Орловская область,2020-08-01,11.07570865745408,-0.8645661305373835,-0.0,-0.0,-0.0,66.80282025335724,3.5,14.4619123368256
Орловская область,2020-09-01,11.02939012410116,-0.7937016241842549,-0.0,-0.0,-0.0,67.5655059187653,3.930000000000007,14.27955873870304
Орловская область,2020-10-01,10.59761826720571,-1.2364929674992595,-0.0,-0.0,-0.0,68.34518216955239,3.890000000000001,14.48257838317353
Орловская область,2020-11-01,10.54850028381237,-1.3589786818048175,-0.0,-0.0,-0.0,69.16808963848617,4.010000000000005,13.86941074546381
Орловская область,2020-12-01,10.64047131690005,-1.7089361724181273,-0.0,-0.0,-0.0,69.45336087111039,4.579999999999998,14.06039649322339
Орловская область,2021-01-01,10.22351886939381,3.0895976215913166,0.0,0.0,0.0,69.56215153236684,5.219999999999999,14.06023367895476
Орловская область,2021-02-01,10.846701572858,-0.05176615786507455,-0.0,-0.0,-0.0,73.10858208903907,5.840000000000003,14.09792860754485
Орловская область,2021-03-01,10.54944719972296,-0.6104025253424652,-0.0,-0.0,-0.0,73.80279028075307,6.129999999999995,14.08376693650059
Орловская область,2021-04-01,10.71378911188242,-0.5967440618905293,-0.0,-0.0,-0.0,74.73452888883337,6.290000000000006,14.14319060860195
Орловская область,2021-05-01,10.50214401101166,-0.241937869195743,-0.0,-0.0,-0.0,73.26775422009577,5.819999999999993,14.27463659784996
Орловская область,2021-06-01,11.04598426346503,-0.7676306960714552,-0.0,-0.0,-0.0,73.83297901441267,6.540000000000006,13.63356787554168
Орловская область,2021-07-01,10.39940986282125,0.08560806359759354,0.0,0.0,0.0,74.76814622286297,7.0,14.05290645940543
Орловская область,2021-08-01,11.24183338915228,0.3090771946763784,0.0,0.0,0.0,73.55873184321653,7.129999999999995,13.84202181843487
Орловская область,2021-09-01,11.39515458445964,-0.6460537301930689,-0.0,-0.0,-0.0,74.28840440911341,7.590000000000003,13.7524836502871
Орловская область,2021-10-01,11.16092118285509,-0.6175372517280238,-0.0,-0.0,-0.0,74.88298747351152,8.349999999999994,13.83409318169481
Орловская область,2021-11-01,11.61391167548182,-0.12114037446266934,-0.0,-0.0,-0.0,74.83891829770766,8.980000000000004,13.76923430875321
Орловская область,2021-12-01,11.40314599899176,-0.26721650241728057,-0.0,-0.0,-0.0,74.79629563967346,9.120000000000005,13.59834201323173
Орловская область,2022-01-01,11.16041761031739,0.27464209751393653,0.0,0.0,0.0,74.39589573911249,9.079999999999998,13.55423580781925
Орловская область,2022-02-01,12.15726559462285,-0.3501956198858558,-0.0,-0.0,-0.0,77.56628160900898,9.459999999999994,13.00297000744865
Орловская область,2022-03-01,11.8786054902116,4.941478356719127,0.0,0.0,0.0,78.0468380243991,9.780000000000001,13.31114250768656
Орловская область,2022-04-01,11.68681049233249,1.4923126339086181,0.0,0.0,0.0,76.96702230837764,18.20999999999999,14.23300519968016
Орловская область,2022-05-01,16.77626130819624,-1.244790623444267,-0.0,-0.0,-0.0,77.32048242768492,19.65000000000001,14.12112468424173
Орловская область,2022-06-01,16.84624201765451,-3.118179668249544,-0.0,-0.0,-0.0,76.1666998814879,18.65000000000001,14.25212586044842
Орловская область,2022-07-01,15.77208500556901,-0.386746413724417,-0.0,-0.0,-0.0,75.16558090114533,17.04000000000001,14.86032231676514
Орловская область,2022-08-01,13.86364377863499,-1.1110066252555733,-0.0,-0.0,-0.0,71.56871874551621,16.06,14.63044207592719
Орловская область,2022-09-01,13.46554332561407,1.7547062341946287,0.0,0.0,0.0,71.13367063544803,15.0,14.64546312746055
Орловская область,2022-10-01,13.21408869088207,1.2482715752793254,0.0,0.0,0.0,71.07316487805534,14.64,14.64461055094952
Орловская область,2022-11-01,13.34704947869047,0.32653909912163215,0.0,0.0,0.0,70.86540210766782,13.77,14.55887776843803
Орловская область,2022-12-01,13.01534732408451,0.14955653030453497,0.0,0.0,0.0,70.87152942715646,12.81,14.83680233485942
Орловская область,2023-01-01,12.85037581235997,0.13967960707903515,0.0,0.0,0.0,70.51958868088744,12.87,14.60356481273653
Орловская область,2023-02-01,14.73443405944628,-1.9472998218897306,-0.0,-0.0,-0.0,72.76139681093827,12.45999999999999,14.75239424183461
Орловская область,2023-03-01,13.56310721918263,-0.4649545463768856,-0.0,-0.0,-0.0,72.57807287715993,11.65000000000001,14.59970421022995
Орловская область,2023-04-01,13.31190995816831,-0.5507806832459252,-0.0,-0.0,-0.0,72.97741799653188,3.439999999999998,14.41896544413062
Орловская область,2023-05-01,13.692266271563,-0.46521849390664727,-0.0,-0.0,-0.0,71.02841399719748,1.959999999999994,14.34301762632677
Орловская область,2023-06-01,13.87160222491415,-0.5347109788556779,-0.0,-0.0,-0.0,71.24287432716937,1.870000000000005,13.7483755644742
Орловская область,2023-07-01,13.53965584739218,-0.5497632155639387,-0.0,-0.0,-0.0,71.65712112958258,2.590000000000003,13.76514794795098
Орловская область,2023-08-01,13.47124340324592,0.2078297309388475,0.0,0.0,0.0,72.34591695451526,3.540000000000006,13.48688725154847
Орловская область,2023-09-01,13.23020622844122,2.7050587479091437,0.0,0.0,0.0,73.62442664768865,4.469999999999999,13.35615882956686
Орловская область,2023-10-01,13.38969834219863,0.8633696772512707,0.0,0.0,0.0,74.76760202586905,5.430000000000007,13.26095286766735
Орловская область,2023-11-01,14.40683744870419,1.714265038508227,0.0,0.0,0.0,73.47265417156429,6.319999999999993,13.04613351808862
Орловская область,2023-12-01,15.07287750274911,-1.5282051620880424,-0.0,-0.0,-0.0,73.23908707702972,6.879999999999995,13.08526055227178
Орловская область,2024-01-01,14.8753465618963,0.6818813931607863,0.0,0.0,0.0,71.89010272037753,7.519999999999996,13.12707409733102
Орловская область,2024-02-01,19.07343891838025,-1.5559611222700127,-0.0,-0.0,-0.0,77.14082611734226,7.379999999999995,13.1963560815331
Орловская область,2024-03-01,20.2197757924055,-0.03662363343873665,-0.0,-0.0,-0.0,76.69946024230116,7.530000000000001,13.09198503801161
Орловская область,2024-04-01,19.11577469964833,-0.07535756412256944,-0.0,-0.0,-0.0,76.77614693351319,7.540000000000006,13.0086627784536
Орловская область,2024-05-01,18.50653975473434,-1.8174537430626252,-0.0,-0.0,-0.0,73.8397986791545,7.459999999999994,13.00239206003739
Орловская область,2024-06-01,18.44782339155804,-0.4392507252018447,-0.0,-0.0,-0.0,74.03172753326692,7.920000000000002,12.60836675547218
Орловская область,2024-07-01,16.66767904989281,-0.5869739684411108,-0.0,-0.0,-0.0,74.7306368782455,8.569999999999993,12.7111835712713
Орловская область,2024-08-01,21.3738003256179,1.4105522767729113,0.0,0.0,0.0,73.1001904012326,9.159999999999997,11.72265377550873
Орловская область,2024-09-01,21.41481406161411,-1.9115218364399809,-0.0,-0.0,-0.0,72.70896551032806,9.079999999999998,11.69176798349516
Орловская область,2024-10-01,21.11237084550926,0.667769408390896,0.0,0.0,0.0,71.94976026702497,8.790000000000006,11.70608262856255
Орловская область,2024-11-01,20.21570353084386,2.039278586154861,0.0,0.0,0.0,71.94622190392622,8.629999999999995,11.515893033807
Орловская область,2024-12-01,20.37394186387239,0.34090421830265427,0.0,0.0,0.0,68.15020774108888,9.409999999999997,11.63977057920366
Орловская область,2025-01-01,19.37510153977559,0.24822008087726388,0.0,0.0,0.0,65.71946208327282,9.810000000000002,12.26596331653382
Орловская область,2025-02-01,24.7262457074377,0.31653560056003016,0.0,0.0,0.0,64.08333709765968,10.02,12.26638528291792
Орловская область,2025-03-01,21.6574828480521,0.41369500741819465,0.0,0.0,0.0,62.99244796799647,10.26000000000001,12.55862207788172
Орловская область,2025-04-01,20.73979781449237,0.5812476727093596,0.0,0.0,0.0,62.33574823715303,10.59,12.8243961341759
Орловская область,2025-05-01,19.41475052689702,0.3820181297639742,0.0,0.0,0.0,61.41640055037758,10.45999999999999,12.73791380158196
Орловская область,2025-06-01,19.98216314646774,0.6128194128495359,0.0,0.0,0.0,60.92003715821524,10.72,12.80337610123595
Орловская область,2025-07-01,19.87513821566883,-0.2977272507310609,-0.0,-0.0,-0.0,60.09968058613065,10.20999999999999,13.30690880153943
Орловская область,2025-08-01,20.35427854013238,-1.399483474742535,-0.0,-0.0,-0.0,59.01196159996077,9.39,12.28769261847903
Орловская область,2025-09-01,20.23015137656196,0.2588989388809786,0.0,0.0,0.0,58.83873855047911,8.909999999999997,12.3138933102122
Орловская область,2025-10-01,18.37548019977259,-0.43597080805563593,-0.0,-0.0,-0.0,58.45199694048681,8.459999999999994,12.38135369148794
Орловская область,2025-11-01,17.87343099442895,-0.19410526130430839,-0.0,-0.0,-0.0,58.12606509672182,8.019999999999996,12.25944536942233
Орловская область,2025-12-01,17.98034152484589,0.2813157398373711,0.0,0.0,0.0,57.88985490970035,6.969999999999999,12.55620509180052
Пензенская область,2019-03-01,13.57732911870814,0.7128714995200838,0.0,0.0,0.0,52.68557399273318,5.290000000000006,13.62262922758135
Пензенская область,2019-04-01,13.76139952655321,0.6911493920479934,0.0,0.0,0.0,53.05100308466469,5.079999999999998,13.5957432321657
Пензенская область,2019-05-01,13.93073625994029,0.45783100689424217,0.0,0.0,0.0,55.98555851010629,4.879999999999995,13.53851530514043
Пензенская область,2019-06-01,14.1388255849732,0.5041451542673663,0.0,0.0,0.0,56.36830073489568,5.019999999999996,13.4972135065906
Пензенская область,2019-07-01,13.6832375751922,0.14629311794748645,0.0,0.0,0.0,57.17921078010978,4.510000000000005,13.25346086403391
Пензенская область,2019-08-01,13.77487053518087,0.061654111534494405,0.0,0.0,0.0,55.70362085109676,4.359999999999999,13.47570363708255
Пензенская область,2019-09-01,13.41282070698365,0.2864871600654304,0.0,0.0,0.0,56.4664653423845,3.769999999999996,13.80331329388842
Пензенская область,2019-10-01,13.12357931891757,0.199118629193201,0.0,0.0,0.0,57.0152889160062,3.629999999999995,13.9383190747554
Пензенская область,2019-11-01,13.0307839892213,-0.3451712223245451,-0.0,-0.0,-0.0,55.31925953009574,3.299999999999997,13.84272404791548
Пензенская область,2019-12-01,12.73987624332472,-0.11071296164861266,-0.0,-0.0,-0.0,55.58301727683543,2.959999999999994,13.81127042789209
Пензенская область,2020-01-01,12.57997841509863,0.4934187707708695,0.0,0.0,0.0,55.22237921324204,2.469999999999999,13.69257962695673
Пензенская область,2020-02-01,12.87818358604074,0.717717316165718,0.0,0.0,0.0,59.23620300288426,1.920000000000002,13.64388674678607
Пензенская область,2020-03-01,12.55256428386588,0.5448138582658153,0.0,0.0,0.0,59.05952529493796,1.780000000000001,13.73736848672648
Пензенская область,2020-04-01,12.38856343557287,0.24910450663146122,0.0,0.0,0.0,59.47566526844709,2.379999999999995,13.56325025131042
Пензенская область,2020-05-01,11.85264575972985,0.12930980432325967,0.0,0.0,0.0,58.27412447479006,3.359999999999999,14.34104184220908
Пензенская область,2020-06-01,11.8787262052716,0.4216232562547013,0.0,0.0,0.0,57.91845240253236,2.810000000000002,14.26071671319691
Пензенская область,2020-07-01,11.63973223049684,-1.5016319110366503,-0.0,-0.0,-0.0,57.85907361821359,3.030000000000001,14.40560670173905
Пензенская область,2020-08-01,10.8018258227349,-0.8645661305373835,-0.0,-0.0,-0.0,57.21774920123597,3.219999999999999,14.36051351617936
Пензенская область,2020-09-01,10.77605394954502,-0.7937016241842549,-0.0,-0.0,-0.0,57.95504545120242,3.599999999999994,14.24622202611402
Пензенская область,2020-10-01,10.34370858152173,-1.2364929674992595,-0.0,-0.0,-0.0,58.90247917960964,3.939999999999998,14.45845810523867
Пензенская область,2020-11-01,9.91233630670007,-1.3589786818048175,-0.0,-0.0,-0.0,59.33462489795392,4.480000000000004,13.87185531810125
Пензенская область,2020-12-01,10.113744010586,-1.7089361724181273,-0.0,-0.0,-0.0,59.88998346540578,5.329999999999998,14.02436123271043
Пензенская область,2021-01-01,9.869350889235148,3.0895976215913166,0.0,0.0,0.0,60.47687946933209,6.120000000000005,13.99316812728152
Пензенская область,2021-02-01,10.62736676973259,-0.05176615786507455,-0.0,-0.0,-0.0,60.47725381856866,6.579999999999998,13.98755920093518
Пензенская область,2021-03-01,10.54681451161403,-0.6104025253424652,-0.0,-0.0,-0.0,60.83714047633664,7.120000000000005,13.9462451290575
Пензенская область,2021-04-01,10.29229262582344,-0.5967440618905293,-0.0,-0.0,-0.0,61.34756912348337,7.219999999999999,13.99140191971607
Пензенская область,2021-05-01,10.17399834643421,-0.241937869195743,-0.0,-0.0,-0.0,62.11849536877369,6.689999999999998,14.20558895812372
Пензенская область,2021-06-01,10.55517429073209,-0.7676306960714552,-0.0,-0.0,-0.0,62.85418115158555,7.370000000000005,13.62875867208903
Пензенская область,2021-07-01,10.12910995111335,0.08560806359759354,0.0,0.0,0.0,64.05721163554115,7.700000000000003,14.00113771327858
Пензенская область,2021-08-01,10.92581709258389,0.3090771946763784,0.0,0.0,0.0,63.78373975888526,7.829999999999998,13.89619718317086
Пензенская область,2021-09-01,10.93960811083352,-0.6460537301930689,-0.0,-0.0,-0.0,64.77036203316203,7.659999999999997,13.82809867268452
Пензенская область,2021-10-01,10.78733890909613,-0.6175372517280238,-0.0,-0.0,-0.0,65.50616284008134,8.200000000000003,13.90032571918345
Пензенская область,2021-11-01,10.93552460901984,-0.12114037446266934,-0.0,-0.0,-0.0,65.1076647900974,8.959999999999994,13.83251962662817
Пензенская область,2021-12-01,10.81279372859468,-0.26721650241728057,-0.0,-0.0,-0.0,65.39854069056369,9.239999999999995,13.6472938893553
Пензенская область,2022-01-01,10.47631959189507,0.27464209751393653,0.0,0.0,0.0,65.81210290080189,8.290000000000006,13.5769644273545
Пензенская область,2022-02-01,11.39908377093975,-0.3501956198858558,-0.0,-0.0,-0.0,74.64918222058354,8.560000000000002,13.04692776493095
Пензенская область,2022-03-01,11.10727498251856,4.941478356719127,0.0,0.0,0.0,75.51487489672279,9.379999999999995,13.39371772487145
Пензенская область,2022-04-01,10.49860902421189,1.4923126339086181,0.0,0.0,0.0,74.94220924880392,17.73,14.24963047989828
Пензенская область,2022-05-01,15.47029353703973,-1.244790623444267,-0.0,-0.0,-0.0,69.6118126841959,18.86,14.06048360321259
Пензенская область,2022-06-01,16.55128753585706,-3.118179668249544,-0.0,-0.0,-0.0,68.45148618851627,18.42,14.19329928671929
Пензенская область,2022-07-01,14.77670758028475,-0.386746413724417,-0.0,-0.0,-0.0,67.40634808297135,17.25,14.80142935617782
Пензенская область,2022-08-01,13.02922811745129,-1.1110066252555733,-0.0,-0.0,-0.0,66.47579888801988,15.66,14.53083215413275
Пензенская область,2022-09-01,13.09052280001956,1.7547062341946287,0.0,0.0,0.0,65.92616655162935,15.06,14.54292539339828
Пензенская область,2022-10-01,12.00311590941599,1.2482715752793254,0.0,0.0,0.0,66.18285881663849,14.59,14.49602139597705
Пензенская область,2022-11-01,12.84612524039134,0.32653909912163215,0.0,0.0,0.0,65.66185075959659,13.23,14.36979375356135
Пензенская область,2022-12-01,12.13153572197976,0.14955653030453497,0.0,0.0,0.0,65.53301311368169,11.89,14.60395038639229
Пензенская область,2023-01-01,11.51022680389828,0.13967960707903515,0.0,0.0,0.0,65.32614646533588,12.34999999999999,14.3735032072954
Пензенская область,2023-02-01,13.66562708041374,-1.9472998218897306,-0.0,-0.0,-0.0,65.05287249568735,12.04000000000001,14.53148073295873
Пензенская область,2023-03-01,12.32033849106577,-0.4649545463768856,-0.0,-0.0,-0.0,64.96062907846462,10.7,14.37275733619594
Пензенская область,2023-04-01,12.58062839138137,-0.5507806832459252,-0.0,-0.0,-0.0,65.55247334378538,2.400000000000006,14.18030144983385
Пензенская область,2023-05-01,12.68554530312045,-0.46521849390664727,-0.0,-0.0,-0.0,65.51954550256579,1.0,14.06489223735287
Пензенская область,2023-06-01,12.69386547444685,-0.5347109788556779,-0.0,-0.0,-0.0,65.86695511268661,1.209999999999994,13.40699478670573
Пензенская область,2023-07-01,12.67789499299299,-0.5497632155639387,-0.0,-0.0,-0.0,66.2939225611835,1.959999999999994,13.40145133051247
Пензенская область,2023-08-01,12.3253997573091,0.2078297309388475,0.0,0.0,0.0,64.8709542906401,3.599999999999994,13.10875719821626
Пензенская область,2023-09-01,12.16590089548741,2.7050587479091437,0.0,0.0,0.0,66.34090469616886,4.569999999999993,13.07601619839354
Пензенская область,2023-10-01,12.20813702305994,0.8633696772512707,0.0,0.0,0.0,67.5347379187545,5.189999999999998,12.97017390680069
Пензенская область,2023-11-01,13.3065084322183,1.714265038508227,0.0,0.0,0.0,68.01652954207428,5.760000000000005,12.7439465285803
Пензенская область,2023-12-01,13.61526125647849,-1.5282051620880424,-0.0,-0.0,-0.0,68.12328293412479,6.739999999999995,12.79011042861992
Пензенская область,2024-01-01,13.42587303991466,0.6818813931607863,0.0,0.0,0.0,67.16436542386805,6.859999999999999,12.81924573783751
Пензенская область,2024-02-01,17.90921152170394,-1.5559611222700127,-0.0,-0.0,-0.0,67.30404327686064,6.549999999999997,12.89522200377274
Пензенская область,2024-03-01,19.26479573093848,-0.03662363343873665,-0.0,-0.0,-0.0,66.67120227196942,7.230000000000004,12.7872144226226
Пензенская область,2024-04-01,18.08796046244778,-0.07535756412256944,-0.0,-0.0,-0.0,66.63547811961449,7.040000000000006,12.69394214026867
Пензенская область,2024-05-01,17.70349187863031,-1.8174537430626252,-0.0,-0.0,-0.0,67.4053921697278,7.340000000000003,12.66914374622002
Пензенская область,2024-06-01,16.61321805042291,-0.4392507252018447,-0.0,-0.0,-0.0,67.48010151676125,7.870000000000005,12.2965771385508
Пензенская область,2024-07-01,15.10720779354063,-0.5869739684411108,-0.0,-0.0,-0.0,68.35368620209084,8.269999999999996,12.36204348415992
Пензенская область,2024-08-01,19.92694426542826,1.4105522767729113,0.0,0.0,0.0,68.50462262491197,8.620000000000005,11.41676053226815
Пензенская область,2024-09-01,20.00689366910151,-1.9115218364399809,-0.0,-0.0,-0.0,68.08803584326543,8.400000000000006,11.37607288658667
Пензенская область,2024-10-01,19.05107396316992,0.667769408390896,0.0,0.0,0.0,67.17628564724086,7.920000000000002,11.36877686114271
Пензенская область,2024-11-01,19.48893996429937,2.039278586154861,0.0,0.0,0.0,66.26246294506046,8.049999999999997,11.20748867530718
Пензенская область,2024-12-01,18.54992103230696,0.34090421830265427,0.0,0.0,0.0,63.20706616340465,8.670000000000002,11.36742900334277
Пензенская область,2025-01-01,17.89261620736824,0.24822008087726388,0.0,0.0,0.0,61.23505626915318,9.730000000000004,12.04889142167383
Пензенская область,2025-02-01,23.59534047168246,0.31653560056003016,0.0,0.0,0.0,60.73323337645024,10.59,12.01733076358628
Пензенская область,2025-03-01,18.97804266470157,0.41369500741819465,0.0,0.0,0.0,59.61710464790294,10.56,12.28854856351322
Пензенская область,2025-04-01,19.90960417579712,0.5812476727093596,0.0,0.0,0.0,58.94276597423581,10.92,12.54858116252592
Пензенская область,2025-05-01,18.16939387067704,0.3820181297639742,0.0,0.0,0.0,57.4269169218136,10.94,12.48181458170065
Пензенская область,2025-06-01,18.92660185786265,0.6128194128495359,0.0,0.0,0.0,56.85310382000937,10.7,12.56310219650236
Пензенская область,2025-07-01,18.80077673020875,-0.2977272507310609,-0.0,-0.0,-0.0,55.75939531244861,10.08,12.99249883290776
Пензенская область,2025-08-01,18.16651153305846,-1.399483474742535,-0.0,-0.0,-0.0,54.74212978765151,9.39,12.1575870553983
Пензенская область,2025-09-01,17.25650830568989,0.2588989388809786,0.0,0.0,0.0,54.52146568373719,8.739999999999995,12.18286602520703
Пензенская область,2025-10-01,16.56640471436567,-0.43597080805563593,-0.0,-0.0,-0.0,53.96611029808691,8.950000000000003,12.29338688477307
Пензенская область,2025-11-01,16.30675228876861,-0.19410526130430839,-0.0,-0.0,-0.0,53.69721752155935,8.769999999999996,12.18766331799477
Пензенская область,2025-12-01,15.96823623128151,0.2813157398373711,0.0,0.0,0.0,53.37264341869364,7.780000000000001,12.46387298103634
Пермский край,2019-03-01,13.40390803137603,0.7128714995200838,0.0,0.0,0.0,60.98284494326855,4.459999999999994,13.70444783787758
Пермский край,2019-04-01,13.69063599191504,0.6911493920479934,0.0,0.0,0.0,61.63901804640373,4.560000000000002,13.68894577097995
Пермский край,2019-05-01,13.74865820742358,0.45783100689424217,0.0,0.0,0.0,63.79539236085888,4.439999999999998,13.57240703939184
Пермский край,2019-06-01,13.97467260819444,0.5041451542673663,0.0,0.0,0.0,64.28466508560014,4.319999999999993,13.52746686321887
Пермский край,2019-07-01,13.71568894203002,0.14629311794748645,0.0,0.0,0.0,64.43088889012462,4.129999999999995,13.30331769180423
Пермский край,2019-08-01,13.66387195098126,0.061654111534494405,0.0,0.0,0.0,64.0936544500239,4.400000000000006,13.51501344347202
Пермский край,2019-09-01,13.39625963423866,0.2864871600654304,0.0,0.0,0.0,64.73061446506505,4.099999999999994,13.60625727387326
Пермский край,2019-10-01,13.20141000781867,0.199118629193201,0.0,0.0,0.0,65.2591904686443,3.920000000000002,13.74436458795507
Пермский край,2019-11-01,13.0263044660988,-0.3451712223245451,-0.0,-0.0,-0.0,64.62459483837544,3.769999999999996,13.63025533878895
Пермский край,2019-12-01,12.68652885213531,-0.11071296164861266,-0.0,-0.0,-0.0,64.91162156642535,3.620000000000005,13.62088494619522
Пермский край,2020-01-01,12.4245708525446,0.4934187707708695,0.0,0.0,0.0,64.72818942138132,3.049999999999997,13.52280069611988
Пермский край,2020-02-01,12.74884124356669,0.717717316165718,0.0,0.0,0.0,65.7679537995605,2.120000000000005,13.51916108646456
Пермский край,2020-03-01,12.51699273145091,0.5448138582658153,0.0,0.0,0.0,65.90262056361445,2.420000000000002,13.63481761441722
Пермский край,2020-04-01,12.21289089912674,0.24910450663146122,0.0,0.0,0.0,66.40108364005233,2.489999999999995,13.34977164441423
Пермский край,2020-05-01,12.14206469369338,0.12930980432325967,0.0,0.0,0.0,63.52733921936291,3.299999999999997,14.19492111718833
Пермский край,2020-06-01,12.08919057765867,0.4216232562547013,0.0,0.0,0.0,63.26397565512664,3.129999999999995,14.19187609253688
Пермский край,2020-07-01,11.70116477325648,-1.5016319110366503,-0.0,-0.0,-0.0,63.54092023118901,3.329999999999998,14.38316008531451
Пермский край,2020-08-01,11.25080422545406,-0.8645661305373835,-0.0,-0.0,-0.0,64.69395673710109,2.920000000000002,14.30792326766122
Пермский край,2020-09-01,11.11229791654684,-0.7937016241842549,-0.0,-0.0,-0.0,65.65629969321282,3.269999999999996,14.22364387604009
Пермский край,2020-10-01,10.70144320441279,-1.2364929674992595,-0.0,-0.0,-0.0,66.57222741147535,3.280000000000001,14.41155318432462
Пермский край,2020-11-01,10.57201592361831,-1.3589786818048175,-0.0,-0.0,-0.0,68.88136958399535,3.659999999999997,13.83617687892494
Пермский край,2020-12-01,10.76540739786198,-1.7089361724181273,-0.0,-0.0,-0.0,68.91286278071131,4.049999999999997,14.01508371356383
Пермский край,2021-01-01,10.63636501088921,3.0895976215913166,0.0,0.0,0.0,68.94850298376541,4.5,14.02050826881866
Пермский край,2021-02-01,11.24395298614835,-0.05176615786507455,-0.0,-0.0,-0.0,66.96211205603288,4.760000000000005,14.03820261594529
Пермский край,2021-03-01,10.73411395447661,-0.6104025253424652,-0.0,-0.0,-0.0,67.59733683654339,5.159999999999997,14.02469567761889
Пермский край,2021-04-01,10.55207304156481,-0.5967440618905293,-0.0,-0.0,-0.0,68.53824217634899,5.150000000000006,14.10304275652719
Пермский край,2021-05-01,10.57248712081483,-0.241937869195743,-0.0,-0.0,-0.0,69.68611554643564,4.790000000000006,14.22206647500626
Пермский край,2021-06-01,11.0182814346853,-0.7676306960714552,-0.0,-0.0,-0.0,70.5495615848094,5.680000000000007,13.67027411031025
Пермский край,2021-07-01,10.69027856104303,0.08560806359759354,0.0,0.0,0.0,71.47281571572283,6.299999999999997,14.0965978902955
Пермский край,2021-08-01,11.12660871026578,0.3090771946763784,0.0,0.0,0.0,72.59577418219521,6.370000000000005,13.96855585054853
Пермский край,2021-09-01,11.25718030013168,-0.6460537301930689,-0.0,-0.0,-0.0,73.26451378751254,6.450000000000003,13.88701922122182
Пермский край,2021-10-01,11.09733483235832,-0.6175372517280238,-0.0,-0.0,-0.0,73.47522646256336,7.569999999999993,13.91319612357593
Пермский край,2021-11-01,11.26855217383814,-0.12114037446266934,-0.0,-0.0,-0.0,74.3290125673149,8.61,13.89225900176899
Пермский край,2021-12-01,11.30362087193104,-0.26721650241728057,-0.0,-0.0,-0.0,74.33653017679246,8.790000000000006,13.7317679603222
Пермский край,2022-01-01,11.2187348285966,0.27464209751393653,0.0,0.0,0.0,73.35478030950718,8.86,13.73916757927172
Пермский край,2022-02-01,12.03801540440858,-0.3501956198858558,-0.0,-0.0,-0.0,74.37708444875818,9.269999999999996,13.21133120186433
Пермский край,2022-03-01,11.7028665267316,4.941478356719127,0.0,0.0,0.0,74.7169898471167,9.469999999999999,13.50243376667017
Пермский край,2022-04-01,11.59009129806841,1.4923126339086181,0.0,0.0,0.0,73.50826589712838,19.2,14.39225950763157
Пермский край,2022-05-01,16.83025363719501,-1.244790623444267,-0.0,-0.0,-0.0,72.69003429229028,20.38,14.22039594365742
Пермский край,2022-06-01,17.72014088212832,-3.118179668249544,-0.0,-0.0,-0.0,71.53711169480343,18.17,14.36834289134495
Пермский край,2022-07-01,15.50544011752159,-0.386746413724417,-0.0,-0.0,-0.0,70.7391782639443,16.75,15.0201454562267
Пермский край,2022-08-01,13.57817474156762,-1.1110066252555733,-0.0,-0.0,-0.0,68.98326087527101,16.37,14.7570853705301
Пермский край,2022-09-01,13.18512276543676,1.7547062341946287,0.0,0.0,0.0,68.91350285210369,15.42,14.82005673950046
Пермский край,2022-10-01,12.49684272210106,1.2482715752793254,0.0,0.0,0.0,69.2514765193925,14.25,14.82020653415631
Пермский край,2022-11-01,12.60466185669143,0.32653909912163215,0.0,0.0,0.0,69.1388265918507,12.84999999999999,14.751423644972
Пермский край,2022-12-01,12.96695857066534,0.14955653030453497,0.0,0.0,0.0,69.33172190020133,12.94,15.01416541495898
Пермский край,2023-01-01,12.43158349682168,0.13967960707903515,0.0,0.0,0.0,69.22357346733655,12.43000000000001,14.75472980362846
Пермский край,2023-02-01,13.81510260728527,-1.9472998218897306,-0.0,-0.0,-0.0,68.86103584071061,12.09999999999999,14.95231780907212
Пермский край,2023-03-01,13.04550358010497,-0.4649545463768856,-0.0,-0.0,-0.0,68.89396030379689,11.51000000000001,14.78741167930355
Пермский край,2023-04-01,13.05432108906788,-0.5507806832459252,-0.0,-0.0,-0.0,69.69228874683046,2.409999999999997,14.52558387185784
Пермский край,2023-05-01,13.19388848079039,-0.46521849390664727,-0.0,-0.0,-0.0,70.44855444763435,1.340000000000003,14.36686214315532
Пермский край,2023-06-01,13.27917023433784,-0.5347109788556779,-0.0,-0.0,-0.0,70.92241848730974,2.640000000000001,13.73543361880803
Пермский край,2023-07-01,13.1625254759954,-0.5497632155639387,-0.0,-0.0,-0.0,71.439523497398,2.849999999999994,13.74341137644332
Пермский край,2023-08-01,13.00490957337899,0.2078297309388475,0.0,0.0,0.0,72.11296852453451,3.930000000000007,13.46872705554028
Пермский край,2023-09-01,12.65114518680524,2.7050587479091437,0.0,0.0,0.0,73.56291622914101,4.810000000000002,13.37782803812885
Пермский край,2023-10-01,12.64021642437006,0.8633696772512707,0.0,0.0,0.0,74.96875079104974,6.040000000000006,13.28118770104771
Пермский край,2023-11-01,14.1679230166008,1.714265038508227,0.0,0.0,0.0,74.98486027945349,7.420000000000002,13.07477231651728
Пермский край,2023-12-01,14.27094719551669,-1.5282051620880424,-0.0,-0.0,-0.0,74.93223522226337,7.549999999999997,13.12026542565386
Пермский край,2024-01-01,14.63726886863316,0.6818813931607863,0.0,0.0,0.0,73.62649031144875,7.739999999999995,13.14921179926724
Пермский край,2024-02-01,17.72396605557443,-1.5559611222700127,-0.0,-0.0,-0.0,73.24447002349437,8.090000000000003,13.22983842347065
Пермский край,2024-03-01,19.22527325567812,-0.03662363343873665,-0.0,-0.0,-0.0,72.68023219412764,8.650000000000006,13.08225872501956
Пермский край,2024-04-01,18.1237746171323,-0.07535756412256944,-0.0,-0.0,-0.0,72.6574457611999,8.659999999999997,13.00570310962888
Пермский край,2024-05-01,17.62001056813833,-1.8174537430626252,-0.0,-0.0,-0.0,72.41287026349984,8.599999999999994,12.9754558447778
Пермский край,2024-06-01,17.19882259213657,-0.4392507252018447,-0.0,-0.0,-0.0,72.40167454306813,9.450000000000003,12.5766098956648
Пермский край,2024-07-01,15.83547500696764,-0.5869739684411108,-0.0,-0.0,-0.0,73.1879028550901,9.840000000000003,12.62693820016059
Пермский край,2024-08-01,19.86610850390874,1.4105522767729113,0.0,0.0,0.0,72.35916489763316,9.89,11.70692435519789
Пермский край,2024-09-01,20.79923261826514,-1.9115218364399809,-0.0,-0.0,-0.0,72.05783269690845,9.519999999999996,11.68900004821421
Пермский край,2024-10-01,19.60809417399506,0.667769408390896,0.0,0.0,0.0,70.86338970261461,8.769999999999996,11.64988139567225
Пермский край,2024-11-01,19.85315348419929,2.039278586154861,0.0,0.0,0.0,70.41050063475248,8.290000000000006,11.47596111767292
Пермский край,2024-12-01,20.12818282055626,0.34090421830265427,0.0,0.0,0.0,67.74254235422185,9.189999999999998,11.6248757425128
Пермский край,2025-01-01,19.27629732698707,0.24822008087726388,0.0,0.0,0.0,65.42516628548447,9.86,12.27814971098979
Пермский край,2025-02-01,22.6841631558048,0.31653560056003016,0.0,0.0,0.0,63.91994175517613,10.01000000000001,12.27919596013331
Пермский край,2025-03-01,21.22641824674473,0.41369500741819465,0.0,0.0,0.0,63.03258343359365,10.31,12.59592127061593
Пермский край,2025-04-01,20.19732569913821,0.5812476727093596,0.0,0.0,0.0,62.32148245969636,10.45,12.91669655114835
Пермский край,2025-05-01,18.82069437156202,0.3820181297639742,0.0,0.0,0.0,62.02544639818062,10.28,12.84270244095051
Пермский край,2025-06-01,18.69373999221624,0.6128194128495359,0.0,0.0,0.0,61.55229198056048,9.299999999999997,12.91290642345957
Пермский край,2025-07-01,18.96383878127901,-0.2977272507310609,-0.0,-0.0,-0.0,60.84498950586472,9.510000000000005,13.37001431713636
Пермский край,2025-08-01,18.56855134212572,-1.399483474742535,-0.0,-0.0,-0.0,60.1633417196439,9.439999999999998,12.49665277718504
Пермский край,2025-09-01,17.6920227643668,0.2588989388809786,0.0,0.0,0.0,60.41974243857052,9.25,12.53392008725798
Пермский край,2025-10-01,17.29724301238787,-0.43597080805563593,-0.0,-0.0,-0.0,60.42027048389404,9.269999999999996,12.52760661268414
Пермский край,2025-11-01,16.65037723002218,-0.19410526130430839,-0.0,-0.0,-0.0,60.4719030329283,8.980000000000004,12.39202329123539
Пермский край,2025-12-01,16.88456150345669,0.2813157398373711,0.0,0.0,0.0,60.3134832147238,7.659999999999997,12.65621355634893
Приморский край,2019-03-01,13.34994142807238,0.7128714995200838,0.0,0.0,0.0,42.90769029524301,4.799999999999997,13.47816896014004
Приморский край,2019-04-01,13.5039763745837,0.6911493920479934,0.0,0.0,0.0,43.52623677699244,4.799999999999997,13.39614680767873
Приморский край,2019-05-01,13.62425558470583,0.45783100689424217,0.0,0.0,0.0,44.59136399051516,4.920000000000002,13.33807664413792
Приморский край,2019-06-01,13.83927077360614,0.5041451542673663,0.0,0.0,0.0,45.00651454901988,4.870000000000005,13.28341390917967
Приморский край,2019-07-01,13.42371202094894,0.14629311794748645,0.0,0.0,0.0,45.43990101621827,4.739999999999995,13.04334406303708
Приморский край,2019-08-01,13.44704122961031,0.061654111534494405,0.0,0.0,0.0,45.50159634758544,4.450000000000003,13.27648255200748
Приморский край,2019-09-01,13.22244941835631,0.2864871600654304,0.0,0.0,0.0,45.95611732914578,4.359999999999999,13.502329122381
Приморский край,2019-10-01,13.12556297830953,0.199118629193201,0.0,0.0,0.0,46.60736565531402,3.260000000000005,13.69674404699619
Приморский край,2019-11-01,13.06568948528185,-0.3451712223245451,-0.0,-0.0,-0.0,46.62076200105437,3.140000000000001,13.66114679176252
Приморский край,2019-12-01,12.77041947522674,-0.11071296164861266,-0.0,-0.0,-0.0,47.01674121399382,3.099999999999994,13.66184735575842
Приморский край,2020-01-01,12.45822996078135,0.4934187707708695,0.0,0.0,0.0,47.11085505683342,3.150000000000006,13.57006231422276
Приморский край,2020-02-01,12.22457766329311,0.717717316165718,0.0,0.0,0.0,47.01627382309191,3.079999999999998,13.62403237635731
Приморский край,2020-03-01,11.08076764154268,0.5448138582658153,0.0,0.0,0.0,47.56896917769377,3.0,13.73703147493724
Приморский край,2020-04-01,11.10222775385273,0.24910450663146122,0.0,0.0,0.0,48.17940042059982,2.760000000000005,13.60605889619428
Приморский край,2020-05-01,10.93747377668406,0.12930980432325967,0.0,0.0,0.0,47.89859262865165,3.530000000000001,14.36620024444541
Приморский край,2020-06-01,11.03593939044448,0.4216232562547013,0.0,0.0,0.0,47.9738851389346,3.480000000000004,14.26414389555729
Приморский край,2020-07-01,10.93391039492869,-1.5016319110366503,-0.0,-0.0,-0.0,48.42355092755719,3.560000000000002,14.40556334181978
Приморский край,2020-08-01,10.75735446421839,-0.8645661305373835,-0.0,-0.0,-0.0,49.02960495021532,3.920000000000002,14.31900541358173
Приморский край,2020-09-01,10.76468833471024,-0.7937016241842549,-0.0,-0.0,-0.0,49.81105528021218,3.739999999999995,14.21260420890005
Приморский край,2020-10-01,10.52256834288366,-1.2364929674992595,-0.0,-0.0,-0.0,50.54178063158415,3.840000000000003,14.4051652284704
Приморский край,2020-11-01,10.2639617910817,-1.3589786818048175,-0.0,-0.0,-0.0,51.32868268859069,4.069999999999993,13.8163627225337
Приморский край,2020-12-01,10.40918436329264,-1.7089361724181273,-0.0,-0.0,-0.0,51.12037752961022,4.420000000000002,13.92594590650017
Приморский край,2021-01-01,9.46491830958145,3.0895976215913166,0.0,0.0,0.0,51.36345185838044,5.010000000000005,13.94869587674351
Приморский край,2021-02-01,10.22402647650435,-0.05176615786507455,-0.0,-0.0,-0.0,52.18389885562957,5.069999999999993,13.96204000058932
Приморский край,2021-03-01,9.632815137744709,-0.6104025253424652,-0.0,-0.0,-0.0,53.05117085285757,4.980000000000004,13.9551735612502
Приморский край,2021-04-01,9.54537876821215,-0.5967440618905293,-0.0,-0.0,-0.0,54.47838171142233,5.680000000000007,14.02424628336234
Приморский край,2021-05-01,9.65083856293407,-0.241937869195743,-0.0,-0.0,-0.0,55.70898073360357,5.109999999999999,14.16549762510621
Приморский край,2021-06-01,10.10621166047395,-0.7676306960714552,-0.0,-0.0,-0.0,56.5938258580286,5.430000000000007,13.5981424229471
Приморский край,2021-07-01,9.7349063844446,0.08560806359759354,0.0,0.0,0.0,57.57713650506551,5.650000000000006,14.03102478022722
Приморский край,2021-08-01,10.19727880117189,0.3090771946763784,0.0,0.0,0.0,57.68870928084932,5.870000000000005,13.90331495031754
Приморский край,2021-09-01,10.36018580571131,-0.6460537301930689,-0.0,-0.0,-0.0,58.60543804661946,6.359999999999999,13.82519050741679
Приморский край,2021-10-01,10.00627511353062,-0.6175372517280238,-0.0,-0.0,-0.0,59.49050711199977,6.599999999999994,13.86995615603806
Приморский край,2021-11-01,10.19715844670525,-0.12114037446266934,-0.0,-0.0,-0.0,60.40539204092755,6.890000000000001,13.79787202891066
Приморский край,2021-12-01,9.868718473736779,-0.26721650241728057,-0.0,-0.0,-0.0,59.90710009682421,7.390000000000001,13.62977930492536
Приморский край,2022-01-01,9.643330657405029,0.27464209751393653,0.0,0.0,0.0,59.82129539602374,7.359999999999999,13.53812974289703
Приморский край,2022-02-01,10.67851365959879,-0.3501956198858558,-0.0,-0.0,-0.0,60.99788985182786,7.739999999999995,12.99720911660595
Приморский край,2022-03-01,10.32616877041388,4.941478356719127,0.0,0.0,0.0,61.73331606777649,8.0,13.31402090841025
Приморский край,2022-04-01,18.31884766598442,1.4923126339086181,0.0,0.0,0.0,61.76901586039016,14.95999999999999,14.13174153467841
Приморский край,2022-05-01,12.01894353772592,-1.244790623444267,-0.0,-0.0,-0.0,62.20709098320374,16.06,13.8543902177328
Приморский край,2022-06-01,15.0333799749348,-3.118179668249544,-0.0,-0.0,-0.0,61.81401177955333,15.31999999999999,13.95927369574063
Приморский край,2022-07-01,14.1673864039358,-0.386746413724417,-0.0,-0.0,-0.0,61.60564467741678,14.47,14.62906340598481
Приморский край,2022-08-01,12.18773623044935,-1.1110066252555733,-0.0,-0.0,-0.0,61.08061336267622,14.12,14.34348013389901
Приморский край,2022-09-01,11.90120111212093,1.7547062341946287,0.0,0.0,0.0,61.07785061911267,13.45999999999999,14.37025769342558
Приморский край,2022-10-01,11.34273280557199,1.2482715752793254,0.0,0.0,0.0,61.8466299094185,12.66,14.33823231913717
Приморский край,2022-11-01,12.09292678546938,0.32653909912163215,0.0,0.0,0.0,61.25914352311068,12.22,14.20894427870603
Приморский край,2022-12-01,12.31261530182236,0.14955653030453497,0.0,0.0,0.0,61.48658737262037,11.42,14.44314729994377
Приморский край,2023-01-01,11.59917972305897,0.13967960707903515,0.0,0.0,0.0,61.50084994278261,11.33,14.2301800800579
Приморский край,2023-02-01,13.00594817989035,-1.9472998218897306,-0.0,-0.0,-0.0,61.89713862550239,11.25,14.36127199252925
Приморский край,2023-03-01,11.86485083141738,-0.4649545463768856,-0.0,-0.0,-0.0,62.15871774006815,10.63,14.19563603227934
Приморский край,2023-04-01,11.7011240626741,-0.5507806832459252,-0.0,-0.0,-0.0,63.06214430456127,3.629999999999995,13.9887592371002
Приморский край,2023-05-01,11.77745354758006,-0.46521849390664727,-0.0,-0.0,-0.0,63.7562456457019,2.469999999999999,13.82347216005171
Приморский край,2023-06-01,11.98142262835219,-0.5347109788556779,-0.0,-0.0,-0.0,64.54925530054689,2.870000000000005,13.21669578975085
Приморский край,2023-07-01,12.03651383684825,-0.5497632155639387,-0.0,-0.0,-0.0,65.21472533536654,3.540000000000006,13.19006065286977
Приморский край,2023-08-01,12.01401031749781,0.2078297309388475,0.0,0.0,0.0,64.97582022752569,4.579999999999998,12.94272706245782
Приморский край,2023-09-01,11.61462314335726,2.7050587479091437,0.0,0.0,0.0,66.16523726132303,6.629999999999995,12.91564076021739
Приморский край,2023-10-01,11.62880337572945,0.8633696772512707,0.0,0.0,0.0,67.40919238530465,8.239999999999995,12.83137975530056
Приморский край,2023-11-01,12.45825516529803,1.714265038508227,0.0,0.0,0.0,69.07945443530646,8.760000000000005,12.65710167879063
Приморский край,2023-12-01,12.81542374651255,-1.5282051620880424,-0.0,-0.0,-0.0,69.31661221878039,9.209999999999994,12.70816467836894
Приморский край,2024-01-01,11.96999711143354,0.6818813931607863,0.0,0.0,0.0,68.81451168466467,9.430000000000007,12.76509957627061
Приморский край,2024-02-01,16.63885944410594,-1.5559611222700127,-0.0,-0.0,-0.0,68.83681284671727,9.310000000000002,12.89571943736324
Приморский край,2024-03-01,17.81198777403414,-0.03662363343873665,-0.0,-0.0,-0.0,68.39533215893941,9.469999999999999,12.73824827973322
Приморский край,2024-04-01,16.34397102553518,-0.07535756412256944,-0.0,-0.0,-0.0,68.63438164515841,9.760000000000005,12.61383214769755
Приморский край,2024-05-01,16.22704397463226,-1.8174537430626252,-0.0,-0.0,-0.0,68.46265641507175,10.03,12.56556775048709
Приморский край,2024-06-01,15.83174693382822,-0.4392507252018447,-0.0,-0.0,-0.0,68.38396344696714,10.75,12.21097720242722
Приморский край,2024-07-01,14.75991749626074,-0.5869739684411108,-0.0,-0.0,-0.0,68.95920835700115,10.72,12.32051963427621
Приморский край,2024-08-01,16.96663052214629,1.4105522767729113,0.0,0.0,0.0,66.44660814399865,10.48,11.35576590125685
Приморский край,2024-09-01,18.18552534724764,-1.9115218364399809,-0.0,-0.0,-0.0,66.32313187549039,9.310000000000002,11.32787769831792
Приморский край,2024-10-01,17.45548612545814,0.667769408390896,0.0,0.0,0.0,65.71176616844042,8.709999999999994,11.31033058557063
Приморский край,2024-11-01,17.30419188201745,2.039278586154861,0.0,0.0,0.0,65.0680325141838,9.5,11.17782248411941
Приморский край,2024-12-01,15.93662797111495,0.34090421830265427,0.0,0.0,0.0,62.97158212510142,9.329999999999998,11.31980751337628
Приморский край,2025-01-01,14.35989460656453,0.24822008087726388,0.0,0.0,0.0,61.32635502078243,9.189999999999998,12.01783194332276
Приморский край,2025-02-01,21.79691872051245,0.31653560056003016,0.0,0.0,0.0,61.39985109201859,9.620000000000005,12.00529238123408
Приморский край,2025-03-01,17.32902317438642,0.41369500741819465,0.0,0.0,0.0,60.70563158517363,10.23999999999999,12.27456079526665
Приморский край,2025-04-01,17.56537812092159,0.5812476727093596,0.0,0.0,0.0,60.12588036209468,9.920000000000002,12.55300192306306
Приморский край,2025-05-01,17.18325781337863,0.3820181297639742,0.0,0.0,0.0,58.46678851709732,9.629999999999995,12.54208205487247
Приморский край,2025-06-01,17.18693791186103,0.6128194128495359,0.0,0.0,0.0,58.11557867493522,9.170000000000002,12.66893288184349
Приморский край,2025-07-01,16.60024582131574,-0.2977272507310609,-0.0,-0.0,-0.0,57.5296282842262,9.689999999999998,13.07494018583179
Приморский край,2025-08-01,17.23945898582719,-1.399483474742535,-0.0,-0.0,-0.0,56.45932998742818,8.780000000000001,12.27320549202421
Приморский край,2025-09-01,17.14046645918358,0.2588989388809786,0.0,0.0,0.0,56.48033392587525,8.530000000000001,12.33665560019494
Приморский край,2025-10-01,16.0765680142382,-0.43597080805563593,-0.0,-0.0,-0.0,56.31357722051749,8.269999999999996,12.39546470067687
Приморский край,2025-11-01,16.52253961031642,-0.19410526130430839,-0.0,-0.0,-0.0,56.18358999409555,7.200000000000003,12.30496565502952
Приморский край,2025-12-01,15.87762680420177,0.2813157398373711,0.0,0.0,0.0,56.00241646977795,7.299999999999997,12.53930189045642
Псковская область,2019-03-01,13.48827995093056,0.7128714995200838,0.0,0.0,0.0,56.54438740504539,5.769999999999996,13.82852709244913
Псковская область,2019-04-01,13.83560186737854,0.6911493920479934,0.0,0.0,0.0,56.998126136747,5.459999999999994,13.84800295795504
Псковская область,2019-05-01,13.89453467768145,0.45783100689424217,0.0,0.0,0.0,58.3445706166064,5.299999999999997,13.69054793677149
Псковская область,2019-06-01,14.20323217098359,0.5041451542673663,0.0,0.0,0.0,58.70866895545708,4.939999999999998,13.62454761908541
Псковская область,2019-07-01,13.9441255263465,0.14629311794748645,0.0,0.0,0.0,58.90542334494337,4.680000000000007,13.39300013002963
Псковская область,2019-08-01,13.96921134021278,0.061654111534494405,0.0,0.0,0.0,56.05237800568828,4.790000000000006,13.61761655811425
Псковская область,2019-09-01,13.61384942065964,0.2864871600654304,0.0,0.0,0.0,56.54460904169396,4.439999999999998,13.64403058545359
Псковская область,2019-10-01,13.48921681315399,0.199118629193201,0.0,0.0,0.0,56.86504631104999,4.010000000000005,13.81934452676628
Псковская область,2019-11-01,13.43233939489394,-0.3451712223245451,-0.0,-0.0,-0.0,61.3170496444272,3.700000000000003,13.7231946247067
Псковская область,2019-12-01,12.99462179033947,-0.11071296164861266,-0.0,-0.0,-0.0,61.75010632495611,3.120000000000005,13.76524982456193
Псковская область,2020-01-01,12.78069832876032,0.4934187707708695,0.0,0.0,0.0,61.89066356462073,2.340000000000003,13.66481552153406
Псковская область,2020-02-01,13.07138119115018,0.717717316165718,0.0,0.0,0.0,65.17482783109065,1.75,13.64063013025811
Псковская область,2020-03-01,12.89106613748106,0.5448138582658153,0.0,0.0,0.0,65.28691280628081,1.420000000000002,13.78342932660753
Псковская область,2020-04-01,12.58063821793944,0.24910450663146122,0.0,0.0,0.0,65.70532397184805,1.980000000000004,13.51801256561037
Псковская область,2020-05-01,12.0519374635515,0.12930980432325967,0.0,0.0,0.0,64.90946046533651,2.549999999999997,14.3102602648798
Псковская область,2020-06-01,12.16353343754204,0.4216232562547013,0.0,0.0,0.0,64.40994335992617,2.780000000000001,14.26983563015195
Псковская область,2020-07-01,11.88670126981655,-1.5016319110366503,-0.0,-0.0,-0.0,64.59052602883249,2.620000000000005,14.4150323198429
Псковская область,2020-08-01,11.36045858444487,-0.8645661305373835,-0.0,-0.0,-0.0,61.3775467657383,3.079999999999998,14.39099653636974
Псковская область,2020-09-01,11.12852340006407,-0.7937016241842549,-0.0,-0.0,-0.0,62.18001606686497,3.510000000000005,14.2794199812603
Псковская область,2020-10-01,10.71099096784731,-1.2364929674992595,-0.0,-0.0,-0.0,63.13324703331708,3.469999999999999,14.52171514055581
Псковская область,2020-11-01,10.56581927180267,-1.3589786818048175,-0.0,-0.0,-0.0,63.5579519701671,3.819999999999993,13.96064986092166
Псковская область,2020-12-01,11.03976556769445,-1.7089361724181273,-0.0,-0.0,-0.0,63.69742639722933,4.349999999999994,14.0792975079886
Псковская область,2021-01-01,10.67288810819957,3.0895976215913166,0.0,0.0,0.0,63.8540741062685,4.909999999999997,14.07670197301529
Псковская область,2021-02-01,11.26698763042232,-0.05176615786507455,-0.0,-0.0,-0.0,70.23887075524016,5.310000000000002,14.09669329514293
Псковская область,2021-03-01,10.95366038650623,-0.6104025253424652,-0.0,-0.0,-0.0,70.7263563706199,5.859999999999999,14.08279389052836
Псковская область,2021-04-01,11.06215721507734,-0.5967440618905293,-0.0,-0.0,-0.0,71.4542056458042,5.640000000000001,14.16805026413893
Псковская область,2021-05-01,10.94587636761061,-0.241937869195743,-0.0,-0.0,-0.0,63.5486868485168,5.239999999999995,14.22784792827196
Псковская область,2021-06-01,11.07119822352601,-0.7676306960714552,-0.0,-0.0,-0.0,64.27872431189653,5.430000000000007,13.69189000115351
Псковская область,2021-07-01,10.79272009011601,0.08560806359759354,0.0,0.0,0.0,65.01401415115426,5.739999999999995,14.11148865466455
Псковская область,2021-08-01,11.61648458005446,0.3090771946763784,0.0,0.0,0.0,63.65010528453264,5.469999999999999,13.95544576614038
Псковская область,2021-09-01,11.47748949595311,-0.6460537301930689,-0.0,-0.0,-0.0,64.33375195701136,5.620000000000005,13.84893313896142
Псковская область,2021-10-01,11.34018071978586,-0.6175372517280238,-0.0,-0.0,-0.0,64.50770972374339,6.689999999999998,13.89941319467626
Псковская область,2021-11-01,11.42789941452579,-0.12114037446266934,-0.0,-0.0,-0.0,67.07063778558492,7.840000000000003,13.85933901637259
Псковская область,2021-12-01,11.72160521423816,-0.26721650241728057,-0.0,-0.0,-0.0,66.99085301349277,8.099999999999994,13.71809470433442
Псковская область,2022-01-01,11.64983218512866,0.27464209751393653,0.0,0.0,0.0,66.86354376501227,8.060000000000002,13.69550837165112
Псковская область,2022-02-01,12.32807437736049,-0.3501956198858558,-0.0,-0.0,-0.0,70.59930991450169,8.480000000000004,13.14551526369515
Псковская область,2022-03-01,12.13949568937336,4.941478356719127,0.0,0.0,0.0,70.88647241613597,8.420000000000002,13.54206921243687
Псковская область,2022-04-01,11.49932998068488,1.4923126339086181,0.0,0.0,0.0,69.99120459462277,15.89,14.46221185173046
Псковская область,2022-05-01,15.62518622495161,-1.244790623444267,-0.0,-0.0,-0.0,68.40209056556381,17.28,14.28362392646626
Псковская область,2022-06-01,16.85636812286749,-3.118179668249544,-0.0,-0.0,-0.0,67.43339666600346,16.84,14.36100763076236
Псковская область,2022-07-01,14.97478499681258,-0.386746413724417,-0.0,-0.0,-0.0,66.73901939086878,16.43000000000001,15.02106820784862
Псковская область,2022-08-01,14.0676924335354,-1.1110066252555733,-0.0,-0.0,-0.0,65.68535231315195,15.5,14.78091507150394
Псковская область,2022-09-01,13.3904818956731,1.7547062341946287,0.0,0.0,0.0,65.4941279850424,14.72,14.82415838402821
Псковская область,2022-10-01,12.8708658192085,1.2482715752793254,0.0,0.0,0.0,65.9894629067232,13.76000000000001,14.81217011980235
Псковская область,2022-11-01,13.318169844486,0.32653909912163215,0.0,0.0,0.0,65.57484633681985,11.86,14.71301843523197
Псковская область,2022-12-01,13.69771435913435,0.14955653030453497,0.0,0.0,0.0,65.6935641430643,11.58,14.92818440582949
Псковская область,2023-01-01,13.50763031061238,0.13967960707903515,0.0,0.0,0.0,65.80049180180083,12.04000000000001,14.67660046005082
Псковская область,2023-02-01,14.57084445019974,-1.9472998218897306,-0.0,-0.0,-0.0,65.03735739564091,11.23999999999999,14.83391857873429
Псковская область,2023-03-01,13.39594638862051,-0.4649545463768856,-0.0,-0.0,-0.0,64.84814588293825,11.3,14.69302726276222
Псковская область,2023-04-01,13.75653844667178,-0.5507806832459252,-0.0,-0.0,-0.0,65.21979057824788,3.879999999999995,14.47511848131072
Псковская область,2023-05-01,13.85306566864475,-0.46521849390664727,-0.0,-0.0,-0.0,64.8521164801723,1.959999999999994,14.35213348435247
Псковская область,2023-06-01,14.02465102785324,-0.5347109788556779,-0.0,-0.0,-0.0,64.99848513366499,1.969999999999999,13.72340652379086
Псковская область,2023-07-01,13.59520115092689,-0.5497632155639387,-0.0,-0.0,-0.0,65.46939535610107,2.680000000000007,13.75994140906989
Псковская область,2023-08-01,13.65426411677962,0.2078297309388475,0.0,0.0,0.0,65.71524754181041,3.390000000000001,13.48524729093849
Псковская область,2023-09-01,13.47791202191131,2.7050587479091437,0.0,0.0,0.0,66.76856869741515,4.390000000000001,13.3637590990139
Псковская область,2023-10-01,13.24957418626561,0.8633696772512707,0.0,0.0,0.0,67.80416230617026,5.140000000000001,13.25930477428923
Псковская область,2023-11-01,14.82328444785976,1.714265038508227,0.0,0.0,0.0,67.74489716457848,5.920000000000002,12.97308401280895
Псковская область,2023-12-01,15.27712546552881,-1.5282051620880424,-0.0,-0.0,-0.0,67.64172162693758,6.25,13.04773697409259
Псковская область,2024-01-01,14.97605723523164,0.6818813931607863,0.0,0.0,0.0,66.34515105699337,6.030000000000001,13.05735299780834
Псковская область,2024-02-01,19.22630911122541,-1.5559611222700127,-0.0,-0.0,-0.0,66.11175530553393,6.939999999999998,13.14959109913812
Псковская область,2024-03-01,19.9512514377901,-0.03662363343873665,-0.0,-0.0,-0.0,65.48569670187842,6.540000000000006,13.07142452152678
Псковская область,2024-04-01,19.13355552939604,-0.07535756412256944,-0.0,-0.0,-0.0,65.40689153793511,6.519999999999996,12.99218773575182
Псковская область,2024-05-01,18.23608429490852,-1.8174537430626252,-0.0,-0.0,-0.0,64.77038381511402,7.189999999999998,12.99643967894723
Псковская область,2024-06-01,18.4856961151907,-0.4392507252018447,-0.0,-0.0,-0.0,64.71666459670934,7.579999999999998,12.5891774337921
Псковская область,2024-07-01,17.32716044272444,-0.5869739684411108,-0.0,-0.0,-0.0,64.95064292118731,7.709999999999994,12.6488134828876
Псковская область,2024-08-01,20.86397928961697,1.4105522767729113,0.0,0.0,0.0,63.11396640048521,8.469999999999999,11.7076338524593
Псковская область,2024-09-01,21.63865731711172,-1.9115218364399809,-0.0,-0.0,-0.0,62.57729065768643,8.060000000000002,11.66483508328717
Псковская область,2024-10-01,20.5184102063144,0.667769408390896,0.0,0.0,0.0,61.73756834231192,7.739999999999995,11.67418054803882
Псковская область,2024-11-01,21.25787959837258,2.039278586154861,0.0,0.0,0.0,60.22952140594168,7.640000000000001,11.49425054480553
Псковская область,2024-12-01,20.18291076635964,0.34090421830265427,0.0,0.0,0.0,56.93019475764793,8.120000000000005,11.66128491049008
Псковская область,2025-01-01,19.38385545519924,0.24822008087726388,0.0,0.0,0.0,54.71796058605648,8.469999999999999,12.28820533818959
Псковская область,2025-02-01,25.73641661614099,0.31653560056003016,0.0,0.0,0.0,53.86260694870093,8.159999999999997,12.32547120182166
Псковская область,2025-03-01,21.24988940219518,0.41369500741819465,0.0,0.0,0.0,52.99754862072857,8.739999999999995,12.62665562351953
Псковская область,2025-04-01,21.78303630461981,0.5812476727093596,0.0,0.0,0.0,52.17165516938107,9.819999999999993,12.90639793767376
Псковская область,2025-05-01,20.78167852925295,0.3820181297639742,0.0,0.0,0.0,51.74007973315346,10.09,12.81346207165029
Псковская область,2025-06-01,20.37555982524552,0.6128194128495359,0.0,0.0,0.0,51.11312617349078,10.13,12.87736282423592
Псковская область,2025-07-01,21.1078968625886,-0.2977272507310609,-0.0,-0.0,-0.0,50.19717576470659,9.930000000000007,13.31144710709358
Псковская область,2025-08-01,20.00859386422192,-1.399483474742535,-0.0,-0.0,-0.0,49.19504601820645,9.260000000000005,12.45726952107926
Псковская область,2025-09-01,19.48189073497378,0.2588989388809786,0.0,0.0,0.0,49.13701119658413,8.730000000000004,12.49250515167275
Псковская область,2025-10-01,18.28322276023995,-0.43597080805563593,-0.0,-0.0,-0.0,48.77541520193079,9.049999999999997,12.55025668316018
Псковская область,2025-11-01,18.00753182422444,-0.19410526130430839,-0.0,-0.0,-0.0,48.74141788485268,8.939999999999998,12.39511483470385
Псковская область,2025-12-01,17.69828817734028,0.2813157398373711,0.0,0.0,0.0,48.55618094069812,8.14,12.68267471061222
Республика Алтай,2019-03-01,14.9649144723945,0.7128714995200838,0.0,0.0,0.7128714995200838,53.04414371081842,3.420000000000002,14.24854151409617
Республика Алтай,2019-04-01,15.10315968663806,0.6911493920479934,0.0,0.0,0.6911493920479934,53.74348932538607,3.420000000000002,14.14931318424279
Республика Алтай,2019-05-01,15.26626557136572,0.45783100689424217,0.0,0.0,0.45783100689424217,53.92823826469907,3.079999999999998,14.19426293495518
Республика Алтай,2019-06-01,15.22981743387798,0.5041451542673663,0.0,0.0,0.5041451542673663,54.81982294863981,3.090000000000003,14.10705092652112
Республика Алтай,2019-07-01,14.93703824448138,0.14629311794748645,0.0,0.0,0.14629311794748645,55.86394385983705,2.439999999999998,13.80465426846555
Республика Алтай,2019-08-01,15.19881224596727,0.061654111534494405,0.0,0.0,0.061654111534494405,57.28582056079703,2.370000000000005,14.0825528183764
Республика Алтай,2019-09-01,14.78015450269869,0.2864871600654304,0.0,0.0,0.2864871600654304,58.33267998010348,1.439999999999998,14.16837831045594
Республика Алтай,2019-10-01,14.24960812714978,0.199118629193201,0.0,0.0,0.199118629193201,58.97958070172712,1.670000000000002,14.2721508209842
Республика Алтай,2019-11-01,14.95099491662987,-0.3451712223245451,-0.0,-0.0,-0.3451712223245451,58.83846451942839,1.560000000000002,14.19540588402257
Республика Алтай,2019-12-01,14.30716014208409,-0.11071296164861266,-0.0,-0.0,-0.11071296164861266,59.20251590409773,1.719999999999999,14.19635183008128
Республика Алтай,2020-01-01,14.14206334348748,0.4934187707708695,0.0,0.0,0.4934187707708695,59.18921166742002,1.950000000000003,14.11347281405658
Республика Алтай,2020-02-01,14.32996894396537,0.717717316165718,0.0,0.0,0.717717316165718,60.19598884054938,1.909999999999997,13.9904907620889
Республика Алтай,2020-03-01,14.40569907893402,0.5448138582658153,0.0,0.0,0.5448138582658153,60.46028003270788,1.590000000000003,14.10202075406472
Республика Алтай,2020-04-01,13.90369491395287,0.24910450663146122,0.0,0.0,0.24910450663146122,61.3234495677474,1.519999999999996,13.79437519124293
Республика Алтай,2020-05-01,14.00658636978028,0.12930980432325967,0.0,0.0,0.12930980432325967,59.4138784608167,2.590000000000003,14.7577099486023
Республика Алтай,2020-06-01,13.48847253676248,0.4216232562547013,0.0,0.0,0.4216232562547013,59.17592494931058,2.5,14.76677514377815
Республика Алтай,2020-07-01,13.10825879543207,-1.5016319110366503,-0.0,-0.0,-1.5016319110366503,59.49031798203189,3.140000000000001,14.89947902753264
Республика Алтай,2020-08-01,12.34174992766572,-0.8645661305373835,-0.0,-0.0,-0.8645661305373835,57.56490036902149,3.010000000000005,14.98385527661528
Республика Алтай,2020-09-01,12.9445413833261,-0.7937016241842549,-0.0,-0.0,-0.7937016241842549,58.09120668274108,3.799999999999997,14.79092561190873
Республика Алтай,2020-10-01,12.47948774711197,-1.2364929674992595,-0.0,-0.0,-1.2364929674992595,58.51751513266582,3.450000000000003,14.97993583897295
Республика Алтай,2020-11-01,12.21710119451419,-1.3589786818048175,-0.0,-0.0,-1.3589786818048175,59.84640726202897,3.299999999999997,14.31048700362348
Республика Алтай,2020-12-01,12.47475520232872,-1.7089361724181273,-0.0,-0.0,-1.7089361724181273,60.33963647362571,3.909999999999997,14.4694057930629
Республика Алтай,2021-01-01,12.31394669072144,3.0895976215913166,0.0,0.0,3.0895976215913166,60.53340381759897,4.159999999999997,14.44086421747321
Республика Алтай,2021-02-01,13.14607443410025,-0.05176615786507455,-0.0,-0.0,-0.05176615786507455,62.36268836487442,4.219999999999999,14.5086363688537
Республика Алтай,2021-03-01,12.57393349458527,-0.6104025253424652,-0.0,-0.0,-0.6104025253424652,62.86910312142644,4.200000000000003,14.48446006912118
Республика Алтай,2021-04-01,12.15528353607317,-0.5967440618905293,-0.0,-0.0,-0.5967440618905293,64.08130334456872,4.680000000000007,14.41604246325176
Республика Алтай,2021-05-01,11.99499271984589,-0.241937869195743,-0.0,-0.0,-0.241937869195743,64.90780018397243,4.280000000000001,14.56365860411598
Республика Алтай,2021-06-01,12.83259333655412,-0.7676306960714552,-0.0,-0.0,-0.7676306960714552,66.72728626156173,4.549999999999997,13.84642662998612
Республика Алтай,2021-07-01,12.51231215437467,0.08560806359759354,0.0,0.0,0.08560806359759354,67.86754585467499,4.540000000000006,14.25059366581
Республика Алтай,2021-08-01,12.64319371767628,0.3090771946763784,0.0,0.0,0.3090771946763784,72.32461568932519,5.569999999999993,14.07684391703534
Республика Алтай,2021-09-01,12.67745001370914,-0.6460537301930689,-0.0,-0.0,-0.6460537301930689,73.76056048412345,6.709999999999994,13.98298331606692
Республика Алтай,2021-10-01,12.87916009424815,-0.6175372517280238,-0.0,-0.0,-0.6175372517280238,74.20869453214296,6.629999999999995,14.20550783344844
Республика Алтай,2021-11-01,13.32011454137141,-0.12114037446266934,-0.0,-0.0,-0.12114037446266934,73.95554674068264,7.75,14.03267027519028
Республика Алтай,2021-12-01,13.45486351934336,-0.26721650241728057,-0.0,-0.0,-0.26721650241728057,74.65316312957326,7.780000000000001,13.92776797492865
Республика Алтай,2022-01-01,13.08378861411336,0.27464209751393653,0.0,0.0,0.27464209751393653,75.12679382769807,8.310000000000002,13.93036867090636
Республика Алтай,2022-02-01,13.85713352347824,-0.3501956198858558,-0.0,-0.0,-0.3501956198858558,78.12518554216321,9.079999999999998,13.38197349292999
Республика Алтай,2022-03-01,13.86352170998019,4.941478356719127,0.0,0.0,4.941478356719127,78.41714589431894,10.03,13.6504354763577
Республика Алтай,2022-04-01,14.29647357207941,1.4923126339086181,0.0,0.0,1.4923126339086181,77.87075803167951,18.12,14.49875388872859
Республика Алтай,2022-05-01,18.7148183717068,-1.244790623444267,-0.0,-0.0,-1.244790623444267,75.64888903829291,19.95999999999999,14.38544427495204
Республика Алтай,2022-06-01,19.3310563902019,-3.118179668249544,-0.0,-0.0,-3.118179668249544,74.81419256512804,19.42,14.40324750347547
Республика Алтай,2022-07-01,16.78269502583968,-0.386746413724417,-0.0,-0.0,-0.386746413724417,74.1370845981728,18.62,15.02161249369499
Республика Алтай,2022-08-01,15.86450954052264,-1.1110066252555733,-0.0,-0.0,-1.1110066252555733,73.99373079969754,17.47,14.83317106903402
Республика Алтай,2022-09-01,15.77016981208091,1.7547062341946287,0.0,0.0,1.7547062341946287,74.01468611607966,15.97,14.85026852205484
Республика Алтай,2022-10-01,15.14493805227225,1.2482715752793254,0.0,0.0,1.2482715752793254,73.89273261027644,16.38,14.8056739719884
Республика Алтай,2022-11-01,15.0806578613394,0.32653909912163215,0.0,0.0,0.32653909912163215,74.2451123356536,15.48999999999999,14.68336481518494
Республика Алтай,2022-12-01,15.39454509908725,0.14955653030453497,0.0,0.0,0.14955653030453497,74.6255075578139,14.73999999999999,14.89776904789237
Республика Алтай,2023-01-01,15.30917446407029,0.13967960707903515,0.0,0.0,0.13967960707903515,74.59726157911135,13.91,14.61914969856993
Республика Алтай,2023-02-01,15.78325236894158,-1.9472998218897306,-0.0,-0.0,-1.9472998218897306,78.06859825129378,13.55,14.74593033804184
Республика Алтай,2023-03-01,15.39438355492181,-0.4649545463768856,-0.0,-0.0,-0.4649545463768856,77.6708778686858,12.34,14.60386805131061
Республика Алтай,2023-04-01,15.13263710027874,-0.5507806832459252,-0.0,-0.0,-0.5507806832459252,78.42592519593367,4.170000000000002,14.51882865788136
Республика Алтай,2023-05-01,15.23981787585037,-0.46521849390664727,-0.0,-0.0,-0.46521849390664727,71.45717951585614,2.340000000000003,14.56166718950375
Республика Алтай,2023-06-01,15.37589683127582,-0.5347109788556779,-0.0,-0.0,-0.5347109788556779,72.39333750890505,2.659999999999997,13.8078616831804
Республика Алтай,2023-07-01,15.42804651483543,-0.5497632155639387,-0.0,-0.0,-0.5497632155639387,73.14846949124797,3.620000000000005,13.83078799606981
Республика Алтай,2023-08-01,14.78847191620586,0.2078297309388475,0.0,0.0,0.2078297309388475,75.01451852331404,3.879999999999995,13.49116683564479
Республика Алтай,2023-09-01,14.6925062289115,2.7050587479091437,0.0,0.0,2.7050587479091437,76.7865244868382,4.420000000000002,13.34373140181227
Республика Алтай,2023-10-01,14.68623102710369,0.8633696772512707,0.0,0.0,0.8633696772512707,77.86405833966187,5.120000000000005,13.27261888839984
Республика Алтай,2023-11-01,15.90780050871769,1.714265038508227,0.0,0.0,1.714265038508227,77.74388284188142,5.590000000000003,13.05421121923184
Республика Алтай,2023-12-01,17.19222428635502,-1.5282051620880424,-0.0,-0.0,-1.5282051620880424,77.97324606025327,6.959999999999994,13.02857393105578
Республика Алтай,2024-01-01,16.22130934935238,0.6818813931607863,0.0,0.0,0.6818813931607863,76.80579688380017,7.450000000000003,13.11691766288832
Республика Алтай,2024-02-01,20.68024809984398,-1.5559611222700127,-0.0,-0.0,-1.5559611222700127,77.5149821927671,7.680000000000007,13.18518319251652
Республика Алтай,2024-03-01,20.10552612284262,-0.03662363343873665,-0.0,-0.0,-0.03662363343873665,77.40638574811683,8.769999999999996,13.06866045151897
Республика Алтай,2024-04-01,19.81511237855953,-0.07535756412256944,-0.0,-0.0,-0.07535756412256944,78.29079626845943,8.659999999999997,12.98615344218994
Республика Алтай,2024-05-01,20.13711876530251,-1.8174537430626252,-0.0,-0.0,-1.8174537430626252,80.96137250347726,8.780000000000001,12.99211540249114
Республика Алтай,2024-06-01,20.09601695221935,-0.4392507252018447,-0.0,-0.0,-0.4392507252018447,81.45489432963568,9.260000000000005,12.55907473378584
Республика Алтай,2024-07-01,18.61569334761804,-0.5869739684411108,-0.0,-0.0,-0.5869739684411108,82.02546019607307,9.64,12.67723253654459
Республика Алтай,2024-08-01,21.42470292653859,1.4105522767729113,0.0,0.0,1.4105522767729113,80.69244442122954,10.75,11.58796469695883
Республика Алтай,2024-09-01,22.09600916741227,-1.9115218364399809,-0.0,-0.0,-1.9115218364399809,80.66742855951877,11.44,11.52174283619931
Республика Алтай,2024-10-01,22.49604790802953,0.667769408390896,0.0,0.0,0.667769408390896,78.7741492187784,10.98,11.52239466722837
Республика Алтай,2024-11-01,23.33835938988351,2.039278586154861,0.0,0.0,2.039278586154861,75.03822132965068,10.89,11.34203855121402
Республика Алтай,2024-12-01,23.27155994327057,0.34090421830265427,0.0,0.0,0.34090421830265427,73.21220689710529,9.950000000000003,11.50496446704309
Республика Алтай,2025-01-01,22.188050692274,0.24822008087726388,0.0,0.0,0.24822008087726388,70.0058041621987,10.55,12.21981299660103
Республика Алтай,2025-02-01,25.09315072951505,0.31653560056003016,0.0,0.0,0.31653560056003016,70.84185337203289,11.04000000000001,12.20297920559005
Республика Алтай,2025-03-01,24.13919257886166,0.41369500741819465,0.0,0.0,0.41369500741819465,69.65834127050982,10.17,12.49303966958624
Республика Алтай,2025-04-01,25.28749779221385,0.5812476727093596,0.0,0.0,0.5812476727093596,68.85084235051553,10.86,12.74194966101666
Республика Алтай,2025-05-01,24.22697792308127,0.3820181297639742,0.0,0.0,0.3820181297639742,66.28152153478257,10.92,12.69245333013757
Республика Алтай,2025-06-01,23.60843582289722,0.6128194128495359,0.0,0.0,0.6128194128495359,65.40045493820243,10.48,12.78470431519387
Республика Алтай,2025-07-01,22.85267994312545,-0.2977272507310609,-0.0,-0.0,-0.2977272507310609,65.43774024642542,9.560000000000002,13.11239440277285
Республика Алтай,2025-08-01,22.62690910535232,-1.399483474742535,-0.0,-0.0,-1.399483474742535,63.8656367170053,8.150000000000006,12.27365453190778
Республика Алтай,2025-09-01,21.62699272171087,0.2588989388809786,0.0,0.0,0.2588989388809786,63.57425755928124,6.469999999999999,12.2954830917913
Республика Алтай,2025-10-01,21.02670920956532,-0.43597080805563593,-0.0,-0.0,-0.43597080805563593,63.2624754267984,5.650000000000006,12.31884649844709
Республика Алтай,2025-11-01,20.08449533941792,-0.19410526130430839,-0.0,-0.0,-0.19410526130430839,62.79043453633574,6.319999999999993,12.25361199225042
Республика Алтай,2025-12-01,18.56514367409562,0.2813157398373711,0.0,0.0,0.2813157398373711,62.19560587717871,5.890000000000001,12.56323044923579
Республика Башкортостан,2019-03-01,13.22155662071677,0.7128714995200838,0.7128714995200838,0.0,0.0,61.37251668256464,5.260000000000005,13.66759872563901
Республика Башкортостан,2019-04-01,13.46636037481452,0.6911493920479934,0.6911493920479934,0.0,0.0,61.88400804577036,5.239999999999995,13.64548712749342
Республика Башкортостан,2019-05-01,13.56280717466742,0.45783100689424217,0.45783100689424217,0.0,0.0,62.58709002875227,5.140000000000001,13.66674481895529
Республика Башкортостан,2019-06-01,13.75093733233854,0.5041451542673663,0.5041451542673663,0.0,0.0,63.20091089407723,5.299999999999997,13.60918412029719
Республика Башкортостан,2019-07-01,13.48544726088468,0.14629311794748645,0.14629311794748645,0.0,0.0,63.20113745889741,4.939999999999998,13.42325533517189
Республика Башкортостан,2019-08-01,13.42095880364163,0.061654111534494405,0.061654111534494405,0.0,0.0,64.16300314500903,4.75,13.64641238719288
Республика Башкортостан,2019-09-01,13.20614909624697,0.2864871600654304,0.2864871600654304,0.0,0.0,64.79814390491879,4.469999999999999,13.75303508212946
Республика Башкортостан,2019-10-01,12.87931399682463,0.199118629193201,0.199118629193201,0.0,0.0,65.5233059727775,4.079999999999998,13.87222960173501
Республика Башкортостан,2019-11-01,12.70338776181605,-0.3451712223245451,-0.3451712223245451,-0.0,-0.0,64.32188218259536,4.099999999999994,13.7316836489174
Республика Башкортостан,2019-12-01,12.45941147960354,-0.11071296164861266,-0.11071296164861266,-0.0,-0.0,64.77020454716211,3.579999999999998,13.73303399291622
Республика Башкортостан,2020-01-01,12.15070485529127,0.4934187707708695,0.4934187707708695,0.0,0.0,64.96619498957241,2.870000000000005,13.64871665527388
Республика Башкортостан,2020-02-01,12.56785333867758,0.717717316165718,0.717717316165718,0.0,0.0,67.27063126081116,2.340000000000003,13.5935826105453
Республика Башкортостан,2020-03-01,12.34481992749813,0.5448138582658153,0.5448138582658153,0.0,0.0,67.44232503345567,2.209999999999994,13.68023556126966
Республика Башкортостан,2020-04-01,11.99028930951473,0.24910450663146122,0.24910450663146122,0.0,0.0,68.33776642413449,2.819999999999993,13.36358609581265
Республика Башкортостан,2020-05-01,11.65446332428301,0.12930980432325967,0.12930980432325967,0.0,0.0,66.04119799355017,3.75,14.15971221384092
Республика Башкортостан,2020-06-01,11.78100467893212,0.4216232562547013,0.4216232562547013,0.0,0.0,66.1845413734996,3.510000000000005,14.16658981662029
Республика Башкортостан,2020-07-01,11.58991016504835,-1.5016319110366503,-1.5016319110366503,-0.0,-0.0,66.68461300964331,3.430000000000007,14.32158374427511
Республика Башкортостан,2020-08-01,11.08618703679541,-0.8645661305373835,-0.8645661305373835,-0.0,-0.0,65.75773216546085,3.370000000000005,14.27816559806043
Республика Башкортостан,2020-09-01,10.86373044896577,-0.7937016241842549,-0.7937016241842549,-0.0,-0.0,66.7754346924068,3.760000000000005,14.19723020472007
Республика Башкортостан,2020-10-01,10.40008290432532,-1.2364929674992595,-1.2364929674992595,-0.0,-0.0,67.74542605223206,3.959999999999994,14.33190656709547
Республика Башкортостан,2020-11-01,10.2356217863407,-1.3589786818048175,-1.3589786818048175,-0.0,-0.0,69.13509050957599,3.930000000000007,13.80175550582596
Республика Башкортостан,2020-12-01,10.48668799509257,-1.7089361724181273,-1.7089361724181273,-0.0,-0.0,69.2032748704774,4.590000000000003,13.99153345161634
Республика Башкортостан,2021-01-01,10.16699625942226,3.0895976215913166,3.0895976215913166,0.0,0.0,68.84821836443389,5.019999999999996,14.00902565392009
Республика Башкортостан,2021-02-01,10.85139776176842,-0.05176615786507455,-0.05176615786507455,-0.0,-0.0,68.79366263535071,5.230000000000004,14.02352457651487
Республика Башкортостан,2021-03-01,10.39383144466077,-0.6104025253424652,-0.6104025253424652,-0.0,-0.0,69.56425306315053,5.370000000000005,14.01666346443179
Республика Башкортостан,2021-04-01,10.25361248117246,-0.5967440618905293,-0.5967440618905293,-0.0,-0.0,70.6119087406105,5.189999999999998,14.07877975684846
Республика Башкортостан,2021-05-01,10.36871374694277,-0.241937869195743,-0.241937869195743,-0.0,-0.0,72.90816855277448,5.120000000000005,14.18632607287291
Республика Башкортостан,2021-06-01,10.78833725872128,-0.7676306960714552,-0.7676306960714552,-0.0,-0.0,73.96236833123912,5.989999999999995,13.64295637955969
Республика Башкортостан,2021-07-01,10.54104957946571,0.08560806359759354,0.08560806359759354,0.0,0.0,75.34811645348246,6.689999999999998,14.0379653519314
Республика Башкортостан,2021-08-01,10.82787302218725,0.3090771946763784,0.3090771946763784,0.0,0.0,76.68735281987195,6.859999999999999,13.88379869555188
Республика Башкортостан,2021-09-01,10.95019245546542,-0.6460537301930689,-0.6460537301930689,-0.0,-0.0,77.8191370644561,6.939999999999998,13.81559123895606
Республика Башкортостан,2021-10-01,10.77566073215714,-0.6175372517280238,-0.6175372517280238,-0.0,-0.0,78.59385158505356,7.620000000000005,13.86400317418452
Республика Башкортостан,2021-11-01,10.95658520920641,-0.12114037446266934,-0.12114037446266934,-0.0,-0.0,78.96347848851974,7.890000000000001,13.88739475364932
Республика Башкортостан,2021-12-01,11.06183370983906,-0.26721650241728057,-0.26721650241728057,-0.0,-0.0,79.14397413549653,8.480000000000004,13.72442035624697
Республика Башкортостан,2022-01-01,10.80535297852564,0.27464209751393653,0.27464209751393653,0.0,0.0,79.72133920793767,8.709999999999994,13.71884289272204
Республика Башкортостан,2022-02-01,11.79647936008352,-0.3501956198858558,-0.3501956198858558,-0.0,-0.0,79.00915030349721,9.370000000000005,13.16491051246345
Республика Башкортостан,2022-03-01,11.60875782177556,4.941478356719127,4.941478356719127,0.0,0.0,79.56007076979066,10.04000000000001,13.54404048574522
Республика Башкортостан,2022-04-01,11.25232747626704,1.4923126339086181,1.4923126339086181,0.0,0.0,78.83085717355492,19.51000000000001,14.37641418910587
Республика Башкортостан,2022-05-01,16.48659155459365,-1.244790623444267,-1.244790623444267,-0.0,-0.0,78.33819866114501,20.09,14.26648354309329
Республика Башкортостан,2022-06-01,17.51267294186309,-3.118179668249544,-3.118179668249544,-0.0,-0.0,77.13945227373371,18.76000000000001,14.38945354506075
Республика Башкортостан,2022-07-01,15.27295465000151,-0.386746413724417,-0.386746413724417,-0.0,-0.0,76.72398924786165,16.67,15.02455025306365
Республика Башкортостан,2022-08-01,13.05340846319993,-1.1110066252555733,-1.1110066252555733,-0.0,-0.0,74.97910636931208,15.56,14.78498992178019
Республика Башкортостан,2022-09-01,12.87549327445179,1.7547062341946287,1.7547062341946287,0.0,0.0,74.65851475428565,14.55,14.8127121745222
Республика Башкортостан,2022-10-01,12.27536621317563,1.2482715752793254,1.2482715752793254,0.0,0.0,74.95512561357987,13.92,14.78785766258406
Республика Башкортостан,2022-11-01,12.31778774449431,0.32653909912163215,0.32653909912163215,0.0,0.0,75.0854755650651,13.09999999999999,14.7184087161968
Республика Башкортостан,2022-12-01,12.26833704986865,0.14955653030453497,0.14955653030453497,0.0,0.0,75.21870493401664,11.72,14.91533701198527
Республика Башкортостан,2023-01-01,11.65368315175523,0.13967960707903515,0.13967960707903515,0.0,0.0,75.37804878601027,11.26000000000001,14.64745513696669
Республика Башкортостан,2023-02-01,13.42665196434155,-1.9472998218897306,-1.9472998218897306,-0.0,-0.0,75.03967823834384,10.81,14.80770885790626
Республика Башкортостан,2023-03-01,12.81165689752505,-0.4649545463768856,-0.4649545463768856,-0.0,-0.0,74.91490480353548,9.659999999999997,14.64323948088911
Республика Башкортостан,2023-04-01,12.43580530860095,-0.5507806832459252,-0.5507806832459252,-0.0,-0.0,75.54708257316085,0.7399999999999949,14.44649881952718
Республика Башкортостан,2023-05-01,12.50861558086376,-0.46521849390664727,-0.46521849390664727,-0.0,-0.0,76.58668276643017,-0.6200000000000045,14.32570480073311
Республика Башкортостан,2023-06-01,12.63798899134343,-0.5347109788556779,-0.5347109788556779,-0.0,-0.0,77.23767168971128,-0.06000000000000227,13.69012943381341
Республика Башкортостан,2023-07-01,12.49317863787832,-0.5497632155639387,-0.5497632155639387,-0.0,-0.0,78.07409585617987,1.590000000000003,13.69888856863949
Республика Башкортостан,2023-08-01,12.21914838929705,0.2078297309388475,0.2078297309388475,0.0,0.0,79.867893088137,2.769999999999996,13.40374931467706
Республика Башкортостан,2023-09-01,11.92215083095344,2.7050587479091437,2.7050587479091437,0.0,0.0,82.05795789449898,3.709999999999994,13.31108565039263
Республика Башкортостан,2023-10-01,12.10236477791337,0.8633696772512707,0.8633696772512707,0.0,0.0,84.03390024832437,4.519999999999996,13.23463425263984
Республика Башкортостан,2023-11-01,13.06820273893683,1.714265038508227,1.714265038508227,0.0,0.0,83.78963424482932,5.769999999999996,13.05821503841148
Республика Башкортостан,2023-12-01,13.3042701101325,-1.5282051620880424,-1.5282051620880424,-0.0,-0.0,84.39102889727894,6.939999999999998,13.09862398376767
Республика Башкортостан,2024-01-01,13.44957152547705,0.6818813931607863,0.6818813931607863,0.0,0.0,83.69435165679653,6.870000000000005,13.11694189335501
Республика Башкортостан,2024-02-01,16.81625202436335,-1.5559611222700127,-1.5559611222700127,-0.0,-0.0,86.74110407444694,7.049999999999997,13.17264781792459
Республика Башкортостан,2024-03-01,17.88675226090911,-0.03662363343873665,-0.03662363343873665,-0.0,-0.0,86.30007356494711,7.620000000000005,13.06213746335067
Республика Башкортостан,2024-04-01,17.25909363866023,-0.07535756412256944,-0.07535756412256944,-0.0,-0.0,86.08580337202272,7.280000000000001,12.97998879290103
Республика Башкортостан,2024-05-01,16.81615653892499,-1.8174537430626252,-1.8174537430626252,-0.0,-0.0,82.34749894039271,7.689999999999998,12.97980905636067
Республика Башкортостан,2024-06-01,16.23346685201163,-0.4392507252018447,-0.4392507252018447,-0.0,-0.0,82.57239452407127,7.920000000000002,12.54980282071179
Республика Башкортостан,2024-07-01,14.49186028223262,-0.5869739684411108,-0.5869739684411108,-0.0,-0.0,84.1313372338581,8.010000000000005,12.63642860982804
Республика Башкортостан,2024-08-01,18.82437164579603,1.4105522767729113,1.4105522767729113,0.0,0.0,85.22487943441914,8.760000000000005,11.69524857649261
Республика Башкортостан,2024-09-01,19.07528247022886,-1.9115218364399809,-1.9115218364399809,-0.0,-0.0,85.13176532207912,8.829999999999998,11.65876427299381
Республика Башкортостан,2024-10-01,18.69731258443641,0.667769408390896,0.667769408390896,0.0,0.0,84.2169162421749,7.980000000000004,11.66838744402842
Республика Башкортостан,2024-11-01,19.07587577392514,2.039278586154861,2.039278586154861,0.0,0.0,82.97645174449124,7.730000000000004,11.49307034906464
Республика Башкортостан,2024-12-01,19.45440349958309,0.34090421830265427,0.34090421830265427,0.0,0.0,80.13810145594934,8.219999999999999,11.63449341894239
Республика Башкортостан,2025-01-01,17.72120041631775,0.24822008087726388,0.24822008087726388,0.0,0.0,77.5390288169831,8.870000000000005,12.27908495921604
Республика Башкортостан,2025-02-01,23.93357396330168,0.31653560056003016,0.31653560056003016,0.0,0.0,78.88729748616043,9.239999999999995,12.2654710934085
Республика Башкортостан,2025-03-01,21.81135812877976,0.41369500741819465,0.41369500741819465,0.0,0.0,77.74892650006842,9.469999999999999,12.57552247443411
Республика Башкортостан,2025-04-01,21.49090810853084,0.5812476727093596,0.5812476727093596,0.0,0.0,77.20378552337309,9.909999999999997,12.85892376246777
Республика Башкортостан,2025-05-01,19.10416803818476,0.3820181297639742,0.3820181297639742,0.0,0.0,74.22675365520506,9.549999999999997,12.81508993374067
Республика Башкортостан,2025-06-01,18.89672603696109,0.6128194128495359,0.6128194128495359,0.0,0.0,73.75070128186792,9.599999999999994,12.89450915130169
Республика Башкортостан,2025-07-01,18.79771157894686,-0.2977272507310609,-0.2977272507310609,-0.0,-0.0,73.00185186912917,9.219999999999999,13.32096171656105
Республика Башкортостан,2025-08-01,18.48542555648937,-1.399483474742535,-1.399483474742535,-0.0,-0.0,72.12315188654856,8.579999999999998,12.50520608537077
Республика Башкортостан,2025-09-01,17.77648470138169,0.2588989388809786,0.2588989388809786,0.0,0.0,72.50514254464522,8.030000000000001,12.53970475007991
Республика Башкортостан,2025-10-01,17.27958077602042,-0.43597080805563593,-0.43597080805563593,-0.0,-0.0,72.53641632151243,8.230000000000004,12.53896059386392
Республика Башкортостан,2025-11-01,16.5778520363538,-0.19410526130430839,-0.19410526130430839,-0.0,-0.0,72.72561388788704,8.069999999999993,12.39735117541342
Республика Башкортостан,2025-12-01,16.62164605208209,0.2813157398373711,0.2813157398373711,0.0,0.0,72.87911525337343,6.709999999999994,12.67895908620003
Республика Бурятия,2019-03-01,14.12792315750656,0.7128714995200838,0.0,0.0,0.0,47.43301371576158,6.480000000000004,13.48972375015694
Республика Бурятия,2019-04-01,14.33141045977479,0.6911493920479934,0.0,0.0,0.0,48.31192755293814,6.170000000000002,13.46081283826299
Республика Бурятия,2019-05-01,14.43774474055823,0.45783100689424217,0.0,0.0,0.0,49.65546908541923,6.370000000000005,13.43907750233076
Республика Бурятия,2019-06-01,14.77816304233995,0.5041451542673663,0.0,0.0,0.0,50.95021715149226,6.510000000000005,13.38112159831075
Республика Бурятия,2019-07-01,14.35046305176127,0.14629311794748645,0.0,0.0,0.0,51.88084464912082,6.120000000000005,13.17298188988486
Республика Бурятия,2019-08-01,14.47889544809608,0.061654111534494405,0.0,0.0,0.0,50.87600690289964,6.049999999999997,13.39270950848313
Республика Бурятия,2019-09-01,14.0746433781112,0.2864871600654304,0.0,0.0,0.0,52.15133120643123,6.230000000000004,13.47927673095338
Республика Бурятия,2019-10-01,13.77379444628158,0.199118629193201,0.0,0.0,0.0,53.06502869478419,5.579999999999998,13.67932807240048
Республика Бурятия,2019-11-01,13.9840221111065,-0.3451712223245451,-0.0,-0.0,-0.0,54.68912310052502,4.879999999999995,13.5922516900443
Республика Бурятия,2019-12-01,13.58057781082027,-0.11071296164861266,-0.0,-0.0,-0.0,55.29006674307206,4.810000000000002,13.56986304051194
Республика Бурятия,2020-01-01,13.09697703093288,0.4934187707708695,0.0,0.0,0.0,55.50387145945695,4.129999999999995,13.47511474299097
Республика Бурятия,2020-02-01,12.58410528816799,0.717717316165718,0.0,0.0,0.0,57.17092372055359,3.989999999999995,13.46651978538141
Республика Бурятия,2020-03-01,11.65596394742161,0.5448138582658153,0.0,0.0,0.0,57.66699986668964,3.590000000000003,13.53446281305842
Республика Бурятия,2020-04-01,12.21020914797281,0.24910450663146122,0.0,0.0,0.0,58.35736032762341,3.650000000000006,13.29086826662062
Республика Бурятия,2020-05-01,12.00064729819958,0.12930980432325967,0.0,0.0,0.0,57.63666048798065,4.040000000000006,14.08347861171777
Республика Бурятия,2020-06-01,12.2305689984587,0.4216232562547013,0.0,0.0,0.0,57.23252570178801,4.0,14.0478217274466
Республика Бурятия,2020-07-01,11.8687649492391,-1.5016319110366503,-0.0,-0.0,-0.0,57.45328184450512,4.409999999999997,14.19000853088053
Республика Бурятия,2020-08-01,11.7862341753013,-0.8645661305373835,-0.0,-0.0,-0.0,57.39193709144892,4.989999999999995,14.13883320748735
Республика Бурятия,2020-09-01,11.78857111269451,-0.7937016241842549,-0.0,-0.0,-0.0,58.53885935825479,4.939999999999998,14.00729212871946
Республика Бурятия,2020-10-01,11.20313464904759,-1.2364929674992595,-0.0,-0.0,-0.0,59.50982928593025,5.079999999999998,14.2434263443905
Республика Бурятия,2020-11-01,10.94725855893073,-1.3589786818048175,-0.0,-0.0,-0.0,60.01632028221173,5.219999999999999,13.64602217078184
Республика Бурятия,2020-12-01,11.21260969316252,-1.7089361724181273,-0.0,-0.0,-0.0,60.55432655405472,5.340000000000003,13.79371362681913
Республика Бурятия,2021-01-01,11.01265156385351,3.0895976215913166,0.0,0.0,0.0,60.61632437018617,5.980000000000004,13.85302173380762
Республика Бурятия,2021-02-01,11.29751323910461,-0.05176615786507455,-0.0,-0.0,-0.0,61.41654362568124,5.650000000000006,13.84647775536135
Республика Бурятия,2021-03-01,11.12515897202794,-0.6104025253424652,-0.0,-0.0,-0.0,62.05655112070416,5.890000000000001,13.81324630070209
Республика Бурятия,2021-04-01,10.99420623053677,-0.5967440618905293,-0.0,-0.0,-0.0,63.25457085395028,6.019999999999996,13.93056301596948
Республика Бурятия,2021-05-01,10.7740082681883,-0.241937869195743,-0.0,-0.0,-0.0,63.66955432742228,6.170000000000002,14.07297768787565
Республика Бурятия,2021-06-01,11.15786411532469,-0.7676306960714552,-0.0,-0.0,-0.0,65.29627890603585,6.620000000000005,13.43747700307174
Республика Бурятия,2021-07-01,10.84473133361616,0.08560806359759354,0.0,0.0,0.0,66.72879173864958,7.030000000000001,13.88641449144853
Республика Бурятия,2021-08-01,11.31832642374477,0.3090771946763784,0.0,0.0,0.0,67.56535700554254,6.75,13.69076655722241
Республика Бурятия,2021-09-01,11.5596108112014,-0.6460537301930689,-0.0,-0.0,-0.0,68.74560322761289,7.25,13.62013315380448
Республика Бурятия,2021-10-01,11.34365887895244,-0.6175372517280238,-0.0,-0.0,-0.0,69.44529269581567,7.890000000000001,13.7629198523802
Республика Бурятия,2021-11-01,11.4067404442644,-0.12114037446266934,-0.0,-0.0,-0.0,70.41535018403967,8.719999999999999,13.65611730295788
Республика Бурятия,2021-12-01,11.44191668908408,-0.26721650241728057,-0.0,-0.0,-0.0,70.5289205163188,9.36,13.51908544816958
Республика Бурятия,2022-01-01,10.93601174238052,0.27464209751393653,0.0,0.0,0.0,70.56777237572682,9.420000000000002,13.49503329408406
Республика Бурятия,2022-02-01,11.64652463240683,-0.3501956198858558,-0.0,-0.0,-0.0,74.08113811068954,10.42,12.94413050165534
Республика Бурятия,2022-03-01,11.29882778541799,4.941478356719127,0.0,0.0,0.0,74.63698012451235,11.20999999999999,13.33236499423313
Республика Бурятия,2022-04-01,10.51845943884562,1.4923126339086181,0.0,0.0,0.0,73.8744494883727,20.37,14.16522887588356
Республика Бурятия,2022-05-01,13.58415818941029,-1.244790623444267,-0.0,-0.0,-0.0,71.41062193677384,19.97,14.0067108674294
Республика Бурятия,2022-06-01,16.20722409670956,-3.118179668249544,-0.0,-0.0,-0.0,70.0402961185535,18.8,14.06426646464402
Республика Бурятия,2022-07-01,14.5319625760945,-0.386746413724417,-0.0,-0.0,-0.0,69.26425294454414,17.14,14.66923190372441
Республика Бурятия,2022-08-01,13.32551198735894,-1.1110066252555733,-0.0,-0.0,-0.0,67.48512687099871,16.55,14.39803596313867
Республика Бурятия,2022-09-01,12.44920000257828,1.7547062341946287,0.0,0.0,0.0,67.49988964074208,15.0,14.4242529793058
Республика Бурятия,2022-10-01,11.85212449850061,1.2482715752793254,0.0,0.0,0.0,67.79427671595273,14.90000000000001,14.37934210920068
Республика Бурятия,2022-11-01,12.30202620865025,0.32653909912163215,0.0,0.0,0.0,68.54030064009264,14.01000000000001,14.24036970503891
Республика Бурятия,2022-12-01,12.85346602572096,0.14955653030453497,0.0,0.0,0.0,68.68362769169633,12.56999999999999,14.48153517088087
Республика Бурятия,2023-01-01,12.19509512287625,0.13967960707903515,0.0,0.0,0.0,67.59472353808212,12.59,14.24997142578841
Республика Бурятия,2023-02-01,13.88276980961232,-1.9472998218897306,-0.0,-0.0,-0.0,69.4337465988525,11.95,14.38067725125015
Республика Бурятия,2023-03-01,12.93213895824552,-0.4649545463768856,-0.0,-0.0,-0.0,69.19609979646073,10.8,14.22158588167593
Республика Бурятия,2023-04-01,12.82681569102382,-0.5507806832459252,-0.0,-0.0,-0.0,69.70543010269701,2.219999999999999,14.0450324899044
Республика Бурятия,2023-05-01,12.68542196957152,-0.46521849390664727,-0.0,-0.0,-0.0,68.14181905041951,2.290000000000006,13.93632036364581
Республика Бурятия,2023-06-01,12.92528861183494,-0.5347109788556779,-0.0,-0.0,-0.0,68.76120600788282,2.200000000000003,13.25131770323603
Республика Бурятия,2023-07-01,12.59714160518599,-0.5497632155639387,-0.0,-0.0,-0.0,69.67344515470299,2.840000000000003,13.26208348021278
Республика Бурятия,2023-08-01,12.38270341863323,0.2078297309388475,0.0,0.0,0.0,67.59580519469212,4.409999999999997,12.96903720720396
Республика Бурятия,2023-09-01,12.42512354851202,2.7050587479091437,0.0,0.0,0.0,69.38318953685797,5.659999999999997,12.83232460385614
Республика Бурятия,2023-10-01,12.46643806989302,0.8633696772512707,0.0,0.0,0.0,70.62264181821718,7.0,12.77646976268458
Республика Бурятия,2023-11-01,12.95773435769309,1.714265038508227,0.0,0.0,0.0,71.62976112051489,8.079999999999998,12.58303867292087
Республика Бурятия,2023-12-01,12.87474124092343,-1.5282051620880424,-0.0,-0.0,-0.0,72.18959232910584,9.510000000000005,12.64371579718397
Республика Бурятия,2024-01-01,12.06068413741866,0.6818813931607863,0.0,0.0,0.0,71.4446731930339,8.89,12.71954295447286
Республика Бурятия,2024-02-01,16.31245055767529,-1.5559611222700127,-0.0,-0.0,-0.0,76.14536754843621,9.349999999999994,12.81951572106632
Республика Бурятия,2024-03-01,18.03627336988107,-0.03662363343873665,-0.0,-0.0,-0.0,75.93764961056165,9.719999999999999,12.72180458481026
Республика Бурятия,2024-04-01,16.89154863112019,-0.07535756412256944,-0.0,-0.0,-0.0,76.27855965469102,9.620000000000005,12.63787102626039
Республика Бурятия,2024-05-01,16.12390548311025,-1.8174537430626252,-0.0,-0.0,-0.0,72.01253570354773,9.409999999999997,12.63777997975994
Республика Бурятия,2024-06-01,16.01541398632514,-0.4392507252018447,-0.0,-0.0,-0.0,72.4104140449044,10.86,12.27407913583386
Республика Бурятия,2024-07-01,14.6184376103063,-0.5869739684411108,-0.0,-0.0,-0.0,73.39559957687565,10.89,12.39010430693843
Республика Бурятия,2024-08-01,16.49064349287601,1.4105522767729113,0.0,0.0,0.0,75.05389800022763,10.83,11.36569466329225
Республика Бурятия,2024-09-01,16.80101100302012,-1.9115218364399809,-0.0,-0.0,-0.0,75.60476738505236,10.39,11.31198719025477
Республика Бурятия,2024-10-01,15.97384242730714,0.667769408390896,0.0,0.0,0.0,75.54656977925698,9.170000000000002,11.29347574097471
Республика Бурятия,2024-11-01,15.86955731083316,2.039278586154861,0.0,0.0,0.0,73.36428424665424,9.099999999999994,11.13620659414407
Республика Бурятия,2024-12-01,16.61504466298652,0.34090421830265427,0.0,0.0,0.0,70.41246147626619,9.159999999999997,11.31587119574927
Республика Бурятия,2025-01-01,22.94732534029048,0.24822008087726388,0.0,0.0,0.0,68.72694171016522,10.53,12.02913583319501
Республика Бурятия,2025-02-01,18.57598069081144,0.31653560056003016,0.0,0.0,0.0,67.26227807278876,10.23999999999999,12.04567158978965
Республика Бурятия,2025-03-01,14.46999703516388,0.41369500741819465,0.0,0.0,0.0,66.83960809222147,10.41,12.34306589211016
Республика Бурятия,2025-04-01,15.01376026976395,0.5812476727093596,0.0,0.0,0.0,66.63590588704588,11.05,12.62300408059597
Республика Бурятия,2025-05-01,14.27693995214399,0.3820181297639742,0.0,0.0,0.0,64.12826132948128,11.34999999999999,12.5812982322816
Республика Бурятия,2025-06-01,14.25903717874853,0.6128194128495359,0.0,0.0,0.0,64.08870471292943,10.84999999999999,12.70090357882239
Республика Бурятия,2025-07-01,14.27157950036207,-0.2977272507310609,-0.0,-0.0,-0.0,63.78095318832453,10.87,13.0813312757416
Республика Бурятия,2025-08-01,14.58153325823974,-1.399483474742535,-0.0,-0.0,-0.0,63.37212643557744,10.73,12.22450478371746
Республика Бурятия,2025-09-01,14.51010042506251,0.2588989388809786,0.0,0.0,0.0,63.73765355895391,10.48999999999999,12.26109971645316
Республика Бурятия,2025-10-01,14.58303342531682,-0.43597080805563593,-0.0,-0.0,-0.0,63.65777043747394,10.42,12.31966997929747
Республика Бурятия,2025-11-01,14.17382674256381,-0.19410526130430839,-0.0,-0.0,-0.0,63.8233599334032,9.480000000000004,12.22000224318349
Республика Бурятия,2025-12-01,14.14983364836428,0.2813157398373711,0.0,0.0,0.0,63.68911518408521,8.870000000000005,12.5077798124215
Республика Калмыкия,2019-03-01,14.03236550866326,0.7128714995200838,0.0,0.0,0.7128714995200838,79.98205497271638,4.709999999999994,14.11271807703674
Республика Калмыкия,2019-04-01,14.51597550611434,0.6911493920479934,0.0,0.0,0.6911493920479934,80.9162245942856,4.599999999999994,14.02792918690571
Республика Калмыкия,2019-05-01,14.60032779652671,0.45783100689424217,0.0,0.0,0.45783100689424217,81.17374589504678,4.689999999999998,13.97255111030724
Республика Калмыкия,2019-06-01,14.3590519199377,0.5041451542673663,0.0,0.0,0.5041451542673663,82.17584584578611,5.969999999999999,13.90077495942576
Республика Калмыкия,2019-07-01,14.06421779273544,0.14629311794748645,0.0,0.0,0.14629311794748645,83.1694114755321,5.480000000000004,13.69739600300403
Республика Калмыкия,2019-08-01,14.45394751772653,0.061654111534494405,0.0,0.0,0.061654111534494405,83.67182809434199,4.870000000000005,13.96687853604705
Республика Калмыкия,2019-09-01,13.96685388270682,0.2864871600654304,0.0,0.0,0.2864871600654304,84.7892561799475,5.189999999999998,14.07411279180273
Республика Калмыкия,2019-10-01,13.75558131760799,0.199118629193201,0.0,0.0,0.199118629193201,86.09556795402224,4.689999999999998,14.23065340201945
Республика Калмыкия,2019-11-01,13.65597508589936,-0.3451712223245451,-0.0,-0.0,-0.3451712223245451,89.92463084269158,4.489999999999995,14.07719024177433
Республика Калмыкия,2019-12-01,13.04893927949968,-0.11071296164861266,-0.0,-0.0,-0.11071296164861266,90.7578674428,4.090000000000003,14.12344044455389
Республика Калмыкия,2020-01-01,12.9339320382745,0.4934187707708695,0.0,0.0,0.4934187707708695,90.28067884302313,3.290000000000006,14.02693923887516
Республика Калмыкия,2020-02-01,13.00654764218127,0.717717316165718,0.0,0.0,0.717717316165718,86.50951504965938,2.709999999999994,13.92680093422591
Республика Калмыкия,2020-03-01,13.13282119452576,0.5448138582658153,0.0,0.0,0.5448138582658153,86.6629453480838,2.239999999999995,14.07952010221614
Республика Калмыкия,2020-04-01,12.96362714767528,0.24910450663146122,0.0,0.0,0.24910450663146122,87.16424451913018,2.629999999999995,13.74949322081889
Республика Калмыкия,2020-05-01,12.45501336778088,0.12930980432325967,0.0,0.0,0.12930980432325967,85.95322032437177,3.840000000000003,14.70572404661179
Республика Калмыкия,2020-06-01,12.25761151536604,0.4216232562547013,0.0,0.0,0.4216232562547013,84.29745914046079,3.409999999999997,14.71085713598967
Республика Калмыкия,2020-07-01,12.11391181466416,-1.5016319110366503,-0.0,-0.0,-1.5016319110366503,84.00100443190233,3.840000000000003,14.8973306562361
Республика Калмыкия,2020-08-01,11.30878275014768,-0.8645661305373835,-0.0,-0.0,-0.8645661305373835,83.7801644847628,4.340000000000003,14.86859917348078
Республика Калмыкия,2020-09-01,11.3026364252216,-0.7937016241842549,-0.0,-0.0,-0.7937016241842549,84.81050550812928,4.069999999999993,14.71556330800946
Республика Калмыкия,2020-10-01,10.89606478029413,-1.2364929674992595,-0.0,-0.0,-1.2364929674992595,85.69058302056663,4.170000000000002,14.97343192367905
Республика Калмыкия,2020-11-01,10.66987254318742,-1.3589786818048175,-0.0,-0.0,-1.3589786818048175,86.33240035309916,5.069999999999993,14.32914282790243
Республика Калмыкия,2020-12-01,11.12845492165605,-1.7089361724181273,-0.0,-0.0,-1.7089361724181273,86.89689244547293,5.810000000000002,14.52506402772905
Республика Калмыкия,2021-01-01,11.11746842588019,3.0895976215913166,0.0,0.0,3.0895976215913166,87.35234168497377,6.340000000000003,14.50043471324542
Республика Калмыкия,2021-02-01,11.88401629579418,-0.05176615786507455,-0.0,-0.0,-0.05176615786507455,88.25805075633738,6.650000000000006,14.54309707208133
Республика Калмыкия,2021-03-01,11.31600478842538,-0.6104025253424652,-0.0,-0.0,-0.6104025253424652,88.31719185442579,7.730000000000004,14.52357420843613
Республика Калмыкия,2021-04-01,11.42873024614512,-0.5967440618905293,-0.0,-0.0,-0.5967440618905293,88.95641984462576,7.920000000000002,14.57333758260734
Республика Калмыкия,2021-05-01,11.06312589416594,-0.241937869195743,-0.0,-0.0,-0.241937869195743,90.17216720340492,7.430000000000007,14.77035277616316
Республика Калмыкия,2021-06-01,11.68274487946535,-0.7676306960714552,-0.0,-0.0,-0.7676306960714552,92.04171505243065,8.120000000000005,14.0501758183681
Республика Калмыкия,2021-07-01,10.78377852784241,0.08560806359759354,0.0,0.0,0.08560806359759354,94.3611592615833,8.14,14.44308608650614
Республика Калмыкия,2021-08-01,11.75603369288555,0.3090771946763784,0.0,0.0,0.3090771946763784,96.94003960956856,8.39,14.3054232306143
Республика Калмыкия,2021-09-01,11.68385037091066,-0.6460537301930689,-0.0,-0.0,-0.6460537301930689,99.19504550201317,9.090000000000003,14.15397075014295
Республика Калмыкия,2021-10-01,11.35487550464051,-0.6175372517280238,-0.0,-0.0,-0.6175372517280238,100.9292615758088,10.76000000000001,14.27600252764308
Республика Калмыкия,2021-11-01,11.61660875429529,-0.12114037446266934,-0.0,-0.0,-0.12114037446266934,101.6238691708982,11.41,14.16268693804919
Республика Калмыкия,2021-12-01,11.72382325947638,-0.26721650241728057,-0.0,-0.0,-0.26721650241728057,102.6177365508117,11.72,14.06872853087745
Республика Калмыкия,2022-01-01,11.50614070573251,0.27464209751393653,0.0,0.0,0.27464209751393653,103.5319192363633,11.5,14.06797245411874
Республика Калмыкия,2022-02-01,12.71922373502654,-0.3501956198858558,-0.0,-0.0,-0.3501956198858558,106.8807963538538,12.25,13.51831931310713
Республика Калмыкия,2022-03-01,12.46366367583532,4.941478356719127,0.0,0.0,4.941478356719127,108.6478034195644,11.81,13.78828715877697
Республика Калмыкия,2022-04-01,12.99801750471407,1.4923126339086181,0.0,0.0,1.4923126339086181,108.6818016389187,19.48,14.77248078989508
Республика Калмыкия,2022-05-01,17.73328785708035,-1.244790623444267,-0.0,-0.0,-1.244790623444267,105.5980506349748,19.23999999999999,14.74217182186038
Республика Калмыкия,2022-06-01,18.58073164099908,-3.118179668249544,-0.0,-0.0,-3.118179668249544,104.2347172617558,17.62,14.84751568484116
Республика Калмыкия,2022-07-01,16.51269431119338,-0.386746413724417,-0.0,-0.0,-0.386746413724417,103.0682483337776,15.98,15.54817205370615
Республика Калмыкия,2022-08-01,14.11699161694751,-1.1110066252555733,-0.0,-0.0,-1.1110066252555733,100.8558230734308,15.59,15.25561601452868
Республика Калмыкия,2022-09-01,13.32595569113891,1.7547062341946287,0.0,0.0,1.7547062341946287,100.9714683476432,13.78,15.24190035462659
Республика Калмыкия,2022-10-01,12.88899934473094,1.2482715752793254,0.0,0.0,1.2482715752793254,102.8614107239936,12.65000000000001,15.15116546678514
Республика Калмыкия,2022-11-01,13.19973011050602,0.32653909912163215,0.0,0.0,0.32653909912163215,105.4341732240519,11.42,15.04033388010203
Республика Калмыкия,2022-12-01,12.83747837813548,0.14955653030453497,0.0,0.0,0.14955653030453497,106.5560652888895,10.02,15.21796020250676
Республика Калмыкия,2023-01-01,12.58801367458224,0.13967960707903515,0.0,0.0,0.13967960707903515,108.2783849535482,9.379999999999995,14.93845084830636
Республика Калмыкия,2023-02-01,14.41632873774767,-1.9472998218897306,-0.0,-0.0,-1.9472998218897306,108.3115795230237,8.560000000000002,15.11161382174252
Республика Калмыкия,2023-03-01,13.08844547114804,-0.4649545463768856,-0.0,-0.0,-0.4649545463768856,108.4022985310658,9.400000000000006,14.87873009552061
Республика Калмыкия,2023-04-01,13.65067219309211,-0.5507806832459252,-0.0,-0.0,-0.5507806832459252,109.5266575603568,1.769999999999996,14.80557457015989
Республика Калмыкия,2023-05-01,13.3788447733193,-0.46521849390664727,-0.0,-0.0,-0.46521849390664727,111.1374225067658,1.109999999999999,14.64803691917276
Республика Калмыкия,2023-06-01,13.76894337800307,-0.5347109788556779,-0.0,-0.0,-0.5347109788556779,112.3679570499789,1.159999999999997,13.93741977337197
Республика Калмыкия,2023-07-01,13.43037153867269,-0.5497632155639387,-0.0,-0.0,-0.5497632155639387,114.7049557734751,1.980000000000004,13.90753622850512
Республика Калмыкия,2023-08-01,13.22218480923887,0.2078297309388475,0.0,0.0,0.2078297309388475,116.6568792404349,2.560000000000002,13.57994735545502
Республика Калмыкия,2023-09-01,12.92870461486331,2.7050587479091437,0.0,0.0,2.7050587479091437,121.1187383680033,3.829999999999998,13.43610362941976
Республика Калмыкия,2023-10-01,13.07778945690898,0.8633696772512707,0.0,0.0,0.8633696772512707,125.5814532080065,4.260000000000005,13.35481122654362
Республика Калмыкия,2023-11-01,13.98937890713452,1.714265038508227,0.0,0.0,1.714265038508227,128.7322379091705,4.75,13.09083424480086
Республика Калмыкия,2023-12-01,13.77353538551533,-1.5282051620880424,-0.0,-0.0,-1.5282051620880424,131.6013965876003,5.480000000000004,13.02291623311475
Республика Калмыкия,2024-01-01,13.60236266034258,0.6818813931607863,0.0,0.0,0.6818813931607863,131.8788220640021,6.609999999999999,13.08710089422079
Республика Калмыкия,2024-02-01,18.01841613987463,-1.5559611222700127,-0.0,-0.0,-1.5559611222700127,131.664931450566,6.920000000000002,13.11580169610546
Республика Калмыкия,2024-03-01,18.83579960120512,-0.03662363343873665,-0.0,-0.0,-0.03662363343873665,131.5823237975672,6.489999999999995,12.98495681330143
Республика Калмыкия,2024-04-01,18.05324276880598,-0.07535756412256944,-0.0,-0.0,-0.07535756412256944,132.9759368496381,6.390000000000001,12.8777575191281
Республика Калмыкия,2024-05-01,18.29689867331619,-1.8174537430626252,-0.0,-0.0,-1.8174537430626252,133.0908891014535,6.719999999999999,12.84942659412254
Республика Калмыкия,2024-06-01,17.45048107452168,-0.4392507252018447,-0.0,-0.0,-0.4392507252018447,134.0973486603352,7.5,12.46342780835315
Республика Калмыкия,2024-07-01,15.06741494607206,-0.5869739684411108,-0.0,-0.0,-0.5869739684411108,136.7234689636447,8.159999999999997,12.52592956483567
Республика Калмыкия,2024-08-01,19.97534773685814,1.4105522767729113,0.0,0.0,1.4105522767729113,135.2561639983653,9.379999999999995,11.53601182771399
Республика Калмыкия,2024-09-01,19.10067371543073,-1.9115218364399809,-0.0,-0.0,-1.9115218364399809,136.446504743681,9.980000000000004,11.50969129246431
Республика Калмыкия,2024-10-01,19.13919900789446,0.667769408390896,0.0,0.0,0.667769408390896,135.0686497143155,9.209999999999994,11.48951518055609
Республика Калмыкия,2024-11-01,19.93683134762144,2.039278586154861,0.0,0.0,2.039278586154861,130.9357281907551,9.170000000000002,11.31735444471229
Республика Калмыкия,2024-12-01,19.65325454820339,0.34090421830265427,0.0,0.0,0.34090421830265427,124.0806727079738,9.780000000000001,11.46760938375691
Республика Калмыкия,2025-01-01,19.10945271339209,0.24822008087726388,0.0,0.0,0.24822008087726388,120.5273478455498,10.26000000000001,12.13438581455482
Республика Калмыкия,2025-02-01,22.65743982274105,0.31653560056003016,0.0,0.0,0.31653560056003016,117.9340619644311,10.3,12.13438082616432
Республика Калмыкия,2025-03-01,22.31573694810187,0.41369500741819465,0.0,0.0,0.41369500741819465,116.711903905903,10.39,12.42188115022889
Республика Калмыкия,2025-04-01,19.91790911337104,0.5812476727093596,0.0,0.0,0.5812476727093596,116.477016496637,10.61,12.70347672998179
Республика Калмыкия,2025-05-01,19.24415646271304,0.3820181297639742,0.0,0.0,0.3820181297639742,118.5786199140011,10.3,12.63953986664007
Республика Калмыкия,2025-06-01,19.11208929395964,0.6128194128495359,0.0,0.0,0.6128194128495359,118.0463490755719,9.579999999999998,12.68952832686407
Республика Калмыкия,2025-07-01,18.58345880183567,-0.2977272507310609,-0.0,-0.0,-0.2977272507310609,117.3743486934239,9.069999999999993,13.07175447592227
Республика Калмыкия,2025-08-01,18.06268957300749,-1.399483474742535,-0.0,-0.0,-1.399483474742535,117.6712621210244,8.0,12.24400853963572
Республика Калмыкия,2025-09-01,17.58760699082109,0.2588989388809786,0.0,0.0,0.2588989388809786,118.2903490957239,7.170000000000002,12.26380636483376
Республика Калмыкия,2025-10-01,16.69655024062091,-0.43597080805563593,-0.0,-0.0,-0.43597080805563593,118.4568794131336,7.620000000000005,12.28437966275615
Республика Калмыкия,2025-11-01,16.19396715673906,-0.19410526130430839,-0.0,-0.0,-0.19410526130430839,118.826784498667,7.700000000000003,12.17835876227423
Республика Калмыкия,2025-12-01,15.90892856502082,0.2813157398373711,0.0,0.0,0.2813157398373711,119.2373995012863,6.510000000000005,12.44148676922419
Республика Карелия,2019-03-01,13.19703642577904,0.7128714995200838,0.0,0.0,0.0,60.62297969821648,5.510000000000005,13.63516033115657
Республика Карелия,2019-04-01,13.54280064420052,0.6911493920479934,0.0,0.0,0.0,60.80426041873736,5.379999999999995,13.71012188352138
Республика Карелия,2019-05-01,13.74592189840021,0.45783100689424217,0.0,0.0,0.0,61.75243934028117,5.230000000000004,13.57551990381763
Республика Карелия,2019-06-01,14.26574735073369,0.5041451542673663,0.0,0.0,0.0,61.94276722494219,4.730000000000004,13.55741291418502
Республика Карелия,2019-07-01,13.75261404871209,0.14629311794748645,0.0,0.0,0.0,62.1750617832641,4.189999999999998,13.26367100425057
Республика Карелия,2019-08-01,13.70418417923613,0.061654111534494405,0.0,0.0,0.0,62.98167417644272,4.260000000000005,13.51739187565807
Республика Карелия,2019-09-01,13.31062468465982,0.2864871600654304,0.0,0.0,0.0,63.62958077614338,4.040000000000006,13.59646184988709
Республика Карелия,2019-10-01,13.07126045630143,0.199118629193201,0.0,0.0,0.0,64.42412731462717,3.640000000000001,13.76203594168878
Республика Карелия,2019-11-01,13.08831423474617,-0.3451712223245451,-0.0,-0.0,-0.0,63.58638357426183,3.599999999999994,13.69924391671096
Республика Карелия,2019-12-01,12.75129744459438,-0.11071296164861266,-0.0,-0.0,-0.0,63.98433597785647,3.349999999999994,13.71732069687337
Республика Карелия,2020-01-01,12.44254600603031,0.4934187707708695,0.0,0.0,0.0,63.95325643918005,2.780000000000001,13.61112369901531
Республика Карелия,2020-02-01,12.87980033227242,0.717717316165718,0.0,0.0,0.0,67.13767545858943,2.209999999999994,13.54977413400417
Республика Карелия,2020-03-01,12.54937960274901,0.5448138582658153,0.0,0.0,0.0,67.29737668707092,2.329999999999998,13.68722112328603
Республика Карелия,2020-04-01,12.35037014346796,0.24910450663146122,0.0,0.0,0.0,67.62950467771547,2.689999999999998,13.40746756815749
Республика Карелия,2020-05-01,12.03801869608995,0.12930980432325967,0.0,0.0,0.0,65.45648519108683,3.230000000000004,14.29512065771281
Республика Карелия,2020-06-01,11.79430223678643,0.4216232562547013,0.0,0.0,0.0,65.59018916595691,3.269999999999996,14.24048395708718
Республика Карелия,2020-07-01,11.55564634485152,-1.5016319110366503,-0.0,-0.0,-0.0,65.88014565329708,3.549999999999997,14.4148656804378
Республика Карелия,2020-08-01,11.25656067285873,-0.8645661305373835,-0.0,-0.0,-0.0,65.60327620873241,4.209999999999994,14.34994101153484
Республика Карелия,2020-09-01,11.19892895601149,-0.7937016241842549,-0.0,-0.0,-0.0,66.33405070583554,4.370000000000005,14.19990490456849
Республика Карелия,2020-10-01,10.67829495847992,-1.2364929674992595,-0.0,-0.0,-0.0,67.07301670742544,4.670000000000002,14.40106041928157
Республика Карелия,2020-11-01,10.37117195412932,-1.3589786818048175,-0.0,-0.0,-0.0,70.20220127488129,5.090000000000003,13.75329131909429
Республика Карелия,2020-12-01,10.68743959366191,-1.7089361724181273,-0.0,-0.0,-0.0,69.97619812629047,5.459999999999994,13.94308971991282
Республика Карелия,2021-01-01,10.61169014286081,3.0895976215913166,0.0,0.0,0.0,69.93142715165858,6.060000000000002,13.98528816283192
Республика Карелия,2021-02-01,11.25931072050132,-0.05176615786507455,-0.0,-0.0,-0.0,70.61989155633263,6.25,14.00101095189629
Республика Карелия,2021-03-01,10.96169400814929,-0.6104025253424652,-0.0,-0.0,-0.0,71.09436884257748,6.890000000000001,13.97756047340584
Республика Карелия,2021-04-01,10.70806417510133,-0.5967440618905293,-0.0,-0.0,-0.0,72.01694539989212,6.640000000000001,14.09910091594316
Республика Карелия,2021-05-01,10.69642672748196,-0.241937869195743,-0.0,-0.0,-0.0,73.51740620452694,6.260000000000005,14.22247890712533
Республика Карелия,2021-06-01,10.91402390957478,-0.7676306960714552,-0.0,-0.0,-0.0,74.6048209739742,6.900000000000006,13.55243502496181
Республика Карелия,2021-07-01,10.63427145496143,0.08560806359759354,0.0,0.0,0.0,75.63277533914928,7.180000000000007,14.00980312374852
Республика Карелия,2021-08-01,11.2491221468367,0.3090771946763784,0.0,0.0,0.0,74.71739007546915,7.069999999999993,13.83177372404335
Республика Карелия,2021-09-01,11.43483016315524,-0.6460537301930689,-0.0,-0.0,-0.0,75.59217406928616,7.189999999999998,13.73963415722578
Республика Карелия,2021-10-01,11.23000104296555,-0.6175372517280238,-0.0,-0.0,-0.0,76.16773629544642,8.519999999999996,13.80860385700761
Республика Карелия,2021-11-01,11.36480399638013,-0.12114037446266934,-0.0,-0.0,-0.0,77.3480439586433,9.159999999999997,13.76561339582871
Республика Карелия,2021-12-01,11.43406081806708,-0.26721650241728057,-0.0,-0.0,-0.0,77.6117116117645,9.489999999999995,13.55920913716541
Республика Карелия,2022-01-01,11.39032981570789,0.27464209751393653,0.0,0.0,0.0,77.48231908975553,9.36,13.51097220985322
Республика Карелия,2022-02-01,12.23804252319235,-0.3501956198858558,-0.0,-0.0,-0.0,80.7936714724644,9.75,12.92011952588383
Республика Карелия,2022-03-01,11.92644192301771,4.941478356719127,0.0,0.0,0.0,81.04409473701205,9.810000000000002,13.09537205481378
Республика Карелия,2022-04-01,11.82614852425505,1.4923126339086181,0.0,0.0,0.0,79.86767072332039,19.16,14.08301529303386
Республика Карелия,2022-05-01,16.53641026072292,-1.244790623444267,-0.0,-0.0,-0.0,77.82529242293029,19.94,13.94886295311996
Республика Карелия,2022-06-01,17.51471988560906,-3.118179668249544,-0.0,-0.0,-0.0,76.49520565209022,19.45999999999999,14.1013529425658
Республика Карелия,2022-07-01,15.28058887952679,-0.386746413724417,-0.0,-0.0,-0.0,75.61910167821647,18.01000000000001,14.7605520807658
Республика Карелия,2022-08-01,14.0253722556208,-1.1110066252555733,-0.0,-0.0,-0.0,73.00950381478867,15.97,14.49205013320126
Республика Карелия,2022-09-01,13.65743453478156,1.7547062341946287,0.0,0.0,0.0,72.48008612426452,15.19,14.56113774360632
Республика Карелия,2022-10-01,13.21945925550228,1.2482715752793254,0.0,0.0,0.0,72.89920723881453,13.36,14.59659377525737
Республика Карелия,2022-11-01,13.30227640191783,0.32653909912163215,0.0,0.0,0.0,73.42390568768674,12.13,14.49857961101718
Республика Карелия,2022-12-01,13.3860298575909,0.14955653030453497,0.0,0.0,0.0,74.31666414911253,12.05,14.91730538304208
Республика Карелия,2023-01-01,12.61334587703351,0.13967960707903515,0.0,0.0,0.0,74.76567134301604,11.76000000000001,14.66304250579137
Республика Карелия,2023-02-01,14.55995113949045,-1.9472998218897306,-0.0,-0.0,-0.0,76.86750106345343,12.11,14.81311152042948
Республика Карелия,2023-03-01,13.89556497472334,-0.4649545463768856,-0.0,-0.0,-0.0,76.25837593285753,11.09999999999999,14.69453049142784
Республика Карелия,2023-04-01,13.56850312673828,-0.5507806832459252,-0.0,-0.0,-0.0,75.9002540362665,2.75,14.40153572744872
Республика Карелия,2023-05-01,14.01616649148056,-0.46521849390664727,-0.0,-0.0,-0.0,74.9247424688653,1.680000000000007,14.22343930006858
Республика Карелия,2023-06-01,13.71914318916833,-0.5347109788556779,-0.0,-0.0,-0.0,75.42108007229746,1.680000000000007,13.53603717415094
Республика Карелия,2023-07-01,13.92763163577841,-0.5497632155639387,-0.0,-0.0,-0.0,75.52635541671044,2.620000000000005,13.56625224087364
Республика Карелия,2023-08-01,13.45852493395826,0.2078297309388475,0.0,0.0,0.0,74.32812544976268,4.620000000000005,13.30054908816673
Республика Карелия,2023-09-01,13.14806229456059,2.7050587479091437,0.0,0.0,0.0,75.35312670030747,5.620000000000005,13.17757636871815
Республика Карелия,2023-10-01,13.40358367556592,0.8633696772512707,0.0,0.0,0.0,76.29746244757519,7.420000000000002,13.09479257484467
Республика Карелия,2023-11-01,14.52545606301864,1.714265038508227,0.0,0.0,0.0,76.0063861760936,8.019999999999996,12.8733461360799
Республика Карелия,2023-12-01,15.07909419582317,-1.5282051620880424,-0.0,-0.0,-0.0,75.82137341804685,8.010000000000005,12.94772917392975
Республика Карелия,2024-01-01,14.46421811410045,0.6818813931607863,0.0,0.0,0.0,74.17856305773103,7.659999999999997,13.06990898814563
Республика Карелия,2024-02-01,18.18042554382691,-1.5559611222700127,-0.0,-0.0,-0.0,75.32853103066293,7.480000000000004,13.07622584480798
Республика Карелия,2024-03-01,19.31018029094986,-0.03662363343873665,-0.0,-0.0,-0.0,75.07419179576617,8.159999999999997,12.93977349898428
Республика Карелия,2024-04-01,18.54418713387527,-0.07535756412256944,-0.0,-0.0,-0.0,74.8129343517204,7.680000000000007,12.85098208358671
Республика Карелия,2024-05-01,18.3553206646012,-1.8174537430626252,-0.0,-0.0,-0.0,73.65226703930813,8.010000000000005,12.84688558760414
Республика Карелия,2024-06-01,18.2129814406145,-0.4392507252018447,-0.0,-0.0,-0.0,73.96944706993382,8.019999999999996,12.45338748580478
Республика Карелия,2024-07-01,16.95525035611282,-0.5869739684411108,-0.0,-0.0,-0.0,74.57632104117833,7.950000000000003,12.5968743327763
Республика Карелия,2024-08-01,20.34061856732449,1.4105522767729113,0.0,0.0,0.0,76.55357114256427,8.099999999999994,11.59417265863259
Республика Карелия,2024-09-01,20.6337432166648,-1.9115218364399809,-0.0,-0.0,-0.0,76.47362518619599,7.980000000000004,11.58278183400143
Республика Карелия,2024-10-01,20.53792447756165,0.667769408390896,0.0,0.0,0.0,75.30744915716939,7.319999999999993,11.61260898274184
Республика Карелия,2024-11-01,21.43998893520503,2.039278586154861,0.0,0.0,0.0,71.68596318369075,6.790000000000006,11.44891704716923
Республика Карелия,2024-12-01,21.08417859647354,0.34090421830265427,0.0,0.0,0.0,68.36396787232054,7.640000000000001,11.60879865171384
Республика Карелия,2025-01-01,21.075520721567,0.24822008087726388,0.0,0.0,0.0,66.36693908735711,8.569999999999993,12.27996643042351
Республика Карелия,2025-02-01,25.6766606071811,0.31653560056003016,0.0,0.0,0.0,65.09107663501057,9.11,12.25944375697416
Республика Карелия,2025-03-01,23.24439936151588,0.41369500741819465,0.0,0.0,0.0,63.97144356677123,8.959999999999994,12.56770610903891
Республика Карелия,2025-04-01,23.00339564170795,0.5812476727093596,0.0,0.0,0.0,63.39895078688949,9.560000000000002,12.84837527577553
Республика Карелия,2025-05-01,21.01784673524766,0.3820181297639742,0.0,0.0,0.0,63.75527763139493,9.400000000000006,12.75293202940056
Республика Карелия,2025-06-01,21.50542716547074,0.6128194128495359,0.0,0.0,0.0,63.32017966286375,9.579999999999998,12.8592547595506
Республика Карелия,2025-07-01,21.94944275558102,-0.2977272507310609,-0.0,-0.0,-0.0,62.16016676282599,9.810000000000002,13.40281731278709
Республика Карелия,2025-08-01,20.81870913931615,-1.399483474742535,-0.0,-0.0,-0.0,61.17017484045854,9.200000000000003,12.26276344533185
Республика Карелия,2025-09-01,20.02260409746879,0.2588989388809786,0.0,0.0,0.0,61.12942272712535,8.689999999999998,12.29594129517558
Республика Карелия,2025-10-01,18.41388461804373,-0.43597080805563593,-0.0,-0.0,-0.0,61.021305878217,8.780000000000001,12.36869328228286
Республика Карелия,2025-11-01,18.70241649529104,-0.19410526130430839,-0.0,-0.0,-0.0,60.87341726284969,8.709999999999994,12.25727674663778
Республика Карелия,2025-12-01,18.16037902273523,0.2813157398373711,0.0,0.0,0.0,60.64532158938552,7.510000000000005,12.55522852505463
Республика Коми,2019-03-01,13.17918546665609,0.7128714995200838,0.0,0.7128714995200838,0.0,53.85896554897647,6.379999999999995,13.95827286971145
Республика Коми,2019-04-01,13.48798512352863,0.6911493920479934,0.0,0.6911493920479934,0.0,54.20266619131928,6.280000000000001,14.05277728069235
Республика Коми,2019-05-01,13.54940241453814,0.45783100689424217,0.0,0.45783100689424217,0.0,54.42939379978795,6.420000000000002,13.96325049571009
Республика Коми,2019-06-01,13.91007286758539,0.5041451542673663,0.0,0.5041451542673663,0.0,54.96173022672891,6.540000000000006,13.92636628065084
Республика Коми,2019-07-01,13.53903292755498,0.14629311794748645,0.0,0.14629311794748645,0.0,55.30121745563148,6.510000000000005,13.65784224757164
Республика Коми,2019-08-01,13.48057042675533,0.061654111534494405,0.0,0.061654111534494405,0.0,56.3632955884722,6.560000000000002,13.83903690183743
Республика Коми,2019-09-01,13.19855558195942,0.2864871600654304,0.0,0.2864871600654304,0.0,57.16615130524302,5.879999999999995,13.8441378686736
Республика Коми,2019-10-01,13.08005906609901,0.199118629193201,0.0,0.199118629193201,0.0,57.72344027159336,5.030000000000001,14.02543359953864
Республика Коми,2019-11-01,12.94138036460204,-0.3451712223245451,-0.0,-0.3451712223245451,-0.0,55.83768977233412,4.159999999999997,13.85039484493116
Республика Коми,2019-12-01,12.68270528115763,-0.11071296164861266,-0.0,-0.11071296164861266,-0.0,56.28327117426601,3.790000000000006,13.83738100782008
Республика Коми,2020-01-01,12.36101310178671,0.4934187707708695,0.0,0.4934187707708695,0.0,56.15599653149648,3.040000000000006,13.6476706157013
Республика Коми,2020-02-01,12.68092599739357,0.717717316165718,0.0,0.717717316165718,0.0,58.94749183911789,3.609999999999999,13.5817736563824
Республика Коми,2020-03-01,12.52206945496372,0.5448138582658153,0.0,0.5448138582658153,0.0,58.98902319018672,4.150000000000006,13.6608770634903
Республика Коми,2020-04-01,12.27964698977722,0.24910450663146122,0.0,0.24910450663146122,0.0,59.21773947201319,3.950000000000003,13.32479264324547
Республика Коми,2020-05-01,12.1395407216303,0.12930980432325967,0.0,0.12930980432325967,0.0,59.16967943178588,4.260000000000005,14.31655683613603
Республика Коми,2020-06-01,11.75634152491833,0.4216232562547013,0.0,0.4216232562547013,0.0,58.79359532426158,4.640000000000001,14.38133891596562
Республика Коми,2020-07-01,11.75317948395978,-1.5016319110366503,-0.0,-1.5016319110366503,-0.0,58.94303169289316,4.489999999999995,14.55792266241696
Республика Коми,2020-08-01,11.10728688872984,-0.8645661305373835,-0.0,-0.8645661305373835,-0.0,57.9754033470825,4.180000000000007,14.45602458112191
Республика Коми,2020-09-01,10.92982523592232,-0.7937016241842549,-0.0,-0.7937016241842549,-0.0,58.89598577774655,4.519999999999996,14.29484205533389
Республика Коми,2020-10-01,10.60548425619735,-1.2364929674992595,-0.0,-1.2364929674992595,-0.0,59.50566726787098,4.890000000000001,14.48292350367042
Республика Коми,2020-11-01,10.35631843075263,-1.3589786818048175,-0.0,-1.3589786818048175,-0.0,63.32948955690336,5.909999999999997,13.83967626207041
Республика Коми,2020-12-01,10.67967065354898,-1.7089361724181273,-0.0,-1.7089361724181273,-0.0,63.51416887172247,6.209999999999994,14.07765152163197
Республика Коми,2021-01-01,10.61328517060585,3.0895976215913166,0.0,3.0895976215913166,0.0,63.28231723483799,6.629999999999995,14.1333632093413
Республика Коми,2021-02-01,11.18895645736494,-0.05176615786507455,-0.0,-0.05176615786507455,-0.0,63.99467259783702,5.069999999999993,14.16239781021165
Республика Коми,2021-03-01,10.68607354180625,-0.6104025253424652,-0.0,-0.6104025253424652,-0.0,64.20033374474845,5.180000000000007,14.11931665477895
Республика Коми,2021-04-01,10.51017184300662,-0.5967440618905293,-0.0,-0.5967440618905293,-0.0,64.92250103251816,5.879999999999995,14.2570602176641
Республика Коми,2021-05-01,10.55018007724841,-0.241937869195743,-0.0,-0.241937869195743,-0.0,63.62870293051927,5.579999999999998,14.41063611780329
Республика Коми,2021-06-01,10.9241905162774,-0.7676306960714552,-0.0,-0.7676306960714552,-0.0,64.02311813264345,5.640000000000001,13.71288012471661
Республика Коми,2021-07-01,10.65301273993793,0.08560806359759354,0.0,0.08560806359759354,0.0,64.90904888576922,5.739999999999995,14.15743742634755
Республика Коми,2021-08-01,11.22364895035784,0.3090771946763784,0.0,0.3090771946763784,0.0,66.79704268193709,5.760000000000005,13.93815755173285
Республика Коми,2021-09-01,11.21522991048626,-0.6460537301930689,-0.0,-0.6460537301930689,-0.0,67.79402676825079,5.730000000000004,13.82442723603462
Республика Коми,2021-10-01,11.11530388044422,-0.6175372517280238,-0.0,-0.6175372517280238,-0.0,68.5387898209726,6.409999999999997,13.88752575606907
Республика Коми,2021-11-01,11.22215771973245,-0.12114037446266934,-0.0,-0.12114037446266934,-0.0,68.5308881928018,7.25,13.81694683679984
Республика Коми,2021-12-01,11.4016354879911,-0.26721650241728057,-0.0,-0.26721650241728057,-0.0,68.58376137123766,7.189999999999998,13.63863919622798
Республика Коми,2022-01-01,11.25431384873511,0.27464209751393653,0.0,0.27464209751393653,0.0,68.6253218948619,7.450000000000003,13.60718996911488
Республика Коми,2022-02-01,12.07243902144097,-0.3501956198858558,-0.0,-0.3501956198858558,-0.0,68.80970354638602,8.209999999999994,13.02005301639311
Республика Коми,2022-03-01,11.93485962407052,4.941478356719127,0.0,4.941478356719127,0.0,68.76088501425758,8.450000000000003,13.22489559731446
Республика Коми,2022-04-01,11.56779683034954,1.4923126339086181,0.0,1.4923126339086181,0.0,67.72434051996251,16.26000000000001,14.09779019753479
Республика Коми,2022-05-01,16.76170855705519,-1.244790623444267,-0.0,-1.244790623444267,-0.0,69.62975054389894,17.62,13.98723646424383
Республика Коми,2022-06-01,16.44177118997092,-3.118179668249544,-0.0,-3.118179668249544,-0.0,68.7803807110464,16.23999999999999,14.1103866233128
Республика Коми,2022-07-01,15.21061565723973,-0.386746413724417,-0.0,-0.386746413724417,-0.0,68.15582617402929,15.09999999999999,14.75079498785714
Республика Коми,2022-08-01,13.88406120325554,-1.1110066252555733,-0.0,-1.1110066252555733,-0.0,67.20497437715515,14.7,14.44957166592519
Республика Коми,2022-09-01,13.30831902614706,1.7547062341946287,0.0,1.7547062341946287,0.0,66.85346969138935,13.84,14.46903390259507
Республика Коми,2022-10-01,12.79687899370706,1.2482715752793254,0.0,1.2482715752793254,0.0,66.89885107083096,13.51000000000001,14.47031496343389
Республика Коми,2022-11-01,13.01416731587124,0.32653909912163215,0.0,0.32653909912163215,0.0,65.00788178778006,12.04000000000001,14.36150934513794
Республика Коми,2022-12-01,13.24695159548524,0.14955653030453497,0.0,0.14955653030453497,0.0,64.81880765138176,11.72,14.68348405532466
Республика Коми,2023-01-01,13.06938943856772,0.13967960707903515,0.0,0.13967960707903515,0.0,64.23104021612033,11.39,14.44705596985912
Республика Коми,2023-02-01,14.66006431545689,-1.9472998218897306,-0.0,-1.9472998218897306,-0.0,65.62596048097113,11.83,14.61537834175672
Республика Коми,2023-03-01,13.62146196472439,-0.4649545463768856,-0.0,-0.4649545463768856,-0.0,65.32647653120239,10.97,14.46513532636113
Республика Коми,2023-04-01,13.47147719799257,-0.5507806832459252,-0.0,-0.5507806832459252,-0.0,65.41100371619584,2.950000000000003,14.29443705463623
Республика Коми,2023-05-01,13.84054386796549,-0.46521849390664727,-0.0,-0.46521849390664727,-0.0,66.75158363733436,1.689999999999998,14.1291331790213
Республика Коми,2023-06-01,14.09247824490442,-0.5347109788556779,-0.0,-0.5347109788556779,-0.0,66.31408949739333,2.790000000000006,13.45535179513324
Республика Коми,2023-07-01,13.79997856829729,-0.5497632155639387,-0.0,-0.5497632155639387,-0.0,66.5171462129627,3.780000000000001,13.48315917311837
Республика Коми,2023-08-01,13.56186368455044,0.2078297309388475,0.0,0.2078297309388475,0.0,66.00093635314899,4.209999999999994,13.19977148569883
Республика Коми,2023-09-01,13.29979599721408,2.7050587479091437,0.0,2.7050587479091437,0.0,67.3794424952793,5.030000000000001,13.06393611556129
Республика Коми,2023-10-01,13.72762104788628,0.8633696772512707,0.0,0.8633696772512707,0.0,68.20831532726625,5.659999999999997,13.03033680569001
Республика Коми,2023-11-01,15.00612995913589,1.714265038508227,0.0,1.714265038508227,0.0,69.8572464895504,6.900000000000006,12.85906189188295
Республика Коми,2023-12-01,16.19476077665033,-1.5282051620880424,-0.0,-1.5282051620880424,-0.0,69.62085385109333,7.780000000000001,12.98414808384289
Республика Коми,2024-01-01,15.74764416234063,0.6818813931607863,0.0,0.6818813931607863,0.0,67.93678272575822,7.299999999999997,12.90330905162148
Республика Коми,2024-02-01,19.5533396109676,-1.5559611222700127,-0.0,-1.5559611222700127,-0.0,65.50197082108957,6.920000000000002,13.01414258552985
Республика Коми,2024-03-01,20.22891888171639,-0.03662363343873665,-0.0,-0.03662363343873665,-0.0,65.0226884514943,7.379999999999995,12.88130352584706
Республика Коми,2024-04-01,19.50891707760652,-0.07535756412256944,-0.0,-0.07535756412256944,-0.0,64.91293266909182,7.349999999999994,12.860130781172
Республика Коми,2024-05-01,19.00256081814978,-1.8174537430626252,-0.0,-1.8174537430626252,-0.0,67.24120144427508,7.280000000000001,12.91495396964493
Республика Коми,2024-06-01,19.24149553187013,-0.4392507252018447,-0.0,-0.4392507252018447,-0.0,66.68127806619893,7.5,12.60975860020336
Республика Коми,2024-07-01,17.52283672729062,-0.5869739684411108,-0.0,-0.5869739684411108,-0.0,67.14410239493206,7.980000000000004,12.70938792648737
Республика Коми,2024-08-01,21.11950115108171,1.4105522767729113,0.0,1.4105522767729113,0.0,62.23143725247793,9.019999999999996,11.73419796189441
Республика Коми,2024-09-01,21.75976055975604,-1.9115218364399809,-0.0,-1.9115218364399809,-0.0,62.16260217069019,8.510000000000005,11.72544099172884
Республика Коми,2024-10-01,21.53778839357736,0.667769408390896,0.0,0.667769408390896,0.0,60.90594788680372,8.319999999999993,11.62583850889431
Республика Коми,2024-11-01,20.93593243625163,2.039278586154861,0.0,2.039278586154861,0.0,60.99357338156447,8.069999999999993,11.44268531053988
Республика Коми,2024-12-01,22.26911000375671,0.34090421830265427,0.0,0.34090421830265427,0.0,58.05788804739061,8.790000000000006,11.58453402679369
Республика Коми,2025-01-01,21.57562342955001,0.24822008087726388,0.0,0.24822008087726388,0.0,55.70846007543222,9.299999999999997,12.26548842255282
Республика Коми,2025-02-01,25.84341459712845,0.31653560056003016,0.0,0.31653560056003016,0.0,55.75141825200349,9.510000000000005,12.20623049659657
Республика Коми,2025-03-01,24.8244573167843,0.41369500741819465,0.0,0.41369500741819465,0.0,54.87571250123312,9.790000000000006,12.51238504176304
Республика Коми,2025-04-01,22.48379352521215,0.5812476727093596,0.0,0.5812476727093596,0.0,54.23158394358487,10.81,12.77705557196954
Республика Коми,2025-05-01,20.88008339563721,0.3820181297639742,0.0,0.3820181297639742,0.0,52.72499979405719,10.29000000000001,12.7023079748783
Республика Коми,2025-06-01,21.47043143520246,0.6128194128495359,0.0,0.6128194128495359,0.0,52.18200248230394,9.629999999999995,12.83264848643479
Республика Коми,2025-07-01,21.69846987311867,-0.2977272507310609,-0.0,-0.2977272507310609,-0.0,51.43330801931769,8.75,13.31105304664216
Республика Коми,2025-08-01,21.1268614866407,-1.399483474742535,-0.0,-1.399483474742535,-0.0,50.75285001331225,8.239999999999995,12.26000586022301
Республика Коми,2025-09-01,20.00368002442868,0.2588989388809786,0.0,0.2588989388809786,0.0,50.78046043819473,8.079999999999998,12.3051962307827
Республика Коми,2025-10-01,19.08680345952398,-0.43597080805563593,-0.0,-0.43597080805563593,-0.0,50.47775207105884,8.099999999999994,12.38376570672926
Республика Коми,2025-11-01,19.70922199677333,-0.19410526130430839,-0.0,-0.19410526130430839,-0.0,50.43330924357981,7.829999999999998,12.2895020828533
Республика Коми,2025-12-01,19.72486759846605,0.2813157398373711,0.0,0.2813157398373711,0.0,50.23659370307022,6.680000000000007,12.58795287415284
Республика Марий Эл,2019-03-01,13.26643867434943,0.7128714995200838,0.0,0.0,0.0,58.14929658432233,6.150000000000006,13.79107079300807
Республика Марий Эл,2019-04-01,13.46094942901879,0.6911493920479934,0.0,0.0,0.0,58.48098740422717,6.189999999999998,13.83733389320014
Республика Марий Эл,2019-05-01,13.55704464326508,0.45783100689424217,0.0,0.0,0.0,59.19802082084392,5.930000000000007,13.739540271373
Республика Марий Эл,2019-06-01,13.84366094664723,0.5041451542673663,0.0,0.0,0.0,59.59007669067145,5.980000000000004,13.72887094041878
Республика Марий Эл,2019-07-01,13.61458280052609,0.14629311794748645,0.0,0.0,0.0,59.97465700623537,5.439999999999998,13.46985365187124
Республика Марий Эл,2019-08-01,13.58429611301649,0.061654111534494405,0.0,0.0,0.0,58.87171030810764,5.799999999999997,13.69410419452026
Республика Марий Эл,2019-09-01,13.12029630411381,0.2864871600654304,0.0,0.0,0.0,59.53093298747263,5.060000000000002,13.79207934044654
Республика Марий Эл,2019-10-01,13.12512218550362,0.199118629193201,0.0,0.0,0.0,60.06630044240853,4.569999999999993,13.91718600113012
Республика Марий Эл,2019-11-01,13.04619416546962,-0.3451712223245451,-0.0,-0.0,-0.0,58.15399170729813,4.150000000000006,13.83377479143578
Республика Марий Эл,2019-12-01,12.63797321542837,-0.11071296164861266,-0.0,-0.0,-0.0,58.51965664577392,3.680000000000007,13.85763185315495
Республика Марий Эл,2020-01-01,12.34152562464963,0.4934187707708695,0.0,0.0,0.0,58.46763428317957,2.540000000000006,13.70370232235971
Республика Марий Эл,2020-02-01,12.82981286675997,0.717717316165718,0.0,0.0,0.0,59.47999506680088,1.599999999999994,13.69644787292009
Республика Марий Эл,2020-03-01,12.38829325209157,0.5448138582658153,0.0,0.0,0.0,59.57153410022108,1.790000000000006,13.78922909206114
Республика Марий Эл,2020-04-01,12.17291184637177,0.24910450663146122,0.0,0.0,0.0,60.16745131979182,2.019999999999996,13.48801035929793
Республика Марий Эл,2020-05-01,11.3202375338376,0.12930980432325967,0.0,0.0,0.0,63.05558680908577,2.75,14.28729221926148
Республика Марий Эл,2020-06-01,11.69343700527934,0.4216232562547013,0.0,0.0,0.0,62.90122735494895,2.739999999999995,14.22495841232035
Республика Марий Эл,2020-07-01,11.64044852636422,-1.5016319110366503,-0.0,-0.0,-0.0,63.09422904257572,3.060000000000002,14.3654532176376
Республика Марий Эл,2020-08-01,10.96220826356762,-0.8645661305373835,-0.0,-0.0,-0.0,62.28934371618548,3.319999999999993,14.31238852639713
Республика Марий Эл,2020-09-01,10.96220744338886,-0.7937016241842549,-0.0,-0.0,-0.0,62.95365776191286,3.730000000000004,14.20262675332811
Республика Марий Эл,2020-10-01,10.29521393100336,-1.2364929674992595,-0.0,-0.0,-0.0,63.90411655796111,3.790000000000006,14.40705997160349
Республика Марий Эл,2020-11-01,10.23950290791008,-1.3589786818048175,-0.0,-0.0,-0.0,64.98849346676121,4.060000000000002,13.78731606006466
Республика Марий Эл,2020-12-01,10.32071269777147,-1.7089361724181273,-0.0,-0.0,-0.0,64.49705828257488,4.650000000000006,13.95139664390326
Республика Марий Эл,2021-01-01,10.14038160110893,3.0895976215913166,0.0,0.0,0.0,64.28407307453949,5.140000000000001,14.01360201279874
Республика Марий Эл,2021-02-01,10.86875467753502,-0.05176615786507455,-0.0,-0.0,-0.0,64.0438404982321,5.530000000000001,14.01802299639355
Республика Марий Эл,2021-03-01,10.3955180741288,-0.6104025253424652,-0.0,-0.0,-0.0,64.42911017109412,5.760000000000005,13.9808812228844
Республика Марий Эл,2021-04-01,10.33546665496631,-0.5967440618905293,-0.0,-0.0,-0.0,65.29709926859908,5.819999999999993,14.07658168007702
Республика Марий Эл,2021-05-01,10.51971851940809,-0.241937869195743,-0.0,-0.0,-0.0,64.31887109500835,5.650000000000006,14.15775503419501
Республика Марий Эл,2021-06-01,10.91319844291141,-0.7676306960714552,-0.0,-0.0,-0.0,64.86409885262808,6.060000000000002,13.58207075733994
Республика Марий Эл,2021-07-01,10.57198011692746,0.08560806359759354,0.0,0.0,0.0,65.80240619113647,5.989999999999995,13.98875836647074
Республика Марий Эл,2021-08-01,10.92710857536194,0.3090771946763784,0.0,0.0,0.0,65.86914518133719,5.859999999999999,13.80030316000723
Республика Марий Эл,2021-09-01,10.94625271580275,-0.6460537301930689,-0.0,-0.0,-0.0,66.88982394564401,5.819999999999993,13.73385927670998
Республика Марий Эл,2021-10-01,10.96931491856483,-0.6175372517280238,-0.0,-0.0,-0.0,67.27555626848832,6.989999999999995,13.80075813984783
Республика Марий Эл,2021-11-01,10.8436607717313,-0.12114037446266934,-0.0,-0.0,-0.0,68.53743822935125,7.849999999999994,13.73330384304168
Республика Марий Эл,2021-12-01,11.23291567004223,-0.26721650241728057,-0.0,-0.0,-0.0,67.59227705926236,7.870000000000005,13.57393205768456
Республика Марий Эл,2022-01-01,10.90533546392254,0.27464209751393653,0.0,0.0,0.0,67.79235777810523,7.75,13.54386167102855
Республика Марий Эл,2022-02-01,11.87169218666584,-0.3501956198858558,-0.0,-0.0,-0.0,70.16229030001483,8.049999999999997,12.99054468725209
Республика Марий Эл,2022-03-01,11.5005639084713,4.941478356719127,0.0,0.0,0.0,70.69048168967018,8.909999999999997,13.37806465950984
Республика Марий Эл,2022-04-01,10.85209356251993,1.4923126339086181,0.0,0.0,0.0,69.74166835361531,16.25,14.22536702291085
Республика Марий Эл,2022-05-01,16.50208777117409,-1.244790623444267,-0.0,-0.0,-0.0,67.79437718234138,17.81,14.05710381640777
Республика Марий Эл,2022-06-01,17.12264156040434,-3.118179668249544,-0.0,-0.0,-0.0,66.65141255472462,17.53,14.14340140814994
Республика Марий Эл,2022-07-01,14.74502373823473,-0.386746413724417,-0.0,-0.0,-0.0,65.880244344032,17.28,14.74911254257818
Республика Марий Эл,2022-08-01,13.23997643696874,-1.1110066252555733,-0.0,-0.0,-0.0,65.11132316324648,16.65000000000001,14.50228856848666
Республика Марий Эл,2022-09-01,12.86167484894125,1.7547062341946287,0.0,0.0,0.0,64.59785640773444,15.56,14.53339139665171
Республика Марий Эл,2022-10-01,12.4269424704268,1.2482715752793254,0.0,0.0,0.0,64.22106520124629,14.25,14.53560352429688
Республика Марий Эл,2022-11-01,12.47637780629106,0.32653909912163215,0.0,0.0,0.0,64.4638976452146,13.23,14.40418790770444
Республика Марий Эл,2022-12-01,12.46366843850565,0.14955653030453497,0.0,0.0,0.0,64.84330914016361,12.73,14.57600854855943
Республика Марий Эл,2023-01-01,12.02348471741836,0.13967960707903515,0.0,0.0,0.0,64.33762014071041,12.95,14.31268558720187
Республика Марий Эл,2023-02-01,13.81403896802305,-1.9472998218897306,-0.0,-0.0,-0.0,65.84221722086292,13.3,14.45976977537622
Республика Марий Эл,2023-03-01,12.82480150166511,-0.4649545463768856,-0.0,-0.0,-0.0,65.39414173444622,12.34999999999999,14.3314344785082
Республика Марий Эл,2023-04-01,12.9661140949984,-0.5507806832459252,-0.0,-0.0,-0.0,65.82481941668958,5.390000000000001,14.08563043270376
Республика Марий Эл,2023-05-01,12.96649339527439,-0.46521849390664727,-0.0,-0.0,-0.0,66.38495039420125,3.700000000000003,14.04211925692451
Республика Марий Эл,2023-06-01,13.21997779815681,-0.5347109788556779,-0.0,-0.0,-0.0,66.40738353082335,4.010000000000005,13.4210797970125
Республика Марий Эл,2023-07-01,12.72765443598999,-0.5497632155639387,-0.0,-0.0,-0.0,66.76072070967186,4.109999999999999,13.47505278300468
Республика Марий Эл,2023-08-01,12.77712825071131,0.2078297309388475,0.0,0.0,0.0,62.27665578231676,4.819999999999993,13.19994565400781
Республика Марий Эл,2023-09-01,12.43844146173054,2.7050587479091437,0.0,0.0,0.0,63.41537739336204,5.939999999999998,13.11156491115969
Республика Марий Эл,2023-10-01,12.73241699425789,0.8633696772512707,0.0,0.0,0.0,64.68440526955978,7.379999999999995,13.04297603523133
Республика Марий Эл,2023-11-01,13.76503101765296,1.714265038508227,0.0,0.0,0.0,64.96639802809784,8.159999999999997,12.83986054960238
Республика Марий Эл,2023-12-01,14.24626224574835,-1.5282051620880424,-0.0,-0.0,-0.0,64.60098333798653,8.989999999999995,12.91875085035011
Республика Марий Эл,2024-01-01,13.83417924402965,0.6818813931607863,0.0,0.0,0.0,63.14018720748084,8.920000000000002,12.8850533810164
Республика Марий Эл,2024-02-01,17.85704502787608,-1.5559611222700127,-0.0,-0.0,-0.0,64.51036133714193,8.879999999999995,12.9718394344243
Республика Марий Эл,2024-03-01,19.05969086763121,-0.03662363343873665,-0.0,-0.0,-0.0,63.84189084528897,8.659999999999997,12.86157813837061
Республика Марий Эл,2024-04-01,17.87311604317831,-0.07535756412256944,-0.0,-0.0,-0.0,63.73758502468804,8.459999999999994,12.77220705524989
Республика Марий Эл,2024-05-01,17.36605360796955,-1.8174537430626252,-0.0,-0.0,-0.0,61.65796522219762,8.739999999999995,12.77442137069555
Республика Марий Эл,2024-06-01,17.26671492468873,-0.4392507252018447,-0.0,-0.0,-0.0,61.60716463753025,8.810000000000002,12.39956290918852
Республика Марий Эл,2024-07-01,15.56885818425321,-0.5869739684411108,-0.0,-0.0,-0.0,61.98695662203743,9.349999999999994,12.43663974178364
Республика Марий Эл,2024-08-01,20.1614458724727,1.4105522767729113,0.0,0.0,0.0,58.79613966322565,9.959999999999994,11.47495157885249
Республика Марий Эл,2024-09-01,19.65028992279091,-1.9115218364399809,-0.0,-0.0,-0.0,58.35871592611809,10.20999999999999,11.45092244399741
Республика Марий Эл,2024-10-01,19.21151565337206,0.667769408390896,0.0,0.0,0.0,57.39324595022257,9.64,11.48618984214986
Республика Марий Эл,2024-11-01,19.83033883450202,2.039278586154861,0.0,0.0,0.0,54.57895238745564,9.120000000000005,11.31155492868773
Республика Марий Эл,2024-12-01,19.00568389310162,0.34090421830265427,0.0,0.0,0.0,51.97932394029582,9.739999999999995,11.44748505290142
Республика Марий Эл,2025-01-01,18.99216993441929,0.24822008087726388,0.0,0.0,0.0,50.26897778683899,10.65000000000001,12.11733632769724
Республика Марий Эл,2025-02-01,24.09074390454889,0.31653560056003016,0.0,0.0,0.0,52.04843432571604,10.84999999999999,12.0873617937182
Республика Марий Эл,2025-03-01,20.90595690028575,0.41369500741819465,0.0,0.0,0.0,51.05074193521538,11.23,12.37660248846115
Республика Марий Эл,2025-04-01,19.4771912734042,0.5812476727093596,0.0,0.0,0.0,50.29987806071989,11.14,12.63827623767896
Республика Марий Эл,2025-05-01,17.55171875222743,0.3820181297639742,0.0,0.0,0.0,50.17764337174556,11.11,12.56403383203263
Республика Марий Эл,2025-06-01,18.01362669689322,0.6128194128495359,0.0,0.0,0.0,49.79877410059126,10.81999999999999,12.63334122216102
Республика Марий Эл,2025-07-01,18.16328171397623,-0.2977272507310609,-0.0,-0.0,-0.0,49.07641635741904,10.20999999999999,13.07438585170881
Республика Марий Эл,2025-08-01,17.88928049428765,-1.399483474742535,-0.0,-0.0,-0.0,48.28186433764937,9.680000000000007,12.25245510781277
Республика Марий Эл,2025-09-01,17.56776769112223,0.2588989388809786,0.0,0.0,0.0,48.37081708380805,9.14,12.26533086306497
Республика Марий Эл,2025-10-01,17.10590682094111,-0.43597080805563593,-0.0,-0.0,-0.0,48.19849811397047,9.150000000000006,12.33813160932117
Республика Марий Эл,2025-11-01,16.22866989018114,-0.19410526130430839,-0.0,-0.0,-0.0,48.35051296090583,9.150000000000006,12.23869067120331
Республика Марий Эл,2025-12-01,15.71648456227138,0.2813157398373711,0.0,0.0,0.0,48.53480622491711,7.439999999999998,12.50412570875446
Республика Мордовия,2019-03-01,13.14284230123158,0.7128714995200838,0.0,0.0,0.0,51.43554690579194,4.489999999999995,13.72829470350211
Республика Мордовия,2019-04-01,13.38037830113007,0.6911493920479934,0.0,0.0,0.0,51.97047033598279,4.400000000000006,13.74639301960557
Республика Мордовия,2019-05-01,13.56469875591658,0.45783100689424217,0.0,0.0,0.0,53.3324539781263,4.189999999999998,13.61500512154277
Республика Мордовия,2019-06-01,13.9673841617665,0.5041451542673663,0.0,0.0,0.0,53.76604249111754,4.159999999999997,13.57009679439402
Республика Мордовия,2019-07-01,13.58505077026373,0.14629311794748645,0.0,0.0,0.0,54.20993110318,3.780000000000001,13.35619688199682
Республика Мордовия,2019-08-01,13.573160656654,0.061654111534494405,0.0,0.0,0.0,54.5512620630217,3.819999999999993,13.54266344184359
Республика Мордовия,2019-09-01,13.2473699540044,0.2864871600654304,0.0,0.0,0.0,54.97988260411658,3.5,13.57113056197536
Республика Мордовия,2019-10-01,13.15440342709641,0.199118629193201,0.0,0.0,0.0,55.32703510312682,3.049999999999997,13.73784319492178
Республика Мордовия,2019-11-01,12.75101519671436,-0.3451712223245451,-0.0,-0.0,-0.0,55.29086493392846,2.719999999999999,13.62049261518042
Республика Мордовия,2019-12-01,12.61981128698116,-0.11071296164861266,-0.0,-0.0,-0.0,55.48514361817277,2.390000000000001,13.59236936166663
Республика Мордовия,2020-01-01,12.48385577083911,0.4934187707708695,0.0,0.0,0.0,55.28594315907424,1.980000000000004,13.49711832025477
Республика Мордовия,2020-02-01,12.83914636400845,0.717717316165718,0.0,0.0,0.0,57.89481976384862,1.120000000000005,13.42537812614129
Республика Мордовия,2020-03-01,12.37762663909966,0.5448138582658153,0.0,0.0,0.0,57.82730669760072,1.150000000000006,13.56845571011164
Республика Мордовия,2020-04-01,12.22769628857778,0.24910450663146122,0.0,0.0,0.0,58.1033698037941,1.700000000000003,13.31375666620872
Республика Мордовия,2020-05-01,11.78555824953585,0.12930980432325967,0.0,0.0,0.0,58.78380885249796,2.299999999999997,14.16768857433683
Республика Мордовия,2020-06-01,11.6397307364294,0.4216232562547013,0.0,0.0,0.0,58.2278528180796,2.409999999999997,14.16273665150879
Республика Мордовия,2020-07-01,11.50767611429692,-1.5016319110366503,-0.0,-0.0,-0.0,58.08643943309139,2.579999999999998,14.31342948302533
Республика Мордовия,2020-08-01,10.98709288202922,-0.8645661305373835,-0.0,-0.0,-0.0,57.88559979664826,2.760000000000005,14.28665246476503
Республика Мордовия,2020-09-01,10.8118093012252,-0.7937016241842549,-0.0,-0.0,-0.0,58.31614445411874,3.019999999999996,14.1474010437601
Республика Мордовия,2020-10-01,10.39352782653348,-1.2364929674992595,-0.0,-0.0,-0.0,58.71535345961952,2.950000000000003,14.37545536015883
Республика Мордовия,2020-11-01,10.11367372724132,-1.3589786818048175,-0.0,-0.0,-0.0,63.30120439092089,3.700000000000003,13.78650418411772
Республика Мордовия,2020-12-01,10.24959938684877,-1.7089361724181273,-0.0,-0.0,-0.0,63.31035821818938,4.219999999999999,13.95790377358809
Республика Мордовия,2021-01-01,10.18025561055277,3.0895976215913166,0.0,0.0,0.0,63.36866799648736,4.510000000000005,13.99863923487803
Республика Мордовия,2021-02-01,10.71873579879393,-0.05176615786507455,-0.0,-0.0,-0.0,58.23349397809031,5.069999999999993,14.0332288866578
Республика Мордовия,2021-03-01,10.10401974799896,-0.6104025253424652,-0.0,-0.0,-0.0,58.68845659206715,5.489999999999995,14.00505027471138
Республика Мордовия,2021-04-01,10.27695361087265,-0.5967440618905293,-0.0,-0.0,-0.0,59.08664358539458,5.420000000000002,14.12647007381253
Республика Мордовия,2021-05-01,10.30346487168486,-0.241937869195743,-0.0,-0.0,-0.0,59.00083135508915,5.349999999999994,14.20598599900423
Республика Мордовия,2021-06-01,10.62598437532743,-0.7676306960714552,-0.0,-0.0,-0.0,59.1812742288994,5.5,13.58645446008566
Республика Мордовия,2021-07-01,9.95555127545787,0.08560806359759354,0.0,0.0,0.0,59.3415605867716,5.840000000000003,13.91587355455646
Республика Мордовия,2021-08-01,11.19447919429366,0.3090771946763784,0.0,0.0,0.0,56.44497179972726,5.920000000000002,13.96164215316098
Республика Мордовия,2021-09-01,11.16166835526681,-0.6460537301930689,-0.0,-0.0,-0.0,57.36819332320697,5.980000000000004,13.86611469536895
Республика Мордовия,2021-10-01,10.70177015936234,-0.6175372517280238,-0.0,-0.0,-0.0,57.95211233004721,6.519999999999996,13.97171680496145
Республика Мордовия,2021-11-01,10.79187687925542,-0.12114037446266934,-0.0,-0.0,-0.0,58.94736756742127,6.799999999999997,13.88048158945444
Республика Мордовия,2021-12-01,11.05903380380782,-0.26721650241728057,-0.0,-0.0,-0.0,59.04344419602283,7.290000000000006,13.70292811010504
Республика Мордовия,2022-01-01,11.19147618948351,0.27464209751393653,0.0,0.0,0.0,59.05998082077058,7.769999999999996,13.66290593876581
Республика Мордовия,2022-02-01,11.7813736474698,-0.3501956198858558,-0.0,-0.0,-0.0,57.7753546808551,8.010000000000005,13.08661525653116
Республика Мордовия,2022-03-01,11.57695467408162,4.941478356719127,0.0,0.0,0.0,58.16877094063197,8.510000000000005,13.34807792509469
Республика Мордовия,2022-04-01,11.58896695624122,1.4923126339086181,0.0,0.0,0.0,57.40693812067848,15.40000000000001,14.26243193328351
Республика Мордовия,2022-05-01,16.76570723502927,-1.244790623444267,-0.0,-0.0,-0.0,55.81131166977706,16.45,14.09054974275914
Республика Мордовия,2022-06-01,15.07693753548048,-3.118179668249544,-0.0,-0.0,-0.0,54.83597690983409,15.81999999999999,14.17090544382608
Республика Мордовия,2022-07-01,14.78470128206726,-0.386746413724417,-0.0,-0.0,-0.0,54.32888719479888,14.8,14.8396528328566
Республика Мордовия,2022-08-01,13.02985093241034,-1.1110066252555733,-0.0,-0.0,-0.0,54.18160203775495,13.67,14.59248624918903
Республика Мордовия,2022-09-01,13.03554183277056,1.7547062341946287,0.0,0.0,0.0,53.78260968255125,13.03,14.64661267084264
Республика Мордовия,2022-10-01,12.35741352455434,1.2482715752793254,0.0,0.0,0.0,53.97709434207651,12.66,14.639695334857
Республика Мордовия,2022-11-01,12.43374000928078,0.32653909912163215,0.0,0.0,0.0,54.0782967806295,11.63,14.52383396444547
Республика Мордовия,2022-12-01,12.63139673505384,0.14955653030453497,0.0,0.0,0.0,54.20901006361516,10.75,14.76751326089271
Республика Мордовия,2023-01-01,12.02781220839457,0.13967960707903515,0.0,0.0,0.0,54.21734278712269,10.77,14.49922692138117
Республика Мордовия,2023-02-01,13.94216808985836,-1.9472998218897306,-0.0,-0.0,-0.0,54.99578188138419,10.31999999999999,14.64507597568397
Республика Мордовия,2023-03-01,13.19166805586256,-0.4649545463768856,-0.0,-0.0,-0.0,54.82660702897086,9.670000000000002,14.49000871496553
Республика Мордовия,2023-04-01,13.13931567531117,-0.5507806832459252,-0.0,-0.0,-0.0,55.41700319395312,2.700000000000003,14.30815595719012
Республика Мордовия,2023-05-01,13.40167669856151,-0.46521849390664727,-0.0,-0.0,-0.0,56.02923391168254,1.689999999999998,14.21459187743988
Республика Мордовия,2023-06-01,13.48840808845991,-0.5347109788556779,-0.0,-0.0,-0.0,56.56015227224874,1.799999999999997,13.52939429444436
Республика Мордовия,2023-07-01,13.07960788171834,-0.5497632155639387,-0.0,-0.0,-0.0,57.10636596210278,2.409999999999997,13.52518607010969
Республика Мордовия,2023-08-01,12.99376015017601,0.2078297309388475,0.0,0.0,0.0,57.82099415880986,3.430000000000007,13.22727239545002
Республика Мордовия,2023-09-01,12.60486288631873,2.7050587479091437,0.0,0.0,0.0,59.03819495418793,4.209999999999994,13.11361814136569
Республика Мордовия,2023-10-01,12.53479724764041,0.8633696772512707,0.0,0.0,0.0,60.31874838442135,4.829999999999998,13.02688411488908
Республика Мордовия,2023-11-01,13.97918090574042,1.714265038508227,0.0,0.0,0.0,60.96828288371739,5.450000000000003,12.82250736783666
Республика Мордовия,2023-12-01,14.1503270538693,-1.5282051620880424,-0.0,-0.0,-0.0,60.92904814229314,6.299999999999997,12.8720751447207
Республика Мордовия,2024-01-01,14.1332803850194,0.6818813931607863,0.0,0.0,0.0,59.822520679683,5.730000000000004,12.93922843169052
Республика Мордовия,2024-02-01,18.58418483358144,-1.5559611222700127,-0.0,-0.0,-0.0,59.46803838718414,6.269999999999996,13.03171739667669
Республика Мордовия,2024-03-01,19.60840473990532,-0.03662363343873665,-0.0,-0.0,-0.0,58.77438270797539,6.189999999999998,12.90996622203116
Республика Мордовия,2024-04-01,17.74647961671865,-0.07535756412256944,-0.0,-0.0,-0.0,58.56907481260208,6.159999999999997,12.81771042262651
Республика Мордовия,2024-05-01,17.69098335983837,-1.8174537430626252,-0.0,-0.0,-0.0,58.96607276975815,6.180000000000007,12.81357874806348
Республика Мордовия,2024-06-01,17.81841894406925,-0.4392507252018447,-0.0,-0.0,-0.0,59.00500240614747,6.590000000000003,12.43932261119411
Республика Мордовия,2024-07-01,16.52491692508825,-0.5869739684411108,-0.0,-0.0,-0.0,59.40667431222899,6.870000000000005,12.52806593404543
Республика Мордовия,2024-08-01,20.02640336773461,1.4105522767729113,0.0,0.0,0.0,58.83768434312097,7.569999999999993,11.53587665712036
Республика Мордовия,2024-09-01,20.02914316198491,-1.9115218364399809,-0.0,-0.0,-0.0,58.45396388013667,7.450000000000003,11.51799471244575
Республика Мордовия,2024-10-01,20.00781831052781,0.667769408390896,0.0,0.0,0.0,57.73854803443439,7.439999999999998,11.52696926014423
Республика Мордовия,2024-11-01,19.34778415870595,2.039278586154861,0.0,0.0,0.0,57.41921270520406,7.379999999999995,11.37467931342882
Республика Мордовия,2024-12-01,19.84939799017159,0.34090421830265427,0.0,0.0,0.0,54.21474699612866,7.810000000000002,11.52944980419008
Республика Мордовия,2025-01-01,18.54818778774897,0.24822008087726388,0.0,0.0,0.0,52.13546722867745,8.709999999999994,12.19671625100933
Республика Мордовия,2025-02-01,24.50315848507342,0.31653560056003016,0.0,0.0,0.0,49.90076430938649,9.069999999999993,12.12986758856182
Республика Мордовия,2025-03-01,20.44165602126453,0.41369500741819465,0.0,0.0,0.0,48.98940246039923,9.5,12.41037202709417
Республика Мордовия,2025-04-01,21.15171342816695,0.5812476727093596,0.0,0.0,0.0,48.27967117691247,9.61,12.67353172845836
Республика Мордовия,2025-05-01,20.67951288847142,0.3820181297639742,0.0,0.0,0.0,47.59174270597686,9.489999999999995,12.5991578958129
Республика Мордовия,2025-06-01,18.81519517914064,0.6128194128495359,0.0,0.0,0.0,47.18543458993403,9.280000000000001,12.6756294439089
Республика Мордовия,2025-07-01,19.9889037172723,-0.2977272507310609,-0.0,-0.0,-0.0,46.50826116661376,8.939999999999998,13.15011341572491
Республика Мордовия,2025-08-01,19.03410930899983,-1.399483474742535,-0.0,-0.0,-0.0,45.63527491086438,9.230000000000004,12.20369736401682
Республика Мордовия,2025-09-01,17.37584516944781,0.2588989388809786,0.0,0.0,0.0,45.73747566382716,8.650000000000006,12.22667486802266
Республика Мордовия,2025-10-01,17.76622437807126,-0.43597080805563593,-0.0,-0.0,-0.0,45.4956045699847,8.739999999999995,12.29565983733134
Республика Мордовия,2025-11-01,16.62390710543018,-0.19410526130430839,-0.0,-0.0,-0.0,45.61417243385834,8.579999999999998,12.206253958803
Республика Мордовия,2025-12-01,16.21113130596348,0.2813157398373711,0.0,0.0,0.0,45.5657600523256,6.930000000000007,12.48940029656528
Республика Саха (Якутия),2019-03-01,12.99541757242799,0.7128714995200838,0.0,0.7128714995200838,0.0,58.18231510160071,4.019999999999996,13.57481870189136
Республика Саха (Якутия),2019-04-01,13.1629878239203,0.6911493920479934,0.0,0.6911493920479934,0.0,57.48463101753676,4.420000000000002,13.5616212299049
Республика Саха (Якутия),2019-05-01,13.36998891549974,0.45783100689424217,0.0,0.45783100689424217,0.0,58.64495099560155,3.439999999999998,13.48022306252645
Республика Саха (Якутия),2019-06-01,13.43392189394765,0.5041451542673663,0.0,0.5041451542673663,0.0,57.37219261508341,3.840000000000003,13.45170963423708
Республика Саха (Якутия),2019-07-01,13.3110432343782,0.14629311794748645,0.0,0.14629311794748645,0.0,56.51736159649252,4.099999999999994,13.17442238532498
Республика Саха (Якутия),2019-08-01,13.26889127169647,0.061654111534494405,0.0,0.061654111534494405,0.0,54.58121927708063,4.459999999999994,13.44886923528524
Республика Саха (Якутия),2019-09-01,13.01115969575774,0.2864871600654304,0.0,0.2864871600654304,0.0,54.96650045959024,4.689999999999998,13.56941027334075
Республика Саха (Якутия),2019-10-01,12.60732483436952,0.199118629193201,0.0,0.199118629193201,0.0,54.63637492029654,4.900000000000006,13.7500225233303
Республика Саха (Якутия),2019-11-01,12.54747689859572,-0.3451712223245451,-0.0,-0.3451712223245451,-0.0,54.46648656045672,4.549999999999997,13.65849596944738
Республика Саха (Якутия),2019-12-01,12.49237360456366,-0.11071296164861266,-0.0,-0.11071296164861266,-0.0,53.63910888972202,4.269999999999996,13.65998321202463
Республика Саха (Якутия),2020-01-01,12.44511872241026,0.4934187707708695,0.0,0.4934187707708695,0.0,51.70436497087228,4.150000000000006,13.54629875786024
Республика Саха (Якутия),2020-02-01,11.62922989579647,0.717717316165718,0.0,0.717717316165718,0.0,50.89206719408521,3.230000000000004,13.46866680471834
Республика Саха (Якутия),2020-03-01,10.1078002893678,0.5448138582658153,0.0,0.5448138582658153,0.0,51.35851180027887,3.450000000000003,13.57538371564896
Республика Саха (Якутия),2020-04-01,10.38720770453085,0.24910450663146122,0.0,0.24910450663146122,0.0,51.98430649563445,2.900000000000006,13.30269274196997
Республика Саха (Якутия),2020-05-01,10.18123328674323,0.12930980432325967,0.0,0.12930980432325967,0.0,52.71716708849302,3.780000000000001,14.23941183668841
Республика Саха (Якутия),2020-06-01,10.74910163300698,0.4216232562547013,0.0,0.4216232562547013,0.0,52.81738294654391,3.299999999999997,14.19264955355967
Республика Саха (Якутия),2020-07-01,10.97510348107108,-1.5016319110366503,-0.0,-1.5016319110366503,-0.0,53.08729185377928,3.030000000000001,14.34504324506979
Республика Саха (Якутия),2020-08-01,10.54046701134723,-0.8645661305373835,-0.0,-0.8645661305373835,-0.0,53.1524488689709,2.5,14.25836968339231
Республика Саха (Якутия),2020-09-01,10.58032230096976,-0.7937016241842549,-0.0,-0.7937016241842549,-0.0,54.08963451324523,2.400000000000006,14.08521631784429
Республика Саха (Якутия),2020-10-01,10.10200283843152,-1.2364929674992595,-0.0,-1.2364929674992595,-0.0,54.71615820815509,2.950000000000003,14.31766351352151
Республика Саха (Якутия),2020-11-01,9.770972131681111,-1.3589786818048175,-0.0,-1.3589786818048175,-0.0,54.67680242450229,3.209999999999994,13.67733336775749
Республика Саха (Якутия),2020-12-01,9.85265151708755,-1.7089361724181273,-0.0,-1.7089361724181273,-0.0,54.31475680389286,3.670000000000002,13.83146193399361
Республика Саха (Якутия),2021-01-01,9.80181931304879,3.0895976215913166,0.0,3.0895976215913166,0.0,54.11726273194233,3.950000000000003,13.89350447075291
Республика Саха (Якутия),2021-02-01,9.89401927874359,-0.05176615786507455,-0.0,-0.05176615786507455,-0.0,54.5714507587191,4.599999999999994,13.9151501023819
Республика Саха (Якутия),2021-03-01,9.80021434480949,-0.6104025253424652,-0.0,-0.6104025253424652,-0.0,55.05504092463545,4.689999999999998,13.88525012520323
Республика Саха (Якутия),2021-04-01,10.00275698516389,-0.5967440618905293,-0.0,-0.5967440618905293,-0.0,55.84447693099648,4.769999999999996,14.01254287050593
Республика Саха (Якутия),2021-05-01,9.49829090698624,-0.241937869195743,-0.0,-0.241937869195743,-0.0,55.97942321449544,5.049999999999997,14.19843920193832
Республика Саха (Якутия),2021-06-01,9.78929207325535,-0.7676306960714552,-0.0,-0.7676306960714552,-0.0,56.42991981563456,5.579999999999998,13.5282508826054
Республика Саха (Якутия),2021-07-01,9.67899904331738,0.08560806359759354,0.0,0.08560806359759354,0.0,57.46185887548472,5.340000000000003,13.96701845993844
Республика Саха (Якутия),2021-08-01,9.88324372516862,0.3090771946763784,0.0,0.3090771946763784,0.0,59.17127490651787,6.129999999999995,13.76325447248294
Республика Саха (Якутия),2021-09-01,9.931641410635109,-0.6460537301930689,-0.0,-0.6460537301930689,-0.0,60.49603779900582,6.390000000000001,13.67844916306039
Республика Саха (Якутия),2021-10-01,9.841622783994069,-0.6175372517280238,-0.0,-0.6175372517280238,-0.0,61.41154906789023,5.760000000000005,13.81711722724867
Республика Саха (Якутия),2021-11-01,9.69983473241514,-0.12114037446266934,-0.0,-0.12114037446266934,-0.0,61.61900285101984,5.969999999999999,13.6925364777925
Республика Саха (Якутия),2021-12-01,9.67661186473204,-0.26721650241728057,-0.0,-0.26721650241728057,-0.0,61.2437423522265,5.950000000000003,13.52432389158215
Республика Саха (Якутия),2022-01-01,9.4874340462964,0.27464209751393653,0.0,0.27464209751393653,0.0,60.83091680884238,6.180000000000007,13.49902959107792
Республика Саха (Якутия),2022-02-01,10.04420258227081,-0.3501956198858558,-0.0,-0.3501956198858558,-0.0,60.72485027989287,6.209999999999994,12.93404469490755
Республика Саха (Якутия),2022-03-01,9.27943696886002,4.941478356719127,0.0,4.941478356719127,0.0,61.28254757438312,6.519999999999996,13.11034344212758
Республика Саха (Якутия),2022-04-01,12.89056114686616,1.4923126339086181,0.0,1.4923126339086181,0.0,61.05541393159375,10.95999999999999,14.02529726458534
Республика Саха (Якутия),2022-05-01,14.25919116745518,-1.244790623444267,-0.0,-1.244790623444267,-0.0,60.3272819304967,12.87,13.89085850841496
Республика Саха (Якутия),2022-06-01,13.35990414811074,-3.118179668249544,-0.0,-3.118179668249544,-0.0,59.69869748745696,12.97,13.98866745176786
Республика Саха (Якутия),2022-07-01,13.09035011717943,-0.386746413724417,-0.0,-0.386746413724417,-0.0,59.35120200352782,12.92,14.67103749185458
Республика Саха (Якутия),2022-08-01,11.10950331193104,-1.1110066252555733,-0.0,-1.1110066252555733,-0.0,59.4324262845162,11.68000000000001,14.36754495882644
Республика Саха (Якутия),2022-09-01,10.54377610178794,1.7547062341946287,0.0,1.7547062341946287,0.0,60.02728040457996,11.17,14.40460729587931
Республика Саха (Якутия),2022-10-01,10.0973545669437,1.2482715752793254,0.0,1.2482715752793254,0.0,60.31928439768893,11.38,14.37806637837233
Республика Саха (Якутия),2022-11-01,10.66624022815042,0.32653909912163215,0.0,0.32653909912163215,0.0,60.76105717984275,11.41,14.24823828471499
Республика Саха (Якутия),2022-12-01,10.83560846801366,0.14955653030453497,0.0,0.14955653030453497,0.0,60.66637405963494,11.91,14.53650931277137
Республика Саха (Якутия),2023-01-01,10.23593251104634,0.13967960707903515,0.0,0.13967960707903515,0.0,60.61208583285448,12.31,14.32837092358737
Республика Саха (Якутия),2023-02-01,11.80819437298952,-1.9472998218897306,-0.0,-1.9472998218897306,-0.0,58.82763727266354,12.84,14.46669694479323
Республика Саха (Якутия),2023-03-01,11.40098823800632,-0.4649545463768856,-0.0,-0.4649545463768856,-0.0,58.93733006084197,12.5,14.30916778347105
Республика Саха (Якутия),2023-04-01,11.35208224666375,-0.5507806832459252,-0.0,-0.5507806832459252,-0.0,59.50046450810616,8.329999999999998,14.09401543352106
Республика Саха (Якутия),2023-05-01,11.27448548126279,-0.46521849390664727,-0.0,-0.46521849390664727,-0.0,59.62084008868543,6.689999999999998,13.94292379227992
Республика Саха (Якутия),2023-06-01,10.84504932817349,-0.5347109788556779,-0.0,-0.5347109788556779,-0.0,60.00010862284814,6.239999999999995,13.21384601160746
Республика Саха (Якутия),2023-07-01,11.05361843503711,-0.5497632155639387,-0.0,-0.5497632155639387,-0.0,60.71075035458831,6.010000000000005,13.25112507542754
Республика Саха (Якутия),2023-08-01,10.92207617729378,0.2078297309388475,0.0,0.2078297309388475,0.0,61.46704985069069,6.340000000000003,12.97018516121095
Республика Саха (Якутия),2023-09-01,11.0318285770041,2.7050587479091437,0.0,2.7050587479091437,0.0,63.07179778339249,6.659999999999997,12.81255488618008
Республика Саха (Якутия),2023-10-01,10.2318267839896,0.8633696772512707,0.0,0.8633696772512707,0.0,64.3861573108423,6.980000000000004,12.76308551672511
Республика Саха (Якутия),2023-11-01,10.62820262268027,1.714265038508227,0.0,1.714265038508227,0.0,65.28657945709789,7.739999999999995,12.55149761917111
Республика Саха (Якутия),2023-12-01,11.0148890403257,-1.5282051620880424,-0.0,-1.5282051620880424,-0.0,65.5648772181216,7.870000000000005,12.62243873600739
Республика Саха (Якутия),2024-01-01,10.06156098222659,0.6818813931607863,0.0,0.6818813931607863,0.0,65.04439119693076,7.379999999999995,12.73601219728911
Республика Саха (Якутия),2024-02-01,14.74058721016625,-1.5559611222700127,-0.0,-1.5559611222700127,-0.0,64.877870490829,6.819999999999993,12.86020044943127
Республика Саха (Якутия),2024-03-01,17.07611862826462,-0.03662363343873665,-0.0,-0.03662363343873665,-0.0,64.52437199875148,6.939999999999998,12.76623469767437
Республика Саха (Якутия),2024-04-01,16.86846816203405,-0.07535756412256944,-0.0,-0.07535756412256944,-0.0,64.5642176257808,7.150000000000006,12.68877074647066
Республика Саха (Якутия),2024-05-01,15.12436454760561,-1.8174537430626252,-0.0,-1.8174537430626252,-0.0,63.39152716431728,7.310000000000002,12.71424004349933
Республика Саха (Якутия),2024-06-01,14.27256193472483,-0.4392507252018447,-0.0,-0.4392507252018447,-0.0,63.46933258466879,7.420000000000002,12.3433572580999
Республика Саха (Якутия),2024-07-01,13.82962364759755,-0.5869739684411108,-0.0,-0.5869739684411108,-0.0,64.24707186478892,7.980000000000004,12.47071820772076
Республика Саха (Якутия),2024-08-01,15.39884822115309,1.4105522767729113,0.0,1.4105522767729113,0.0,63.71468089870713,8.86,11.39701597249621
Республика Саха (Якутия),2024-09-01,16.42841022071679,-1.9115218364399809,-0.0,-1.9115218364399809,-0.0,64.19596369683643,9.230000000000004,11.34078212963031
Республика Саха (Якутия),2024-10-01,15.71509439664011,0.667769408390896,0.0,0.667769408390896,0.0,63.96072836223522,9.099999999999994,11.3332256242495
Республика Саха (Якутия),2024-11-01,15.8639101720991,2.039278586154861,0.0,2.039278586154861,0.0,62.89589448553517,9.150000000000006,11.17629197903327
Республика Саха (Якутия),2024-12-01,15.74329618812068,0.34090421830265427,0.0,0.34090421830265427,0.0,60.9855913291,9.290000000000006,11.3308773275583
Республика Саха (Якутия),2025-01-01,16.01251623347942,0.24822008087726388,0.0,0.24822008087726388,0.0,59.16392150919142,9.239999999999995,12.11182433088522
Республика Саха (Якутия),2025-02-01,22.59561815195384,0.31653560056003016,0.0,0.31653560056003016,0.0,57.56864645488768,9.810000000000002,12.13167252157221
Республика Саха (Якутия),2025-03-01,20.29951178415507,0.41369500741819465,0.0,0.41369500741819465,0.0,56.82205929565959,10.18000000000001,12.4447606913061
Республика Саха (Якутия),2025-04-01,20.18009263986456,0.5812476727093596,0.0,0.5812476727093596,0.0,56.20841036914176,9.959999999999994,12.73053542505866
Республика Саха (Якутия),2025-05-01,16.06418336380344,0.3820181297639742,0.0,0.3820181297639742,0.0,55.96336305004142,9.89,12.66890525804881
Республика Саха (Якутия),2025-06-01,15.36760342230577,0.6128194128495359,0.0,0.6128194128495359,0.0,55.55662310279463,9.86,12.78936875007132
Республика Саха (Якутия),2025-07-01,15.50422861232502,-0.2977272507310609,-0.0,-0.2977272507310609,-0.0,55.04911662762698,9.489999999999995,13.17410004304601
Республика Саха (Якутия),2025-08-01,14.53272853882612,-1.399483474742535,-0.0,-1.399483474742535,-0.0,54.61903830968375,9.620000000000005,12.22714293769481
Республика Саха (Якутия),2025-09-01,14.99257706239936,0.2588989388809786,0.0,0.2588989388809786,0.0,55.08296249132179,8.75,12.26823207770857
Республика Саха (Якутия),2025-10-01,15.24711450636874,-0.43597080805563593,-0.0,-0.43597080805563593,-0.0,54.85854490412674,8.930000000000007,12.32057029871864
Республика Саха (Якутия),2025-11-01,14.66702234444347,-0.19410526130430839,-0.0,-0.19410526130430839,-0.0,54.82595544664317,8.150000000000006,12.24541205035067
Республика Саха (Якутия),2025-12-01,15.64239382745458,0.2813157398373711,0.0,0.2813157398373711,0.0,54.40663372362119,8.040000000000006,12.5385467211066
Республика Северная Осетия - Алания,2019-03-01,14.76176683031806,0.7128714995200838,0.0,0.0,0.7128714995200838,53.05919595962547,4.849999999999994,13.88478927669276
Республика Северная Осетия - Алания,2019-04-01,15.05178754612734,0.6911493920479934,0.0,0.0,0.6911493920479934,53.63441487676265,4.569999999999993,13.89620864209493
Республика Северная Осетия - Алания,2019-05-01,15.25220979378059,0.45783100689424217,0.0,0.0,0.45783100689424217,55.24584557037777,4.629999999999995,13.76537423543579
Республика Северная Осетия - Алания,2019-06-01,15.52928051085893,0.5041451542673663,0.0,0.0,0.5041451542673663,55.65275802829133,4.890000000000001,13.75052628292061
Республика Северная Осетия - Алания,2019-07-01,15.21370806549726,0.14629311794748645,0.0,0.0,0.14629311794748645,55.94354879186453,3.989999999999995,13.30496646282066
Республика Северная Осетия - Алания,2019-08-01,15.2621602265916,0.061654111534494405,0.0,0.0,0.061654111534494405,58.87064260490714,3.650000000000006,13.63942462848927
Республика Северная Осетия - Алания,2019-09-01,14.73704134584474,0.2864871600654304,0.0,0.0,0.2864871600654304,59.39849143991983,3.099999999999994,14.02700706074218
Республика Северная Осетия - Алания,2019-10-01,14.65515801179079,0.199118629193201,0.0,0.0,0.199118629193201,59.88533440907422,2.959999999999994,14.17083280065771
Республика Северная Осетия - Алания,2019-11-01,14.65416654815003,-0.3451712223245451,-0.0,-0.0,-0.3451712223245451,57.55845664876733,2.680000000000007,14.14651770772977
Республика Северная Осетия - Алания,2019-12-01,14.32173606852966,-0.11071296164861266,-0.0,-0.0,-0.11071296164861266,57.29315501177658,2.689999999999998,14.34577622450007
Республика Северная Осетия - Алания,2020-01-01,14.12065972413101,0.4934187707708695,0.0,0.0,0.4934187707708695,57.53669766966239,1.870000000000005,14.16625010183786
Республика Северная Осетия - Алания,2020-02-01,14.21184013586177,0.717717316165718,0.0,0.0,0.717717316165718,70.07934900835836,1.469999999999999,14.12701796435068
Республика Северная Осетия - Алания,2020-03-01,14.21150334693624,0.5448138582658153,0.0,0.0,0.5448138582658153,70.14985300613023,0.8700000000000045,14.25171069397341
Республика Северная Осетия - Алания,2020-04-01,14.03824915927826,0.24910450663146122,0.0,0.0,0.24910450663146122,70.68654875801874,1.269999999999996,13.89482864753508
Республика Северная Осетия - Алания,2020-05-01,13.63151662785865,0.12930980432325967,0.0,0.0,0.12930980432325967,67.41134693246768,2.280000000000001,14.60109145807454
Республика Северная Осетия - Алания,2020-06-01,13.11537418823896,0.4216232562547013,0.0,0.0,0.4216232562547013,66.553688766449,2.040000000000006,14.29606847614727
Республика Северная Осетия - Алания,2020-07-01,12.97017568719527,-1.5016319110366503,-0.0,-0.0,-1.5016319110366503,66.6162269836822,2.969999999999999,14.4650897549347
Республика Северная Осетия - Алания,2020-08-01,12.41451099368462,-0.8645661305373835,-0.0,-0.0,-0.8645661305373835,59.78211744451158,2.939999999999998,14.45843836545776
Республика Северная Осетия - Алания,2020-09-01,12.633868241538,-0.7937016241842549,-0.0,-0.0,-0.7937016241842549,60.22490386873732,3.310000000000002,14.27258755629855
Республика Северная Осетия - Алания,2020-10-01,12.19761126674503,-1.2364929674992595,-0.0,-0.0,-1.2364929674992595,60.70510062314841,3.670000000000002,14.72171956734883
Республика Северная Осетия - Алания,2020-11-01,12.12054142429271,-1.3589786818048175,-0.0,-0.0,-1.3589786818048175,57.92769813647379,4.469999999999999,14.09440182298812
Республика Северная Осетия - Алания,2020-12-01,12.10773250660435,-1.7089361724181273,-0.0,-0.0,-1.7089361724181273,58.4638900272118,4.370000000000005,14.23201879825671
Республика Северная Осетия - Алания,2021-01-01,11.89192866971564,3.0895976215913166,0.0,0.0,3.0895976215913166,58.41740290976338,5.049999999999997,14.1613798613266
Республика Северная Осетия - Алания,2021-02-01,12.27170956206215,-0.05176615786507455,-0.0,-0.0,-0.05176615786507455,58.29442575287496,5.019999999999996,14.24021485659152
Республика Северная Осетия - Алания,2021-03-01,11.74154725839634,-0.6104025253424652,-0.0,-0.0,-0.6104025253424652,58.91106994986485,5.840000000000003,14.18130421065904
Республика Северная Осетия - Алания,2021-04-01,11.34933855722874,-0.5967440618905293,-0.0,-0.0,-0.5967440618905293,59.5547388774928,6.849999999999994,14.2562006065609
Республика Северная Осетия - Алания,2021-05-01,11.17502108189717,-0.241937869195743,-0.0,-0.0,-0.241937869195743,61.54044271431912,5.780000000000001,14.39821592242593
Республика Северная Осетия - Алания,2021-06-01,11.54065505598361,-0.7676306960714552,-0.0,-0.0,-0.7676306960714552,62.64275815347599,6.200000000000003,13.75194656953782
Республика Северная Осетия - Алания,2021-07-01,11.36141684820746,0.08560806359759354,0.0,0.0,0.08560806359759354,63.35621526101745,6.290000000000006,14.13047849686197
Республика Северная Осетия - Алания,2021-08-01,11.7689077164977,0.3090771946763784,0.0,0.0,0.3090771946763784,64.17491333076164,6.939999999999998,13.82114441431869
Республика Северная Осетия - Алания,2021-09-01,11.79693203619799,-0.6460537301930689,-0.0,-0.0,-0.6460537301930689,65.36951942925593,7.0,13.64364531829969
Республика Северная Осетия - Алания,2021-10-01,11.3239970665103,-0.6175372517280238,-0.0,-0.0,-0.6175372517280238,66.28323815798176,7.900000000000006,13.64510769517608
Республика Северная Осетия - Алания,2021-11-01,11.54119526269599,-0.12114037446266934,-0.0,-0.0,-0.12114037446266934,67.58065041383519,9.310000000000002,13.53046222737408
Республика Северная Осетия - Алания,2021-12-01,11.91765419894212,-0.26721650241728057,-0.0,-0.0,-0.26721650241728057,68.01914075149595,9.319999999999993,13.44000250919719
Республика Северная Осетия - Алания,2022-01-01,11.48586218211731,0.27464209751393653,0.0,0.0,0.27464209751393653,68.32450745647279,9.180000000000007,13.50309190071563
Республика Северная Осетия - Алания,2022-02-01,12.03750925112684,-0.3501956198858558,-0.0,-0.0,-0.3501956198858558,67.1784051964306,9.790000000000006,12.97769260918279
Республика Северная Осетия - Алания,2022-03-01,11.79498366931533,4.941478356719127,0.0,0.0,4.941478356719127,67.75485289655244,9.709999999999994,13.99169768771798
Республика Северная Осетия - Алания,2022-04-01,12.08124914723625,1.4923126339086181,0.0,0.0,1.4923126339086181,67.08146342694124,15.94,14.82311584170396
Республика Северная Осетия - Алания,2022-05-01,17.78757002272854,-1.244790623444267,-0.0,-0.0,-1.244790623444267,66.22740172092503,17.48,14.57876832633209
Республика Северная Осетия - Алания,2022-06-01,18.58887570303116,-3.118179668249544,-0.0,-0.0,-3.118179668249544,65.41261069202994,17.47,14.59210343741804
Республика Северная Осетия - Алания,2022-07-01,17.4176023568158,-0.386746413724417,-0.0,-0.0,-0.386746413724417,64.70363198389148,16.45,15.16284508542453
Республика Северная Осетия - Алания,2022-08-01,14.30916724957379,-1.1110066252555733,-0.0,-0.0,-1.1110066252555733,62.97029764703071,14.77,14.85368934802726
Республика Северная Осетия - Алания,2022-09-01,13.69947471074729,1.7547062341946287,0.0,0.0,1.7547062341946287,63.0366465015034,13.42,14.71817620211108
Республика Северная Осетия - Алания,2022-10-01,13.3247370870368,1.2482715752793254,0.0,0.0,1.2482715752793254,63.80812534563811,12.95999999999999,14.66761508892838
Республика Северная Осетия - Алания,2022-11-01,13.7682700473118,0.32653909912163215,0.0,0.0,0.32653909912163215,63.9546709492803,11.20999999999999,14.53475163048872
Республика Северная Осетия - Алания,2022-12-01,14.10760102250221,0.14955653030453497,0.0,0.0,0.14955653030453497,64.71517968319908,10.58,14.71615605990675
Республика Северная Осетия - Алания,2023-01-01,13.35564596811268,0.13967960707903515,0.0,0.0,0.13967960707903515,65.63407754426643,11.2,14.50703136427586
Республика Северная Осетия - Алания,2023-02-01,14.55112347171423,-1.9472998218897306,-0.0,-0.0,-1.9472998218897306,65.8730424456363,11.29000000000001,14.64104825895534
Республика Северная Осетия - Алания,2023-03-01,13.39313373952878,-0.4649545463768856,-0.0,-0.0,-0.4649545463768856,66.22449181437794,11.25,14.45645940375119
Республика Северная Осетия - Алания,2023-04-01,13.35724930759407,-0.5507806832459252,-0.0,-0.0,-0.5507806832459252,67.01635346104796,3.900000000000006,14.31714939771
Республика Северная Осетия - Алания,2023-05-01,13.29770978509783,-0.46521849390664727,-0.0,-0.0,-0.46521849390664727,67.88503284973608,2.620000000000005,14.15441588090552
Республика Северная Осетия - Алания,2023-06-01,13.33207599632395,-0.5347109788556779,-0.0,-0.0,-0.5347109788556779,68.99241792150707,2.090000000000003,13.61448331785357
Республика Северная Осетия - Алания,2023-07-01,13.4504013827133,-0.5497632155639387,-0.0,-0.0,-0.5497632155639387,70.13272140150826,2.879999999999995,13.63228624271502
Республика Северная Осетия - Алания,2023-08-01,13.3897071605697,0.2078297309388475,0.0,0.0,0.2078297309388475,69.51716543043027,4.390000000000001,13.39428912367581
Республика Северная Осетия - Алания,2023-09-01,12.80211035145104,2.7050587479091437,0.0,0.0,2.7050587479091437,71.74766213621947,5.489999999999995,13.25337096032044
Республика Северная Осетия - Алания,2023-10-01,13.27420921543666,0.8633696772512707,0.0,0.0,0.8633696772512707,73.806134789989,6.049999999999997,13.14930596131494
Республика Северная Осетия - Алания,2023-11-01,14.10295231938497,1.714265038508227,0.0,0.0,1.714265038508227,76.04536548042036,6.609999999999999,12.8235544080352
Республика Северная Осетия - Алания,2023-12-01,14.81112470126514,-1.5282051620880424,-0.0,-0.0,-1.5282051620880424,77.1952948951995,7.420000000000002,12.86679710157354
Республика Северная Осетия - Алания,2024-01-01,14.97360819772335,0.6818813931607863,0.0,0.0,0.6818813931607863,76.99023659099976,7.060000000000002,12.84802280088923
Республика Северная Осетия - Алания,2024-02-01,18.1871351802581,-1.5559611222700127,-0.0,-0.0,-1.5559611222700127,79.87901752936882,7.459999999999994,12.9313577074328
Республика Северная Осетия - Алания,2024-03-01,18.38502880643941,-0.03662363343873665,-0.0,-0.0,-0.03662363343873665,80.20577953297907,7.549999999999997,12.87318005977438
Республика Северная Осетия - Алания,2024-04-01,18.61261459923208,-0.07535756412256944,-0.0,-0.0,-0.07535756412256944,80.77648254991556,7.469999999999999,12.75751798059645
Республика Северная Осетия - Алания,2024-05-01,18.35272334923578,-1.8174537430626252,-0.0,-0.0,-1.8174537430626252,81.53682336182199,7.670000000000002,12.71208404752021
Республика Северная Осетия - Алания,2024-06-01,18.43644052365427,-0.4392507252018447,-0.0,-0.0,-0.4392507252018447,81.99938818214254,8.36,12.28638848049408
Республика Северная Осетия - Алания,2024-07-01,17.01648537512796,-0.5869739684411108,-0.0,-0.0,-0.5869739684411108,82.92081700586768,8.549999999999997,12.42096595829837
Республика Северная Осетия - Алания,2024-08-01,20.79410311082731,1.4105522767729113,0.0,0.0,1.4105522767729113,77.46441484944123,9.319999999999993,11.48026865518612
Республика Северная Осетия - Алания,2024-09-01,20.76001312977947,-1.9115218364399809,-0.0,-0.0,-1.9115218364399809,77.87634711634699,10.09999999999999,11.4251517385254
Республика Северная Осетия - Алания,2024-10-01,20.73774726337941,0.667769408390896,0.0,0.0,0.667769408390896,77.6653379251972,9.769999999999996,11.3985889844123
Республика Северная Осетия - Алания,2024-11-01,19.9480330818958,2.039278586154861,0.0,0.0,2.039278586154861,77.70474658649954,9.629999999999995,11.22382638016364
Республика Северная Осетия - Алания,2024-12-01,18.99732648833397,0.34090421830265427,0.0,0.0,0.34090421830265427,73.91286773970565,9.870000000000005,11.39208367126618
Республика Северная Осетия - Алания,2025-01-01,18.9873111958402,0.24822008087726388,0.0,0.0,0.24822008087726388,72.01819381197694,9.709999999999994,12.05378411207241
Республика Северная Осетия - Алания,2025-02-01,20.45686425856222,0.31653560056003016,0.0,0.0,0.31653560056003016,70.59751696269446,9.060000000000002,12.05822558392486
Республика Северная Осетия - Алания,2025-03-01,18.49539352605101,0.41369500741819465,0.0,0.0,0.41369500741819465,69.7154081514045,9.439999999999998,12.35778716810905
Республика Северная Осетия - Алания,2025-04-01,18.36265872037511,0.5812476727093596,0.0,0.0,0.5812476727093596,68.95488867226473,10.18000000000001,12.62753399740056
Республика Северная Осетия - Алания,2025-05-01,17.45576902801346,0.3820181297639742,0.0,0.0,0.3820181297639742,68.65642255185139,9.769999999999996,12.58303521412854
Республика Северная Осетия - Алания,2025-06-01,18.92245666960435,0.6128194128495359,0.0,0.0,0.6128194128495359,68.38638894388689,9.569999999999993,12.65094319902378
Республика Северная Осетия - Алания,2025-07-01,18.80680122429283,-0.2977272507310609,-0.0,-0.0,-0.2977272507310609,67.44185119274195,8.769999999999996,13.0500666044823
Республика Северная Осетия - Алания,2025-08-01,18.16853828339181,-1.399483474742535,-0.0,-0.0,-1.399483474742535,66.1084788388924,8.260000000000005,12.22904798330928
Республика Северная Осетия - Алания,2025-09-01,17.36054571535444,0.2588989388809786,0.0,0.0,0.2588989388809786,65.96250712819062,6.620000000000005,12.25858531200324
Республика Северная Осетия - Алания,2025-10-01,16.97491965615847,-0.43597080805563593,-0.0,-0.0,-0.43597080805563593,65.42355079372891,7.0,12.29760467330406
Республика Северная Осетия - Алания,2025-11-01,16.20816648993207,-0.19410526130430839,-0.0,-0.0,-0.19410526130430839,64.94453767674067,6.989999999999995,12.21984448554481
Республика Северная Осетия - Алания,2025-12-01,15.69977094512192,0.2813157398373711,0.0,0.0,0.2813157398373711,64.63644480648574,6.590000000000003,12.52257991798888
Республика Татарстан,2019-03-01,13.10272437682246,0.7128714995200838,0.7128714995200838,0.0,0.0,52.11808480455603,4.670000000000002,14.12343613085942
Республика Татарстан,2019-04-01,13.37777643692038,0.6911493920479934,0.6911493920479934,0.0,0.0,52.93009514184291,4.920000000000002,14.10436657283749
Республика Татарстан,2019-05-01,13.49070731074004,0.45783100689424217,0.45783100689424217,0.0,0.0,53.76760433083877,4.739999999999995,13.98318881079625
Республика Татарстан,2019-06-01,13.64874499175201,0.5041451542673663,0.5041451542673663,0.0,0.0,54.31589555937074,4.670000000000002,14.00288319605728
Республика Татарстан,2019-07-01,13.35771137882411,0.14629311794748645,0.14629311794748645,0.0,0.0,54.72757338424499,4.349999999999994,13.83599115314293
Республика Татарстан,2019-08-01,13.3129881496025,0.061654111534494405,0.061654111534494405,0.0,0.0,54.72686643220443,4.489999999999995,14.06729637276874
Республика Татарстан,2019-09-01,13.04624186610736,0.2864871600654304,0.2864871600654304,0.0,0.0,55.38405444336576,4.159999999999997,14.11443404719167
Республика Татарстан,2019-10-01,12.86930990115765,0.199118629193201,0.199118629193201,0.0,0.0,56.02747969478264,3.890000000000001,14.21157001952742
Республика Татарстан,2019-11-01,12.55072528293967,-0.3451712223245451,-0.3451712223245451,-0.0,-0.0,56.37614866827705,3.430000000000007,14.09376622603588
Республика Татарстан,2019-12-01,12.40574353138126,-0.11071296164861266,-0.11071296164861266,-0.0,-0.0,56.87829251866594,3.170000000000002,14.1757020559841
Республика Татарстан,2020-01-01,11.95683224496936,0.4934187707708695,0.4934187707708695,0.0,0.0,57.41964857811796,2.849999999999994,14.05447534550737
Республика Татарстан,2020-02-01,12.47996314501177,0.717717316165718,0.717717316165718,0.0,0.0,57.54976683779671,2.260000000000005,14.14259447994647
Республика Татарстан,2020-03-01,12.03762764142523,0.5448138582658153,0.5448138582658153,0.0,0.0,57.95280915697011,2.269999999999996,14.27843394397552
Республика Татарстан,2020-04-01,11.80067123920793,0.24910450663146122,0.24910450663146122,0.0,0.0,58.60346266433114,2.209999999999994,13.99454988237988
Республика Татарстан,2020-05-01,11.37171254110836,0.12930980432325967,0.12930980432325967,0.0,0.0,58.76092727575072,2.840000000000003,14.66023699329023
Республика Татарстан,2020-06-01,11.45969618697339,0.4216232562547013,0.4216232562547013,0.0,0.0,58.955927698772,2.680000000000007,14.56438010437763
Республика Татарстан,2020-07-01,11.39791601839551,-1.5016319110366503,-1.5016319110366503,-0.0,-0.0,59.39088088643148,2.819999999999993,14.77552844013672
Республика Татарстан,2020-08-01,10.79284341341264,-0.8645661305373835,-0.8645661305373835,-0.0,-0.0,59.54280586017304,2.819999999999993,14.65563776849862
Республика Татарстан,2020-09-01,10.59019478939821,-0.7937016241842549,-0.7937016241842549,-0.0,-0.0,60.58348867416947,3.170000000000002,14.57880079615777
Республика Татарстан,2020-10-01,10.27494398330199,-1.2364929674992595,-1.2364929674992595,-0.0,-0.0,61.50760880446765,3.390000000000001,14.74397135797295
Республика Татарстан,2020-11-01,9.9758211081755,-1.3589786818048175,-1.3589786818048175,-0.0,-0.0,62.65321764652823,3.700000000000003,14.22009987257477
Республика Татарстан,2020-12-01,10.25362514468513,-1.7089361724181273,-1.7089361724181273,-0.0,-0.0,62.74442591120628,4.200000000000003,14.33040908655849
Республика Татарстан,2021-01-01,9.77861349584924,3.0895976215913166,3.0895976215913166,0.0,0.0,63.06514464091197,4.780000000000001,14.46569547687887
Республика Татарстан,2021-02-01,10.59300217033391,-0.05176615786507455,-0.05176615786507455,-0.0,-0.0,63.31486616209092,5.079999999999998,14.4100926648029
Республика Татарстан,2021-03-01,10.37300726585181,-0.6104025253424652,-0.6104025253424652,-0.0,-0.0,64.11125937907165,5.599999999999994,14.42778316291296
Республика Татарстан,2021-04-01,10.20138763002952,-0.5967440618905293,-0.5967440618905293,-0.0,-0.0,65.60763921461475,5.930000000000007,14.46670409931363
Республика Татарстан,2021-05-01,10.25403603472818,-0.241937869195743,-0.241937869195743,-0.0,-0.0,66.49307954452003,5.829999999999998,14.40402263951927
Республика Татарстан,2021-06-01,10.45128021733534,-0.7676306960714552,-0.7676306960714552,-0.0,-0.0,67.29525046681188,6.370000000000005,13.94229690841627
Республика Татарстан,2021-07-01,10.26211627314139,0.08560806359759354,0.08560806359759354,0.0,0.0,68.37406070571008,7.079999999999998,14.32811943129194
Республика Татарстан,2021-08-01,10.6861386654977,0.3090771946763784,0.3090771946763784,0.0,0.0,68.6040438027302,7.409999999999997,14.15727000647957
Республика Татарстан,2021-09-01,10.79152617308768,-0.6460537301930689,-0.6460537301930689,-0.0,-0.0,69.45321618955788,7.099999999999994,14.14215144681853
Республика Татарстан,2021-10-01,10.50435977899788,-0.6175372517280238,-0.6175372517280238,-0.0,-0.0,69.91689312495005,7.709999999999994,14.0800980924744
Республика Татарстан,2021-11-01,10.32418870011745,-0.12114037446266934,-0.12114037446266934,-0.0,-0.0,70.85697669533515,8.200000000000003,14.04909443832743
Республика Татарстан,2021-12-01,10.4862781545333,-0.26721650241728057,-0.26721650241728057,-0.0,-0.0,70.889637045582,8.780000000000001,13.90759702003758
Республика Татарстан,2022-01-01,10.31060666159462,0.27464209751393653,0.27464209751393653,0.0,0.0,70.37118404009803,8.659999999999997,13.84376820210101
Республика Татарстан,2022-02-01,11.27973646286061,-0.3501956198858558,-0.3501956198858558,-0.0,-0.0,70.50538238400814,8.900000000000006,13.35335792264608
Республика Татарстан,2022-03-01,11.1197675338594,4.941478356719127,4.941478356719127,0.0,0.0,71.14879674522876,9.069999999999993,13.9129183280645
Республика Татарстан,2022-04-01,10.87588493210862,1.4923126339086181,1.4923126339086181,0.0,0.0,70.21524909228624,18.08,14.73902914069403
Республика Татарстан,2022-05-01,15.43555288321079,-1.244790623444267,-1.244790623444267,-0.0,-0.0,68.75407669180991,18.59,14.57498174802787
Республика Татарстан,2022-06-01,15.65444695189999,-3.118179668249544,-3.118179668249544,-0.0,-0.0,67.66167931672045,18.01000000000001,14.61318580059534
Республика Татарстан,2022-07-01,13.94368771464371,-0.386746413724417,-0.386746413724417,-0.0,-0.0,67.00308388715243,16.2,15.30333823789931
Республика Татарстан,2022-08-01,12.15902974210692,-1.1110066252555733,-1.1110066252555733,-0.0,-0.0,66.7793140737622,15.23,15.02093325858449
Республика Татарстан,2022-09-01,11.9279074518127,1.7547062341946287,1.7547062341946287,0.0,0.0,66.63726906573676,14.72,15.06079411844712
Республика Татарстан,2022-10-01,11.24372169023324,1.2482715752793254,1.2482715752793254,0.0,0.0,67.28045764982286,13.97,15.07873960037958
Республика Татарстан,2022-11-01,11.44178834173736,0.32653909912163215,0.32653909912163215,0.0,0.0,67.35721767350573,12.79000000000001,14.95046821647439
Республика Татарстан,2022-12-01,11.68930717571068,0.14955653030453497,0.14955653030453497,0.0,0.0,67.48763686476175,11.76000000000001,14.89750855744931
Республика Татарстан,2023-01-01,10.92738432344863,0.13967960707903515,0.13967960707903515,0.0,0.0,68.00972828575352,11.37,14.62231600692824
Республика Татарстан,2023-02-01,12.69833691034971,-1.9472998218897306,-1.9472998218897306,-0.0,-0.0,68.86694088611573,11.55,14.79375163560375
Республика Татарстан,2023-03-01,12.05097663789122,-0.4649545463768856,-0.4649545463768856,-0.0,-0.0,68.7782007711843,10.73999999999999,14.65517536924995
Республика Татарстан,2023-04-01,11.76524122023423,-0.5507806832459252,-0.5507806832459252,-0.0,-0.0,69.5322828518742,1.909999999999997,14.31909832202114
Республика Татарстан,2023-05-01,12.01687134951956,-0.46521849390664727,-0.46521849390664727,-0.0,-0.0,70.07965014206279,1.079999999999998,14.23420423295513
Республика Татарстан,2023-06-01,11.97146619348102,-0.5347109788556779,-0.5347109788556779,-0.0,-0.0,70.80854668401304,0.9300000000000068,13.7361165967162
Республика Татарстан,2023-07-01,11.85786320622519,-0.5497632155639387,-0.5497632155639387,-0.0,-0.0,71.58013199653324,2.209999999999994,13.74411795114168
Республика Татарстан,2023-08-01,11.63525914390963,0.2078297309388475,0.2078297309388475,0.0,0.0,72.13642819003415,2.989999999999995,13.5180735748552
Республика Татарстан,2023-09-01,11.53077218124593,2.7050587479091437,2.7050587479091437,0.0,0.0,73.5736917415517,4.290000000000006,13.47473162023755
Республика Татарстан,2023-10-01,11.51439399230465,0.8633696772512707,0.8633696772512707,0.0,0.0,75.26823035094728,5.0,13.37772217367763
Республика Татарстан,2023-11-01,12.63412675029385,1.714265038508227,1.714265038508227,0.0,0.0,76.37526673109721,6.370000000000005,13.17010680397039
Республика Татарстан,2023-12-01,12.87831344557866,-1.5282051620880424,-1.5282051620880424,-0.0,-0.0,76.58388195959826,6.980000000000004,13.22025206894072
Республика Татарстан,2024-01-01,13.03766140006446,0.6818813931607863,0.6818813931607863,0.0,0.0,76.04952862546891,7.060000000000002,13.14131841769482
Республика Татарстан,2024-02-01,16.26468861223902,-1.5559611222700127,-1.5559611222700127,-0.0,-0.0,75.55391450360098,7.340000000000003,13.23659102748302
Республика Татарстан,2024-03-01,17.5993292590288,-0.03662363343873665,-0.03662363343873665,-0.0,-0.0,75.65759864962499,7.420000000000002,13.13566604980681
Республика Татарстан,2024-04-01,16.45742031403718,-0.07535756412256944,-0.07535756412256944,-0.0,-0.0,75.82293220838268,7.280000000000001,13.00566489360736
Республика Татарстан,2024-05-01,16.37038120224222,-1.8174537430626252,-1.8174537430626252,-0.0,-0.0,75.79711616690538,7.670000000000002,12.94649771257332
Республика Татарстан,2024-06-01,15.66427030425873,-0.4392507252018447,-0.4392507252018447,-0.0,-0.0,75.97649234961936,8.430000000000007,12.56704133997297
Республика Татарстан,2024-07-01,14.31384289969239,-0.5869739684411108,-0.5869739684411108,-0.0,-0.0,76.97078884457855,8.459999999999994,12.54706084016242
Республика Татарстан,2024-08-01,18.34918793010917,1.4105522767729113,1.4105522767729113,0.0,0.0,75.92394448526954,9.040000000000006,11.75524627231735
Республика Татарстан,2024-09-01,18.66425287186002,-1.9115218364399809,-1.9115218364399809,-0.0,-0.0,75.51742665315783,8.950000000000003,11.74721737188952
Республика Татарстан,2024-10-01,18.1011136554545,0.667769408390896,0.667769408390896,0.0,0.0,74.67562481328913,8.709999999999994,11.85411221247653
Республика Татарстан,2024-11-01,18.79613878411981,2.039278586154861,2.039278586154861,0.0,0.0,73.54130001183805,8.319999999999993,11.66964978328869
Республика Татарстан,2024-12-01,19.15222990591553,0.34090421830265427,0.34090421830265427,0.0,0.0,71.22087382738465,8.829999999999998,11.7676671157738
Республика Татарстан,2025-01-01,21.38381630574625,0.24822008087726388,0.24822008087726388,0.0,0.0,68.29781558072965,9.659999999999997,12.31151489357003
Республика Татарстан,2025-02-01,22.50103748506182,0.31653560056003016,0.31653560056003016,0.0,0.0,66.75874969114331,10.03,12.33320383788291
Республика Татарстан,2025-03-01,20.81243834381964,0.41369500741819465,0.41369500741819465,0.0,0.0,65.53928851473178,10.65000000000001,12.59597942552352
Республика Татарстан,2025-04-01,20.43255229134442,0.5812476727093596,0.5812476727093596,0.0,0.0,64.68801494371176,11.09999999999999,12.81163124615392
Республика Татарстан,2025-05-01,19.01560072682906,0.3820181297639742,0.3820181297639742,0.0,0.0,63.85112862205231,10.73999999999999,12.68585685608113
Республика Татарстан,2025-06-01,18.53626486526738,0.6128194128495359,0.6128194128495359,0.0,0.0,63.11339674516363,10.56,12.7114564890655
Республика Татарстан,2025-07-01,18.58123444506965,-0.2977272507310609,-0.2977272507310609,-0.0,-0.0,62.16955039080462,10.06999999999999,13.18146378947309
Республика Татарстан,2025-08-01,17.59692923124158,-1.399483474742535,-1.399483474742535,-0.0,-0.0,61.57810090463599,9.599999999999994,12.49811541059713
Республика Татарстан,2025-09-01,17.21309628948846,0.2588989388809786,0.2588989388809786,0.0,0.0,61.54170286207169,8.409999999999997,12.50135149938448
Республика Татарстан,2025-10-01,16.87518232795776,-0.43597080805563593,-0.43597080805563593,-0.0,-0.0,61.14943427066979,8.760000000000005,12.54379348656176
Республика Татарстан,2025-11-01,16.21941066734895,-0.19410526130430839,-0.19410526130430839,-0.0,-0.0,61.0322543618726,8.560000000000002,12.38913115419668
Республика Татарстан,2025-12-01,16.1580741804865,0.2813157398373711,0.2813157398373711,0.0,0.0,60.49720545472184,7.489999999999995,12.58549004089305
Республика Хакасия,2019-03-01,14.23146313650451,0.7128714995200838,0.0,0.0,0.0,50.86728826019124,6.379999999999995,13.82660037574677
Республика Хакасия,2019-04-01,14.31841119025634,0.6911493920479934,0.0,0.0,0.0,50.94318425868881,6.569999999999993,13.73711895598256
Республика Хакасия,2019-05-01,14.42272892555195,0.45783100689424217,0.0,0.0,0.0,51.03778715900162,6.400000000000006,13.6420394919643
Республика Хакасия,2019-06-01,14.51394005588952,0.5041451542673663,0.0,0.0,0.0,51.2651433461733,6.430000000000007,13.60676039356908
Республика Хакасия,2019-07-01,14.20599036171242,0.14629311794748645,0.0,0.0,0.0,51.98388289550835,5.859999999999999,13.43726218348751
Республика Хакасия,2019-08-01,14.18823375396309,0.061654111534494405,0.0,0.0,0.0,51.04705735532913,5.569999999999993,13.66356650324118
Республика Хакасия,2019-09-01,14.08753286307308,0.2864871600654304,0.0,0.0,0.0,51.09601287206116,5.390000000000001,13.71405093734288
Республика Хакасия,2019-10-01,13.69124763671941,0.199118629193201,0.0,0.0,0.0,51.63762975308042,4.760000000000005,13.9039672625952
Республика Хакасия,2019-11-01,13.5759983943414,-0.3451712223245451,-0.0,-0.0,-0.0,52.8600896083816,4.269999999999996,13.77796034744437
Республика Хакасия,2019-12-01,13.19796485750639,-0.11071296164861266,-0.0,-0.0,-0.0,53.00662767466755,4.069999999999993,13.7837883814455
Республика Хакасия,2020-01-01,12.93514068337654,0.4934187707708695,0.0,0.0,0.0,53.1371197270977,3.439999999999998,13.72002104753865
Республика Хакасия,2020-02-01,13.23285754124042,0.717717316165718,0.0,0.0,0.0,55.60721226832889,2.620000000000005,13.64787858403889
Республика Хакасия,2020-03-01,13.11167217044587,0.5448138582658153,0.0,0.0,0.0,55.76809919773341,2.109999999999999,13.74911015381087
Республика Хакасия,2020-04-01,12.92681597384032,0.24910450663146122,0.0,0.0,0.0,56.21578670563358,2.269999999999996,13.51791529019427
Республика Хакасия,2020-05-01,12.65882862697307,0.12930980432325967,0.0,0.0,0.0,54.39184092622271,3.219999999999999,14.383541769048
Республика Хакасия,2020-06-01,12.44394917015122,0.4216232562547013,0.0,0.0,0.0,54.01157266701969,3.180000000000007,14.41369431291969
Республика Хакасия,2020-07-01,12.29648524028248,-1.5016319110366503,-0.0,-0.0,-0.0,53.85695266955569,3.650000000000006,14.57083410302302
Республика Хакасия,2020-08-01,11.7774673935156,-0.8645661305373835,-0.0,-0.0,-0.0,53.08277600902674,4.030000000000001,14.50619741367902
Республика Хакасия,2020-09-01,11.35439704293536,-0.7937016241842549,-0.0,-0.0,-0.0,54.02840291024177,4.219999999999999,14.41180954216963
Республика Хакасия,2020-10-01,11.28047807704534,-1.2364929674992595,-0.0,-0.0,-0.0,54.86406157105338,4.680000000000007,14.66580298726524
Республика Хакасия,2020-11-01,10.71146279568161,-1.3589786818048175,-0.0,-0.0,-0.0,56.34291933100596,4.969999999999999,14.08090138102998
Республика Хакасия,2020-12-01,11.16552426912991,-1.7089361724181273,-0.0,-0.0,-0.0,56.73808803262757,5.519999999999996,14.22823127551597
Республика Хакасия,2021-01-01,10.92004554542443,3.0895976215913166,0.0,0.0,0.0,56.66946348374373,6.010000000000005,14.26108058696857
Республика Хакасия,2021-02-01,11.56987644680416,-0.05176615786507455,-0.0,-0.0,-0.0,57.0337716472099,6.569999999999993,14.29996705756949
Республика Хакасия,2021-03-01,11.05152120322655,-0.6104025253424652,-0.0,-0.0,-0.0,57.75851432617075,7.230000000000004,14.22842108770663
Республика Хакасия,2021-04-01,10.87475881888569,-0.5967440618905293,-0.0,-0.0,-0.0,58.96862386302632,7.489999999999995,14.27918574298576
Республика Хакасия,2021-05-01,10.80587690428366,-0.241937869195743,-0.0,-0.0,-0.0,60.19904012892463,7.519999999999996,14.4217472667141
Республика Хакасия,2021-06-01,11.52834030545378,-0.7676306960714552,-0.0,-0.0,-0.0,61.40760953197891,8.069999999999993,13.81842909212811
Республика Хакасия,2021-07-01,11.21831113774231,0.08560806359759354,0.0,0.0,0.0,62.48665332185247,8.36,14.23451302726153
Республика Хакасия,2021-08-01,11.56141485658162,0.3090771946763784,0.0,0.0,0.0,58.19797083728611,8.219999999999999,14.07017824401774
Республика Хакасия,2021-09-01,11.63103685897841,-0.6460537301930689,-0.0,-0.0,-0.0,59.13895199043787,8.319999999999993,13.98996624746716
Республика Хакасия,2021-10-01,11.58843396010385,-0.6175372517280238,-0.0,-0.0,-0.0,59.74396198276444,8.709999999999994,14.11064810790183
Республика Хакасия,2021-11-01,11.85452978816517,-0.12114037446266934,-0.0,-0.0,-0.0,59.07672498050646,9.709999999999994,14.0082558841648
Республика Хакасия,2021-12-01,12.0140883432517,-0.26721650241728057,-0.0,-0.0,-0.0,59.26210204261659,10.12,13.87328498942865
Республика Хакасия,2022-01-01,11.74331172152154,0.27464209751393653,0.0,0.0,0.0,59.3661772602229,10.22,13.8818171186053
Республика Хакасия,2022-02-01,12.30924361914137,-0.3501956198858558,-0.0,-0.0,-0.0,64.33040858563307,11.13,13.33894145545935
Республика Хакасия,2022-03-01,12.42705516353936,4.941478356719127,0.0,0.0,0.0,65.01090637497133,11.53,13.73545007602502
Республика Хакасия,2022-04-01,12.48887677920188,1.4923126339086181,0.0,0.0,0.0,64.26810365384391,21.72,14.53946576081526
Республика Хакасия,2022-05-01,17.9830989272289,-1.244790623444267,-0.0,-0.0,-0.0,62.96995539982125,21.69,14.3802055944633
Республика Хакасия,2022-06-01,18.1632421117501,-3.118179668249544,-0.0,-0.0,-0.0,62.0532284879644,20.37,14.38645080244432
Республика Хакасия,2022-07-01,16.48967146745172,-0.386746413724417,-0.0,-0.0,-0.0,61.43758299810352,18.67,15.1073803071572
Республика Хакасия,2022-08-01,13.90198253362876,-1.1110066252555733,-0.0,-0.0,-0.0,59.00067185933455,17.98999999999999,14.85796985036864
Республика Хакасия,2022-09-01,13.28090152536255,1.7547062341946287,0.0,0.0,0.0,59.12580866253513,16.52,14.95873996081365
Республика Хакасия,2022-10-01,12.6359373478147,1.2482715752793254,0.0,0.0,0.0,59.54168621230963,15.55,14.90868978276519
Республика Хакасия,2022-11-01,12.85874906862523,0.32653909912163215,0.0,0.0,0.0,58.02967108379693,14.09999999999999,14.80785782868845
Республика Хакасия,2022-12-01,13.21166620519869,0.14955653030453497,0.0,0.0,0.0,58.24967877127965,12.90000000000001,15.00393974503319
Республика Хакасия,2023-01-01,11.97316338683538,0.13967960707903515,0.0,0.0,0.0,58.49390891749528,12.73,14.77431609279748
Республика Хакасия,2023-02-01,14.56653169688785,-1.9472998218897306,-0.0,-0.0,-0.0,59.19931318929056,12.06999999999999,14.94638265119371
Республика Хакасия,2023-03-01,13.52311269225943,-0.4649545463768856,-0.0,-0.0,-0.0,59.07080095990198,10.58,14.77258882125385
Республика Хакасия,2023-04-01,13.01892248903956,-0.5507806832459252,-0.0,-0.0,-0.0,59.90862373932384,0.6200000000000045,14.6456907060236
Республика Хакасия,2023-05-01,13.41548390950521,-0.46521849390664727,-0.0,-0.0,-0.0,61.89557090587322,-0.2199999999999989,14.52737265978257
Республика Хакасия,2023-06-01,13.49214816339952,-0.5347109788556779,-0.0,-0.0,-0.0,62.85188658325899,0.2600000000000051,13.81998064142665
Республика Хакасия,2023-07-01,13.59397915912722,-0.5497632155639387,-0.0,-0.0,-0.0,63.66619351191227,1.719999999999999,13.82093828963616
Республика Хакасия,2023-08-01,13.3766067315569,0.2078297309388475,0.0,0.0,0.0,61.94148992247897,2.650000000000006,13.48288637918158
Республика Хакасия,2023-09-01,12.94401173450564,2.7050587479091437,0.0,0.0,0.0,63.55809452218462,5.049999999999997,13.31421994975176
Республика Хакасия,2023-10-01,12.93349913043831,0.8633696772512707,0.0,0.0,0.0,65.25116656479743,6.379999999999995,13.24918050901159
Республика Хакасия,2023-11-01,14.30994115126819,1.714265038508227,0.0,0.0,0.0,65.40104428469553,8.090000000000003,13.05219572067435
Республика Хакасия,2023-12-01,15.17765664541892,-1.5282051620880424,-0.0,-0.0,-0.0,65.68962822210011,8.950000000000003,13.04371067511745
Республика Хакасия,2024-01-01,14.36401061396539,0.6818813931607863,0.0,0.0,0.0,64.97177141158996,8.900000000000006,13.10802874894053
Республика Хакасия,2024-02-01,19.28595536859905,-1.5559611222700127,-0.0,-0.0,-0.0,67.21788600520581,8.930000000000007,13.19135273914446
Республика Хакасия,2024-03-01,19.8918650616924,-0.03662363343873665,-0.0,-0.0,-0.0,66.88126492114296,9.560000000000002,13.08705939926467
Республика Хакасия,2024-04-01,19.21691784638901,-0.07535756412256944,-0.0,-0.0,-0.0,67.26738845370626,9.569999999999993,13.01456343052603
Республика Хакасия,2024-05-01,18.94603617887631,-1.8174537430626252,-0.0,-0.0,-0.0,67.1165665699961,9.950000000000003,13.0147176823547
Республика Хакасия,2024-06-01,18.91044034706008,-0.4392507252018447,-0.0,-0.0,-0.0,67.30737368635383,10.11,12.65111509562335
Республика Хакасия,2024-07-01,16.91735810749159,-0.5869739684411108,-0.0,-0.0,-0.0,67.97557240825341,9.530000000000001,12.75783880496636
Республика Хакасия,2024-08-01,20.6433023630245,1.4105522767729113,0.0,0.0,0.0,67.16132597319474,9.670000000000002,11.7080007429705
Республика Хакасия,2024-09-01,21.17927463135713,-1.9115218364399809,-0.0,-0.0,-0.0,67.09748937764336,8.819999999999993,11.66361873706085
Республика Хакасия,2024-10-01,21.21190066451385,0.667769408390896,0.0,0.0,0.0,66.57088334657989,8.280000000000001,11.65057866923661
Республика Хакасия,2024-11-01,20.31222571645357,2.039278586154861,0.0,0.0,0.0,64.29477679941947,8.25,11.47604826488581
Республика Хакасия,2024-12-01,21.11898099140612,0.34090421830265427,0.0,0.0,0.0,62.35311323822449,8.969999999999999,11.6294537452475
Республика Хакасия,2025-01-01,20.9919320114967,0.24822008087726388,0.0,0.0,0.0,60.62201392872213,9.439999999999998,12.31207482649266
Республика Хакасия,2025-02-01,24.62246281729294,0.31653560056003016,0.0,0.0,0.0,59.13551971558824,9.86,12.32395915138653
Республика Хакасия,2025-03-01,21.4038009020329,0.41369500741819465,0.0,0.0,0.0,58.26366852003099,10.47,12.63129967630263
Республика Хакасия,2025-04-01,23.37897944609335,0.5812476727093596,0.0,0.0,0.0,57.53126773921539,11.05,12.88916065441002
Республика Хакасия,2025-05-01,18.86635023156375,0.3820181297639742,0.0,0.0,0.0,55.30841063591512,10.66,12.86578370600945
Республика Хакасия,2025-06-01,21.29694513632626,0.6128194128495359,0.0,0.0,0.0,54.81279905730359,10.67,12.97488207178751
Республика Хакасия,2025-07-01,19.56444235903255,-0.2977272507310609,-0.0,-0.0,-0.0,54.17691950437862,11.04000000000001,13.35616873247754
Республика Хакасия,2025-08-01,20.53937339333537,-1.399483474742535,-0.0,-0.0,-0.0,53.29337270553537,10.98,12.47440876650809
Республика Хакасия,2025-09-01,20.07768661037508,0.2588989388809786,0.0,0.0,0.0,53.34741394041106,9.900000000000006,12.51321700927193
Республика Хакасия,2025-10-01,19.69088730665337,-0.43597080805563593,-0.0,-0.0,-0.0,53.073631039392,9.489999999999995,12.52773628784027
Республика Хакасия,2025-11-01,19.11024998069138,-0.19410526130430839,-0.0,-0.0,-0.0,52.84471905569907,8.019999999999996,12.44034993165249
Республика Хакасия,2025-12-01,18.34404187636214,0.2813157398373711,0.0,0.0,0.0,52.53057460083147,6.890000000000001,12.7474264338557
Ростовская область,2019-03-01,13.80932329715183,0.7128714995200838,0.0,0.0,0.0,54.87170282373999,4.75,13.42249498242954
Ростовская область,2019-04-01,13.86797931069632,0.6911493920479934,0.0,0.0,0.0,55.554829050362,4.790000000000006,13.3968807368886
Ростовская область,2019-05-01,13.94162531137903,0.45783100689424217,0.0,0.0,0.0,55.42026362610824,4.920000000000002,13.2738990666037
Ростовская область,2019-06-01,14.25499249397565,0.5041451542673663,0.0,0.0,0.0,55.88444305329073,5.670000000000002,13.2490482715735
Ростовская область,2019-07-01,13.934280604906,0.14629311794748645,0.0,0.0,0.0,56.21555142593848,4.920000000000002,13.07760848683284
Ростовская область,2019-08-01,13.86895418545736,0.061654111534494405,0.0,0.0,0.0,56.53239389158845,4.879999999999995,13.24605931287884
Ростовская область,2019-09-01,13.58483967657172,0.2864871600654304,0.0,0.0,0.0,56.98964855931038,4.799999999999997,13.39751656485209
Ростовская область,2019-10-01,13.43246832544192,0.199118629193201,0.0,0.0,0.0,57.279286995387,4.560000000000002,13.56046193816021
Ростовская область,2019-11-01,13.31790212563278,-0.3451712223245451,-0.0,-0.0,-0.0,56.8714067413071,3.829999999999998,13.47880197111756
Ростовская область,2019-12-01,13.08783936295743,-0.11071296164861266,-0.0,-0.0,-0.0,57.0916603486728,3.370000000000005,13.49348532399293
Ростовская область,2020-01-01,12.80375299948578,0.4934187707708695,0.0,0.0,0.0,57.03064109790319,2.700000000000003,13.40578615454686
Ростовская область,2020-02-01,13.08741733486551,0.717717316165718,0.0,0.0,0.0,57.22867419340685,2.030000000000001,13.39777895687885
Ростовская область,2020-03-01,12.79014230398385,0.5448138582658153,0.0,0.0,0.0,57.49572517676147,2.090000000000003,13.52855065056168
Ростовская область,2020-04-01,12.61053069938,0.24910450663146122,0.0,0.0,0.0,58.01032519952487,2.219999999999999,13.31455586281387
Ростовская область,2020-05-01,12.40711911419408,0.12930980432325967,0.0,0.0,0.0,57.20352710781276,2.859999999999999,14.0337459708557
Ростовская область,2020-06-01,12.02752024813557,0.4216232562547013,0.0,0.0,0.0,57.01274603332767,2.540000000000006,13.99873969611215
Ростовская область,2020-07-01,11.80729322536123,-1.5016319110366503,-0.0,-0.0,-0.0,57.3430836304651,3.379999999999995,14.17664547814338
Ростовская область,2020-08-01,11.32090732300551,-0.8645661305373835,-0.0,-0.0,-0.0,58.19039986469328,3.530000000000001,14.19295298835069
Ростовская область,2020-09-01,11.27747571031377,-0.7937016241842549,-0.0,-0.0,-0.0,59.00289644772641,3.620000000000005,14.11658476072654
Ростовская область,2020-10-01,10.88978141544663,-1.2364929674992595,-0.0,-0.0,-0.0,59.62077133580479,3.599999999999994,14.32266865508531
Ростовская область,2020-11-01,10.65445843866699,-1.3589786818048175,-0.0,-0.0,-0.0,60.09168556177708,4.010000000000005,13.81451857734464
Ростовская область,2020-12-01,11.02107360050948,-1.7089361724181273,-0.0,-0.0,-0.0,60.21192712763332,4.519999999999996,13.92774092533511
Ростовская область,2021-01-01,10.80968409062544,3.0895976215913166,0.0,0.0,0.0,60.0969457505927,5.180000000000007,13.94698189408963
Ростовская область,2021-02-01,11.27207456987733,-0.05176615786507455,-0.0,-0.0,-0.0,60.26599828634843,5.390000000000001,13.94516129207095
Ростовская область,2021-03-01,10.88770600748347,-0.6104025253424652,-0.0,-0.0,-0.0,60.71084354454717,5.790000000000006,13.92548148968972
Ростовская область,2021-04-01,10.81849553377529,-0.5967440618905293,-0.0,-0.0,-0.0,61.54087959856059,6.120000000000005,13.99677674564757
Ростовская область,2021-05-01,10.69813727579373,-0.241937869195743,-0.0,-0.0,-0.0,60.97207477175595,5.739999999999995,14.06592936374273
Ростовская область,2021-06-01,11.1179815745036,-0.7676306960714552,-0.0,-0.0,-0.0,61.64368133179714,6.019999999999996,13.56710573068636
Ростовская область,2021-07-01,10.86194811974535,0.08560806359759354,0.0,0.0,0.0,62.44286129080798,6.230000000000004,13.96313730811108
Ростовская область,2021-08-01,11.31020082327912,0.3090771946763784,0.0,0.0,0.0,62.91856831104279,6.359999999999999,13.821758611096
Ростовская область,2021-09-01,11.53788737059172,-0.6460537301930689,-0.0,-0.0,-0.0,63.6379060261973,6.709999999999994,13.7338269980256
Ростовская область,2021-10-01,11.37496933745736,-0.6175372517280238,-0.0,-0.0,-0.0,64.0042898826371,7.549999999999997,13.76202967689086
Ростовская область,2021-11-01,11.3335827445836,-0.12114037446266934,-0.0,-0.0,-0.0,65.04499263217423,8.560000000000002,13.72995066193431
Ростовская область,2021-12-01,11.51163144093834,-0.26721650241728057,-0.0,-0.0,-0.0,65.4118733030174,8.790000000000006,13.55951617794612
Ростовская область,2022-01-01,11.37248497964847,0.27464209751393653,0.0,0.0,0.0,65.99952583177556,8.569999999999993,13.52277737249531
Ростовская область,2022-02-01,12.13681438050234,-0.3501956198858558,-0.0,-0.0,-0.0,66.13509040013071,8.680000000000007,13.00927339787011
Ростовская область,2022-03-01,12.27174792588122,4.941478356719127,0.0,0.0,0.0,66.82181665822141,8.870000000000005,13.55715513773394
Ростовская область,2022-04-01,11.82771732538589,1.4923126339086181,0.0,0.0,0.0,66.09713798835286,15.2,14.40617880273296
Ростовская область,2022-05-01,16.95422672181268,-1.244790623444267,-0.0,-0.0,-0.0,64.18343111904447,17.09,14.20015499683736
Ростовская область,2022-06-01,16.75183297129254,-3.118179668249544,-0.0,-0.0,-0.0,63.26162712310517,17.18000000000001,14.3121347466152
Ростовская область,2022-07-01,15.00362128200708,-0.386746413724417,-0.0,-0.0,-0.0,62.74135085230586,15.98,14.91937012490437
Ростовская область,2022-08-01,13.03284952122959,-1.1110066252555733,-0.0,-0.0,-0.0,63.1961391850931,15.31999999999999,14.68782562568583
Ростовская область,2022-09-01,12.85776492783963,1.7547062341946287,0.0,0.0,0.0,62.99426863943832,14.76000000000001,14.73145059800243
Ростовская область,2022-10-01,12.61036273408094,1.2482715752793254,0.0,0.0,0.0,63.11724731824775,13.90000000000001,14.7242225283983
Ростовская область,2022-11-01,12.80110142286248,0.32653909912163215,0.0,0.0,0.0,62.24112620403625,12.68000000000001,14.63117771849138
Ростовская область,2022-12-01,12.79593572487524,0.14955653030453497,0.0,0.0,0.0,62.20269541294105,11.92,14.83549631746477
Ростовская область,2023-01-01,12.10200581730736,0.13967960707903515,0.0,0.0,0.0,62.29400992839784,12.12,14.58610130710857
Ростовская область,2023-02-01,13.68826177542799,-1.9472998218897306,-0.0,-0.0,-0.0,61.96115381440772,12.34999999999999,14.7368016623464
Ростовская область,2023-03-01,13.14118834213354,-0.4649545463768856,-0.0,-0.0,-0.0,61.92126931242047,12.04000000000001,14.59330895544655
Ростовская область,2023-04-01,13.11627969069778,-0.5507806832459252,-0.0,-0.0,-0.0,62.34078185315796,5.319999999999993,14.3985711761074
Ростовская область,2023-05-01,12.9652035321162,-0.46521849390664727,-0.0,-0.0,-0.0,61.67809395221391,3.700000000000003,14.23969768753375
Ростовская область,2023-06-01,13.21212625907331,-0.5347109788556779,-0.0,-0.0,-0.0,62.07037894546068,3.019999999999996,13.69049413672794
Ростовская область,2023-07-01,12.95900447812888,-0.5497632155639387,-0.0,-0.0,-0.0,62.47753561661685,3.469999999999999,13.68514233242544
Ростовская область,2023-08-01,12.61354412016027,0.2078297309388475,0.0,0.0,0.0,63.17006360938892,4.290000000000006,13.43353952701427
Ростовская область,2023-09-01,12.43388219299814,2.7050587479091437,0.0,0.0,0.0,64.68012875535095,5.060000000000002,13.36497341457099
Ростовская область,2023-10-01,12.63818660847306,0.8633696772512707,0.0,0.0,0.0,66.18663680628735,6.219999999999999,13.24451991080978
Ростовская область,2023-11-01,13.7662303760188,1.714265038508227,0.0,0.0,0.0,67.30952908543614,6.689999999999998,13.01459106765071
Ростовская область,2023-12-01,14.0841958317104,-1.5282051620880424,-0.0,-0.0,-0.0,67.90510176588084,7.530000000000001,13.04231000603109
Ростовская область,2024-01-01,14.2582542086909,0.6818813931607863,0.0,0.0,0.0,67.83291134602241,7.209999999999994,13.07372415402603
Ростовская область,2024-02-01,18.2044579441621,-1.5559611222700127,-0.0,-0.0,-0.0,67.9432825357173,7.099999999999994,13.15261694711559
Ростовская область,2024-03-01,19.23414379234907,-0.03662363343873665,-0.0,-0.0,-0.0,67.7922681675675,7.290000000000006,13.03512370184746
Ростовская область,2024-04-01,18.16261953484622,-0.07535756412256944,-0.0,-0.0,-0.0,68.23747672424378,7.219999999999999,12.91554056887482
Ростовская область,2024-05-01,17.56136712865442,-1.8174537430626252,-0.0,-0.0,-0.0,67.93645774108404,6.959999999999994,12.87379038106923
Ростовская область,2024-06-01,16.89615931747864,-0.4392507252018447,-0.0,-0.0,-0.0,68.19533497031873,7.640000000000001,12.47872368755364
Ростовская область,2024-07-01,15.58698959338966,-0.5869739684411108,-0.0,-0.0,-0.0,69.19649277780098,8.230000000000004,12.55227564224301
Ростовская область,2024-08-01,19.71708865501604,1.4105522767729113,0.0,0.0,0.0,67.81934569828647,9.090000000000003,11.651865053314
Ростовская область,2024-09-01,19.69294533154808,-1.9115218364399809,-0.0,-0.0,-0.0,67.77598133801632,8.909999999999997,11.62017975710577
Ростовская область,2024-10-01,19.19959927041696,0.667769408390896,0.0,0.0,0.0,67.38815044436623,8.370000000000005,11.61332431595068
Ростовская область,2024-11-01,18.95172385039922,2.039278586154861,0.0,0.0,0.0,67.03668818438268,8.349999999999994,11.48044516527137
Ростовская область,2024-12-01,18.53993506450563,0.34090421830265427,0.0,0.0,0.0,64.18905027214457,8.650000000000006,11.59384348808834
Ростовская область,2025-01-01,17.95943882822479,0.24822008087726388,0.0,0.0,0.0,62.01584738736386,9.459999999999994,12.18387470714223
Ростовская область,2025-02-01,22.93988672643367,0.31653560056003016,0.0,0.0,0.0,59.39731320809211,9.969999999999999,12.17867340076159
Ростовская область,2025-03-01,21.10676212363204,0.41369500741819465,0.0,0.0,0.0,58.55425153878643,10.2,12.42973752013319
Ростовская область,2025-04-01,20.06379472349579,0.5812476727093596,0.0,0.0,0.0,58.03215316571661,10.56999999999999,12.75822065866974
Ростовская область,2025-05-01,17.53521946655063,0.3820181297639742,0.0,0.0,0.0,57.24984990527673,10.66,12.69142682432283
Ростовская область,2025-06-01,18.55612212508393,0.6128194128495359,0.0,0.0,0.0,57.03228384064073,10.38,12.77423662239805
Ростовская область,2025-07-01,18.37028218070531,-0.2977272507310609,-0.0,-0.0,-0.0,56.42219496886113,9.659999999999997,13.2111715108617
Ростовская область,2025-08-01,18.36027802925491,-1.399483474742535,-0.0,-0.0,-0.0,55.70102884045684,8.939999999999998,12.41195722898788
Ростовская область,2025-09-01,17.98190567262574,0.2588989388809786,0.0,0.0,0.0,55.69387893758374,8.290000000000006,12.40524321940442
Ростовская область,2025-10-01,17.10959127691177,-0.43597080805563593,-0.0,-0.0,-0.0,55.47217949053462,8.39,12.43114336069975
Ростовская область,2025-11-01,16.33781795930806,-0.19410526130430839,-0.0,-0.0,-0.0,55.37506308948533,8.239999999999995,12.34368215433626
Ростовская область,2025-12-01,15.72688449516784,0.2813157398373711,0.0,0.0,0.0,55.25037621344347,7.129999999999995,12.59485590519126
Рязанская область,2019-03-01,13.19690046056029,0.7128714995200838,0.0,0.0,0.0,56.82404778562514,6.959999999999994,13.68661422535761
Рязанская область,2019-04-01,13.48956508212207,0.6911493920479934,0.0,0.0,0.0,57.62317692425714,6.560000000000002,13.71999272164872
Рязанская область,2019-05-01,13.71224602508161,0.45783100689424217,0.0,0.0,0.0,60.0865312675683,6.25,13.57474050377068
Рязанская область,2019-06-01,13.82247322088695,0.5041451542673663,0.0,0.0,0.0,60.78007821866045,5.719999999999999,13.51101844447477
Рязанская область,2019-07-01,13.52454333073147,0.14629311794748645,0.0,0.0,0.0,61.31127844216992,4.829999999999998,13.29828490097175
Рязанская область,2019-08-01,13.60265949422715,0.061654111534494405,0.0,0.0,0.0,58.91343869695932,5.340000000000003,13.51978459187512
Рязанская область,2019-09-01,13.25463741881497,0.2864871600654304,0.0,0.0,0.0,59.50445138737622,5.040000000000006,13.55144163646929
Рязанская область,2019-10-01,12.94612364922912,0.199118629193201,0.0,0.0,0.0,60.1219075399524,4.349999999999994,13.72718066597631
Рязанская область,2019-11-01,12.8759599871275,-0.3451712223245451,-0.0,-0.0,-0.0,59.2748968096255,4.310000000000002,13.62627383509849
Рязанская область,2019-12-01,12.5694514100959,-0.11071296164861266,-0.0,-0.0,-0.0,59.72439148009791,3.849999999999994,13.64234704176932
Рязанская область,2020-01-01,12.20624224280851,0.4934187707708695,0.0,0.0,0.0,59.64863965881144,2.890000000000001,13.55975058606063
Рязанская область,2020-02-01,12.68318535121928,0.717717316165718,0.0,0.0,0.0,65.11525640637771,2.099999999999994,13.51216672931835
Рязанская область,2020-03-01,12.45407157859236,0.5448138582658153,0.0,0.0,0.0,65.35602135782864,2.019999999999996,13.63934877933845
Рязанская область,2020-04-01,12.20806654093524,0.24910450663146122,0.0,0.0,0.0,65.85157673004738,2.420000000000002,13.34840524609286
Рязанская область,2020-05-01,11.67076356620923,0.12930980432325967,0.0,0.0,0.0,65.00253796373758,3.530000000000001,14.16816994145579
Рязанская область,2020-06-01,11.50182151486234,0.4216232562547013,0.0,0.0,0.0,64.99956999764025,3.540000000000006,14.17288061299087
Рязанская область,2020-07-01,11.60708635539616,-1.5016319110366503,-0.0,-0.0,-0.0,65.04105190110705,4.230000000000004,14.32825677310828
Рязанская область,2020-08-01,11.00475615139194,-0.8645661305373835,-0.0,-0.0,-0.0,61.46959124452965,4.079999999999998,14.3208658942282
Рязанская область,2020-09-01,10.67273174382167,-0.7937016241842549,-0.0,-0.0,-0.0,62.43594141725818,4.230000000000004,14.18174501793963
Рязанская область,2020-10-01,10.64129044205466,-1.2364929674992595,-0.0,-0.0,-0.0,62.93050082162846,4.439999999999998,14.38105828706942
Рязанская область,2020-11-01,10.16284699969493,-1.3589786818048175,-0.0,-0.0,-0.0,66.59615596554525,4.530000000000001,13.80941807410317
Рязанская область,2020-12-01,10.42903739985486,-1.7089361724181273,-0.0,-0.0,-0.0,66.82299374409547,5.200000000000003,13.97137558098435
Рязанская область,2021-01-01,10.0610197058173,3.0895976215913166,0.0,0.0,0.0,66.94173113578698,6.010000000000005,14.0029806945166
Рязанская область,2021-02-01,10.99481085989631,-0.05176615786507455,-0.0,-0.0,-0.0,65.77299454574327,6.319999999999993,14.02887410248552
Рязанская область,2021-03-01,10.54107870124237,-0.6104025253424652,-0.0,-0.0,-0.0,66.16589529401826,7.099999999999994,13.99298143879313
Рязанская область,2021-04-01,10.55362454383208,-0.5967440618905293,-0.0,-0.0,-0.0,66.83013661215679,7.109999999999999,14.08261053608802
Рязанская область,2021-05-01,10.5099169607933,-0.241937869195743,-0.0,-0.0,-0.0,71.0147130286694,6.439999999999998,14.17490121501011
Рязанская область,2021-06-01,10.83330160967182,-0.7676306960714552,-0.0,-0.0,-0.0,71.49272421855184,6.900000000000006,13.61499742431907
Рязанская область,2021-07-01,10.30684844527392,0.08560806359759354,0.0,0.0,0.0,72.28469279740679,7.060000000000002,13.99583351972586
Рязанская область,2021-08-01,11.04794048234645,0.3090771946763784,0.0,0.0,0.0,69.59216598844495,7.0,13.82586261804098
Рязанская область,2021-09-01,11.17168658499858,-0.6460537301930689,-0.0,-0.0,-0.0,70.18048294124223,7.299999999999997,13.73670349641271
Рязанская область,2021-10-01,10.94537124979712,-0.6175372517280238,-0.0,-0.0,-0.0,70.62011988253883,8.060000000000002,13.8001555473548
Рязанская область,2021-11-01,10.96461648601911,-0.12114037446266934,-0.0,-0.0,-0.0,70.52313907801702,9.180000000000007,13.74689636565552
Рязанская область,2021-12-01,11.24152178941015,-0.26721650241728057,-0.0,-0.0,-0.0,70.20631689793163,9.150000000000006,13.59934432252694
Рязанская область,2022-01-01,10.99580008501834,0.27464209751393653,0.0,0.0,0.0,70.42426602731385,9.200000000000003,13.57622779959034
Рязанская область,2022-02-01,11.99948741979367,-0.3501956198858558,-0.0,-0.0,-0.0,71.47162423670045,9.540000000000006,13.03893395918164
Рязанская область,2022-03-01,11.85108033254564,4.941478356719127,0.0,0.0,0.0,72.123362807083,9.719999999999999,13.40839506364425
Рязанская область,2022-04-01,11.69869061804629,1.4923126339086181,0.0,0.0,0.0,71.3174866767097,16.84,14.27693233527321
Рязанская область,2022-05-01,16.11162382885677,-1.244790623444267,-0.0,-0.0,-0.0,68.44109122527378,18.03,14.10888405886347
Рязанская область,2022-06-01,16.18892054715803,-3.118179668249544,-0.0,-0.0,-0.0,67.55646224674224,17.69,14.20969672829724
Рязанская область,2022-07-01,15.06071043981966,-0.386746413724417,-0.0,-0.0,-0.0,67.00006455306988,16.23,14.80731422607534
Рязанская область,2022-08-01,13.19132960588194,-1.1110066252555733,-0.0,-0.0,-0.0,66.68805406148716,15.51000000000001,14.55791357910361
Рязанская область,2022-09-01,12.71965906789601,1.7547062341946287,0.0,0.0,0.0,66.60994219771908,14.58,14.57782041263532
Рязанская область,2022-10-01,12.37193307583985,1.2482715752793254,0.0,0.0,0.0,67.08531520673661,14.14,14.55599956664839
Рязанская область,2022-11-01,12.69766841568004,0.32653909912163215,0.0,0.0,0.0,67.29585654297881,12.68000000000001,14.4288291121607
Рязанская область,2022-12-01,12.48864455409748,0.14955653030453497,0.0,0.0,0.0,67.31365381597625,11.75,14.66058094050343
Рязанская область,2023-01-01,11.09208415800147,0.13967960707903515,0.0,0.0,0.0,67.6750392775121,12.13,14.41206814894258
Рязанская область,2023-02-01,13.33030936451869,-1.9472998218897306,-0.0,-0.0,-0.0,68.41452566771864,11.90000000000001,14.55328404146024
Рязанская область,2023-03-01,12.57262408448213,-0.4649545463768856,-0.0,-0.0,-0.0,68.36058521760233,10.94,14.40980383208044
Рязанская область,2023-04-01,12.79414536998736,-0.5507806832459252,-0.0,-0.0,-0.0,68.89627005708705,3.780000000000001,14.17642846194172
Рязанская область,2023-05-01,12.9595119104858,-0.46521849390664727,-0.0,-0.0,-0.0,69.5119074381488,2.290000000000006,14.08496713626956
Рязанская область,2023-06-01,13.11538982427609,-0.5347109788556779,-0.0,-0.0,-0.0,69.74732569410148,2.090000000000003,13.4324232518712
Рязанская область,2023-07-01,12.8824585228449,-0.5497632155639387,-0.0,-0.0,-0.0,70.25188615970018,3.189999999999998,13.4426345208884
Рязанская область,2023-08-01,12.85048601491328,0.2078297309388475,0.0,0.0,0.0,70.6859630928855,4.150000000000006,13.15797886918072
Рязанская область,2023-09-01,12.35021181678005,2.7050587479091437,0.0,0.0,0.0,71.79941034812688,4.810000000000002,13.03302631700907
Рязанская область,2023-10-01,12.27125717464718,0.8633696772512707,0.0,0.0,0.0,73.1004323986387,5.829999999999998,12.92699139352582
Рязанская область,2023-11-01,13.50537544593601,1.714265038508227,0.0,0.0,0.0,73.71980722154672,6.579999999999998,12.70624158387656
Рязанская область,2023-12-01,13.63625954097508,-1.5282051620880424,-0.0,-0.0,-0.0,73.77086924533766,7.299999999999997,12.76561880639284
Рязанская область,2024-01-01,13.56819615213256,0.6818813931607863,0.0,0.0,0.0,72.63949922239644,6.510000000000005,12.80329954979475
Рязанская область,2024-02-01,16.92620556967361,-1.5559611222700127,-0.0,-0.0,-0.0,72.45665852182333,6.680000000000007,12.88459186028128
Рязанская область,2024-03-01,18.24311776526766,-0.03662363343873665,-0.0,-0.0,-0.0,71.93474970809,7.030000000000001,12.80021590830832
Рязанская область,2024-04-01,17.7995466508253,-0.07535756412256944,-0.0,-0.0,-0.0,71.69207844568564,6.930000000000007,12.70486956718421
Рязанская область,2024-05-01,17.06724874031558,-1.8174537430626252,-0.0,-0.0,-0.0,71.88695817905804,7.390000000000001,12.69453281401596
Рязанская область,2024-06-01,16.68318204521123,-0.4392507252018447,-0.0,-0.0,-0.0,71.98941323494819,7.870000000000005,12.30134737105646
Рязанская область,2024-07-01,14.57782899809785,-0.5869739684411108,-0.0,-0.0,-0.0,73.0943467035382,7.980000000000004,12.37201400548919
Рязанская область,2024-08-01,18.94116651938629,1.4105522767729113,0.0,0.0,0.0,72.1779749614673,8.469999999999999,11.4121886222579
Рязанская область,2024-09-01,19.80437791078028,-1.9115218364399809,-0.0,-0.0,-0.0,71.75118017396768,8.86,11.37078745818703
Рязанская область,2024-10-01,19.46542530661058,0.667769408390896,0.0,0.0,0.0,70.9087323201825,7.829999999999998,11.38625069214231
Рязанская область,2024-11-01,19.31889846980028,2.039278586154861,0.0,0.0,0.0,69.83261216741283,7.739999999999995,11.22019947548199
Рязанская область,2024-12-01,19.35567477971658,0.34090421830265427,0.0,0.0,0.0,66.82987932682728,8.340000000000003,11.37955482511678
Рязанская область,2025-01-01,18.76049311135118,0.24822008087726388,0.0,0.0,0.0,64.55819992398527,9.480000000000004,12.04515542588896
Рязанская область,2025-02-01,23.63217858187289,0.31653560056003016,0.0,0.0,0.0,62.66304866885729,9.700000000000003,12.0298043769671
Рязанская область,2025-03-01,20.73765043628068,0.41369500741819465,0.0,0.0,0.0,61.76962166273641,10.29000000000001,12.32220267233184
Рязанская область,2025-04-01,20.77675507157533,0.5812476727093596,0.0,0.0,0.0,61.22468350168461,10.55,12.60986682914555
Рязанская область,2025-05-01,19.15119703223626,0.3820181297639742,0.0,0.0,0.0,60.45822732116984,10.44,12.53087259976985
Рязанская область,2025-06-01,19.11272065352016,0.6128194128495359,0.0,0.0,0.0,59.95396818666674,10.12,12.60425583428884
Рязанская область,2025-07-01,18.25080155129282,-0.2977272507310609,-0.0,-0.0,-0.0,59.19361202211625,9.819999999999993,13.04862400127707
Рязанская область,2025-08-01,17.63256169808947,-1.399483474742535,-0.0,-0.0,-0.0,58.33217891560896,10.01000000000001,12.2038526691469
Рязанская область,2025-09-01,17.10426932673313,0.2588989388809786,0.0,0.0,0.0,58.52342759801699,9.459999999999994,12.21376343666077
Рязанская область,2025-10-01,16.49421673200241,-0.43597080805563593,-0.0,-0.0,-0.0,58.29818480740708,9.569999999999993,12.28766764906615
Рязанская область,2025-11-01,16.44130891061381,-0.19410526130430839,-0.0,-0.0,-0.0,58.19896748637673,9.519999999999996,12.18116431342069
Рязанская область,2025-12-01,15.80822578312796,0.2813157398373711,0.0,0.0,0.0,58.09862372686305,8.579999999999998,12.45441389419149
Самарская область,2019-03-01,13.44726519828784,0.7128714995200838,0.7128714995200838,0.0,0.0,50.66536576588252,5.379999999999995,13.96969020166916
Самарская область,2019-04-01,13.64192834860057,0.6911493920479934,0.6911493920479934,0.0,0.0,51.21513536520948,5.450000000000003,13.93362571452703
Самарская область,2019-05-01,13.78854522355643,0.45783100689424217,0.45783100689424217,0.0,0.0,51.33026076426211,5.280000000000001,13.82799624383704
Самарская область,2019-06-01,14.04305543214787,0.5041451542673663,0.5041451542673663,0.0,0.0,51.71702652730964,5.239999999999995,13.76402369677279
Самарская область,2019-07-01,13.71786769534605,0.14629311794748645,0.14629311794748645,0.0,0.0,52.02239490452598,4.549999999999997,13.5871524012406
Самарская область,2019-08-01,13.70996679764351,0.061654111534494405,0.061654111534494405,0.0,0.0,52.67547627168363,4.480000000000004,13.75383647547951
Самарская область,2019-09-01,13.35107103151208,0.2864871600654304,0.2864871600654304,0.0,0.0,53.2699704108058,4.239999999999995,13.99354944254979
Самарская область,2019-10-01,13.15910380110466,0.199118629193201,0.199118629193201,0.0,0.0,53.79054467403511,3.819999999999993,14.09538044072238
Самарская область,2019-11-01,13.03244986866438,-0.3451712223245451,-0.3451712223245451,-0.0,-0.0,54.47403400842042,3.689999999999998,13.95451926541953
Самарская область,2019-12-01,12.73166765099213,-0.11071296164861266,-0.11071296164861266,-0.0,-0.0,54.76269617163611,3.560000000000002,13.96268528342891
Самарская область,2020-01-01,12.46660580389764,0.4934187707708695,0.4934187707708695,0.0,0.0,54.66300891076216,3.019999999999996,13.87323014266563
Самарская область,2020-02-01,12.93812974607266,0.717717316165718,0.717717316165718,0.0,0.0,54.32092375405557,2.310000000000002,13.85754397162931
Самарская область,2020-03-01,12.71812200855665,0.5448138582658153,0.5448138582658153,0.0,0.0,54.5025270093239,2.560000000000002,13.9990718572308
Самарская область,2020-04-01,12.26711465300062,0.24910450663146122,0.24910450663146122,0.0,0.0,55.0854063986767,2.709999999999994,13.79485304552419
Самарская область,2020-05-01,12.37860789732917,0.12930980432325967,0.12930980432325967,0.0,0.0,55.15202516672056,3.170000000000002,14.5125986448122
Самарская область,2020-06-01,12.18254610967327,0.4216232562547013,0.4216232562547013,0.0,0.0,55.12946491495399,3.060000000000002,14.44740554275068
Самарская область,2020-07-01,11.90854658542034,-1.5016319110366503,-1.5016319110366503,-0.0,-0.0,55.25067930513165,3.359999999999999,14.61631601429089
Самарская область,2020-08-01,11.38191275012353,-0.8645661305373835,-0.8645661305373835,-0.0,-0.0,54.52119105564569,3.879999999999995,14.55948224098556
Самарская область,2020-09-01,11.18448341063656,-0.7937016241842549,-0.7937016241842549,-0.0,-0.0,55.27870681768764,4.219999999999999,14.50322546106026
Самарская область,2020-10-01,10.81880296382433,-1.2364929674992595,-1.2364929674992595,-0.0,-0.0,55.79688984660557,4.349999999999994,14.68049212850326
Самарская область,2020-11-01,10.54679381921494,-1.3589786818048175,-1.3589786818048175,-0.0,-0.0,56.0266823999179,4.629999999999995,14.14868911882905
Самарская область,2020-12-01,10.85171597588053,-1.7089361724181273,-1.7089361724181273,-0.0,-0.0,55.7164623630449,5.120000000000005,14.29515688207349
Самарская область,2021-01-01,10.51862384345422,3.0895976215913166,3.0895976215913166,0.0,0.0,55.53673814041936,5.560000000000002,14.25681178614399
Самарская область,2021-02-01,11.25834529124516,-0.05176615786507455,-0.05176615786507455,-0.0,-0.0,56.09334118442081,5.780000000000001,14.28073129777809
Самарская область,2021-03-01,10.71160064895627,-0.6104025253424652,-0.6104025253424652,-0.0,-0.0,56.54066307240713,6.170000000000002,14.25740888291217
Самарская область,2021-04-01,10.69943609639056,-0.5967440618905293,-0.5967440618905293,-0.0,-0.0,57.10896915695771,6.5,14.31135636221552
Самарская область,2021-05-01,10.66936169789639,-0.241937869195743,-0.241937869195743,-0.0,-0.0,57.58468063707339,6.400000000000006,14.39026993366833
Самарская область,2021-06-01,10.97714412182366,-0.7676306960714552,-0.7676306960714552,-0.0,-0.0,58.22687408318674,6.900000000000006,13.9058987796894
Самарская область,2021-07-01,10.77720351939842,0.08560806359759354,0.08560806359759354,0.0,0.0,58.72665653021784,7.260000000000005,14.28794040812387
Самарская область,2021-08-01,11.19988078239746,0.3090771946763784,0.3090771946763784,0.0,0.0,58.49726065959773,7.010000000000005,14.16035883513442
Самарская область,2021-09-01,11.29640255346048,-0.6460537301930689,-0.6460537301930689,-0.0,-0.0,59.24324551670669,7.140000000000001,14.08486048289774
Самарская область,2021-10-01,11.27841553159069,-0.6175372517280238,-0.6175372517280238,-0.0,-0.0,59.48618396829919,8.099999999999994,14.06833588641778
Самарская область,2021-11-01,11.45298106533435,-0.12114037446266934,-0.12114037446266934,-0.0,-0.0,61.23321749131517,8.959999999999994,14.03845416338667
Самарская область,2021-12-01,11.57803049333067,-0.26721650241728057,-0.26721650241728057,-0.0,-0.0,60.83885877681033,8.829999999999998,13.891587106529
Самарская область,2022-01-01,11.30544443943157,0.27464209751393653,0.27464209751393653,0.0,0.0,60.40094062133442,8.819999999999993,13.83469741707665
Самарская область,2022-02-01,12.10727619226532,-0.3501956198858558,-0.3501956198858558,-0.0,-0.0,60.58194687376767,9.319999999999993,13.31925659916617
Самарская область,2022-03-01,11.89248607725921,4.941478356719127,4.941478356719127,0.0,0.0,60.96621712267542,9.170000000000002,13.82210892066053
Самарская область,2022-04-01,12.26327843796153,1.4923126339086181,1.4923126339086181,0.0,0.0,59.86689209711121,16.68000000000001,14.60788638352953
Самарская область,2022-05-01,17.2169853305988,-1.244790623444267,-1.244790623444267,-0.0,-0.0,58.47154431424569,17.79000000000001,14.39833249078681
Самарская область,2022-06-01,17.30118539345881,-3.118179668249544,-3.118179668249544,-0.0,-0.0,57.70748583446432,17.34999999999999,14.54778307893126
Самарская область,2022-07-01,15.35220900885141,-0.386746413724417,-0.386746413724417,-0.0,-0.0,57.44370750404909,16.48999999999999,15.21870332646069
Самарская область,2022-08-01,13.74264572118416,-1.1110066252555733,-1.1110066252555733,-0.0,-0.0,57.15532556394409,15.8,14.95382744127006
Самарская область,2022-09-01,13.33399713877252,1.7547062341946287,1.7547062341946287,0.0,0.0,56.79673278241658,15.18000000000001,14.96517742522321
Самарская область,2022-10-01,12.86152849876509,1.2482715752793254,1.2482715752793254,0.0,0.0,56.99173377431475,14.38,14.93677765537512
Самарская область,2022-11-01,13.02148251591452,0.32653909912163215,0.32653909912163215,0.0,0.0,56.87399329230005,13.0,14.82565702695508
Самарская область,2022-12-01,13.42807068807856,0.14955653030453497,0.14955653030453497,0.0,0.0,56.86829863062324,12.17,14.97688436594509
Самарская область,2023-01-01,12.82967071726376,0.13967960707903515,0.13967960707903515,0.0,0.0,56.77352664178675,12.66,14.72064670060942
Самарская область,2023-02-01,14.33643975038777,-1.9472998218897306,-1.9472998218897306,-0.0,-0.0,56.59826585295745,12.16,14.89158107607048
Самарская область,2023-03-01,13.4148856513934,-0.4649545463768856,-0.4649545463768856,-0.0,-0.0,56.26294920452415,11.90000000000001,14.72890752655031
Самарская область,2023-04-01,13.41035905749452,-0.5507806832459252,-0.5507806832459252,-0.0,-0.0,56.7140029396381,4.120000000000005,14.52521611392816
Самарская область,2023-05-01,13.2383368990501,-0.46521849390664727,-0.46521849390664727,-0.0,-0.0,57.3195760537584,2.920000000000002,14.35840965564536
Самарская область,2023-06-01,13.58972067571471,-0.5347109788556779,-0.5347109788556779,-0.0,-0.0,57.47287729428633,3.230000000000004,13.78473738523597
Самарская область,2023-07-01,13.25987251901392,-0.5497632155639387,-0.5497632155639387,-0.0,-0.0,57.97597162178215,4.079999999999998,13.74960812984197
Самарская область,2023-08-01,13.09652764662323,0.2078297309388475,0.2078297309388475,0.0,0.0,56.66872242481772,4.969999999999999,13.48521150082848
Самарская область,2023-09-01,12.88995720285616,2.7050587479091437,2.7050587479091437,0.0,0.0,57.70016339574791,5.450000000000003,13.43412258987685
Самарская область,2023-10-01,13.03184817942453,0.8633696772512707,0.8633696772512707,0.0,0.0,58.67940678370389,6.219999999999999,13.30325942539564
Самарская область,2023-11-01,14.32762165235971,1.714265038508227,1.714265038508227,0.0,0.0,59.79032159533241,6.709999999999994,13.08418051495928
Самарская область,2023-12-01,14.77950044543911,-1.5282051620880424,-1.5282051620880424,-0.0,-0.0,59.94515654030415,7.959999999999994,13.09202893932233
Самарская область,2024-01-01,14.89618709188392,0.6818813931607863,0.6818813931607863,0.0,0.0,58.65243134570412,7.489999999999995,13.10450500947835
Самарская область,2024-02-01,18.61512300909362,-1.5559611222700127,-1.5559611222700127,-0.0,-0.0,58.8253202391619,7.609999999999999,13.17479557095801
Самарская область,2024-03-01,19.5426410145276,-0.03662363343873665,-0.03662363343873665,-0.0,-0.0,58.46841839707696,7.700000000000003,13.04608959425184
Самарская область,2024-04-01,18.15133455417187,-0.07535756412256944,-0.07535756412256944,-0.0,-0.0,57.92808567286448,7.510000000000005,12.92000138733747
Самарская область,2024-05-01,18.14521632032819,-1.8174537430626252,-1.8174537430626252,-0.0,-0.0,58.15621878321075,7.709999999999994,12.8839362731716
Самарская область,2024-06-01,17.82954111216457,-0.4392507252018447,-0.4392507252018447,-0.0,-0.0,58.41551754515972,8.010000000000005,12.50007695230716
Самарская область,2024-07-01,17.05175199535663,-0.5869739684411108,-0.5869739684411108,-0.0,-0.0,58.80628035543308,8.299999999999997,12.58491400739885
Самарская область,2024-08-01,20.32269606167063,1.4105522767729113,1.4105522767729113,0.0,0.0,58.17610063863457,8.939999999999998,11.71665895321556
Самарская область,2024-09-01,20.68041557348283,-1.9115218364399809,-1.9115218364399809,-0.0,-0.0,58.17957107788207,9.099999999999994,11.71188879938205
Самарская область,2024-10-01,20.13940953073679,0.667769408390896,0.667769408390896,0.0,0.0,57.48556933029848,8.280000000000001,11.71826051794492
Самарская область,2024-11-01,20.77139526862124,2.039278586154861,2.039278586154861,0.0,0.0,55.84196305755827,8.439999999999998,11.56255302777108
Самарская область,2024-12-01,21.34445775963125,0.34090421830265427,0.34090421830265427,0.0,0.0,53.23748237693582,8.980000000000004,11.72085548229818
Самарская область,2025-01-01,20.46484873540043,0.24822008087726388,0.24822008087726388,0.0,0.0,51.0333542665073,9.769999999999996,12.31793399148575
Самарская область,2025-02-01,23.93868731273455,0.31653560056003016,0.31653560056003016,0.0,0.0,49.90515538085953,10.26000000000001,12.33733607106062
Самарская область,2025-03-01,22.69928489733919,0.41369500741819465,0.41369500741819465,0.0,0.0,49.0090906816411,10.79000000000001,12.62609931935682
Самарская область,2025-04-01,22.66820932702713,0.5812476727093596,0.5812476727093596,0.0,0.0,48.76660131160603,11.28,12.89563311986037
Самарская область,2025-05-01,20.7936051577298,0.3820181297639742,0.3820181297639742,0.0,0.0,48.66898107385214,11.2,12.80630860335581
Самарская область,2025-06-01,20.51488038968261,0.6128194128495359,0.6128194128495359,0.0,0.0,48.16522559613899,10.98999999999999,12.87849215146751
Самарская область,2025-07-01,20.48749513508247,-0.2977272507310609,-0.2977272507310609,-0.0,-0.0,47.50783671791275,10.31999999999999,13.34992198782397
Самарская область,2025-08-01,19.51183343075806,-1.399483474742535,-1.399483474742535,-0.0,-0.0,46.7335763131348,9.989999999999995,12.51178274211597
Самарская область,2025-09-01,18.57078028703956,0.2588989388809786,0.2588989388809786,0.0,0.0,46.71954914701858,9.349999999999994,12.53504162794909
Самарская область,2025-10-01,17.84302768972091,-0.43597080805563593,-0.43597080805563593,-0.0,-0.0,46.67526044739819,9.86,12.5211289077326
Самарская область,2025-11-01,17.97135987862613,-0.19410526130430839,-0.19410526130430839,-0.0,-0.0,46.50278847612331,9.689999999999998,12.40525724180599
Самарская область,2025-12-01,18.25345376362617,0.2813157398373711,0.2813157398373711,0.0,0.0,46.35835254164954,8.209999999999994,12.65003150411817
Саратовская область,2019-03-01,13.65584934137047,0.7128714995200838,0.0,0.0,0.0,55.86582472570127,5.469999999999999,13.7270964221375
Саратовская область,2019-04-01,13.92638588556722,0.6911493920479934,0.0,0.0,0.0,56.47468181895683,5.5,13.74339824033308
Саратовская область,2019-05-01,14.01896085070086,0.45783100689424217,0.0,0.0,0.0,58.73568024845721,5.700000000000003,13.64413500351126
Саратовская область,2019-06-01,14.19911269592334,0.5041451542673663,0.0,0.0,0.0,59.54632110929071,5.689999999999998,13.58362998101754
Саратовская область,2019-07-01,13.9175562921709,0.14629311794748645,0.0,0.0,0.0,60.30496194308132,4.900000000000006,13.35499974323901
Саратовская область,2019-08-01,13.83513781127838,0.061654111534494405,0.0,0.0,0.0,58.73260207485094,4.579999999999998,13.58545415586802
Саратовская область,2019-09-01,13.58242313613391,0.2864871600654304,0.0,0.0,0.0,59.61748916312436,3.969999999999999,13.71263890073405
Саратовская область,2019-10-01,13.399020261285,0.199118629193201,0.0,0.0,0.0,60.34257744859184,3.560000000000002,13.86286897129855
Саратовская область,2019-11-01,13.21153651796345,-0.3451712223245451,-0.0,-0.0,-0.0,60.3411952462641,3.239999999999995,13.74534401940145
Саратовская область,2019-12-01,12.87536530057282,-0.11071296164861266,-0.0,-0.0,-0.0,60.42885195189053,2.930000000000007,13.77259651614626
Саратовская область,2020-01-01,12.58450054784755,0.4934187707708695,0.0,0.0,0.0,60.12232928427335,2.530000000000001,13.67724698170465
Саратовская область,2020-02-01,13.08074751131458,0.717717316165718,0.0,0.0,0.0,62.49002510620873,2.010000000000005,13.66596650010888
Саратовская область,2020-03-01,12.71906607237744,0.5448138582658153,0.0,0.0,0.0,62.34715653712772,2.129999999999995,13.77909104290897
Саратовская область,2020-04-01,12.42114948276297,0.24910450663146122,0.0,0.0,0.0,62.60003003222025,2.670000000000002,13.4970663546565
Саратовская область,2020-05-01,12.37823317264708,0.12930980432325967,0.0,0.0,0.0,61.58311236189719,3.650000000000006,14.25847042571286
Саратовская область,2020-06-01,12.24437991433389,0.4216232562547013,0.0,0.0,0.0,60.82931426680786,3.760000000000005,14.21940857825614
Саратовская область,2020-07-01,11.94976743560951,-1.5016319110366503,-0.0,-0.0,-0.0,60.53042858288281,4.359999999999999,14.3711228036442
Саратовская область,2020-08-01,11.44925932770262,-0.8645661305373835,-0.0,-0.0,-0.0,60.46426547242456,4.680000000000007,14.33772224981507
Саратовская область,2020-09-01,11.22561075935837,-0.7937016241842549,-0.0,-0.0,-0.0,60.68807459257975,4.959999999999994,14.23649428858386
Саратовская область,2020-10-01,10.85663279673859,-1.2364929674992595,-0.0,-0.0,-0.0,60.66402392019914,5.25,14.44311997290068
Саратовская область,2020-11-01,10.55959162144546,-1.3589786818048175,-0.0,-0.0,-0.0,60.73739668736001,5.620000000000005,13.86465815810516
Саратовская область,2020-12-01,10.88686458587427,-1.7089361724181273,-0.0,-0.0,-0.0,60.80781165845796,6.150000000000006,14.02395491653878
Саратовская область,2021-01-01,10.6630403011255,3.0895976215913166,0.0,0.0,0.0,60.33527038649085,6.689999999999998,14.04520773898006
Саратовская область,2021-02-01,11.33723433775042,-0.05176615786507455,-0.0,-0.0,-0.0,60.29400844669096,6.540000000000006,14.04322786106274
Саратовская область,2021-03-01,10.90223636810349,-0.6104025253424652,-0.0,-0.0,-0.0,60.63166736819575,6.650000000000006,14.03084939249428
Саратовская область,2021-04-01,10.79247413975005,-0.5967440618905293,-0.0,-0.0,-0.0,61.38497047321327,6.579999999999998,14.09534698953912
Саратовская область,2021-05-01,10.74832124207557,-0.241937869195743,-0.0,-0.0,-0.0,61.69613739746038,5.840000000000003,14.17046519440283
Саратовская область,2021-06-01,11.18109997496472,-0.7676306960714552,-0.0,-0.0,-0.0,62.2840135608162,6.260000000000005,13.62611886422261
Саратовская область,2021-07-01,10.91153909497374,0.08560806359759354,0.0,0.0,0.0,62.96157791573967,6.079999999999998,14.03479519924245
Саратовская область,2021-08-01,11.44111767328883,0.3090771946763784,0.0,0.0,0.0,63.53642309083944,5.920000000000002,13.88065102521751
Саратовская область,2021-09-01,11.37140492133336,-0.6460537301930689,-0.0,-0.0,-0.0,64.31832573773785,6.069999999999993,13.7896403691092
Саратовская область,2021-10-01,11.24525950578845,-0.6175372517280238,-0.0,-0.0,-0.0,64.787245972594,7.120000000000005,13.8432300580046
Саратовская область,2021-11-01,11.45440136035054,-0.12114037446266934,-0.0,-0.0,-0.0,65.17574688205123,8.620000000000005,13.77860724759933
Саратовская область,2021-12-01,11.51322388803095,-0.26721650241728057,-0.0,-0.0,-0.0,64.71118876840559,8.829999999999998,13.64008929107226
Саратовская область,2022-01-01,11.35090235362891,0.27464209751393653,0.0,0.0,0.0,64.69715844666453,8.730000000000004,13.61770463288122
Саратовская область,2022-02-01,12.22685683960975,-0.3501956198858558,-0.0,-0.0,-0.0,63.86333673271207,9.0,13.0811401145327
Саратовская область,2022-03-01,12.01536815010379,4.941478356719127,0.0,0.0,0.0,64.09344252142138,9.170000000000002,13.52892614845686
Саратовская область,2022-04-01,12.4513247307987,1.4923126339086181,0.0,0.0,0.0,63.06826861307663,15.59,14.37659089213371
Саратовская область,2022-05-01,17.27874313572308,-1.244790623444267,-0.0,-0.0,-0.0,60.55859587566774,17.27,14.18908051074635
Саратовская область,2022-06-01,17.28621990078497,-3.118179668249544,-0.0,-0.0,-0.0,59.59164520628324,17.37,14.26389955150249
Саратовская область,2022-07-01,15.63018326596923,-0.386746413724417,-0.0,-0.0,-0.0,59.03052637728081,16.73999999999999,14.91505078989307
Саратовская область,2022-08-01,13.50894202601769,-1.1110066252555733,-0.0,-0.0,-0.0,59.16488835323085,15.51000000000001,14.68345088499729
Саратовская область,2022-09-01,13.20785011171559,1.7547062341946287,0.0,0.0,0.0,58.79775610824844,14.04000000000001,14.71130336267263
Саратовская область,2022-10-01,12.85031755296928,1.2482715752793254,0.0,0.0,0.0,59.09073282066968,13.63,14.70371978620725
Саратовская область,2022-11-01,12.94728019494101,0.32653909912163215,0.0,0.0,0.0,60.46241506215132,11.88,14.59797703687518
Саратовская область,2022-12-01,13.21034436289994,0.14955653030453497,0.0,0.0,0.0,60.53940002393519,11.3,14.77007000622573
Саратовская область,2023-01-01,12.73645113268508,0.13967960707903515,0.0,0.0,0.0,60.05441095448425,11.27,14.52477810146491
Саратовская область,2023-02-01,14.61905135020994,-1.9472998218897306,-0.0,-0.0,-0.0,58.65137587797158,11.42,14.68492457048203
Саратовская область,2023-03-01,13.70694227388683,-0.4649545463768856,-0.0,-0.0,-0.0,58.30821552318868,10.59,14.53098796510503
Саратовская область,2023-04-01,13.68774981357997,-0.5507806832459252,-0.0,-0.0,-0.0,58.64249101059459,3.959999999999994,14.34019885860795
Саратовская область,2023-05-01,13.72305530361581,-0.46521849390664727,-0.0,-0.0,-0.0,58.47533046358227,2.030000000000001,14.24364622634972
Саратовская область,2023-06-01,13.81546370170943,-0.5347109788556779,-0.0,-0.0,-0.0,58.71590068281292,1.739999999999995,13.63844214596113
Саратовская область,2023-07-01,13.70806573760103,-0.5497632155639387,-0.0,-0.0,-0.0,59.15724687833008,2.420000000000002,13.66196837207628
Саратовская область,2023-08-01,13.55600916209081,0.2078297309388475,0.0,0.0,0.0,58.76022974599848,3.719999999999999,13.37805860359814
Саратовская область,2023-09-01,13.21961785074224,2.7050587479091437,0.0,0.0,0.0,59.85519928597434,5.060000000000002,13.27874006042049
Саратовская область,2023-10-01,13.88775607714993,0.8633696772512707,0.0,0.0,0.0,60.7305833917847,5.260000000000005,13.18702375972351
Саратовская область,2023-11-01,14.98168886797528,1.714265038508227,0.0,0.0,0.0,61.15920501601696,5.909999999999997,12.99467409839655
Саратовская область,2023-12-01,15.00652504727362,-1.5282051620880424,-0.0,-0.0,-0.0,61.05580499207154,6.469999999999999,13.0231690080372
Саратовская область,2024-01-01,15.57109492630982,0.6818813931607863,0.0,0.0,0.0,59.70008046336963,6.640000000000001,13.04040655186745
Саратовская область,2024-02-01,19.41244284841248,-1.5559611222700127,-0.0,-0.0,-0.0,59.82984300694226,6.310000000000002,13.10939308233299
Саратовская область,2024-03-01,20.04876491209585,-0.03662363343873665,-0.0,-0.0,-0.0,59.5152912150497,6.829999999999998,13.00300809509567
Саратовская область,2024-04-01,19.02692333267739,-0.07535756412256944,-0.0,-0.0,-0.0,59.60392031468083,6.700000000000003,12.9014372649839
Саратовская область,2024-05-01,19.03703602162945,-1.8174537430626252,-0.0,-0.0,-0.0,59.59642915953115,7.260000000000005,12.87457280589619
Саратовская область,2024-06-01,18.52872634979241,-0.4392507252018447,-0.0,-0.0,-0.0,59.61194436422134,7.340000000000003,12.48843661346822
Саратовская область,2024-07-01,17.38869629358776,-0.5869739684411108,-0.0,-0.0,-0.0,60.06041270603417,7.480000000000004,12.58634561842869
Саратовская область,2024-08-01,20.47718050455867,1.4105522767729113,0.0,0.0,0.0,58.94061759719646,8.010000000000005,11.65828404235144
Саратовская область,2024-09-01,21.01324394010514,-1.9115218364399809,-0.0,-0.0,-0.0,58.78982003194378,8.310000000000002,11.62932358476277
Саратовская область,2024-10-01,20.39993321746859,0.667769408390896,0.0,0.0,0.0,58.18357863120694,8.230000000000004,11.62457722673719
Саратовская область,2024-11-01,20.35207341026807,2.039278586154861,0.0,0.0,0.0,57.27503859661539,7.989999999999995,11.45063280310884
Саратовская область,2024-12-01,20.83992379844712,0.34090421830265427,0.0,0.0,0.0,54.34581215237153,8.61,11.58953366804708
Саратовская область,2025-01-01,20.45938337596001,0.24822008087726388,0.0,0.0,0.0,52.62963198525683,9.200000000000003,12.18845308279302
Саратовская область,2025-02-01,25.54887958618703,0.31653560056003016,0.0,0.0,0.0,50.72545578553742,9.730000000000004,12.18462394407886
Саратовская область,2025-03-01,22.19923013925936,0.41369500741819465,0.0,0.0,0.0,49.89870062079468,9.810000000000002,12.47957608300968
Саратовская область,2025-04-01,23.15982800641365,0.5812476727093596,0.0,0.0,0.0,49.26784536383109,10.3,12.7405532210471
Саратовская область,2025-05-01,21.97249838353703,0.3820181297639742,0.0,0.0,0.0,48.53776572191245,10.40000000000001,12.66295355231514
Саратовская область,2025-06-01,21.04731190767932,0.6128194128495359,0.0,0.0,0.0,48.12934156576585,10.29000000000001,12.73762326773186
Саратовская область,2025-07-01,20.98810857829676,-0.2977272507310609,-0.0,-0.0,-0.0,47.37434198989165,10.27,13.19299119206202
Саратовская область,2025-08-01,20.64239308511237,-1.399483474742535,-0.0,-0.0,-0.0,46.44652475112292,9.819999999999993,12.36008201181105
Саратовская область,2025-09-01,19.77108234946566,0.2588989388809786,0.0,0.0,0.0,46.31184291508008,8.790000000000006,12.38153695576598
Саратовская область,2025-10-01,18.06250242188651,-0.43597080805563593,-0.0,-0.0,-0.0,45.83747644701153,8.5,12.39559606454111
Саратовская область,2025-11-01,18.45072289934895,-0.19410526130430839,-0.0,-0.0,-0.0,45.51307556896486,8.86,12.29859245848858
Саратовская область,2025-12-01,18.40448457878375,0.2813157398373711,0.0,0.0,0.0,45.08250705586984,7.620000000000005,12.55656334188619
Сахалинская область,2019-03-01,13.02063988051691,0.7128714995200838,0.0,0.7128714995200838,0.0,32.18977236604257,3.689999999999998,13.67130199610888
Сахалинская область,2019-04-01,13.10931774614673,0.6911493920479934,0.0,0.6911493920479934,0.0,32.37494950120982,3.709999999999994,13.61044198895399
Сахалинская область,2019-05-01,13.43669097685569,0.45783100689424217,0.0,0.45783100689424217,0.0,32.44146261262554,3.780000000000001,13.52147608056915
Сахалинская область,2019-06-01,13.60697206454629,0.5041451542673663,0.0,0.5041451542673663,0.0,32.7199985967793,3.790000000000006,13.48065720499352
Сахалинская область,2019-07-01,13.43694778742641,0.14629311794748645,0.0,0.14629311794748645,0.0,32.8440280131178,4.060000000000002,13.21615840256133
Сахалинская область,2019-08-01,13.59171079497798,0.061654111534494405,0.0,0.061654111534494405,0.0,33.01448888218094,4.060000000000002,13.48666813461781
Сахалинская область,2019-09-01,13.15734163983621,0.2864871600654304,0.0,0.2864871600654304,0.0,33.28155321966096,3.739999999999995,13.50753548886506
Сахалинская область,2019-10-01,12.98611704335609,0.199118629193201,0.0,0.199118629193201,0.0,33.53303812520767,3.530000000000001,13.72686603823665
Сахалинская область,2019-11-01,12.78046434950313,-0.3451712223245451,-0.0,-0.3451712223245451,-0.0,33.30150824076214,3.230000000000004,13.66542819453284
Сахалинская область,2019-12-01,12.37107076403942,-0.11071296164861266,-0.0,-0.11071296164861266,-0.0,33.44962086254702,3.5,13.69099227765391
Сахалинская область,2020-01-01,11.9240331292114,0.4934187707708695,0.0,0.4934187707708695,0.0,33.3923816767321,3.530000000000001,13.56264777974638
Сахалинская область,2020-02-01,11.9000774669687,0.717717316165718,0.0,0.717717316165718,0.0,33.42713683883287,3.590000000000003,13.54846695564307
Сахалинская область,2020-03-01,11.33104463157072,0.5448138582658153,0.0,0.5448138582658153,0.0,33.66065251981118,3.370000000000005,13.66095328400354
Сахалинская область,2020-04-01,11.65592979394936,0.24910450663146122,0.0,0.24910450663146122,0.0,34.03543403232813,3.549999999999997,13.39244894395422
Сахалинская область,2020-05-01,10.7899093389677,0.12930980432325967,0.0,0.12930980432325967,0.0,34.08232357479354,3.870000000000005,14.32521324305778
Сахалинская область,2020-06-01,11.16452261217879,0.4216232562547013,0.0,0.4216232562547013,0.0,34.1768810839612,3.790000000000006,14.31661288360748
Сахалинская область,2020-07-01,11.00726027648421,-1.5016319110366503,-0.0,-1.5016319110366503,-0.0,34.50417595824042,3.819999999999993,14.47109250880986
Сахалинская область,2020-08-01,10.74904456915028,-0.8645661305373835,-0.0,-0.8645661305373835,-0.0,35.01940067795077,4.150000000000006,14.3694508345816
Сахалинская область,2020-09-01,10.76754452187208,-0.7937016241842549,-0.0,-0.7937016241842549,-0.0,35.65517149233472,4.260000000000005,14.20566591700088
Сахалинская область,2020-10-01,10.5753551468983,-1.2364929674992595,-0.0,-1.2364929674992595,-0.0,36.37574896499753,4.180000000000007,14.40552243536511
Сахалинская область,2020-11-01,10.36125497357933,-1.3589786818048175,-0.0,-1.3589786818048175,-0.0,37.13544785780788,4.280000000000001,13.72262747216489
Сахалинская область,2020-12-01,10.45191614688874,-1.7089361724181273,-0.0,-1.7089361724181273,-0.0,37.47202009473893,5.090000000000003,13.88978627936008
Сахалинская область,2021-01-01,10.32435614254003,3.0895976215913166,0.0,3.0895976215913166,0.0,37.59734578926229,5.0,13.98823588358304
Сахалинская область,2021-02-01,11.026756297918,-0.05176615786507455,-0.0,-0.05176615786507455,-0.0,38.06981058300241,4.75,14.01195864770008
Сахалинская область,2021-03-01,10.11003092073257,-0.6104025253424652,-0.0,-0.6104025253424652,-0.0,38.65040924475519,4.810000000000002,13.9820322094495
Сахалинская область,2021-04-01,10.14350052866556,-0.5967440618905293,-0.0,-0.5967440618905293,-0.0,39.48117602753312,4.530000000000001,14.09992885864293
Сахалинская область,2021-05-01,9.646724651704728,-0.241937869195743,-0.0,-0.241937869195743,-0.0,40.20583073724794,4.420000000000002,14.27630285197105
Сахалинская область,2021-06-01,10.08504643291957,-0.7676306960714552,-0.0,-0.7676306960714552,-0.0,41.30034036019395,4.75,13.59139623444852
Сахалинская область,2021-07-01,9.724966464965672,0.08560806359759354,0.0,0.08560806359759354,0.0,42.53098759611027,4.680000000000007,14.08063117148417
Сахалинская область,2021-08-01,9.922767533870042,0.3090771946763784,0.0,0.3090771946763784,0.0,43.50725424627142,4.709999999999994,13.88310549211477
Сахалинская область,2021-09-01,10.50409866686147,-0.6460537301930689,-0.0,-0.6460537301930689,-0.0,44.50478493037769,5.390000000000001,13.79470392208227
Сахалинская область,2021-10-01,10.48832151155399,-0.6175372517280238,-0.0,-0.6175372517280238,-0.0,45.34643914889548,5.739999999999995,13.90642594997573
Сахалинская область,2021-11-01,10.94823396745913,-0.12114037446266934,-0.0,-0.12114037446266934,-0.0,45.84433551820491,6.099999999999994,13.81368404711771
Сахалинская область,2021-12-01,10.60049810313158,-0.26721650241728057,-0.0,-0.26721650241728057,-0.0,45.85118332480809,5.849999999999994,13.63657814125525
Сахалинская область,2022-01-01,9.97983922806444,0.27464209751393653,0.0,0.27464209751393653,0.0,46.30382472854518,6.200000000000003,13.58196280716992
Сахалинская область,2022-02-01,11.07707633992462,-0.3501956198858558,-0.0,-0.3501956198858558,-0.0,46.61606510312011,6.340000000000003,12.99261143621306
Сахалинская область,2022-03-01,11.14813925187007,4.941478356719127,0.0,4.941478356719127,0.0,46.8565346561549,6.819999999999993,13.14195744467113
Сахалинская область,2022-04-01,10.55626708943983,1.4923126339086181,0.0,1.4923126339086181,0.0,46.66908737475078,13.76000000000001,14.07015504601905
Сахалинская область,2022-05-01,14.08950336710839,-1.244790623444267,-0.0,-1.244790623444267,-0.0,46.21847561819775,15.04000000000001,13.89900015149724
Сахалинская область,2022-06-01,15.97259748356081,-3.118179668249544,-0.0,-3.118179668249544,-0.0,45.73418081991098,15.04000000000001,13.98986877551424
Сахалинская область,2022-07-01,14.58597765661052,-0.386746413724417,-0.0,-0.386746413724417,-0.0,45.71447737248987,15.17,14.71541703391778
Сахалинская область,2022-08-01,13.18925450209042,-1.1110066252555733,-0.0,-1.1110066252555733,-0.0,45.72982729334601,14.29000000000001,14.43092682894531
Сахалинская область,2022-09-01,12.59071087626581,1.7547062341946287,0.0,1.7547062341946287,0.0,45.57656402653333,13.47,14.51345590888565
Сахалинская область,2022-10-01,11.85669455991898,1.2482715752793254,0.0,1.2482715752793254,0.0,45.79252551450401,12.94,14.50334660080902
Сахалинская область,2022-11-01,12.50809804019346,0.32653909912163215,0.0,0.32653909912163215,0.0,46.37027243813969,12.5,14.37656156420963
Сахалинская область,2022-12-01,12.58890597117678,0.14955653030453497,0.0,0.14955653030453497,0.0,46.76685101289988,12.25,14.69620937004158
Сахалинская область,2023-01-01,12.43457547270919,0.13967960707903515,0.0,0.13967960707903515,0.0,46.71708960693674,12.06999999999999,14.4126565839858
Сахалинская область,2023-02-01,14.03427490897991,-1.9472998218897306,-0.0,-1.9472998218897306,-0.0,46.08362984287732,12.31999999999999,14.54221046834971
Сахалинская область,2023-03-01,12.63094831816654,-0.4649545463768856,-0.0,-0.4649545463768856,-0.0,46.0876610248306,11.34999999999999,14.36123078212213
Сахалинская область,2023-04-01,12.52144296854519,-0.5507806832459252,-0.0,-0.5507806832459252,-0.0,46.5972248888617,4.469999999999999,14.17406614356536
Сахалинская область,2023-05-01,12.81015094361561,-0.46521849390664727,-0.0,-0.46521849390664727,-0.0,47.11920343264373,3.180000000000007,14.05014396538489
Сахалинская область,2023-06-01,12.75962938302274,-0.5347109788556779,-0.0,-0.5347109788556779,-0.0,47.70892861575737,3.079999999999998,13.33891030700006
Сахалинская область,2023-07-01,12.57661243384154,-0.5497632155639387,-0.0,-0.5497632155639387,-0.0,48.44491335773308,3.159999999999997,13.34726123336398
Сахалинская область,2023-08-01,12.6462898395933,0.2078297309388475,0.0,0.2078297309388475,0.0,48.80509977747366,4.219999999999999,13.0573655144939
Сахалинская область,2023-09-01,12.60076090034528,2.7050587479091437,0.0,2.7050587479091437,0.0,49.90249109812509,4.930000000000007,12.92620638922198
Сахалинская область,2023-10-01,12.75985019455212,0.8633696772512707,0.0,0.8633696772512707,0.0,50.71294095338388,6.900000000000006,12.8748683432563
Сахалинская область,2023-11-01,13.50410398114099,1.714265038508227,0.0,1.714265038508227,0.0,51.09012002908428,7.609999999999999,12.71392270568331
Сахалинская область,2023-12-01,13.74279898363975,-1.5282051620880424,-0.0,-1.5282051620880424,-0.0,51.30304265924608,7.780000000000001,12.79757407157077
Сахалинская область,2024-01-01,13.42524498463755,0.6818813931607863,0.0,0.6818813931607863,0.0,50.45237836611864,7.439999999999998,12.84711204326823
Сахалинская область,2024-02-01,17.25227308623525,-1.5559611222700127,-0.0,-1.5559611222700127,-0.0,50.9571211365352,7.409999999999997,12.98402755488772
Сахалинская область,2024-03-01,18.70305155098711,-0.03662363343873665,-0.0,-0.03662363343873665,-0.0,50.10564728472468,8.239999999999995,12.83886915970812
Сахалинская область,2024-04-01,17.18976818347127,-0.07535756412256944,-0.0,-0.07535756412256944,-0.0,49.99300923750826,8.39,12.78943131324052
Сахалинская область,2024-05-01,16.86331242687645,-1.8174537430626252,-0.0,-1.8174537430626252,-0.0,49.97246006005277,8.120000000000005,12.76444758747662
Сахалинская область,2024-06-01,17.08268648531074,-0.4392507252018447,-0.0,-0.4392507252018447,-0.0,49.74318838970304,8.170000000000002,12.39113880535424
Сахалинская область,2024-07-01,16.27036355520611,-0.5869739684411108,-0.0,-0.5869739684411108,-0.0,49.95875493351105,8.25,12.53086317953881
Сахалинская область,2024-08-01,17.28714208088119,1.4105522767729113,0.0,1.4105522767729113,0.0,49.32896492420748,8.170000000000002,11.46966155668515
Сахалинская область,2024-09-01,18.60535945868717,-1.9115218364399809,-0.0,-1.9115218364399809,-0.0,49.39010130533776,7.890000000000001,11.40631580622308
Сахалинская область,2024-10-01,18.51533783490436,0.667769408390896,0.0,0.667769408390896,0.0,48.90165327199198,6.379999999999995,11.39310633181517
Сахалинская область,2024-11-01,18.06711177414262,2.039278586154861,0.0,2.039278586154861,0.0,48.13075631443382,6.0,11.27059025741321
Сахалинская область,2024-12-01,19.22629366537763,0.34090421830265427,0.0,0.34090421830265427,0.0,46.87640648622966,6.420000000000002,11.42836253918726
Сахалинская область,2025-01-01,18.13658428373769,0.24822008087726388,0.0,0.24822008087726388,0.0,45.35305639634674,7.150000000000006,12.20592510054603
Сахалинская область,2025-02-01,24.3854545921852,0.31653560056003016,0.0,0.31653560056003016,0.0,44.22046746522999,7.790000000000006,12.19219673247659
Сахалинская область,2025-03-01,19.39509705510956,0.41369500741819465,0.0,0.41369500741819465,0.0,43.92662330864426,8.099999999999994,12.49942164984645
Сахалинская область,2025-04-01,19.4441238168553,0.5812476727093596,0.0,0.5812476727093596,0.0,43.63482520668824,8.519999999999996,12.77881324886447
Сахалинская область,2025-05-01,16.93113090124267,0.3820181297639742,0.0,0.3820181297639742,0.0,43.376837984683,9.200000000000003,12.7219301893404
Сахалинская область,2025-06-01,17.34363907736715,0.6128194128495359,0.0,0.6128194128495359,0.0,43.15220789263838,9.290000000000006,12.87296385905987
Сахалинская область,2025-07-01,16.77547156558284,-0.2977272507310609,-0.0,-0.2977272507310609,-0.0,42.75688533386479,9.090000000000003,13.26637901068943
Сахалинская область,2025-08-01,18.28716505575484,-1.399483474742535,-0.0,-1.399483474742535,-0.0,42.09975376074873,9.439999999999998,12.33097057060972
Сахалинская область,2025-09-01,17.30628314189719,0.2588989388809786,0.0,0.2588989388809786,0.0,42.2254608711436,8.61,12.38730255677447
Сахалинская область,2025-10-01,17.09459718066131,-0.43597080805563593,-0.0,-0.43597080805563593,-0.0,41.99665678261803,8.370000000000005,12.44994338535313
Сахалинская область,2025-11-01,16.25354839170616,-0.19410526130430839,-0.0,-0.19410526130430839,-0.0,41.98875829550717,8.019999999999996,12.38859855902963
Сахалинская область,2025-12-01,17.7191787633596,0.2813157398373711,0.0,0.2813157398373711,0.0,41.76883141210637,7.049999999999997,12.66103270856124
Свердловская область,2019-03-01,13.19510220718148,0.7128714995200838,0.7128714995200838,0.0,0.0,57.50904203553622,4.920000000000002,13.73144642227829
Свердловская область,2019-04-01,13.3557002125097,0.6911493920479934,0.6911493920479934,0.0,0.0,57.96806805999076,4.959999999999994,13.72122198072725
Свердловская область,2019-05-01,13.50892062707432,0.45783100689424217,0.45783100689424217,0.0,0.0,58.86799866686869,5.0,13.57876986718542
Свердловская область,2019-06-01,13.75373637420103,0.5041451542673663,0.5041451542673663,0.0,0.0,59.40814789040058,5.349999999999994,13.53170385804529
Свердловская область,2019-07-01,13.50139537807099,0.14629311794748645,0.14629311794748645,0.0,0.0,59.85925179420432,5.25,13.28545060698093
Свердловская область,2019-08-01,13.3917085347009,0.061654111534494405,0.061654111534494405,0.0,0.0,59.99494629737615,5.129999999999995,13.33113716888951
Свердловская область,2019-09-01,13.05438609315329,0.2864871600654304,0.2864871600654304,0.0,0.0,60.80984506202149,4.920000000000002,13.44204249523805
Свердловская область,2019-10-01,12.90904868999837,0.199118629193201,0.199118629193201,0.0,0.0,61.15139518651051,4.75,13.58020437643889
Свердловская область,2019-11-01,12.7236638198536,-0.3451712223245451,-0.3451712223245451,-0.0,-0.0,59.41496659884957,4.400000000000006,13.48049638380282
Свердловская область,2019-12-01,12.38956117796182,-0.11071296164861266,-0.11071296164861266,-0.0,-0.0,59.73304000100882,4.200000000000003,13.50115041601622
Свердловская область,2020-01-01,12.0289242988165,0.4934187707708695,0.4934187707708695,0.0,0.0,59.84472536097199,3.650000000000006,13.40449948598496
Свердловская область,2020-02-01,12.50612489525571,0.717717316165718,0.717717316165718,0.0,0.0,61.77838098968852,2.670000000000002,13.44268602040006
Свердловская область,2020-03-01,12.3246025575516,0.5448138582658153,0.5448138582658153,0.0,0.0,62.13481158539518,2.310000000000002,13.59645787339868
Свердловская область,2020-04-01,11.93627478238936,0.24910450663146122,0.24910450663146122,0.0,0.0,62.74449733441512,2.5,13.38846448677956
Свердловская область,2020-05-01,11.799090870231,0.12930980432325967,0.12930980432325967,0.0,0.0,61.23751497794513,3.079999999999998,14.15509765827243
Свердловская область,2020-06-01,11.7108559454328,0.4216232562547013,0.4216232562547013,0.0,0.0,61.48657352393546,2.810000000000002,14.08870888379056
Свердловская область,2020-07-01,11.51472245587262,-1.5016319110366503,-1.5016319110366503,-0.0,-0.0,61.92051962134953,2.689999999999998,14.24715644455975
Свердловская область,2020-08-01,11.03980083840018,-0.8645661305373835,-0.8645661305373835,-0.0,-0.0,62.91829995506597,2.819999999999993,14.18171560486807
Свердловская область,2020-09-01,10.78636586037386,-0.7937016241842549,-0.7937016241842549,-0.0,-0.0,63.87960595037493,2.980000000000004,14.10584772517758
Свердловская область,2020-10-01,10.51723544183336,-1.2364929674992595,-1.2364929674992595,-0.0,-0.0,64.71040642904057,3.129999999999995,14.25296206244476
Свердловская область,2020-11-01,10.17249806488279,-1.3589786818048175,-1.3589786818048175,-0.0,-0.0,65.74196913665016,3.409999999999997,13.71774249235654
Свердловская область,2020-12-01,10.40672846212999,-1.7089361724181273,-1.7089361724181273,-0.0,-0.0,65.49069092725432,3.870000000000005,13.86930057352231
Свердловская область,2021-01-01,10.11564095950424,3.0895976215913166,3.0895976215913166,0.0,0.0,65.49498999851514,4.239999999999995,13.88412025430319
Свердловская область,2021-02-01,10.85181817194083,-0.05176615786507455,-0.05176615786507455,-0.0,-0.0,64.81061859733417,5.010000000000005,13.91993331160772
Свердловская область,2021-03-01,10.3814121125196,-0.6104025253424652,-0.6104025253424652,-0.0,-0.0,65.43381125866568,5.719999999999999,13.88920878539015
Свердловская область,2021-04-01,10.29509620751791,-0.5967440618905293,-0.5967440618905293,-0.0,-0.0,66.31235695874282,5.849999999999994,13.97962725669028
Свердловская область,2021-05-01,10.21598022630714,-0.241937869195743,-0.241937869195743,-0.0,-0.0,67.17030418712136,5.260000000000005,14.08340426743345
Свердловская область,2021-06-01,10.56104552556573,-0.7676306960714552,-0.7676306960714552,-0.0,-0.0,67.93287711049824,5.640000000000001,13.58081010646005
Свердловская область,2021-07-01,10.21594310544247,0.08560806359759354,0.08560806359759354,0.0,0.0,68.57114282547244,6.549999999999997,14.02048693229885
Свердловская область,2021-08-01,10.99642005733178,0.3090771946763784,0.3090771946763784,0.0,0.0,69.68111720380263,6.560000000000002,13.91282591563598
Свердловская область,2021-09-01,11.01697244073402,-0.6460537301930689,-0.6460537301930689,-0.0,-0.0,70.38779581795296,6.579999999999998,13.815470681913
Свердловская область,2021-10-01,10.85195144648928,-0.6175372517280238,-0.6175372517280238,-0.0,-0.0,70.691161973347,7.189999999999998,13.80996248047794
Свердловская область,2021-11-01,10.93440674105959,-0.12114037446266934,-0.12114037446266934,-0.0,-0.0,70.66776380926555,8.180000000000007,13.82169832787232
Свердловская область,2021-12-01,11.024839166684,-0.26721650241728057,-0.26721650241728057,-0.0,-0.0,69.89399192983974,8.370000000000005,13.68895534228603
Свердловская область,2022-01-01,10.8844022464879,0.27464209751393653,0.27464209751393653,0.0,0.0,69.6890839316056,8.11,13.65261190690113
Свердловская область,2022-02-01,11.768030552672,-0.3501956198858558,-0.3501956198858558,-0.0,-0.0,70.3256680837541,8.200000000000003,13.11733956602332
Свердловская область,2022-03-01,11.41820052537744,4.941478356719127,4.941478356719127,0.0,0.0,70.71978860692383,8.379999999999995,13.50972955365403
Свердловская область,2022-04-01,10.95008632902584,1.4923126339086181,1.4923126339086181,0.0,0.0,69.99920011015466,16.05,14.31889234168185
Свердловская область,2022-05-01,15.9038544645518,-1.244790623444267,-1.244790623444267,-0.0,-0.0,69.4716447747826,17.66,14.08194341157722
Свердловская область,2022-06-01,16.55693763264908,-3.118179668249544,-3.118179668249544,-0.0,-0.0,68.48604165756362,17.16,14.18064992130937
Свердловская область,2022-07-01,14.78712768370378,-0.386746413724417,-0.386746413724417,-0.0,-0.0,67.899816331612,15.64,14.86894268612001
Свердловская область,2022-08-01,13.09952166088134,-1.1110066252555733,-1.1110066252555733,-0.0,-0.0,66.79063988704112,14.78,14.62959275832644
Свердловская область,2022-09-01,12.57139425385222,1.7547062341946287,1.7547062341946287,0.0,0.0,66.75869096402629,14.27,14.68075979833267
Свердловская область,2022-10-01,12.04450782900839,1.2482715752793254,1.2482715752793254,0.0,0.0,67.0794770658984,13.5,14.6683000051892
Свердловская область,2022-11-01,12.3641031507778,0.32653909912163215,0.32653909912163215,0.0,0.0,67.01265439351158,12.2,14.59392760749303
Свердловская область,2022-12-01,12.3544876446357,0.14955653030453497,0.14955653030453497,0.0,0.0,67.11546124205464,11.59,14.78915861413603
Свердловская область,2023-01-01,11.91880512016468,0.13967960707903515,0.13967960707903515,0.0,0.0,66.68811800717302,11.83,14.55150622414147
Свердловская область,2023-02-01,13.4549362275419,-1.9472998218897306,-1.9472998218897306,-0.0,-0.0,65.98379829050191,11.67,14.73773929931628
Свердловская область,2023-03-01,12.69041973180376,-0.4649545463768856,-0.4649545463768856,-0.0,-0.0,65.81647597110415,11.28,14.59763498093308
Свердловская область,2023-04-01,12.58245979591685,-0.5507806832459252,-0.5507806832459252,-0.0,-0.0,66.37760884711464,3.510000000000005,14.41350407635226
Свердловская область,2023-05-01,12.45731522531616,-0.46521849390664727,-0.46521849390664727,-0.0,-0.0,66.61685394828119,2.280000000000001,14.24887436184693
Свердловская область,2023-06-01,12.84405852427783,-0.5347109788556779,-0.5347109788556779,-0.0,-0.0,67.15099800461964,2.730000000000004,13.65463223015492
Свердловская область,2023-07-01,12.69792151604698,-0.5497632155639387,-0.5497632155639387,-0.0,-0.0,67.74582094687018,3.180000000000007,13.63177825725752
Свердловская область,2023-08-01,12.4447240638742,0.2078297309388475,0.2078297309388475,0.0,0.0,66.0931491674939,4.019999999999996,13.36636860430361
Свердловская область,2023-09-01,12.11348573984663,2.7050587479091437,2.7050587479091437,0.0,0.0,67.55128534781716,4.799999999999997,13.30384655400093
Свердловская область,2023-10-01,12.16419263059641,0.8633696772512707,0.8633696772512707,0.0,0.0,69.0587362241155,5.849999999999994,13.19975725538666
Свердловская область,2023-11-01,13.45711924450118,1.714265038508227,1.714265038508227,0.0,0.0,72.18266254955086,6.480000000000004,13.00522296179663
Свердловская область,2023-12-01,13.36627774864059,-1.5282051620880424,-1.5282051620880424,-0.0,-0.0,72.34837073267649,7.269999999999996,13.0205739879413
Свердловская область,2024-01-01,13.34933510386819,0.6818813931607863,0.6818813931607863,0.0,0.0,71.43449212162646,7.269999999999996,13.06577423226313
Свердловская область,2024-02-01,17.68799704201781,-1.5559611222700127,-1.5559611222700127,-0.0,-0.0,71.16809332570175,7.5,13.17272316166348
Свердловская область,2024-03-01,18.54020674793717,-0.03662363343873665,-0.03662363343873665,-0.0,-0.0,70.46191808122528,7.519999999999996,13.01663339592029
Свердловская область,2024-04-01,17.08391114253739,-0.07535756412256944,-0.07535756412256944,-0.0,-0.0,70.62938969106382,7.819999999999993,12.89570161139259
Свердловская область,2024-05-01,16.95482356695769,-1.8174537430626252,-1.8174537430626252,-0.0,-0.0,69.80137696453266,7.700000000000003,12.86320086793999
Свердловская область,2024-06-01,16.36549789008492,-0.4392507252018447,-0.4392507252018447,-0.0,-0.0,69.82020548018072,7.859999999999999,12.45286265377938
Свердловская область,2024-07-01,15.24778010883508,-0.5869739684411108,-0.5869739684411108,-0.0,-0.0,70.57259677219942,8.489999999999995,12.55550903407282
Свердловская область,2024-08-01,19.51300162866229,1.4105522767729113,1.4105522767729113,0.0,0.0,69.73604462240137,9.090000000000003,11.69261461250799
Свердловская область,2024-09-01,19.7107860258023,-1.9115218364399809,-1.9115218364399809,-0.0,-0.0,69.2649916683308,8.709999999999994,11.67914726818212
Свердловская область,2024-10-01,18.87235570860365,0.667769408390896,0.667769408390896,0.0,0.0,68.32851748195917,8.409999999999997,11.71903400556228
Свердловская область,2024-11-01,18.86277283396739,2.039278586154861,2.039278586154861,0.0,0.0,65.96342206052029,8.530000000000001,11.56651292325122
Свердловская область,2024-12-01,19.34327269682737,0.34090421830265427,0.34090421830265427,0.0,0.0,63.75208400908669,9.170000000000002,11.70297676078612
Свердловская область,2025-01-01,17.33471207942382,0.24822008087726388,0.24822008087726388,0.0,0.0,61.95641056516351,10.02,12.31607812780059
Свердловская область,2025-02-01,22.09385193159288,0.31653560056003016,0.31653560056003016,0.0,0.0,63.1880132378086,10.59999999999999,12.33336470327481
Свердловская область,2025-03-01,20.56210875371962,0.41369500741819465,0.41369500741819465,0.0,0.0,62.21799231871451,11.2,12.61829831510394
Свердловская область,2025-04-01,21.11896121136823,0.5812476727093596,0.5812476727093596,0.0,0.0,61.41804535749847,11.36,12.9213288566666
Свердловская область,2025-05-01,19.84846585115044,0.3820181297639742,0.3820181297639742,0.0,0.0,59.58273745635248,11.22,12.84857957210109
Свердловская область,2025-06-01,20.11233328694474,0.6128194128495359,0.6128194128495359,0.0,0.0,58.97451086593842,10.98,12.96389506495682
Свердловская область,2025-07-01,19.49022296623703,-0.2977272507310609,-0.2977272507310609,-0.0,-0.0,58.19390195606695,10.5,13.4778273506816
Свердловская область,2025-08-01,19.32381279551922,-1.399483474742535,-1.399483474742535,-0.0,-0.0,57.41792491657394,10.48,12.62418988409528
Свердловская область,2025-09-01,18.58332436496296,0.2588989388809786,0.2588989388809786,0.0,0.0,57.53368658702153,9.980000000000004,12.74875850814961
Свердловская область,2025-10-01,17.45065587418277,-0.43597080805563593,-0.43597080805563593,-0.0,-0.0,57.46210464042431,9.709999999999994,12.4361300652652
Свердловская область,2025-11-01,17.26870861974587,-0.19410526130430839,-0.19410526130430839,-0.0,-0.0,57.61563171666693,9.510000000000005,12.33733428370266
Свердловская область,2025-12-01,16.96966138677371,0.2813157398373711,0.2813157398373711,0.0,0.0,57.43454083652734,8.39,12.59041159064561
Смоленская область,2019-03-01,13.36803541572071,0.7128714995200838,0.0,0.0,0.0,56.96664115330051,6.150000000000006,13.5709400971791
Смоленская область,2019-04-01,13.66146856987585,0.6911493920479934,0.0,0.0,0.0,57.3740516734434,5.840000000000003,13.65125637956503
Смоленская область,2019-05-01,13.70607889563042,0.45783100689424217,0.0,0.0,0.0,56.68853588379271,5.680000000000007,13.50662442683217
Смоленская область,2019-06-01,14.02358205653569,0.5041451542673663,0.0,0.0,0.0,57.16046818436784,5.799999999999997,13.47272785579086
Смоленская область,2019-07-01,13.84512933427846,0.14629311794748645,0.0,0.0,0.0,57.50761336396963,4.920000000000002,13.21284221107691
Смоленская область,2019-08-01,13.66644288749242,0.061654111534494405,0.0,0.0,0.0,58.72583648404635,4.530000000000001,13.44272422997991
Смоленская область,2019-09-01,13.48825085549853,0.2864871600654304,0.0,0.0,0.0,59.28978170926901,4.060000000000002,13.51244526164306
Смоленская область,2019-10-01,13.189389518415,0.199118629193201,0.0,0.0,0.0,59.84169745189403,3.670000000000002,13.71222007754522
Смоленская область,2019-11-01,13.14970132428135,-0.3451712223245451,-0.0,-0.0,-0.0,59.34005652703647,3.209999999999994,13.61898482120179
Смоленская область,2019-12-01,12.81012441944218,-0.11071296164861266,-0.0,-0.0,-0.0,59.5709559422049,2.760000000000005,13.63993520024827
Смоленская область,2020-01-01,12.57912718513877,0.4934187707708695,0.0,0.0,0.0,59.68348260979073,2.180000000000007,13.52074283542776
Смоленская область,2020-02-01,12.99475868129408,0.717717316165718,0.0,0.0,0.0,60.10478898358075,1.280000000000001,13.47117217016485
Смоленская область,2020-03-01,12.62609426972023,0.5448138582658153,0.0,0.0,0.0,60.37922889190671,1.269999999999996,13.58346189383485
Смоленская область,2020-04-01,12.43037246215181,0.24910450663146122,0.0,0.0,0.0,60.96026979940137,1.950000000000003,13.29267064761304
Смоленская область,2020-05-01,11.81850714988606,0.12930980432325967,0.0,0.0,0.0,61.64586349094478,3.129999999999995,14.14599612459869
Смоленская область,2020-06-01,11.80105478005869,0.4216232562547013,0.0,0.0,0.0,61.37781611218836,3.090000000000003,14.13224342418489
Смоленская область,2020-07-01,11.77146050990984,-1.5016319110366503,-0.0,-0.0,-0.0,61.51556637348642,3.459999999999994,14.29393693493874
Смоленская область,2020-08-01,11.24784008141746,-0.8645661305373835,-0.0,-0.0,-0.0,62.07886458962313,4.049999999999997,14.25545163805698
Смоленская область,2020-09-01,11.09998512667816,-0.7937016241842549,-0.0,-0.0,-0.0,63.01596154094947,4.010000000000005,14.11394166697436
Смоленская область,2020-10-01,10.74547702791783,-1.2364929674992595,-0.0,-0.0,-0.0,63.68828888438593,3.980000000000004,14.337181233939
Смоленская область,2020-11-01,10.60558595378696,-1.3589786818048175,-0.0,-0.0,-0.0,62.73610246080187,4.489999999999995,13.73623663882881
Смоленская область,2020-12-01,10.63871062645131,-1.7089361724181273,-0.0,-0.0,-0.0,63.0665786372392,4.700000000000003,13.91605427459271
Смоленская область,2021-01-01,10.2750632179265,3.0895976215913166,0.0,0.0,0.0,63.11691113779714,5.409999999999997,13.9513852730789
Смоленская область,2021-02-01,11.18110784331606,-0.05176615786507455,-0.0,-0.0,-0.0,64.10066353586635,5.849999999999994,13.96597999882277
Смоленская область,2021-03-01,10.61904574049228,-0.6104025253424652,-0.0,-0.0,-0.0,64.59606897791596,6.450000000000003,13.93333976783782
Смоленская область,2021-04-01,10.65142553043734,-0.5967440618905293,-0.0,-0.0,-0.0,65.35717916149878,6.25,14.04046542456888
Смоленская область,2021-05-01,10.6169961707442,-0.241937869195743,-0.0,-0.0,-0.0,65.32244685324166,5.739999999999995,14.15768625969625
Смоленская область,2021-06-01,10.93816647718126,-0.7676306960714552,-0.0,-0.0,-0.0,65.86743140613387,6.030000000000001,13.5435256495466
Смоленская область,2021-07-01,10.57943857438134,0.08560806359759354,0.0,0.0,0.0,66.69837659945965,6.359999999999999,13.96060570032666
Смоленская область,2021-08-01,11.32852544972545,0.3090771946763784,0.0,0.0,0.0,66.56755513336694,5.680000000000007,13.78757645299228
Смоленская область,2021-09-01,11.36412983211179,-0.6460537301930689,-0.0,-0.0,-0.0,67.27041539750246,6.400000000000006,13.69045263539786
Смоленская область,2021-10-01,11.20176417579283,-0.6175372517280238,-0.0,-0.0,-0.0,67.75491600573854,7.420000000000002,13.76989609392747
Смоленская область,2021-11-01,11.19529243383467,-0.12114037446266934,-0.0,-0.0,-0.0,69.36504969546118,7.879999999999995,13.70988070124116
Смоленская область,2021-12-01,11.40820524156616,-0.26721650241728057,-0.0,-0.0,-0.0,69.39047406737939,8.569999999999993,13.55407970398899
Смоленская область,2022-01-01,11.28816128951266,0.27464209751393653,0.0,0.0,0.0,69.60045400324073,8.129999999999995,13.53073101147542
Смоленская область,2022-02-01,12.16315239216935,-0.3501956198858558,-0.0,-0.0,-0.0,70.49232639003014,9.099999999999994,12.9760118541656
Смоленская область,2022-03-01,11.99527157776204,4.941478356719127,0.0,0.0,0.0,70.98911435308504,9.590000000000003,13.31877639600761
Смоленская область,2022-04-01,11.72496781619243,1.4923126339086181,0.0,0.0,0.0,69.9148926472956,16.38,14.22654347324325
Смоленская область,2022-05-01,15.99773888273552,-1.244790623444267,-0.0,-0.0,-0.0,66.55916360969316,17.95,14.07772483114822
Смоленская область,2022-06-01,16.49197575059182,-3.118179668249544,-0.0,-0.0,-0.0,65.61518318318245,17.06,14.1935510345097
Смоленская область,2022-07-01,15.05137481859379,-0.386746413724417,-0.0,-0.0,-0.0,64.90345365658213,15.43000000000001,14.7999939643536
Смоленская область,2022-08-01,13.89213190268488,-1.1110066252555733,-0.0,-0.0,-0.0,65.77345971815122,14.73999999999999,14.55795513175827
Смоленская область,2022-09-01,13.09056117430689,1.7547062341946287,0.0,0.0,0.0,65.6081390046364,13.69,14.58741805939311
Смоленская область,2022-10-01,12.72616388823291,1.2482715752793254,0.0,0.0,0.0,65.7371438869702,12.69,14.58381013776057
Смоленская область,2022-11-01,13.34872999792645,0.32653909912163215,0.0,0.0,0.0,64.21734565721748,11.73,14.47924953123294
Смоленская область,2022-12-01,13.06553681866963,0.14955653030453497,0.0,0.0,0.0,64.2010200535723,10.51000000000001,14.75819377249132
Смоленская область,2023-01-01,12.60859910436646,0.13967960707903515,0.0,0.0,0.0,63.84055341974258,10.31,14.51584780603067
Смоленская область,2023-02-01,14.32941919004519,-1.9472998218897306,-0.0,-0.0,-0.0,65.43961213885441,9.540000000000006,14.67696360415129
Смоленская область,2023-03-01,13.45814395203571,-0.4649545463768856,-0.0,-0.0,-0.0,65.08525420304522,8.290000000000006,14.53678969996579
Смоленская область,2023-04-01,13.41797708517705,-0.5507806832459252,-0.0,-0.0,-0.0,65.3975674146409,1.859999999999999,14.33395793456748
Смоленская область,2023-05-01,13.6217468715655,-0.46521849390664727,-0.0,-0.0,-0.0,64.47604710227051,-0.01000000000000512,14.23261522096973
Смоленская область,2023-06-01,14.01097639302353,-0.5347109788556779,-0.0,-0.0,-0.0,64.53854401904925,0.4200000000000017,13.57805341333263
Смоленская область,2023-07-01,13.69518922254201,-0.5497632155639387,-0.0,-0.0,-0.0,64.79463930940184,1.359999999999999,13.59597062828914
Смоленская область,2023-08-01,13.30981680662737,0.2078297309388475,0.0,0.0,0.0,65.03867216085499,2.439999999999998,13.32160454012954
Смоленская область,2023-09-01,13.2299950210039,2.7050587479091437,0.0,0.0,0.0,65.89945508519797,3.140000000000001,13.20628304218046
Смоленская область,2023-10-01,13.42661818684853,0.8633696772512707,0.0,0.0,0.0,66.70484357559441,4.629999999999995,13.11535298866492
Смоленская область,2023-11-01,15.0690873254996,1.714265038508227,0.0,0.0,0.0,68.84456077975055,5.170000000000002,12.88290875299906
Смоленская область,2023-12-01,15.28855205379527,-1.5282051620880424,-0.0,-0.0,-0.0,68.36759943751936,6.430000000000007,12.92394514120657
Смоленская область,2024-01-01,14.77282334289905,0.6818813931607863,0.0,0.0,0.0,67.14147191659139,7.049999999999997,12.9480663430544
Смоленская область,2024-02-01,18.8051913370992,-1.5559611222700127,-0.0,-0.0,-0.0,69.25514641441539,7.120000000000005,13.04142222146686
Смоленская область,2024-03-01,19.90031686405404,-0.03662363343873665,-0.0,-0.0,-0.0,68.76574949436478,7.870000000000005,12.93439213176532
Смоленская область,2024-04-01,19.23309582250075,-0.07535756412256944,-0.0,-0.0,-0.0,68.64530668620264,7.400000000000006,12.84598087454914
Смоленская область,2024-05-01,18.55494516674931,-1.8174537430626252,-0.0,-0.0,-0.0,67.14261145228093,7.5,12.84066616854848
Смоленская область,2024-06-01,17.92343135816075,-0.4392507252018447,-0.0,-0.0,-0.0,67.13994724533067,7.659999999999997,12.44177415719741
Смоленская область,2024-07-01,17.10353781482044,-0.5869739684411108,-0.0,-0.0,-0.0,67.46427609655747,8.709999999999994,12.55055350905325
Смоленская область,2024-08-01,20.8923680105284,1.4105522767729113,0.0,0.0,0.0,66.4370241330172,9.730000000000004,11.57771296579709
Смоленская область,2024-09-01,21.03635683885149,-1.9115218364399809,-0.0,-0.0,-0.0,65.87276753808854,9.939999999999998,11.54477586984462
Смоленская область,2024-10-01,21.00093483416373,0.667769408390896,0.0,0.0,0.0,64.92254199517109,8.86,11.56193339850006
Смоленская область,2024-11-01,20.49959583955294,2.039278586154861,0.0,0.0,0.0,61.5033844662705,9.25,11.38960756306287
Смоленская область,2024-12-01,21.09508767123793,0.34090421830265427,0.0,0.0,0.0,58.027010840667,9.560000000000002,11.54723396822634
Смоленская область,2025-01-01,20.09467450095739,0.24822008087726388,0.0,0.0,0.0,55.61167530037596,10.3,12.17736103633733
Смоленская область,2025-02-01,24.32550960267867,0.31653560056003016,0.0,0.0,0.0,59.20709811249322,10.44,12.17011149250043
Смоленская область,2025-03-01,21.04127453446793,0.41369500741819465,0.0,0.0,0.0,58.26348349898304,10.33,12.47406232240192
Смоленская область,2025-04-01,21.13967027863117,0.5812476727093596,0.0,0.0,0.0,57.51289057032562,10.79000000000001,12.74761256045504
Смоленская область,2025-05-01,21.06884370513708,0.3820181297639742,0.0,0.0,0.0,54.38264907157154,10.48999999999999,12.66193685584908
Смоленская область,2025-06-01,20.25231669498738,0.6128194128495359,0.0,0.0,0.0,53.87777649929652,10.20999999999999,12.73939141464334
Смоленская область,2025-07-01,21.70959125744426,-0.2977272507310609,-0.0,-0.0,-0.0,53.02509809475694,9.409999999999997,13.2198974349693
Смоленская область,2025-08-01,20.45862897121045,-1.399483474742535,-0.0,-0.0,-0.0,51.99152368952559,8.730000000000004,12.25486859098775
Смоленская область,2025-09-01,19.76998798917221,0.2588989388809786,0.0,0.0,0.0,52.03248748661156,8.340000000000003,12.281536897032
Смоленская область,2025-10-01,18.81533569895238,-0.43597080805563593,-0.0,-0.0,-0.0,51.67508478441162,8.530000000000001,12.33954139504332
Смоленская область,2025-11-01,18.54428710449058,-0.19410526130430839,-0.0,-0.0,-0.0,51.47477608606309,8.36,12.25426299326236
Смоленская область,2025-12-01,18.60325640720409,0.2813157398373711,0.0,0.0,0.0,51.04131372668972,7.140000000000001,12.54764671197126
Ставропольский край,2019-03-01,13.91866189211128,0.7128714995200838,0.0,0.0,0.0,50.38916480426045,5.340000000000003,13.62936800979297
Ставропольский край,2019-04-01,14.10587556139978,0.6911493920479934,0.0,0.0,0.0,50.92284057350371,5.329999999999998,13.67606970213349
Ставропольский край,2019-05-01,14.20811705911547,0.45783100689424217,0.0,0.0,0.0,51.08419404784349,5.299999999999997,13.51630739158663
Ставропольский край,2019-06-01,14.44110189823626,0.5041451542673663,0.0,0.0,0.0,51.5268605433692,5.209999999999994,13.49298763841205
Ставропольский край,2019-07-01,14.20869787397855,0.14629311794748645,0.0,0.0,0.0,51.73489459514526,4.609999999999999,13.26021761793298
Ставропольский край,2019-08-01,14.11886567464701,0.061654111534494405,0.0,0.0,0.0,52.66820035182725,4.719999999999999,13.52797132404983
Ставропольский край,2019-09-01,13.77840242988911,0.2864871600654304,0.0,0.0,0.0,53.30112329152865,4.280000000000001,13.58657320666514
Ставропольский край,2019-10-01,13.67511870780321,0.199118629193201,0.0,0.0,0.0,53.59771039815531,4.049999999999997,13.77134562760142
Ставропольский край,2019-11-01,13.64179142100964,-0.3451712223245451,-0.0,-0.0,-0.0,53.74417362970543,3.959999999999994,13.68969158788285
Ставропольский край,2019-12-01,13.36398296840488,-0.11071296164861266,-0.0,-0.0,-0.0,53.8471623030191,3.790000000000006,13.73906180788303
Ставропольский край,2020-01-01,13.10810306835475,0.4934187707708695,0.0,0.0,0.0,53.6516929187046,3.079999999999998,13.64141050019371
Ставропольский край,2020-02-01,13.51512936528413,0.717717316165718,0.0,0.0,0.0,53.47970759941249,2.549999999999997,13.5856366257749
Ставропольский край,2020-03-01,13.24708689011918,0.5448138582658153,0.0,0.0,0.0,53.62934618420644,2.879999999999995,13.70414156672409
Ставропольский край,2020-04-01,13.08223093730059,0.24910450663146122,0.0,0.0,0.0,53.98514301153756,3.109999999999999,13.39329131382354
Ставропольский край,2020-05-01,12.64465176792147,0.12930980432325967,0.0,0.0,0.0,53.08341848535471,3.329999999999998,14.24467603671985
Ставропольский край,2020-06-01,12.48222263247434,0.4216232562547013,0.0,0.0,0.0,52.86361410710171,3.519999999999996,14.21576681331688
Ставропольский край,2020-07-01,12.25374047513291,-1.5016319110366503,-0.0,-0.0,-0.0,53.16438094758693,3.950000000000003,14.39274854541478
Ставропольский край,2020-08-01,11.84622395556526,-0.8645661305373835,-0.0,-0.0,-0.0,53.53677879892439,3.840000000000003,14.31616057144586
Ставропольский край,2020-09-01,11.71844927072361,-0.7937016241842549,-0.0,-0.0,-0.0,54.17231623977325,3.939999999999998,14.18868365831058
Ставропольский край,2020-10-01,11.43607829122664,-1.2364929674992595,-0.0,-0.0,-0.0,54.78511753004847,3.840000000000003,14.45038356307546
Ставропольский край,2020-11-01,11.19407119674193,-1.3589786818048175,-0.0,-0.0,-0.0,55.56664014432886,4.230000000000004,13.83121839958135
Ставропольский край,2020-12-01,11.36807870763588,-1.7089361724181273,-0.0,-0.0,-0.0,55.81741104118254,4.829999999999998,14.02681150440945
Ставропольский край,2021-01-01,11.17691252967959,3.0895976215913166,0.0,0.0,0.0,55.8343959146878,5.709999999999994,14.05518634122861
Ставропольский край,2021-02-01,11.75134560588703,-0.05176615786507455,-0.0,-0.0,-0.0,55.67745268246805,5.620000000000005,14.06727739135559
Ставропольский край,2021-03-01,11.31015442695115,-0.6104025253424652,-0.0,-0.0,-0.0,56.1058636819585,6.120000000000005,14.03422196159808
Ставропольский край,2021-04-01,11.25053732336097,-0.5967440618905293,-0.0,-0.0,-0.0,56.81038093237736,5.799999999999997,14.14646388129767
Ставропольский край,2021-05-01,11.0748711037211,-0.241937869195743,-0.0,-0.0,-0.0,57.57310896234736,5.689999999999998,14.25534151470159
Ставропольский край,2021-06-01,11.46026517814326,-0.7676306960714552,-0.0,-0.0,-0.0,58.23405461223049,6.370000000000005,13.60095743230224
Ставропольский край,2021-07-01,11.21608401710111,0.08560806359759354,0.0,0.0,0.0,59.03492821265282,7.019999999999996,14.04077803062349
Ставропольский край,2021-08-01,11.68454885992625,0.3090771946763784,0.0,0.0,0.0,59.65393046019738,6.769999999999996,13.84350088566181
Ставропольский край,2021-09-01,11.67983045982578,-0.6460537301930689,-0.0,-0.0,-0.0,60.51033809802389,7.659999999999997,13.74310243724803
Ставропольский край,2021-10-01,11.65994549380814,-0.6175372517280238,-0.0,-0.0,-0.0,61.15327518295188,8.219999999999999,13.78862609044827
Ставропольский край,2021-11-01,11.6770877682203,-0.12114037446266934,-0.0,-0.0,-0.0,61.5863236438197,9.090000000000003,13.72831244719685
Ставропольский край,2021-12-01,11.94488336181558,-0.26721650241728057,-0.0,-0.0,-0.0,61.86811785013403,9.079999999999998,13.57568709415208
Ставропольский край,2022-01-01,11.84687250211983,0.27464209751393653,0.0,0.0,0.0,62.02231776997148,9.0,13.55884675150966
Ставропольский край,2022-02-01,12.46033642760772,-0.3501956198858558,-0.0,-0.0,-0.0,61.66781795444115,9.39,13.00407250911986
Ставропольский край,2022-03-01,12.47094732854834,4.941478356719127,0.0,0.0,0.0,62.39737197253127,9.769999999999996,13.42622252614626
Ставропольский край,2022-04-01,12.13594609117488,1.4923126339086181,0.0,0.0,0.0,61.61777626522306,16.06999999999999,14.32764666342224
Ставропольский край,2022-05-01,16.66013918649338,-1.244790623444267,-0.0,-0.0,-0.0,60.28946889752432,16.92,14.1908095697006
Ставропольский край,2022-06-01,17.20509719104011,-3.118179668249544,-0.0,-0.0,-0.0,59.51609023301481,15.72,14.28030080188904
Ставропольский край,2022-07-01,15.72684557433956,-0.386746413724417,-0.0,-0.0,-0.0,58.97367174545168,14.26000000000001,14.93086023017954
Ставропольский край,2022-08-01,13.6892807615099,-1.1110066252555733,-0.0,-0.0,-0.0,58.37774060031442,14.48999999999999,14.66150067958959
Ставропольский край,2022-09-01,13.39238330930451,1.7547062341946287,0.0,0.0,0.0,58.38103556253241,12.81,14.68283188983223
Ставропольский край,2022-10-01,13.1486061431882,1.2482715752793254,0.0,0.0,0.0,58.74945928899142,13.06999999999999,14.67440408220784
Ставропольский край,2022-11-01,13.12640732400829,0.32653909912163215,0.0,0.0,0.0,60.20887755254676,11.92,14.56174967472736
Ставропольский край,2022-12-01,13.42600478368168,0.14955653030453497,0.0,0.0,0.0,60.60718107724623,11.26000000000001,14.79738330240454
Ставропольский край,2023-01-01,12.81812160761594,0.13967960707903515,0.0,0.0,0.0,60.96826715630581,11.17,14.53771943801176
Ставропольский край,2023-02-01,14.45395452411186,-1.9472998218897306,-0.0,-0.0,-0.0,61.04958525067993,11.31999999999999,14.69170904278245
Ставропольский край,2023-03-01,13.56866186884962,-0.4649545463768856,-0.0,-0.0,-0.0,61.14080390186407,10.94,14.53352074352694
Ставропольский край,2023-04-01,13.55602495794142,-0.5507806832459252,-0.0,-0.0,-0.0,61.66144158128485,5.069999999999993,14.35275387531365
Ставропольский край,2023-05-01,13.45061935107809,-0.46521849390664727,-0.0,-0.0,-0.0,62.62976122969825,4.140000000000001,14.19410987048753
Ставропольский край,2023-06-01,13.71067345669738,-0.5347109788556779,-0.0,-0.0,-0.0,63.08887849122473,4.379999999999995,13.56890012995072
Ставропольский край,2023-07-01,13.43273931262132,-0.5497632155639387,-0.0,-0.0,-0.0,63.93628151789596,5.640000000000001,13.59744473037981
Ставропольский край,2023-08-01,13.19321429643381,0.2078297309388475,0.0,0.0,0.0,63.7835027839319,6.099999999999994,13.3235212046485
Ставропольский край,2023-09-01,13.12458831949401,2.7050587479091437,0.0,0.0,0.0,65.20408057183722,7.200000000000003,13.19783432385539
Ставропольский край,2023-10-01,13.02815873563178,0.8633696772512707,0.0,0.0,0.0,66.86598520006812,7.140000000000001,13.11152761685774
Ставропольский край,2023-11-01,14.01972913838055,1.714265038508227,0.0,0.0,0.0,67.23709685045188,8.200000000000003,12.91651058872184
Ставропольский край,2023-12-01,14.52177534777681,-1.5282051620880424,-0.0,-0.0,-0.0,67.90197809823844,8.790000000000006,12.95415669850659
Ставропольский край,2024-01-01,14.47292560382675,0.6818813931607863,0.0,0.0,0.0,67.35566553138693,8.459999999999994,13.02883187002612
Ставропольский край,2024-02-01,18.23768983070876,-1.5559611222700127,-0.0,-0.0,-0.0,66.71072728279049,8.299999999999997,13.1000473356511
Ставропольский край,2024-03-01,19.03413845428299,-0.03662363343873665,-0.0,-0.0,-0.0,66.69327896428007,7.700000000000003,12.98847798353852
Ставропольский край,2024-04-01,18.619481937326,-0.07535756412256944,-0.0,-0.0,-0.0,66.86484472330581,7.980000000000004,12.89488604484368
Ставропольский край,2024-05-01,18.09372683866829,-1.8174537430626252,-0.0,-0.0,-0.0,64.81283836187222,7.75,12.89642105278143
Ставропольский край,2024-06-01,17.60377402999034,-0.4392507252018447,-0.0,-0.0,-0.0,64.82206875470294,8.530000000000001,12.5133929948418
Ставропольский край,2024-07-01,16.03526040842237,-0.5869739684411108,-0.0,-0.0,-0.0,65.46208131678499,7.930000000000007,12.62125690080207
Ставропольский край,2024-08-01,20.2453403095849,1.4105522767729113,0.0,0.0,0.0,64.95732933951072,9.090000000000003,11.64016198188622
Ставропольский край,2024-09-01,20.31625462146025,-1.9115218364399809,-0.0,-0.0,-0.0,64.72982877942601,9.769999999999996,11.61112117581143
Ставропольский край,2024-10-01,19.55433155149126,0.667769408390896,0.0,0.0,0.0,64.01241965292441,9.519999999999996,11.60254019558685
Ставропольский край,2024-11-01,20.11419700743061,2.039278586154861,0.0,0.0,0.0,63.10885437570185,9.159999999999997,11.44009836904271
Ставропольский край,2024-12-01,19.54916806089247,0.34090421830265427,0.0,0.0,0.0,60.74510907909259,9.239999999999995,11.58540234655652
Ставропольский край,2025-01-01,19.76894140175535,0.24822008087726388,0.0,0.0,0.0,58.76402714352609,10.19,12.27993781583215
Ставропольский край,2025-02-01,23.7597331634101,0.31653560056003016,0.0,0.0,0.0,58.58434952965224,10.98,12.28324707170474
Ставропольский край,2025-03-01,21.30800297119557,0.41369500741819465,0.0,0.0,0.0,57.65010039654976,11.8,12.59772494780762
Ставропольский край,2025-04-01,21.57464072449271,0.5812476727093596,0.0,0.0,0.0,57.1713594014265,11.76000000000001,12.8768011650786
Ставропольский край,2025-05-01,19.75583755730366,0.3820181297639742,0.0,0.0,0.0,55.84591150281153,11.56,12.82213756287957
Ставропольский край,2025-06-01,20.13637782064814,0.6128194128495359,0.0,0.0,0.0,55.74383398395746,10.97,12.89246009280708
Ставропольский край,2025-07-01,19.62392578342299,-0.2977272507310609,-0.0,-0.0,-0.0,55.2517110716152,11.14,13.30988980920976
Ставропольский край,2025-08-01,19.0797404976509,-1.399483474742535,-0.0,-0.0,-0.0,54.35370824562252,9.719999999999999,12.41847414685898
Ставропольский край,2025-09-01,18.35469381288044,0.2588989388809786,0.0,0.0,0.0,54.36952925030774,7.739999999999995,12.44190402323241
Ставропольский край,2025-10-01,17.56083215526122,-0.43597080805563593,-0.0,-0.0,-0.0,54.28357514561941,7.980000000000004,12.46715635250517
Ставропольский край,2025-11-01,17.03069079953507,-0.19410526130430839,-0.0,-0.0,-0.0,54.29407409558094,7.310000000000002,12.36553153847093
Ставропольский край,2025-12-01,16.96231438851638,0.2813157398373711,0.0,0.0,0.0,54.29458842584098,6.709999999999994,12.661206967296
Тамбовская область,2019-03-01,13.64549417982697,0.7128714995200838,0.0,0.0,0.0,56.34587467194487,6.069999999999993,13.69018200248456
Тамбовская область,2019-04-01,13.88479943562879,0.6911493920479934,0.0,0.0,0.0,56.94505031592988,6.439999999999998,13.77026804338566
Тамбовская область,2019-05-01,14.06435167653093,0.45783100689424217,0.0,0.0,0.0,54.77524743448764,6.030000000000001,13.64030127176738
Тамбовская область,2019-06-01,14.13362828517267,0.5041451542673663,0.0,0.0,0.0,55.42529320970394,6.129999999999995,13.60689149865511
Тамбовская область,2019-07-01,13.93945039709754,0.14629311794748645,0.0,0.0,0.0,55.9677454112003,5.75,13.36606331907573
Тамбовская область,2019-08-01,13.88072415176361,0.061654111534494405,0.0,0.0,0.0,57.76198938896068,5.909999999999997,13.62682165165938
Тамбовская область,2019-09-01,13.56222598049534,0.2864871600654304,0.0,0.0,0.0,58.35847909723471,5.829999999999998,13.71026298005253
Тамбовская область,2019-10-01,13.30360019517544,0.199118629193201,0.0,0.0,0.0,58.66821051901209,5.340000000000003,13.89643047617324
Тамбовская область,2019-11-01,13.34670544987396,-0.3451712223245451,-0.0,-0.0,-0.0,58.48291262973703,5.150000000000006,13.78727386869413
Тамбовская область,2019-12-01,12.92733570895666,-0.11071296164861266,-0.0,-0.0,-0.0,58.73933198009841,4.599999999999994,13.8040884577901
Тамбовская область,2020-01-01,12.68958349152743,0.4934187707708695,0.0,0.0,0.0,58.50483374456507,4.030000000000001,13.70813400029602
Тамбовская область,2020-02-01,13.07000494646264,0.717717316165718,0.0,0.0,0.0,57.85251191122233,3.120000000000005,13.65379734908262
Тамбовская область,2020-03-01,12.87023836272308,0.5448138582658153,0.0,0.0,0.0,58.0036747744319,2.909999999999997,13.76126034984739
Тамбовская область,2020-04-01,12.58832307222774,0.24910450663146122,0.0,0.0,0.0,58.43992421639146,3.069999999999993,13.48761948593932
Тамбовская область,2020-05-01,12.13455344328574,0.12930980432325967,0.0,0.0,0.0,59.27239445269917,4.170000000000002,14.3478865400221
Тамбовская область,2020-06-01,12.13895473381169,0.4216232562547013,0.0,0.0,0.0,58.95858026953432,3.650000000000006,14.31507896554341
Тамбовская область,2020-07-01,12.04290584336537,-1.5016319110366503,-0.0,-0.0,-0.0,59.17275187996716,3.959999999999994,14.47735408193996
Тамбовская область,2020-08-01,11.55130564568992,-0.8645661305373835,-0.0,-0.0,-0.0,58.87755582739796,3.969999999999999,14.42300733554137
Тамбовская область,2020-09-01,11.35296737697573,-0.7937016241842549,-0.0,-0.0,-0.0,59.5655815719623,3.719999999999999,14.28016414250477
Тамбовская область,2020-10-01,10.99300197519708,-1.2364929674992595,-0.0,-0.0,-0.0,60.11737194591296,4.010000000000005,14.51978010032588
Тамбовская область,2020-11-01,10.73340918090558,-1.3589786818048175,-0.0,-0.0,-0.0,59.79766027190578,4.290000000000006,13.89971724079424
Тамбовская область,2020-12-01,11.04498375491077,-1.7089361724181273,-0.0,-0.0,-0.0,59.98750469532175,4.939999999999998,14.08121310127917
Тамбовская область,2021-01-01,10.89566887499628,3.0895976215913166,0.0,0.0,0.0,60.19392419643538,5.680000000000007,14.11045656100947
Тамбовская область,2021-02-01,11.41557059636129,-0.05176615786507455,-0.0,-0.0,-0.0,60.71717476689827,6.370000000000005,14.11461743747487
Тамбовская область,2021-03-01,10.96794450525238,-0.6104025253424652,-0.0,-0.0,-0.0,61.1912150466159,7.159999999999997,14.08334310533173
Тамбовская область,2021-04-01,10.96698800593266,-0.5967440618905293,-0.0,-0.0,-0.0,61.79391684328397,7.209999999999994,14.17659028154775
Тамбовская область,2021-05-01,10.90467601370595,-0.241937869195743,-0.0,-0.0,-0.0,62.30315283904193,6.370000000000005,14.30324200554296
Тамбовская область,2021-06-01,11.32898052950496,-0.7676306960714552,-0.0,-0.0,-0.0,62.9019563475596,6.780000000000001,13.66449601078422
Тамбовская область,2021-07-01,11.12056879952496,0.08560806359759354,0.0,0.0,0.0,63.49505046625043,7.219999999999999,14.08132142452363
Тамбовская область,2021-08-01,11.54002289092234,0.3090771946763784,0.0,0.0,0.0,64.31387210662226,7.519999999999996,13.89555954681639
Тамбовская область,2021-09-01,11.72704653522589,-0.6460537301930689,-0.0,-0.0,-0.0,65.18636266043225,7.790000000000006,13.80046095574236
Тамбовская область,2021-10-01,11.58994681060851,-0.6175372517280238,-0.0,-0.0,-0.0,65.590140073917,8.829999999999998,13.87997633445915
Тамбовская область,2021-11-01,11.65480464992695,-0.12114037446266934,-0.0,-0.0,-0.0,67.65466942744806,9.819999999999993,13.80863216253802
Тамбовская область,2021-12-01,11.77929106307881,-0.26721650241728057,-0.0,-0.0,-0.0,67.71898265358101,10.37,13.64123733419475
Тамбовская область,2022-01-01,11.57435165412094,0.27464209751393653,0.0,0.0,0.0,66.73060908836646,9.900000000000006,13.61028380217932
Тамбовская область,2022-02-01,12.77911331657039,-0.3501956198858558,-0.0,-0.0,-0.0,66.35395535697235,10.16,13.05012349382185
Тамбовская область,2022-03-01,12.38900026932318,4.941478356719127,0.0,0.0,0.0,66.64634226871404,10.33,13.37057372264914
Тамбовская область,2022-04-01,12.60981213064194,1.4923126339086181,0.0,0.0,0.0,65.79562713159187,16.95999999999999,14.30554542356708
Тамбовская область,2022-05-01,17.0235165634815,-1.244790623444267,-0.0,-0.0,-0.0,62.78226524699662,18.31,14.16608715486142
Тамбовская область,2022-06-01,16.60627077246071,-3.118179668249544,-0.0,-0.0,-0.0,61.91995147382452,18.56,14.27802975296883
Тамбовская область,2022-07-01,15.4873482176677,-0.386746413724417,-0.0,-0.0,-0.0,61.08730054203079,17.97,14.88820631368067
Тамбовская область,2022-08-01,13.97219068499922,-1.1110066252555733,-0.0,-0.0,-0.0,60.92487517269589,16.63,14.62432277764184
Тамбовская область,2022-09-01,13.47477623764888,1.7547062341946287,0.0,0.0,0.0,60.48607837741014,16.02,14.64179166524971
Тамбовская область,2022-10-01,12.89295608164825,1.2482715752793254,0.0,0.0,0.0,60.59845871049385,14.59999999999999,14.61294340848632
Тамбовская область,2022-11-01,13.26231879541587,0.32653909912163215,0.0,0.0,0.0,59.81347513289923,13.08,14.48465998461298
Тамбовская область,2022-12-01,13.5507875810856,0.14955653030453497,0.0,0.0,0.0,59.70558554563884,11.84,14.74359165124789
Тамбовская область,2023-01-01,12.88898156761692,0.13967960707903515,0.0,0.0,0.0,59.70522267024253,12.91,14.49903679828798
Тамбовская область,2023-02-01,14.50269210929255,-1.9472998218897306,-0.0,-0.0,-0.0,62.49753834977228,12.72,14.64199437941348
Тамбовская область,2023-03-01,14.09422373815289,-0.4649545463768856,-0.0,-0.0,-0.0,61.98066266622956,11.84,14.48852975055947
Тамбовская область,2023-04-01,13.99667478406633,-0.5507806832459252,-0.0,-0.0,-0.0,62.24183104644541,5.079999999999998,14.26897491530618
Тамбовская область,2023-05-01,13.82742180010126,-0.46521849390664727,-0.0,-0.0,-0.0,63.0911920097185,4.120000000000005,14.15012486908607
Тамбовская область,2023-06-01,14.31347448911493,-0.5347109788556779,-0.0,-0.0,-0.0,63.18024102150558,3.120000000000005,13.47438630408706
Тамбовская область,2023-07-01,14.02774552452367,-0.5497632155639387,-0.0,-0.0,-0.0,63.63270963985283,3.290000000000006,13.48969915534551
Тамбовская область,2023-08-01,13.63849450445354,0.2078297309388475,0.0,0.0,0.0,60.88663598694642,4.170000000000002,13.19989130124907
Тамбовская область,2023-09-01,13.75760174672881,2.7050587479091437,0.0,0.0,0.0,61.90367110627628,4.489999999999995,13.0824399332615
Тамбовская область,2023-10-01,13.83040605009528,0.8633696772512707,0.0,0.0,0.0,62.62015498536832,5.780000000000001,12.98209657044346
Тамбовская область,2023-11-01,15.15275730388,1.714265038508227,0.0,0.0,0.0,64.88200800356823,6.530000000000001,12.7571982466745
Тамбовская область,2023-12-01,15.40554337094883,-1.5282051620880424,-0.0,-0.0,-0.0,64.81188182827489,7.629999999999995,12.79642302657205
Тамбовская область,2024-01-01,15.66261995120701,0.6818813931607863,0.0,0.0,0.0,63.49290043849192,6.5,12.87792823627312
Тамбовская область,2024-02-01,19.03513038382866,-1.5559611222700127,-0.0,-0.0,-0.0,66.63480127910375,6.469999999999999,12.95241402531479
Тамбовская область,2024-03-01,20.15339351313441,-0.03662363343873665,-0.0,-0.0,-0.0,66.10283309862766,6.680000000000007,12.85526267101713
Тамбовская область,2024-04-01,19.30088986355483,-0.07535756412256944,-0.0,-0.0,-0.0,66.11129944671936,6.569999999999993,12.76908684415464
Тамбовская область,2024-05-01,18.35414352832393,-1.8174537430626252,-0.0,-0.0,-0.0,64.75940058167969,6.719999999999999,12.7674753295381
Тамбовская область,2024-06-01,18.48351451644133,-0.4392507252018447,-0.0,-0.0,-0.0,64.8636407875633,7.349999999999994,12.39408606932527
Тамбовская область,2024-07-01,17.73738357513749,-0.5869739684411108,-0.0,-0.0,-0.0,65.05962185487454,7.620000000000005,12.48975138287462
Тамбовская область,2024-08-01,20.74196325872743,1.4105522767729113,0.0,0.0,0.0,61.42034904989975,9.0,11.51616691057714
Тамбовская область,2024-09-01,20.97673245444092,-1.9115218364399809,-0.0,-0.0,-0.0,61.01535400225811,9.170000000000002,11.47651703756469
Тамбовская область,2024-10-01,21.15746038960578,0.667769408390896,0.0,0.0,0.0,59.97093645020568,9.120000000000005,11.46303128515579
Тамбовская область,2024-11-01,21.08521003758985,2.039278586154861,0.0,0.0,0.0,59.76525627724097,9.430000000000007,11.29505097732455
Тамбовская область,2024-12-01,21.47182383010378,0.34090421830265427,0.0,0.0,0.0,56.00885130630169,9.799999999999997,11.45306994140517
Тамбовская область,2025-01-01,19.78137355631879,0.24822008087726388,0.0,0.0,0.0,54.21089750706292,10.8,12.15207221875296
Тамбовская область,2025-02-01,23.83699269623015,0.31653560056003016,0.0,0.0,0.0,53.28827925751292,11.17,12.12736680427292
Тамбовская область,2025-03-01,21.72695951609344,0.41369500741819465,0.0,0.0,0.0,52.33639109579536,11.40000000000001,12.4330189006098
Тамбовская область,2025-04-01,20.76826649071384,0.5812476727093596,0.0,0.0,0.0,51.74831529819518,11.59,12.72324677864088
Тамбовская область,2025-05-01,20.76164641234708,0.3820181297639742,0.0,0.0,0.0,50.61588130663672,11.41,12.64956700737993
Тамбовская область,2025-06-01,20.2828457960989,0.6128194128495359,0.0,0.0,0.0,50.12318979251923,11.41,12.69843824020784
Тамбовская область,2025-07-01,20.33817920153329,-0.2977272507310609,-0.0,-0.0,-0.0,49.4651135233311,11.0,13.12785730173925
Тамбовская область,2025-08-01,19.34893319607655,-1.399483474742535,-0.0,-0.0,-0.0,48.49410807871335,9.439999999999998,12.26497122254552
Тамбовская область,2025-09-01,19.15038175539726,0.2588989388809786,0.0,0.0,0.0,48.44652047265284,9.650000000000006,12.29022219058754
Тамбовская область,2025-10-01,18.21034691203856,-0.43597080805563593,-0.0,-0.0,-0.0,48.16858423330667,10.06999999999999,12.35456166310346
Тамбовская область,2025-11-01,18.32207725536313,-0.19410526130430839,-0.0,-0.0,-0.0,47.87067350338892,9.11,12.25228738879956
Тамбовская область,2025-12-01,17.78310426938396,0.2813157398373711,0.0,0.0,0.0,47.38746998940606,7.450000000000003,12.53619363851291
Тверская область,2019-03-01,13.31253064852089,0.7128714995200838,0.0,0.0,0.0,54.08148641079386,5.230000000000004,13.81454968886314
Тверская область,2019-04-01,13.48914653384672,0.6911493920479934,0.0,0.0,0.0,54.68881753407954,5.329999999999998,13.8317411483889
Тверская область,2019-05-01,13.61637565660841,0.45783100689424217,0.0,0.0,0.0,55.16226590827474,5.280000000000001,13.74007440393896
Тверская область,2019-06-01,13.80517207488423,0.5041451542673663,0.0,0.0,0.0,55.69163164989705,5.060000000000002,13.70432307558346
Тверская область,2019-07-01,13.61017403485536,0.14629311794748645,0.0,0.0,0.0,56.11301002303257,3.950000000000003,13.44164426712116
Тверская область,2019-08-01,13.56045039905388,0.061654111534494405,0.0,0.0,0.0,55.55595845857025,3.560000000000002,13.70146820142308
Тверская область,2019-09-01,13.27816438412711,0.2864871600654304,0.0,0.0,0.0,56.08470242328861,2.670000000000002,13.89179748057994
Тверская область,2019-10-01,13.03090110136791,0.199118629193201,0.0,0.0,0.0,56.51602854080513,3.170000000000002,14.04731274641767
Тверская область,2019-11-01,12.91223214597004,-0.3451712223245451,-0.0,-0.0,-0.0,59.60418348338303,2.980000000000004,13.92940790425818
Тверская область,2019-12-01,12.63395013958975,-0.11071296164861266,-0.0,-0.0,-0.0,60.03063897609767,2.799999999999997,13.91523189513927
Тверская область,2020-01-01,12.37392136032822,0.4934187707708695,0.0,0.0,0.0,60.16564076682432,2.140000000000001,13.78931808024866
Тверская область,2020-02-01,12.98448969124398,0.717717316165718,0.0,0.0,0.0,60.65836754767755,1.480000000000004,13.69538216193257
Тверская область,2020-03-01,12.46969114514609,0.5448138582658153,0.0,0.0,0.0,60.97238690263278,1.560000000000002,13.82474511578357
Тверская область,2020-04-01,12.31456058721672,0.24910450663146122,0.0,0.0,0.0,61.38149608689859,1.969999999999999,13.59974558579232
Тверская область,2020-05-01,12.07527238268197,0.12930980432325967,0.0,0.0,0.0,60.64527825848566,2.780000000000001,14.47178873815583
Тверская область,2020-06-01,11.74912240346923,0.4216232562547013,0.0,0.0,0.0,60.342500516579,2.890000000000001,14.45573916167655
Тверская область,2020-07-01,11.55397451797073,-1.5016319110366503,-0.0,-0.0,-0.0,60.51147693545084,4.079999999999998,14.62462075395648
Тверская область,2020-08-01,11.0611590769577,-0.8645661305373835,-0.0,-0.0,-0.0,60.23714985174685,4.180000000000007,14.56123863791525
Тверская область,2020-09-01,10.89041966079294,-0.7937016241842549,-0.0,-0.0,-0.0,61.40205752467095,4.560000000000002,14.43419441850153
Тверская область,2020-10-01,10.67097232559457,-1.2364929674992595,-0.0,-0.0,-0.0,62.53630394839163,4.120000000000005,14.64820858869498
Тверская область,2020-11-01,10.34799162810297,-1.3589786818048175,-0.0,-0.0,-0.0,64.58201303198578,4.5,14.02448407116021
Тверская область,2020-12-01,10.62189846902728,-1.7089361724181273,-0.0,-0.0,-0.0,64.86071865554273,4.890000000000001,14.17356486636642
Тверская область,2021-01-01,10.39965509280668,3.0895976215913166,0.0,0.0,0.0,64.84799974807275,5.170000000000002,14.15902009887207
Тверская область,2021-02-01,11.07263006104529,-0.05176615786507455,-0.0,-0.0,-0.0,66.37230715867071,5.75,14.1800439838105
Тверская область,2021-03-01,10.63628236161594,-0.6104025253424652,-0.0,-0.0,-0.0,66.85251957322072,5.980000000000004,14.12483954572425
Тверская область,2021-04-01,10.52925190880249,-0.5967440618905293,-0.0,-0.0,-0.0,67.52776185726736,6.030000000000001,14.20134379386627
Тверская область,2021-05-01,10.48429848787007,-0.241937869195743,-0.0,-0.0,-0.0,67.73334959158419,5.459999999999994,14.38030437837152
Тверская область,2021-06-01,11.02777909964011,-0.7676306960714552,-0.0,-0.0,-0.0,68.14569460888717,6.269999999999996,13.75809396042775
Тверская область,2021-07-01,10.49305745424206,0.08560806359759354,0.0,0.0,0.0,68.84765515189224,6.909999999999997,14.16337059012108
Тверская область,2021-08-01,11.14322919485591,0.3090771946763784,0.0,0.0,0.0,68.0346258693524,6.890000000000001,14.02804186972882
Тверская область,2021-09-01,11.3020632407207,-0.6460537301930689,-0.0,-0.0,-0.0,68.26929870228648,7.299999999999997,13.93517925607819
Тверская область,2021-10-01,10.94129275648398,-0.6175372517280238,-0.0,-0.0,-0.0,68.30926886407774,8.14,13.97778890345677
Тверская область,2021-11-01,11.11887445151628,-0.12114037446266934,-0.0,-0.0,-0.0,71.04152963428939,9.299999999999997,13.929070057697
Тверская область,2021-12-01,11.29642913300689,-0.26721650241728057,-0.0,-0.0,-0.0,70.53505670695976,9.370000000000005,13.77276263587663
Тверская область,2022-01-01,11.214687083716,0.27464209751393653,0.0,0.0,0.0,70.34901366025437,9.120000000000005,13.74233017098187
Тверская область,2022-02-01,12.14716233106236,-0.3501956198858558,-0.0,-0.0,-0.0,70.52082003338727,9.760000000000005,13.18470601521273
Тверская область,2022-03-01,11.90083197779805,4.941478356719127,0.0,0.0,0.0,71.07115539863086,10.51000000000001,13.51371847085444
Тверская область,2022-04-01,12.0933070360678,1.4923126339086181,0.0,0.0,0.0,69.86786072989985,18.83,14.41213847480209
Тверская область,2022-05-01,16.59915514260907,-1.244790623444267,-0.0,-0.0,-0.0,67.93784927858599,19.81,14.24881909712272
Тверская область,2022-06-01,16.28070907565198,-3.118179668249544,-0.0,-0.0,-0.0,66.9324500416369,19.01000000000001,14.36801527561117
Тверская область,2022-07-01,14.80621402870131,-0.386746413724417,-0.0,-0.0,-0.0,66.32700020112033,16.51000000000001,15.02542441403193
Тверская область,2022-08-01,13.3103679798913,-1.1110066252555733,-0.0,-0.0,-0.0,66.34343266295994,15.90000000000001,14.76464609718026
Тверская область,2022-09-01,13.08497778204158,1.7547062341946287,0.0,0.0,0.0,66.13282227722495,15.33,14.80384083276548
Тверская область,2022-10-01,12.35356036326808,1.2482715752793254,0.0,0.0,0.0,66.75064151938712,14.25,14.78150813177093
Тверская область,2022-11-01,12.76548546882398,0.32653909912163215,0.0,0.0,0.0,66.36821776117384,12.47,14.67057429535837
Тверская область,2022-12-01,13.12331282138856,0.14955653030453497,0.0,0.0,0.0,66.35557153281498,12.29000000000001,14.92160547222077
Тверская область,2023-01-01,12.23359474568602,0.13967960707903515,0.0,0.0,0.0,66.63753337042202,12.28,14.63750693800211
Тверская область,2023-02-01,14.13598931976206,-1.9472998218897306,-0.0,-0.0,-0.0,67.46464389401092,11.73999999999999,14.80299442460578
Тверская область,2023-03-01,13.26140337619798,-0.4649545463768856,-0.0,-0.0,-0.0,67.17812526483944,10.89,14.65172563407506
Тверская область,2023-04-01,13.15940948617096,-0.5507806832459252,-0.0,-0.0,-0.0,67.5680916143169,2.629999999999995,14.46841212310003
Тверская область,2023-05-01,13.07448418447204,-0.46521849390664727,-0.0,-0.0,-0.0,67.24043524675248,1.310000000000002,14.35111169908829
Тверская область,2023-06-01,13.36484149046392,-0.5347109788556779,-0.0,-0.0,-0.0,67.5801229369066,1.019999999999996,13.67457770527946
Тверская область,2023-07-01,13.09940788972895,-0.5497632155639387,-0.0,-0.0,-0.0,67.95316035243816,2.030000000000001,13.6866918770908
Тверская область,2023-08-01,12.96087232802654,0.2078297309388475,0.0,0.0,0.0,67.27490418065604,2.859999999999999,13.41512578330187
Тверская область,2023-09-01,12.93108365775792,2.7050587479091437,0.0,0.0,0.0,68.34099493540387,3.900000000000006,13.34972747496032
Тверская область,2023-10-01,13.01629271595567,0.8633696772512707,0.0,0.0,0.0,69.33871790301052,5.280000000000001,13.24189713479187
Тверская область,2023-11-01,13.93758239072285,1.714265038508227,0.0,0.0,0.0,70.85473872178625,6.25,13.00620185917889
Тверская область,2023-12-01,14.67891605347039,-1.5282051620880424,-0.0,-0.0,-0.0,70.54563674505859,6.510000000000005,13.03912513076874
Тверская область,2024-01-01,14.34559269086621,0.6818813931607863,0.0,0.0,0.0,69.0518996003036,6.590000000000003,13.04748772087464
Тверская область,2024-02-01,18.79049738257869,-1.5559611222700127,-0.0,-0.0,-0.0,67.99425981073962,6.349999999999994,13.13102892510392
Тверская область,2024-03-01,19.45279464996036,-0.03662363343873665,-0.0,-0.0,-0.0,67.16476513447395,6.310000000000002,13.01852979640916
Тверская область,2024-04-01,18.64896666909701,-0.07535756412256944,-0.0,-0.0,-0.0,67.2710947787317,6.140000000000001,12.93784980282809
Тверская область,2024-05-01,17.95149572264242,-1.8174537430626252,-0.0,-0.0,-0.0,64.9786412913266,6.640000000000001,12.92860848572861
Тверская область,2024-06-01,17.40318629884444,-0.4392507252018447,-0.0,-0.0,-0.0,64.95296251170082,7.390000000000001,12.52739977216891
Тверская область,2024-07-01,16.38268585048473,-0.5869739684411108,-0.0,-0.0,-0.0,65.25836404824165,8.030000000000001,12.61890232721344
Тверская область,2024-08-01,20.19027355215711,1.4105522767729113,0.0,0.0,0.0,64.15275734322591,8.650000000000006,11.63380982338365
Тверская область,2024-09-01,20.55523440063335,-1.9115218364399809,-0.0,-0.0,-0.0,63.605978264274,8.590000000000003,11.60685276667609
Тверская область,2024-10-01,20.50433630843152,0.667769408390896,0.0,0.0,0.0,62.76753002401151,7.790000000000006,11.60304972562048
Тверская область,2024-11-01,20.01762226281258,2.039278586154861,0.0,0.0,0.0,62.47542258907801,7.959999999999994,11.42586013487996
Тверская область,2024-12-01,20.8648040832464,0.34090421830265427,0.0,0.0,0.0,59.54558461341512,8.700000000000003,11.58469737834712
Тверская область,2025-01-01,20.79279338394499,0.24822008087726388,0.0,0.0,0.0,57.66716871129763,9.349999999999994,12.27817837674392
Тверская область,2025-02-01,24.73301550722034,0.31653560056003016,0.0,0.0,0.0,57.26854901384306,10.06,12.2670379709014
Тверская область,2025-03-01,21.95782057326669,0.41369500741819465,0.0,0.0,0.0,56.3004388208581,10.81,12.5740817966162
Тверская область,2025-04-01,21.44166407950022,0.5812476727093596,0.0,0.0,0.0,55.5677326157043,11.41,12.84358313099767
Тверская область,2025-05-01,19.50854427809462,0.3820181297639742,0.0,0.0,0.0,54.0408544924725,11.45,12.78643990384884
Тверская область,2025-06-01,19.83235143738491,0.6128194128495359,0.0,0.0,0.0,53.68000882711426,10.63,12.85427145025834
Тверская область,2025-07-01,19.97360789145317,-0.2977272507310609,-0.0,-0.0,-0.0,52.97373030508332,10.11,13.29311263525195
Тверская область,2025-08-01,19.59699864288038,-1.399483474742535,-0.0,-0.0,-0.0,52.05374231844259,9.680000000000007,12.40950118726556
Тверская область,2025-09-01,18.99999468179569,0.2588989388809786,0.0,0.0,0.0,52.17518041441431,9.090000000000003,12.43756680984714
Тверская область,2025-10-01,17.87196129477259,-0.43597080805563593,-0.0,-0.0,-0.0,51.9798484338424,9.019999999999996,12.48042467486879
Тверская область,2025-11-01,18.07503215091477,-0.19410526130430839,-0.0,-0.0,-0.0,51.79629194255276,8.510000000000005,12.37594173207501
Тверская область,2025-12-01,18.08738838213354,0.2813157398373711,0.0,0.0,0.0,51.4737395950384,7.409999999999997,12.66810214185744
Томская область,2019-03-01,13.26715130027034,0.7128714995200838,0.7128714995200838,0.0,0.0,54.31517268671756,5.890000000000001,13.63272554124612
Томская область,2019-04-01,13.49370328641477,0.6911493920479934,0.6911493920479934,0.0,0.0,54.10009297083601,6.230000000000004,13.66922957088205
Томская область,2019-05-01,13.65062186886843,0.45783100689424217,0.45783100689424217,0.0,0.0,53.00633296232945,5.75,13.51760828482165
Томская область,2019-06-01,13.74538091129427,0.5041451542673663,0.5041451542673663,0.0,0.0,52.30835458436778,5.840000000000003,13.43637860988236
Томская область,2019-07-01,13.51801028937937,0.14629311794748645,0.14629311794748645,0.0,0.0,51.69842329238404,5.329999999999998,13.23679678191004
Томская область,2019-08-01,13.37192459671542,0.061654111534494405,0.061654111534494405,0.0,0.0,51.14627300713575,4.930000000000007,13.3928066345926
Томская область,2019-09-01,13.26865589010745,0.2864871600654304,0.2864871600654304,0.0,0.0,51.25512544665657,4.629999999999995,13.44330282731096
Томская область,2019-10-01,12.99180780076098,0.199118629193201,0.199118629193201,0.0,0.0,51.26841575317361,4.650000000000006,13.59423861324631
Томская область,2019-11-01,12.89261760075288,-0.3451712223245451,-0.3451712223245451,-0.0,-0.0,52.1934178199899,4.590000000000003,13.4628079303459
Томская область,2019-12-01,12.62095903107473,-0.11071296164861266,-0.11071296164861266,-0.0,-0.0,52.16956425251896,4.450000000000003,13.47605665538361
Томская область,2020-01-01,12.20903640286568,0.4934187707708695,0.4934187707708695,0.0,0.0,51.32854838009644,3.840000000000003,13.40236558979373
Томская область,2020-02-01,12.6632947504045,0.717717316165718,0.717717316165718,0.0,0.0,51.2873735373426,3.150000000000006,13.52442066049602
Томская область,2020-03-01,12.44194169889288,0.5448138582658153,0.5448138582658153,0.0,0.0,51.32983218771834,3.060000000000002,13.6204369061503
Томская область,2020-04-01,12.00742865308277,0.24910450663146122,0.24910450663146122,0.0,0.0,51.87926680453619,2.900000000000006,13.2888522505387
Томская область,2020-05-01,11.83694188388075,0.12930980432325967,0.12930980432325967,0.0,0.0,51.12650030349894,3.810000000000002,13.96872478982388
Томская область,2020-06-01,11.77342644538914,0.4216232562547013,0.4216232562547013,0.0,0.0,51.24224365253517,3.629999999999995,13.92633301248046
Томская область,2020-07-01,11.596732550685,-1.5016319110366503,-1.5016319110366503,-0.0,-0.0,51.36190990697003,3.650000000000006,14.05230889014779
Томская область,2020-08-01,10.73881298763164,-0.8645661305373835,-0.8645661305373835,-0.0,-0.0,51.07106000720722,3.719999999999999,14.02005758869184
Томская область,2020-09-01,10.80038343073066,-0.7937016241842549,-0.7937016241842549,-0.0,-0.0,51.74461236588601,3.769999999999996,13.93473845040324
Томская область,2020-10-01,10.49364359106932,-1.2364929674992595,-1.2364929674992595,-0.0,-0.0,52.21924692732847,4.019999999999996,14.09740378976956
Томская область,2020-11-01,10.12294713166202,-1.3589786818048175,-1.3589786818048175,-0.0,-0.0,53.10334039774843,3.930000000000007,13.59337380481682
Томская область,2020-12-01,10.31724330510541,-1.7089361724181273,-1.7089361724181273,-0.0,-0.0,53.0255193520583,3.840000000000003,13.758566076702
Томская область,2021-01-01,9.948937687102779,3.0895976215913166,3.0895976215913166,0.0,0.0,53.29697335373979,4.280000000000001,13.8408646929136
Томская область,2021-02-01,11.03001577061044,-0.05176615786507455,-0.05176615786507455,-0.0,-0.0,53.87431433624197,4.219999999999999,13.86158484227957
Томская область,2021-03-01,10.33294740725739,-0.6104025253424652,-0.6104025253424652,-0.0,-0.0,54.30491378443625,4.239999999999995,13.85541116160688
Томская область,2021-04-01,10.44940780122667,-0.5967440618905293,-0.5967440618905293,-0.0,-0.0,55.03580523715919,4.709999999999994,13.98034600517717
Томская область,2021-05-01,10.31228291138987,-0.241937869195743,-0.241937869195743,-0.0,-0.0,54.66798202834233,4.280000000000001,13.98656007406567
Томская область,2021-06-01,10.66359102027321,-0.7676306960714552,-0.7676306960714552,-0.0,-0.0,55.34836635626895,4.920000000000002,13.50634156190868
Томская область,2021-07-01,10.17131377365527,0.08560806359759354,0.08560806359759354,0.0,0.0,56.32152612317286,5.239999999999995,13.89537876366003
Томская область,2021-08-01,10.68197618575813,0.3090771946763784,0.3090771946763784,0.0,0.0,56.32422494191416,5.650000000000006,13.71729250309657
Томская область,2021-09-01,11.04066049951156,-0.6460537301930689,-0.6460537301930689,-0.0,-0.0,57.43522301212634,6.489999999999995,13.60726558377493
Томская область,2021-10-01,10.88943171621981,-0.6175372517280238,-0.6175372517280238,-0.0,-0.0,58.17722456903513,6.340000000000003,13.6332210894477
Томская область,2021-11-01,11.2088004541305,-0.12114037446266934,-0.12114037446266934,-0.0,-0.0,59.87544682837308,6.810000000000002,13.59431817508946
Томская область,2021-12-01,11.13617527570196,-0.26721650241728057,-0.26721650241728057,-0.0,-0.0,59.93586656435244,7.909999999999997,13.48015289260443
Томская область,2022-01-01,11.05956509852159,0.27464209751393653,0.27464209751393653,0.0,0.0,60.21807052110485,7.469999999999999,13.4483766125263
Томская область,2022-02-01,11.88619516305718,-0.3501956198858558,-0.3501956198858558,-0.0,-0.0,62.58397027989037,8.319999999999993,12.92112339240056
Томская область,2022-03-01,11.67672335659282,4.941478356719127,4.941478356719127,0.0,0.0,63.21785043611232,8.629999999999995,13.3795972050139
Томская область,2022-04-01,11.42658459463208,1.4923126339086181,1.4923126339086181,0.0,0.0,62.32344549139156,17.22,14.14170613742793
Томская область,2022-05-01,15.26226142794104,-1.244790623444267,-1.244790623444267,-0.0,-0.0,60.1993929170452,19.33,13.92968509322199
Томская область,2022-06-01,16.33052764894498,-3.118179668249544,-3.118179668249544,-0.0,-0.0,59.79689737821495,17.62,13.99340938131185
Томская область,2022-07-01,14.42053636446366,-0.386746413724417,-0.386746413724417,-0.0,-0.0,59.73027099304936,16.51000000000001,14.58725221264527
Томская область,2022-08-01,13.36765194381515,-1.1110066252555733,-1.1110066252555733,-0.0,-0.0,59.26590868019657,15.53,14.34737697577428
Томская область,2022-09-01,12.63084639758013,1.7547062341946287,1.7547062341946287,0.0,0.0,59.23682739151903,14.09999999999999,14.34965971647
Томская область,2022-10-01,12.00281974079664,1.2482715752793254,1.2482715752793254,0.0,0.0,59.73984035152221,13.84,14.31146022173549
Томская область,2022-11-01,12.39405195463625,0.32653909912163215,0.32653909912163215,0.0,0.0,60.22408362190963,13.68000000000001,14.19282605411165
Томская область,2022-12-01,12.85946004256599,0.14955653030453497,0.14955653030453497,0.0,0.0,60.27306977246567,12.25,14.38060965651863
Томская область,2023-01-01,12.39533703153853,0.13967960707903515,0.13967960707903515,0.0,0.0,60.11641221598579,12.73999999999999,14.18615679522167
Томская область,2023-02-01,13.97172922438239,-1.9472998218897306,-1.9472998218897306,-0.0,-0.0,58.02342007219457,11.90000000000001,14.34356160041767
Томская область,2023-03-01,13.11878560540323,-0.4649545463768856,-0.4649545463768856,-0.0,-0.0,58.01214258469177,11.58,14.1767616620308
Томская область,2023-04-01,12.98602481109171,-0.5507806832459252,-0.5507806832459252,-0.0,-0.0,58.87570728679735,3.319999999999993,13.98480579531737
Томская область,2023-05-01,12.95341886979565,-0.46521849390664727,-0.46521849390664727,-0.0,-0.0,59.6882486592021,1.450000000000003,13.84851009285975
Томская область,2023-06-01,13.07955016793084,-0.5347109788556779,-0.5347109788556779,-0.0,-0.0,59.93081323737016,2.379999999999995,13.31403299289996
Томская область,2023-07-01,13.0645204714496,-0.5497632155639387,-0.5497632155639387,-0.0,-0.0,60.46774893930547,3.109999999999999,13.30247984760934
Томская область,2023-08-01,12.76887816953607,0.2078297309388475,0.2078297309388475,0.0,0.0,62.00878195525716,3.75,13.01308301716053
Томская область,2023-09-01,12.70625548928883,2.7050587479091437,2.7050587479091437,0.0,0.0,63.53608991157776,5.159999999999997,12.87726100442152
Томская область,2023-10-01,12.71927346953182,0.8633696772512707,0.8633696772512707,0.0,0.0,64.33766768347866,6.159999999999997,12.82631251627747
Томская область,2023-11-01,13.8386142443867,1.714265038508227,1.714265038508227,0.0,0.0,65.35046185273934,6.739999999999995,12.67766611241394
Томская область,2023-12-01,14.60904960678955,-1.5282051620880424,-1.5282051620880424,-0.0,-0.0,65.29317115029212,7.870000000000005,12.76723417586166
Томская область,2024-01-01,14.74651284602191,0.6818813931607863,0.6818813931607863,0.0,0.0,63.68070530105281,7.609999999999999,12.71852039913773
Томская область,2024-02-01,18.26330398003496,-1.5559611222700127,-1.5559611222700127,-0.0,-0.0,61.56322513954237,8.079999999999998,12.81239577423975
Томская область,2024-03-01,18.85451091860516,-0.03662363343873665,-0.03662363343873665,-0.0,-0.0,60.85019438765818,8.159999999999997,12.74149576325303
Томская область,2024-04-01,18.31183684005661,-0.07535756412256944,-0.07535756412256944,-0.0,-0.0,60.74261262942998,7.819999999999993,12.64980885460468
Томская область,2024-05-01,18.12376502148736,-1.8174537430626252,-1.8174537430626252,-0.0,-0.0,60.50826251780042,7.980000000000004,12.62798750831505
Томская область,2024-06-01,17.40844447531847,-0.4392507252018447,-0.4392507252018447,-0.0,-0.0,60.22111264582375,8.370000000000005,12.29165848854061
Томская область,2024-07-01,16.05017080097622,-0.5869739684411108,-0.5869739684411108,-0.0,-0.0,60.8147642058952,8.560000000000002,12.372540351741
Томская область,2024-08-01,20.4762039458609,1.4105522767729113,1.4105522767729113,0.0,0.0,59.79149394751996,9.64,11.49633528519476
Томская область,2024-09-01,20.28248335628297,-1.9115218364399809,-1.9115218364399809,-0.0,-0.0,59.63499642818185,9.019999999999996,11.46248716337479
Томская область,2024-10-01,19.7435591990545,0.667769408390896,0.667769408390896,0.0,0.0,59.06509803997891,8.799999999999997,11.46056301336815
Томская область,2024-11-01,19.75083561715413,2.039278586154861,2.039278586154861,0.0,0.0,58.92455888642638,8.090000000000003,11.28131449043691
Томская область,2024-12-01,19.24635393680614,0.34090421830265427,0.34090421830265427,0.0,0.0,55.99205826440775,9.170000000000002,11.39424056796459
Томская область,2025-01-01,18.96214207174739,0.24822008087726388,0.24822008087726388,0.0,0.0,53.74751099676202,9.400000000000006,11.93151886975394
Томская область,2025-02-01,23.27321033832776,0.31653560056003016,0.31653560056003016,0.0,0.0,53.02748067632074,9.950000000000003,11.96110998846505
Томская область,2025-03-01,21.16642859265527,0.41369500741819465,0.41369500741819465,0.0,0.0,52.16891110718129,10.40000000000001,12.23909243980146
Томская область,2025-04-01,21.67727878237111,0.5812476727093596,0.5812476727093596,0.0,0.0,51.7541165047301,10.93000000000001,12.5099941664218
Томская область,2025-05-01,20.08069114475709,0.3820181297639742,0.3820181297639742,0.0,0.0,50.70230548859238,10.73999999999999,12.4416215550147
Томская область,2025-06-01,19.80842764213197,0.6128194128495359,0.6128194128495359,0.0,0.0,50.32545956334818,10.23,12.55824843107963
Томская область,2025-07-01,20.17749750708276,-0.2977272507310609,-0.2977272507310609,-0.0,-0.0,49.7325249214425,9.829999999999998,13.00767028176037
Томская область,2025-08-01,19.58466993716302,-1.399483474742535,-1.399483474742535,-0.0,-0.0,49.24119746302069,8.689999999999998,12.18852268033117
Томская область,2025-09-01,19.10044844226146,0.2588989388809786,0.2588989388809786,0.0,0.0,49.36894454393941,8.269999999999996,12.24893864541726
Томская область,2025-10-01,18.25226150375632,-0.43597080805563593,-0.43597080805563593,-0.0,-0.0,49.04982799265131,7.670000000000002,12.32221017191003
Томская область,2025-11-01,18.14845708819555,-0.19410526130430839,-0.19410526130430839,-0.0,-0.0,48.90506780935966,8.189999999999998,12.17916295771548
Томская область,2025-12-01,17.79242807595375,0.2813157398373711,0.2813157398373711,0.0,0.0,48.67272249387447,6.030000000000001,12.41585909330717
Тульская область,2019-03-01,13.15084762916515,0.7128714995200838,0.0,0.0,0.0,49.26794256801782,5.230000000000004,13.43439754289358
Тульская область,2019-04-01,13.53254304961497,0.6911493920479934,0.0,0.0,0.0,49.71015403977369,5.329999999999998,13.45557742997538
Тульская область,2019-05-01,13.53158042985336,0.45783100689424217,0.0,0.0,0.0,50.0896223585958,5.280000000000001,13.31942678940434
Тульская область,2019-06-01,13.71138858033929,0.5041451542673663,0.0,0.0,0.0,50.54179853443258,5.060000000000002,13.28490658024432
Тульская область,2019-07-01,13.38653325160078,0.14629311794748645,0.0,0.0,0.0,50.74358536834589,3.950000000000003,13.06348576641103
Тульская область,2019-08-01,13.450829689756,0.061654111534494405,0.0,0.0,0.0,50.61613297293376,3.560000000000002,13.33173520402447
Тульская область,2019-09-01,13.08994181961316,0.2864871600654304,0.0,0.0,0.0,51.09846409441226,2.670000000000002,13.50415153173153
Тульская область,2019-10-01,12.92335864237619,0.199118629193201,0.0,0.0,0.0,51.57199978003781,3.170000000000002,13.64118711556645
Тульская область,2019-11-01,12.93142477909157,-0.3451712223245451,-0.0,-0.0,-0.0,51.21729659589032,2.980000000000004,13.53546158297758
Тульская область,2019-12-01,12.58009661805249,-0.11071296164861266,-0.0,-0.0,-0.0,51.54884730370011,2.799999999999997,13.54617146496432
Тульская область,2020-01-01,12.28429396327007,0.4934187707708695,0.0,0.0,0.0,51.4548025113348,2.140000000000001,13.43321105493074
Тульская область,2020-02-01,12.55691195897992,0.717717316165718,0.0,0.0,0.0,51.44197343288904,1.480000000000004,13.45225161731521
Тульская область,2020-03-01,12.26947552845997,0.5448138582658153,0.0,0.0,0.0,51.64850973040455,1.560000000000002,13.56236815943412
Тульская область,2020-04-01,12.0360336372195,0.24910450663146122,0.0,0.0,0.0,52.05477156309212,1.969999999999999,13.36041828751654
Тульская область,2020-05-01,12.03635931950951,0.12930980432325967,0.0,0.0,0.0,51.59963060401765,2.780000000000001,14.12528224374313
Тульская область,2020-06-01,11.77455596848131,0.4216232562547013,0.0,0.0,0.0,51.21159646472609,2.890000000000001,14.07811368969006
Тульская область,2020-07-01,11.6925113261661,-1.5016319110366503,-0.0,-0.0,-0.0,51.48502297427869,4.079999999999998,14.22714558513385
Тульская область,2020-08-01,11.20722709806976,-0.8645661305373835,-0.0,-0.0,-0.0,52.23077300039108,4.180000000000007,14.15928651365094
Тульская область,2020-09-01,10.98510458125293,-0.7937016241842549,-0.0,-0.0,-0.0,52.88942790147681,4.560000000000002,14.01665610572481
Тульская область,2020-10-01,10.64456051763333,-1.2364929674992595,-0.0,-0.0,-0.0,53.41505871310782,4.120000000000005,14.21635163133366
Тульская область,2020-11-01,10.25664644027212,-1.3589786818048175,-0.0,-0.0,-0.0,54.19222521192877,4.5,13.62538344703763
Тульская область,2020-12-01,10.52065309700887,-1.7089361724181273,-0.0,-0.0,-0.0,54.28379766517298,4.890000000000001,13.76336964166338
Тульская область,2021-01-01,10.42525015236858,3.0895976215913166,0.0,0.0,0.0,54.16389344025217,5.170000000000002,13.79432810080186
Тульская область,2021-02-01,10.84033594885202,-0.05176615786507455,-0.0,-0.0,-0.0,54.00646986374464,5.75,13.80361402220746
Тульская область,2021-03-01,10.49003750364457,-0.6104025253424652,-0.0,-0.0,-0.0,54.45895056375662,5.980000000000004,13.78748149012791
Тульская область,2021-04-01,10.40906592759495,-0.5967440618905293,-0.0,-0.0,-0.0,55.18518081893884,6.030000000000001,13.89043312660937
Тульская область,2021-05-01,10.30115941836234,-0.241937869195743,-0.0,-0.0,-0.0,55.61769543497558,5.459999999999994,13.98498067728933
Тульская область,2021-06-01,10.63003354295318,-0.7676306960714552,-0.0,-0.0,-0.0,56.24861376280984,6.269999999999996,13.44202594843903
Тульская область,2021-07-01,10.40073705011851,0.08560806359759354,0.0,0.0,0.0,56.95338825568152,6.909999999999997,13.86512683361871
Тульская область,2021-08-01,10.91857270085848,0.3090771946763784,0.0,0.0,0.0,57.31786817467484,6.890000000000001,13.68351980497215
Тульская область,2021-09-01,10.95967723264363,-0.6460537301930689,-0.0,-0.0,-0.0,58.01079525969848,7.299999999999997,13.5898608761243
Тульская область,2021-10-01,10.8808402593652,-0.6175372517280238,-0.0,-0.0,-0.0,58.49855366858569,8.14,13.63197822571638
Тульская область,2021-11-01,11.00393209461404,-0.12114037446266934,-0.0,-0.0,-0.0,58.81274548446829,9.299999999999997,13.58998922011265
Тульская область,2021-12-01,11.14832006453953,-0.26721650241728057,-0.0,-0.0,-0.0,58.64683326348698,9.370000000000005,13.40525109462261
Тульская область,2022-01-01,11.13844486009584,0.27464209751393653,0.0,0.0,0.0,58.90533116826634,9.120000000000005,13.33891461256696
Тульская область,2022-02-01,11.87544780817965,-0.3501956198858558,-0.0,-0.0,-0.0,59.32420796592886,9.760000000000005,12.78173965134438
Тульская область,2022-03-01,11.55969661819876,4.941478356719127,0.0,0.0,0.0,59.63195219457579,10.51000000000001,13.17105834260138
Тульская область,2022-04-01,11.41818340438042,1.4923126339086181,0.0,0.0,0.0,58.86949057434578,18.83,14.06095904301941
Тульская область,2022-05-01,16.10682636795388,-1.244790623444267,-0.0,-0.0,-0.0,57.092663100422,19.81,13.88203735322248
Тульская область,2022-06-01,15.63913098634465,-3.118179668249544,-0.0,-0.0,-0.0,56.28448015319503,19.01000000000001,14.00670901543178
Тульская область,2022-07-01,14.69062773700172,-0.386746413724417,-0.0,-0.0,-0.0,55.68824471542981,16.51000000000001,14.57307480718777
Тульская область,2022-08-01,13.14269587954138,-1.1110066252555733,-0.0,-0.0,-0.0,56.09144305584738,15.90000000000001,14.33788342203182
Тульская область,2022-09-01,12.65978402963613,1.7547062341946287,0.0,0.0,0.0,56.21178493622583,15.33,14.39122685740417
Тульская область,2022-10-01,11.93921124376518,1.2482715752793254,0.0,0.0,0.0,56.48424218112057,14.25,14.36827439738202
Тульская область,2022-11-01,12.30942907285009,0.32653909912163215,0.0,0.0,0.0,56.42327715591713,12.47,14.26276515854998
Тульская область,2022-12-01,12.19798562045752,0.14955653030453497,0.0,0.0,0.0,56.62557801483067,12.29000000000001,14.51123750650753
Тульская область,2023-01-01,11.94950785109199,0.13967960707903515,0.0,0.0,0.0,56.56038018581728,12.28,14.2734632240654
Тульская область,2023-02-01,13.76319128543987,-1.9472998218897306,-0.0,-0.0,-0.0,58.64744557721954,11.73999999999999,14.40880905561192
Тульская область,2023-03-01,12.9831033731154,-0.4649545463768856,-0.0,-0.0,-0.0,58.53144730145957,10.89,14.26233308441226
Тульская область,2023-04-01,12.84911948788931,-0.5507806832459252,-0.0,-0.0,-0.0,58.96722760200517,2.629999999999995,14.0037248083858
Тульская область,2023-05-01,12.66822049804696,-0.46521849390664727,-0.0,-0.0,-0.0,59.38431572137003,1.310000000000002,13.87039876194799
Тульская область,2023-06-01,12.89192676190551,-0.5347109788556779,-0.0,-0.0,-0.0,59.76879848673688,1.019999999999996,13.32549527714973
Тульская область,2023-07-01,12.76620502007859,-0.5497632155639387,-0.0,-0.0,-0.0,60.12843097362147,2.030000000000001,13.32984800495167
Тульская область,2023-08-01,12.54287404284458,0.2078297309388475,0.0,0.0,0.0,59.96726890347188,2.859999999999999,13.06942916972934
Тульская область,2023-09-01,12.11976794203939,2.7050587479091437,0.0,0.0,0.0,61.07302040061704,3.900000000000006,12.98923826007173
Тульская область,2023-10-01,12.35580635958138,0.8633696772512707,0.0,0.0,0.0,62.07560601552507,5.280000000000001,12.88923821594444
Тульская область,2023-11-01,13.1661649917275,1.714265038508227,0.0,0.0,0.0,62.46220110739493,6.25,12.69535693832218
Тульская область,2023-12-01,13.15899734095008,-1.5282051620880424,-0.0,-0.0,-0.0,62.67909188310167,6.510000000000005,12.75496291667213
Тульская область,2024-01-01,13.56856234717629,0.6818813931607863,0.0,0.0,0.0,61.29013690806013,6.590000000000003,12.81761000426079
Тульская область,2024-02-01,16.95660769750724,-1.5559611222700127,-0.0,-0.0,-0.0,61.10833299202593,6.349999999999994,12.90226639959391
Тульская область,2024-03-01,18.01239949736673,-0.03662363343873665,-0.0,-0.0,-0.0,60.78486303708399,6.310000000000002,12.7827512551213
Тульская область,2024-04-01,16.74482252196508,-0.07535756412256944,-0.0,-0.0,-0.0,61.05509884706767,6.140000000000001,12.67685844867074
Тульская область,2024-05-01,16.36046138104439,-1.8174537430626252,-0.0,-0.0,-0.0,60.87086812299324,6.640000000000001,12.62474676770976
Тульская область,2024-06-01,16.06442454520328,-0.4392507252018447,-0.0,-0.0,-0.0,61.01322107613123,7.390000000000001,12.24285011644455
Тульская область,2024-07-01,14.66993223787364,-0.5869739684411108,-0.0,-0.0,-0.0,61.74859693541793,8.030000000000001,12.32453833664235
Тульская область,2024-08-01,17.92648900595373,1.4105522767729113,0.0,0.0,0.0,60.8176403868796,8.650000000000006,11.39359208135514
Тульская область,2024-09-01,19.00378157220499,-1.9115218364399809,-0.0,-0.0,-0.0,60.45514994793662,8.590000000000003,11.37112599790185
Тульская область,2024-10-01,18.78389588310678,0.667769408390896,0.0,0.0,0.0,59.56119591277476,7.790000000000006,11.38553281904191
Тульская область,2024-11-01,18.37734223280131,2.039278586154861,0.0,0.0,0.0,59.2011747527488,7.959999999999994,11.24830347731773
Тульская область,2024-12-01,18.78448343380941,0.34090421830265427,0.0,0.0,0.0,55.9719824592452,8.700000000000003,11.3997613584996
Тульская область,2025-01-01,18.76196679048992,0.24822008087726388,0.0,0.0,0.0,53.57142745911015,9.349999999999994,12.0518912522752
Тульская область,2025-02-01,22.80923333966664,0.31653560056003016,0.0,0.0,0.0,51.8440674926254,10.06,12.02113078914294
Тульская область,2025-03-01,21.07702062707984,0.41369500741819465,0.0,0.0,0.0,50.88177753756899,10.81,12.30919440438182
Тульская область,2025-04-01,20.50415467466174,0.5812476727093596,0.0,0.0,0.0,50.14428784899949,11.41,12.60383888985715
Тульская область,2025-05-01,18.62043559166851,0.3820181297639742,0.0,0.0,0.0,49.33046739771167,11.45,12.51512519051041
Тульская область,2025-06-01,19.03429651165175,0.6128194128495359,0.0,0.0,0.0,48.73462637907884,10.63,12.57371384917326
Тульская область,2025-07-01,19.05465169580766,-0.2977272507310609,-0.0,-0.0,-0.0,48.03331245032897,10.11,13.05970418938388
Тульская область,2025-08-01,18.10468123282456,-1.399483474742535,-0.0,-0.0,-0.0,47.12770381163107,9.680000000000007,12.15941510086349
Тульская область,2025-09-01,17.76805986673524,0.2588989388809786,0.0,0.0,0.0,47.17032545827984,9.090000000000003,12.17795208956514
Тульская область,2025-10-01,16.84677352171657,-0.43597080805563593,-0.0,-0.0,-0.0,47.06645681077967,9.019999999999996,12.24535944587315
Тульская область,2025-11-01,16.24022482906223,-0.19410526130430839,-0.0,-0.0,-0.0,47.29242160459737,8.510000000000005,12.13017677669147
Тульская область,2025-12-01,16.21270016643069,0.2813157398373711,0.0,0.0,0.0,47.33901720903878,7.409999999999997,12.39251476275452
Тюменская область,2019-03-01,12.66831518213326,0.7128714995200838,0.0,0.7128714995200838,0.0,51.86733646646673,2.959999999999994,14.24981807352953
Тюменская область,2019-04-01,12.82189322296763,0.6911493920479934,0.0,0.6911493920479934,0.0,52.4793708332899,3.159999999999997,14.26396634262996
Тюменская область,2019-05-01,12.92013813233735,0.45783100689424217,0.0,0.45783100689424217,0.0,52.91675659448255,3.25,14.10686166635849
Тюменская область,2019-06-01,13.10917771287764,0.5041451542673663,0.0,0.5041451542673663,0.0,53.10558083411289,3.129999999999995,14.04401646000713
Тюменская область,2019-07-01,12.90228378833332,0.14629311794748645,0.0,0.14629311794748645,0.0,53.44720631674376,3.060000000000002,13.71540767972537
Тюменская область,2019-08-01,12.78726975592581,0.061654111534494405,0.0,0.061654111534494405,0.0,53.87451098384977,3.049999999999997,13.85537683706895
Тюменская область,2019-09-01,12.67424061499603,0.2864871600654304,0.0,0.2864871600654304,0.0,54.5079398068674,2.620000000000005,13.86835213012815
Тюменская область,2019-10-01,12.40837090381869,0.199118629193201,0.0,0.199118629193201,0.0,55.1339891273987,2.599999999999994,13.95634097051657
Тюменская область,2019-11-01,12.22585566740796,-0.3451712223245451,-0.0,-0.3451712223245451,-0.0,55.33474068089124,2.450000000000003,13.81777924319372
Тюменская область,2019-12-01,11.94729644399121,-0.11071296164861266,-0.0,-0.11071296164861266,-0.0,55.85551357761324,2.709999999999994,13.87984399871308
Тюменская область,2020-01-01,11.59621050484737,0.4934187707708695,0.0,0.4934187707708695,0.0,55.94737900727797,2.489999999999995,13.59818188221278
Тюменская область,2020-02-01,12.18103142658511,0.717717316165718,0.0,0.717717316165718,0.0,55.89475300290538,1.900000000000006,13.67937421119716
Тюменская область,2020-03-01,11.85649815201457,0.5448138582658153,0.0,0.5448138582658153,0.0,56.00568211183248,1.829999999999998,13.77040170753698
Тюменская область,2020-04-01,11.63376340618127,0.24910450663146122,0.0,0.24910450663146122,0.0,56.41599758172843,2.180000000000007,13.44354345334152
Тюменская область,2020-05-01,11.50452855067974,0.12930980432325967,0.0,0.12930980432325967,0.0,56.06832248296003,2.670000000000002,14.21941933681557
Тюменская область,2020-06-01,11.27169150646547,0.4216232562547013,0.0,0.4216232562547013,0.0,55.84565397812729,2.629999999999995,14.30682157337402
Тюменская область,2020-07-01,11.10323382597327,-1.5016319110366503,-0.0,-1.5016319110366503,-0.0,56.02390103147139,2.5,14.37604787248953
Тюменская область,2020-08-01,10.48773742145032,-0.8645661305373835,-0.0,-0.8645661305373835,-0.0,56.43818182046316,2.519999999999996,14.31175176973314
Тюменская область,2020-09-01,10.38183964344919,-0.7937016241842549,-0.0,-0.7937016241842549,-0.0,57.37594830648703,2.920000000000002,14.28057224506703
Тюменская область,2020-10-01,10.0098739687144,-1.2364929674992595,-0.0,-1.2364929674992595,-0.0,57.99033338249708,2.719999999999999,14.32720594035544
Тюменская область,2020-11-01,9.73823461401927,-1.3589786818048175,-0.0,-1.3589786818048175,-0.0,58.75763750157091,3.109999999999999,13.92047763603554
Тюменская область,2020-12-01,9.91009882481351,-1.7089361724181273,-0.0,-1.7089361724181273,-0.0,58.74690976428186,3.340000000000003,14.15340382683187
Тюменская область,2021-01-01,9.7136882895861,3.0895976215913166,0.0,3.0895976215913166,0.0,58.06684989625608,3.629999999999995,14.3195574182255
Тюменская область,2021-02-01,10.23973833945464,-0.05176615786507455,-0.0,-0.05176615786507455,-0.0,57.97268392911688,4.049999999999997,14.38722418966602
Тюменская область,2021-03-01,9.77875324247305,-0.6104025253424652,-0.0,-0.6104025253424652,-0.0,58.30124996842193,4.370000000000005,14.57747755045243
Тюменская область,2021-04-01,9.640465370811139,-0.5967440618905293,-0.0,-0.5967440618905293,-0.0,59.12598553157342,4.439999999999998,14.82689123507845
Тюменская область,2021-05-01,9.748919285718559,-0.241937869195743,-0.0,-0.241937869195743,-0.0,59.16100802680093,4.099999999999994,14.93384548108899
Тюменская область,2021-06-01,10.08978809001723,-0.7676306960714552,-0.0,-0.7676306960714552,-0.0,60.14375833329293,4.680000000000007,14.44638075394409
Тюменская область,2021-07-01,9.86415326186645,0.08560806359759354,0.0,0.08560806359759354,0.0,60.71594901224214,4.629999999999995,14.88338837416575
Тюменская область,2021-08-01,10.46352249266836,0.3090771946763784,0.0,0.3090771946763784,0.0,60.71948127661735,4.719999999999999,14.70152163633093
Тюменская область,2021-09-01,10.42370625853621,-0.6460537301930689,-0.0,-0.6460537301930689,-0.0,60.48759661693052,4.319999999999993,14.07120636941804
Тюменская область,2021-10-01,10.35077562649002,-0.6175372517280238,-0.0,-0.6175372517280238,-0.0,61.1646729408932,5.129999999999995,13.99210527102493
Тюменская область,2021-11-01,10.46749372297759,-0.12114037446266934,-0.0,-0.12114037446266934,-0.0,62.35204965590761,5.870000000000005,13.94961514352531
Тюменская область,2021-12-01,10.46575405762897,-0.26721650241728057,-0.0,-0.26721650241728057,-0.0,62.51179213952953,6.170000000000002,13.74126491387387
Тюменская область,2022-01-01,10.38924345564446,0.27464209751393653,0.0,0.27464209751393653,0.0,63.24630917485749,6.040000000000006,13.67649459388825
Тюменская область,2022-02-01,11.16218429282858,-0.3501956198858558,-0.0,-0.3501956198858558,-0.0,62.96343766261703,5.730000000000004,13.09197415919525
Тюменская область,2022-03-01,11.01983558540711,4.941478356719127,0.0,4.941478356719127,0.0,63.39445574882512,5.599999999999994,13.41980105303689
Тюменская область,2022-04-01,11.24987509446232,1.4923126339086181,0.0,1.4923126339086181,0.0,62.80179062398141,12.59,14.18973989703924
Тюменская область,2022-05-01,15.71008287671124,-1.244790623444267,-0.0,-1.244790623444267,-0.0,62.50491765417082,12.81,13.90789024090901
Тюменская область,2022-06-01,15.78186668542426,-3.118179668249544,-0.0,-3.118179668249544,-0.0,61.88901959973112,11.97,13.84541676247662
Тюменская область,2022-07-01,14.2726654238555,-0.386746413724417,-0.0,-0.386746413724417,-0.0,61.84772796545526,11.34,14.67889592409183
Тюменская область,2022-08-01,12.48920212643345,-1.1110066252555733,-0.0,-1.1110066252555733,-0.0,59.87877668635678,10.47,14.48487894706284
Тюменская область,2022-09-01,12.02479467789636,1.7547062341946287,0.0,1.7547062341946287,0.0,60.04409194536301,9.950000000000003,14.41883697076796
Тюменская область,2022-10-01,11.53943973214041,1.2482715752793254,0.0,1.2482715752793254,0.0,60.34476572978512,9.25,14.31788518975618
Тюменская область,2022-11-01,11.78915744402744,0.32653909912163215,0.0,0.32653909912163215,0.0,61.3316686211907,8.269999999999996,14.29311054443082
Тюменская область,2022-12-01,11.80336881293461,0.14955653030453497,0.0,0.14955653030453497,0.0,61.53379058941131,7.409999999999997,14.65195536125267
Тюменская область,2023-01-01,11.47382070440173,0.13967960707903515,0.0,0.13967960707903515,0.0,61.21438817651135,7.640000000000001,14.46858876722316
Тюменская область,2023-02-01,12.93566202160403,-1.9472998218897306,-0.0,-1.9472998218897306,-0.0,61.47008045145803,7.299999999999997,14.5997883475036
Тюменская область,2023-03-01,12.42830562523677,-0.4649545463768856,-0.0,-0.4649545463768856,-0.0,61.44409752977658,6.719999999999999,14.45209965836019
Тюменская область,2023-04-01,12.28713368012831,-0.5507806832459252,-0.0,-0.5507806832459252,-0.0,62.09663138458992,-0.2800000000000011,14.22233862829554
Тюменская область,2023-05-01,12.09927670310454,-0.46521849390664727,-0.0,-0.46521849390664727,-0.0,62.07460451387627,-0.5600000000000023,14.07395295168632
Тюменская область,2023-06-01,12.32155454277912,-0.5347109788556779,-0.0,-0.5347109788556779,-0.0,62.54076514725057,-0.4399999999999977,13.50100288489786
Тюменская область,2023-07-01,12.24357842528597,-0.5497632155639387,-0.0,-0.5497632155639387,-0.0,63.30483435978111,0.269999999999996,13.51009253163605
Тюменская область,2023-08-01,12.13408475861855,0.2078297309388475,0.0,0.2078297309388475,0.0,63.19889830724139,0.8199999999999932,13.23873947427752
Тюменская область,2023-09-01,11.90440852022265,2.7050587479091437,0.0,2.7050587479091437,0.0,64.81171191691922,1.549999999999997,13.17465533990802
Тюменская область,2023-10-01,12.05724317366451,0.8633696772512707,0.0,0.8633696772512707,0.0,66.12883510252878,2.459999999999994,13.11172235776454
Тюменская область,2023-11-01,13.40478005846859,1.714265038508227,0.0,1.714265038508227,0.0,64.88139731830243,3.310000000000002,12.8894558247799
Тюменская область,2023-12-01,13.820600521977,-1.5282051620880424,-0.0,-1.5282051620880424,-0.0,64.64116314153794,4.959999999999994,13.07682426438868
Тюменская область,2024-01-01,13.68574463144755,0.6818813931607863,0.0,0.6818813931607863,0.0,63.57953786837906,4.799999999999997,12.89690980167524
Тюменская область,2024-02-01,17.34673385199431,-1.5559611222700127,-0.0,-1.5559611222700127,-0.0,64.34098680008331,5.730000000000004,13.03842759846221
Тюменская область,2024-03-01,18.39128591790189,-0.03662363343873665,-0.0,-0.03662363343873665,-0.0,63.99904553037415,6.099999999999994,12.9155663485944
Тюменская область,2024-04-01,17.58617265125076,-0.07535756412256944,-0.0,-0.07535756412256944,-0.0,63.48370308431841,6.599999999999994,12.85681775263746
Тюменская область,2024-05-01,17.20262453629752,-1.8174537430626252,-0.0,-1.8174537430626252,-0.0,62.94837797288816,7.019999999999996,12.80361123180923
Тюменская область,2024-06-01,16.70946383455375,-0.4392507252018447,-0.0,-0.4392507252018447,-0.0,62.7479560062386,7.019999999999996,12.49572924218214
Тюменская область,2024-07-01,15.27615290644919,-0.5869739684411108,-0.0,-0.5869739684411108,-0.0,63.51229010090358,7.129999999999995,12.52978413551597
Тюменская область,2024-08-01,19.60746770944373,1.4105522767729113,0.0,1.4105522767729113,0.0,62.95802023254071,7.590000000000003,11.642107746041
Тюменская область,2024-09-01,19.82727122223476,-1.9115218364399809,-0.0,-1.9115218364399809,-0.0,62.80697061951861,7.719999999999999,11.61045315398491
Тюменская область,2024-10-01,19.16775072930778,0.667769408390896,0.0,0.667769408390896,0.0,61.49317969184117,7.609999999999999,11.60261450865041
Тюменская область,2024-11-01,19.25891194508973,2.039278586154861,0.0,2.039278586154861,0.0,60.7602053865657,7.590000000000003,11.44857508136917
Тюменская область,2024-12-01,19.87104589506634,0.34090421830265427,0.0,0.34090421830265427,0.0,59.60241886192335,7.180000000000007,11.58533694307949
Тюменская область,2025-01-01,19.07534411293364,0.24822008087726388,0.0,0.24822008087726388,0.0,57.20695212077526,7.769999999999996,12.17079642743901
Тюменская область,2025-02-01,23.2778656069759,0.31653560056003016,0.0,0.31653560056003016,0.0,56.07425058096388,8.36,12.22591871944245
Тюменская область,2025-03-01,20.73917479946884,0.41369500741819465,0.0,0.41369500741819465,0.0,55.44840804528114,8.86,12.50080056012116
Тюменская область,2025-04-01,21.20942944328022,0.5812476727093596,0.0,0.5812476727093596,0.0,55.3070562156522,9.049999999999997,12.78302427972245
Тюменская область,2025-05-01,20.89159265444621,0.3820181297639742,0.0,0.3820181297639742,0.0,54.89071857695191,8.680000000000007,12.71529495022745
Тюменская область,2025-06-01,19.07268733629084,0.6128194128495359,0.0,0.6128194128495359,0.0,54.5331776604428,8.799999999999997,12.85768983741091
Тюменская область,2025-07-01,18.72053488722071,-0.2977272507310609,-0.0,-0.2977272507310609,-0.0,53.97420088087664,8.129999999999995,13.25756785582956
Тюменская область,2025-08-01,18.13688019504606,-1.399483474742535,-0.0,-1.399483474742535,-0.0,53.47283811686276,7.930000000000007,12.40306917529691
Тюменская область,2025-09-01,17.87265324084279,0.2588989388809786,0.0,0.2588989388809786,0.0,53.75866077156294,7.260000000000005,12.52255301902431
Тюменская область,2025-10-01,17.31002544553592,-0.43597080805563593,-0.0,-0.43597080805563593,-0.0,53.73601771650749,6.870000000000005,12.54842151555628
Тюменская область,2025-11-01,16.8201994382567,-0.19410526130430839,-0.0,-0.19410526130430839,-0.0,53.80436212359649,6.739999999999995,12.48510251581317
Тюменская область,2025-12-01,16.43533554023135,0.2813157398373711,0.0,0.2813157398373711,0.0,53.81293000430958,5.700000000000003,12.71642322059849
Удмуртская Республика,2019-03-01,13.33570362684463,0.7128714995200838,0.0,0.0,0.0,63.17105801712182,4.280000000000001,13.87518916001025
Удмуртская Республика,2019-04-01,13.49488090660803,0.6911493920479934,0.0,0.0,0.0,63.98469766639067,4.030000000000001,13.88518064473297
Удмуртская Республика,2019-05-01,13.77252372128366,0.45783100689424217,0.0,0.0,0.0,64.09987712646688,4.049999999999997,13.80164316912218
Удмуртская Республика,2019-06-01,13.89114270526667,0.5041451542673663,0.0,0.0,0.0,64.61293994731572,3.790000000000006,13.76417324837
Удмуртская Республика,2019-07-01,13.632706491798,0.14629311794748645,0.0,0.0,0.0,65.1759834179039,3.209999999999994,13.53976813922985
Удмуртская Республика,2019-08-01,13.61693042660974,0.061654111534494405,0.0,0.0,0.0,66.45890631405173,3.310000000000002,13.7414663333104
Удмуртская Республика,2019-09-01,13.37958340892004,0.2864871600654304,0.0,0.0,0.0,67.24564514986523,3.319999999999993,13.78534270458636
Удмуртская Республика,2019-10-01,12.98158735992567,0.199118629193201,0.0,0.0,0.0,68.06554958677853,3.159999999999997,13.89071019569921
Удмуртская Республика,2019-11-01,12.95376272986991,-0.3451712223245451,-0.0,-0.0,-0.0,67.07577989985549,3.060000000000002,13.77417943779203
Удмуртская Республика,2019-12-01,12.62385196190932,-0.11071296164861266,-0.0,-0.0,-0.0,67.53494339035797,2.769999999999996,13.81691782938333
Удмуртская Республика,2020-01-01,12.27076547732619,0.4934187707708695,0.0,0.0,0.0,67.78331761420664,2.430000000000007,13.73735226049232
Удмуртская Республика,2020-02-01,12.8000046068783,0.717717316165718,0.0,0.0,0.0,68.10925541810656,1.890000000000001,13.63406138805123
Удмуртская Республика,2020-03-01,12.58366657869719,0.5448138582658153,0.0,0.0,0.0,68.23523186245484,1.849999999999994,13.76339180761379
Удмуртская Республика,2020-04-01,12.19134393458541,0.24910450663146122,0.0,0.0,0.0,68.79600058206499,2.349999999999994,13.47600041439927
Удмуртская Республика,2020-05-01,11.98335514280734,0.12930980432325967,0.0,0.0,0.0,67.92899896837163,2.730000000000004,14.37853787648274
Удмуртская Республика,2020-06-01,11.50507332911546,0.4216232562547013,0.0,0.0,0.0,67.94946434460269,3.019999999999996,14.36717297031912
Удмуртская Республика,2020-07-01,11.31004465770536,-1.5016319110366503,-0.0,-0.0,-0.0,68.22945530809429,3.420000000000002,14.53637407108323
Удмуртская Республика,2020-08-01,10.99933887012821,-0.8645661305373835,-0.0,-0.0,-0.0,66.49893501103381,3.519999999999996,14.49222443794905
Удмуртская Республика,2020-09-01,10.88022340533512,-0.7937016241842549,-0.0,-0.0,-0.0,67.5498896386634,3.409999999999997,14.37457034353078
Удмуртская Республика,2020-10-01,10.39937991983849,-1.2364929674992595,-0.0,-0.0,-0.0,68.57336636658958,3.540000000000006,14.56108246972706
Удмуртская Республика,2020-11-01,10.23820301012996,-1.3589786818048175,-0.0,-0.0,-0.0,72.93840988937394,3.909999999999997,13.94514465965621
Удмуртская Республика,2020-12-01,10.47604842575503,-1.7089361724181273,-0.0,-0.0,-0.0,73.49633446916211,4.810000000000002,14.11865594274538
Удмуртская Республика,2021-01-01,10.01340452872913,3.0895976215913166,0.0,0.0,0.0,73.7689305341023,5.150000000000006,14.16169529380433
Удмуртская Республика,2021-02-01,10.86303154395106,-0.05176615786507455,-0.0,-0.0,-0.0,73.80342752343834,5.310000000000002,14.19780312994738
Удмуртская Республика,2021-03-01,10.39242823181007,-0.6104025253424652,-0.0,-0.0,-0.0,74.26715064235167,5.890000000000001,14.162638062969
Удмуртская Республика,2021-04-01,10.30897946641266,-0.5967440618905293,-0.0,-0.0,-0.0,74.96727150057121,6.010000000000005,14.21316999224743
Удмуртская Республика,2021-05-01,10.40785030795203,-0.241937869195743,-0.0,-0.0,-0.0,76.83787533555322,5.859999999999999,14.35675386919948
Удмуртская Республика,2021-06-01,10.72696791107733,-0.7676306960714552,-0.0,-0.0,-0.0,78.26659414335556,5.930000000000007,13.74708183130565
Удмуртская Республика,2021-07-01,10.33113607389245,0.08560806359759354,0.0,0.0,0.0,79.79527289467714,5.939999999999998,14.14567065943469
Удмуртская Республика,2021-08-01,10.70787326976178,0.3090771946763784,0.0,0.0,0.0,81.28981327534312,6.060000000000002,13.97767427696187
Удмуртская Республика,2021-09-01,11.00727749205206,-0.6460537301930689,-0.0,-0.0,-0.0,82.62768679198102,6.459999999999994,13.90648033072063
Удмуртская Республика,2021-10-01,10.60262129621549,-0.6175372517280238,-0.0,-0.0,-0.0,83.37258930143902,7.329999999999998,13.9664551266919
Удмуртская Республика,2021-11-01,10.78435051353821,-0.12114037446266934,-0.0,-0.0,-0.0,83.32300555894793,8.409999999999997,13.9325232692441
Удмуртская Республика,2021-12-01,10.78521737218664,-0.26721650241728057,-0.0,-0.0,-0.0,83.35035544349728,8.540000000000006,13.77344693625634
Удмуртская Республика,2022-01-01,10.64897227098818,0.27464209751393653,0.0,0.0,0.0,83.69622777362954,8.709999999999994,13.7576580871753
Удмуртская Республика,2022-02-01,11.36778671820748,-0.3501956198858558,-0.0,-0.0,-0.0,86.04473324936801,9.180000000000007,13.22465463483437
Удмуртская Республика,2022-03-01,11.0561132597997,4.941478356719127,0.0,0.0,0.0,87.0218690146287,9.39,13.49315293701708
Удмуртская Республика,2022-04-01,10.19122536614683,1.4923126339086181,0.0,0.0,0.0,87.1314291656205,18.70999999999999,14.32260825927213
Удмуртская Республика,2022-05-01,14.30760077112047,-1.244790623444267,-0.0,-0.0,-0.0,87.19435027374487,19.26000000000001,14.1946887705404
Удмуртская Республика,2022-06-01,16.63725689198515,-3.118179668249544,-0.0,-0.0,-0.0,85.59664885826604,18.98999999999999,14.27862683614276
Удмуртская Республика,2022-07-01,14.77043466685153,-0.386746413724417,-0.0,-0.0,-0.0,84.64946611293823,17.81999999999999,14.95976555437742
Удмуртская Республика,2022-08-01,12.9840570379672,-1.1110066252555733,-0.0,-0.0,-0.0,82.378518819576,16.65000000000001,14.68994229656719
Удмуртская Республика,2022-09-01,12.96654909850192,1.7547062341946287,0.0,0.0,0.0,81.94365485249352,15.76000000000001,14.71548467703948
Удмуртская Республика,2022-10-01,12.03450559456218,1.2482715752793254,0.0,0.0,0.0,82.2044555702867,14.79000000000001,14.69835429782473
Удмуртская Республика,2022-11-01,11.78807767097027,0.32653909912163215,0.0,0.0,0.0,83.08989712556962,13.45999999999999,14.57838517434702
Удмуртская Республика,2022-12-01,11.70577969344356,0.14955653030453497,0.0,0.0,0.0,83.34864446527563,13.03,14.76233815632655
Удмуртская Республика,2023-01-01,11.16529550818577,0.13967960707903515,0.0,0.0,0.0,83.45023859993225,12.83,14.53857597986058
Удмуртская Республика,2023-02-01,13.32919325939239,-1.9472998218897306,-0.0,-0.0,-0.0,83.88539491531688,12.77,14.68769187642111
Удмуртская Республика,2023-03-01,12.61287948656249,-0.4649545463768856,-0.0,-0.0,-0.0,83.70819657229941,12.13,14.53933605136993
Удмуртская Республика,2023-04-01,12.41837283533353,-0.5507806832459252,-0.0,-0.0,-0.0,84.25211115064974,3.349999999999994,14.3740576417748
Удмуртская Республика,2023-05-01,12.59869860473391,-0.46521849390664727,-0.0,-0.0,-0.0,81.89485834923389,2.829999999999998,14.29264555338652
Удмуртская Республика,2023-06-01,12.72595910710344,-0.5347109788556779,-0.0,-0.0,-0.0,82.53032431555192,2.920000000000002,13.58151910843363
Удмуртская Республика,2023-07-01,12.66113113165656,-0.5497632155639387,-0.0,-0.0,-0.0,83.43962785573525,3.840000000000003,13.59902930538636
Удмуртская Республика,2023-08-01,12.51942901498744,0.2078297309388475,0.0,0.0,0.0,83.34795892411876,4.799999999999997,13.30156082749808
Удмуртская Республика,2023-09-01,12.09244345777328,2.7050587479091437,0.0,0.0,0.0,85.1704194255954,5.579999999999998,13.18728656432842
Удмуртская Республика,2023-10-01,11.77865840422528,0.8633696772512707,0.0,0.0,0.0,86.69424963564303,6.590000000000003,13.1023467803636
Удмуртская Республика,2023-11-01,13.2474747548798,1.714265038508227,0.0,0.0,0.0,90.06326460807114,7.25,12.92571658598323
Удмуртская Республика,2023-12-01,13.32408363718369,-1.5282051620880424,-0.0,-0.0,-0.0,90.4959018551548,7.439999999999998,12.94218946415361
Удмуртская Республика,2024-01-01,12.96571881533495,0.6818813931607863,0.0,0.0,0.0,89.80277047941189,7.439999999999998,13.01511966841057
Удмуртская Республика,2024-02-01,16.70271216533212,-1.5559611222700127,-0.0,-0.0,-0.0,90.84074334007558,7.430000000000007,13.07714637884959
Удмуртская Республика,2024-03-01,18.2601112452573,-0.03662363343873665,-0.0,-0.0,-0.0,90.15483228780089,7.930000000000007,12.96536503570774
Удмуртская Республика,2024-04-01,17.07233218911347,-0.07535756412256944,-0.0,-0.0,-0.0,90.08760405188191,8.150000000000006,12.87595508792022
Удмуртская Республика,2024-05-01,16.2905092725254,-1.8174537430626252,-0.0,-0.0,-0.0,87.55067602281754,8.159999999999997,12.87756084929273
Удмуртская Республика,2024-06-01,16.03350733016425,-0.4392507252018447,-0.0,-0.0,-0.0,87.80131560096022,8.349999999999994,12.48780285471739
Удмуртская Республика,2024-07-01,14.26367114644687,-0.5869739684411108,-0.0,-0.0,-0.0,88.61289711598708,8.450000000000003,12.55242517936926
Удмуртская Республика,2024-08-01,18.70158420812749,1.4105522767729113,0.0,0.0,0.0,87.6872353772711,9.349999999999994,11.58688648292668
Удмуртская Республика,2024-09-01,18.94911689415827,-1.9115218364399809,-0.0,-0.0,-0.0,87.39115230959574,9.230000000000004,11.54441408132647
Удмуртская Республика,2024-10-01,18.67519139977575,0.667769408390896,0.0,0.0,0.0,86.62417083523887,8.870000000000005,11.55101040161642
Удмуртская Республика,2024-11-01,18.75117589784765,2.039278586154861,0.0,0.0,0.0,86.19152308485116,8.870000000000005,11.36660031382824
Удмуртская Республика,2024-12-01,18.26553984287424,0.34090421830265427,0.0,0.0,0.0,83.39136688373738,9.5,11.5315163308563
Удмуртская Республика,2025-01-01,17.41639359812754,0.24822008087726388,0.0,0.0,0.0,80.59996588567193,10.38,12.19265417432484
Удмуртская Республика,2025-02-01,22.19575664676125,0.31653560056003016,0.0,0.0,0.0,79.81036685228304,11.0,12.15668916662853
Удмуртская Республика,2025-03-01,20.2736589922816,0.41369500741819465,0.0,0.0,0.0,78.44257485600717,11.05,12.44623212977756
Удмуртская Республика,2025-04-01,19.10500961160991,0.5812476727093596,0.0,0.0,0.0,77.53014609545048,11.09,12.72739879506817
Удмуртская Республика,2025-05-01,18.83520144986024,0.3820181297639742,0.0,0.0,0.0,75.00462111020538,10.98999999999999,12.6699882931156
Удмуртская Республика,2025-06-01,18.281207454456,0.6128194128495359,0.0,0.0,0.0,74.26819340100361,10.65000000000001,12.73773373208277
Удмуртская Республика,2025-07-01,17.94570334638844,-0.2977272507310609,-0.0,-0.0,-0.0,73.48520093554069,10.91,13.12734413773116
Удмуртская Республика,2025-08-01,17.33910384109648,-1.399483474742535,-0.0,-0.0,-0.0,72.46370207064776,10.02,12.32283629391351
Удмуртская Республика,2025-09-01,16.6213980497293,0.2588989388809786,0.0,0.0,0.0,72.55284170917898,9.090000000000003,12.34871372722374
Удмуртская Республика,2025-10-01,16.54681885980541,-0.43597080805563593,-0.0,-0.0,-0.0,72.45124235684173,9.010000000000005,12.35105719722227
Удмуртская Республика,2025-11-01,15.93908428520844,-0.19410526130430839,-0.0,-0.0,-0.0,72.6299841909096,8.629999999999995,12.24308143062131
Удмуртская Республика,2025-12-01,15.4554878231787,0.2813157398373711,0.0,0.0,0.0,72.5690234878583,7.670000000000002,12.50362305071881
Ульяновская область,2019-03-01,13.45506237324554,0.7128714995200838,0.0,0.0,0.0,61.72136070885226,5.530000000000001,13.87458501120678
Ульяновская область,2019-04-01,13.77037764157152,0.6911493920479934,0.0,0.0,0.0,62.14062180961737,5.730000000000004,13.93141866759216
Ульяновская область,2019-05-01,13.89361151931766,0.45783100689424217,0.0,0.0,0.0,63.44926430982277,5.579999999999998,13.83277252764157
Ульяновская область,2019-06-01,14.12518140898539,0.5041451542673663,0.0,0.0,0.0,63.7309236889064,5.340000000000003,13.80680623164659
Ульяновская область,2019-07-01,13.77023642994632,0.14629311794748645,0.0,0.0,0.0,63.87237666166671,5.069999999999993,13.53182812008039
Ульяновская область,2019-08-01,13.82724558342037,0.061654111534494405,0.0,0.0,0.0,63.3455486574242,4.650000000000006,13.78026279599554
Ульяновская область,2019-09-01,13.601402720909,0.2864871600654304,0.0,0.0,0.0,63.74725302709236,4.769999999999996,13.87666276419859
Ульяновская область,2019-10-01,13.38446511475819,0.199118629193201,0.0,0.0,0.0,64.18140842554153,4.439999999999998,14.02330319790784
Ульяновская область,2019-11-01,13.18089974351636,-0.3451712223245451,-0.0,-0.0,-0.0,64.19065884776116,3.969999999999999,13.93860540515588
Ульяновская область,2019-12-01,12.98116600988387,-0.11071296164861266,-0.0,-0.0,-0.0,64.17092220921775,3.290000000000006,13.94261476430719
Ульяновская область,2020-01-01,12.5427298618035,0.4934187707708695,0.0,0.0,0.0,64.00454931191236,2.890000000000001,13.80632410087041
Ульяновская область,2020-02-01,12.90591894791291,0.717717316165718,0.0,0.0,0.0,64.95129273459949,2.219999999999999,13.72637409340965
Ульяновская область,2020-03-01,12.79963318659591,0.5448138582658153,0.0,0.0,0.0,65.06754096302336,2.359999999999999,13.86967202034056
Ульяновская область,2020-04-01,12.50617657932926,0.24910450663146122,0.0,0.0,0.0,65.56916186367087,2.510000000000005,13.59838165179699
Ульяновская область,2020-05-01,12.02321180997603,0.12930980432325967,0.0,0.0,0.0,66.03627851387077,3.120000000000005,14.47441811585581
Ульяновская область,2020-06-01,12.05974839274799,0.4216232562547013,0.0,0.0,0.0,65.83573516074964,3.239999999999995,14.43090169369244
Ульяновская область,2020-07-01,11.79321880201603,-1.5016319110366503,-0.0,-0.0,-0.0,66.0869013113293,3.650000000000006,14.5833680369736
Ульяновская область,2020-08-01,11.27942164335249,-0.8645661305373835,-0.0,-0.0,-0.0,65.82918007143508,3.939999999999998,14.54556181899298
Ульяновская область,2020-09-01,11.35373731359202,-0.7937016241842549,-0.0,-0.0,-0.0,66.50162007387227,4.019999999999996,14.41495572808307
Ульяновская область,2020-10-01,10.87627183163961,-1.2364929674992595,-0.0,-0.0,-0.0,67.07141036152436,4.060000000000002,14.63392688997526
Ульяновская область,2020-11-01,10.66456845613447,-1.3589786818048175,-0.0,-0.0,-0.0,67.17740840266337,4.730000000000004,14.01162205465986
Ульяновская область,2020-12-01,10.79272560676267,-1.7089361724181273,-0.0,-0.0,-0.0,66.94658702655862,5.349999999999994,14.2126010253445
Ульяновская область,2021-01-01,10.51501554831356,3.0895976215913166,0.0,0.0,0.0,67.00385040504801,5.719999999999999,14.18858783822668
Ульяновская область,2021-02-01,11.27429051870334,-0.05176615786507455,-0.0,-0.0,-0.0,66.48421354705691,6.060000000000002,14.23352724151945
Ульяновская область,2021-03-01,10.78131776119138,-0.6104025253424652,-0.0,-0.0,-0.0,66.80227490325106,6.579999999999998,14.20332434744133
Ульяновская область,2021-04-01,10.68582279042485,-0.5967440618905293,-0.0,-0.0,-0.0,67.51836461432804,6.939999999999998,14.27109698999514
Ульяновская область,2021-05-01,10.7817360863934,-0.241937869195743,-0.0,-0.0,-0.0,67.93552784962245,6.519999999999996,14.41237031756325
Ульяновская область,2021-06-01,10.9913091867452,-0.7676306960714552,-0.0,-0.0,-0.0,68.73125901433794,6.780000000000001,13.80912788240972
Ульяновская область,2021-07-01,10.65702131227136,0.08560806359759354,0.0,0.0,0.0,69.69453170098348,7.150000000000006,14.19405814249506
Ульяновская область,2021-08-01,11.25188344824499,0.3090771946763784,0.0,0.0,0.0,70.01188687286066,6.870000000000005,14.04459895521346
Ульяновская область,2021-09-01,11.34518688526726,-0.6460537301930689,-0.0,-0.0,-0.0,70.69212377244062,6.989999999999995,13.94464983638946
Ульяновская область,2021-10-01,11.27485411264688,-0.6175372517280238,-0.0,-0.0,-0.0,71.11806571129554,7.870000000000005,14.01113154166728
Ульяновская область,2021-11-01,11.39095124504789,-0.12114037446266934,-0.0,-0.0,-0.0,71.5768004278244,8.280000000000001,13.93125405491729
Ульяновская область,2021-12-01,11.33947321845612,-0.26721650241728057,-0.0,-0.0,-0.0,71.4903530650143,9.180000000000007,13.74852750747596
Ульяновская область,2022-01-01,11.10260887087977,0.27464209751393653,0.0,0.0,0.0,71.61335139238435,8.760000000000005,13.75763878990944
Ульяновская область,2022-02-01,11.98925913410614,-0.3501956198858558,-0.0,-0.0,-0.0,71.69650714006637,9.760000000000005,13.19768628335059
Ульяновская область,2022-03-01,11.72939938237863,4.941478356719127,0.0,0.0,0.0,72.04533779162409,9.780000000000001,13.50238296951497
Ульяновская область,2022-04-01,11.32237730100181,1.4923126339086181,0.0,0.0,0.0,71.1909615084962,17.59999999999999,14.41589775598924
Ульяновская область,2022-05-01,16.18994512044745,-1.244790623444267,-0.0,-0.0,-0.0,69.44954085496012,18.31,14.2520482329986
Ульяновская область,2022-06-01,16.59201290486738,-3.118179668249544,-0.0,-0.0,-0.0,68.28626023954057,17.75,14.35863324361235
Ульяновская область,2022-07-01,14.89968041072158,-0.386746413724417,-0.0,-0.0,-0.0,67.34161888479375,16.68000000000001,15.03787922640688
Ульяновская область,2022-08-01,13.22834464302995,-1.1110066252555733,-0.0,-0.0,-0.0,66.99164357207626,15.98999999999999,14.78046324518508
Ульяновская область,2022-09-01,12.57450829993289,1.7547062341946287,0.0,0.0,0.0,66.67166024459573,15.61,14.82908599994811
Ульяновская область,2022-10-01,12.47991557808847,1.2482715752793254,0.0,0.0,0.0,66.85259819251671,15.0,14.84190064659374
Ульяновская область,2022-11-01,12.68156400198349,0.32653909912163215,0.0,0.0,0.0,66.18816866928225,14.47,14.72470773618596
Ульяновская область,2022-12-01,12.88040729230122,0.14955653030453497,0.0,0.0,0.0,65.86435269866399,13.17,14.94700094173608
Ульяновская область,2023-01-01,12.06734566450797,0.13967960707903515,0.0,0.0,0.0,65.8718658104548,13.5,14.69003574588164
Ульяновская область,2023-02-01,14.09419308230293,-1.9472998218897306,-0.0,-0.0,-0.0,66.8301108697451,13.20999999999999,14.86348107058363
Ульяновская область,2023-03-01,13.07787203180185,-0.4649545463768856,-0.0,-0.0,-0.0,66.29574457608847,12.64,14.70257905137899
Ульяновская область,2023-04-01,13.27070725706563,-0.5507806832459252,-0.0,-0.0,-0.0,66.43143191176026,4.790000000000006,14.51603451389829
Ульяновская область,2023-05-01,12.84514630704328,-0.46521849390664727,-0.0,-0.0,-0.0,66.00561934791253,4.099999999999994,14.40236438260277
Ульяновская область,2023-06-01,13.24630678895269,-0.5347109788556779,-0.0,-0.0,-0.0,66.34055248995134,4.150000000000006,13.71233732051416
Ульяновская область,2023-07-01,13.19519502321722,-0.5497632155639387,-0.0,-0.0,-0.0,66.69456356400238,4.739999999999995,13.72997755403918
Ульяновская область,2023-08-01,12.96170555380967,0.2078297309388475,0.0,0.0,0.0,65.9509217893279,5.450000000000003,13.43072867637025
Ульяновская область,2023-09-01,12.58641972833649,2.7050587479091437,0.0,0.0,0.0,67.17239405322817,5.370000000000005,13.31803043567638
Ульяновская область,2023-10-01,12.77846368433986,0.8633696772512707,0.0,0.0,0.0,68.33294444316202,6.290000000000006,13.21356827002847
Ульяновская область,2023-11-01,13.76844690853434,1.714265038508227,0.0,0.0,0.0,69.7357110603877,6.400000000000006,12.96631465614467
Ульяновская область,2023-12-01,14.03082580633275,-1.5282051620880424,-0.0,-0.0,-0.0,69.70516534340365,7.329999999999998,12.99478891121682
Ульяновская область,2024-01-01,14.17842922255552,0.6818813931607863,0.0,0.0,0.0,67.81803292587578,7.459999999999994,13.0345794592661
Ульяновская область,2024-02-01,17.89950036832862,-1.5559611222700127,-0.0,-0.0,-0.0,70.52164818274072,7.0,13.12522993610729
Ульяновская область,2024-03-01,19.11797376170141,-0.03662363343873665,-0.0,-0.0,-0.0,69.81606449715225,7.040000000000006,13.00318503196364
Ульяновская область,2024-04-01,18.18569204983632,-0.07535756412256944,-0.0,-0.0,-0.0,69.74509311657559,6.640000000000001,12.90639564613538
Ульяновская область,2024-05-01,17.33891475885991,-1.8174537430626252,-0.0,-0.0,-0.0,66.87993336713741,6.340000000000003,12.89608054556744
Ульяновская область,2024-06-01,17.02853146331865,-0.4392507252018447,-0.0,-0.0,-0.0,67.00832403461948,6.900000000000006,12.51365947440386
Ульяновская область,2024-07-01,15.20461373102629,-0.5869739684411108,-0.0,-0.0,-0.0,67.8455736825702,7.180000000000007,12.56930024844908
Ульяновская область,2024-08-01,19.591000736106,1.4105522767729113,0.0,0.0,0.0,66.87641140731483,8.349999999999994,11.60125406305349
Ульяновская область,2024-09-01,19.6090185874144,-1.9115218364399809,-0.0,-0.0,-0.0,66.60205145486881,8.780000000000001,11.57432187643401
Ульяновская область,2024-10-01,19.16301370183228,0.667769408390896,0.0,0.0,0.0,66.1278022421433,8.14,11.57346416244931
Ульяновская область,2024-11-01,18.99111305708323,2.039278586154861,0.0,0.0,0.0,66.8391676837801,8.36,11.39895329753631
Ульяновская область,2024-12-01,18.96651127921806,0.34090421830265427,0.0,0.0,0.0,63.37888611932839,8.469999999999999,11.55674022195656
Ульяновская область,2025-01-01,30.85081080164451,0.24822008087726388,0.0,0.0,0.0,61.26731731418539,9.420000000000002,12.21842760610781
Ульяновская область,2025-02-01,22.16725649912491,0.31653560056003016,0.0,0.0,0.0,60.33853225447132,9.950000000000003,12.20286750946662
Ульяновская область,2025-03-01,21.18214130787339,0.41369500741819465,0.0,0.0,0.0,59.07849182867591,10.09999999999999,12.49341490103856
Ульяновская область,2025-04-01,21.18966892804103,0.5812476727093596,0.0,0.0,0.0,58.17291143347604,10.87,12.77186561537727
Ульяновская область,2025-05-01,19.79852474216067,0.3820181297639742,0.0,0.0,0.0,56.55826263390966,11.45999999999999,12.69494269212144
Ульяновская область,2025-06-01,20.70870477081692,0.6128194128495359,0.0,0.0,0.0,55.89043209664916,11.34999999999999,12.74880124301221
Ульяновская область,2025-07-01,20.14572898384412,-0.2977272507310609,-0.0,-0.0,-0.0,54.88790485370222,10.98,13.18492304015309
Ульяновская область,2025-08-01,18.75298508746232,-1.399483474742535,-0.0,-0.0,-0.0,54.0328539537209,9.700000000000003,12.33913129195695
Ульяновская область,2025-09-01,18.13981476209397,0.2588989388809786,0.0,0.0,0.0,54.05908615032998,8.920000000000002,12.36333727297741
Ульяновская область,2025-10-01,17.3496707872107,-0.43597080805563593,-0.0,-0.0,-0.0,53.66562829252936,9.480000000000004,12.37686281042566
Ульяновская область,2025-11-01,16.74215854153425,-0.19410526130430839,-0.0,-0.0,-0.0,53.44793575380397,9.36,12.26582575350834
Ульяновская область,2025-12-01,16.54923313727037,0.2813157398373711,0.0,0.0,0.0,53.33022402893186,8.560000000000002,12.54835084483315
Хабаровский край,2019-03-01,13.33776278842717,0.7128714995200838,0.0,0.0,0.0,42.70072919907783,5.200000000000003,13.53504224225141
Хабаровский край,2019-04-01,13.51560720524351,0.6911493920479934,0.0,0.0,0.0,43.15072836728825,5.159999999999997,13.51773997310613
Хабаровский край,2019-05-01,13.55461147388118,0.45783100689424217,0.0,0.0,0.0,44.64039810799832,5.209999999999994,13.43967043195398
Хабаровский край,2019-06-01,13.778151003967,0.5041451542673663,0.0,0.0,0.0,45.11443861476975,5.159999999999997,13.39691817072474
Хабаровский край,2019-07-01,13.39579822888521,0.14629311794748645,0.0,0.0,0.0,45.60503871719941,4.780000000000001,13.15428838025709
Хабаровский край,2019-08-01,13.42662399558441,0.061654111534494405,0.0,0.0,0.0,46.36628723317154,4.989999999999995,13.37273839564457
Хабаровский край,2019-09-01,13.16621718338808,0.2864871600654304,0.0,0.0,0.0,46.93951973411619,5.209999999999994,13.52165093370884
Хабаровский край,2019-10-01,12.86866741232382,0.199118629193201,0.0,0.0,0.0,47.57284863542625,4.260000000000005,13.68223797986719
Хабаровский край,2019-11-01,12.78334563801792,-0.3451712223245451,-0.0,-0.0,-0.0,48.94635545375313,4.219999999999999,13.54217059101974
Хабаровский край,2019-12-01,12.64467717620425,-0.11071296164861266,-0.0,-0.0,-0.0,49.36080669418759,4.349999999999994,13.57766336396352
Хабаровский край,2020-01-01,12.27237068185358,0.4934187707708695,0.0,0.0,0.0,49.12398116392747,4.219999999999999,13.4585229906271
Хабаровский край,2020-02-01,12.13550570010986,0.717717316165718,0.0,0.0,0.0,47.40696906078756,3.329999999999998,13.45221416246014
Хабаровский край,2020-03-01,11.67774388361163,0.5448138582658153,0.0,0.0,0.0,47.72426072635815,3.290000000000006,13.5629873084677
Хабаровский край,2020-04-01,11.76984698173284,0.24910450663146122,0.0,0.0,0.0,48.21648462979732,3.159999999999997,13.36932384273304
Хабаровский край,2020-05-01,11.51965412885671,0.12930980432325967,0.0,0.0,0.0,47.64764745192742,3.870000000000005,14.21157903848219
Хабаровский край,2020-06-01,11.29524368477586,0.4216232562547013,0.0,0.0,0.0,47.75779661631142,3.609999999999999,14.17041030171832
Хабаровский край,2020-07-01,11.0269957146816,-1.5016319110366503,-0.0,-0.0,-0.0,47.96072009399506,3.829999999999998,14.29751889397244
Хабаровский край,2020-08-01,10.56573366951912,-0.8645661305373835,-0.0,-0.0,-0.0,48.45910081810993,4.049999999999997,14.18735382574063
Хабаровский край,2020-09-01,10.82141162712671,-0.7937016241842549,-0.0,-0.0,-0.0,49.63345303582651,3.640000000000001,14.05425065290375
Хабаровский край,2020-10-01,10.43581309506674,-1.2364929674992595,-0.0,-0.0,-0.0,50.52746284600074,3.659999999999997,14.25615322596753
Хабаровский край,2020-11-01,10.18402270157535,-1.3589786818048175,-0.0,-0.0,-0.0,51.03600822276187,4.329999999999998,13.64164819064822
Хабаровский край,2020-12-01,10.15267045728156,-1.7089361724181273,-0.0,-0.0,-0.0,51.31010897720556,4.340000000000003,13.77365051710808
Хабаровский край,2021-01-01,9.880271065775819,3.0895976215913166,0.0,0.0,0.0,51.66169739798999,4.900000000000006,13.81830408201959
Хабаровский край,2021-02-01,10.55544016887604,-0.05176615786507455,-0.0,-0.0,-0.0,52.52061573062765,4.620000000000005,13.83346354927806
Хабаровский край,2021-03-01,10.26171972405544,-0.6104025253424652,-0.0,-0.0,-0.0,53.01244582516583,4.780000000000001,13.80948163417885
Хабаровский край,2021-04-01,10.05078590216514,-0.5967440618905293,-0.0,-0.0,-0.0,53.64864462390345,5.099999999999994,13.92085846211996
Хабаровский край,2021-05-01,10.00414011673864,-0.241937869195743,-0.0,-0.0,-0.0,55.47593771175791,4.680000000000007,14.04330414750489
Хабаровский край,2021-06-01,10.23083482838359,-0.7676306960714552,-0.0,-0.0,-0.0,56.29414115137236,5.030000000000001,13.46214247548732
Хабаровский край,2021-07-01,9.99706823904118,0.08560806359759354,0.0,0.0,0.0,57.03555653958586,5.090000000000003,13.93257014238382
Хабаровский край,2021-08-01,10.32607761045746,0.3090771946763784,0.0,0.0,0.0,58.76867501934956,5.329999999999998,13.75365493785364
Хабаровский край,2021-09-01,10.55541277320226,-0.6460537301930689,-0.0,-0.0,-0.0,59.26674740683673,5.840000000000003,13.64860049147396
Хабаровский край,2021-10-01,10.1872539005178,-0.6175372517280238,-0.0,-0.0,-0.0,59.75628632165334,5.920000000000002,13.72429387904646
Хабаровский край,2021-11-01,10.42233572856164,-0.12114037446266934,-0.0,-0.0,-0.0,57.85553641149372,5.989999999999995,13.67133620093148
Хабаровский край,2021-12-01,10.26109720475986,-0.26721650241728057,-0.0,-0.0,-0.0,57.32997155565326,6.489999999999995,13.48632151713532
Хабаровский край,2022-01-01,9.991406647845091,0.27464209751393653,0.0,0.0,0.0,57.06908163770333,6.239999999999995,13.42770027712204
Хабаровский край,2022-02-01,11.03360644861265,-0.3501956198858558,-0.0,-0.0,-0.0,59.12284540550728,7.090000000000003,12.85641113100518
Хабаровский край,2022-03-01,10.86856155594871,4.941478356719127,0.0,0.0,0.0,59.69839346434601,7.140000000000001,13.23078333276215
Хабаровский край,2022-04-01,10.1438700721029,1.4923126339086181,0.0,0.0,0.0,59.72977330994311,14.36,14.14651870546634
Хабаровский край,2022-05-01,12.72547585759959,-1.244790623444267,-0.0,-0.0,-0.0,58.84510057549666,15.14,13.88340409633812
Хабаровский край,2022-06-01,14.46582222215466,-3.118179668249544,-0.0,-0.0,-0.0,58.52875763433206,14.41,13.93809885299161
Хабаровский край,2022-07-01,14.00243761286563,-0.386746413724417,-0.0,-0.0,-0.0,58.55530649020856,13.83,14.61575787357373
Хабаровский край,2022-08-01,12.27787538550817,-1.1110066252555733,-0.0,-0.0,-0.0,57.3082793784279,13.36,14.33146348785161
Хабаровский край,2022-09-01,11.91668033710189,1.7547062341946287,0.0,0.0,0.0,57.87344740913745,12.05,14.36449260786645
Хабаровский край,2022-10-01,11.35037802258466,1.2482715752793254,0.0,0.0,0.0,58.8271558019684,11.62,14.33908621956442
Хабаровский край,2022-11-01,11.89487021315944,0.32653909912163215,0.0,0.0,0.0,59.8690739368699,10.84999999999999,14.20218101430855
Хабаровский край,2022-12-01,12.07698207244108,0.14955653030453497,0.0,0.0,0.0,60.28927879580747,10.64,14.46005241081985
Хабаровский край,2023-01-01,11.62575343559481,0.13967960707903515,0.0,0.0,0.0,60.23696740326427,10.8,14.23184407811803
Хабаровский край,2023-02-01,13.18461396803729,-1.9472998218897306,-0.0,-0.0,-0.0,58.47280441108316,9.730000000000004,14.36411637524924
Хабаровский край,2023-03-01,12.46748320244236,-0.4649545463768856,-0.0,-0.0,-0.0,58.50410759441025,8.920000000000002,14.18758250453579
Хабаровский край,2023-04-01,12.25263094233838,-0.5507806832459252,-0.0,-0.0,-0.0,58.92935045717343,2.109999999999999,13.98583268611359
Хабаровский край,2023-05-01,12.19025197204826,-0.46521849390664727,-0.0,-0.0,-0.0,61.49881646792468,0.8700000000000045,13.8287188618321
Хабаровский край,2023-06-01,12.19298871510833,-0.5347109788556779,-0.0,-0.0,-0.0,61.90724825651663,1.379999999999995,13.20306474213007
Хабаровский край,2023-07-01,12.12304713229143,-0.5497632155639387,-0.0,-0.0,-0.0,62.6710034599917,1.670000000000002,13.20871589677375
Хабаровский край,2023-08-01,12.38790065563522,0.2078297309388475,0.0,0.0,0.0,61.36893613264537,2.109999999999999,12.93782455118659
Хабаровский край,2023-09-01,12.30449436200554,2.7050587479091437,0.0,0.0,0.0,62.52725927450326,3.409999999999997,12.82253768737256
Хабаровский край,2023-10-01,12.02951532623832,0.8633696772512707,0.0,0.0,0.0,63.73027438448873,4.989999999999995,12.75920630417856
Хабаровский край,2023-11-01,13.10608108658767,1.714265038508227,0.0,0.0,0.0,66.76864365482595,5.819999999999993,12.54863816564909
Хабаровский край,2023-12-01,13.44349914760233,-1.5282051620880424,-0.0,-0.0,-0.0,66.91848327629367,6.670000000000002,12.62447387456537
Хабаровский край,2024-01-01,12.66626929275934,0.6818813931607863,0.0,0.0,0.0,65.83650381836446,6.840000000000003,12.63414259955024
Хабаровский край,2024-02-01,17.30216476190474,-1.5559611222700127,-0.0,-0.0,-0.0,65.42554180163552,7.319999999999993,12.76651210883256
Хабаровский край,2024-03-01,19.17231814640561,-0.03662363343873665,-0.0,-0.0,-0.0,65.22126537296104,8.170000000000002,12.64169430807088
Хабаровский край,2024-04-01,17.93008133914202,-0.07535756412256944,-0.0,-0.0,-0.0,65.3358939182571,7.909999999999997,12.56376121288151
Хабаровский край,2024-05-01,17.28299992235986,-1.8174537430626252,-0.0,-0.0,-0.0,63.30476721511891,8.469999999999999,12.54362825039257
Хабаровский край,2024-06-01,16.31626142680292,-0.4392507252018447,-0.0,-0.0,-0.0,63.44298899712869,8.590000000000003,12.19209607211073
Хабаровский край,2024-07-01,15.01134000593764,-0.5869739684411108,-0.0,-0.0,-0.0,64.12500801337875,8.700000000000003,12.28443068534244
Хабаровский край,2024-08-01,17.57873947754664,1.4105522767729113,0.0,0.0,0.0,61.89854568933045,9.090000000000003,11.28431041417476
Хабаровский край,2024-09-01,18.53342503982338,-1.9115218364399809,-0.0,-0.0,-0.0,61.9260573242132,8.670000000000002,11.24305035163868
Хабаровский край,2024-10-01,17.94683296624548,0.667769408390896,0.0,0.0,0.0,61.12347808857109,8.0,11.23501207256804
Хабаровский край,2024-11-01,17.26998331328452,2.039278586154861,0.0,0.0,0.0,61.63045841698722,8.450000000000003,11.105000344406
Хабаровский край,2024-12-01,15.80974217643273,0.34090421830265427,0.0,0.0,0.0,59.23902918125478,7.989999999999995,11.24248005494046
Хабаровский край,2025-01-01,15.11902054148019,0.24822008087726388,0.0,0.0,0.0,57.21786251467561,7.359999999999999,11.93545908013177
Хабаровский край,2025-02-01,21.23774831014751,0.31653560056003016,0.0,0.0,0.0,57.498109946803,8.489999999999995,11.9412963848724
Хабаровский край,2025-03-01,18.10979125743697,0.41369500741819465,0.0,0.0,0.0,56.68952214549832,8.329999999999998,12.21951378443146
Хабаровский край,2025-04-01,18.34788616857986,0.5812476727093596,0.0,0.0,0.0,56.09882430948948,8.64,12.49291667385981
Хабаровский край,2025-05-01,15.96444422539954,0.3820181297639742,0.0,0.0,0.0,54.04495739572498,8.409999999999997,12.45345370298213
Хабаровский край,2025-06-01,16.44012437525167,0.6128194128495359,0.0,0.0,0.0,53.61981261604814,7.799999999999997,12.58447667912615
Хабаровский край,2025-07-01,16.74101382771389,-0.2977272507310609,-0.0,-0.0,-0.0,53.06776328718156,7.390000000000001,12.98141070049508
Хабаровский край,2025-08-01,18.10620227436104,-1.399483474742535,-0.0,-0.0,-0.0,52.12555598385359,7.170000000000002,12.14956631219709
Хабаровский край,2025-09-01,16.93553288528508,0.2588989388809786,0.0,0.0,0.0,52.24052864026828,7.079999999999998,12.20005214205127
Хабаровский край,2025-10-01,16.52941945429193,-0.43597080805563593,-0.0,-0.0,-0.0,52.06838957222797,6.819999999999993,12.25917450204612
Хабаровский край,2025-11-01,16.32480240324367,-0.19410526130430839,-0.0,-0.0,-0.0,51.94486939582909,6.180000000000007,12.18074157974086
Хабаровский край,2025-12-01,16.41436880871622,0.2813157398373711,0.0,0.0,0.0,51.67318622776838,5.379999999999995,12.43295163071879
Челябинская область,2019-03-01,13.53337733762307,0.7128714995200838,0.7128714995200838,0.0,0.0,48.34768545407275,4.230000000000004,14.08637219507552
Челябинская область,2019-04-01,13.68206242434666,0.6911493920479934,0.6911493920479934,0.0,0.0,49.01556532419084,4.170000000000002,14.14112526333395
Челябинская область,2019-05-01,13.89569588814541,0.45783100689424217,0.45783100689424217,0.0,0.0,49.57077641559759,4.25,13.93056734432267
Челябинская область,2019-06-01,14.09234004383297,0.5041451542673663,0.5041451542673663,0.0,0.0,49.98902070068908,4.140000000000001,13.86210698619488
Челябинская область,2019-07-01,13.88771618122942,0.14629311794748645,0.14629311794748645,0.0,0.0,50.27115890706877,3.939999999999998,13.68498369632733
Челябинская область,2019-08-01,13.86243998329391,0.061654111534494405,0.061654111534494405,0.0,0.0,50.53692070584945,3.959999999999994,13.81436885983706
Челябинская область,2019-09-01,13.56351350392672,0.2864871600654304,0.2864871600654304,0.0,0.0,51.18223962962835,3.730000000000004,13.99912004103764
Челябинская область,2019-10-01,13.34079627766854,0.199118629193201,0.199118629193201,0.0,0.0,51.61070737568711,3.459999999999994,14.09360842012419
Челябинская область,2019-11-01,13.17901335358532,-0.3451712223245451,-0.3451712223245451,-0.0,-0.0,51.57130318237812,3.25,13.9997652860981
Челябинская область,2019-12-01,12.91546648638662,-0.11071296164861266,-0.11071296164861266,-0.0,-0.0,52.0007797558157,3.299999999999997,13.98918728730643
Челябинская область,2020-01-01,12.62457931579005,0.4934187707708695,0.4934187707708695,0.0,0.0,52.0209162798127,3.060000000000002,13.93494935000676
Челябинская область,2020-02-01,13.09038819898005,0.717717316165718,0.717717316165718,0.0,0.0,52.29238115952492,2.560000000000002,13.93706043001483
Челябинская область,2020-03-01,12.75719601630963,0.5448138582658153,0.5448138582658153,0.0,0.0,52.55628474091847,2.290000000000006,14.07569966921184
Челябинская область,2020-04-01,12.47144729352933,0.24910450663146122,0.24910450663146122,0.0,0.0,52.85470805511541,2.629999999999995,13.87657934386667
Челябинская область,2020-05-01,12.3178579929544,0.12930980432325967,0.12930980432325967,0.0,0.0,52.65593827878065,3.120000000000005,14.51625941824693
Челябинская область,2020-06-01,12.35579777491687,0.4216232562547013,0.4216232562547013,0.0,0.0,52.64484864093903,3.269999999999996,14.47306273777446
Челябинская область,2020-07-01,11.99914889990821,-1.5016319110366503,-1.5016319110366503,-0.0,-0.0,52.8989258199156,3.200000000000003,14.54288459518517
Челябинская область,2020-08-01,11.53513046816488,-0.8645661305373835,-0.8645661305373835,-0.0,-0.0,53.71480441015181,3.430000000000007,14.55379017537021
Челябинская область,2020-09-01,11.24800468313683,-0.7937016241842549,-0.7937016241842549,-0.0,-0.0,54.63970582276689,3.569999999999993,14.50728944873345
Челябинская область,2020-10-01,10.97603209734634,-1.2364929674992595,-1.2364929674992595,-0.0,-0.0,55.36907655912694,3.650000000000006,14.67417608826335
Челябинская область,2020-11-01,10.76371805978188,-1.3589786818048175,-1.3589786818048175,-0.0,-0.0,56.24835503747432,4.049999999999997,14.17350955012666
Челябинская область,2020-12-01,10.85095632162345,-1.7089361724181273,-1.7089361724181273,-0.0,-0.0,56.31028718117569,4.280000000000001,14.32322614117167
Челябинская область,2021-01-01,10.60667347999025,3.0895976215913166,3.0895976215913166,0.0,0.0,56.727547210571,4.560000000000002,14.31642469451406
Челябинская область,2021-02-01,11.20629340496575,-0.05176615786507455,-0.05176615786507455,-0.0,-0.0,57.1906605366601,4.540000000000006,14.28549515873401
Челябинская область,2021-03-01,10.81651029687789,-0.6104025253424652,-0.6104025253424652,-0.0,-0.0,57.63375106390251,5.189999999999998,14.2946153275642
Челябинская область,2021-04-01,10.76781021086746,-0.5967440618905293,-0.5967440618905293,-0.0,-0.0,58.55391725618529,5.530000000000001,14.33559609302372
Челябинская область,2021-05-01,10.81080807019023,-0.241937869195743,-0.241937869195743,-0.0,-0.0,58.73028817470873,5.170000000000002,14.3273030608648
Челябинская область,2021-06-01,11.07929756343771,-0.7676306960714552,-0.7676306960714552,-0.0,-0.0,59.38376966387041,5.340000000000003,13.89000845067156
Челябинская область,2021-07-01,10.75734655955434,0.08560806359759354,0.08560806359759354,0.0,0.0,60.10861275553654,5.519999999999996,14.28854932060378
Челябинская область,2021-08-01,11.19708631884033,0.3090771946763784,0.3090771946763784,0.0,0.0,60.22139073889359,5.439999999999998,14.14144814937819
Челябинская область,2021-09-01,11.33922896562165,-0.6460537301930689,-0.6460537301930689,-0.0,-0.0,60.68645810961167,5.310000000000002,14.03927498216511
Челябинская область,2021-10-01,11.25842043262341,-0.6175372517280238,-0.6175372517280238,-0.0,-0.0,60.95888214482937,6.140000000000001,13.99912709809176
Челябинская область,2021-11-01,11.27114300399041,-0.12114037446266934,-0.12114037446266934,-0.0,-0.0,61.36621678559803,6.620000000000005,14.01338848110993
Челябинская область,2021-12-01,11.47649982037641,-0.26721650241728057,-0.26721650241728057,-0.0,-0.0,60.76060142069557,6.930000000000007,13.88650597514599
Челябинская область,2022-01-01,11.21060166049046,0.27464209751393653,0.27464209751393653,0.0,0.0,60.46948599044924,6.659999999999997,13.86093945619991
Челябинская область,2022-02-01,12.24112333399528,-0.3501956198858558,-0.3501956198858558,-0.0,-0.0,64.21025608334993,7.280000000000001,13.37393518475091
Челябинская область,2022-03-01,11.8778976677006,4.941478356719127,4.941478356719127,0.0,0.0,64.5784028425526,6.920000000000002,13.91782349565325
Челябинская область,2022-04-01,12.05607015356908,1.4923126339086181,1.4923126339086181,0.0,0.0,63.27246476165108,13.04000000000001,14.76450830510393
Челябинская область,2022-05-01,16.89877173409222,-1.244790623444267,-1.244790623444267,-0.0,-0.0,60.23627758824066,14.63,14.56358117385007
Челябинская область,2022-06-01,17.82820241683158,-3.118179668249544,-3.118179668249544,-0.0,-0.0,59.19376632398708,14.13,14.65082909433067
Челябинская область,2022-07-01,15.89894540085911,-0.386746413724417,-0.386746413724417,-0.0,-0.0,58.61865177030921,13.78,15.26857810312595
Челябинская область,2022-08-01,13.8225839379651,-1.1110066252555733,-1.1110066252555733,-0.0,-0.0,57.88967301541532,12.91,15.04913633379766
Челябинская область,2022-09-01,13.31770819856868,1.7547062341946287,1.7547062341946287,0.0,0.0,57.81353217677692,11.98,15.10513845137849
Челябинская область,2022-10-01,12.54020017366406,1.2482715752793254,1.2482715752793254,0.0,0.0,58.07650494262309,11.09,15.08919973571641
Челябинская область,2022-11-01,12.81453768320358,0.32653909912163215,0.32653909912163215,0.0,0.0,58.03528343220078,10.51000000000001,15.04977293332968
Челябинская область,2022-12-01,13.08834376819604,0.14955653030453497,0.14955653030453497,0.0,0.0,57.99193551870849,10.02,15.20870150670445
Челябинская область,2023-01-01,12.56322283307197,0.13967960707903515,0.13967960707903515,0.0,0.0,57.77923977156786,10.37,15.00656618929329
Челябинская область,2023-02-01,14.20521206617796,-1.9472998218897306,-1.9472998218897306,-0.0,-0.0,57.48098945293984,10.06999999999999,15.19923568649089
Челябинская область,2023-03-01,13.38077208672019,-0.4649545463768856,-0.4649545463768856,-0.0,-0.0,57.34225670177908,10.19,15.05243114286011
Челябинская область,2023-04-01,13.14603160406768,-0.5507806832459252,-0.5507806832459252,-0.0,-0.0,57.98327227929843,3.609999999999999,14.88076294589921
Челябинская область,2023-05-01,13.191979695969,-0.46521849390664727,-0.46521849390664727,-0.0,-0.0,56.78867962713237,2.189999999999998,14.73295439983009
Челябинская область,2023-06-01,13.43645792429892,-0.5347109788556779,-0.5347109788556779,-0.0,-0.0,57.25616901800329,2.680000000000007,14.1922663778088
Челябинская область,2023-07-01,13.23152175977455,-0.5497632155639387,-0.5497632155639387,-0.0,-0.0,57.78117683553275,3.069999999999993,14.16242250608248
Челябинская область,2023-08-01,12.97883899547805,0.2078297309388475,0.2078297309388475,0.0,0.0,57.97310547167991,4.079999999999998,13.87900304269586
Челябинская область,2023-09-01,12.80028165030814,2.7050587479091437,2.7050587479091437,0.0,0.0,59.26860044971475,5.370000000000005,13.79126165402237
Челябинская область,2023-10-01,12.98665065648434,0.8633696772512707,0.8633696772512707,0.0,0.0,60.40624106956223,5.989999999999995,13.64868414247802
Челябинская область,2023-11-01,14.27952547990867,1.714265038508227,1.714265038508227,0.0,0.0,61.3323353442054,6.620000000000005,13.43412861152781
Челябинская область,2023-12-01,14.49222081038582,-1.5282051620880424,-1.5282051620880424,-0.0,-0.0,61.55919591612646,7.290000000000006,13.44242102567089
Челябинская область,2024-01-01,14.80351924880407,0.6818813931607863,0.6818813931607863,0.0,0.0,60.80622475628827,7.310000000000002,13.44803394395527
Челябинская область,2024-02-01,18.32674193382583,-1.5559611222700127,-1.5559611222700127,-0.0,-0.0,59.90047992612902,7.680000000000007,13.49276406116187
Челябинская область,2024-03-01,19.02745954838641,-0.03662363343873665,-0.03662363343873665,-0.0,-0.0,59.3519684730492,7.739999999999995,13.36491315922952
Челябинская область,2024-04-01,18.31791499920879,-0.07535756412256944,-0.07535756412256944,-0.0,-0.0,59.41091252202219,7.989999999999995,13.2730510689229
Челябинская область,2024-05-01,17.95868668542847,-1.8174537430626252,-1.8174537430626252,-0.0,-0.0,59.34137334335402,7.450000000000003,13.22516620370455
Челябинская область,2024-06-01,17.45343831527039,-0.4392507252018447,-0.4392507252018447,-0.0,-0.0,59.34898179888584,7.209999999999994,12.84600492181832
Челябинская область,2024-07-01,16.52208661662984,-0.5869739684411108,-0.5869739684411108,-0.0,-0.0,59.89686885048834,7.030000000000001,12.87518924012079
Челябинская область,2024-08-01,19.71644433497142,1.4105522767729113,1.4105522767729113,0.0,0.0,58.98391376241857,7.5,12.03532402436946
Челябинская область,2024-09-01,20.53783546056854,-1.9115218364399809,-1.9115218364399809,-0.0,-0.0,58.81605727252239,7.459999999999994,12.01701275948183
Челябинская область,2024-10-01,19.89764397884689,0.667769408390896,0.667769408390896,0.0,0.0,58.00681753457398,7.730000000000004,12.01414045894488
Челябинская область,2024-11-01,20.16988018135258,2.039278586154861,2.039278586154861,0.0,0.0,56.77438366240817,7.459999999999994,11.8420771268554
Челябинская область,2024-12-01,20.32353317286686,0.34090421830265427,0.34090421830265427,0.0,0.0,54.54832024110355,8.260000000000005,11.98378669446665
Челябинская область,2025-01-01,19.71924564514685,0.24822008087726388,0.24822008087726388,0.0,0.0,52.86714814933639,8.620000000000005,12.52841741002507
Челябинская область,2025-02-01,24.14334602031154,0.31653560056003016,0.31653560056003016,0.0,0.0,52.23341902588176,8.829999999999998,12.54780941796238
Челябинская область,2025-03-01,21.82042947660887,0.41369500741819465,0.41369500741819465,0.0,0.0,51.43736973942076,9.25,12.83584120440549
Челябинская область,2025-04-01,22.00368825170481,0.5812476727093596,0.5812476727093596,0.0,0.0,50.78317854386395,9.450000000000003,13.1043655286108
Челябинская область,2025-05-01,20.36214130402778,0.3820181297639742,0.3820181297639742,0.0,0.0,50.31922891047841,10.02,13.02294949972968
Челябинская область,2025-06-01,20.82317613531053,0.6128194128495359,0.6128194128495359,0.0,0.0,49.90274504767524,10.09999999999999,13.05282193135424
Челябинская область,2025-07-01,20.08575331511845,-0.2977272507310609,-0.2977272507310609,-0.0,-0.0,49.2568280575551,9.969999999999999,13.52351588687093
Челябинская область,2025-08-01,19.59023222459017,-1.399483474742535,-1.399483474742535,-0.0,-0.0,48.40692615273288,9.180000000000007,12.7104371398003
Челябинская область,2025-09-01,18.78293693636132,0.2588989388809786,0.2588989388809786,0.0,0.0,48.43221915951728,7.909999999999997,12.8533165453762
Челябинская область,2025-10-01,17.63374013085455,-0.43597080805563593,-0.43597080805563593,-0.0,-0.0,48.34958251996363,7.310000000000002,12.72977848161242
Челябинская область,2025-11-01,17.81987927622725,-0.19410526130430839,-0.19410526130430839,-0.0,-0.0,48.24129531229752,7.349999999999994,12.63027303942504
Челябинская область,2025-12-01,17.83192576613024,0.2813157398373711,0.2813157398373711,0.0,0.0,48.03596151360674,6.109999999999999,12.86717749190586
Чувашская Республика - Чувашия,2019-03-01,12.8581574732381,0.7128714995200838,0.0,0.0,0.0,67.47991922572577,5.480000000000004,13.88572232106982
Чувашская Республика - Чувашия,2019-04-01,13.22566119017826,0.6911493920479934,0.0,0.0,0.0,68.0827752137065,5.390000000000001,13.86725550334694
Чувашская Республика - Чувашия,2019-05-01,13.35516927968299,0.45783100689424217,0.0,0.0,0.0,71.09689538274526,5.659999999999997,13.8037533212968
Чувашская Республика - Чувашия,2019-06-01,13.53552725271552,0.5041451542673663,0.0,0.0,0.0,71.4255842344075,5.709999999999994,13.76140581180844
Чувашская Республика - Чувашия,2019-07-01,13.23462282087112,0.14629311794748645,0.0,0.0,0.0,71.61595159314508,4.909999999999997,13.48842659608174
Чувашская Республика - Чувашия,2019-08-01,13.16967714394693,0.061654111534494405,0.0,0.0,0.0,69.40683979416706,4.799999999999997,13.72177952630742
Чувашская Республика - Чувашия,2019-09-01,12.74236251568987,0.2864871600654304,0.0,0.0,0.0,70.03939030184779,3.819999999999993,13.79825739103123
Чувашская Республика - Чувашия,2019-10-01,12.56503036713857,0.199118629193201,0.0,0.0,0.0,70.60162644325058,3.269999999999996,13.93786250224307
Чувашская Республика - Чувашия,2019-11-01,12.41138301200639,-0.3451712223245451,-0.0,-0.0,-0.0,70.42673209638427,3.299999999999997,13.86714958928787
Чувашская Республика - Чувашия,2019-12-01,12.17384333134322,-0.11071296164861266,-0.0,-0.0,-0.0,69.93700362463787,2.620000000000005,13.94114593200024
Чувашская Республика - Чувашия,2020-01-01,11.91382232854974,0.4934187707708695,0.0,0.0,0.0,69.80359665859744,2.0,13.82269518491448
Чувашская Республика - Чувашия,2020-02-01,12.34641901851776,0.717717316165718,0.0,0.0,0.0,69.63451478467535,1.650000000000006,13.77971179114066
Чувашская Республика - Чувашия,2020-03-01,12.0720490296952,0.5448138582658153,0.0,0.0,0.0,69.70478907962878,1.329999999999998,13.90969249206731
Чувашская Республика - Чувашия,2020-04-01,11.79802182396522,0.24910450663146122,0.0,0.0,0.0,70.21148297380277,1.530000000000001,13.62671153685087
Чувашская Республика - Чувашия,2020-05-01,11.42832117799527,0.12930980432325967,0.0,0.0,0.0,72.25760054073737,2.409999999999997,14.47180209023017
Чувашская Республика - Чувашия,2020-06-01,11.00603985424837,0.4216232562547013,0.0,0.0,0.0,71.9195302398859,2.260000000000005,14.429967084951
Чувашская Республика - Чувашия,2020-07-01,10.75801051317349,-1.5016319110366503,-0.0,-0.0,-0.0,72.45354061017444,2.780000000000001,14.55942408630812
Чувашская Республика - Чувашия,2020-08-01,10.26135117948829,-0.8645661305373835,-0.0,-0.0,-0.0,71.1847276859537,2.810000000000002,14.55605151459588
Чувашская Республика - Чувашия,2020-09-01,10.12899478691234,-0.7937016241842549,-0.0,-0.0,-0.0,72.0665452547046,3.25,14.40457215187508
Чувашская Республика - Чувашия,2020-10-01,9.81005316550529,-1.2364929674992595,-0.0,-0.0,-0.0,72.99691605627588,3.239999999999995,14.58426055137281
Чувашская Республика - Чувашия,2020-11-01,9.68342633259477,-1.3589786818048175,-0.0,-0.0,-0.0,73.76026405195694,3.810000000000002,13.93961547607601
Чувашская Республика - Чувашия,2020-12-01,9.988853583319159,-1.7089361724181273,-0.0,-0.0,-0.0,74.1617650701848,4.640000000000001,14.09983955239749
Чувашская Республика - Чувашия,2021-01-01,9.67423091475136,3.0895976215913166,0.0,0.0,0.0,74.57344768059428,5.209999999999994,14.12016088589194
Чувашская Республика - Чувашия,2021-02-01,10.54259485582777,-0.05176615786507455,-0.0,-0.0,-0.0,74.68384579465868,5.819999999999993,14.14448425973076
Чувашская Республика - Чувашия,2021-03-01,10.06282498114439,-0.6104025253424652,-0.0,-0.0,-0.0,75.32022750992796,6.390000000000001,14.11397561936748
Чувашская Республика - Чувашия,2021-04-01,10.02126137100217,-0.5967440618905293,-0.0,-0.0,-0.0,76.02832141341209,6.480000000000004,14.18940328618952
Чувашская Республика - Чувашия,2021-05-01,9.98857085245793,-0.241937869195743,-0.0,-0.0,-0.0,77.88910766961273,5.489999999999995,14.32679120383721
Чувашская Республика - Чувашия,2021-06-01,10.29407664901461,-0.7676306960714552,-0.0,-0.0,-0.0,78.70008410327011,5.75,13.70398197510092
Чувашская Республика - Чувашия,2021-07-01,10.16261486609099,0.08560806359759354,0.0,0.0,0.0,79.02598394969172,5.890000000000001,14.10101339434142
Чувашская Республика - Чувашия,2021-08-01,10.77165455997209,0.3090771946763784,0.0,0.0,0.0,77.26318062189664,5.730000000000004,13.93696095140195
Чувашская Республика - Чувашия,2021-09-01,10.71545235512906,-0.6460537301930689,-0.0,-0.0,-0.0,78.22811130503037,6.420000000000002,13.85932827807065
Чувашская Республика - Чувашия,2021-10-01,10.74209401274508,-0.6175372517280238,-0.0,-0.0,-0.0,78.56707963602554,7.5,13.97010276526103
Чувашская Республика - Чувашия,2021-11-01,10.65420280000618,-0.12114037446266934,-0.0,-0.0,-0.0,81.02870966449646,8.39,13.88767856087354
Чувашская Республика - Чувашия,2021-12-01,10.66051267340017,-0.26721650241728057,-0.0,-0.0,-0.0,80.52513845488618,8.530000000000001,13.71925048877827
Чувашская Республика - Чувашия,2022-01-01,10.93591004842016,0.27464209751393653,0.0,0.0,0.0,79.91937900899285,8.86,13.69437920458766
Чувашская Республика - Чувашия,2022-02-01,11.76957903291597,-0.3501956198858558,-0.0,-0.0,-0.0,82.91551272675612,9.0,13.13168661438754
Чувашская Республика - Чувашия,2022-03-01,11.51334366028543,4.941478356719127,0.0,0.0,0.0,83.26278442213084,9.629999999999995,13.42466961860675
Чувашская Республика - Чувашия,2022-04-01,10.46708138229266,1.4923126339086181,0.0,0.0,0.0,82.3445548538747,18.09,14.31124388294376
Чувашская Республика - Чувашия,2022-05-01,15.25545722641468,-1.244790623444267,-0.0,-0.0,-0.0,81.30175416437713,19.22,14.14206523486661
Чувашская Республика - Чувашия,2022-06-01,15.35353971473102,-3.118179668249544,-0.0,-0.0,-0.0,79.87839613579834,18.58,14.23326449456034
Чувашская Республика - Чувашия,2022-07-01,13.82922945183756,-0.386746413724417,-0.0,-0.0,-0.0,78.84403352979523,17.55,14.8715017219159
Чувашская Республика - Чувашия,2022-08-01,12.47274397255406,-1.1110066252555733,-0.0,-0.0,-0.0,74.28286181930812,16.72,14.61198400866462
Чувашская Республика - Чувашия,2022-09-01,11.91727968202965,1.7547062341946287,0.0,0.0,0.0,73.92051604879678,15.23999999999999,14.64904852253141
Чувашская Республика - Чувашия,2022-10-01,11.84511686079964,1.2482715752793254,0.0,0.0,0.0,74.16338619851705,14.45,14.62820913930401
Чувашская Республика - Чувашия,2022-11-01,11.78839546632754,0.32653909912163215,0.0,0.0,0.0,75.20254292774536,12.81,14.45919217471181
Чувашская Республика - Чувашия,2022-12-01,12.19553076248507,0.14955653030453497,0.0,0.0,0.0,75.12878515665949,12.36,14.68548978166284
Чувашская Республика - Чувашия,2023-01-01,11.05266011741295,0.13967960707903515,0.0,0.0,0.0,75.2240132919823,12.23999999999999,14.41512110947052
Чувашская Республика - Чувашия,2023-02-01,13.55265683521809,-1.9472998218897306,-0.0,-0.0,-0.0,74.60576317465804,12.12,14.55583634890651
Чувашская Республика - Чувашия,2023-03-01,12.25408746020502,-0.4649545463768856,-0.0,-0.0,-0.0,74.32404470718468,10.55,14.40434092757662
Чувашская Республика - Чувашия,2023-04-01,12.25673703921284,-0.5507806832459252,-0.0,-0.0,-0.0,74.79536644096011,2.760000000000005,14.18925317417627
Чувашская Республика - Чувашия,2023-05-01,12.42570074024199,-0.46521849390664727,-0.0,-0.0,-0.0,77.23622135597246,1.560000000000002,14.12995546688124
Чувашская Республика - Чувашия,2023-06-01,12.73195935204337,-0.5347109788556779,-0.0,-0.0,-0.0,77.22561298479245,1.409999999999997,13.44501343997665
Чувашская Республика - Чувашия,2023-07-01,12.4936658039035,-0.5497632155639387,-0.0,-0.0,-0.0,77.48610428166087,2.049999999999997,13.46579404662391
Чувашская Республика - Чувашия,2023-08-01,12.21580999733941,0.2078297309388475,0.0,0.0,0.0,74.55083510953772,3.579999999999998,13.17288109439096
Чувашская Республика - Чувашия,2023-09-01,11.80820370796155,2.7050587479091437,0.0,0.0,0.0,76.12505770966467,4.689999999999998,13.07627125698666
Чувашская Республика - Чувашия,2023-10-01,11.76323911781837,0.8633696772512707,0.0,0.0,0.0,77.65073361857355,5.700000000000003,12.98817315439656
Чувашская Республика - Чувашия,2023-11-01,13.22291774891915,1.714265038508227,0.0,0.0,0.0,77.68466915636407,6.75,12.78687178230878
Чувашская Республика - Чувашия,2023-12-01,13.60733399114984,-1.5282051620880424,-0.0,-0.0,-0.0,77.51098313685173,7.109999999999999,12.83589718050928
Чувашская Республика - Чувашия,2024-01-01,13.59412703826775,0.6818813931607863,0.0,0.0,0.0,76.15906372036306,7.260000000000005,12.88153751568103
Чувашская Республика - Чувашия,2024-02-01,17.5180486086445,-1.5559611222700127,-0.0,-0.0,-0.0,76.13868548143536,7.420000000000002,12.96372830459168
Чувашская Республика - Чувашия,2024-03-01,18.84539943765397,-0.03662363343873665,-0.0,-0.0,-0.0,75.59897970548431,8.450000000000003,12.84317055319151
Чувашская Республика - Чувашия,2024-04-01,17.34812584366689,-0.07535756412256944,-0.0,-0.0,-0.0,75.72974829051432,8.079999999999998,12.76308370986735
Чувашская Республика - Чувашия,2024-05-01,17.11370285116386,-1.8174537430626252,-0.0,-0.0,-0.0,77.04032555329825,8.340000000000003,12.74925147886132
Чувашская Республика - Чувашия,2024-06-01,16.46997361574949,-0.4392507252018447,-0.0,-0.0,-0.0,76.9942325586939,8.920000000000002,12.35564561812858
Чувашская Республика - Чувашия,2024-07-01,14.57940974669004,-0.5869739684411108,-0.0,-0.0,-0.0,77.60720638031667,9.540000000000006,12.42791425342904
Чувашская Республика - Чувашия,2024-08-01,18.87682387962752,1.4105522767729113,0.0,0.0,0.0,76.24929346100835,9.370000000000005,11.44086969255991
Чувашская Республика - Чувашия,2024-09-01,18.87690373268043,-1.9115218364399809,-0.0,-0.0,-0.0,75.8071645554134,9.599999999999994,11.41142165585101
Чувашская Республика - Чувашия,2024-10-01,18.64372678102619,0.667769408390896,0.0,0.0,0.0,74.94005408594298,8.870000000000005,11.42867252708317
Чувашская Республика - Чувашия,2024-11-01,18.97001132018412,2.039278586154861,0.0,0.0,0.0,75.62874856426716,9.219999999999999,11.26952167668595
Чувашская Республика - Чувашия,2024-12-01,19.70083883004847,0.34090421830265427,0.0,0.0,0.0,72.62905365337372,10.31,11.42621440077546
Чувашская Республика - Чувашия,2025-01-01,18.44109203870178,0.24822008087726388,0.0,0.0,0.0,70.22979856322121,11.04000000000001,12.12363587543536
Чувашская Республика - Чувашия,2025-02-01,22.23458248668002,0.31653560056003016,0.0,0.0,0.0,68.01342718413581,11.45999999999999,12.09404739182396
Чувашская Республика - Чувашия,2025-03-01,20.08106498271611,0.41369500741819465,0.0,0.0,0.0,67.00926997233594,11.58,12.38170700477359
Чувашская Республика - Чувашия,2025-04-01,19.30913160147012,0.5812476727093596,0.0,0.0,0.0,66.21489373518766,12.27,12.6658325633597
Чувашская Республика - Чувашия,2025-05-01,18.35249412456625,0.3820181297639742,0.0,0.0,0.0,63.51237795988504,12.11,12.58531114781658
Чувашская Республика - Чувашия,2025-06-01,17.93677476259598,0.6128194128495359,0.0,0.0,0.0,63.15141803071336,11.90000000000001,12.65497683108215
Чувашская Республика - Чувашия,2025-07-01,17.99982406967345,-0.2977272507310609,-0.0,-0.0,-0.0,62.42034683775621,11.34999999999999,13.09323903379243
Чувашская Республика - Чувашия,2025-08-01,18.08024173343289,-1.399483474742535,-0.0,-0.0,-0.0,61.49128845582906,10.8,12.24019396341997
Чувашская Республика - Чувашия,2025-09-01,17.06516650263465,0.2588989388809786,0.0,0.0,0.0,61.68246194833165,10.02,12.25664993979449
Чувашская Республика - Чувашия,2025-10-01,16.41557911370909,-0.43597080805563593,-0.0,-0.0,-0.0,61.70184904054499,10.17,12.32109016968502
Чувашская Республика - Чувашия,2025-11-01,16.34756979818848,-0.19410526130430839,-0.0,-0.0,-0.0,61.9249333682867,9.39,12.23535780528651
Чувашская Республика - Чувашия,2025-12-01,15.39754009406829,0.2813157398373711,0.0,0.0,0.0,62.27222173114559,7.709999999999994,12.49873408048101
Чукотский автономный округ,2019-03-01,13.83652617236817,0.7128714995200838,0.0,0.7128714995200838,0.0,23.38255768164895,6.780000000000001,14.01592734007581
Чукотский автономный округ,2019-04-01,14.07511253060716,0.6911493920479934,0.0,0.6911493920479934,0.0,23.60362961475955,7.620000000000005,14.02103675612429
Чукотский автономный округ,2019-05-01,14.22143522456486,0.45783100689424217,0.0,0.45783100689424217,0.0,23.05718942561355,6.230000000000004,14.08238981357289
Чукотский автономный округ,2019-06-01,13.9821771325394,0.5041451542673663,0.0,0.5041451542673663,0.0,23.68756828731569,4.969999999999999,14.07247602953196
Чукотский автономный округ,2019-07-01,13.57658264041669,0.14629311794748645,0.0,0.14629311794748645,0.0,24.56327120652114,4.549999999999997,13.76808314932784
Чукотский автономный округ,2019-08-01,13.65366934087996,0.061654111534494405,0.0,0.061654111534494405,0.0,25.4085217386882,4.659999999999997,14.14016316511084
Чукотский автономный округ,2019-09-01,13.46959059839204,0.2864871600654304,0.0,0.2864871600654304,0.0,26.15532278797836,5.230000000000004,14.290704850199
Чукотский автономный округ,2019-10-01,12.85269317627508,0.199118629193201,0.0,0.199118629193201,0.0,26.78747806456224,5.230000000000004,14.46969488662115
Чукотский автономный округ,2019-11-01,13.20625129777597,-0.3451712223245451,-0.0,-0.3451712223245451,-0.0,27.19345567628906,4.769999999999996,14.34014175497622
Чукотский автономный округ,2019-12-01,12.47516679627958,-0.11071296164861266,-0.0,-0.11071296164861266,-0.0,27.26815781454375,4.25,14.29622842566068
Чукотский автономный округ,2020-01-01,12.31429694055051,0.4934187707708695,0.0,0.4934187707708695,0.0,26.77265093767419,3.780000000000001,14.12331123996175
Чукотский автономный округ,2020-02-01,12.91465273603262,0.717717316165718,0.0,0.717717316165718,0.0,26.80762695369889,2.739999999999995,13.7568295093889
Чукотский автономный округ,2020-03-01,13.0223258409386,0.5448138582658153,0.0,0.5448138582658153,0.0,26.86744919547168,1.319999999999993,13.93093914388459
Чукотский автономный округ,2020-04-01,13.22553913403818,0.24910450663146122,0.0,0.24910450663146122,0.0,26.86996424937853,0.8900000000000006,13.62160561335678
Чукотский автономный округ,2020-05-01,12.62721589428315,0.12930980432325967,0.0,0.12930980432325967,0.0,27.19908801668132,1.109999999999999,14.87035775941824
Чукотский автономный округ,2020-06-01,12.50333306138618,0.4216232562547013,0.0,0.4216232562547013,0.0,27.02846858305094,1.640000000000001,14.9539955089471
Чукотский автономный округ,2020-07-01,11.82844254838995,-1.5016319110366503,-0.0,-1.5016319110366503,-0.0,27.32498556084511,2.260000000000005,15.15357943884401
Чукотский автономный округ,2020-08-01,10.94500718997781,-0.8645661305373835,-0.0,-0.8645661305373835,-0.0,27.07575053771809,2.290000000000006,15.0526612435287
Чукотский автономный округ,2020-09-01,11.66480862417218,-0.7937016241842549,-0.0,-0.7937016241842549,-0.0,27.96727506592606,2.340000000000003,14.83021288001617
Чукотский автономный округ,2020-10-01,10.91896118794234,-1.2364929674992595,-0.0,-1.2364929674992595,-0.0,28.54215818214152,1.989999999999995,14.98664812579182
Чукотский автономный округ,2020-11-01,10.63103030064962,-1.3589786818048175,-0.0,-1.3589786818048175,-0.0,29.22005999491771,2.099999999999994,14.18237866182168
Чукотский автономный округ,2020-12-01,10.11411202724063,-1.7089361724181273,-0.0,-1.7089361724181273,-0.0,29.43124935588813,1.879999999999995,14.43696323996529
Чукотский автономный округ,2021-01-01,10.4901734730234,3.0895976215913166,0.0,3.0895976215913166,0.0,28.74048417966021,1.909999999999997,14.40574325102856
Чукотский автономный округ,2021-02-01,10.33007217728917,-0.05176615786507455,-0.0,-0.05176615786507455,-0.0,29.16635361323084,2.700000000000003,14.52939483378974
Чукотский автономный округ,2021-03-01,10.53391580312834,-0.6104025253424652,-0.0,-0.6104025253424652,-0.0,29.18789372304116,2.480000000000004,14.48041962536188
Чукотский автономный округ,2021-04-01,10.39795465086735,-0.5967440618905293,-0.0,-0.5967440618905293,-0.0,29.50685744996473,1.950000000000003,14.55122470509555
Чукотский автономный округ,2021-05-01,10.14211787572001,-0.241937869195743,-0.0,-0.241937869195743,-0.0,28.72020217738964,1.939999999999998,14.92648808693741
Чукотский автономный округ,2021-06-01,10.94280793611533,-0.7676306960714552,-0.0,-0.7676306960714552,-0.0,29.35394633918921,5.120000000000005,13.97713847594795
Чукотский автономный округ,2021-07-01,10.50215730660241,0.08560806359759354,0.0,0.08560806359759354,0.0,30.40440535986506,5.900000000000006,14.40387932399386
Чукотский автономный округ,2021-08-01,10.88565108384451,0.3090771946763784,0.0,0.3090771946763784,0.0,31.31778146411716,4.459999999999994,14.20380024239186
Чукотский автономный округ,2021-09-01,11.25903545748979,-0.6460537301930689,-0.0,-0.6460537301930689,-0.0,32.21826080994677,2.989999999999995,14.12114073067636
Чукотский автономный округ,2021-10-01,11.0642040501959,-0.6175372517280238,-0.0,-0.6175372517280238,-0.0,32.84826956736936,3.200000000000003,14.35385080901282
Чукотский автономный округ,2021-11-01,11.76246095495295,-0.12114037446266934,-0.0,-0.12114037446266934,-0.0,33.37049874026922,3.120000000000005,14.15494855922993
Чукотский автономный округ,2021-12-01,11.15552222201243,-0.26721650241728057,-0.0,-0.26721650241728057,-0.0,33.41465569990297,4.540000000000006,13.97958251456354
Чукотский автономный округ,2022-01-01,10.39472497525235,0.27464209751393653,0.0,0.27464209751393653,0.0,33.1752871845533,5.760000000000005,13.99661976711413
Чукотский автономный округ,2022-02-01,12.43058372783949,-0.3501956198858558,-0.0,-0.3501956198858558,-0.0,36.1472953246028,4.489999999999995,13.40836745697962
Чукотский автономный округ,2022-03-01,12.65768364355206,4.941478356719127,0.0,4.941478356719127,0.0,36.13795533003064,5.189999999999998,13.22657188382274
Чукотский автономный округ,2022-04-01,13.87354808871241,1.4923126339086181,0.0,1.4923126339086181,0.0,35.78964159810217,7.170000000000002,14.17409745330596
Чукотский автономный округ,2022-05-01,18.40398827752975,-1.244790623444267,-0.0,-1.244790623444267,-0.0,32.80379805136811,9.670000000000002,14.20177549047452
Чукотский автономный округ,2022-06-01,17.7669081597102,-3.118179668249544,-0.0,-3.118179668249544,-0.0,32.60425651613307,3.650000000000006,14.27685930348463
Чукотский автономный округ,2022-07-01,16.31863950366635,-0.386746413724417,-0.0,-0.386746413724417,-0.0,32.87404656073046,2.060000000000002,15.17392770063547
Чукотский автономный округ,2022-08-01,13.36889817079728,-1.1110066252555733,-0.0,-1.1110066252555733,-0.0,34.98122267930754,3.349999999999994,14.79673097784532
Чукотский автономный округ,2022-09-01,12.84386418557004,1.7547062341946287,0.0,1.7547062341946287,0.0,35.47693296511788,5.359999999999999,14.85363719038531
Чукотский автономный округ,2022-10-01,12.47298195493716,1.2482715752793254,0.0,1.2482715752793254,0.0,35.83618136965724,6.340000000000003,14.84460381320525
Чукотский автономный округ,2022-11-01,12.77653489533795,0.32653909912163215,0.0,0.32653909912163215,0.0,35.69241148452281,6.810000000000002,14.7339226448108
Чукотский автономный округ,2022-12-01,12.99818920843183,0.14955653030453497,0.0,0.14955653030453497,0.0,35.65165861460827,5.530000000000001,15.01074996397393
Чукотский автономный округ,2023-01-01,13.01814949933188,0.13967960707903515,0.0,0.13967960707903515,0.0,35.67593419838192,5.670000000000002,14.7001455997764
Чукотский автономный округ,2023-02-01,16.27824762562382,-1.9472998218897306,-0.0,-1.9472998218897306,-0.0,34.62012442849923,6.780000000000001,14.88163957477722
Чукотский автономный округ,2023-03-01,14.54136960264659,-0.4649545463768856,-0.0,-0.4649545463768856,-0.0,34.56172842074896,6.510000000000005,14.70686214611427
Чукотский автономный округ,2023-04-01,13.731476561964,-0.5507806832459252,-0.0,-0.5507806832459252,-0.0,34.68494028115938,4.739999999999995,14.63731290855509
Чукотский автономный округ,2023-05-01,13.73518527465736,-0.46521849390664727,-0.0,-0.46521849390664727,-0.0,34.38456814094622,3.150000000000006,14.49289985447993
Чукотский автономный округ,2023-06-01,13.82799475889964,-0.5347109788556779,-0.0,-0.5347109788556779,-0.0,34.75110060540384,6.230000000000004,13.60387365297226
Чукотский автономный округ,2023-07-01,13.12612479526412,-0.5497632155639387,-0.0,-0.5497632155639387,-0.0,35.81795158595651,7.120000000000005,13.59704465952944
Чукотский автономный округ,2023-08-01,13.96468753305767,0.2078297309388475,0.0,0.2078297309388475,0.0,36.84631028197614,6.930000000000007,13.26306573208864
Чукотский автономный округ,2023-09-01,14.00243243489116,2.7050587479091437,0.0,2.7050587479091437,0.0,38.34219262854177,6.810000000000002,13.08492385189925
Чукотский автономный округ,2023-10-01,14.42794006706555,0.8633696772512707,0.0,0.8633696772512707,0.0,39.55272328933337,5.930000000000007,13.07491446046927
Чукотский автономный округ,2023-11-01,15.13578813030373,1.714265038508227,0.0,1.714265038508227,0.0,40.66120364736395,5.549999999999997,12.94702901916409
Чукотский автономный округ,2023-12-01,16.15567905388133,-1.5282051620880424,-0.0,-1.5282051620880424,-0.0,40.58720941590152,6.090000000000003,12.9652414029704
Чукотский автономный округ,2024-01-01,15.58118047311432,0.6818813931607863,0.0,0.6818813931607863,0.0,39.34898717499248,4.840000000000003,13.13654663830089
Чукотский автономный округ,2024-02-01,21.72133841631117,-1.5559611222700127,-0.0,-1.5559611222700127,-0.0,38.04118409770701,4.849999999999994,13.27054364108346
Чукотский автономный округ,2024-03-01,19.9980434082309,-0.03662363343873665,-0.0,-0.03662363343873665,-0.0,37.43517601305978,4.010000000000005,13.12110117943771
Чукотский автономный округ,2024-04-01,19.26811998149588,-0.07535756412256944,-0.0,-0.07535756412256944,-0.0,36.98266247508995,4.359999999999999,13.08244999089849
Чукотский автономный округ,2024-05-01,18.05901488426477,-1.8174537430626252,-0.0,-1.8174537430626252,-0.0,35.99832375936141,3.459999999999994,13.11756484129537
Чукотский автономный округ,2024-06-01,18.24447756943769,-0.4392507252018447,-0.0,-0.4392507252018447,-0.0,36.1471106993281,2.909999999999997,12.71775865813072
Чукотский автономный округ,2024-07-01,18.17441831446149,-0.5869739684411108,-0.0,-0.5869739684411108,-0.0,36.58682579343547,2.840000000000003,12.92618317279526
Чукотский автономный округ,2024-08-01,22.11879001664746,1.4105522767729113,0.0,1.4105522767729113,0.0,35.91899427938383,3.230000000000004,11.68367730474113
Чукотский автономный округ,2024-09-01,22.40896414734732,-1.9115218364399809,-0.0,-1.9115218364399809,-0.0,35.97426442389997,3.120000000000005,11.65159299899175
Чукотский автономный округ,2024-10-01,22.99126654271064,0.667769408390896,0.0,0.667769408390896,0.0,35.60683838250688,4.25,11.67507599480409
Чукотский автономный округ,2024-11-01,23.02922308894605,2.039278586154861,0.0,2.039278586154861,0.0,35.63936809449008,5.510000000000005,11.51629416723324
Чукотский автономный округ,2024-12-01,24.14688911788052,0.34090421830265427,0.0,0.34090421830265427,0.0,35.40956616686849,5.180000000000007,11.66865483523133
Чукотский автономный округ,2025-01-01,23.64799656544904,0.24822008087726388,0.0,0.24822008087726388,0.0,34.07236395437832,5.109999999999999,12.49247105874025
Чукотский автономный округ,2025-02-01,30.75212834097805,0.31653560056003016,0.0,0.31653560056003016,0.0,35.87590396449028,5.459999999999994,12.49351193261197
Чукотский автономный округ,2025-03-01,30.20989396849989,0.41369500741819465,0.0,0.41369500741819465,0.0,35.10579278875417,6.510000000000005,12.85118079908072
Чукотский автономный округ,2025-04-01,24.1047827482158,0.5812476727093596,0.0,0.5812476727093596,0.0,34.39815362622826,6.280000000000001,13.11042885346389
Чукотский автономный округ,2025-05-01,21.14446453252626,0.3820181297639742,0.0,0.3820181297639742,0.0,34.09707504796387,5.650000000000006,13.06805566775014
Чукотский автономный округ,2025-06-01,21.67274991676678,0.6128194128495359,0.0,0.6128194128495359,0.0,33.76489291476202,5.340000000000003,13.20088748030979
Чукотский автономный округ,2025-07-01,20.65747890481886,-0.2977272507310609,-0.0,-0.2977272507310609,-0.0,33.40529685486567,5.189999999999998,13.56603058996118
Чукотский автономный округ,2025-08-01,22.6876229035675,-1.399483474742535,-0.0,-1.399483474742535,-0.0,32.85677988253346,5.200000000000003,12.47182676911731
Чукотский автономный округ,2025-09-01,22.62520872611792,0.2588989388809786,0.0,0.2588989388809786,0.0,32.90733553461214,5.109999999999999,12.55606501405684
Чукотский автономный округ,2025-10-01,22.01217148751124,-0.43597080805563593,-0.0,-0.43597080805563593,-0.0,32.59474836047389,4.090000000000003,12.58306598464056
Чукотский автономный округ,2025-11-01,20.10845170788621,-0.19410526130430839,-0.0,-0.19410526130430839,-0.0,32.29532505987605,2.879999999999995,12.5083147628676
Чукотский автономный округ,2025-12-01,19.08618779864687,0.2813157398373711,0.0,0.2813157398373711,0.0,31.96713667379459,2.890000000000001,12.84586755700873
Ярославская область,2019-03-01,13.33667046929872,0.7128714995200838,0.0,0.0,0.0,45.7417259921148,7.090000000000003,13.67081441903262
Ярославская область,2019-04-01,13.43944039688243,0.6911493920479934,0.0,0.0,0.0,46.03534268148024,6.959999999999994,13.6961717720805
Ярославская область,2019-05-01,13.62711830022526,0.45783100689424217,0.0,0.0,0.0,46.68429332920509,6.909999999999997,13.55984056532452
Ярославская область,2019-06-01,13.96309783305375,0.5041451542673663,0.0,0.0,0.0,47.10957839913556,6.469999999999999,13.48851559843163
Ярославская область,2019-07-01,13.50157242761176,0.14629311794748645,0.0,0.0,0.0,47.47536218692719,6.450000000000003,13.26753880891307
Ярославская область,2019-08-01,13.57727666233311,0.061654111534494405,0.0,0.0,0.0,46.57616852556718,6.310000000000002,13.51401481653999
Ярославская область,2019-09-01,13.2906471430107,0.2864871600654304,0.0,0.0,0.0,47.10173433275118,5.519999999999996,13.55843274572076
Ярославская область,2019-10-01,13.07217847110489,0.199118629193201,0.0,0.0,0.0,47.60958174474554,5.299999999999997,13.72795991899108
Ярославская область,2019-11-01,13.01621416138385,-0.3451712223245451,-0.0,-0.0,-0.0,49.06580045303294,4.810000000000002,13.62891255459854
Ярославская область,2019-12-01,12.74669954471169,-0.11071296164861266,-0.0,-0.0,-0.0,49.43266995320803,4.930000000000007,13.62910920795692
Ярославская область,2020-01-01,12.45732521051802,0.4934187707708695,0.0,0.0,0.0,49.63963967956977,3.799999999999997,13.5442456658335
Ярославская область,2020-02-01,12.81183209477147,0.717717316165718,0.0,0.0,0.0,50.14317500362312,3.099999999999994,13.54461786929542
Ярославская область,2020-03-01,12.50855728188958,0.5448138582658153,0.0,0.0,0.0,50.44792852546824,2.909999999999997,13.67601013123996
Ярославская область,2020-04-01,12.19967766334251,0.24910450663146122,0.0,0.0,0.0,51.00951790573565,3.409999999999997,13.39959961707723
Ярославская область,2020-05-01,12.06852427747349,0.12930980432325967,0.0,0.0,0.0,50.1144306146754,3.629999999999995,14.18389714977276
Ярославская область,2020-06-01,11.74237272480964,0.4216232562547013,0.0,0.0,0.0,49.97970841254177,3.709999999999994,14.15186073688621
Ярославская область,2020-07-01,11.54620423286912,-1.5016319110366503,-0.0,-0.0,-0.0,50.25462132022508,3.930000000000007,14.31198174869041
Ярославская область,2020-08-01,11.15483937650962,-0.8645661305373835,-0.0,-0.0,-0.0,49.17053533068118,4.379999999999995,14.29258548946706
Ярославская область,2020-09-01,11.0202212030305,-0.7937016241842549,-0.0,-0.0,-0.0,49.64592497379545,4.590000000000003,14.17451726017185
Ярославская область,2020-10-01,10.71010814464497,-1.2364929674992595,-0.0,-0.0,-0.0,50.12500315270354,4.209999999999994,14.37521919173327
Ярославская область,2020-11-01,10.49699263340316,-1.3589786818048175,-0.0,-0.0,-0.0,50.55844957456188,4.609999999999999,13.82607763157709
Ярославская область,2020-12-01,10.8774873033709,-1.7089361724181273,-0.0,-0.0,-0.0,50.53249853215884,4.760000000000005,13.96651869157689
Ярославская область,2021-01-01,10.62332359939239,3.0895976215913166,0.0,0.0,0.0,50.35401983540457,5.510000000000005,13.96661403039639
Ярославская область,2021-02-01,11.08897963852547,-0.05176615786507455,-0.0,-0.0,-0.0,51.07177728597379,5.390000000000001,14.00800447516387
Ярославская область,2021-03-01,10.70918376942758,-0.6104025253424652,-0.0,-0.0,-0.0,51.47965138712918,4.819999999999993,13.98732767892321
Ярославская область,2021-04-01,10.4446762784186,-0.5967440618905293,-0.0,-0.0,-0.0,52.16269997187498,4.739999999999995,14.06827395927285
Ярославская область,2021-05-01,10.32573692693814,-0.241937869195743,-0.0,-0.0,-0.0,52.24680776039904,5.310000000000002,14.15038527060835
Ярославская область,2021-06-01,10.87577475629454,-0.7676306960714552,-0.0,-0.0,-0.0,52.70931759878356,6.299999999999997,13.6259709920046
Ярославская область,2021-07-01,10.59482888362386,0.08560806359759354,0.0,0.0,0.0,53.34238792761684,6.640000000000001,14.0038471104588
Ярославская область,2021-08-01,11.22169672461148,0.3090771946763784,0.0,0.0,0.0,54.04873239832389,6.640000000000001,13.83435783913424
Ярославская область,2021-09-01,11.22588586282109,-0.6460537301930689,-0.0,-0.0,-0.0,54.68048936048076,7.040000000000006,13.72128404208232
Ярославская область,2021-10-01,11.07605571608193,-0.6175372517280238,-0.0,-0.0,-0.0,54.99951905394354,7.840000000000003,13.72778233084379
Ярославская область,2021-11-01,11.16246730389243,-0.12114037446266934,-0.0,-0.0,-0.0,55.92392655797451,8.530000000000001,13.66660393245028
Ярославская область,2021-12-01,11.29996573158108,-0.26721650241728057,-0.0,-0.0,-0.0,55.4166250369571,9.060000000000002,13.55556942575752
Ярославская область,2022-01-01,11.19203494516099,0.27464209751393653,0.0,0.0,0.0,55.86318503302414,9.310000000000002,13.55659670062231
Ярославская область,2022-02-01,12.13033727320427,-0.3501956198858558,-0.0,-0.0,-0.0,57.83811702148185,9.840000000000003,13.03001906739877
Ярославская область,2022-03-01,11.70344431832537,4.941478356719127,0.0,0.0,0.0,58.50099347411204,10.84999999999999,13.44944080620913
Ярославская область,2022-04-01,11.68210563703405,1.4923126339086181,0.0,0.0,0.0,57.86625927294074,20.62,14.33392030807468
Ярославская область,2022-05-01,15.994097279448,-1.244790623444267,-0.0,-0.0,-0.0,56.09004232928595,20.62,14.13985814234941
Ярославская область,2022-06-01,16.51650944047671,-3.118179668249544,-0.0,-0.0,-0.0,55.3672264659215,18.98999999999999,14.22046699066065
Ярославская область,2022-07-01,14.80021176975739,-0.386746413724417,-0.0,-0.0,-0.0,54.85128138239591,16.91,14.85957189422032
Ярославская область,2022-08-01,13.04068262831786,-1.1110066252555733,-0.0,-0.0,-0.0,54.04507085088264,15.59,14.62266705680393
Ярославская область,2022-09-01,12.68902140051,1.7547062341946287,0.0,0.0,0.0,53.92269257711466,14.54000000000001,14.66208980376592
Ярославская область,2022-10-01,12.09491007121901,1.2482715752793254,0.0,0.0,0.0,54.36995613515303,14.42,14.68444521295987
Ярославская область,2022-11-01,12.49711927022633,0.32653909912163215,0.0,0.0,0.0,55.72085464050227,13.15000000000001,14.60366150740146
Ярославская область,2022-12-01,12.87624463710503,0.14955653030453497,0.0,0.0,0.0,55.7815953307372,11.92,14.79114934898845
Ярославская область,2023-01-01,12.19986571482681,0.13967960707903515,0.0,0.0,0.0,55.81309194468276,11.58,14.57196536114812
Ярославская область,2023-02-01,13.63248674400834,-1.9472998218897306,-0.0,-0.0,-0.0,54.99486546036677,11.75,14.75761826775446
Ярославская область,2023-03-01,12.8038472437993,-0.4649545463768856,-0.0,-0.0,-0.0,54.80552938930489,10.89,14.63261310172914
Ярославская область,2023-04-01,12.49323771057961,-0.5507806832459252,-0.0,-0.0,-0.0,55.40258890801927,1.909999999999997,14.42371491728063
Ярославская область,2023-05-01,12.73077666825058,-0.46521849390664727,-0.0,-0.0,-0.0,55.49346962307742,1.219999999999999,14.28155006448005
Ярославская область,2023-06-01,13.03363575248604,-0.5347109788556779,-0.0,-0.0,-0.0,55.7862445414927,1.819999999999993,13.67141931778365
Ярославская область,2023-07-01,12.75313394400704,-0.5497632155639387,-0.0,-0.0,-0.0,56.15513576667222,3.159999999999997,13.67726014765828
Ярославская область,2023-08-01,12.82734144993761,0.2078297309388475,0.0,0.0,0.0,55.54313769902909,4.269999999999996,13.40333908515912
Ярославская область,2023-09-01,12.52342642228273,2.7050587479091437,0.0,0.0,0.0,56.73827993255986,5.129999999999995,13.24244983926919
Ярославская область,2023-10-01,12.56798607862997,0.8633696772512707,0.0,0.0,0.0,57.84504487013687,5.069999999999993,13.13721276596329
Ярославская область,2023-11-01,13.94284761290539,1.714265038508227,0.0,0.0,0.0,59.08742544049982,5.390000000000001,12.91543828801955
Ярославская область,2023-12-01,14.19290128450488,-1.5282051620880424,-0.0,-0.0,-0.0,59.26546863692468,6.010000000000005,12.96885954236146
Ярославская область,2024-01-01,14.01960031777158,0.6818813931607863,0.0,0.0,0.0,58.32618547795887,6.099999999999994,12.99562935050082
Ярославская область,2024-02-01,18.01764272667792,-1.5559611222700127,-0.0,-0.0,-0.0,59.54586708040605,6.140000000000001,13.10022504821048
Ярославская область,2024-03-01,19.0301348544809,-0.03662363343873665,-0.0,-0.0,-0.0,59.11599426842306,6.780000000000001,13.01289177335975
Ярославская область,2024-04-01,17.88811265196326,-0.07535756412256944,-0.0,-0.0,-0.0,59.13782946542194,6.390000000000001,12.90092500957943
Ярославская область,2024-05-01,17.53128460747477,-1.8174537430626252,-0.0,-0.0,-0.0,59.08654007864305,6.969999999999999,12.88637923985931
Ярославская область,2024-06-01,16.9010641430675,-0.4392507252018447,-0.0,-0.0,-0.0,59.29415889496595,7.480000000000004,12.51239520780301
Ярославская область,2024-07-01,16.20737021437752,-0.5869739684411108,-0.0,-0.0,-0.0,59.7033936591849,7.849999999999994,12.60707971503214
Ярославская область,2024-08-01,19.80241029829375,1.4105522767729113,0.0,0.0,0.0,58.2394889629001,8.319999999999993,11.68671517906684
Ярославская область,2024-09-01,19.96837270885901,-1.9115218364399809,-0.0,-0.0,-0.0,58.0309481572404,8.620000000000005,11.65248672457644
Ярославская область,2024-10-01,19.51317844759048,0.667769408390896,0.0,0.0,0.0,57.41694625709829,9.040000000000006,11.67961503220728
Ярославская область,2024-11-01,19.94731764183313,2.039278586154861,0.0,0.0,0.0,55.92630249890475,8.310000000000002,11.50243257162074
Ярославская область,2024-12-01,20.75881628669406,0.34090421830265427,0.0,0.0,0.0,53.78697837952783,9.400000000000006,11.64645119468759
Ярославская область,2025-01-01,19.68817395179032,0.24822008087726388,0.0,0.0,0.0,52.15646775465333,10.29000000000001,12.19298811986364
Ярославская область,2025-02-01,24.21029085729392,0.31653560056003016,0.0,0.0,0.0,52.82131446702334,10.67,12.23549763893361
Ярославская область,2025-03-01,20.45310969137269,0.41369500741819465,0.0,0.0,0.0,52.0861324510085,10.51000000000001,12.51690182495756
Ярославская область,2025-04-01,20.43929035510227,0.5812476727093596,0.0,0.0,0.0,51.57199216687626,11.16,12.76437246816611
Ярославская область,2025-05-01,19.91835879389137,0.3820181297639742,0.0,0.0,0.0,51.74562959793111,10.64,12.67928944244833
Ярославская область,2025-06-01,19.50246562290979,0.6128194128495359,0.0,0.0,0.0,51.35190861983392,10.48,12.77282143811984
Ярославская область,2025-07-01,19.07618418221578,-0.2977272507310609,-0.0,-0.0,-0.0,50.62307783145039,9.64,13.29738799177198
Ярославская область,2025-08-01,19.44147876128113,-1.399483474742535,-0.0,-0.0,-0.0,49.95795180020502,9.659999999999997,12.30973192429493
Ярославская область,2025-09-01,18.88363592186142,0.2588989388809786,0.0,0.0,0.0,50.0059039472925,8.579999999999998,12.32435636306062
Ярославская область,2025-10-01,17.61700535494453,-0.43597080805563593,-0.0,-0.0,-0.0,49.90387888874452,8.150000000000006,12.39239021394525
Ярославская область,2025-11-01,17.64184034312369,-0.19410526130430839,-0.0,-0.0,-0.0,49.71215281853338,8.489999999999995,12.27861260733118
Ярославская область,2025-12-01,17.03313146572743,0.2813157398373711,0.0,0.0,0.0,49.3075755690059,7.540000000000006,12.56418564616645
г. Москва,2019-03-01,12.31334249411237,0.7128714995200838,0.7128714995200838,0.0,0.0,27.11060144569781,5.310000000000002,14.0791503482487
г. Москва,2019-04-01,12.40360290670689,0.6911493920479934,0.6911493920479934,0.0,0.0,27.2601585000892,5.290000000000006,14.02291381918688
г. Москва,2019-05-01,12.48262025129329,0.45783100689424217,0.45783100689424217,0.0,0.0,27.50540473616746,5.150000000000006,13.84598680610238
г. Москва,2019-06-01,12.77643528739629,0.5041451542673663,0.5041451542673663,0.0,0.0,27.78305037041016,5.079999999999998,13.81899713233733
г. Москва,2019-07-01,12.52112428415469,0.14629311794748645,0.14629311794748645,0.0,0.0,28.07681567181551,4.510000000000005,13.65974414925942
г. Москва,2019-08-01,12.5278778085912,0.061654111534494405,0.061654111534494405,0.0,0.0,28.13561577973946,4.489999999999995,13.79594855760132
г. Москва,2019-09-01,12.17726797116262,0.2864871600654304,0.2864871600654304,0.0,0.0,28.4803385488556,4.340000000000003,13.86474002029604
г. Москва,2019-10-01,11.92832503236695,0.199118629193201,0.199118629193201,0.0,0.0,28.73841277794958,4.129999999999995,13.97165316784997
г. Москва,2019-11-01,11.54812684786508,-0.3451712223245451,-0.3451712223245451,-0.0,-0.0,28.24497752677809,3.950000000000003,13.79044167934144
г. Москва,2019-12-01,11.53139711611405,-0.11071296164861266,-0.11071296164861266,-0.0,-0.0,28.47862763883101,3.719999999999999,13.82935190543591
г. Москва,2020-01-01,11.21322384985089,0.4934187707708695,0.4934187707708695,0.0,0.0,28.16645812225281,3.349999999999994,13.77491191936613
г. Москва,2020-02-01,11.32972160307956,0.717717316165718,0.717717316165718,0.0,0.0,28.58579086377541,2.730000000000004,14.04356545451622
г. Москва,2020-03-01,11.13408642464564,0.5448138582658153,0.5448138582658153,0.0,0.0,28.86030687348665,2.409999999999997,14.14075075015928
г. Москва,2020-04-01,10.92476328172238,0.24910450663146122,0.24910450663146122,0.0,0.0,29.2299579249246,2.409999999999997,13.90421731030217
г. Москва,2020-05-01,11.56469841358664,0.12930980432325967,0.12930980432325967,0.0,0.0,29.00575210167539,2.480000000000004,14.41646464190864
г. Москва,2020-06-01,10.99025060971476,0.4216232562547013,0.4216232562547013,0.0,0.0,28.81199387462246,2.620000000000005,14.33376448114166
г. Москва,2020-07-01,10.77463310034466,-1.5016319110366503,-1.5016319110366503,-0.0,-0.0,29.10142811695873,2.799999999999997,14.47021549617178
г. Москва,2020-08-01,10.07100815642417,-0.8645661305373835,-0.8645661305373835,-0.0,-0.0,29.07951034887175,3.010000000000005,14.40269868252801
г. Москва,2020-09-01,9.89704123324018,-0.7937016241842549,-0.7937016241842549,-0.0,-0.0,29.62995305623408,3.200000000000003,14.32260027139493
г. Москва,2020-10-01,9.559722445401249,-1.2364929674992595,-1.2364929674992595,-0.0,-0.0,30.20544016353709,3.189999999999998,14.37952187680017
г. Москва,2020-11-01,9.26846171577286,-1.3589786818048175,-1.3589786818048175,-0.0,-0.0,31.1271101140586,3.209999999999994,14.02779993181617
г. Москва,2020-12-01,9.42397171037063,-1.7089361724181273,-1.7089361724181273,-0.0,-0.0,31.33999687479974,3.459999999999994,14.09642394453442
г. Москва,2021-01-01,9.34320602807919,3.0895976215913166,3.0895976215913166,0.0,0.0,30.71281133951987,3.780000000000001,14.1243305077985
г. Москва,2021-02-01,9.656037708809281,-0.05176615786507455,-0.05176615786507455,-0.0,-0.0,30.75775752371068,4.290000000000006,14.09116646612608
г. Москва,2021-03-01,9.34946268251884,-0.6104025253424652,-0.6104025253424652,-0.0,-0.0,31.00124182991174,4.719999999999999,14.0948628685279
г. Москва,2021-04-01,9.404445869250498,-0.5967440618905293,-0.5967440618905293,-0.0,-0.0,31.54069587620205,4.930000000000007,14.16880640488492
г. Москва,2021-05-01,9.27069726353929,-0.241937869195743,-0.241937869195743,-0.0,-0.0,31.697016877797,4.859999999999999,14.10487480968466
г. Москва,2021-06-01,9.57497888865041,-0.7676306960714552,-0.7676306960714552,-0.0,-0.0,32.23670414733088,5.109999999999999,13.81032046142404
г. Москва,2021-07-01,9.336610017237321,0.08560806359759354,0.08560806359759354,0.0,0.0,32.90832927740564,5.459999999999994,14.14579102975879
г. Москва,2021-08-01,10.01389853676934,0.3090771946763784,0.3090771946763784,0.0,0.0,33.37639483645412,5.200000000000003,14.07653004331585
г. Москва,2021-09-01,10.04391471516103,-0.6460537301930689,-0.6460537301930689,-0.0,-0.0,33.98844188591173,5.239999999999995,13.99749387804714
г. Москва,2021-10-01,9.92172527247936,-0.6175372517280238,-0.6175372517280238,-0.0,-0.0,34.80563047063603,5.959999999999994,14.15720017375573
г. Москва,2021-11-01,10.00654477859319,-0.12114037446266934,-0.12114037446266934,-0.0,-0.0,34.99912719428212,6.560000000000002,13.90620321160019
г. Москва,2021-12-01,10.0350554892646,-0.26721650241728057,-0.26721650241728057,-0.0,-0.0,35.27007672226618,6.840000000000003,13.77994443527329
г. Москва,2022-01-01,10.17666952919448,0.27464209751393653,0.27464209751393653,0.0,0.0,35.35402585160499,7.060000000000002,13.67829402296112
г. Москва,2022-02-01,10.73075900896885,-0.3501956198858558,-0.3501956198858558,-0.0,-0.0,35.29766548829729,6.719999999999999,13.15280280531709
г. Москва,2022-03-01,11.03058282396458,4.941478356719127,4.941478356719127,0.0,0.0,35.94300406319297,7.870000000000005,13.62362414389292
г. Москва,2022-04-01,12.07083118614652,1.4923126339086181,1.4923126339086181,0.0,0.0,35.32331630668206,15.04000000000001,14.4223391048515
г. Москва,2022-05-01,14.70106738280145,-1.244790623444267,-1.244790623444267,-0.0,-0.0,35.06046694700601,16.45999999999999,14.18576279606379
г. Москва,2022-06-01,12.80528118847634,-3.118179668249544,-3.118179668249544,-0.0,-0.0,34.90522444198524,15.73,14.32982933337533
г. Москва,2022-07-01,13.01069903531942,-0.386746413724417,-0.386746413724417,-0.0,-0.0,34.84376058201404,15.17,14.94703348504144
г. Москва,2022-08-01,11.09350936577663,-1.1110066252555733,-1.1110066252555733,-0.0,-0.0,35.43757908006451,14.55,14.78516847446883
г. Москва,2022-09-01,11.27426741626927,1.7547062341946287,1.7547062341946287,0.0,0.0,35.66362908855039,14.06,14.86569939692191
г. Москва,2022-10-01,10.88328094079336,1.2482715752793254,1.2482715752793254,0.0,0.0,36.00380976854906,13.26000000000001,14.86777293112541
г. Москва,2022-11-01,11.36624655865859,0.32653909912163215,0.32653909912163215,0.0,0.0,36.16053654749881,12.45999999999999,14.82194170648602
г. Москва,2022-12-01,11.27715578559262,0.14955653030453497,0.14955653030453497,0.0,0.0,36.327302366133,11.89,15.01997627648703
г. Москва,2023-01-01,10.75771906354871,0.13967960707903515,0.13967960707903515,0.0,0.0,36.22520581483454,11.7,14.77960459404248
г. Москва,2023-02-01,12.05724371888414,-1.9472998218897306,-1.9472998218897306,-0.0,-0.0,35.67036795286629,12.06,14.96502658758633
г. Москва,2023-03-01,11.5023264548833,-0.4649545463768856,-0.4649545463768856,-0.0,-0.0,35.84849078416196,10.72,14.8271670849391
г. Москва,2023-04-01,11.74707041651727,-0.5507806832459252,-0.5507806832459252,-0.0,-0.0,36.51240180585896,3.650000000000006,14.55678064076172
г. Москва,2023-05-01,11.73193492223829,-0.46521849390664727,-0.46521849390664727,-0.0,-0.0,36.6415787323632,2.329999999999998,14.37499238083736
г. Москва,2023-06-01,11.9891982283691,-0.5347109788556779,-0.5347109788556779,-0.0,-0.0,36.93597037129221,2.620000000000005,13.97528522190839
г. Москва,2023-07-01,11.77922530913412,-0.5497632155639387,-0.5497632155639387,-0.0,-0.0,37.23254714868668,3.099999999999994,13.90005951983193
г. Москва,2023-08-01,11.64104356639673,0.2078297309388475,0.2078297309388475,0.0,0.0,37.6317190722891,4.159999999999997,13.69588809099403
г. Москва,2023-09-01,11.58696645690705,2.7050587479091437,2.7050587479091437,0.0,0.0,38.55062675891146,4.829999999999998,13.64199513239316
г. Москва,2023-10-01,11.81788854647696,0.8633696772512707,0.8633696772512707,0.0,0.0,39.34024053236252,5.790000000000006,13.4928622425229
г. Москва,2023-11-01,12.73823936038376,1.714265038508227,1.714265038508227,0.0,0.0,39.67384046114344,6.480000000000004,13.29181894150235
г. Москва,2023-12-01,12.29694258067713,-1.5282051620880424,-1.5282051620880424,-0.0,-0.0,39.79577624557758,7.709999999999994,13.35006323279422
г. Москва,2024-01-01,12.98744140129253,0.6818813931607863,0.6818813931607863,0.0,0.0,38.89050897809301,7.609999999999999,13.3552642788586
г. Москва,2024-02-01,16.6866766800849,-1.5559611222700127,-1.5559611222700127,-0.0,-0.0,38.83528406481219,7.459999999999994,13.4637718339634
г. Москва,2024-03-01,17.72058815412611,-0.03662363343873665,-0.03662363343873665,-0.0,-0.0,38.53065210064704,7.709999999999994,13.32661130262863
г. Москва,2024-04-01,16.27429514883367,-0.07535756412256944,-0.07535756412256944,-0.0,-0.0,38.30334130518565,7.879999999999995,13.16562573421093
г. Москва,2024-05-01,16.05074322217868,-1.8174537430626252,-1.8174537430626252,-0.0,-0.0,38.4013319597745,8.230000000000004,13.04999348937378
г. Москва,2024-06-01,17.19926190778,-0.4392507252018447,-0.4392507252018447,-0.0,-0.0,38.3383006329867,9.159999999999997,12.6672477787592
г. Москва,2024-07-01,14.82096262146584,-0.5869739684411108,-0.5869739684411108,-0.0,-0.0,38.80804889748101,9.450000000000003,12.72960674119235
г. Москва,2024-08-01,18.3670916025907,1.4105522767729113,1.4105522767729113,0.0,0.0,38.43297171314915,9.989999999999995,12.01240693742533
г. Москва,2024-09-01,18.10010897440064,-1.9115218364399809,-1.9115218364399809,-0.0,-0.0,38.34643562459441,10.08,12.04104246982724
г. Москва,2024-10-01,18.44896476447355,0.667769408390896,0.667769408390896,0.0,0.0,37.9552589210903,9.670000000000002,12.06598841919472
г. Москва,2024-11-01,18.30551532731164,2.039278586154861,2.039278586154861,0.0,0.0,37.13371987914708,9.540000000000006,11.98137537339203
г. Москва,2024-12-01,19.28631459988829,0.34090421830265427,0.34090421830265427,0.0,0.0,36.09814521228382,9.36,12.05011261797229
г. Москва,2025-01-01,24.37005903482775,0.24822008087726388,0.24822008087726388,0.0,0.0,34.32396698644725,10.09,12.39680183288289
г. Москва,2025-02-01,20.58454402686069,0.31653560056003016,0.31653560056003016,0.0,0.0,34.13011074412384,9.870000000000005,12.47611468079516
г. Москва,2025-03-01,19.22346384537179,0.41369500741819465,0.41369500741819465,0.0,0.0,33.9038359962675,9.299999999999997,12.74283816772827
г. Москва,2025-04-01,19.75881887529923,0.5812476727093596,0.5812476727093596,0.0,0.0,33.80724307768624,9.069999999999993,13.01135586709595
г. Москва,2025-05-01,19.37100978784639,0.3820181297639742,0.3820181297639742,0.0,0.0,32.63555048997825,8.879999999999995,12.83543269117957
г. Москва,2025-06-01,19.5209498014217,0.6128194128495359,0.6128194128495359,0.0,0.0,32.45850331269581,8.239999999999995,12.98924950782519
г. Москва,2025-07-01,19.53150185405065,-0.2977272507310609,-0.2977272507310609,-0.0,-0.0,32.20228300344984,7.510000000000005,13.66222548114857
г. Москва,2025-08-01,18.62386399547978,-1.399483474742535,-1.399483474742535,-0.0,-0.0,31.93171326260623,7.019999999999996,12.51585795803259
г. Москва,2025-09-01,17.95613455312587,0.2588989388809786,0.2588989388809786,0.0,0.0,31.86724668877226,6.329999999999998,12.55225828858847
г. Москва,2025-10-01,17.34726991771136,-0.43597080805563593,-0.43597080805563593,-0.0,-0.0,31.84224366188364,5.980000000000004,12.53774221247032
г. Москва,2025-11-01,17.23734039342481,-0.19410526130430839,-0.19410526130430839,-0.0,-0.0,31.78383573182391,5.659999999999997,12.45716667525571
г. Москва,2025-12-01,16.66087351990617,0.2813157398373711,0.2813157398373711,0.0,0.0,31.69515670249376,4.560000000000002,12.65440080659889
г. Санкт-Петербург,2019-03-01,12.4128622095479,0.7128714995200838,0.7128714995200838,0.0,0.0,40.77981616229278,4.810000000000002,13.87001230134717
г. Санкт-Петербург,2019-04-01,12.4712377122624,0.6911493920479934,0.6911493920479934,0.0,0.0,41.39670899314531,4.730000000000004,13.84130021455593
г. Санкт-Петербург,2019-05-01,12.60275732534063,0.45783100689424217,0.45783100689424217,0.0,0.0,42.17542917713629,4.560000000000002,13.73772887740996
г. Санкт-Петербург,2019-06-01,12.85598826183451,0.5041451542673663,0.5041451542673663,0.0,0.0,42.75948092586128,4.650000000000006,13.66527139273009
г. Санкт-Петербург,2019-07-01,12.59668417400752,0.14629311794748645,0.14629311794748645,0.0,0.0,43.33649582584349,4.340000000000003,13.51638504299284
г. Санкт-Петербург,2019-08-01,12.55961351165795,0.061654111534494405,0.061654111534494405,0.0,0.0,43.67609734673996,4.310000000000002,13.67215661389497
г. Санкт-Петербург,2019-09-01,12.25731187995769,0.2864871600654304,0.2864871600654304,0.0,0.0,44.44009275318,3.900000000000006,13.70253278940558
г. Санкт-Петербург,2019-10-01,12.09295055935758,0.199118629193201,0.199118629193201,0.0,0.0,44.9975277064061,3.719999999999999,13.91005237338065
г. Санкт-Петербург,2019-11-01,11.88714603251393,-0.3451712223245451,-0.3451712223245451,-0.0,-0.0,44.9935935637226,3.549999999999997,13.75730389663074
г. Санкт-Петербург,2019-12-01,11.60918832382423,-0.11071296164861266,-0.11071296164861266,-0.0,-0.0,45.5257267381326,3.290000000000006,13.78914168244392
г. Санкт-Петербург,2020-01-01,11.26160370890749,0.4934187707708695,0.4934187707708695,0.0,0.0,45.95186220933243,2.950000000000003,13.76708127552509
г. Санкт-Петербург,2020-02-01,11.39430620703081,0.717717316165718,0.717717316165718,0.0,0.0,45.68159761437261,2.569999999999993,13.86641770999683
г. Санкт-Петербург,2020-03-01,11.21582468389085,0.5448138582658153,0.5448138582658153,0.0,0.0,46.02292427458536,2.280000000000001,14.00496821821377
г. Санкт-Петербург,2020-04-01,11.03759742088472,0.24910450663146122,0.24910450663146122,0.0,0.0,46.41885965770117,2.75,13.6759621834251
г. Санкт-Петербург,2020-05-01,11.39262441097122,0.12930980432325967,0.12930980432325967,0.0,0.0,46.12253556455517,3.140000000000001,14.28090848960064
г. Санкт-Петербург,2020-06-01,11.00752594572222,0.4216232562547013,0.4216232562547013,0.0,0.0,46.009465942634,2.769999999999996,14.28258685560017
г. Санкт-Петербург,2020-07-01,10.54608776435542,-1.5016319110366503,-1.5016319110366503,-0.0,-0.0,46.20215378674914,2.680000000000007,14.46345922731057
г. Санкт-Петербург,2020-08-01,10.13649035873242,-0.8645661305373835,-0.8645661305373835,-0.0,-0.0,46.39109858564492,2.950000000000003,14.36251193251787
г. Санкт-Петербург,2020-09-01,10.01816712569438,-0.7937016241842549,-0.7937016241842549,-0.0,-0.0,47.05714750313864,3.430000000000007,14.34203807106584
г. Санкт-Петербург,2020-10-01,9.678425883196699,-1.2364929674992595,-1.2364929674992595,-0.0,-0.0,47.54841554106768,3.400000000000006,14.32895783844086
г. Санкт-Петербург,2020-11-01,9.402133217670869,-1.3589786818048175,-1.3589786818048175,-0.0,-0.0,47.94085894553432,3.700000000000003,13.92404891679677
г. Санкт-Петербург,2020-12-01,9.57793191345181,-1.7089361724181273,-1.7089361724181273,-0.0,-0.0,48.08254381711906,4.079999999999998,14.03547820334865
г. Санкт-Петербург,2021-01-01,9.36417024390355,3.0895976215913166,3.0895976215913166,0.0,0.0,47.93078685678552,4.719999999999999,14.04910875976765
г. Санкт-Петербург,2021-02-01,9.704880685497,-0.05176615786507455,-0.05176615786507455,-0.0,-0.0,47.93629706764354,4.730000000000004,14.03159282062255
г. Санкт-Петербург,2021-03-01,9.442434910692091,-0.6104025253424652,-0.6104025253424652,-0.0,-0.0,48.3840528527568,5.480000000000004,14.01822147390782
г. Санкт-Петербург,2021-04-01,9.44745445708017,-0.5967440618905293,-0.5967440618905293,-0.0,-0.0,49.20371522999156,5.409999999999997,14.10968640545283
г. Санкт-Петербург,2021-05-01,9.40325041753812,-0.241937869195743,-0.241937869195743,-0.0,-0.0,49.42183139383175,5.090000000000003,14.02937892125204
г. Санкт-Петербург,2021-06-01,9.59838882569932,-0.7676306960714552,-0.7676306960714552,-0.0,-0.0,50.08011608110924,6.040000000000006,13.71597933744841
г. Санкт-Петербург,2021-07-01,9.34444440036223,0.08560806359759354,0.08560806359759354,0.0,0.0,50.79456543607351,6.969999999999999,14.05170657902163
г. Санкт-Петербург,2021-08-01,10.1046047297704,0.3090771946763784,0.3090771946763784,0.0,0.0,51.53468520629655,6.489999999999995,13.96514622760606
г. Санкт-Петербург,2021-09-01,10.09357663153412,-0.6460537301930689,-0.6460537301930689,-0.0,-0.0,52.18396069858806,6.670000000000002,13.89697580666179
г. Санкт-Петербург,2021-10-01,9.93146272205348,-0.6175372517280238,-0.6175372517280238,-0.0,-0.0,52.87980640856104,7.219999999999999,13.90819958082964
г. Санкт-Петербург,2021-11-01,10.04801293775094,-0.12114037446266934,-0.12114037446266934,-0.0,-0.0,53.88088221432299,8.030000000000001,13.86675750462262
г. Санкт-Петербург,2021-12-01,9.979494297225779,-0.26721650241728057,-0.26721650241728057,-0.0,-0.0,54.2193186194112,8.299999999999997,13.73795185563115
г. Санкт-Петербург,2022-01-01,10.03000933444574,0.27464209751393653,0.27464209751393653,0.0,0.0,54.46999577440786,8.650000000000006,13.7078568920441
г. Санкт-Петербург,2022-02-01,10.51169287661294,-0.3501956198858558,-0.3501956198858558,-0.0,-0.0,53.80032175504218,8.939999999999998,13.17668104704356
г. Санкт-Петербург,2022-03-01,10.70112082054626,4.941478356719127,4.941478356719127,0.0,0.0,54.49043779438112,9.620000000000005,13.5619193411859
г. Санкт-Петербург,2022-04-01,10.55937398622119,1.4923126339086181,1.4923126339086181,0.0,0.0,53.75186435566314,17.15000000000001,14.53401580556081
г. Санкт-Петербург,2022-05-01,13.91505182395472,-1.244790623444267,-1.244790623444267,-0.0,-0.0,53.98048918583556,17.42,14.55246139540105
г. Санкт-Петербург,2022-06-01,14.21048693620398,-3.118179668249544,-3.118179668249544,-0.0,-0.0,53.55179798723637,16.56,14.87859547949329
г. Санкт-Петербург,2022-07-01,12.35369182513983,-0.386746413724417,-0.386746413724417,-0.0,-0.0,53.35246151196821,14.87,15.54883215981198
г. Санкт-Петербург,2022-08-01,11.83867606158976,-1.1110066252555733,-1.1110066252555733,-0.0,-0.0,53.16008820536599,13.81,15.37874984546137
г. Санкт-Петербург,2022-09-01,11.5334673385953,1.7547062341946287,1.7547062341946287,0.0,0.0,53.29456204634982,13.31,15.5029504614852
г. Санкт-Петербург,2022-10-01,11.09421144340388,1.2482715752793254,1.2482715752793254,0.0,0.0,53.78614708656362,13.63,15.46569320651843
г. Санкт-Петербург,2022-11-01,11.00319404911783,0.32653909912163215,0.32653909912163215,0.0,0.0,53.43717117816193,12.56,15.50508316157795
г. Санкт-Петербург,2022-12-01,11.16237709861167,0.14955653030453497,0.14955653030453497,0.0,0.0,53.43019717035349,12.34,15.75793218054603
г. Санкт-Петербург,2023-01-01,10.31215604359434,0.13967960707903515,0.13967960707903515,0.0,0.0,53.19282307380549,11.51000000000001,15.44904937645279
г. Санкт-Петербург,2023-02-01,11.97723309339985,-1.9472998218897306,-1.9472998218897306,-0.0,-0.0,52.90175841483308,11.51000000000001,15.64608664468624
г. Санкт-Петербург,2023-03-01,11.54693020115766,-0.4649545463768856,-0.4649545463768856,-0.0,-0.0,52.78462932053567,10.18000000000001,15.56206206239842
г. Санкт-Петербург,2023-04-01,11.620416380418,-0.5507806832459252,-0.5507806832459252,-0.0,-0.0,53.45848827963265,2.959999999999994,15.33903294834633
г. Санкт-Петербург,2023-05-01,11.66817302675742,-0.46521849390664727,-0.46521849390664727,-0.0,-0.0,53.73360932422639,2.510000000000005,15.17191631680794
г. Санкт-Петербург,2023-06-01,11.9670194704877,-0.5347109788556779,-0.5347109788556779,-0.0,-0.0,53.9656130791976,2.540000000000006,14.71737196315756
г. Санкт-Петербург,2023-07-01,11.77483379152549,-0.5497632155639387,-0.5497632155639387,-0.0,-0.0,54.17184502066783,3.569999999999993,14.72416480897414
г. Санкт-Петербург,2023-08-01,11.65327858339841,0.2078297309388475,0.2078297309388475,0.0,0.0,54.33851032698394,4.959999999999994,14.49314563270211
г. Санкт-Петербург,2023-09-01,11.4968056429996,2.7050587479091437,2.7050587479091437,0.0,0.0,55.27007273929402,5.609999999999999,14.3896126025324
г. Санкт-Петербург,2023-10-01,11.51172343696909,0.8633696772512707,0.8633696772512707,0.0,0.0,56.16524712969956,5.469999999999999,14.23208119134041
г. Санкт-Петербург,2023-11-01,12.72134825073609,1.714265038508227,1.714265038508227,0.0,0.0,56.50155699412817,6.079999999999998,13.93032353428387
г. Санкт-Петербург,2023-12-01,12.23320274268364,-1.5282051620880424,-1.5282051620880424,-0.0,-0.0,56.66523673833987,6.319999999999993,14.02624205953018
г. Санкт-Петербург,2024-01-01,12.4920202806854,0.6818813931607863,0.6818813931607863,0.0,0.0,56.12654096505164,6.760000000000005,13.92339588001667
г. Санкт-Петербург,2024-02-01,16.22567518610892,-1.5559611222700127,-1.5559611222700127,-0.0,-0.0,55.89272109001344,6.530000000000001,13.98006935421465
г. Санкт-Петербург,2024-03-01,17.12335984476227,-0.03662363343873665,-0.03662363343873665,-0.0,-0.0,55.5596553718833,7.140000000000001,13.88340134894182
г. Санкт-Петербург,2024-04-01,15.56772191867991,-0.07535756412256944,-0.07535756412256944,-0.0,-0.0,55.91355957066631,7.060000000000002,13.81818975995416
г. Санкт-Петербург,2024-05-01,15.74513713482452,-1.8174537430626252,-1.8174537430626252,-0.0,-0.0,55.81604473702046,7.480000000000004,13.7280299431896
г. Санкт-Петербург,2024-06-01,15.41053391820991,-0.4392507252018447,-0.4392507252018447,-0.0,-0.0,55.82757258943779,7.709999999999994,13.22328197819062
г. Санкт-Петербург,2024-07-01,13.88080690580438,-0.5869739684411108,-0.5869739684411108,-0.0,-0.0,56.3435752329729,7.790000000000006,13.41017751310864
г. Санкт-Петербург,2024-08-01,18.0379579342801,1.4105522767729113,1.4105522767729113,0.0,0.0,55.57093923212572,7.739999999999995,12.68249023700172
г. Санкт-Петербург,2024-09-01,17.60205030153745,-1.9115218364399809,-1.9115218364399809,-0.0,-0.0,55.42175158658952,7.730000000000004,12.70933948207853
г. Санкт-Петербург,2024-10-01,17.38386547329945,0.667769408390896,0.667769408390896,0.0,0.0,54.86088346112097,8.11,12.76055204122413
г. Санкт-Петербург,2024-11-01,17.74216609705224,2.039278586154861,2.039278586154861,0.0,0.0,53.56248228421583,7.689999999999998,12.57452577558756
г. Санкт-Петербург,2024-12-01,18.06572014135586,0.34090421830265427,0.34090421830265427,0.0,0.0,52.47313726101103,8.689999999999998,12.67497480481836
г. Санкт-Петербург,2025-01-01,17.35782786762723,0.24822008087726388,0.24822008087726388,0.0,0.0,50.78516896625366,9.459999999999994,13.11594619338127
г. Санкт-Петербург,2025-02-01,20.62982760275142,0.31653560056003016,0.31653560056003016,0.0,0.0,49.17520425510014,10.16,13.19451770919657
г. Санкт-Петербург,2025-03-01,18.32870868634059,0.41369500741819465,0.41369500741819465,0.0,0.0,48.67999604373533,9.709999999999994,13.50604167348565
г. Санкт-Петербург,2025-04-01,18.8264932367866,0.5812476727093596,0.5812476727093596,0.0,0.0,48.19757565951376,10.22,13.79400266396373
г. Санкт-Петербург,2025-05-01,17.99245806594113,0.3820181297639742,0.3820181297639742,0.0,0.0,47.79529365268586,9.950000000000003,13.5700486334428
г. Санкт-Петербург,2025-06-01,18.67717753228219,0.6128194128495359,0.6128194128495359,0.0,0.0,47.45942337129732,9.780000000000001,13.7058665382179
г. Санкт-Петербург,2025-07-01,17.54065884375357,-0.2977272507310609,-0.2977272507310609,-0.0,-0.0,47.09088723314584,9.430000000000007,14.33033096784617
г. Санкт-Петербург,2025-08-01,16.99388633880742,-1.399483474742535,-1.399483474742535,-0.0,-0.0,46.6598792051548,9.099999999999994,13.22500902070484
г. Санкт-Петербург,2025-09-01,16.58904472888863,0.2588989388809786,0.2588989388809786,0.0,0.0,46.70139432881689,8.849999999999994,13.35394734224473
г. Санкт-Петербург,2025-10-01,16.11971521527017,-0.43597080805563593,-0.43597080805563593,-0.0,-0.0,46.71390735242955,8.370000000000005,13.26522224450013
г. Санкт-Петербург,2025-11-01,15.42642692932384,-0.19410526130430839,-0.19410526130430839,-0.0,-0.0,46.60320095850955,7.629999999999995,13.10730371757726
г. Санкт-Петербург,2025-12-01,15.11303436807611,0.2813157398373711,0.2813157398373711,0.0,0.0,46.59969758234227,6.370000000000005,13.35015046160741
