"gmm:Int_Rate_Mort:L2","gmm:Int_Rate_Mort:L3","gmm:Zakred:L2","gmm:Zakred:L3","gmm:CPI_reg:L2","gmm:CPI_reg:L3","gmm:Cap_to_assets:L2","gmm:Cap_to_assets:L3","iv:Mon_Shock","iv:Mon_Shock_Cluster_new_cd_1","iv:Mon_Shock_Cluster_new_cd_3","iv:Mon_Shock_Cluster_new_cd_4","iv:Mortgage_MaP_Announcement"
5.16,0,13.6134077462957,0,10.1308497448124,0,44.6229191199868,0,-0.233318385153751,0,0,0,0
5.43000000000001,5.16,13.6403089758169,13.6134077462957,10.4852638007937,10.1308497448124,46.4629091212129,44.6229191199868,0.0463141473731241,0,0,0,0
5.43000000000001,5.43000000000001,13.5150145736821,13.6403089758169,10.6349114670753,10.4852638007937,47.9958515168617,46.4629091212129,-0.35785203631988,0,0,0,0
4.94,5.43000000000001,13.4581707109716,13.5150145736821,10.5279058698666,10.6349114670753,50.2161227765609,47.9958515168617,-0.084639006412992,0,0,0,1
4.34999999999999,4.94,13.2264909843437,13.4581707109716,10.3105303811655,10.5279058698666,52.7157039988587,50.2161227765609,0.224833048530936,0,0,0,-1
4.45,4.34999999999999,13.4624525223616,13.2264909843437,10.3020651557032,10.3105303811655,53.8492727737614,52.7157039988587,-0.0873685308722294,0,0,0,0
4.28,4.45,13.4933493973189,13.4624525223616,9.93388913438664,10.3020651557032,56.6104293092134,53.8492727737614,-0.544289851517746,0,0,0,0
3.98,4.28,13.6337829801238,13.4933493973189,9.72000865732456,9.93388913438664,59.3707109087819,56.6104293092134,0.234458260675932,0,0,0,0
3.78,3.98,13.5407723366006,13.6337829801238,9.47963086387058,9.72000865732456,59.931189146794,59.3707109087819,0.604131732419482,0,0,0,0
3.65000000000001,3.78,13.5507544136595,13.5407723366006,9.27068805365594,9.47963086387058,62.3332396161364,59.931189146794,0.224298545394849,0,0,0,0
3.28,3.65000000000001,13.4869207488888,13.5507544136595,9.10665299575901,9.27068805365594,65.18903119947,62.3332396161364,-0.172903457899903,0,0,0,0
2.61,3.28,13.513323825145,13.4869207488888,9.1049662400084,9.10665299575901,69.0266339888063,65.18903119947,-0.295709351634354,0,0,0,-1
2.61,2.61,13.6472739054132,13.513323825145,9.00634037738405,9.1049662400084,69.209849344625,69.0266339888063,-0.119794702308202,0,0,0,0
2.73999999999999,2.61,13.3720384610798,13.6472739054132,8.88165522483516,9.00634037738405,69.9080914312413,69.209849344625,0.292313451931442,0,0,0,1
2.94,2.73999999999999,14.1330626653012,13.3720384610798,8.52480337109404,8.88165522483516,69.2490941711046,69.9080914312413,-1.92325516729135,0,0,0,0
3.02,2.94,14.0981014008441,14.1330626653012,7.67096170717904,8.52480337109404,69.326397038866,69.2490941711046,0.637065780499267,0,0,0,0
3.3,3.02,14.2376206655847,14.0981014008441,7.57829470382741,7.67096170717904,69.8240604315759,69.326397038866,0.0708645063531286,0,0,0,-1
3.42,3.3,14.201714171938,14.2376206655847,7.41095517636087,7.57829470382741,72.2934130420611,69.8240604315759,-0.442791343315005,0,0,0,1
3.73,3.42,14.1016845346901,14.201714171938,7.31728701305736,7.41095517636087,73.642678699852,72.2934130420611,-0.122485714305558,0,0,0,0
3.59999999999999,3.73,14.3094645741845,14.1016845346901,7.36110086041704,7.31728701305736,74.7144070020818,73.642678699852,-0.34995749061331,0,0,0,0
3.88,3.59999999999999,13.7195604148854,14.3094645741845,7.3161910450102,7.36110086041704,76.1491005937982,74.7144070020818,4.79853379400944,0,0,0,0
5.17,3.88,13.8900800430762,13.7195604148854,7.3885562685833,7.3161910450102,75.788381136874,76.1491005937982,-3.14136377945639,0,0,0,0
5.34999999999999,5.17,13.9264767219309,13.8900800430762,7.39430267016942,7.3885562685833,76.2306118603565,75.788381136874,-0.558636367477391,0,0,0,0
5.45,5.34999999999999,13.9388218243067,13.9264767219309,7.32870151211723,7.39430267016942,76.4271467824765,76.2306118603565,0.0136584634519359,0,0,0,0
5.87000000000001,5.45,13.9302168208473,13.9388218243067,7.34556350765922,7.32870151211723,77.1087012312312,76.4271467824765,0.354806192694786,0,0,0,0
6.31999999999999,5.87000000000001,13.9839993236956,13.9302168208473,7.22251125181764,7.34556350765922,78.388344719357,77.1087012312312,-0.525692826875712,0,0,0,1
6.69,6.31999999999999,14.0486750079787,13.9839993236956,7.34882050985914,7.22251125181764,78.1639898947186,78.388344719357,0.853238759669049,0,0,0,-1
7.43000000000001,6.69,13.4935745054984,14.0486750079787,7.48662403526429,7.34882050985914,79.3652462052298,78.1639898947186,0.223469131078785,0,0,0,0
7.68000000000001,7.43000000000001,13.9104163046991,13.4935745054984,7.15927157725244,7.48662403526429,80.6437591600305,79.3652462052298,-0.955130924869447,0,0,0,0
7.73999999999999,7.68000000000001,13.7458391297196,13.9104163046991,7.70857410138968,7.15927157725244,79.8038182435263,80.6437591600305,0.0285164784650451,0,0,0,0
8.55,7.73999999999999,13.6478971090723,13.7458391297196,7.7787908579374,7.70857410138968,80.9663651885287,79.8038182435263,0.496396877265354,0,0,0,0
8.73,8.55,13.7194948914506,13.6478971090723,7.82993869942794,7.7787908579374,81.6127862980147,80.9663651885287,-0.146076127954611,0,0,0,0
10.12,8.73,13.6408464363134,13.7194948914506,7.8280034176327,7.82993869942794,82.0919978875711,81.6127862980147,0.541858599931217,0,0,0,0
9.58,10.12,13.4918435001099,13.6408464363134,7.87652646821243,7.8280034176327,81.2959045742908,82.0919978875711,-0.624837717399792,0,0,0,0
10.2,9.58,13.4737640449937,13.4918435001099,8.28730771071921,7.87652646821243,81.5246375805772,81.2959045742908,5.29167397660498,0,0,0,-1
10.75,10.2,12.9237464084829,13.4737640449937,8.18805015729222,8.28730771071921,79.0895938082359,81.5246375805772,-3.44916572281051,0,0,0,0
10.97,10.75,13.2865993021749,12.9237464084829,8.51768243756042,8.18805015729222,79.682180299157,79.0895938082359,-2.73710325735289,0,0,0,1
18.28,10.97,14.1467781392582,13.2865993021749,8.47298915711558,8.51768243756042,78.8506297540855,79.682180299157,-1.87338904480528,0,0,0,0
19.9,18.28,13.9025668355024,14.1467781392582,8.00527695854241,8.47298915711558,76.54775291409,78.8506297540855,2.73143325452513,0,0,0,0
18.89,19.9,13.964526736261,13.9025668355024,8.12703377254671,8.00527695854241,75.494831287059,76.54775291409,-0.724260211531156,0,0,0,0
17.87,18.89,14.6308111235832,13.964526736261,7.91838697816983,8.12703377254671,74.7285604651234,75.494831287059,2.8657128594502,0,0,0,0
16.66,17.87,14.4005212618712,14.6308111235832,7.98851728043584,7.91838697816983,76.7598290558704,74.7285604651234,-0.506434658915303,0,0,0,1
15.09,16.66,14.4545637666984,14.4005212618712,7.75327672412774,7.98851728043584,76.3193383589244,76.7598290558704,-0.921732476157693,0,0,0,-1
15.1,15.09,14.445235035561,14.4545637666984,7.71484415350931,7.75327672412774,76.2371603221974,76.3193383589244,-0.176982568817097,0,0,0,0
13.39,15.1,14.3227950242003,14.445235035561,8.41801881719426,7.71484415350931,76.6137788782601,76.2371603221974,-0.00987692322549982,0,0,0,0
12.71,13.39,14.5586954954072,14.3227950242003,8.21876084842555,8.41801881719426,76.235365608032,76.6137788782601,-2.08697942896877,0,0,0,0
12.05,12.71,14.3230543588137,14.5586954954072,7.73532047654016,8.21876084842555,75.646550610471,76.235365608032,1.48234527551285,0,0,0,1
12.01,12.05,14.4808291046909,14.3230543588137,8.65881007104619,7.73532047654016,73.3951098464842,75.646550610471,-0.0858261368690396,0,0,0,-1
11.06,12.01,14.3269642310508,14.4808291046909,8.72119967083697,8.65881007104619,72.8625708435631,73.3951098464842,0.0855621893392779,0,0,0,0
3.5,11.06,14.1049194219185,14.3269642310508,8.60614623386909,8.72119967083697,73.0506384002874,72.8625708435631,-0.0694924849490306,0,0,0,0
1.74,3.5,13.9879145143129,14.1049194219185,8.77467630164983,8.60614623386909,69.4976011860972,73.0506384002874,-0.0150522367082608,0,0,0,1
1.84999999999999,1.74,13.3849812082492,13.9879145143129,8.87048735038492,8.77467630164983,69.7886616521332,69.4976011860972,0.757592946502786,0,0,0,-1
3.09999999999999,1.84999999999999,13.4115068271905,13.3849812082492,8.88871902267317,8.87048735038492,70.2727900926616,69.7886616521332,2.4972290169703,0,0,0,0
4.37000000000001,3.09999999999999,13.1434286400036,13.4115068271905,8.78924432777756,8.88871902267317,70.7241806700488,70.2727900926616,-1.84168907065787,0,0,0,0
5.89,4.37000000000001,13.0272419480252,13.1434286400036,8.46622596507604,8.78924432777756,72.3357328224295,70.7241806700488,0.850895361256956,0,0,0,0
6.87000000000001,5.89,12.8984662864584,13.0272419480252,8.55622238703382,8.46622596507604,72.7558801176013,72.3357328224295,-3.24247020059627,0,0,0,0
7.98,6.87000000000001,12.7137209978043,12.8984662864584,8.97369515382101,8.55622238703382,76.0086583892612,72.7558801176013,2.21008655524883,0,0,0,0
8.44,7.98,12.8201742038353,12.7137209978043,8.89655759946537,8.97369515382101,75.7969925965526,76.0086583892612,-2.2378425154308,0,0,0,1
8.77,8.44,12.8623148635942,12.8201742038353,8.48029537047677,8.89655759946537,74.6295626599517,75.7969925965526,1.51933748883128,0,0,0,-1
8.59,8.77,12.990438232869,12.8623148635942,9.26199751899477,8.48029537047677,75.6685100256966,74.6295626599517,-0.0387339306838328,0,0,0,0
8.90000000000001,8.59,12.8686897713008,12.990438232869,9.81343912870579,9.26199751899477,75.1267903533343,75.6685100256966,-1.74209617894006,0,0,0,0
8.90000000000001,8.90000000000001,12.7673212891038,12.8686897713008,8.73666598810939,9.81343912870579,75.4002928733908,75.1267903533343,1.37820301786078,0,0,0,0
8.86,8.90000000000001,12.7415571379294,12.7673212891038,8.9835595893771,8.73666598810939,74.0047243049382,75.4002928733908,-0.147723243239266,0,0,0,0
9.13,8.86,12.3054135876095,12.7415571379294,8.80945260011098,8.9835595893771,73.7385256464265,74.0047243049382,1.99752624521402,0,0,0,0
9.04000000000001,9.13,12.4197024728777,12.3054135876095,8.04168139158453,8.80945260011098,74.0701071995629,73.7385256464265,-3.32207411321289,0,0,0,1
9.88,9.04000000000001,11.4621100941131,12.4197024728777,11.6752826195091,8.04168139158453,71.4102850074532,74.0701071995629,2.57929124483088,0,0,0,-1
8.98999999999999,9.88,11.4300758308073,11.4621100941131,9.86167944633922,11.6752826195091,70.9805261479887,71.4102850074532,1.37150917776396,0,0,0,0
8.65000000000001,8.98999999999999,11.4165749838643,11.4300758308073,10.1599818740261,9.86167944633922,70.0527744340289,70.9805261479887,-1.69837436785221,0,0,0,0
8.45999999999999,8.65000000000001,11.277504430814,11.4165749838643,10.6365975904107,10.1599818740261,69.8101241461521,70.0527744340289,-0.0926841374253904,0,0,0,0
9.06,8.45999999999999,11.4448602177103,11.277504430814,9.88891094009735,10.6365975904107,66.2209468288744,69.8101241461521,0.0683155196827663,0,0,0,0
9.81,9.06,12.0949875532131,11.4448602177103,9.85182989487092,9.88891094009735,63.76089116468,66.2209468288744,0.0971594068581645,0,0,0,1
10.13,9.81,12.108902733711,12.0949875532131,9.59804348108422,9.85182989487092,61.6789466164499,63.76089116468,0.167552665291165,0,0,0,-1
10.74,10.13,12.3951146730693,12.108902733711,8.2573929146195,9.59804348108422,60.5198660441427,61.6789466164499,-0.199229542945385,0,0,0,0
11.58,10.74,12.6674153963351,12.3951146730693,7.74570904100684,8.2573929146195,59.5632042798083,60.5198660441427,0.230801283085562,0,0,0,0
11.66,11.58,12.6130169355774,12.6674153963351,8.22665301884697,7.74570904100684,57.7502815140772,59.5632042798083,-0.910546663580597,0,0,0,0
11.01,11.66,12.7389536251703,12.6130169355774,8.20028267259032,8.22665301884697,57.1203392788822,57.7502815140772,-1.10175622401147,0,0,0,0
10.28,11.01,13.1999368146367,12.7389536251703,8.34761222974879,8.20028267259032,56.0571842364671,57.1203392788822,1.65838241362351,0,0,0,0
9.39,10.28,12.4173094233527,13.1999368146367,7.65951537796774,8.34761222974879,55.0985135531301,56.0571842364671,-0.694869746936615,0,0,0,0
8.84999999999999,9.39,12.4533027933246,12.4173094233527,7.6395366373946,7.65951537796774,54.9348253530732,55.0985135531301,0.241865546751328,0,0,0,1
8.51000000000001,8.84999999999999,12.4122308771465,12.4533027933246,8.07906750272609,7.6395366373946,54.3870695623565,54.9348253530732,0.47542100114168,0,0,0,-1
5.34,0,13.5443904763119,0,10.1326850510762,0,48.3911406087596,0,-0.233318385153751,0,-0.233318385153751,0,0
5.34,5.34,13.5079337634178,13.5443904763119,10.560195178918,10.1326850510762,48.7002073702044,48.3911406087596,0.0463141473731241,0,0.0463141473731241,0,0
5.62000000000001,5.34,13.4621579199291,13.5079337634178,10.717063807501,10.560195178918,48.7922179631082,48.7002073702044,-0.35785203631988,0,-0.35785203631988,0,0
5.62000000000001,5.62000000000001,13.4184618528829,13.4621579199291,10.7675218761865,10.717063807501,48.9590855320976,48.7922179631082,-0.084639006412992,0,-0.084639006412992,0,1
5.65000000000001,5.62000000000001,13.1817445545057,13.4184618528829,10.3223589639242,10.7675218761865,49.00506844661,48.9590855320976,0.224833048530936,0,0.224833048530936,0,-1
5.31,5.65000000000001,13.4210040785911,13.1817445545057,10.223865152594,10.3223589639242,49.2873724655305,49.00506844661,-0.0873685308722294,0,-0.0873685308722294,0,0
5.44,5.31,13.5404341579523,13.4210040785911,10.0547734628528,10.223865152594,49.8662980160666,49.2873724655305,-0.544289851517746,0,-0.544289851517746,0,0
5.17,5.44,13.7194927043007,13.5404341579523,9.71005018686299,10.0547734628528,50.3816715358661,49.8662980160666,0.234458260675932,0,0.234458260675932,0,0
5.04000000000001,5.17,13.6124914468278,13.7194927043007,9.47818144676357,9.71005018686299,50.5285346632314,50.3816715358661,0.604131732419482,0,0.604131732419482,0,0
4.8,5.04000000000001,13.6273262132749,13.6124914468278,9.26668871235719,9.47818144676357,50.6406728950571,50.5285346632314,0.224298545394849,0,0.224298545394849,0,0
4.76000000000001,4.8,13.536387094082,13.6273262132749,8.93578974960018,9.26668871235719,50.4977064525071,50.6406728950571,-0.172903457899903,0,-0.172903457899903,0,0
4.61,4.76000000000001,13.5138879193129,13.536387094082,7.80200345254092,8.93578974960018,50.9324956724947,50.4977064525071,-0.295709351634354,0,-0.295709351634354,0,-1
4.45,4.61,13.5976124552219,13.5138879193129,6.80488552205946,7.80200345254092,51.1602464911716,50.9324956724947,-0.119794702308202,0,-0.119794702308202,0,0
4.56,4.45,13.3237312429778,13.5976124552219,7.25810574062504,6.80488552205946,51.5834553244113,51.1602464911716,0.292313451931442,0,0.292313451931442,0,1
5.11,4.56,14.2074461968573,13.3237312429778,6.72872983435855,7.25810574062504,51.4427258385503,51.5834553244113,-1.92325516729135,0,-1.92325516729135,0,0
5.44,5.11,14.1760744776444,14.2074461968573,7.07046619295955,6.72872983435855,51.189851824484,51.4427258385503,0.637065780499267,0,0.637065780499267,0,0
5.29000000000001,5.44,14.3091371594252,14.1760744776444,7.00091251215535,7.07046619295955,51.2792387492447,51.189851824484,0.0708645063531286,0,0.0708645063531286,0,-1
5.73,5.29000000000001,14.2408272696836,14.3091371594252,6.74673240591823,7.00091251215535,51.6094883323032,51.2792387492447,-0.442791343315005,0,-0.442791343315005,0,1
5.93000000000001,5.73,14.0785192089582,14.2408272696836,6.64781947317718,6.74673240591823,52.2186104093268,51.6094883323032,-0.122485714305558,0,-0.122485714305558,0,0
5.59,5.93000000000001,14.2929352960125,14.0785192089582,6.56706651531033,6.64781947317718,52.6384974115574,52.2186104093268,-0.34995749061331,0,-0.34995749061331,0,0
5.76000000000001,5.59,13.6678705843516,14.2929352960125,6.68145583232795,6.56706651531033,53.3071450829951,52.6384974115574,4.79853379400944,0,4.79853379400944,0,0
5.97,5.76000000000001,13.8132898496891,13.6678705843516,6.60400351497154,6.68145583232795,53.5109482621181,53.3071450829951,-3.14136377945639,0,-3.14136377945639,0,0
7.18000000000001,5.97,13.8804230330006,13.8132898496891,6.33555013599216,6.60400351497154,53.1469656727984,53.5109482621181,-0.558636367477391,0,-0.558636367477391,0,0
6.3,7.18000000000001,13.8893459783063,13.8804230330006,6.32647007318759,6.33555013599216,53.5760967600051,53.1469656727984,0.0136584634519359,0,0.0136584634519359,0,0
6.08,6.3,13.8606184909887,13.8893459783063,6.22310008957283,6.32647007318759,54.0410506723861,53.5760967600051,0.354806192694786,0,0.354806192694786,0,0
6.31999999999999,6.08,13.9749857081882,13.8606184909887,6.5623478395665,6.22310008957283,54.7353306622911,54.0410506723861,-0.525692826875712,0,-0.525692826875712,0,1
5.59999999999999,6.31999999999999,14.1339312656134,13.9749857081882,6.67009108357522,6.5623478395665,55.1215552083522,54.7353306622911,0.853238759669049,0,0.853238759669049,0,-1
5.7,5.59999999999999,13.4710619861238,14.1339312656134,6.74198447894785,6.67009108357522,55.8762512399575,55.1215552083522,0.223469131078785,0,0.223469131078785,0,0
6.31999999999999,5.7,13.9333316345725,13.4710619861238,6.76119434916118,6.74198447894785,56.6254633850444,55.8762512399575,-0.955130924869447,0,-0.955130924869447,0,0
6.29000000000001,6.31999999999999,13.7220115673216,13.9333316345725,6.89331143529167,6.76119434916118,57.5148230132128,56.6254633850444,0.0285164784650451,0,0.0285164784650451,0,0
5.79000000000001,6.29000000000001,13.6533948541337,13.7220115673216,7.02345198388789,6.89331143529167,58.1350832835958,57.5148230132128,0.496396877265354,0,0.496396877265354,0,0
6.2,5.79000000000001,13.8116464018747,13.6533948541337,6.90454277807467,7.02345198388789,58.7184572237362,58.1350832835958,-0.146076127954611,0,-0.146076127954611,0,0
6.20999999999999,6.2,13.7119138735579,13.8116464018747,6.2634523764586,6.90454277807467,58.9982670530783,58.7184572237362,0.541858599931217,0,0.541858599931217,0,0
6.62999999999999,6.20999999999999,13.5331156378951,13.7119138735579,6.07064330153264,6.2634523764586,58.7033375700713,58.9982670530783,-0.624837717399792,0,-0.624837717399792,0,0
6.27,6.62999999999999,13.4925179573502,13.5331156378951,5.79375946673872,6.07064330153264,58.8203417729988,58.7033375700713,5.29167397660498,0,5.29167397660498,0,-1
6.95999999999999,6.27,12.9148476824926,13.4925179573502,5.95659583867352,5.79375946673872,58.9749204672946,58.8203417729988,-3.44916572281051,0,-3.44916572281051,0,0
7.72,6.95999999999999,13.1696548316194,12.9148476824926,5.88207500599352,5.95659583867352,59.6638255618798,58.9749204672946,-2.73710325735289,0,-2.73710325735289,0,1
12.61,7.72,14.042379936627,13.1696548316194,5.59499498922273,5.88207500599352,59.5108003156419,59.6638255618798,-1.87338904480528,0,-1.87338904480528,0,0
13.88,12.61,13.8894707236221,14.042379936627,3.68711659152885,5.59499498922273,58.8068881384936,59.5108003156419,2.73143325452513,0,2.73143325452513,0,0
13.59,13.88,13.9550487445406,13.8894707236221,5.19211866264304,3.68711659152885,58.0574508279513,58.8068881384936,-0.724260211531156,0,-0.724260211531156,0,0
13.47,13.59,14.63417416369,13.9550487445406,5.39775244121457,5.19211866264304,57.8028654628828,58.0574508279513,2.8657128594502,0,2.8657128594502,0,0
13.06,13.47,14.3436500506965,14.63417416369,5.95925899895006,5.39775244121457,59.0597183214389,57.8028654628828,-0.506434658915303,0,-0.506434658915303,0,1
12.92,13.06,14.3665656182298,14.3436500506965,5.66551743491441,5.95925899895006,59.2870549696288,59.0597183214389,-0.921732476157693,0,-0.921732476157693,0,-1
12.39,12.92,14.3349423546134,14.3665656182298,5.60777327079312,5.66551743491441,60.0012434546293,59.2870549696288,-0.176982568817097,0,-0.176982568817097,0,0
12.62,12.39,14.1976877294288,14.3349423546134,6.13165443045721,5.60777327079312,58.4735178109456,60.0012434546293,-0.00987692322549982,0,-0.00987692322549982,0,0
12.34,12.62,14.4839781495733,14.1976877294288,5.83429569646868,6.13165443045721,58.976281139168,58.4735178109456,-2.08697942896877,0,-2.08697942896877,0,0
12.26,12.34,14.2457046212974,14.4839781495733,6.07586141115278,5.83429569646868,59.3740064192945,58.976281139168,1.48234527551285,0,1.48234527551285,0,1
12.7,12.26,14.3621956463782,14.2457046212974,6.00187143659143,6.07586141115278,58.3809758803336,59.3740064192945,-0.0858261368690396,0,-0.0858261368690396,0,-1
11.8,12.7,14.1974246782626,14.3621956463782,6.163304628545,6.00187143659143,58.8858402150296,58.3809758803336,0.0855621893392779,0,0.0855621893392779,0,0
6.34999999999999,11.8,14.0038831632288,14.1974246782626,6.13129983357738,6.163304628545,60.1366746088148,58.8858402150296,-0.0694924849490306,0,-0.0694924849490306,0,0
5.5,6.34999999999999,13.8863101451798,14.0038831632288,6.36617055787494,6.13129983357738,62.1620691186027,60.1366746088148,-0.0150522367082608,0,-0.0150522367082608,0,1
5.72,5.5,13.1832702449242,13.8863101451798,6.51913078475426,6.36617055787494,63.291721954193,62.1620691186027,0.757592946502786,0,0.757592946502786,0,-1
5.59999999999999,5.72,13.2033995237984,13.1832702449242,6.5256259291557,6.51913078475426,64.3214708859913,63.291721954193,2.4972290169703,0,2.4972290169703,0,0
5.78,5.59999999999999,12.9137894424083,13.2033995237984,6.25500227185531,6.5256259291557,64.0560878799494,64.3214708859913,-1.84168907065787,0,-1.84168907065787,0,0
7.05,5.78,12.7711913449261,12.9137894424083,6.72381793518791,6.25500227185531,65.4608429195085,64.0560878799494,0.850895361256956,0,0.850895361256956,0,0
7.98999999999999,7.05,12.7545636189895,12.7711913449261,6.39064802549226,6.72381793518791,66.7992359088595,65.4608429195085,-3.24247020059627,0,-3.24247020059627,0,0
7.97,7.98999999999999,12.5800260217428,12.7545636189895,6.15732970621155,6.39064802549226,68.2299890143687,66.7992359088595,2.21008655524883,0,2.21008655524883,0,0
8.45,7.97,12.6599209702645,12.5800260217428,6.08054822714297,6.15732970621155,68.4337638240757,68.2299890143687,-2.2378425154308,0,-2.2378425154308,0,1
8.3,8.45,12.7326286205849,12.6599209702645,5.88552693045837,6.08054822714297,67.5914964152107,68.4337638240757,1.51933748883128,0,1.51933748883128,0,-1
7.72,8.3,12.8632728078147,12.7326286205849,5.8060062776965,5.88552693045837,67.2778029679228,67.5914964152107,-0.0387339306838328,0,-0.0387339306838328,0,0
8.17,7.72,12.748887245263,12.8632728078147,7.14400354242434,5.8060062776965,66.6826804067265,67.2778029679228,-1.74209617894006,0,-1.74209617894006,0,0
8.16,8.17,12.6994445590394,12.748887245263,6.61786513820396,7.14400354242434,66.693887662653,66.6826804067265,1.37820301786078,0,1.37820301786078,0,0
8.04000000000001,8.16,12.7019404092071,12.6994445590394,6.40586788953204,6.61786513820396,66.7711759259872,66.693887662653,-0.147723243239266,0,-0.147723243239266,0,0
7.83,8.04000000000001,12.3258362713364,12.7019404092071,6.74484853681337,6.40586788953204,66.3395167570255,66.7711759259872,1.99752624521402,0,1.99752624521402,0,0
8.05,7.83,12.4750415777592,12.3258362713364,6.24188728317808,6.74484853681337,66.5401168026702,66.3395167570255,-3.32207411321289,0,-3.32207411321289,0,1
8.78,8.05,11.3737245109211,12.4750415777592,6.05490787294456,6.24188728317808,65.0050658597778,66.5401168026702,2.57929124483088,0,2.57929124483088,0,-1
8.36,8.78,11.3180872217146,11.3737245109211,5.53990401133349,6.05490787294456,64.8172770238403,65.0050658597778,1.37150917776396,0,1.37150917776396,0,0
7.98,8.36,11.3251972922804,11.3180872217146,5.30228671266634,5.53990401133349,64.3377172477998,64.8172770238403,-1.69837436785221,0,-1.69837436785221,0,0
8.58,7.98,11.1913805986344,11.3251972922804,6.27144923509099,5.30228671266634,63.591523605554,64.3377172477998,-0.0926841374253904,0,-0.0926841374253904,0,0
8.68000000000001,8.58,11.3401107670236,11.1913805986344,5.70128326784582,6.27144923509099,60.8239472798909,63.591523605554,0.0683155196827663,0,0.0683155196827663,0,0
8.17,8.68000000000001,12.1048492768048,11.3401107670236,4.83996908973494,5.70128326784582,58.986481304191,60.8239472798909,0.0971594068581645,0,0.0971594068581645,0,1
9.48,8.17,12.0951105226468,12.1048492768048,5.05324400911756,4.83996908973494,56.4400353460916,58.986481304191,0.167552665291165,0,0.167552665291165,0,-1
9.8,9.48,12.4029468366184,12.0951105226468,4.99224005914223,5.05324400911756,55.8386581766065,56.4400353460916,-0.199229542945385,0,-0.199229542945385,0,0
10.62,9.8,12.6858759853645,12.4029468366184,4.96834431433767,4.99224005914223,55.1913122312187,55.8386581766065,0.230801283085562,0,0.230801283085562,0,0
10.15,10.62,12.6359777349263,12.6858759853645,4.91496827050042,4.96834431433767,54.7418023396654,55.1913122312187,-0.910546663580597,0,-0.910546663580597,0,0
9.87,10.15,12.7801073281967,12.6359777349263,4.52476301218302,4.91496827050042,54.4855890204572,54.7418023396654,-1.10175622401147,0,-1.10175622401147,0,0
9.98999999999999,9.87,13.1446469025577,12.7801073281967,4.72741690304469,4.52476301218302,54.0536506928962,54.4855890204572,1.65838241362351,0,1.65838241362351,0,0
9.45999999999999,9.98999999999999,12.2176726605475,13.1446469025577,4.45346784381458,4.72741690304469,52.4958468368959,54.0536506928962,-0.694869746936615,0,-0.694869746936615,0,0
8.72,9.45999999999999,12.2741115184888,12.2176726605475,4.90853612488919,4.45346784381458,52.7965825278782,52.4958468368959,0.241865546751328,0,0.241865546751328,0,1
9.02,8.72,12.323971662861,12.2741115184888,4.79181874334661,4.90853612488919,52.5827919158366,52.7965825278782,0.47542100114168,0,0.47542100114168,0,-1
5,0,13.7259574959201,0,10.1147987387995,0,50.9684345551649,0,-0.233318385153751,0,0,0,0
4.94,5,13.7653419393407,13.7259574959201,10.3218300601037,10.1147987387995,51.4886050327538,50.9684345551649,0.0463141473731241,0,0,0,0
5.11,4.94,13.7040627594446,13.7653419393407,10.5160223470188,10.3218300601037,53.704668302867,51.4886050327538,-0.35785203631988,0,0,0,0
5.28,5.11,13.6857760389502,13.7040627594446,10.4544243859144,10.5160223470188,54.0423855299758,53.704668302867,-0.084639006412992,0,0,0,1
4.92,5.28,13.382456884345,13.6857760389502,10.1723625935512,10.4544243859144,54.4417923532419,54.0423855299758,0.224833048530936,0,0,0,-1
4.81999999999999,4.92,13.7689725038415,13.382456884345,10.0913613550411,10.1723625935512,54.003447562161,54.4417923532419,-0.0873685308722294,0,0,0,0
4.45999999999999,4.81999999999999,13.8061293712886,13.7689725038415,9.85881075568377,10.0913613550411,54.7173404262468,54.003447562161,-0.544289851517746,0,0,0,0
4.45,4.45999999999999,13.9768355880055,13.8061293712886,9.62357196187822,9.85881075568377,55.4079224368704,54.7173404262468,0.234458260675932,0,0,0,0
4.14,4.45,13.8680979612796,13.9768355880055,9.42486802497895,9.62357196187822,52.2929956125529,55.4079224368704,0.604131732419482,0,0,0,0
3.78,4.14,13.8653105755862,13.8680979612796,9.23908179042769,9.42486802497895,52.7338211653846,52.2929956125529,0.224298545394849,0,0,0,0
3.25,3.78,13.7118911784885,13.8653105755862,9.07049004652728,9.23908179042769,52.5346244136894,52.7338211653846,-0.172903457899903,0,0,0,0
2.98,3.25,13.6123296932166,13.7118911784885,8.98350219595105,9.07049004652728,56.8670888771282,52.5346244136894,-0.295709351634354,0,0,0,-1
3.05,2.98,13.7393738016441,13.6123296932166,8.88653383946569,8.98350219595105,56.9830539536093,56.8670888771282,-0.119794702308202,0,0,0,0
3.18000000000001,3.05,13.4567362204196,13.7393738016441,8.84092782804556,8.88653383946569,57.3579774554822,56.9830539536093,0.292313451931442,0,0,0,1
3.97,3.18000000000001,14.4156294896513,13.4567362204196,8.66677920263396,8.84092782804556,57.7119993374043,57.3579774554822,-1.92325516729135,0,0,0,0
3.87,3.97,14.4027260341358,14.4156294896513,7.63804295622892,8.66677920263396,57.6008438458801,57.7119993374043,0.637065780499267,0,0,0,0
4.04000000000001,3.87,14.5815629376098,14.4027260341358,7.76056885654378,7.63804295622892,57.8298721150422,57.6008438458801,0.0708645063531286,0,0,0,-1
3.87,4.04000000000001,14.4926102886824,14.5815629376098,7.41524285823648,7.76056885654378,56.2794408866979,57.8298721150422,-0.442791343315005,0,0,0,1
3.64,3.87,14.2714237374974,14.4926102886824,7.40941112022689,7.41524285823648,56.9721075564353,56.2794408866979,-0.122485714305558,0,0,0,0
3.59999999999999,3.64,14.4913610667838,14.2714237374974,7.30339184340985,7.40941112022689,57.7245219284574,56.9721075564353,-0.34995749061331,0,0,0,0
3.68000000000001,3.59999999999999,13.8216766846396,14.4913610667838,7.38650562386617,7.30339184340985,58.733854662424,57.7245219284574,4.79853379400944,0,0,0,0
4.14,3.68000000000001,14.0278706672892,13.8216766846396,7.53570073266697,7.38650562386617,58.6664243868458,58.733854662424,-3.14136377945639,0,0,0,0
4.62000000000001,4.14,14.0402515601417,14.0278706672892,7.49414373465498,7.53570073266697,59.1866287672081,58.6664243868458,-0.558636367477391,0,0,0,0
4.73999999999999,4.62000000000001,14.0594197911953,14.0402515601417,7.37749531101285,7.49414373465498,60.6405248234335,59.1866287672081,0.0136584634519359,0,0,0,0
4.98999999999999,4.73999999999999,14.0339556436995,14.0594197911953,7.38470784152955,7.37749531101285,61.1028117150178,60.6405248234335,0.354806192694786,0,0,0,0
5.22,4.98999999999999,14.1469566300606,14.0339556436995,7.32373868561507,7.38470784152955,61.8010454013031,61.1028117150178,-0.525692826875712,0,0,0,1
5.08,5.22,14.3616128119887,14.1469566300606,7.35284763783667,7.32373868561507,61.1086245222034,61.8010454013031,0.853238759669049,0,0,0,-1
5.87999999999999,5.08,13.6567953830371,14.3616128119887,7.25114075891466,7.35284763783667,61.9120165717566,61.1086245222034,0.223469131078785,0,0,0,0
6.56999999999999,5.87999999999999,14.0992713259009,13.6567953830371,6.97624053262734,7.25114075891466,62.6175341257149,61.9120165717566,-0.955130924869447,0,0,0,0
7.06,6.56999999999999,13.8751755179758,14.0992713259009,7.88528705110421,6.97624053262734,63.323300533962,62.6175341257149,0.0285164784650451,0,0,0,0
7.48,7.06,13.7747716628015,13.8751755179758,7.82367808243971,7.88528705110421,64.1515439498525,63.323300533962,0.496396877265354,0,0,0,0
8.43000000000001,7.48,13.8528057643124,13.7747716628015,7.74340950070715,7.82367808243971,64.5273020094903,64.1515439498525,-0.146076127954611,0,0,0,0
9.40000000000001,8.43000000000001,13.7719632871786,13.8528057643124,7.75322379390389,7.74340950070715,65.7672776478481,64.5273020094903,0.541858599931217,0,0,0,0
9.59,9.40000000000001,13.5899070084948,13.7719632871786,7.68983704597153,7.75322379390389,64.9729932901376,65.7672776478481,-0.624837717399792,0,0,0,0
9.27,9.59,13.5435819960451,13.5899070084948,8.00472501461978,7.68983704597153,64.8521408317256,64.9729932901376,5.29167397660498,0,0,0,-1
9.67,9.27,12.9603606386529,13.5435819960451,8.31102262436956,8.00472501461978,66.5218464465916,64.8521408317256,-3.44916572281051,0,0,0,0
10.4,9.67,13.0568003218959,12.9603606386529,8.31143193526315,8.31102262436956,66.9223093117556,66.5218464465916,-2.73710325735289,0,0,0,1
20.84,10.4,13.9973305219774,13.0568003218959,8.43666654097491,8.31143193526315,66.5400526835621,66.9223093117556,-1.87338904480528,0,0,0,0
20.95,20.84,13.878392313839,13.9973305219774,8.56211814451999,8.43666654097491,64.7462515396952,66.5400526835621,2.73143325452513,0,0,0,0
19.66,20.95,14.0146792808546,13.878392313839,7.41918114265237,8.56211814451999,63.7991893150237,64.7462515396952,-0.724260211531156,0,0,0,0
17.44,19.66,14.7156361740704,14.0146792808546,6.89452237608988,7.41918114265237,63.0575096395506,63.7991893150237,2.8657128594502,0,0,0,0
15.64,17.44,14.416764301464,14.7156361740704,6.90710712081752,6.89452237608988,63.1831195994772,63.0575096395506,-0.506434658915303,0,0,0,1
14.88,15.64,14.4773566014265,14.416764301464,6.36090379363505,6.90710712081752,62.8645140955268,63.1831195994772,-0.921732476157693,0,0,0,-1
13.9,14.88,14.467944342035,14.4773566014265,6.82654808423107,6.36090379363505,63.2212835406664,62.8645140955268,-0.176982568817097,0,0,0,0
12.9,13.9,14.335167206135,14.467944342035,7.15054287671502,6.82654808423107,62.8949824678186,63.2212835406664,-0.00987692322549982,0,0,0,0
12.04,12.9,14.6421230347166,14.335167206135,6.76810871753107,7.15054287671502,63.0684518470003,62.8949824678186,-2.08697942896877,0,0,0,0
12.01,12.04,14.3706659949977,14.6421230347166,6.54049431401046,6.76810871753107,63.1415319810666,63.0684518470003,1.48234527551285,0,0,0,1
12.22,12.01,14.5236766708706,14.3706659949977,8.17878559176948,6.54049431401046,64.4833244378411,63.1415319810666,-0.0858261368690396,0,0,0,-1
11.2,12.22,14.3635231442855,14.5236766708706,8.24377067943921,8.17878559176948,64.2531800679432,64.4833244378411,0.0855621893392779,0,0,0,0
1.58,11.2,14.145619262106,14.3635231442855,8.47127961016412,8.24377067943921,64.5101025915753,64.2531800679432,-0.0694924849490306,0,0,0,0
1.92,1.58,13.9898759589966,14.145619262106,8.72773351125778,8.47127961016412,64.9769251329552,64.5101025915753,-0.0150522367082608,0,0,0,1
1.72,1.92,13.3632570788899,13.9898759589966,8.77770830811194,8.72773351125778,65.1617957456859,64.9769251329552,0.757592946502786,0,0,0,-1
3.51000000000001,1.72,13.3918814939485,13.3632570788899,8.9625335905406,8.77770830811194,65.6416965462665,65.1617957456859,2.4972290169703,0,0,0,0
5.12999999999999,3.51000000000001,13.100119053109,13.3918814939485,8.49717022035247,8.9625335905406,65.9149087211015,65.6416965462665,-1.84168907065787,0,0,0,0
5.34,5.12999999999999,12.9494465500286,13.100119053109,8.28543989998071,8.49717022035247,67.0762570872914,65.9149087211015,0.850895361256956,0,0,0,0
6.8,5.34,12.874914023593,12.9494465500286,8.3086672034295,8.28543989998071,68.0558762115113,67.0762570872914,-3.24247020059627,0,0,0,0
7.66,6.8,12.6596560801264,12.874914023593,8.79916624432164,8.3086672034295,67.652503605009,68.0558762115113,2.21008655524883,0,0,0,0
8.15000000000001,7.66,12.7465254791684,12.6596560801264,8.42256008483072,8.79916624432164,67.4557558998482,67.652503605009,-2.2378425154308,0,0,0,1
8.77,8.15000000000001,12.8321144560455,12.7465254791684,6.85341462112455,8.42256008483072,66.3849133697026,67.4557558998482,1.51933748883128,0,0,0,-1
8.34999999999999,8.77,12.9468618718357,12.8321144560455,6.46195406084483,6.85341462112455,67.918632578907,66.3849133697026,-0.0387339306838328,0,0,0,0
8.79000000000001,8.34999999999999,12.8300545967219,12.9468618718357,6.87657900032133,6.46195406084483,67.5470136756064,67.918632578907,-1.74209617894006,0,0,0,0
8.12,8.79000000000001,12.7431864374799,12.8300545967219,6.1089871983432,6.87657900032133,67.8548987687401,67.5470136756064,1.37820301786078,0,0,0,0
7.45,8.12,12.7376675319874,12.7431864374799,5.7134679050767,6.1089871983432,67.3261164974688,67.8548987687401,-0.147723243239266,0,0,0,0
8.17,7.45,12.3383226181608,12.7376675319874,6.33100986387798,5.7134679050767,67.6774173978836,67.3261164974688,1.99752624521402,0,0,0,0
8.06999999999999,8.17,12.4628018454046,12.3383226181608,6.30654722032282,6.33100986387798,68.3390389077118,67.6774173978836,-3.32207411321289,0,0,0,1
8.58,8.06999999999999,11.4396924654159,12.4628018454046,6.07698117175135,6.30654722032282,69.6787192019746,68.3390389077118,2.57929124483088,0,0,0,-1
8.37,8.58,11.3982467116721,11.4396924654159,5.43781321410657,6.07698117175135,69.9884612556051,69.6787192019746,1.37150917776396,0,0,0,0
7.75,8.37,11.3947705111505,11.3982467116721,5.68438574911084,5.43781321410657,69.6336658388804,69.9884612556051,-1.69837436785221,0,0,0,0
7.44,7.75,11.2421041704155,11.3947705111505,6.14932195323787,5.68438574911084,68.1960562134656,69.6336658388804,-0.0926841374253904,0,0,0,0
8.48999999999999,7.44,11.4168736327248,11.2421041704155,5.36627638949286,6.14932195323787,65.5094903917498,68.1960562134656,0.0683155196827663,0,0,0,0
8.04000000000001,8.48999999999999,12.1637026016472,11.4168736327248,5.24166177716587,5.36627638949286,63.8370407917115,65.5094903917498,0.0971594068581645,0,0,0,1
8.59,8.04000000000001,12.1484944449257,12.1637026016472,5.6533379270301,5.24166177716587,62.4502596229401,63.8370407917115,0.167552665291165,0,0,0,-1
8.73,8.59,12.4597612966845,12.1484944449257,4.92770975651848,5.6533379270301,61.7553293064057,62.4502596229401,-0.199229542945385,0,0,0,0
9.45,8.73,12.7661724513473,12.4597612966845,5.48422325423713,4.92770975651848,61.0659432251363,61.7553293064057,0.230801283085562,0,0,0,0
9.06,9.45,12.7112164432162,12.7661724513473,4.81723113179891,5.48422325423713,59.9968008659868,61.0659432251363,-0.910546663580597,0,0,0,0
8.79000000000001,9.06,12.8107729714738,12.7112164432162,4.96438065579857,4.81723113179891,59.6432584512336,59.9968008659868,-1.10175622401147,0,0,0,0
8.23,8.79000000000001,13.25933168265,12.8107729714738,4.6156549772307,4.96438065579857,59.008731461739,59.6432584512336,1.65838241362351,0,0,0,0
7.34,8.23,12.3466945319462,13.25933168265,5.08809232785932,4.6156549772307,57.928055230108,59.008731461739,-0.694869746936615,0,0,0,0
7.26000000000001,7.34,12.3834916360578,12.3466945319462,5.31399750159987,5.08809232785932,58.1218733885408,57.928055230108,0.241865546751328,0,0,0,1
6.78,7.26000000000001,12.4441195853654,12.3834916360578,5.69401729046155,5.31399750159987,57.9148430292504,58.1218733885408,0.47542100114168,0,0,0,-1
4.81,0,13.6761591992453,0,10.1914311279564,0,50.2474508255852,0,-0.233318385153751,0,0,0,0
4.84,4.81,13.7491322602856,13.6761591992453,10.4858169780183,10.1914311279564,50.9048869724272,50.2474508255852,0.0463141473731241,0,0,0,0
5.01000000000001,4.84,13.598558581739,13.7491322602856,10.6059523820323,10.4858169780183,51.1837007546734,50.9048869724272,-0.35785203631988,0,0,0,0
5.23999999999999,5.01000000000001,13.5373373300146,13.598558581739,10.5345418847448,10.6059523820323,52.0589644195094,51.1837007546734,-0.084639006412992,0,0,0,1
4.28,5.23999999999999,13.3148881320093,13.5373373300146,10.2398049965141,10.5345418847448,52.6649709092622,52.0589644195094,0.224833048530936,0,0,0,-1
4.33,4.28,13.5168670374574,13.3148881320093,10.1512557414461,10.2398049965141,53.3986648091479,52.6649709092622,-0.0873685308722294,0,0,0,0
4.02,4.33,13.6442616445472,13.5168670374574,9.96851598751273,10.1512557414461,54.0762807025217,53.3986648091479,-0.544289851517746,0,0,0,0
3.66,4.02,13.8320680883986,13.6442616445472,9.61545148848006,9.96851598751273,54.6563286041095,54.0762807025217,0.234458260675932,0,0,0,0
3.51000000000001,3.66,13.6921047964858,13.8320680883986,9.42361328523775,9.61545148848006,55.6385413286795,54.6563286041095,0.604131732419482,0,0,0,0
3.13,3.51000000000001,13.6828515576259,13.6921047964858,9.26678741888654,9.42361328523775,55.8609760971462,55.6385413286795,0.224298545394849,0,0,0,0
2.58,3.13,13.5657208066641,13.6828515576259,8.9154048374431,9.26678741888654,56.0488313796726,55.8609760971462,-0.172903457899903,0,0,0,0
1.88,2.58,13.6449321603021,13.5657208066641,9.07114779533154,8.9154048374431,55.9731381656054,56.0488313796726,-0.295709351634354,0,0,0,-1
1.47,1.88,13.6971438644596,13.6449321603021,8.86013433109788,9.07114779533154,56.0413948896002,55.9731381656054,-0.119794702308202,0,0,0,0
1.78,1.47,13.3793602072853,13.6971438644596,8.71918255462145,8.86013433109788,56.3348682266998,56.0413948896002,0.292313451931442,0,0,0,1
2.63,1.78,14.0942594484216,13.3793602072853,8.68228662005443,8.71918255462145,55.9689821523452,56.3348682266998,-1.92325516729135,0,0,0,0
2.62,2.63,14.0547306055574,14.0942594484216,7.48316052434438,8.68228662005443,55.0653208636048,55.9689821523452,0.637065780499267,0,0,0,0
2.90000000000001,2.62,14.2081351466724,14.0547306055574,7.71443382210175,7.48316052434438,55.2310396389698,55.0653208636048,0.0708645063531286,0,0,0,-1
3.2,2.90000000000001,14.1357972026824,14.2081351466724,7.52651898695719,7.71443382210175,55.3677529027243,55.2310396389698,-0.442791343315005,0,0,0,1
3.19,3.2,13.9332836437969,14.1357972026824,7.37491949590119,7.52651898695719,55.7576548012608,55.3677529027243,-0.122485714305558,0,0,0,0
3.65000000000001,3.19,14.1798064724615,13.9332836437969,7.38044372674365,7.37491949590119,56.0617484467009,55.7576548012608,-0.34995749061331,0,0,0,0
4.28,3.65000000000001,13.5719362542455,14.1798064724615,7.43372049038975,7.38044372674365,56.4745131151245,56.0617484467009,4.79853379400944,0,0,0,0
4.87999999999999,4.28,13.7539235674549,13.5719362542455,7.28103928554359,7.43372049038975,56.9059313702545,56.4745131151245,-3.14136377945639,0,0,0,0
4.87000000000001,4.87999999999999,13.8483829281966,13.7539235674549,7.48947130019271,7.28103928554359,56.8221546292028,56.9059313702545,-0.558636367477391,0,0,0,0
5.02,4.87000000000001,13.8395228281741,13.8483829281966,7.11139538602168,7.48947130019271,57.6034904717644,56.8221546292028,0.0136584634519359,0,0,0,0
6.06,5.02,13.7993254277153,13.8395228281741,7.13116829017337,7.11139538602168,58.0217657024083,57.6034904717644,0.354806192694786,0,0,0,0
6.40000000000001,6.06,13.9615868366741,13.7993254277153,6.88559539208809,7.13116829017337,58.9214494014124,58.0217657024083,-0.525692826875712,0,0,0,1
5.37999999999999,6.40000000000001,14.0589772833362,13.9615868366741,7.03780235978799,6.88559539208809,59.2966476252259,58.9214494014124,0.853238759669049,0,0,0,-1
5.37999999999999,5.37999999999999,13.4795566765834,14.0589772833362,7.39643495975872,7.03780235978799,60.1272441246762,59.2966476252259,0.223469131078785,0,0,0,0
6.08,5.37999999999999,13.9296054953135,13.4795566765834,7.17928144811817,7.39643495975872,60.9769367680971,60.1272441246762,-0.955130924869447,0,0,0,0
6.37999999999999,6.08,13.6555696581451,13.9296054953135,7.41345124816237,7.17928144811817,61.1815894540761,60.9769367680971,0.0285164784650451,0,0,0,0
7.45999999999999,6.37999999999999,13.554474752243,13.6555696581451,7.87088894639988,7.41345124816237,62.0800047647923,61.1815894540761,0.496396877265354,0,0,0,0
7.72,7.45999999999999,13.5909380545149,13.554474752243,7.73878692682847,7.87088894639988,62.7824468560821,62.0800047647923,-0.146076127954611,0,0,0,0
8.28,7.72,13.5424855764701,13.5909380545149,7.87156222668572,7.73878692682847,62.8960964555233,62.7824468560821,0.541858599931217,0,0,0,0
8.03,8.28,13.3766453907055,13.5424855764701,7.79853176127467,7.87156222668572,62.9283931689259,62.8960964555233,-0.624837717399792,0,0,0,0
8.48999999999999,8.03,13.3311359998594,13.3766453907055,8.05039933885054,7.79853176127467,63.2048338721199,62.9283931689259,5.29167397660498,0,0,0,-1
8.92,8.48999999999999,12.7832981254798,13.3311359998594,8.16431598963627,8.05039933885054,63.9301068371181,63.2048338721199,-3.44916572281051,0,0,0,0
8.87,8.92,13.2966103416755,12.7832981254798,8.36690865656441,8.16431598963627,64.4615068628452,63.9301068371181,-2.73710325735289,0,0,0,1
15.67,8.87,14.070507573442,13.2966103416755,8.54892716957316,8.36690865656441,64.0231785693696,64.4615068628452,-1.87338904480528,0,0,0,0
17.44,15.67,13.8779848813079,14.070507573442,7.70623505297911,8.54892716957316,62.9817034379029,64.0231785693696,2.73143325452513,0,0,0,0
17.66,17.44,13.9298773186766,13.8779848813079,7.29076063394691,7.70623505297911,62.0814696043492,62.9817034379029,-0.724260211531156,0,0,0,0
16.05,17.66,14.4916275372131,13.9298773186766,7.02367997766627,7.29076063394691,61.4660154497707,62.0814696043492,2.8657128594502,0,0,0,0
15.22,16.05,14.2314432568619,14.4916275372131,6.77201630783138,7.02367997766627,61.3649757728303,61.4660154497707,-0.506434658915303,0,0,0,1
14.45,15.22,14.2373266165366,14.2314432568619,6.97683949391548,6.77201630783138,61.1852499952744,61.3649757728303,-0.921732476157693,0,0,0,-1
13.81,14.45,14.2093847319055,14.2373266165366,6.85726342283501,6.97683949391548,61.8883885116638,61.1852499952744,-0.176982568817097,0,0,0,0
12.76,13.81,14.0744125349724,14.2093847319055,7.42720245052571,6.85726342283501,62.1467644949817,61.8883885116638,-0.00987692322549982,0,0,0,0
12.5,12.76,14.2989810347499,14.0744125349724,7.54252910386118,7.42720245052571,62.235458795174,62.1467644949817,-2.08697942896877,0,0,0,0
12.73,12.5,14.0827836923439,14.2989810347499,6.90686728668084,7.54252910386118,62.0755072311411,62.235458795174,1.48234527551285,0,0,0,1
12.38,12.73,14.220766356368,14.0827836923439,8.5231244328221,6.90686728668084,62.1938129839392,62.0755072311411,-0.0858261368690396,0,0,0,-1
12.04,12.38,14.0632990309973,14.220766356368,8.21617437012973,8.5231244328221,62.2614878064312,62.1938129839392,0.0855621893392779,0,0,0,0
4.95999999999999,12.04,13.8781240043147,14.0632990309973,7.98935815937354,8.21617437012973,62.9071259228145,62.2614878064312,-0.0694924849490306,0,0,0,0
3.31999999999999,4.95999999999999,13.7344418367112,13.8781240043147,8.39538078069219,7.98935815937354,63.4847875332263,62.9071259228145,-0.0150522367082608,0,0,0,1
2.79000000000001,3.31999999999999,13.2090114050369,13.7344418367112,8.50380893625917,8.39538078069219,64.1559523256451,63.4847875332263,0.757592946502786,0,0,0,-1
3.59,2.79000000000001,13.2333282400257,13.2090114050369,8.62625984303213,8.50380893625917,65.0082483279013,64.1559523256451,2.4972290169703,0,0,0,0
3.75,3.59,12.9463550074701,13.2333282400257,8.40023795489786,8.62625984303213,65.2604699171129,65.0082483279013,-1.84168907065787,0,0,0,0
4.22,3.75,12.8066729060452,12.9463550074701,8.04504629578922,8.40023795489786,67.1557396910912,65.2604699171129,0.850895361256956,0,0,0,0
5.06999999999999,4.22,12.8041149530639,12.8066729060452,7.84451117965876,8.04504629578922,70.1166827771316,67.1557396910912,-3.24247020059627,0,0,0,0
5.84,5.06999999999999,12.6199505606011,12.8041149530639,8.26794627085745,7.84451117965876,69.8689512086136,70.1166827771316,2.21008655524883,0,0,0,0
6.56999999999999,5.84,12.7175994786664,12.6199505606011,8.00349050333527,8.26794627085745,70.5602117941547,69.8689512086136,-2.2378425154308,0,0,0,1
7.01000000000001,6.56999999999999,12.7321755359249,12.7175994786664,7.7621122262587,8.00349050333527,70.4165699133053,70.5602117941547,1.51933748883128,0,0,0,-1
7.45999999999999,7.01000000000001,12.8109737111348,12.7321755359249,7.93071693875204,7.7621122262587,70.5025990751079,70.4165699133053,-0.0387339306838328,0,0,0,0
7.3,7.45999999999999,12.7276538738881,12.8109737111348,9.20140126001105,7.93071693875204,70.4509972760232,70.5025990751079,-1.74209617894006,0,0,0,0
7.18000000000001,7.3,12.6475735019887,12.7276538738881,8.4495846633583,9.20140126001105,71.0705762530893,70.4509972760232,1.37820301786078,0,0,0,0
7.31999999999999,7.18000000000001,12.6675087053058,12.6475735019887,8.23814790573224,8.4495846633583,71.0411019178825,71.0705762530893,-0.147723243239266,0,0,0,0
7.27,7.31999999999999,12.3382182726543,12.6675087053058,7.98097950510841,8.23814790573224,71.4967447221944,71.0411019178825,1.99752624521402,0,0,0,0
8,7.27,12.4763890734119,12.3382182726543,7.25471280136301,7.98097950510841,72.9702017644511,71.4967447221944,-3.32207411321289,0,0,0,1
8.5,8,11.4914247166116,12.4763890734119,8.81077320408511,7.25471280136301,71.7694434989422,72.9702017644511,2.57929124483088,0,0,0,-1
8.48,8.5,11.4472813223283,11.4914247166116,8.80104724351156,8.81077320408511,71.8307492394288,71.7694434989422,1.37150917776396,0,0,0,0
7.84,8.48,11.4080226937208,11.4472813223283,8.19035721912267,8.80104724351156,71.1606934680471,71.8307492394288,-1.69837436785221,0,0,0,0
7.72,7.84,11.2271536391177,11.4080226937208,9.50037475398008,8.19035721912267,70.279335253683,71.1606934680471,-0.0926841374253904,0,0,0,0
7.65000000000001,7.72,11.3856815628848,11.2271536391177,8.86392648356499,9.50037475398008,67.4365835285457,70.279335253683,0.0683155196827663,0,0,0,0
8.29000000000001,7.65000000000001,12.0807465578276,11.3856815628848,8.0233612749828,8.86392648356499,65.8470158353187,67.4365835285457,0.0971594068581645,0,0,0,1
9.27,8.29000000000001,12.0506088905978,12.0807465578276,7.82413184918684,8.0233612749828,64.0650852728256,65.8470158353187,0.167552665291165,0,0,0,-1
9.69,9.27,12.348418466435,12.0506088905978,7.52607642504428,7.82413184918684,63.2678788526166,64.0650852728256,-0.199229542945385,0,0,0,0
10.23,9.69,12.6292397116361,12.348418466435,7.04231998706482,7.52607642504428,62.6342578492794,63.2678788526166,0.230801283085562,0,0,0,0
10.04,10.23,12.580998677635,12.6292397116361,7.26760584998519,7.04231998706482,61.7822898464323,62.6342578492794,-0.910546663580597,0,0,0,0
9.98999999999999,10.04,12.691492376346,12.580998677635,7.00579530671084,7.26760584998519,61.8447467604817,61.7822898464323,-1.10175622401147,0,0,0,0
9.11,9.98999999999999,13.1091220551532,12.691492376346,6.21699396774708,7.00579530671084,60.8812231665567,61.8447467604817,1.65838241362351,0,0,0,0
8.64,9.11,12.2342531409738,13.1091220551532,6.62811134383329,6.21699396774708,60.4732053089794,60.8812231665567,-0.694869746936615,0,0,0,0
7.61,8.64,12.2557459186704,12.2342531409738,6.73000736237839,6.62811134383329,60.8252385512774,60.4732053089794,0.241865546751328,0,0,0,1
7.94,7.61,12.3292972730655,12.2557459186704,6.84110997292045,6.73000736237839,60.6104794695389,60.8252385512774,0.47542100114168,0,0,0,-1
5.65000000000001,0,13.5979337739158,0,10.1190911359683,0,46.1085479898643,0,-0.233318385153751,0,0,0,0
5.62000000000001,5.65000000000001,13.6266265568246,13.5979337739158,10.4311557592883,10.1190911359683,46.4836800594008,46.1085479898643,0.0463141473731241,0,0,0,0
5.45,5.62000000000001,13.4889899520688,13.6266265568246,10.6291707234506,10.4311557592883,47.0691798568327,46.4836800594008,-0.35785203631988,0,0,0,0
5.23,5.45,13.4379008699435,13.4889899520688,10.6970076566644,10.6291707234506,47.5803879782965,47.0691798568327,-0.084639006412992,0,0,0,1
4.59,5.23,13.2306579125698,13.4379008699435,10.3549895181094,10.6970076566644,47.969492959598,47.5803879782965,0.224833048530936,0,0,0,-1
4.51000000000001,4.59,13.4812537216145,13.2306579125698,10.2047336133845,10.3549895181094,48.3615367232784,47.969492959598,-0.0873685308722294,0,0,0,0
4.15000000000001,4.51000000000001,13.5073574859024,13.4812537216145,9.94540554003506,10.2047336133845,48.9205662959539,48.3615367232784,-0.544289851517746,0,0,0,0
3.98,4.15000000000001,13.6838278362953,13.5073574859024,9.69405454019626,9.94540554003506,49.2003500597941,48.9205662959539,0.234458260675932,0,0,0,0
3.59,3.98,13.5894809871837,13.6838278362953,9.37501572311484,9.69405454019626,48.8241558708222,49.2003500597941,0.604131732419482,0,0,0,0
3.16,3.59,13.6108253582994,13.5894809871837,9.21255564660957,9.37501572311484,49.0120637776434,48.8241558708222,0.224298545394849,0,0,0,0
2.8,3.16,13.5024533979925,13.6108253582994,9.10092887206953,9.21255564660957,48.9382734106727,49.0120637776434,-0.172903457899903,0,0,0,0
1.98,2.8,13.4906219151391,13.5024533979925,8.99447045869048,9.10092887206953,48.9898808405156,48.9382734106727,-0.295709351634354,0,0,0,-1
1.83,1.98,13.604786990348,13.4906219151391,8.95318533015916,8.99447045869048,49.1031431165978,48.9898808405156,-0.119794702308202,0,0,0,0
2.09,1.83,13.2903403923046,13.604786990348,8.72705190814757,8.95318533015916,49.6309815839497,49.1031431165978,0.292313451931442,0,0,0,1
2.81999999999999,2.09,14.1370489499625,13.2903403923046,7.67381129840594,8.72705190814757,48.4634552977041,49.6309815839497,-1.92325516729135,0,0,0,0
2.88,2.81999999999999,14.152764848877,14.1370489499625,6.8968736399289,7.67381129840594,48.3440003997181,48.4634552977041,0.637065780499267,0,0,0,0
3.08,2.88,14.3114186982651,14.152764848877,7.51680464949295,6.8968736399289,48.4966515192575,48.3440003997181,0.0708645063531286,0,0,0,-1
3.27,3.08,14.2702434430051,14.3114186982651,7.3283808468771,7.51680464949295,48.833393652526,48.4966515192575,-0.442791343315005,0,0,0,1
3.56,3.27,14.1396719491494,14.2702434430051,7.16714895134032,7.3283808468771,49.6247691760837,48.833393652526,-0.122485714305558,0,0,0,0
3.81,3.56,14.3261089052285,14.1396719491494,7.1030768143217,7.16714895134032,50.2811175278881,49.6247691760837,-0.34995749061331,0,0,0,0
4.06999999999999,3.81,13.7630042577483,14.3261089052285,7.16081676028494,7.1030768143217,51.2119702114654,50.2811175278881,4.79853379400944,0,0,0,0
4.48999999999999,4.06999999999999,13.9359818594133,13.7630042577483,7.13822095511348,7.16081676028494,51.4748808141836,51.2119702114654,-3.14136377945639,0,0,0,0
4.92,4.48999999999999,13.9644404262209,13.9359818594133,6.98265374305129,7.13822095511348,51.511083156516,51.4748808141836,-0.558636367477391,0,0,0,0
5.09,4.92,13.9613568442802,13.9644404262209,7.10601261966321,6.98265374305129,51.8649788471799,51.511083156516,0.0136584634519359,0,0,0,0
5.69,5.09,13.9453312495098,13.9613568442802,6.91831491043912,7.10601261966321,52.3730901571297,51.8649788471799,0.354806192694786,0,0,0,0
6.02,5.69,14.0369876790289,13.9453312495098,6.87320667071994,6.91831491043912,53.0705475731567,52.3730901571297,-0.525692826875712,0,0,0,1
5.69,6.02,14.1287158794007,14.0369876790289,7.24036341401557,6.87320667071994,53.5514662304352,53.0705475731567,0.853238759669049,0,0,0,-1
5.95999999999999,5.69,13.5330889293056,14.1287158794007,7.39048655070294,7.24036341401557,54.1282737195809,53.5514662304352,0.223469131078785,0,0,0,0
6.58,5.95999999999999,13.9674688691747,13.5330889293056,6.98668931691652,7.39048655070294,54.9565441416536,54.1282737195809,-0.955130924869447,0,0,0,0
6.73,6.58,13.8108312190054,13.9674688691747,7.25955182833725,6.98668931691652,55.8617756944944,54.9565441416536,0.0285164784650451,0,0,0,0
7.12000000000001,6.73,13.7226973962723,13.8108312190054,7.44961146816716,7.25955182833725,56.6464835221988,55.8617756944944,0.496396877265354,0,0,0,0
7.47,7.12000000000001,13.8116563409375,13.7226973962723,7.66128914118279,7.44961146816716,57.0709383616042,56.6464835221988,-0.146076127954611,0,0,0,0
8.40000000000001,7.47,13.7771345189791,13.8116563409375,7.77597406106871,7.66128914118279,57.3893871511954,57.0709383616042,0.541858599931217,0,0,0,0
9.11,8.40000000000001,13.6075091425382,13.7771345189791,7.85891871852351,7.77597406106871,57.2949729172679,57.3893871511954,-0.624837717399792,0,0,0,0
9.13,9.11,13.5751471218043,13.6075091425382,8.0403739012554,7.85891871852351,57.1666433174341,57.2949729172679,5.29167397660498,0,0,0,-1
9.5,9.13,13.0232702472315,13.5751471218043,8.26245706028332,8.0403739012554,57.1764532671683,57.1666433174341,-3.44916572281051,0,0,0,0
9.33,9.5,13.3407293152792,13.0232702472315,8.52096588496425,8.26245706028332,57.3463475768396,57.1764532671683,-2.73710325735289,0,0,0,1
16.02,9.33,14.2366873572629,13.3407293152792,8.60184773328374,8.52096588496425,56.2979155637004,57.3463475768396,-1.87338904480528,0,0,0,0
17.89,16.02,14.1002800040875,14.2366873572629,8.98299523254659,8.60184773328374,54.8171064138706,56.2979155637004,2.73143325452513,0,0,0,0
18.45,17.89,14.2177228805628,14.1002800040875,6.39426353429961,8.98299523254659,53.8365683201699,54.8171064138706,-0.724260211531156,0,0,0,0
17.31,18.45,14.8225044546284,14.2177228805628,6.57119826570484,6.39426353429961,53.3576830716834,53.8365683201699,2.8657128594502,0,0,0,0
16.57,17.31,14.5871060416157,14.8225044546284,6.94822758416233,6.57119826570484,53.275604166619,53.3576830716834,-0.506434658915303,0,0,0,1
15.86,16.57,14.6363453808088,14.5871060416157,6.73426150392614,6.94822758416233,53.1723764057615,53.275604166619,-0.921732476157693,0,0,0,-1
15.19,15.86,14.6307976489263,14.6363453808088,6.87857205679116,6.73426150392614,53.3695493541458,53.1723764057615,-0.176982568817097,0,0,0,0
14.07,15.19,14.5163786474756,14.6307976489263,7.60967819393243,6.87857205679116,53.5056245905189,53.3695493541458,-0.00987692322549982,0,0,0,0
12.96,14.07,14.7841747551146,14.5163786474756,6.65003471310918,7.60967819393243,53.6126176360248,53.5056245905189,-2.08697942896877,0,0,0,0
12.79,12.96,14.5163634123191,14.7841747551146,6.73708059898417,6.65003471310918,53.7347506138662,53.6126176360248,1.48234527551285,0,0,0,1
12.6,12.79,14.6587498052041,14.5163634123191,8.20507193203227,6.73708059898417,53.7892615609001,53.7347506138662,-0.0858261368690396,0,0,0,-1
12.7,12.6,14.5010105776868,14.6587498052041,8.05426885407296,8.20507193203227,53.8599603425203,53.7892615609001,0.0855621893392779,0,0,0,0
5.31999999999999,12.7,14.2783515974545,14.5010105776868,8.71431449424327,8.05426885407296,54.4698172515768,53.8599603425203,-0.0694924849490306,0,0,0,0
3.40000000000001,5.31999999999999,14.1826770427637,14.2783515974545,8.7402678553954,8.71431449424327,54.8851434901722,54.4698172515768,-0.0150522367082608,0,0,0,1
3.09999999999999,3.40000000000001,13.5685520053701,14.1826770427637,8.43283767285604,8.7402678553954,55.2383218276019,54.8851434901722,0.757592946502786,0,0,0,-1
3.66,3.09999999999999,13.5767525411182,13.5685520053701,8.55493893218946,8.43283767285604,55.5860324153527,55.2383218276019,2.4972290169703,0,0,0,0
4.08,3.66,13.2859535799853,13.5767525411182,8.27891427085009,8.55493893218946,55.8885315131957,55.5860324153527,-1.84168907065787,0,0,0,0
4.37000000000001,4.08,13.1709918599574,13.2859535799853,8.24699790909846,8.27891427085009,57.1245745915188,55.8885315131957,0.850895361256956,0,0,0,0
5.19,4.37000000000001,13.071637436595,13.1709918599574,8.05439624858232,8.24699790909846,58.5276272050525,57.1245745915188,-3.24247020059627,0,0,0,0
6.06999999999999,5.19,12.8612491178115,13.071637436595,8.45625333139959,8.05439624858232,59.1891103354489,58.5276272050525,2.21008655524883,0,0,0,0
6.84,6.06999999999999,12.9147662452366,12.8612491178115,8.24919727847053,8.45625333139959,59.2752965583056,59.1891103354489,-2.2378425154308,0,0,0,1
7.01000000000001,6.84,12.959907381993,12.9147662452366,7.84387342758181,8.24919727847053,58.5431556025582,59.2752965583056,1.51933748883128,0,0,0,-1
6.94,7.01000000000001,13.053927786282,12.959907381993,8.12138596371103,7.84387342758181,58.0369932508663,58.5431556025582,-0.0387339306838328,0,0,0,0
6.90000000000001,6.94,12.9392248617806,13.053927786282,9.65724375137187,8.12138596371103,57.4632185892956,58.0369932508663,-1.74209617894006,0,0,0,0
7.29000000000001,6.90000000000001,12.8491014218459,12.9392248617806,8.43792974278881,9.65724375137187,57.2632237765005,57.4632185892956,1.37820301786078,0,0,0,0
7.34999999999999,7.29000000000001,12.8339798608394,12.8491014218459,8.26032198334481,8.43792974278881,57.194222786253,57.2632237765005,-0.147723243239266,0,0,0,0
7.29000000000001,7.34999999999999,12.4543314653556,12.8339798608394,7.95834191478886,8.26032198334481,57.2725687288088,57.194222786253,1.99752624521402,0,0,0,0
7.72,7.29000000000001,12.5186718739875,12.4543314653556,7.47135066395532,7.95834191478886,57.8587517296362,57.2725687288088,-3.32207411321289,0,0,0,1
8.33,7.72,11.540593169736,12.5186718739875,10.4447975720971,7.47135066395532,57.0410296948556,57.8587517296362,2.57929124483088,0,0,0,-1
8.38,8.33,11.5137168553112,11.540593169736,9.67461795687256,10.4447975720971,56.825360754706,57.0410296948556,1.37150917776396,0,0,0,0
8.2,8.38,11.5240425500038,11.5137168553112,9.15114870748774,9.67461795687256,55.8674741559623,56.825360754706,-1.69837436785221,0,0,0,0
7.84,8.2,11.3762766986545,11.5240425500038,9.40327865564017,9.15114870748774,55.1193777243457,55.8674741559623,-0.0926841374253904,0,0,0,0
8.16,7.84,11.5066593812124,11.3762766986545,8.90305887713575,9.40327865564017,52.7721094085704,55.1193777243457,0.0683155196827663,0,0,0,0
9.11,8.16,12.1467910728787,11.5066593812124,7.71085642957519,8.90305887713575,50.7242756016315,52.7721094085704,0.0971594068581645,0,0,0,1
9.52,9.11,12.1313494084017,12.1467910728787,8.44709485617171,7.71085642957519,49.5776674901425,50.7242756016315,0.167552665291165,0,0,0,-1
9.68000000000001,9.52,12.4302031439782,12.1313494084017,7.81335098117066,8.44709485617171,48.6482556194397,49.5776674901425,-0.199229542945385,0,0,0,0
9.8,9.68000000000001,12.7381594553292,12.4302031439782,7.79317176126708,7.81335098117066,47.8334817162286,48.6482556194397,0.230801283085562,0,0,0,0
9.98999999999999,9.8,12.6478743761428,12.7381594553292,7.33905242342246,7.79317176126708,47.2987227505323,47.8334817162286,-0.910546663580597,0,0,0,0
9.55,9.98999999999999,12.7233902910849,12.6478743761428,7.64873844951916,7.33905242342246,46.9197202209852,47.2987227505323,-1.10175622401147,0,0,0,0
8.86,9.55,13.1860606262852,12.7233902910849,7.28152547257466,7.64873844951916,46.4629697541289,46.9197202209852,1.65838241362351,0,0,0,0
8.34,8.86,12.2878568015669,13.1860606262852,7.23278174884985,7.28152547257466,46.0401755707708,46.4629697541289,-0.694869746936615,0,0,0,0
8.08,8.34,12.3092889662791,12.2878568015669,7.664586075482,7.23278174884985,46.0991218427689,46.0401755707708,0.241865546751328,0,0,0,1
8.04000000000001,8.08,12.369671128398,12.3092889662791,7.99560839641997,7.664586075482,46.0538457134902,46.0991218427689,0.47542100114168,0,0,0,-1
6.33,0,13.512738587526,0,10.1079481514947,0,52.8358418556326,0,-0.233318385153751,0,0,0,0
6.20999999999999,6.33,13.562045317739,13.512738587526,10.374374514864,10.1079481514947,53.3217304627098,52.8358418556326,0.0463141473731241,0,0,0,0
6.34,6.20999999999999,13.4477315782756,13.562045317739,10.5775415487878,10.374374514864,52.6041174173215,53.3217304627098,-0.35785203631988,0,0,0,0
5.94,6.34,13.4053104537344,13.4477315782756,10.6006355775626,10.5775415487878,52.9314137774247,52.6041174173215,-0.084639006412992,0,0,0,1
5.27,5.94,13.1798108922684,13.4053104537344,10.2607399659744,10.6006355775626,53.3198268415943,52.9314137774247,0.224833048530936,0,0,0,-1
5.54000000000001,5.27,13.4778140306921,13.1798108922684,10.2096346355931,10.2607399659744,53.0093705265997,53.3198268415943,-0.0873685308722294,0,0,0,0
5.3,5.54000000000001,13.5167423974711,13.4778140306921,9.82237465399681,10.2096346355931,53.5140002161868,53.0093705265997,-0.544289851517746,0,0,0,0
4.93000000000001,5.3,13.7232170241057,13.5167423974711,9.58556327580233,9.82237465399681,53.7963230628615,53.5140002161868,0.234458260675932,0,0,0,0
4.53,4.93000000000001,13.6286609809349,13.7232170241057,9.30445858577402,9.58556327580233,54.7432013868392,53.7963230628615,0.604131732419482,0,0,0,0
3.90000000000001,4.53,13.6572005108036,13.6286609809349,9.12644268747748,9.30445858577402,54.9150119670125,54.7432013868392,0.224298545394849,0,0,0,0
3.59999999999999,3.90000000000001,13.526640342086,13.6572005108036,8.93272805947243,9.12644268747748,55.0369915251266,54.9150119670125,-0.172903457899903,0,0,0,0
2.23999999999999,3.59999999999999,13.4732143539774,13.526640342086,8.86314868593025,8.93272805947243,56.4199455595849,55.0369915251266,-0.295709351634354,0,0,0,-1
2.29000000000001,2.23999999999999,13.5830322111448,13.4732143539774,8.95152456088358,8.86314868593025,56.569896255382,56.4199455595849,-0.119794702308202,0,0,0,0
2.91,2.29000000000001,13.2878242980997,13.5830322111448,8.77490981314264,8.95152456088358,57.0310053803567,56.569896255382,0.292313451931442,0,0,0,1
3.45,2.91,14.1474183808528,13.2878242980997,8.26131160717468,8.77490981314264,56.2422009056538,57.0310053803567,-1.92325516729135,0,0,0,0
3.72,3.45,14.1650724484262,14.1474183808528,6.82991672379582,8.26131160717468,56.0552457726815,56.2422009056538,0.637065780499267,0,0,0,0
4.26000000000001,3.72,14.3351126271047,14.1650724484262,7.39875717253224,6.82991672379582,56.4086621919445,56.0552457726815,0.0708645063531286,0,0,0,-1
4.43000000000001,4.26000000000001,14.2960441745679,14.3351126271047,7.15807298650956,7.39875717253224,56.2452755463839,56.4086621919445,-0.442791343315005,0,0,0,1
4.56999999999999,4.43000000000001,14.1477495226064,14.2960441745679,7.01668660042706,7.15807298650956,57.1284086704342,56.2452755463839,-0.122485714305558,0,0,0,0
4.26000000000001,4.56999999999999,14.3705515655783,14.1477495226064,7.09298987246325,7.01668660042706,57.7897407756338,57.1284086704342,-0.34995749061331,0,0,0,0
4.72,4.26000000000001,13.7646498966133,14.3705515655783,7.07120448666106,7.09298987246325,58.3331450370941,57.7897407756338,4.79853379400944,0,0,0,0
5.14,4.72,13.9417003482586,13.7646498966133,7.16343423527569,7.07120448666106,58.550019772034,58.3331450370941,-3.14136377945639,0,0,0,0
5.23,5.14,13.9683600378678,13.9417003482586,7.0844532920335,7.16343423527569,58.4215889339876,58.550019772034,-0.558636367477391,0,0,0,0
5.65000000000001,5.23,13.9848095899502,13.9683600378678,6.76422707575961,7.0844532920335,58.9207044263403,58.4215889339876,0.0136584634519359,0,0,0,0
6.20999999999999,5.65000000000001,13.9735002931787,13.9848095899502,6.96199264504472,6.76422707575961,59.2658472432052,58.9207044263403,0.354806192694786,0,0,0,0
6.47,6.20999999999999,14.060254358624,13.9735002931787,6.87559833378816,6.96199264504472,60.044639489011,59.2658472432052,-0.525692826875712,0,0,0,1
6.37999999999999,6.47,14.1808434014102,14.060254358624,6.96543439992197,6.87559833378816,60.321624002186,60.044639489011,0.853238759669049,0,0,0,-1
6.27,6.37999999999999,13.5674023830001,14.1808434014102,7.15822354151945,6.96543439992197,60.5999455833344,60.321624002186,0.223469131078785,0,0,0,0
6.17,6.27,13.9619753728959,13.5674023830001,6.76556332973883,7.15822354151945,60.9700941239894,60.5999455833344,-0.955130924869447,0,0,0,0
6.06999999999999,6.17,13.7726514537393,13.9619753728959,7.45584769626618,6.76556332973883,61.8310043509962,60.9700941239894,0.0285164784650451,0,0,0,0
6.68000000000001,6.06999999999999,13.6821161172382,13.7726514537393,7.64094317989033,7.45584769626618,62.5877531112651,61.8310043509962,0.496396877265354,0,0,0,0
7.84,6.68000000000001,13.7493483253102,13.6821161172382,7.56020582691455,7.64094317989033,63.0485847012543,62.5877531112651,-0.146076127954611,0,0,0,0
8.31,7.84,13.7007325573045,13.7493483253102,7.54213593024706,7.56020582691455,62.9637472273691,63.0485847012543,0.541858599931217,0,0,0,0
8.66,8.31,13.5567051288076,13.7007325573045,7.4607572435247,7.54213593024706,62.5274666608902,62.9637472273691,-0.624837717399792,0,0,0,0
9.26000000000001,8.66,13.5166353624231,13.5567051288076,7.80992666876584,7.4607572435247,62.5510688653625,62.5274666608902,5.29167397660498,0,0,0,-1
10.11,9.26000000000001,12.9685270347313,13.5166353624231,7.87549440091644,7.80992666876584,64.0977380225743,62.5510688653625,-3.44916572281051,0,0,0,0
10.39,10.11,13.3432619554986,12.9685270347313,8.0330576054487,7.87549440091644,64.5914331691746,64.0977380225743,-2.73710325735289,0,0,0,1
15.31,10.39,14.2149566270057,13.3432619554986,8.41442723490342,8.0330576054487,63.4419994843129,64.5914331691746,-1.87338904480528,0,0,0,0
17.25,15.31,14.0845583040926,14.2149566270057,8.03367252785807,8.41442723490342,62.2826466814689,63.4419994843129,2.73143325452513,0,0,0,0
17.98,17.25,14.1836508897837,14.0845583040926,3.78207026865497,8.03367252785807,61.5737055425093,62.2826466814689,-0.724260211531156,0,0,0,0
17.46,17.98,14.7858275533181,14.1836508897837,5.48756647010871,3.78207026865497,61.0970206506095,61.5737055425093,2.8657128594502,0,0,0,0
16.98,17.46,14.5462585556532,14.7858275533181,6.14015360622586,5.48756647010871,59.852451521507,61.0970206506095,-0.506434658915303,0,0,0,1
16.32,16.98,14.5631820472822,14.5462585556532,6.48391157281062,6.14015360622586,59.6962260582421,59.852451521507,-0.921732476157693,0,0,0,-1
15.66,16.32,14.5623464643263,14.5631820472822,6.80729222574837,6.48391157281062,59.997512096991,59.6962260582421,-0.176982568817097,0,0,0,0
14.75,15.66,14.4649874419139,14.5623464643263,7.18589659210798,6.80729222574837,60.2545554231781,59.997512096991,-0.00987692322549982,0,0,0,0
14,14.75,14.7156768388635,14.4649874419139,6.72616616308393,7.18589659210798,60.109118204939,60.2545554231781,-2.08697942896877,0,0,0,0
13.84,14,14.4794051975396,14.7156768388635,6.69213278423126,6.72616616308393,59.765248228994,60.109118204939,1.48234527551285,0,0,0,1
13.12,13.84,14.6311442896737,14.4794051975396,7.94670794521349,6.69213278423126,60.2637905341079,59.765248228994,-0.0858261368690396,0,0,0,-1
12.42,13.12,14.4848491624931,14.6311442896737,7.95043319579222,7.94670794521349,59.9671566215987,60.2637905341079,0.0855621893392779,0,0,0,0
7.09,12.42,14.288127724497,14.4848491624931,8.11122182219166,7.95043319579222,60.2291099303249,59.9671566215987,-0.0694924849490306,0,0,0,0
5.11,7.09,14.1711269491881,14.288127724497,8.99176578870265,8.11122182219166,61.2546826500635,60.2291099303249,-0.0150522367082608,0,0,0,1
4.16,5.11,13.563295670028,14.1711269491881,8.67607538711265,8.99176578870265,61.2814023012517,61.2546826500635,0.757592946502786,0,0,0,-1
4.65000000000001,4.16,13.5688359121122,13.563295670028,8.39538422882358,8.67607538711265,61.5828291429593,61.2814023012517,2.4972290169703,0,0,0,0
5.59999999999999,4.65000000000001,13.292230804915,13.5688359121122,8.31951195016153,8.39538422882358,61.1347538506394,61.5828291429593,-1.84168907065787,0,0,0,0
5.73999999999999,5.59999999999999,13.1810896681803,13.292230804915,8.27164349856462,8.31951195016153,62.3503856454265,61.1347538506394,0.850895361256956,0,0,0,0
6.37000000000001,5.73999999999999,13.0874669673105,13.1810896681803,8.03393183102538,8.27164349856462,63.1960150351216,62.3503856454265,-3.24247020059627,0,0,0,0
6.31,6.37000000000001,12.8910165461297,13.0874669673105,8.90845924898654,8.03393183102538,63.0628434145043,63.1960150351216,2.21008655524883,0,0,0,0
7.28,6.31,12.9332035591191,12.8910165461297,8.54036458166107,8.90845924898654,63.1162320255751,63.0628434145043,-2.2378425154308,0,0,0,1
7.29000000000001,7.28,12.9602534762552,12.9332035591191,8.4185314072545,8.54036458166107,61.9712682377953,63.1162320255751,1.51933748883128,0,0,0,-1
7.5,7.29000000000001,13.0299266940604,12.9602534762552,8.42801035566861,8.4185314072545,62.1697903945978,61.9712682377953,-0.0387339306838328,0,0,0,0
7.31,7.5,12.9280065286081,13.0299266940604,9.57995180265038,8.42801035566861,61.5764847467937,62.1697903945978,-1.74209617894006,0,0,0,0
7.41,7.31,12.8291450907953,12.9280065286081,8.69880218782751,9.57995180265038,61.6275660650653,61.5764847467937,1.37820301786078,0,0,0,0
7.3,7.41,12.8113952059369,12.8291450907953,8.71640072721848,8.69880218782751,62.6920808910829,61.6275660650653,-0.147723243239266,0,0,0,0
8.3,7.3,12.418554355603,12.8113952059369,8.26739715998576,8.71640072721848,62.5082237353981,62.6920808910829,1.99752624521402,0,0,0,0
8.37,8.3,12.5260343885324,12.418554355603,7.79893576377286,8.26739715998576,62.7849326149455,62.5082237353981,-3.32207411321289,0,0,0,1
8.98,8.37,11.5662907375987,12.5260343885324,9.94217961668413,7.79893576377286,61.732111033273,62.7849326149455,2.57929124483088,0,0,0,-1
9.09,8.98,11.5320553363989,11.5662907375987,9.22164329056629,9.94217961668413,61.396366575857,61.732111033273,1.37150917776396,0,0,0,0
8.72,9.09,11.5544158766954,11.5320553363989,9.27964538117696,9.22164329056629,60.3872250899274,61.396366575857,-1.69837436785221,0,0,0,0
8.54000000000001,8.72,11.3633965344156,11.5544158766954,10.6314432392689,9.27964538117696,57.3581269985458,60.3872250899274,-0.0926841374253904,0,0,0,0
9.04000000000001,8.54000000000001,11.4942393326107,11.3633965344156,9.70359937394036,10.6314432392689,54.5115065134514,57.3581269985458,0.0683155196827663,0,0,0,0
9.37,9.04000000000001,12.0956693784191,11.4942393326107,9.61024929390175,9.70359937394036,52.4736203810104,54.5115065134514,0.0971594068581645,0,0,0,1
10.08,9.37,12.0883011948999,12.0956693784191,8.27355475573509,9.61024929390175,52.7863028578265,52.4736203810104,0.167552665291165,0,0,0,-1
10.95,10.08,12.376752869693,12.0883011948999,8.18413331115193,8.27355475573509,51.8472902486839,52.7863028578265,-0.199229542945385,0,0,0,0
10.89,10.95,12.6397898898726,12.376752869693,7.9515067240251,8.18413331115193,51.1266563009401,51.8472902486839,0.230801283085562,0,0,0,0
11.02,10.89,12.5472379714902,12.6397898898726,8.14107822815073,7.9515067240251,49.925649287296,51.1266563009401,-0.910546663580597,0,0,0,0
10.86,11.02,12.6396448043696,12.5472379714902,7.79839976245252,8.14107822815073,49.6360984797684,49.925649287296,-1.10175622401147,0,0,0,0
10.52,10.86,13.1250365753407,12.6396448043696,7.70903263340735,7.79839976245252,49.1801291673408,49.6360984797684,1.65838241362351,0,0,0,0
9.62,10.52,12.1639358213263,13.1250365753407,8.45511803260264,7.70903263340735,48.490293015173,49.1801291673408,-0.694869746936615,0,0,0,0
9.38,9.62,12.188946112953,12.1639358213263,8.30274519268551,8.45511803260264,48.5386774296345,48.490293015173,0.241865546751328,0,0,0,1
8.62,9.38,12.2647561910529,12.188946112953,8.43287269540468,8.30274519268551,48.5281517559801,48.5386774296345,0.47542100114168,0,0,0,-1
5.91,0,13.6953754638274,0,10.2340842557224,0,45.6899312928731,0,-0.233318385153751,0,0,0,0
6.08,5.91,13.7191596933625,13.6953754638274,10.3751746528958,10.2340842557224,46.2367762513594,45.6899312928731,0.0463141473731241,0,0,0,0
5.81,6.08,13.564697408503,13.7191596933625,10.6197505750665,10.3751746528958,46.7218616029296,46.2367762513594,-0.35785203631988,0,0,0,0
6.01000000000001,5.81,13.5011580892343,13.564697408503,10.5744380392363,10.6197505750665,47.3455373550033,46.7218616029296,-0.084639006412992,0,0,0,1
5.45,6.01000000000001,13.2819361210607,13.5011580892343,10.3834586486885,10.5744380392363,47.9712946079158,47.3455373550033,0.224833048530936,0,0,0,-1
5.48999999999999,5.45,13.6206672274939,13.2819361210607,10.2222752544503,10.3834586486885,47.6331116382937,47.9712946079158,-0.0873685308722294,0,0,0,0
4.90000000000001,5.48999999999999,13.700065062109,13.6206672274939,9.78400961284831,10.2222752544503,48.3518915341032,47.6331116382937,-0.544289851517746,0,0,0,0
4.11,4.90000000000001,13.8910441850295,13.700065062109,9.70997499957081,9.78400961284831,49.3622892724408,48.3518915341032,0.234458260675932,0,0,0,0
3.79000000000001,4.11,13.8015767031883,13.8910441850295,9.33916292190097,9.70997499957081,49.62903883494,49.3622892724408,0.604131732419482,0,0,0,0
3.23,3.79000000000001,13.8209203944559,13.8015767031883,9.15183659318265,9.33916292190097,50.1323848485939,49.62903883494,0.224298545394849,0,0,0,0
2.2,3.23,13.694620095574,13.8209203944559,9.06231301788672,9.15183659318265,50.3110323047879,50.1323848485939,-0.172903457899903,0,0,0,0
2.06,2.2,13.6901186541802,13.694620095574,8.95660368799415,9.06231301788672,51.7751031160696,50.3110323047879,-0.295709351634354,0,0,0,-1
2.06999999999999,2.06,13.7671732541668,13.6901186541802,8.92478774208208,8.95660368799415,51.9906603354269,51.7751031160696,-0.119794702308202,0,0,0,0
2.48999999999999,2.06999999999999,13.4984625852715,13.7671732541668,8.87151274504045,8.92478774208208,52.4135562018398,51.9906603354269,0.292313451931442,0,0,0,1
3.16,2.48999999999999,14.2722634463635,13.4984625852715,8.38029804025669,8.87151274504045,52.1990205061943,52.4135562018398,-1.92325516729135,0,0,0,0
2.72,3.16,14.2231540245839,14.2722634463635,7.30476065754423,8.38029804025669,51.9273050908394,52.1990205061943,0.637065780499267,0,0,0,0
3.06999999999999,2.72,14.3670689996854,14.2231540245839,7.67697284371002,7.30476065754423,52.2499254110321,51.9273050908394,0.0708645063531286,0,0,0,-1
3.23999999999999,3.06999999999999,14.3295631211167,14.3670689996854,7.43138859698225,7.67697284371002,51.7359602163785,52.2499254110321,-0.442791343315005,0,0,0,1
3.45,3.23999999999999,14.1305026088719,14.3295631211167,7.17957839743211,7.43138859698225,52.6156156585491,51.7359602163785,-0.122485714305558,0,0,0,0
3.95999999999999,3.45,14.3419521510428,14.1305026088719,7.36260341535311,7.17957839743211,53.4122537996454,52.6156156585491,-0.34995749061331,0,0,0,0
4.22,3.95999999999999,13.7915511153284,14.3419521510428,7.37621180294913,7.36260341535311,54.4620183498677,53.4122537996454,4.79853379400944,0,0,0,0
4.64,4.22,13.9006775175522,13.7915511153284,7.40916944039235,7.37621180294913,54.6056327477755,54.4620183498677,-3.14136377945639,0,0,0,0
5.64,4.64,13.8962391713309,13.9006775175522,7.3334232955923,7.40916944039235,54.6936094711129,54.6056327477755,-0.558636367477391,0,0,0,0
5.41,5.64,13.892561904519,13.8962391713309,7.21418885270557,7.3334232955923,56.2309904969706,54.6936094711129,0.0136584634519359,0,0,0,0
5.97,5.41,13.877395700548,13.892561904519,7.27635895144642,7.21418885270557,56.643839634598,56.2309904969706,0.354806192694786,0,0,0,0
5.84,5.97,13.9526577099269,13.877395700548,7.08180160163501,7.27635895144642,57.3018788904995,56.643839634598,-0.525692826875712,0,0,0,1
5.73,5.84,14.1066880057468,13.9526577099269,7.34522534073076,7.08180160163501,56.5336270354255,57.3018788904995,0.853238759669049,0,0,0,-1
6.58,5.73,13.5506450487206,14.1066880057468,7.52710855956742,7.34522534073076,57.2665614601167,56.5336270354255,0.223469131078785,0,0,0,0
6.70999999999999,6.58,13.9321751951226,13.5506450487206,7.26081083563054,7.52710855956742,57.8642973988129,57.2665614601167,-0.955130924869447,0,0,0,0
6.59999999999999,6.70999999999999,13.7214350694033,13.9321751951226,7.65240980064211,7.26081083563054,58.1365133698849,57.8642973988129,0.0285164784650451,0,0,0,0
7.29000000000001,6.59999999999999,13.6317831035371,13.7214350694033,7.79192627157444,7.65240980064211,58.8363629806719,58.1365133698849,0.496396877265354,0,0,0,0
8.02,7.29000000000001,13.6840552865354,13.6317831035371,7.67235398985455,7.79192627157444,59.1521044934581,58.8363629806719,-0.146076127954611,0,0,0,0
9.06999999999999,8.02,13.6300042206378,13.6840552865354,7.75881022560183,7.67235398985455,59.8587609476301,59.1521044934581,0.541858599931217,0,0,0,0
9.41,9.06999999999999,13.4696316761878,13.6300042206378,7.93988627972441,7.75881022560183,59.6737521730376,59.8587609476301,-0.624837717399792,0,0,0,0
9.16,9.41,13.4068168286531,13.4696316761878,8.05408805127519,7.93988627972441,59.9660615755531,59.6737521730376,5.29167397660498,0,0,0,-1
9.75,9.16,12.874755651948,13.4068168286531,8.25393554786411,8.05408805127519,60.3402867644691,59.9660615755531,-3.44916572281051,0,0,0,0
10.38,9.75,13.2854040286531,12.874755651948,8.54421365079037,8.25393554786411,60.6825970456711,60.3402867644691,-2.73710325735289,0,0,0,1
18.87,10.38,14.1350102354297,13.2854040286531,8.60400283739473,8.54421365079037,59.5873156880821,60.6825970456711,-1.87338904480528,0,0,0,0
20.05,18.87,13.9651750128611,14.1350102354297,8.90036910868838,8.60400283739473,57.9792003769782,59.5873156880821,2.73143325452513,0,0,0,0
19.37,20.05,14.0730672983111,13.9651750128611,5.99298557626976,8.90036910868838,56.9244892789033,57.9792003769782,-0.724260211531156,0,0,0,0
18.05,19.37,14.637743877432,14.0730672983111,6.53306494731109,5.99298557626976,56.0847785326402,56.9244892789033,2.8657128594502,0,0,0,0
17.14,18.05,14.409701630796,14.637743877432,6.47685878732936,6.53306494731109,55.3056169454524,56.0847785326402,-0.506434658915303,0,0,0,1
16.38,17.14,14.427783661106,14.409701630796,6.64768564215727,6.47685878732936,54.9393287600166,55.3056169454524,-0.921732476157693,0,0,0,-1
15.47,16.38,14.4013655126119,14.427783661106,6.75106542833969,6.64768564215727,54.9816917738548,54.9393287600166,-0.176982568817097,0,0,0,0
13.74,15.47,14.3002772239455,14.4013655126119,8.20917232434073,6.75106542833969,53.8482457107454,54.9816917738548,-0.00987692322549982,0,0,0,0
12.99,13.74,14.5434532933446,14.3002772239455,7.72457649173156,8.20917232434073,53.6261760730567,53.8482457107454,-2.08697942896877,0,0,0,0
13.17,12.99,14.3117230851651,14.5434532933446,7.30206995512928,7.72457649173156,53.1866584428236,53.6261760730567,1.48234527551285,0,0,0,1
12.74,13.17,14.4723841734922,14.3117230851651,8.48627383658182,7.30206995512928,55.2457546626495,53.1866584428236,-0.0858261368690396,0,0,0,-1
11.91,12.74,14.3068405619498,14.4723841734922,8.57176473957765,8.48627383658182,55.1201152911391,55.2457546626495,0.0855621893392779,0,0,0,0
3.59999999999999,11.91,14.0985317264401,14.3068405619498,8.73206280932347,8.57176473957765,55.6283635984994,55.1201152911391,-0.0694924849490306,0,0,0,0
2.48,3.59999999999999,13.9893468833421,14.0985317264401,9.14871691088142,8.73206280932347,55.481326130691,55.6283635984994,-0.0150522367082608,0,0,0,1
2.25,2.48,13.5030460526474,13.9893468833421,8.92897786012305,9.14871691088142,55.8558482547566,55.481326130691,0.757592946502786,0,0,0,-1
3.18000000000001,2.25,13.5140580978836,13.5030460526474,8.96979297036758,8.92897786012305,56.4190286085453,55.8558482547566,2.4972290169703,0,0,0,0
4.52,3.18000000000001,13.2386898477681,13.5140580978836,8.81368947570539,8.96979297036758,55.9948962405486,56.4190286085453,-1.84168907065787,0,0,0,0
5.34,4.52,13.1417427428694,13.2386898477681,8.52385953709617,8.81368947570539,57.1601313916266,55.9948962405486,0.850895361256956,0,0,0,0
6.20999999999999,5.34,13.0379340294426,13.1417427428694,8.71676881928174,8.52385953709617,58.078868150359,57.1601313916266,-3.24247020059627,0,0,0,0
7.34,6.20999999999999,12.8037930383592,13.0379340294426,9.17017284889999,8.71676881928174,58.3972830645951,58.078868150359,2.21008655524883,0,0,0,0
8.13,7.34,12.8627074591361,12.8037930383592,9.19063416010444,9.17017284889999,58.3090678483014,58.3972830645951,-2.2378425154308,0,0,0,1
7.86,8.13,12.8601953200456,12.8627074591361,8.54764694974666,9.19063416010444,57.2836874998019,58.3090678483014,1.51933748883128,0,0,0,-1
8.5,7.86,12.9514009169135,12.8601953200456,9.23206783590822,8.54764694974666,57.3380024189183,57.2836874998019,-0.0387339306838328,0,0,0,0
8.5,8.5,12.8750443262052,12.9514009169135,9.96176102196312,9.23206783590822,56.9401584570741,57.3380024189183,-1.74209617894006,0,0,0,0
8.19,8.5,12.7903052497795,12.8750443262052,9.56130503026519,9.96176102196312,57.018806902448,56.9401584570741,1.37820301786078,0,0,0,0
7.84,8.19,12.7772935549768,12.7903052497795,9.21679695877926,9.56130503026519,56.7023493077689,57.018806902448,-0.147723243239266,0,0,0,0
8.44,7.84,12.3918857259134,12.7772935549768,8.65358280758276,9.21679695877926,56.6357011789897,56.7023493077689,1.99752624521402,0,0,0,0
8.66,8.44,12.4746043633652,12.3918857259134,8.31286919739487,8.65358280758276,56.6870615669448,56.6357011789897,-3.32207411321289,0,0,0,1
9.34,8.66,11.5317040218296,12.4746043633652,10.8865529653682,8.31286919739487,55.6677031301052,56.6870615669448,2.57929124483088,0,0,0,-1
8.90000000000001,9.34,11.4806746407048,11.5317040218296,10.6961778386234,10.8865529653682,55.4304383853509,55.6677031301052,1.37150917776396,0,0,0,0
8.54000000000001,8.90000000000001,11.4844783434668,11.4806746407048,10.4592933845052,10.6961778386234,54.7178587448902,55.4304383853509,-1.69837436785221,0,0,0,0
8.34999999999999,8.54000000000001,11.3063912959499,11.4844783434668,10.5152411278113,10.4592933845052,53.8340320353917,54.7178587448902,-0.0926841374253904,0,0,0,0
8.75,8.34999999999999,11.4529360924915,11.3063912959499,10.115442610079,10.5152411278113,51.0520465443208,53.8340320353917,0.0683155196827663,0,0,0,0
9.62,8.75,12.098704874762,11.4529360924915,9.91025641445636,10.115442610079,49.0255367078531,51.0520465443208,0.0971594068581645,0,0,0,1
10.13,9.62,12.1073136487128,12.098704874762,9.7632025159173,9.91025641445636,47.9181626240856,49.0255367078531,0.167552665291165,0,0,0,-1
10.38,10.13,12.3992172705568,12.1073136487128,7.98386766693039,9.7632025159173,47.0576409828862,47.9181626240856,-0.199229542945385,0,0,0,0
10.98,10.38,12.6635685977371,12.3992172705568,8.01390228755662,7.98386766693039,46.39398455633,47.0576409828862,0.230801283085562,0,0,0,0
10.93,10.98,12.5847799611692,12.6635685977371,8.61656664950203,8.01390228755662,45.464408262591,46.39398455633,-0.910546663580597,0,0,0,0
10.7,10.93,12.6606415910713,12.5847799611692,8.19495492112932,8.61656664950203,44.9733992558877,45.464408262591,-1.10175622401147,0,0,0,0
10.83,10.7,13.0948802623479,12.6606415910713,8.33208027758244,8.19495492112932,44.3306505219206,44.9733992558877,1.65838241362351,0,0,0,0
9.89,10.83,12.2448125457258,13.0948802623479,8.516439545386,8.33208027758244,43.6335457961831,44.3306505219206,-0.694869746936615,0,0,0,0
9.23999999999999,9.89,12.2717434279047,12.2448125457258,8.35423296719065,8.516439545386,43.6238903286716,43.6335457961831,0.241865546751328,0,0,0,1
9.51000000000001,9.23999999999999,12.35880972868,12.2717434279047,8.43520214865288,8.35423296719065,43.3993553441106,43.6238903286716,0.47542100114168,0,0,0,-1
5.42,0,13.6504798180338,0,10.0777236411762,0,48.5981820039637,0,-0.233318385153751,-0.233318385153751,0,0,0
4.97,5.42,13.6349205695573,13.6504798180338,10.3937969649739,10.0777236411762,49.4414243501629,48.5981820039637,0.0463141473731241,0.0463141473731241,0,0,0
5.02,4.97,13.4653907986558,13.6349205695573,10.5781776057119,10.3937969649739,50.7487293145544,49.4414243501629,-0.35785203631988,-0.35785203631988,0,0,0
4.89,5.02,13.3949351354705,13.4653907986558,10.4876103772147,10.5781776057119,51.3159802560192,50.7487293145544,-0.084639006412992,-0.084639006412992,0,0,1
4.31999999999999,4.89,13.1960830881384,13.3949351354705,10.2918540142611,10.4876103772147,51.705869515635,51.3159802560192,0.224833048530936,0.224833048530936,0,0,-1
4.29000000000001,4.31999999999999,13.3880678489139,13.1960830881384,10.1397139411723,10.2918540142611,50.8647103484295,51.705869515635,-0.0873685308722294,-0.0873685308722294,0,0,0
3.75,4.29000000000001,13.5143150477879,13.3880678489139,9.88493431717045,10.1397139411723,51.3994388486417,50.8647103484295,-0.544289851517746,-0.544289851517746,0,0,0
3.41,3.75,13.6704310373955,13.5143150477879,9.71641509920337,9.88493431717045,51.7156317019866,51.3994388486417,0.234458260675932,0.234458260675932,0,0,0
3.18000000000001,3.41,13.5551704655409,13.6704310373955,9.43566661006659,9.71641509920337,51.7103638790984,51.7156317019866,0.604131732419482,0.604131732419482,0,0,0
3.3,3.18000000000001,13.5638370408011,13.5551704655409,9.28613435241438,9.43566661006659,52.0226135567646,51.7103638790984,0.224298545394849,0.224298545394849,0,0,0
2.98,3.3,13.4589160133381,13.5638370408011,9.05000068582219,9.28613435241438,52.0970175702578,52.0226135567646,-0.172903457899903,-0.172903457899903,0,0,0
2.04000000000001,2.98,13.4797783257689,13.4589160133381,8.93337052393888,9.05000068582219,52.7384434734766,52.0970175702578,-0.295709351634354,-0.295709351634354,0,0,-1
2.09999999999999,2.04000000000001,13.6067962865736,13.4797783257689,8.997309372179,8.93337052393888,52.8464574119241,52.7384434734766,-0.119794702308202,-0.119794702308202,0,0,0
2.52,2.09999999999999,13.3625570348223,13.6067962865736,8.8860268770647,8.997309372179,53.2381987051063,52.8464574119241,0.292313451931442,0.292313451931442,0,0,1
3.36,2.52,14.0985436021243,13.3625570348223,8.63618481995598,8.8860268770647,52.2691415932354,53.2381987051063,-1.92325516729135,-1.92325516729135,0,0,0
3.23999999999999,3.36,14.0704367142293,14.0985436021243,7.61948132136299,8.63618481995598,52.1050139187937,52.2691415932354,0.637065780499267,0.637065780499267,0,0,0
3.59,3.23999999999999,14.2315471827778,14.0704367142293,7.67045890381844,7.61948132136299,52.4098424290145,52.1050139187937,0.0708645063531286,0.0708645063531286,0,0,-1
3.84999999999999,3.59,14.1989966024249,14.2315471827778,7.41809077805235,7.67045890381844,52.4443805328863,52.4098424290145,-0.442791343315005,-0.442791343315005,0,0,1
3.73,3.84999999999999,14.1094404713499,14.1989966024249,7.29258943413155,7.41809077805235,52.9148361503968,52.4443805328863,-0.122485714305558,-0.122485714305558,0,0,0
3.84,3.73,14.3133995477866,14.1094404713499,7.3569132575889,7.29258943413155,53.2156696951006,52.9148361503968,-0.34995749061331,-0.34995749061331,0,0,0
4.31999999999999,3.84,13.7782574978621,14.3133995477866,7.4225772672635,7.3569132575889,53.2902034741447,53.2156696951006,4.79853379400944,4.79853379400944,0,0,0
4.40000000000001,4.31999999999999,13.9241692137554,13.7782574978621,7.39843706353779,7.4225772672635,53.3048473323227,53.2902034741447,-3.14136377945639,-3.14136377945639,0,0,0
4.93000000000001,4.40000000000001,13.9273009758201,13.9241692137554,7.33603543477438,7.39843706353779,52.9867714398954,53.3048473323227,-0.558636367477391,-0.558636367477391,0,0,0
5.34999999999999,4.93000000000001,13.9485885877105,13.9273009758201,7.42574395789417,7.33603543477438,53.4517970075904,52.9867714398954,0.0136584634519359,0.0136584634519359,0,0,0
5.77,5.34999999999999,13.9341379178496,13.9485885877105,7.2678559077352,7.42574395789417,54.0009548880247,53.4517970075904,0.354806192694786,0.354806192694786,0,0,0
5.68000000000001,5.77,14.0136269539825,13.9341379178496,7.26417285340139,7.2678559077352,54.7352991618863,54.0009548880247,-0.525692826875712,-0.525692826875712,0,0,1
5.03,5.68000000000001,14.0701185125911,14.0136269539825,7.29881902934373,7.26417285340139,55.1787917767448,54.7352991618863,0.853238759669049,0.853238759669049,0,0,-1
5.48999999999999,5.03,13.5749839799476,14.0701185125911,7.37131438374977,7.29881902934373,55.8809089989795,55.1787917767448,0.223469131078785,0.223469131078785,0,0,0
6.04000000000001,5.48999999999999,13.9781340391008,13.5749839799476,6.98629471372296,7.37131438374977,56.6773361209,55.8809089989795,-0.955130924869447,-0.955130924869447,0,0,0
6.31,6.04000000000001,13.8102574407394,13.9781340391008,7.5734613629679,6.98629471372296,56.732550364421,56.6773361209,0.0285164784650451,0.0285164784650451,0,0,0
6.90000000000001,6.31,13.6996458524414,13.8102574407394,7.7733097800819,7.5734613629679,57.5740528147861,56.732550364421,0.496396877265354,0.496396877265354,0,0,0
7.53,6.90000000000001,13.7076095160914,13.6996458524414,7.67894190122839,7.7733097800819,58.0918348065257,57.5740528147861,-0.146076127954611,-0.146076127954611,0,0,0
7.41,7.53,13.6476327397053,13.7076095160914,7.79451624548028,7.67894190122839,58.6013117069151,58.0918348065257,0.541858599931217,0.541858599931217,0,0,0
7.95,7.41,13.506054353404,13.6476327397053,7.59285499717571,7.79451624548028,58.2783825658103,58.6013117069151,-0.624837717399792,-0.624837717399792,0,0,0
7.8,7.95,13.4851442171505,13.506054353404,7.86283267005251,7.59285499717571,58.7599076128717,58.2783825658103,5.29167397660498,5.29167397660498,0,0,-1
8.06999999999999,7.8,12.956872620888,13.4851442171505,8.13832638341981,7.86283267005251,59.5518328511712,58.7599076128717,-3.44916572281051,-3.44916572281051,0,0,0
7.81,8.06999999999999,13.4725333025493,12.956872620888,8.2684150032688,8.13832638341981,60.0412476902107,59.5518328511712,-2.73710325735289,-2.73710325735289,0,0,1
15.97,7.81,14.3100964034323,13.4725333025493,8.58738165085024,8.2684150032688,59.3735563852889,60.0412476902107,-1.87338904480528,-1.87338904480528,0,0,0
17.09,15.97,14.0734097219139,14.3100964034323,7.29474064938782,8.58738165085024,58.6334356459531,59.3735563852889,2.73143325452513,2.73143325452513,0,0,0
16.73,17.09,14.1494155863514,14.0734097219139,6.10295409557112,7.29474064938782,57.9450754041727,58.6334356459531,-0.724260211531156,-0.724260211531156,0,0,0
14.99,16.73,14.7654561011669,14.1494155863514,6.45167127643485,6.10295409557112,57.4541148152848,57.9450754041727,2.8657128594502,2.8657128594502,0,0,0
13.81,14.99,14.5503565122833,14.7654561011669,6.81352376818638,6.45167127643485,56.6030552860508,57.4541148152848,-0.506434658915303,-0.506434658915303,0,0,1
12.65,13.81,14.577147309356,14.5503565122833,6.80117090733116,6.81352376818638,56.4987910032784,56.6030552860508,-0.921732476157693,-0.921732476157693,0,0,-1
12.12,12.65,14.5743830341261,14.577147309356,6.54910747928046,6.80117090733116,56.8801697355054,56.4987910032784,-0.176982568817097,-0.176982568817097,0,0,0
11.57,12.12,14.4822423355831,14.5743830341261,7.32939000874741,6.54910747928046,56.7987086285025,56.8801697355054,-0.00987692322549982,-0.00987692322549982,0,0,0
11.17,11.57,14.6887287554915,14.4822423355831,6.80209477807755,7.32939000874741,57.0557092035407,56.7987086285025,-2.08697942896877,-2.08697942896877,0,0,0
11.38,11.17,14.4677819574844,14.6887287554915,6.81556682715453,6.80209477807755,56.6703070421427,57.0557092035407,1.48234527551285,1.48234527551285,0,0,1
10.62,11.38,14.6405884735253,14.4677819574844,7.75098362464324,6.81556682715453,56.3914513212713,56.6703070421427,-0.0858261368690396,-0.0858261368690396,0,0,-1
10.84,10.62,14.4997524536312,14.6405884735253,8.49119681278686,7.75098362464324,56.307158652287,56.3914513212713,0.0855621893392779,0.0855621893392779,0,0,0
2.64,10.84,14.2916563832436,14.4997524536312,8.39822751624704,8.49119681278686,56.7375079798997,56.307158652287,-0.0694924849490306,-0.0694924849490306,0,0,0
1.61,2.64,14.1584131935311,14.2916563832436,8.75275355848702,8.39822751624704,57.0882108595328,56.7375079798997,-0.0150522367082608,-0.0150522367082608,0,0,1
1.7,1.61,13.6207527697874,14.1584131935311,8.67853212494795,8.75275355848702,57.29658908385,57.0882108595328,0.757592946502786,0.757592946502786,0,0,-1
2.67,1.7,13.6446494678836,13.6207527697874,8.68999202332227,8.67853212494795,57.7134194742019,57.29658908385,2.4972290169703,2.4972290169703,0,0,0
4.09,2.67,13.3854652226262,13.6446494678836,8.51657276946533,8.68999202332227,57.8371178050417,57.7134194742019,-1.84168907065787,-1.84168907065787,0,0,0
5.29000000000001,4.09,13.283829859845,13.3854652226262,8.13091680336914,8.51657276946533,58.8822386919477,57.8371178050417,0.850895361256956,0.850895361256956,0,0,0
5.76000000000001,5.29000000000001,13.1701444492635,13.283829859845,8.11099588358402,8.13091680336914,59.801288457767,58.8822386919477,-3.24247020059627,-3.24247020059627,0,0,0
6.58,5.76000000000001,12.9410423564962,13.1701444492635,8.69665245405452,8.11099588358402,60.423175026843,59.801288457767,2.21008655524883,2.21008655524883,0,0,0
7.15000000000001,6.58,13.0475123630294,12.9410423564962,8.35961967151397,8.69665245405452,60.4356250038281,60.423175026843,-2.2378425154308,-2.2378425154308,0,0,1
7.06999999999999,7.15000000000001,12.9792875590258,13.0475123630294,8.29875478943085,8.35961967151397,59.4929624694241,60.4356250038281,1.51933748883128,1.51933748883128,0,0,-1
7.11,7.06999999999999,13.0819412056006,12.9792875590258,8.98109442667102,8.29875478943085,60.0375646614085,59.4929624694241,-0.0387339306838328,-0.0387339306838328,0,0,0
7.19,7.11,12.9829824785301,13.0819412056006,10.0129149299914,8.98109442667102,59.6273259462336,60.0375646614085,-1.74209617894006,-1.74209617894006,0,0,0
7.43000000000001,7.19,12.8970351107475,12.9829824785301,8.65728540661825,10.0129149299914,59.7777490026515,59.6273259462336,1.37820301786078,1.37820301786078,0,0,0
7.28,7.43000000000001,12.8781704397285,12.8970351107475,8.52001708521265,8.65728540661825,59.4486033922794,59.7777490026515,-0.147723243239266,-0.147723243239266,0,0,0
7.70999999999999,7.28,12.5062045451521,12.8781704397285,8.44674941632775,8.52001708521265,59.4582876830606,59.4486033922794,1.99752624521402,1.99752624521402,0,0,0
8.20999999999999,7.70999999999999,12.5364388158587,12.5062045451521,7.57713147302293,8.44674941632775,59.7219730702486,59.4582876830606,-3.32207411321289,-3.32207411321289,0,0,1
8.48,8.20999999999999,11.6527783526015,12.5364388158587,11.2037915383504,7.57713147302293,58.1499295677287,59.7219730702486,2.57929124483088,2.57929124483088,0,0,-1
8.26000000000001,8.48,11.6149991961137,11.6527783526015,9.50769909982014,11.2037915383504,57.741924837123,58.1499295677287,1.37150917776396,1.37150917776396,0,0,0
7.68000000000001,8.26000000000001,11.55823562698,11.6149991961137,9.09721941914197,9.50769909982014,56.7742822487691,57.741924837123,-1.69837436785221,-1.69837436785221,0,0,0
7.7,7.68000000000001,11.3849700376561,11.55823562698,9.70361202568139,9.09721941914197,55.7252355944401,56.7742822487691,-0.0926841374253904,-0.0926841374253904,0,0,0
8.98999999999999,7.7,11.5197867866137,11.3849700376561,9.43415138435893,9.70361202568139,53.1052559815315,55.7252355944401,0.0683155196827663,0.0683155196827663,0,0,0
8.72,8.98999999999999,12.0803605783719,11.5197867866137,9.19158036400554,9.43415138435893,51.1967832176825,53.1052559815315,0.0971594068581645,0.0971594068581645,0,0,1
9.28,8.72,12.1052794132847,12.0803605783719,8.20107888938882,9.19158036400554,49.5910116764115,51.1967832176825,0.167552665291165,0.167552665291165,0,0,-1
9.34,9.28,12.3752906974393,12.1052794132847,8.0549418142889,8.20107888938882,48.6577692777843,49.5910116764115,-0.199229542945385,-0.199229542945385,0,0,0
9.51000000000001,9.34,12.6722250228032,12.3752906974393,7.65196554751155,8.0549418142889,47.9956614758143,48.6577692777843,0.230801283085562,0.230801283085562,0,0,0
9.68000000000001,9.51000000000001,12.5965142244188,12.6722250228032,7.75272493010915,7.65196554751155,47.3663119617187,47.9956614758143,-0.910546663580597,-0.910546663580597,0,0,0
9.25,9.68000000000001,12.6813265090284,12.5965142244188,8.14720709197436,7.75272493010915,46.9459476608027,47.3663119617187,-1.10175622401147,-1.10175622401147,0,0,0
8.70999999999999,9.25,13.1502071757704,12.6813265090284,7.9482660460271,8.14720709197436,46.2973483698766,46.9459476608027,1.65838241362351,1.65838241362351,0,0,0
8.03,8.70999999999999,12.3080232049427,13.1502071757704,7.78168467755926,7.9482660460271,45.4945285155782,46.2973483698766,-0.694869746936615,-0.694869746936615,0,0,0
7.66,8.03,12.3130011781499,12.3080232049427,8.04839693609035,7.78168467755926,45.4756614835967,45.4945285155782,0.241865546751328,0.241865546751328,0,0,1
7.87000000000001,7.66,12.3305496500982,12.3130011781499,7.90251437595386,8.04839693609035,45.1354536135109,45.4756614835967,0.47542100114168,0.47542100114168,0,0,-1
4.72,0,13.4976325548498,0,10.1328860600684,0,54.0644751612753,0,-0.233318385153751,0,0,0,0
4.58,4.72,13.5605841154077,13.4976325548498,10.3436928151902,10.1328860600684,54.1029797207372,54.0644751612753,0.0463141473731241,0,0,0,0
4.7,4.58,13.5158365883854,13.5605841154077,10.531105275887,10.3436928151902,55.7416735380966,54.1029797207372,-0.35785203631988,0,0,0,0
4.58,4.7,13.4573328464211,13.5158365883854,10.5648254532926,10.531105275887,56.0752704645102,55.7416735380966,-0.084639006412992,0,0,0,1
3.98,4.58,13.2135568645644,13.4573328464211,10.3509104427357,10.5648254532926,56.2256664390759,56.0752704645102,0.224833048530936,0,0,0,-1
3.77,3.98,13.4175040700726,13.2135568645644,10.1697027364521,10.3509104427357,53.9754371605659,56.2256664390759,-0.0873685308722294,0,0,0,0
3.37,3.77,13.3779834402648,13.4175040700726,9.93598688265269,10.1697027364521,54.39441512854,53.9754371605659,-0.544289851517746,0,0,0,0
3.26000000000001,3.37,13.5780622396215,13.3779834402648,9.58755400524953,9.93598688265269,54.8148855159045,54.39441512854,0.234458260675932,0,0,0,0
3.38,3.26000000000001,13.4618465890658,13.5780622396215,9.52343486435991,9.58755400524953,56.5352030109473,54.8148855159045,0.604131732419482,0,0,0,0
3.40000000000001,3.38,13.4723137905955,13.4618465890658,9.30993496496479,9.52343486435991,56.7809849073521,56.5352030109473,0.224298545394849,0,0,0,0
2.93000000000001,3.40000000000001,13.4101038899424,13.4723137905955,9.03810889005779,9.30993496496479,56.471661117649,56.7809849073521,-0.172903457899903,0,0,0,0
2.45999999999999,2.93000000000001,13.4503058288222,13.4101038899424,8.94690821809976,9.03810889005779,55.8267431610864,56.471661117649,-0.295709351634354,0,0,0,-1
2.36,2.45999999999999,13.5036775061459,13.4503058288222,8.96268246384528,8.94690821809976,55.6702996643072,55.8267431610864,-0.119794702308202,0,0,0,0
3.03,2.36,13.3139515807718,13.5036775061459,8.89365294268248,8.96268246384528,56.1991324825941,55.6702996643072,0.292313451931442,0,0,0,1
3.59999999999999,3.03,14.1131153869568,13.3139515807718,8.82857530199305,8.89365294268248,55.2472965753789,56.1991324825941,-1.92325516729135,0,0,0,0
3.59,3.59999999999999,14.0948667862295,14.1131153869568,7.73953779082799,8.82857530199305,54.8364027618822,55.2472965753789,0.637065780499267,0,0,0,0
3.98,3.59,14.2521098206246,14.0948667862295,7.673914586692,7.73953779082799,55.0116232939888,54.8364027618822,0.0708645063531286,0,0,0,-1
4.39,3.98,14.1647654888812,14.2521098206246,7.60550068754992,7.673914586692,54.8048565469419,55.0116232939888,-0.442791343315005,0,0,0,1
4.31,4.39,14.039061786485,14.1647654888812,7.32500799695758,7.60550068754992,55.7452219323201,54.8048565469419,-0.122485714305558,0,0,0,0
4.06,4.31,14.2668895200771,14.039061786485,7.50195669242881,7.32500799695758,56.4518123989178,55.7452219323201,-0.34995749061331,0,0,0,0
4.09999999999999,4.06,13.691796396801,14.2668895200771,7.39731163947356,7.50195669242881,58.0415677002671,56.4518123989178,4.79853379400944,0,0,0,0
4.53,4.09999999999999,13.8570170842634,13.691796396801,7.45558423774121,7.39731163947356,57.8190654930045,58.0415677002671,-3.14136377945639,0,0,0,0
5.28,4.53,13.9187840701481,13.8570170842634,7.58259257307185,7.45558423774121,57.6390617116696,57.8190654930045,-0.558636367477391,0,0,0,0
5.73,5.28,13.8719177695599,13.9187840701481,7.36580221385102,7.58259257307185,59.1078878352995,57.6390617116696,0.0136584634519359,0,0,0,0
6.26000000000001,5.73,13.8497661913347,13.8719177695599,7.39826910832861,7.36580221385102,60.1985345326072,59.1078878352995,0.354806192694786,0,0,0,0
5.79000000000001,6.26000000000001,14.0141046294598,13.8497661913347,7.32744824426749,7.39826910832861,61.2885060081671,60.1985345326072,-0.525692826875712,0,0,0,1
5.5,5.79000000000001,14.0820336685308,14.0141046294598,7.36238704888927,7.32744824426749,62.188468230248,61.2885060081671,0.853238759669049,0,0,0,-1
6.12000000000001,5.5,13.4855969714662,14.0820336685308,7.32718126143848,7.36238704888927,63.1496991343258,62.188468230248,0.223469131078785,0,0,0,0
6.41,6.12000000000001,13.9469094857512,13.4855969714662,7.15729426554806,7.32718126143848,64.0041932039013,63.1496991343258,-0.955130924869447,0,0,0,0
6.17,6.41,13.7291906105536,13.9469094857512,7.74156777960536,7.15729426554806,64.2626925568462,64.0041932039013,0.0285164784650451,0,0,0,0
6.68000000000001,6.17,13.6460930330496,13.7291906105536,7.96258258574448,7.74156777960536,64.9455983182209,64.2626925568462,0.496396877265354,0,0,0,0
7.98,6.68000000000001,13.6740097011125,13.6460930330496,7.81351973023955,7.96258258574448,65.6793302820383,64.9455983182209,-0.146076127954611,0,0,0,0
8.59,7.98,13.6345851871575,13.6740097011125,7.91629640323974,7.81351973023955,66.8893852503283,65.6793302820383,0.541858599931217,0,0,0,0
9.23999999999999,8.59,13.4677523671586,13.6345851871575,7.79635174522037,7.91629640323974,65.7343609774408,66.8893852503283,-0.624837717399792,0,0,0,0
9.31,9.23999999999999,13.4354104762481,13.4677523671586,8.16615835547517,7.79635174522037,66.3490644042383,65.7343609774408,5.29167397660498,0,0,0,-1
9.81,9.31,12.8509295238847,13.4354104762481,7.92042420212804,8.16615835547517,66.7926091417252,66.3490644042383,-3.44916572281051,0,0,0,0
10.08,9.81,13.1904810390027,12.8509295238847,8.37401664398774,7.92042420212804,65.9805902659942,66.7926091417252,-2.73710325735289,0,0,0,1
18.31,10.08,14.1387387308488,13.1904810390027,8.33449541827734,8.37401664398774,64.6329740895712,65.9805902659942,-1.87338904480528,0,0,0,0
19.15,18.31,13.9500849027165,14.1387387308488,8.16080120752243,8.33449541827734,63.3474715700177,64.6329740895712,2.73143325452513,0,0,0,0
18.78,19.15,14.0989485213718,13.9500849027165,7.74363346772475,8.16080120752243,62.2108322470557,63.3474715700177,-0.724260211531156,0,0,0,0
17.12,18.78,14.6355247015366,14.0989485213718,7.05890146767052,7.74363346772475,61.5060365735318,62.2108322470557,2.8657128594502,0,0,0,0
16.13,17.12,14.3734241036797,14.6355247015366,7.4383395546313,7.05890146767052,61.4985892078679,61.5060365735318,-0.506434658915303,0,0,0,1
15.98,16.13,14.4165372008344,14.3734241036797,7.50153423147444,7.4383395546313,61.1718607394109,61.4985892078679,-0.921732476157693,0,0,0,-1
14.8,15.98,14.4247957095785,14.4165372008344,7.76220408369046,7.50153423147444,61.3265676845467,61.1718607394109,-0.176982568817097,0,0,0,0
13.7,14.8,14.3033226166975,14.4247957095785,8.01894834424968,7.76220408369046,59.458386922563,61.3265676845467,-0.00987692322549982,0,0,0,0
12.68,13.7,14.6472623321862,14.3033226166975,7.70307978011401,8.01894834424968,59.5033021683738,59.458386922563,-2.08697942896877,0,0,0,0
12.58,12.68,14.4172953634865,14.6472623321862,7.76546649359241,7.70307978011401,59.3914119400272,59.5033021683738,1.48234527551285,0,0,0,1
12.19,12.58,14.5393933904873,14.4172953634865,8.7240201206497,7.76546649359241,61.2270197504091,59.3914119400272,-0.0858261368690396,0,0,0,-1
11.05,12.19,14.4224868721097,14.5393933904873,8.65331218048639,8.7240201206497,61.6735189631009,61.2270197504091,0.0855621893392779,0,0,0,0
3.34,11.05,14.1093646995837,14.4224868721097,8.54276492141264,8.65331218048639,62.3271876556814,61.6735189631009,-0.0694924849490306,0,0,0,0
2.84999999999999,3.34,13.944901246551,14.1093646995837,8.90148374608089,8.54276492141264,62.7660036180223,62.3271876556814,-0.0150522367082608,0,0,0,1
2.5,2.84999999999999,13.3212017680857,13.944901246551,8.7859835414456,8.90148374608089,63.0980378617467,62.7660036180223,0.757592946502786,0,0,0,-1
3.59,2.5,13.3691319896007,13.3212017680857,8.84308862691833,8.7859835414456,63.5905268521716,63.0980378617467,2.4972290169703,0,0,0,0
4.81999999999999,3.59,13.1147289524774,13.3691319896007,8.61029194381856,8.84308862691833,62.0025318276073,63.5905268521716,-1.84168907065787,0,0,0,0
5.19,4.81999999999999,12.9842131324654,13.1147289524774,8.22697772738198,8.61029194381856,63.3725670405477,62.0025318276073,0.850895361256956,0,0,0,0
6.31999999999999,5.19,12.907751425179,12.9842131324654,8.16262589315188,8.22697772738198,64.5046049952339,63.3725670405477,-3.24247020059627,0,0,0,0
6.81999999999999,6.31999999999999,12.7015855273948,12.907751425179,8.53418515989677,8.16262589315188,66.6325960383499,64.5046049952339,2.21008655524883,0,0,0,0
7.62000000000001,6.81999999999999,12.8223205600212,12.7015855273948,8.39025100571416,8.53418515989677,66.6729209616348,66.6325960383499,-2.2378425154308,0,0,0,1
7.83,7.62000000000001,12.9121558896699,12.8223205600212,8.42444841079006,8.39025100571416,65.5842418301063,66.6729209616348,1.51933748883128,0,0,0,-1
7.70999999999999,7.83,13.0119212026229,12.9121558896699,8.68854847591756,8.42444841079006,67.0244701477289,65.5842418301063,-0.0387339306838328,0,0,0,0
8.06,7.70999999999999,12.8741912308155,13.0119212026229,9.74618032960045,8.68854847591756,67.2680246075091,67.0244701477289,-1.74209617894006,0,0,0,0
7.95,8.06,12.7919222241915,12.8741912308155,8.69594571220825,9.74618032960045,66.5443340920797,67.2680246075091,1.37820301786078,0,0,0,0
7.81999999999999,7.95,12.7674149823097,12.7919222241915,9.00931458330112,8.69594571220825,64.4460822270432,66.5443340920797,-0.147723243239266,0,0,0,0
8.14,7.81999999999999,12.3713612432312,12.7674149823097,8.54880051029792,9.00931458330112,64.5545679383572,64.4460822270432,1.99752624521402,0,0,0,0
8.48,8.14,12.4363722832571,12.3713612432312,8.07618362376136,8.54880051029792,65.0345310650841,64.5545679383572,-3.32207411321289,0,0,0,1
8.91,8.48,11.5034074232892,12.4363722832571,11.3779962467793,8.07618362376136,64.5977092328493,65.0345310650841,2.57929124483088,0,0,0,-1
8.78,8.91,11.4670827184117,11.5034074232892,9.93793882676836,11.3779962467793,64.1493122364227,64.5977092328493,1.37150917776396,0,0,0,0
8.33,8.78,11.4833444638261,11.4670827184117,9.62660190708644,9.93793882676836,63.2823883708937,64.1493122364227,-1.69837436785221,0,0,0,0
8.77,8.33,11.3427658414769,11.4833444638261,11.1346522810628,9.62660190708644,61.7231914635088,63.2823883708937,-0.0926841374253904,0,0,0,0
9.52,8.77,11.5049780696278,11.3427658414769,10.4811257241703,11.1346522810628,58.8374777991265,61.7231914635088,0.0683155196827663,0,0,0,0
10.02,9.52,12.181717562876,11.5049780696278,9.16942607904567,10.4811257241703,56.5124137946563,58.8374777991265,0.0971594068581645,0,0,0,1
10.62,10.02,12.1928337322578,12.181717562876,9.04263559518341,9.16942607904567,55.3893113515992,56.5124137946563,0.167552665291165,0,0,0,-1
11.29,10.62,12.5161998317633,12.1928337322578,8.58783633322446,9.04263559518341,53.8887040795228,55.3893113515992,-0.199229542945385,0,0,0,0
12.24,11.29,12.8285673669187,12.5161998317633,8.25887045199048,8.58783633322446,53.4871530412349,53.8887040795228,0.230801283085562,0,0,0,0
12.26,12.24,12.7288857182083,12.8285673669187,8.09561251026056,8.25887045199048,52.3045424007058,53.4871530412349,-0.910546663580597,0,0,0,0
11.98,12.26,12.8017794045662,12.7288857182083,8.25972247958296,8.09561251026056,51.9165908257301,52.3045424007058,-1.10175622401147,0,0,0,0
11.7,11.98,13.2982398593942,12.8017794045662,8.1577323014089,8.25972247958296,51.3436953292164,51.9165908257301,1.65838241362351,0,0,0,0
11.07,11.7,12.3345441079281,13.2982398593942,8.46815886283222,8.1577323014089,50.206688011682,51.3436953292164,-0.694869746936615,0,0,0,0
10.4,11.07,12.3674646618638,12.3345441079281,8.34539188251723,8.46815886283222,50.2793666703465,50.206688011682,0.241865546751328,0,0,0,1
10.01,10.4,12.451750078841,12.3674646618638,8.81285984220352,8.34539188251723,50.2539538776779,50.2793666703465,0.47542100114168,0,0,0,-1
5.34,0,13.6193932475291,0,10.0583091687169,0,48.8181559505626,0,-0.233318385153751,0,0,0,0
5.27,5.34,13.6352601172932,13.6193932475291,10.4303620092028,10.0583091687169,49.325516563105,48.8181559505626,0.0463141473731241,0,0,0,0
5.11,5.27,13.5108595781792,13.6352601172932,10.56995993611,10.4303620092028,49.8584252429578,49.325516563105,-0.35785203631988,0,0,0,0
5.09999999999999,5.11,13.4570704114454,13.5108595781792,10.5187439404663,10.56995993611,50.4727394809121,49.8584252429578,-0.084639006412992,0,0,0,1
4.53,5.09999999999999,13.2411944620199,13.4570704114454,10.36387690111,10.5187439404663,50.9552767070421,50.4727394809121,0.224833048530936,0,0,0,-1
4.48,4.53,13.500549812958,13.2411944620199,10.1960192961012,10.36387690111,51.007997695793,50.9552767070421,-0.0873685308722294,0,0,0,0
4.16,4.48,13.666656831119,13.500549812958,9.86973310356281,10.1960192961012,51.7470048953807,51.007997695793,-0.544289851517746,0,0,0,0
3.81,4.16,13.8216641629018,13.666656831119,9.6776888588392,9.86973310356281,52.3008785796348,51.7470048953807,0.234458260675932,0,0,0,0
3.7,3.81,13.7316860457539,13.8216641629018,9.44588611954688,9.6776888588392,52.5109732498041,52.3008785796348,0.604131732419482,0,0,0,0
3.44,3.7,13.7360398808361,13.7316860457539,9.20815115863521,9.44588611954688,52.9047446549394,52.5109732498041,0.224298545394849,0,0,0,0
2.56,3.44,13.6484379283145,13.7360398808361,9.11120950195131,9.20815115863521,53.1352655117365,52.9047446549394,-0.172903457899903,0,0,0,0
2.31999999999999,2.56,13.6235901053374,13.6484379283145,8.9652996998222,9.11120950195131,53.7120553851709,53.1352655117365,-0.295709351634354,0,0,0,-1
2.40000000000001,2.31999999999999,13.7504561712405,13.6235901053374,8.96495188710518,8.9652996998222,53.9277406368439,53.7120553851709,-0.119794702308202,0,0,0,0
3.09999999999999,2.40000000000001,13.5244397404034,13.7504561712405,8.94656032777323,8.96495188710518,54.6184845442754,53.9277406368439,0.292313451931442,0,0,0,1
3.91,3.09999999999999,14.3235655510136,13.5244397404034,8.48031836848756,8.94656032777323,54.2385342821851,54.6184845442754,-1.92325516729135,0,0,0,0
4.14,3.91,14.278253066181,14.3235655510136,7.33557757246614,8.48031836848756,53.9516929233174,54.2385342821851,0.637065780499267,0,0,0,0
4.41,4.14,14.4613482128685,14.278253066181,7.52566739473125,7.33557757246614,54.1795108644441,53.9516929233174,0.0708645063531286,0,0,0,-1
4.62000000000001,4.41,14.4170877704025,14.4613482128685,7.11901614969486,7.52566739473125,54.7976654243518,54.1795108644441,-0.442791343315005,0,0,0,1
4.87000000000001,4.62000000000001,14.2639954417687,14.4170877704025,7.05477643896168,7.11901614969486,55.6597089687086,54.7976654243518,-0.122485714305558,0,0,0,0
5.09999999999999,4.87000000000001,14.4450117427295,14.2639954417687,7.1288881798689,7.05477643896168,56.0996264981352,55.6597089687086,-0.34995749061331,0,0,0,0
5.70999999999999,5.09999999999999,13.8727235474426,14.4450117427295,7.02205196876175,7.1288881798689,56.5872002570616,56.0996264981352,4.79853379400944,0,0,0,0
6.08,5.70999999999999,14.0358824791183,13.8727235474426,7.10969035994467,7.02205196876175,56.4153079316199,56.5872002570616,-3.14136377945639,0,0,0,0
6.93000000000001,6.08,14.0258412317335,14.0358824791183,7.06464614467458,7.10969035994467,56.0495859715358,56.4153079316199,-0.558636367477391,0,0,0,0
6.84999999999999,6.93000000000001,14.0147895236986,14.0258412317335,7.0124305500731,7.06464614467458,56.2194376806582,56.0495859715358,0.0136584634519359,0,0,0,0
7.48,6.84999999999999,13.9973351044509,14.0147895236986,7.07465770096827,7.0124305500731,56.6234012277953,56.2194376806582,0.354806192694786,0,0,0,0
7.31,7.48,14.0820687874227,13.9973351044509,6.92382963937856,7.07465770096827,57.2409617204566,56.6234012277953,-0.525692826875712,0,0,0,1
7.3,7.31,14.247705656797,14.0820687874227,7.11353183225743,6.92382963937856,57.1946988525141,57.2409617204566,0.853238759669049,0,0,0,-1
7.45999999999999,7.3,13.6424447801209,14.247705656797,7.09151066440316,7.11353183225743,57.8332753650404,57.1946988525141,0.223469131078785,0,0,0,0
7.84999999999999,7.45999999999999,14.0319814297324,13.6424447801209,6.81898077453588,7.09151066440316,58.5469787586496,57.8332753650404,-0.955130924869447,0,0,0,0
8.05,7.84999999999999,13.890912318267,14.0319814297324,7.53627750398322,6.81898077453588,58.4518363584114,58.5469787586496,0.0285164784650451,0,0,0,0
8.56999999999999,8.05,13.8128065299298,13.890912318267,7.64511745445649,7.53627750398322,59.0581316154181,58.4518363584114,0.496396877265354,0,0,0,0
9.43000000000001,8.56999999999999,13.8703630948029,13.8128065299298,7.57715895315698,7.64511745445649,59.479261970331,59.0581316154181,-0.146076127954611,0,0,0,0
9.83,9.43000000000001,13.8183551574392,13.8703630948029,7.54731226876913,7.57715895315698,59.6998823778579,59.479261970331,0.541858599931217,0,0,0,0
9.61,9.83,13.6419945948127,13.8183551574392,7.59084238838437,7.54731226876913,59.3139809508706,59.6998823778579,-0.624837717399792,0,0,0,0
9.28,9.61,13.5875050800252,13.6419945948127,7.7809045266225,7.59084238838437,59.3840734351051,59.3139809508706,5.29167397660498,0,0,0,-1
9.56999999999999,9.28,13.0434398864342,13.5875050800252,7.88498834066533,7.7809045266225,59.9017963187511,59.3840734351051,-3.44916572281051,0,0,0,0
9.72,9.56999999999999,13.3738198177355,13.0434398864342,7.95487497335975,7.88498834066533,60.5256899359218,59.9017963187511,-2.73710325735289,0,0,0,1
17.2,9.72,14.2444751507895,13.3738198177355,7.63901373194583,7.95487497335975,60.0234858952707,60.5256899359218,-1.87338904480528,0,0,0,0
18.37,17.2,14.0731104536852,14.2444751507895,8.1336052654312,7.63901373194583,57.4879296177379,60.0234858952707,2.73143325452513,0,0,0,0
18.09,18.37,14.2123303531623,14.0731104536852,7.26306515391209,8.1336052654312,56.6728666504457,57.4879296177379,-0.724260211531156,0,0,0,0
16.86,18.09,14.8429191543164,14.2123303531623,7.07775500756411,7.26306515391209,56.1259530046951,56.6728666504457,2.8657128594502,0,0,0,0
15.28,16.86,14.5805935928125,14.8429191543164,7.65799858284898,7.07775500756411,57.4396872105815,56.1259530046951,-0.506434658915303,0,0,0,1
14.3,15.28,14.6289044150977,14.5805935928125,7.47408795258298,7.65799858284898,57.3745252471746,57.4396872105815,-0.921732476157693,0,0,0,-1
13.4,14.3,14.6003256127271,14.6289044150977,7.44972411330447,7.47408795258298,57.5405754654119,57.3745252471746,-0.176982568817097,0,0,0,0
12.67,13.4,14.5020786533606,14.6003256127271,7.92840767836651,7.44972411330447,58.520390566487,57.5405754654119,-0.00987692322549982,0,0,0,0
12.14,12.67,14.7328857461763,14.5020786533606,7.5078014207343,7.92840767836651,58.576291498055,58.520390566487,-2.08697942896877,0,0,0,0
12.34,12.14,14.4831271514509,14.7328857461763,7.27955829620695,7.5078014207343,58.5520326117059,58.576291498055,1.48234527551285,0,0,0,1
12.21,12.34,14.6394412017265,14.4831271514509,8.33260066792492,7.27955829620695,58.5449391152711,58.5520326117059,-0.0858261368690396,0,0,0,-1
11.36,12.21,14.4819218630904,14.6394412017265,8.18231144158204,8.33260066792492,58.4186623088084,58.5449391152711,0.0855621893392779,0,0,0,0
3.77,11.36,14.2786601827901,14.4819218630904,7.97509302539642,8.18231144158204,59.0656379616253,58.4186623088084,-0.0694924849490306,0,0,0,0
2.13,3.77,14.1375352600645,14.2786601827901,8.5054781434226,7.97509302539642,58.3169914561865,59.0656379616253,-0.0150522367082608,0,0,0,1
1.53,2.13,13.55191921648,14.1375352600645,8.45008140794585,8.5054781434226,58.7771717998447,58.3169914561865,0.757592946502786,0,0,0,-1
2.17,1.53,13.5595515939198,13.55191921648,8.47937327880916,8.45008140794585,59.1315141956094,58.7771717998447,2.4972290169703,0,0,0,0
3.55,2.17,13.279973177287,13.5595515939198,8.14356980754232,8.47937327880916,58.365246887165,59.1315141956094,-1.84168907065787,0,0,0,0
4.33,3.55,13.2326424099595,13.279973177287,7.93601377313497,8.14356980754232,59.5050603452658,58.365246887165,0.850895361256956,0,0,0,0
5.39,4.33,13.1248320851936,13.2326424099595,7.89679515960585,7.93601377313497,60.8912494199342,59.5050603452658,-3.24247020059627,0,0,0,0
5.97,5.39,12.9389827465713,13.1248320851936,8.32753646922314,7.89679515960585,60.0888364953251,60.8912494199342,2.21008655524883,0,0,0,0
6.95,5.97,12.9777892776071,12.9389827465713,8.18086195810351,8.32753646922314,60.2751501847348,60.0888364953251,-2.2378425154308,0,0,0,1
7.01000000000001,6.95,13.0340769102424,12.9777892776071,7.83736948883654,8.18086195810351,59.3542258383005,60.2751501847348,1.51933748883128,0,0,0,-1
6.87999999999999,7.01000000000001,13.1049430225842,13.0340769102424,8.68514684077924,7.83736948883654,60.385142764674,59.3542258383005,-0.0387339306838328,0,0,0,0
7.15000000000001,6.87999999999999,12.9767244867198,13.1049430225842,9.20648805398477,8.68514684077924,60.0299859778094,60.385142764674,-1.74209617894006,0,0,0,0
7.26000000000001,7.15000000000001,12.8707443676598,12.9767244867198,8.37357539964933,9.20648805398477,60.2435285516187,60.0299859778094,1.37820301786078,0,0,0,0
7.23,7.26000000000001,12.8430677768583,12.8707443676598,8.26727638858994,8.37357539964933,60.5804136177171,60.2435285516187,-0.147723243239266,0,0,0,0
7.87999999999999,7.23,12.4451686531319,12.8430677768583,7.60142939573143,8.26727638858994,60.8615438938866,60.5804136177171,1.99752624521402,0,0,0,0
8.31,7.87999999999999,12.5558159723245,12.4451686531319,7.59750626464351,7.60142939573143,61.8228599639461,60.8615438938866,-3.32207411321289,0,0,0,1
9.08,8.31,11.6187885593299,12.5558159723245,10.3703294032769,7.59750626464351,61.19297366034,61.8228599639461,2.57929124483088,0,0,0,-1
9.34999999999999,9.08,11.6022447540925,11.6187885593299,9.07597489448314,10.3703294032769,60.9839636265332,61.19297366034,1.37150917776396,0,0,0,0
9.23,9.34999999999999,11.6150598972504,11.6022447540925,9.24382013895436,9.07597489448314,60.3257746688627,60.9839636265332,-1.69837436785221,0,0,0,0
9.62,9.23,11.4727593833446,11.6150598972504,9.90674049420052,9.24382013895436,59.1053252639434,60.3257746688627,-0.0926841374253904,0,0,0,0
10.35,9.62,11.6099399965653,11.4727593833446,9.39451191496103,9.90674049420052,56.5655336506729,59.1053252639434,0.0683155196827663,0,0,0,0
10.45,10.35,12.2745662310058,11.6099399965653,8.98163719509805,9.39451191496103,54.6900676724702,56.5655336506729,0.0971594068581645,0,0,0,1
11.09,10.45,12.2748979236116,12.2745662310058,7.9662414277353,8.98163719509805,53.175856274442,54.6900676724702,0.167552665291165,0,0,0,-1
11.52,11.09,12.5734639759348,12.2748979236116,7.53344730062618,7.9662414277353,52.2130671143171,53.175856274442,-0.199229542945385,0,0,0,0
11.97,11.52,12.8707455346773,12.5734639759348,7.48626900155412,7.53344730062618,51.3857512845713,52.2130671143171,0.230801283085562,0,0,0,0
11.81,11.97,12.7823902908042,12.8707455346773,7.35071263120842,7.48626900155412,49.9508935074559,51.3857512845713,-0.910546663580597,0,0,0,0
11.3,11.81,12.8673524640099,12.7823902908042,7.5754355332305,7.35071263120842,49.3292804233483,49.9508935074559,-1.10175622401147,0,0,0,0
10.93,11.3,13.3236374334661,12.8673524640099,7.15606745296642,7.5754355332305,48.5793388060167,49.3292804233483,1.65838241362351,0,0,0,0
10.23,10.93,12.4355530612807,13.3236374334661,7.24901558217097,7.15606745296642,47.7483557641588,48.5793388060167,-0.694869746936615,0,0,0,0
8.90000000000001,10.23,12.4682818290521,12.4355530612807,7.7971098337877,7.24901558217097,47.4682382634784,47.7483557641588,0.241865546751328,0,0,0,1
8.31,8.90000000000001,12.434606188218,12.4682818290521,7.67611232433369,7.7971098337877,47.1295799068936,47.4682382634784,0.47542100114168,0,0,0,-1
5.27,0,13.8112455140288,0,10.3385592981509,0,46.4033156986905,0,-0.233318385153751,0,0,0,0
5.27,5.27,13.789565546789,13.8112455140288,10.6903844696994,10.3385592981509,46.8351204880844,46.4033156986905,0.0463141473731241,0,0,0,0
5.23999999999999,5.27,13.784089248394,13.789565546789,10.6342668939919,10.6903844696994,45.7875687308857,46.8351204880844,-0.35785203631988,0,0,0,0
5.45,5.23999999999999,13.7569240804036,13.784089248394,11.0007297950422,10.6342668939919,46.1651387489895,45.7875687308857,-0.084639006412992,0,0,0,1
5.36,5.45,13.4361304796734,13.7569240804036,10.3786487877928,11.0007297950422,46.390573897413,46.1651387489895,0.224833048530936,0,0,0,-1
5.37999999999999,5.36,13.6580687521332,13.4361304796734,10.19041989394,10.3786487877928,45.5596457315195,46.390573897413,-0.0873685308722294,0,0,0,0
5.66,5.37999999999999,13.9747267984988,13.6580687521332,10.1425703937467,10.19041989394,46.115222660785,45.5596457315195,-0.544289851517746,0,0,0,0
5.52,5.66,14.1510483917344,13.9747267984988,9.78919995870099,10.1425703937467,46.4626370908683,46.115222660785,0.234458260675932,0,0,0,0
5.25,5.52,14.0651721167564,14.1510483917344,9.41737465596063,9.78919995870099,48.7446244645948,46.4626370908683,0.604131732419482,0,0,0,0
5,5.25,14.0617402464403,14.0651721167564,9.33275086435615,9.41737465596063,49.0006005802055,48.7446244645948,0.224298545394849,0,0,0,0
4.72,5,13.9377111848208,14.0617402464403,9.25112577470741,9.33275086435615,48.7474645329371,49.0006005802055,-0.172903457899903,0,0,0,0
4.75,4.72,13.8871956984285,13.9377111848208,8.69251525891396,9.25112577470741,50.5986082865364,48.7474645329371,-0.295709351634354,0,0,0,-1
4.52,4.75,13.9732190140202,13.8871956984285,8.61427518164484,8.69251525891396,50.5660092457295,50.5986082865364,-0.119794702308202,0,0,0,0
4.62999999999999,4.52,13.7027198943078,13.9732190140202,7.77403119035139,8.61427518164484,50.9588764872733,50.5660092457295,0.292313451931442,0,0,0,1
5.5,4.62999999999999,14.5732152295929,13.7027198943078,7.44467013393122,7.77403119035139,47.8926402184691,50.9588764872733,-1.92325516729135,0,0,0,0
5.29000000000001,5.5,14.3742649987153,14.5732152295929,7.04248914830935,7.44467013393122,47.8120083600546,47.8926402184691,0.637065780499267,0,0,0,0
5.26000000000001,5.29000000000001,14.5053050803982,14.3742649987153,7.10201634580641,7.04248914830935,47.6399098183546,47.8120083600546,0.0708645063531286,0,0,0,-1
4.97,5.26000000000001,14.4380003370635,14.5053050803982,7.64862597368279,7.10201634580641,46.8371406212617,47.6399098183546,-0.442791343315005,0,0,0,1
4.92,4.97,14.2894613008373,14.4380003370635,7.0893036463227,7.64862597368279,47.3260270669011,46.8371406212617,-0.122485714305558,0,0,0,0
4.84,4.92,14.4920917154864,14.2894613008373,7.14139690427655,7.0893036463227,47.3982106051447,47.3260270669011,-0.34995749061331,0,0,0,0
4.95,4.84,13.8807500185499,14.4920917154864,7.14532810369625,7.14139690427655,47.3429647397654,47.3982106051447,4.79853379400944,0,0,0,0
5.39,4.95,14.0289257052102,13.8807500185499,7.20151611531417,7.14532810369625,47.4811290769122,47.3429647397654,-3.14136377945639,0,0,0,0
6.06,5.39,14.0420008772882,14.0289257052102,6.7605423033151,7.20151611531417,47.1400343270271,47.4811290769122,-0.558636367477391,0,0,0,0
5.90000000000001,6.06,14.0706589391122,14.0420008772882,7.134293377036,6.7605423033151,52.0070995396336,47.1400343270271,0.0136584634519359,0,0,0,0
6.16,5.90000000000001,14.0416336255609,14.0706589391122,6.91947693291463,7.134293377036,52.270693535398,52.0070995396336,0.354806192694786,0,0,0,0
6.08,6.16,14.1201876473791,14.0416336255609,6.25062684666055,6.91947693291463,52.9336132756246,52.270693535398,-0.525692826875712,0,0,0,1
5.23999999999999,6.08,14.3034479162098,14.1201876473791,7.15444474624393,6.25062684666055,50.18172843175,52.9336132756246,0.853238759669049,0,0,0,-1
6.25,5.23999999999999,13.6460541338575,14.3034479162098,7.10305418170458,7.15444474624393,50.8370954509666,50.18172843175,0.223469131078785,0,0,0,0
6.36,6.25,14.0646719823519,13.6460541338575,6.81973633722622,7.10305418170458,51.3969809407794,50.8370954509666,-0.955130924869447,0,0,0,0
7.09999999999999,6.36,13.8746655566007,14.0646719823519,6.82232127826848,6.81973633722622,51.531548470155,51.3969809407794,0.0285164784650451,0,0,0,0
7.25,7.09999999999999,13.7708776634523,13.8746655566007,6.99522783799143,6.82232127826848,52.0895415577832,51.531548470155,0.496396877265354,0,0,0,0
6.97,7.25,13.917291384115,13.7708776634523,7.39335838783583,6.99522783799143,52.5055239853839,52.0895415577832,-0.146076127954611,0,0,0,0
7.79000000000001,6.97,13.7817404107692,13.917291384115,7.51401114082142,7.39335838783583,52.883454655608,52.5055239853839,0.541858599931217,0,0,0,0
8.39,7.79000000000001,13.6247157465486,13.7817404107692,6.68978207822857,7.51401114082142,53.0188555614268,52.883454655608,-0.624837717399792,0,0,0,0
8.45,8.39,13.6083149277429,13.6247157465486,7.33575169659791,6.68978207822857,52.5696867837321,53.0188555614268,5.29167397660498,0,0,0,-1
9.03,8.45,13.0654314198854,13.6083149277429,6.74341944984309,7.33575169659791,54.570710083301,52.5696867837321,-3.44916572281051,0,0,0,0
9.22,9.03,13.3120648707698,13.0654314198854,7.23659034068004,6.74341944984309,55.0257955666077,54.570710083301,-2.73710325735289,0,0,0,1
17.23,9.22,14.2371837395581,13.3120648707698,6.26277648878894,7.23659034068004,54.5913649295365,55.0257955666077,-1.87338904480528,0,0,0,0
18.21,17.23,14.1057855051162,14.2371837395581,6.73557964313158,6.26277648878894,53.3614333647977,54.5913649295365,2.73143325452513,0,0,0,0
17.26,18.21,14.1832850808348,14.1057855051162,4.88784236057672,6.73557964313158,52.8976628473547,53.3614333647977,-0.724260211531156,0,0,0,0
15.78,17.26,14.8478677201791,14.1832850808348,5.67057218537504,4.88784236057672,52.5441648342001,52.8976628473547,2.8657128594502,0,0,0,0
15.19,15.78,14.567812306747,14.8478677201791,5.66353204297433,5.67057218537504,51.0047020815217,52.5441648342001,-0.506434658915303,0,0,0,1
14.61,15.19,14.5816632518847,14.567812306747,5.83567436316487,5.66353204297433,50.8118171474604,51.0047020815217,-0.921732476157693,0,0,0,-1
14.24,14.61,14.5415054307558,14.5816632518847,6.23460256295219,5.83567436316487,51.2581318543432,50.8118171474604,-0.176982568817097,0,0,0,0
13.69,14.24,14.4237131897703,14.5415054307558,6.99801403043541,6.23460256295219,51.9694804463624,51.2581318543432,-0.00987692322549982,0,0,0,0
12.86,13.69,14.6672503979865,14.4237131897703,6.60081350559402,6.99801403043541,52.138592560914,51.9694804463624,-2.08697942896877,0,0,0,0
13.04,12.86,14.4588854364698,14.6672503979865,6.3169348577901,6.60081350559402,52.1805049346133,52.138592560914,1.48234527551285,0,0,0,1
13.04,13.04,14.607268086066,14.4588854364698,7.77549491742985,6.3169348577901,53.5727965164323,52.1805049346133,-0.0858261368690396,0,0,0,-1
12.09,13.04,14.4379851070239,14.607268086066,7.36328539825797,7.77549491742985,53.1954852506421,53.5727965164323,0.0855621893392779,0,0,0,0
4.34999999999999,12.09,14.2885192382142,14.4379851070239,7.7318667079726,7.36328539825797,53.5069492534998,53.1954852506421,-0.0694924849490306,0,0,0,0
3.56,4.34999999999999,14.1673331327845,14.2885192382142,8.83825384378435,7.7318667079726,55.7387463148535,53.5069492534998,-0.0150522367082608,0,0,0,1
3.64,3.56,13.4636973964785,14.1673331327845,6.83956707240003,8.83825384378435,56.4910450467411,55.7387463148535,0.757592946502786,0,0,0,-1
4.18000000000001,3.64,13.4884876550316,13.4636973964785,8.38804128982208,6.83956707240003,56.7851766449138,56.4910450467411,2.4972290169703,0,0,0,0
4.45999999999999,4.18000000000001,13.1936920612504,13.4884876550316,6.92770441389585,8.38804128982208,55.2594792265879,56.7851766449138,-1.84168907065787,0,0,0,0
5.62000000000001,4.45999999999999,13.0285252716027,13.1936920612504,7.3389708537819,6.92770441389585,56.5649320697786,55.2594792265879,0.850895361256956,0,0,0,0
6.90000000000001,5.62000000000001,12.9692030740333,13.0285252716027,6.75741303764804,7.3389708537819,57.4300302945994,56.5649320697786,-3.24247020059627,0,0,0,0
7.48,6.90000000000001,12.7122752364123,12.9692030740333,8.08687184974662,6.75741303764804,59.5855883837703,57.4300302945994,2.21008655524883,0,0,0,0
8.13,7.48,12.7581780251256,12.7122752364123,6.85534386525658,8.08687184974662,59.1769689969744,59.5855883837703,-2.2378425154308,0,0,0,1
7.97,8.13,12.7672326104505,12.7581780251256,6.48109645584821,6.85534386525658,57.5940152516699,59.1769689969744,1.51933748883128,0,0,0,-1
7.76000000000001,7.97,12.8895834365496,12.7672326104505,7.6898934550362,6.48109645584821,55.1545368245321,57.5940152516699,-0.0387339306838328,0,0,0,0
8.3,7.76000000000001,12.81645433542,12.8895834365496,7.75903151961659,7.6898934550362,54.8854797176193,55.1545368245321,-1.74209617894006,0,0,0,0
8.29000000000001,8.3,12.7444135343285,12.81645433542,7.83813143385028,7.75903151961659,55.1757360919042,54.8854797176193,1.37820301786078,0,0,0,0
8.81999999999999,8.29000000000001,12.7784165875177,12.7444135343285,6.36781573568781,7.83813143385028,53.4674320825175,55.1757360919042,-0.147723243239266,0,0,0,0
8.93000000000001,8.81999999999999,12.4091649125524,12.7784165875177,7.20361423976315,6.36781573568781,53.6404432394843,53.4674320825175,1.99752624521402,0,0,0,0
9.02,8.93000000000001,12.5269396906178,12.4091649125524,6.56752417586333,7.20361423976315,54.0115894226368,53.6404432394843,-3.32207411321289,0,0,0,1
9.56,9.02,11.5031146023426,12.5269396906178,6.30616203669082,6.56752417586333,54.5688758437109,54.0115894226368,2.57929124483088,0,0,0,-1
9.28,9.56,11.4498118267021,11.5031146023426,6.11833848674852,6.30616203669082,54.6352598773547,54.5688758437109,1.37150917776396,0,0,0,0
8.48,9.28,11.4253641572974,11.4498118267021,6.89272424004467,6.11833848674852,54.2193784869495,54.6352598773547,-1.69837436785221,0,0,0,0
8.91,8.48,11.238904890737,11.4253641572974,6.78623353122118,6.89272424004467,50.7972611093149,54.2193784869495,-0.0926841374253904,0,0,0,0
9.09,8.91,11.3519340293005,11.238904890737,5.38141892222414,6.78623353122118,48.0327963909529,50.7972611093149,0.0683155196827663,0,0,0,0
8.47,9.09,12.0362121483327,11.3519340293005,6.21649162550092,5.38141892222414,46.2679207493905,48.0327963909529,0.0971594068581645,0,0,0,1
8.98,8.47,12.0669594036725,12.0362121483327,6.66793230851062,6.21649162550092,44.8418098037601,46.2679207493905,0.167552665291165,0,0,0,-1
9.02,8.98,12.3657333832167,12.0669594036725,6.80203358377379,6.66793230851062,44.1023150619342,44.8418098037601,-0.199229542945385,0,0,0,0
9.53,9.02,12.6223789253875,12.3657333832167,5.19010317805148,6.80203358377379,43.4215316020145,44.1023150619342,0.230801283085562,0,0,0,0
9.52,9.53,12.5859213794506,12.6223789253875,4.85078486798201,5.19010317805148,42.8212513008277,43.4215316020145,-0.910546663580597,0,0,0,0
9.55,9.52,12.6971757585273,12.5859213794506,5.35215996739755,4.85078486798201,42.1087009933782,42.8212513008277,-1.10175622401147,0,0,0,0
9.40000000000001,9.55,13.1136046909431,12.6971757585273,6.00850056269804,5.35215996739755,41.1959199536111,42.1087009933782,1.65838241362351,0,0,0,0
9.26000000000001,9.40000000000001,12.2408755130693,13.1136046909431,5.96162858589666,6.00850056269804,40.4043118014382,41.1959199536111,-0.694869746936615,0,0,0,0
8.62,9.26000000000001,12.2733717686095,12.2408755130693,5.65303320166286,5.96162858589666,40.2411731477721,40.4043118014382,0.241865546751328,0,0,0,1
8.76000000000001,8.62,12.3288257776367,12.2733717686095,5.11040112419032,5.65303320166286,39.8041652479406,40.2411731477721,0.47542100114168,0,0,0,-1
4.97,0,13.523121241861,0,10.1433731007043,0,30.0169334218633,0,-0.233318385153751,0,-0.233318385153751,0,0
4.84999999999999,4.97,13.5203856828407,13.523121241861,10.5374613579065,10.1433731007043,31.4008649551819,30.0169334218633,0.0463141473731241,0,0.0463141473731241,0,0
4.98,4.84999999999999,13.4369686715848,13.5203856828407,10.6865805992347,10.5374613579065,32.8856443644231,31.4008649551819,-0.35785203631988,0,-0.35785203631988,0,0
5.03,4.98,13.4185512661328,13.4369686715848,10.5800087969343,10.6865805992347,35.0184999681226,32.8856443644231,-0.084639006412992,0,-0.084639006412992,0,1
5.01000000000001,5.03,13.1711923614329,13.4185512661328,10.3753425558967,10.5800087969343,36.8566838991235,35.0184999681226,0.224833048530936,0,0.224833048530936,0,-1
5.22,5.01000000000001,13.4046624434154,13.1711923614329,10.3457556105335,10.3753425558967,38.8476595207644,36.8566838991235,-0.0873685308722294,0,-0.0873685308722294,0,0
4.95,5.22,13.4397004304829,13.4046624434154,9.84359243070392,10.3457556105335,40.7196888354408,38.8476595207644,-0.544289851517746,0,-0.544289851517746,0,0
4.7,4.95,13.6573189487844,13.4397004304829,9.70658573571305,9.84359243070392,42.8166195557161,40.7196888354408,0.234458260675932,0,0.234458260675932,0,0
4.31999999999999,4.7,13.5359831042106,13.6573189487844,9.41730137387703,9.70658573571305,44.7042152242051,42.8166195557161,0.604131732419482,0,0.604131732419482,0,0
4.11,4.31999999999999,13.5315945841548,13.5359831042106,9.25915956223154,9.41730137387703,46.8292404685241,44.7042152242051,0.224298545394849,0,0.224298545394849,0,0
3.84999999999999,4.11,13.4934969282722,13.5315945841548,9.19689568166285,9.25915956223154,50.1750078110898,46.8292404685241,-0.172903457899903,0,-0.172903457899903,0,0
3.8,3.84999999999999,13.4542244736871,13.4934969282722,7.54058315204704,9.19689568166285,50.2666323304702,50.1750078110898,-0.295709351634354,0,-0.295709351634354,0,-1
3.43000000000001,3.8,13.5541970585676,13.4542244736871,6.91193083762398,7.54058315204704,50.5081610067006,50.2666323304702,-0.119794702308202,0,-0.119794702308202,0,0
3.95999999999999,3.43000000000001,13.261938392179,13.5541970585676,7.92382168590806,6.91193083762398,50.8802290201085,50.5081610067006,0.292313451931442,0,0.292313451931442,0,1
4.62000000000001,3.95999999999999,14.2198426194766,13.261938392179,7.89967385185371,7.92382168590806,50.4518157993201,50.8802290201085,-1.92325516729135,0,-1.92325516729135,0,0
4.62000000000001,4.62000000000001,14.1797668132824,14.2198426194766,7.01931790518613,7.89967385185371,50.0425090621219,50.4518157993201,0.637065780499267,0,0.637065780499267,0,0
4.44,4.62000000000001,14.3438368768003,14.1797668132824,7.28579371488089,7.01931790518613,50.1619835282443,50.0425090621219,0.0708645063531286,0,0.0708645063531286,0,-1
4.68000000000001,4.44,14.2571782234341,14.3438368768003,7.06733763627503,7.28579371488089,50.8169661848314,50.1619835282443,-0.442791343315005,0,-0.442791343315005,0,1
4.86,4.68000000000001,14.1173998973344,14.2571782234341,7.01937156600313,7.06733763627503,51.5429932336198,50.8169661848314,-0.122485714305558,0,-0.122485714305558,0,0
4.5,4.86,14.3004740481003,14.1173998973344,7.20444458174292,7.01937156600313,52.0901660896529,51.5429932336198,-0.34995749061331,0,-0.34995749061331,0,0
4.37000000000001,4.5,13.6226675135625,14.3004740481003,7.11253665023713,7.20444458174292,52.7537629182973,52.0901660896529,4.79853379400944,0,4.79853379400944,0,0
4.86,4.37000000000001,13.7968994236149,13.6226675135625,7.21405770283484,7.11253665023713,53.0122675897967,52.7537629182973,-3.14136377945639,0,-3.14136377945639,0,0
5.3,4.86,13.8896713672199,13.7968994236149,7.01431420660363,7.21405770283484,52.5522141140633,53.0122675897967,-0.558636367477391,0,-0.558636367477391,0,0
5.31,5.3,13.8827340664609,13.8896713672199,6.70954826485157,7.01431420660363,52.8600733366238,52.5522141140633,0.0136584634519359,0,0.0136584634519359,0,0
5.91,5.31,13.8586283519935,13.8827340664609,6.46431771907023,6.70954826485157,53.2548804273295,52.8600733366238,0.354806192694786,0,0.354806192694786,0,0
5.92,5.91,13.993915469751,13.8586283519935,6.55990931721008,6.46431771907023,54.1649957396631,53.2548804273295,-0.525692826875712,0,-0.525692826875712,0,1
5.48999999999999,5.92,14.1429162277718,13.993915469751,6.79988679065899,6.55990931721008,55.4567873862479,54.1649957396631,0.853238759669049,0,0.853238759669049,0,-1
5.93000000000001,5.48999999999999,13.4669977146032,14.1429162277718,6.8053368582112,6.79988679065899,56.6842312158547,55.4567873862479,0.223469131078785,0,0.223469131078785,0,0
6.42,5.93000000000001,13.9397039983844,13.4669977146032,6.7019913145372,6.8053368582112,57.4802687056365,56.6842312158547,-0.955130924869447,0,-0.955130924869447,0,0
6.90000000000001,6.42,13.7199171720488,13.9397039983844,6.95968240829393,6.7019913145372,58.532103086065,57.4802687056365,0.0285164784650451,0,0.0285164784650451,0,0
7.36,6.90000000000001,13.6541103943112,13.7199171720488,7.31970882506785,6.95968240829393,59.6220965789493,58.532103086065,0.496396877265354,0,0.496396877265354,0,0
8.34,7.36,13.7834904537824,13.6541103943112,7.07551178523344,7.31970882506785,60.3864020294151,59.6220965789493,-0.146076127954611,0,-0.146076127954611,0,0
8.91,8.34,13.6952422243719,13.7834904537824,6.89987257593903,7.07551178523344,60.7830000019163,60.3864020294151,0.541858599931217,0,0.541858599931217,0,0
9.13,8.91,13.5016814003784,13.6952422243719,6.63929506607157,6.89987257593903,60.8892897097491,60.7830000019163,-0.624837717399792,0,-0.624837717399792,0,0
9.37,9.13,13.4739567507627,13.5016814003784,7.14059820536713,6.63929506607157,61.1561950692513,60.8892897097491,5.29167397660498,0,5.29167397660498,0,-1
10.13,9.37,12.8795230283579,13.4739567507627,7.23923430938502,7.14059820536713,64.1489619655222,61.1561950692513,-3.44916572281051,0,-3.44916572281051,0,0
10.52,10.13,12.986621886812,12.8795230283579,6.94363142111985,7.23923430938502,64.5043438224712,64.1489619655222,-2.73710325735289,0,-2.73710325735289,0,1
17.94,10.52,13.8658997423264,12.986621886812,6.72047604828369,6.94363142111985,63.9136510525202,64.5043438224712,-1.87338904480528,0,-1.87338904480528,0,0
18.69,17.94,13.684525201934,13.8658997423264,5.36677355647393,6.72047604828369,60.5100759043785,63.9136510525202,2.73143325452513,0,2.73143325452513,0,0
18.15,18.69,13.7563499277709,13.684525201934,6.07904985179514,5.36677355647393,59.4781653007619,60.5100759043785,-0.724260211531156,0,-0.724260211531156,0,0
16.85,18.15,14.5096200166001,13.7563499277709,5.74406289481376,6.07904985179514,58.779005906081,59.4781653007619,2.8657128594502,0,2.8657128594502,0,0
15.84,16.85,14.2209438140575,14.5096200166001,6.47641021838987,5.74406289481376,58.6914305531255,58.779005906081,-0.506434658915303,0,-0.506434658915303,0,1
14.51,15.84,14.2508524527224,14.2209438140575,5.80604324337006,6.47641021838987,58.6072475021279,58.6914305531255,-0.921732476157693,0,-0.921732476157693,0,-1
14,14.51,14.2230348192906,14.2508524527224,6.69036203773573,5.80604324337006,58.8207982890876,58.6072475021279,-0.176982568817097,0,-0.176982568817097,0,0
13.51,14,14.069581953462,14.2230348192906,6.55351991025151,6.69036203773573,60.7338767705944,58.8207982890876,-0.00987692322549982,0,-0.00987692322549982,0,0
12.88,13.51,14.3919122446879,14.069581953462,6.88504803329137,6.55351991025151,60.4147659159255,60.7338767705944,-2.08697942896877,0,-2.08697942896877,0,0
12.99,12.88,14.1327554178753,14.3919122446879,6.62096710690241,6.88504803329137,60.1952268004234,60.4147659159255,1.48234527551285,0,1.48234527551285,0,1
12.44,12.99,14.2455454812142,14.1327554178753,7.28927556850775,6.62096710690241,60.1705859034694,60.1952268004234,-0.0858261368690396,0,-0.0858261368690396,0,-1
11.48,12.44,14.0937188636623,14.2455454812142,7.23494451991928,7.28927556850775,60.0627692235953,60.1705859034694,0.0855621893392779,0,0.0855621893392779,0,0
4.17,11.48,13.8866222381866,14.0937188636623,6.97941607162414,7.23494451991928,60.7152609723869,60.0627692235953,-0.0694924849490306,0,-0.0694924849490306,0,0
3.51000000000001,4.17,13.7282187025894,13.8866222381866,7.02813997118393,6.97941607162414,60.1047623727353,60.7152609723869,-0.0150522367082608,0,-0.0150522367082608,0,1
3.56,3.51000000000001,13.0110715880441,13.7282187025894,7.19419087046078,7.02813997118393,60.7089182346691,60.1047623727353,0.757592946502786,0,0.757592946502786,0,-1
4.33,3.56,13.0272793398921,13.0110715880441,7.09251597167219,7.19419087046078,61.6782717404232,60.7089182346691,2.4972290169703,0,2.4972290169703,0,0
5.06,4.33,12.7437621488073,13.0272793398921,7.41738061669073,7.09251597167219,64.7283467827767,61.6782717404232,-1.84168907065787,0,-1.84168907065787,0,0
6.33,5.06,12.6100919723013,12.7437621488073,7.03539415290302,7.41738061669073,66.1561537879731,64.7283467827767,0.850895361256956,0,0.850895361256956,0,0
7.64,6.33,12.5912444259913,12.6100919723013,6.83633547119889,7.03539415290302,67.3162964981639,66.1561537879731,-3.24247020059627,0,-3.24247020059627,0,0
8.55,7.64,12.477726879066,12.5912444259913,7.34343922313163,6.83633547119889,65.0028086069317,67.3162964981639,2.21008655524883,0,2.21008655524883,0,0
10.02,8.55,12.565540598158,12.477726879066,6.767936915837,7.34343922313163,65.1825891912362,65.0028086069317,-2.2378425154308,0,-2.2378425154308,0,1
10.07,10.02,12.7192671229026,12.565540598158,6.7292480103149,6.767936915837,63.264208782681,65.1825891912362,1.51933748883128,0,1.51933748883128,0,-1
9.84,10.07,12.8483556829617,12.7192671229026,7.19962801789369,6.7292480103149,65.5762936190505,63.264208782681,-0.0387339306838328,0,-0.0387339306838328,0,0
9.94,9.84,12.6946128496777,12.8483556829617,7.89356671786301,7.19962801789369,65.1623553062864,65.5762936190505,-1.74209617894006,0,-1.74209617894006,0,0
9.78,9.94,12.6311221384268,12.6946128496777,7.06476095733866,7.89356671786301,65.2065345314554,65.1623553062864,1.37820301786078,0,1.37820301786078,0,0
9.47,9.78,12.6367204702983,12.6311221384268,6.85461021301414,7.06476095733866,66.5879365729543,65.2065345314554,-0.147723243239266,0,-0.147723243239266,0,0
10,9.47,12.244345010324,12.6367204702983,6.65011086640086,6.85461021301414,66.5501412995104,66.5879365729543,1.99752624521402,0,1.99752624521402,0,0
9.79000000000001,10,12.4523843480716,12.244345010324,6.61925631968386,6.65011086640086,66.7700747693789,66.5501412995104,-3.32207411321289,0,-3.32207411321289,0,1
10.77,9.79000000000001,11.3534175976786,12.4523843480716,7.62603178128154,6.61925631968386,64.7565212168659,66.7700747693789,2.57929124483088,0,2.57929124483088,0,-1
10.52,10.77,11.3221870805074,11.3534175976786,6.37463843607447,7.62603178128154,64.6752080018555,64.7565212168659,1.37150917776396,0,1.37150917776396,0,0
9.81999999999999,10.52,11.3500755504103,11.3221870805074,6.29673573056125,6.37463843607447,63.9976609348912,64.6752080018555,-1.69837436785221,0,-1.69837436785221,0,0
9.56,9.81999999999999,11.2233455993012,11.3500755504103,6.73444334518288,6.29673573056125,59.9490213097984,63.9976609348912,-0.0926841374253904,0,-0.0926841374253904,0,0
8.88,9.56,11.3690471060481,11.2233455993012,6.43741816362588,6.73444334518288,56.5376209736416,59.9490213097984,0.0683155196827663,0,0.0683155196827663,0,0
8.75,8.88,12.1477911749459,11.3690471060481,5.48380063901282,6.43741816362588,53.9503552816657,56.5376209736416,0.0971594068581645,0,0.0971594068581645,0,1
9.43000000000001,8.75,12.1054556375212,12.1477911749459,4.64171593193393,5.48380063901282,53.5180584257002,53.9503552816657,0.167552665291165,0,0.167552665291165,0,-1
9.45,9.43000000000001,12.3996016553867,12.1054556375212,4.94620907122299,4.64171593193393,52.7822573737038,53.5180584257002,-0.199229542945385,0,-0.199229542945385,0,0
10.25,9.45,12.6814217316978,12.3996016553867,5.11523272895213,4.94620907122299,52.0471412648922,52.7822573737038,0.230801283085562,0,0.230801283085562,0,0
10.21,10.25,12.6150043093008,12.6814217316978,5.18738357703293,5.11523272895213,52.2049165485465,52.0471412648922,-0.910546663580597,0,-0.910546663580597,0,0
9.17,10.21,12.75323176685,12.6150043093008,5.42495198345216,5.18738357703293,51.7396191395213,52.2049165485465,-1.10175622401147,0,-1.10175622401147,0,0
9.2,9.17,13.1647870118724,12.75323176685,4.87349717305031,5.42495198345216,50.9830987975726,51.7396191395213,1.65838241362351,0,1.65838241362351,0,0
8.43000000000001,9.2,12.1964599051462,13.1647870118724,5.06914709741753,4.87349717305031,50.1690312767314,50.9830987975726,-0.694869746936615,0,-0.694869746936615,0,0
7.97,8.43000000000001,12.2644341124215,12.1964599051462,5.09619209768131,5.06914709741753,50.3516104923374,50.1690312767314,0.241865546751328,0,0.241865546751328,0,1
7.67,7.97,12.322444402262,12.2644341124215,5.09821343657826,5.09619209768131,49.7625973796064,50.3516104923374,0.47542100114168,0,0.47542100114168,0,-1
6.23,0,13.4250887479343,0,10.2396434732038,0,54.0302819700879,0,-0.233318385153751,0,0,0,0
6.06,6.23,13.4629785932263,13.4250887479343,10.4357535628727,10.2396434732038,53.8719279628471,54.0302819700879,0.0463141473731241,0,0,0,0
6,6.06,13.3121142338441,13.4629785932263,10.6063924003161,10.4357535628727,52.6487221392106,53.8719279628471,-0.35785203631988,0,0,0,0
5.83,6,13.2762805829939,13.3121142338441,10.5152240764848,10.6063924003161,52.7202489255026,52.6487221392106,-0.084639006412992,0,0,0,1
5.18000000000001,5.83,13.0926092186492,13.2762805829939,10.2957619565762,10.5152240764848,53.7085588699055,52.7202489255026,0.224833048530936,0,0,0,-1
5.19,5.18000000000001,13.3857224080214,13.0926092186492,10.1927002422901,10.2957619565762,55.3920885735835,53.7085588699055,-0.0873685308722294,0,0,0,0
4.59999999999999,5.19,13.4233392572171,13.3857224080214,9.97556608440755,10.1927002422901,56.1051566503951,55.3920885735835,-0.544289851517746,0,0,0,0
4.23,4.59999999999999,13.5913834543032,13.4233392572171,9.64146266006948,9.97556608440755,56.5953624700172,56.1051566503951,0.234458260675932,0,0,0,0
3.68000000000001,4.23,13.4943426995324,13.5913834543032,9.54401938964992,9.64146266006948,55.8118139251778,56.5953624700172,0.604131732419482,0,0,0,0
3.43000000000001,3.68000000000001,13.5565535004222,13.4943426995324,9.17894750746954,9.54401938964992,55.6319545298955,55.8118139251778,0.224298545394849,0,0,0,0
2.84999999999999,3.43000000000001,13.4193556736403,13.5565535004222,9.04263843901188,9.17894750746954,55.528002145053,55.6319545298955,-0.172903457899903,0,0,0,0
2.15000000000001,2.84999999999999,13.4255128831737,13.4193556736403,9.13694540739258,9.04263843901188,57.8282441663903,55.528002145053,-0.295709351634354,0,0,0,-1
2.22,2.15000000000001,13.4955481475891,13.4255128831737,8.87243919554076,9.13694540739258,57.9806200318335,57.8282441663903,-0.119794702308202,0,0,0,0
2.87,2.22,13.2290645947082,13.4955481475891,8.93229547444115,8.87243919554076,58.4410175327757,57.9806200318335,0.292313451931442,0,0,0,1
3.52,2.87,14.0070263133481,13.2290645947082,8.70017760792821,8.93229547444115,57.0688086948242,58.4410175327757,-1.92325516729135,0,0,0,0
3.18000000000001,3.52,14.024427094378,14.0070263133481,7.59854907594248,8.70017760792821,56.6817774910478,57.0688086948242,0.637065780499267,0,0,0,0
3.68000000000001,3.18000000000001,14.181262195669,14.024427094378,7.90168651718147,7.59854907594248,56.9292601382728,56.6817774910478,0.0708645063531286,0,0,0,-1
3.92,3.68000000000001,14.1518680296818,14.181262195669,7.44560276473196,7.90168651718147,56.8716018887108,56.9292601382728,-0.442791343315005,0,0,0,1
4.48,3.92,14.0313476260147,14.1518680296818,7.30481709334763,7.44560276473196,57.9888148447763,56.8716018887108,-0.122485714305558,0,0,0,0
4.44,4.48,14.2602567989867,14.0313476260147,7.37960223271826,7.30481709334763,58.790793587257,57.9888148447763,-0.34995749061331,0,0,0,0
5.06,4.44,13.6885174185993,14.2602567989867,7.35336199319353,7.37960223271826,58.3429261436653,58.790793587257,4.79853379400944,0,0,0,0
5.43000000000001,5.06,13.8661731200283,13.6885174185993,7.43270687236296,7.35336199319353,58.7492117424815,58.3429261436653,-3.14136377945639,0,0,0,0
5.79000000000001,5.43000000000001,13.8678146465599,13.8661731200283,7.24127211749453,7.43270687236296,58.8358813849791,58.7492117424815,-0.558636367477391,0,0,0,0
6.34,5.79000000000001,13.8720811904578,13.8678146465599,7.43672817159749,7.24127211749453,60.2431071241767,58.8358813849791,0.0136584634519359,0,0,0,0
6.98999999999999,6.34,13.8386564341465,13.8720811904578,7.52825274826998,7.43672817159749,60.7746666198178,60.2431071241767,0.354806192694786,0,0,0,0
6.64,6.98999999999999,13.9075039758417,13.8386564341465,7.1675542183369,7.52825274826998,61.4850744540819,60.7746666198178,-0.525692826875712,0,0,0,1
6.53,6.64,14.0330758244054,13.9075039758417,7.41474219169615,7.1675542183369,61.6473069629009,61.4850744540819,0.853238759669049,0,0,0,-1
7.2,6.53,13.4615542300197,14.0330758244054,7.31611441745416,7.41474219169615,62.2930867025887,61.6473069629009,0.223469131078785,0,0,0,0
7.76000000000001,7.2,13.856872294249,13.4615542300197,7.16880588349707,7.31611441745416,63.0113861313285,62.2930867025887,-0.955130924869447,0,0,0,0
7.56999999999999,7.76000000000001,13.639947425815,13.856872294249,7.91843050418401,7.16880588349707,63.3763318171354,63.0113861313285,0.0285164784650451,0,0,0,0
7.87000000000001,7.56999999999999,13.5414879731564,13.639947425815,7.78411868132449,7.91843050418401,63.7451085610704,63.3763318171354,0.496396877265354,0,0,0,0
8.59999999999999,7.87000000000001,13.5869340420082,13.5414879731564,7.6352877641216,7.78411868132449,64.0413580532021,63.7451085610704,-0.146076127954611,0,0,0,0
9.63,8.59999999999999,13.521148088557,13.5869340420082,7.77012255324633,7.6352877641216,63.4771147432277,64.0413580532021,0.541858599931217,0,0,0,0
9.77,9.63,13.3871718487101,13.521148088557,7.8980911102291,7.77012255324633,62.8316440389623,63.4771147432277,-0.624837717399792,0,0,0,0
9.94,9.77,13.3596218012806,13.3871718487101,8.24082967386778,7.8980911102291,62.1409380755467,62.8316440389623,5.29167397660498,0,0,0,-1
10.18,9.94,12.8446127716648,13.3596218012806,8.34222810562118,8.24082967386778,64.8514137318395,62.1409380755467,-3.44916572281051,0,0,0,0
10.28,10.18,13.3961921895608,12.8446127716648,8.65040532249703,8.34222810562118,65.4753694647127,64.8514137318395,-2.73710325735289,0,0,0,1
19.54,10.28,14.2692778491917,13.3961921895608,8.79359248254164,8.65040532249703,64.2447557253105,65.4753694647127,-1.87338904480528,0,0,0,0
21.46,19.54,14.0972046259945,14.2692778491917,8.2092357753824,8.79359248254164,62.156866176239,64.2447557253105,2.73143325452513,0,0,0,0
20.41,21.46,14.1662592438514,14.0972046259945,6.33544413730854,8.2092357753824,61.1779041161127,62.156866176239,-0.724260211531156,0,0,0,0
19.17,20.41,14.6924908468415,14.1662592438514,6.74706777379758,6.33544413730854,60.5771878467252,61.1779041161127,2.8657128594502,0,0,0,0
18.02,19.17,14.4736219153147,14.6924908468415,6.60282094463623,6.74706777379758,60.7451872622867,60.5771878467252,-0.506434658915303,0,0,0,1
16.78,18.02,14.4691963651167,14.4736219153147,6.94769517735682,6.60282094463623,60.6473375549164,60.7451872622867,-0.921732476157693,0,0,0,-1
15.79,16.78,14.4436352362466,14.4691963651167,7.09820138479826,6.94769517735682,61.0991545622213,60.6473375549164,-0.176982568817097,0,0,0,0
14.1,15.79,14.3231892701193,14.4436352362466,8.2728353275372,7.09820138479826,60.0521380378139,61.0991545622213,-0.00987692322549982,0,0,0,0
13.58,14.1,14.546722816991,14.3231892701193,7.69296076394219,8.2728353275372,60.2558334329267,60.0521380378139,-2.08697942896877,0,0,0,0
12.73,13.58,14.3709205563196,14.546722816991,6.86106571607689,7.69296076394219,59.3084987874945,60.2558334329267,1.48234527551285,0,0,0,1
12.66,12.73,14.5174001136628,14.3709205563196,8.292424287617,6.86106571607689,60.5589194128842,59.3084987874945,-0.0858261368690396,0,0,0,-1
12.26,12.66,14.3680820177669,14.5174001136628,8.58215381568137,8.292424287617,60.600091147059,60.5589194128842,0.0855621893392779,0,0,0,0
3.06999999999999,12.26,14.1541931333183,14.3680820177669,8.70155091284123,8.58215381568137,61.2189965005085,60.600091147059,-0.0694924849490306,0,0,0,0
0.909999999999997,3.06999999999999,14.0524251327952,14.1541931333183,9.051606107834,8.70155091284123,62.2530091361219,61.2189965005085,-0.0150522367082608,0,0,0,1
0.980000000000004,0.909999999999997,13.5073069790175,14.0524251327952,8.99831086745877,9.051606107834,62.6796645945009,62.2530091361219,0.757592946502786,0,0,0,-1
1.67,0.980000000000004,13.5335692721714,13.5073069790175,9.07986044720703,8.99831086745877,63.1986568230521,62.6796645945009,2.4972290169703,0,0,0,0
2.97,1.67,13.2446575850197,13.5335692721714,8.44025536136264,9.07986044720703,63.4729072032027,63.1986568230521,-1.84168907065787,0,0,0,0
4.2,2.97,13.1268780042241,13.2446575850197,8.47616466818637,8.44025536136264,65.0573034024007,63.4729072032027,0.850895361256956,0,0,0,0
5.43000000000001,4.2,13.0145777300196,13.1268780042241,8.50352536906253,8.47616466818637,66.4692019845605,65.0573034024007,-3.24247020059627,0,0,0,0
6.23999999999999,5.43000000000001,12.7732971344245,13.0145777300196,9.51891068636012,8.50352536906253,65.7946715020178,66.4692019845605,2.21008655524883,0,0,0,0
7.02,6.23999999999999,12.8231103518563,12.7732971344245,8.81651747770516,9.51891068636012,65.9281115432001,65.7946715020178,-2.2378425154308,0,0,0,1
7.62999999999999,7.02,12.8229256101037,12.8231103518563,8.82208491392296,8.81651747770516,64.4045873935183,65.9281115432001,1.51933748883128,0,0,0,-1
7.86,7.62999999999999,12.9029223679431,12.8229256101037,9.75434591272087,8.82208491392296,65.1720646532565,64.4045873935183,-0.0387339306838328,0,0,0,0
7.55,7.86,12.8171571987663,12.9029223679431,10.5329306042934,9.75434591272087,64.8701399197333,65.1720646532565,-1.74209617894006,0,0,0,0
7.81999999999999,7.55,12.7264144695013,12.8171571987663,8.96544771259838,10.5329306042934,65.1342374613963,64.8701399197333,1.37820301786078,0,0,0,0
7.65000000000001,7.81999999999999,12.7124648525206,12.7264144695013,9.24640745243961,8.96544771259838,63.5672621059185,65.1342374613963,-0.147723243239266,0,0,0,0
8.18000000000001,7.65000000000001,12.3331641751853,12.7124648525206,8.61950170131539,9.24640745243961,63.9764418303422,63.5672621059185,1.99752624521402,0,0,0,0
8.45999999999999,8.18000000000001,12.4045990645115,12.3331641751853,8.4090125930812,8.61950170131539,64.5773149070863,63.9764418303422,-3.32207411321289,0,0,0,1
9.39,8.45999999999999,11.4637808246758,12.4045990645115,11.1274954464882,8.4090125930812,64.0734829954508,64.5773149070863,2.57929124483088,0,0,0,-1
9.18000000000001,9.39,11.4210049323992,11.4637808246758,9.71214472861695,11.1274954464882,63.9215781601273,64.0734829954508,1.37150917776396,0,0,0,0
8.86,9.18000000000001,11.4230405206941,11.4210049323992,11.3949730660263,9.71214472861695,63.2518675161087,63.9215781601273,-1.69837436785221,0,0,0,0
9.06999999999999,8.86,11.2565109679094,11.4230405206941,11.5455417436816,11.3949730660263,61.5248417514355,63.2518675161087,-0.0926841374253904,0,0,0,0
9.34,9.06999999999999,11.4173766553524,11.2565109679094,10.757625853654,11.5455417436816,58.4328517685408,61.5248417514355,0.0683155196827663,0,0,0,0
9.97,9.34,12.0641170559846,11.4173766553524,9.81749758073289,10.757625853654,56.2967692665947,58.4328517685408,0.0971594068581645,0,0,0,1
10.47,9.97,12.0413447484583,12.0641170559846,10.9277824885712,9.81749758073289,57.6767894341976,56.2967692665947,0.167552665291165,0,0,0,-1
11.08,10.47,12.3292518482249,12.0413447484583,8.94166317271736,10.9277824885712,56.8061594218995,57.6767894341976,-0.199229542945385,0,0,0,0
11.53,11.08,12.6056576240885,12.3292518482249,8.87723866110556,8.94166317271736,56.1907282367058,56.8061594218995,0.230801283085562,0,0,0,0
11.86,11.53,12.5215840329285,12.6056576240885,8.2220097980382,8.87723866110556,54.5662057522015,56.1907282367058,-0.910546663580597,0,0,0,0
11.46,11.86,12.5815958852108,12.5215840329285,8.29643316160776,8.2220097980382,53.9778752204372,54.5662057522015,-1.10175622401147,0,0,0,0
10.79,11.46,13.0213906373202,12.5815958852108,10.1521198833512,8.29643316160776,53.3347868651565,53.9778752204372,1.65838241362351,0,0,0,0
9.75,10.79,12.1727610714458,13.0213906373202,8.29433094915075,10.1521198833512,52.260460718199,53.3347868651565,-0.694869746936615,0,0,0,0
9.44,9.75,12.1874019340655,12.1727610714458,8.35052100413701,8.29433094915075,52.2626549099991,52.260460718199,0.241865546751328,0,0,0,1
9.02,9.44,12.3182783831225,12.1874019340655,10.0103567051157,8.35052100413701,51.882163877624,52.2626549099991,0.47542100114168,0,0,0,-1
5.86,0,13.5782699123893,0,10.2290345109614,0,57.1908301257085,0,-0.233318385153751,0,-0.233318385153751,0,0
6.09,5.86,13.5499829140559,13.5782699123893,10.500661996271,10.2290345109614,56.962312768544,57.1908301257085,0.0463141473731241,0,0.0463141473731241,0,0
6.31,6.09,13.4502489905373,13.5499829140559,10.7095562210001,10.500661996271,55.7127161140082,56.962312768544,-0.35785203631988,0,-0.35785203631988,0,0
6.04000000000001,6.31,13.4123989922676,13.4502489905373,10.6957845382116,10.7095562210001,55.3917919122966,55.7127161140082,-0.084639006412992,0,-0.084639006412992,0,1
6.22,6.04000000000001,13.1417937524918,13.4123989922676,10.4643029807898,10.6957845382116,55.4065828088024,55.3917919122966,0.224833048530936,0,0.224833048530936,0,-1
6.12999999999999,6.22,13.4082325530816,13.1417937524918,10.287535087149,10.4643029807898,54.1340314213701,55.4065828088024,-0.0873685308722294,0,-0.0873685308722294,0,0
6.45,6.12999999999999,13.4977157858012,13.4082325530816,10.0368291277811,10.287535087149,54.332841960022,54.1340314213701,-0.544289851517746,0,-0.544289851517746,0,0
5.37999999999999,6.45,13.7004780375501,13.4977157858012,9.78988615927398,10.0368291277811,54.7366819947673,54.332841960022,0.234458260675932,0,0.234458260675932,0,0
4.87000000000001,5.37999999999999,13.6012918201251,13.7004780375501,9.54413586681743,9.78988615927398,53.7672787730927,54.7366819947673,0.604131732419482,0,0.604131732419482,0,0
4.47,4.87000000000001,13.6187759641166,13.6012918201251,9.37502981522149,9.54413586681743,53.785923822058,53.7672787730927,0.224298545394849,0,0.224298545394849,0,0
4.08,4.47,13.5005798614093,13.6187759641166,9.24097230778353,9.37502981522149,54.1404021289815,53.785923822058,-0.172903457899903,0,-0.172903457899903,0,0
3.47,4.08,13.4453109435149,13.5005798614093,9.05294674006321,9.24097230778353,56.7650026752332,54.1404021289815,-0.295709351634354,0,-0.295709351634354,0,-1
3.27,3.47,13.5743618530504,13.4453109435149,9.06162940799709,9.05294674006321,56.8942018753752,56.7650026752332,-0.119794702308202,0,-0.119794702308202,0,0
3.06,3.27,13.3540371203528,13.5743618530504,9.02123186266123,9.06162940799709,57.2500749928934,56.8942018753752,0.292313451931442,0,0.292313451931442,0,1
3.93000000000001,3.06,14.2401977194981,13.3540371203528,8.92641986612585,9.02123186266123,57.2080252978267,57.2500749928934,-1.92325516729135,0,-1.92325516729135,0,0
4.26000000000001,3.93000000000001,14.2083413903955,14.2401977194981,8.10802303245046,8.92641986612585,56.9765653481651,57.2080252978267,0.637065780499267,0,0.637065780499267,0,0
3.53,4.26000000000001,14.3689255134586,14.2083413903955,8.07497997144753,8.10802303245046,56.9814577418116,56.9765653481651,0.0708645063531286,0,0.0708645063531286,0,-1
3.47,3.53,14.2775964523508,14.3689255134586,7.77222953404971,8.07497997144753,55.7058430207476,56.9814577418116,-0.442791343315005,0,-0.442791343315005,0,1
3.48999999999999,3.47,14.1377432503461,14.2775964523508,7.59427726816254,7.77222953404971,56.3726626025506,55.7058430207476,-0.122485714305558,0,-0.122485714305558,0,0
3.84999999999999,3.48999999999999,14.3644787760972,14.1377432503461,7.6697953584404,7.59427726816254,56.9562144665416,56.3726626025506,-0.34995749061331,0,-0.34995749061331,0,0
4.06,3.84999999999999,13.715996774203,14.3644787760972,7.63698119879361,7.6697953584404,56.791260766045,56.9562144665416,4.79853379400944,0,4.79853379400944,0,0
4.8,4.06,13.8651049722912,13.715996774203,7.60491879800267,7.63698119879361,56.8151408233009,56.791260766045,-3.14136377945639,0,-3.14136377945639,0,0
5.09,4.8,13.9140637420675,13.8651049722912,7.64882912436643,7.60491879800267,56.5211145319897,56.8151408233009,-0.558636367477391,0,-0.558636367477391,0,0
5.37000000000001,5.09,13.9352066261645,13.9140637420675,7.62172780529802,7.64882912436643,58.0771461649584,56.5211145319897,0.0136584634519359,0,0.0136584634519359,0,0
6.19,5.37000000000001,13.9012399339145,13.9352066261645,7.47803263232621,7.62172780529802,58.5447244227804,58.0771461649584,0.354806192694786,0,0.354806192694786,0,0
6.81999999999999,6.19,14.00094760059,13.9012399339145,7.40993461730698,7.47803263232621,59.5734829363524,58.5447244227804,-0.525692826875712,0,-0.525692826875712,0,1
6.01000000000001,6.81999999999999,14.1427542913547,14.00094760059,7.59345684018094,7.40993461730698,60.6491640514147,59.5734829363524,0.853238759669049,0,0.853238759669049,0,-1
6.19,6.01000000000001,13.4982062837528,14.1427542913547,7.72368792781325,7.59345684018094,61.9309022644284,60.6491640514147,0.223469131078785,0,0.223469131078785,0,0
6.53,6.19,13.9787539302565,13.4982062837528,7.49544112527968,7.72368792781325,62.7310710000387,61.9309022644284,-0.955130924869447,0,-0.955130924869447,0,0
6.7,6.53,13.805197371145,13.9787539302565,7.77055762150791,7.49544112527968,63.25346152137,62.7310710000387,0.0285164784650451,0,0.0285164784650451,0,0
6.98,6.7,13.7151560346241,13.805197371145,7.88740951837808,7.77055762150791,64.3330530405992,63.25346152137,0.496396877265354,0,0.496396877265354,0,0
7.52,6.98,13.8049399963593,13.7151560346241,8.09916162745817,7.88740951837808,65.0857526271268,64.3330530405992,-0.146076127954611,0,-0.146076127954611,0,0
8.26000000000001,7.52,13.7284704462142,13.8049399963593,8.11017426806511,8.09916162745817,65.1872976225785,65.0857526271268,0.541858599931217,0,0.541858599931217,0,0
8.68000000000001,8.26000000000001,13.5508395933022,13.7284704462142,8.20159856439804,8.11017426806511,64.4988086299745,65.1872976225785,-0.624837717399792,0,-0.624837717399792,0,0
8.87,8.68000000000001,13.5116323433268,13.5508395933022,8.46906441266178,8.20159856439804,64.5908483995059,64.4988086299745,5.29167397660498,0,5.29167397660498,0,-1
9.38,8.87,12.934958720196,13.5116323433268,8.63437600788973,8.46906441266178,65.7810322392816,64.5908483995059,-3.44916572281051,0,-3.44916572281051,0,0
9.48,9.38,13.2236223019018,12.934958720196,8.97466640729397,8.63437600788973,66.0511067624493,65.7810322392816,-2.73710325735289,0,-2.73710325735289,0,1
17.04,9.48,14.1354272500649,13.2236223019018,8.98430093542537,8.97466640729397,64.6483816826811,66.0511067624493,-1.87338904480528,0,-1.87338904480528,0,0
18.98,17.04,13.9083758250936,14.1354272500649,9.40104339800495,8.98430093542537,61.7071087961636,64.6483816826811,2.73143325452513,0,2.73143325452513,0,0
18.5,18.98,13.9698568880668,13.9083758250936,8.74484868882124,9.40104339800495,60.7975831612519,61.7071087961636,-0.724260211531156,0,-0.724260211531156,0,0
18.74,18.5,14.6565456983383,13.9698568880668,8.13824426393316,8.74484868882124,60.414353565298,60.7975831612519,2.8657128594502,0,2.8657128594502,0,0
18.11,18.74,14.3893970194242,14.6565456983383,8.07484809290217,8.13824426393316,60.8779349958174,60.414353565298,-0.506434658915303,0,-0.506434658915303,0,1
16.75,18.11,14.4432001379237,14.3893970194242,8.00502784597223,8.07484809290217,60.6624317590439,60.8779349958174,-0.921732476157693,0,-0.921732476157693,0,-1
16.23,16.75,14.4422462651724,14.4432001379237,8.24504219345036,8.00502784597223,60.9531318737993,60.6624317590439,-0.176982568817097,0,-0.176982568817097,0,0
15.39,16.23,14.3335347934213,14.4422462651724,8.42646104827668,8.24504219345036,59.3997880433562,60.9531318737993,-0.00987692322549982,0,-0.00987692322549982,0,0
14.76,15.39,14.6060480548144,14.3335347934213,8.59474947684738,8.42646104827668,59.3271787961787,59.3997880433562,-2.08697942896877,0,-2.08697942896877,0,0
14.65,14.76,14.3695604429533,14.6060480548144,8.37369638149586,8.59474947684738,59.2381588142382,59.3271787961787,1.48234527551285,0,1.48234527551285,0,1
14.21,14.65,14.5088292431192,14.3695604429533,9.04847983029613,8.37369638149586,61.158471906437,59.2381588142382,-0.0858261368690396,0,-0.0858261368690396,0,-1
13.06,14.21,14.3575411664261,14.5088292431192,8.99016117711039,9.04847983029613,60.9529438294975,61.158471906437,0.0855621893392779,0,0.0855621893392779,0,0
5.31,13.06,14.147074153076,14.3575411664261,8.89326494623242,8.99016117711039,61.4397296778446,60.9529438294975,-0.0694924849490306,0,-0.0694924849490306,0,0
3.41,5.31,13.9867509848758,14.147074153076,9.21028765830581,8.89326494623242,61.1046668964473,61.4397296778446,-0.0150522367082608,0,-0.0150522367082608,0,1
3.47,3.41,13.3090687848348,13.9867509848758,9.09464649070617,9.21028765830581,61.6085112762935,61.1046668964473,0.757592946502786,0,0.757592946502786,0,-1
3.77,3.47,13.3212118395441,13.3090687848348,8.97929565319014,9.09464649070617,62.2977036239115,61.6085112762935,2.4972290169703,0,2.4972290169703,0,0
4.23,3.77,13.0531964644044,13.3212118395441,8.93914278862983,8.97929565319014,61.9000309009621,62.2977036239115,-1.84168907065787,0,-1.84168907065787,0,0
5.12000000000001,4.23,12.9286692812171,13.0531964644044,8.6471351743945,8.93914278862983,63.1677774765786,61.9000309009621,0.850895361256956,0,0.850895361256956,0,0
6.56999999999999,5.12000000000001,12.8640513028918,12.9286692812171,8.42015769319569,8.6471351743945,64.2188671276735,63.1677774765786,-3.24247020059627,0,-3.24247020059627,0,0
7.47,6.56999999999999,12.6742581578696,12.8640513028918,9.15522337669988,8.42015769319569,64.0800865754203,64.2188671276735,2.21008655524883,0,2.21008655524883,0,0
8.09999999999999,7.47,12.7352386865418,12.6742581578696,8.66488736025538,9.15522337669988,64.1785380982098,64.0800865754203,-2.2378425154308,0,-2.2378425154308,0,1
8.20999999999999,8.09999999999999,12.8358588763944,12.7352386865418,8.54285528478192,8.66488736025538,62.8356891002326,64.1785380982098,1.51933748883128,0,1.51933748883128,0,-1
8.45999999999999,8.20999999999999,12.9459394046815,12.8358588763944,9.06546129286867,8.54285528478192,64.2028840343981,62.8356891002326,-0.0387339306838328,0,-0.0387339306838328,0,0
9.8,8.45999999999999,12.8084549477824,12.9459394046815,9.60543488528236,9.06546129286867,63.7709377477522,64.2028840343981,-1.74209617894006,0,-1.74209617894006,0,0
8.95,9.8,12.7070091954929,12.8084549477824,9.10071755210038,9.60543488528236,63.3643311975815,63.7709377477522,1.37820301786078,0,1.37820301786078,0,0
9.40000000000001,8.95,12.6988594263998,12.7070091954929,9.37738560948845,9.10071755210038,62.8824107804898,63.3643311975815,-0.147723243239266,0,-0.147723243239266,0,0
9.22,9.40000000000001,12.318519805782,12.6988594263998,8.89301893385767,9.37738560948845,62.8535693758532,62.8824107804898,1.99752624521402,0,1.99752624521402,0,0
8.94,9.22,12.4461027619954,12.318519805782,8.21172888914226,8.89301893385767,63.3787599799163,62.8535693758532,-3.32207411321289,0,-3.32207411321289,0,1
10.3,8.94,11.4175272085164,12.4461027619954,10.7280525569726,8.21172888914226,62.1829457318191,63.3787599799163,2.57929124483088,0,2.57929124483088,0,-1
9.45,10.3,11.3803965771218,11.4175272085164,9.81921077887004,10.7280525569726,62.2331343338821,62.1829457318191,1.37150917776396,0,1.37150917776396,0,0
9.09,9.45,11.3847406125389,11.3803965771218,9.52961749728107,9.81921077887004,61.7138345660186,62.2331343338821,-1.69837436785221,0,-1.69837436785221,0,0
8.25,9.09,11.2451968130391,11.3847406125389,10.6891863145522,9.52961749728107,59.5676801208967,61.7138345660186,-0.0926841374253904,0,-0.0926841374253904,0,0
8.23999999999999,8.25,11.415456222323,11.2451968130391,9.80677951109155,10.6891863145522,56.9645189118884,59.5676801208967,0.0683155196827663,0,0.0683155196827663,0,0
8.70999999999999,8.23999999999999,12.1302339732509,11.415456222323,9.43315147694892,9.80677951109155,54.8349547825809,56.9645189118884,0.0971594068581645,0,0.0971594068581645,0,1
9.36,8.70999999999999,12.1284121647718,12.1302339732509,10.1560761062148,9.43315147694892,55.6973656747596,54.8349547825809,0.167552665291165,0,0.167552665291165,0,-1
8.79000000000001,9.36,12.4219975257325,12.1284121647718,8.24325689653943,10.1560761062148,54.8872167603422,55.6973656747596,-0.199229542945385,0,-0.199229542945385,0,0
9.81,8.79000000000001,12.6951011172111,12.4219975257325,8.66487001419845,8.24325689653943,54.7043384395955,54.8872167603422,0.230801283085562,0,0.230801283085562,0,0
9.84,9.81,12.6430186727614,12.6951011172111,8.05044435859938,8.66487001419845,53.9102870891953,54.7043384395955,-0.910546663580597,0,-0.910546663580597,0,0
9.95,9.84,12.7519408418619,12.6430186727614,8.00683879989044,8.05044435859938,53.4795314557176,53.9102870891953,-1.10175622401147,0,-1.10175622401147,0,0
9.58,9.95,13.189691066598,12.7519408418619,7.86738964294991,8.00683879989044,52.7240809190056,53.4795314557176,1.65838241362351,0,1.65838241362351,0,0
7.97,9.58,12.2539579887976,13.189691066598,7.59019065344242,7.86738964294991,51.9823859279116,52.7240809190056,-0.694869746936615,0,-0.694869746936615,0,0
8.45,7.97,12.288897525868,12.2539579887976,8.01346602510797,7.59019065344242,52.0357569508703,51.9823859279116,0.241865546751328,0,0.241865546751328,0,1
7.65000000000001,8.45,12.3421959679211,12.288897525868,8.59771750096684,8.01346602510797,51.7126041711556,52.0357569508703,0.47542100114168,0,0.47542100114168,0,-1
5.06999999999999,0,14.3257871607834,0,10.3139140167061,0,34.0474433579368,0,-0.233318385153751,0,0,0,0
5.56,5.06999999999999,14.3283119071983,14.3257871607834,10.5144864337044,10.3139140167061,34.6426849748669,34.0474433579368,0.0463141473731241,0,0,0,0
5.65000000000001,5.56,14.2531986173138,14.3283119071983,10.5883807717295,10.5144864337044,35.4756588681882,34.6426849748669,-0.35785203631988,0,0,0,0
6.12000000000001,5.65000000000001,14.2342393371485,14.2531986173138,10.5558454893884,10.5883807717295,35.7040510402579,35.4756588681882,-0.084639006412992,0,0,0,1
5.02,6.12000000000001,13.7581109161272,14.2342393371485,10.2022883999751,10.5558454893884,35.8024343110984,35.7040510402579,0.224833048530936,0,0,0,-1
4.81,5.02,14.0590392219396,13.7581109161272,10.3117848251898,10.2022883999751,34.5444847698475,35.8024343110984,-0.0873685308722294,0,0,0,0
4.68000000000001,4.81,14.4905929900143,14.0590392219396,10.0632902464117,10.3117848251898,34.8933876646441,34.5444847698475,-0.544289851517746,0,0,0,0
4.66,4.68000000000001,14.5938114824018,14.4905929900143,9.90597955825144,10.0632902464117,35.157992476268,34.8933876646441,0.234458260675932,0,0,0,0
4.89,4.66,14.5427165778697,14.5938114824018,9.57967864647525,9.90597955825144,36.3298790616689,35.157992476268,0.604131732419482,0,0,0,0
4.39,4.89,14.5833525173408,14.5427165778697,9.30563254688217,9.57967864647525,36.5202343962354,36.3298790616689,0.224298545394849,0,0,0,0
3.69,4.39,14.3483942138915,14.5833525173408,9.23717873592865,9.30563254688217,36.5435611445531,36.5202343962354,-0.172903457899903,0,0,0,0
3.03,3.69,14.2750526440787,14.3483942138915,9.08172737057103,9.23717873592865,37.3343138322198,36.5435611445531,-0.295709351634354,0,0,0,-1
2.70999999999999,3.03,14.3997580586959,14.2750526440787,8.82020941603088,9.08172737057103,37.4204290590858,37.3343138322198,-0.119794702308202,0,0,0,0
2.84,2.70999999999999,14.0683599210266,14.3997580586959,9.01232258607354,8.82020941603088,37.6956625302209,37.4204290590858,0.292313451931442,0,0,0,1
3.56999999999999,2.84,14.8242953741024,14.0683599210266,8.79417962244845,9.01232258607354,35.8395816614659,37.6956625302209,-1.92325516729135,0,0,0,0
3.14,3.56999999999999,14.5011998074256,14.8242953741024,7.25738813412129,8.79417962244845,35.2485890586452,35.8395816614659,0.637065780499267,0,0,0,0
3.56999999999999,3.14,14.6504511050129,14.5011998074256,7.99707249993427,7.25738813412129,35.2171311299873,35.2485890586452,0.0708645063531286,0,0,0,-1
3.5,3.56999999999999,14.6342998996628,14.6504511050129,7.46652785577568,7.99707249993427,34.4199185601032,35.2171311299873,-0.442791343315005,0,0,0,1
3.79000000000001,3.5,14.4614250677875,14.6342998996628,7.13255741698127,7.46652785577568,34.977295725313,34.4199185601032,-0.122485714305558,0,0,0,0
4.26000000000001,3.79000000000001,14.7230599072285,14.4614250677875,7.38244571516633,7.13255741698127,35.1656191634232,34.977295725313,-0.34995749061331,0,0,0,0
4.47,4.26000000000001,14.1379855360859,14.7230599072285,7.17627104863604,7.38244571516633,35.9573644907286,35.1656191634232,4.79853379400944,0,0,0,0
4.87000000000001,4.47,14.2972878759262,14.1379855360859,7.37487491541069,7.17627104863604,36.2584867806866,35.9573644907286,-3.14136377945639,0,0,0,0
5.39,4.87000000000001,14.192179401858,14.2972878759262,7.05943952723749,7.37487491541069,36.3861204127698,36.2584867806866,-0.558636367477391,0,0,0,0
5.48999999999999,5.39,14.2773520318042,14.192179401858,6.66369334020601,7.05943952723749,37.6610819377991,36.3861204127698,0.0136584634519359,0,0,0,0
6.16,5.48999999999999,14.2277042972955,14.2773520318042,6.59412958947204,6.66369334020601,38.0140422343248,37.6610819377991,0.354806192694786,0,0,0,0
6.83,6.16,14.2622477388547,14.2277042972955,6.47707277808085,6.59412958947204,38.4674606120734,38.0140422343248,-0.525692826875712,0,0,0,1
6.37000000000001,6.83,14.3939391987739,14.2622477388547,6.99490167333684,6.47707277808085,38.0860525286286,38.4674606120734,0.853238759669049,0,0,0,-1
6.69,6.37000000000001,13.7676399363474,14.3939391987739,7.26723615425199,6.99490167333684,38.5742320627862,38.0860525286286,0.223469131078785,0,0,0,0
7.27,6.69,14.1173545803001,13.7676399363474,6.95965455243148,7.26723615425199,39.5149888787165,38.5742320627862,-0.955130924869447,0,0,0,0
7.66,7.27,13.8887381143917,14.1173545803001,7.28039091744912,6.95965455243148,40.2756243518197,39.5149888787165,0.0285164784650451,0,0,0,0
7.72,7.66,13.726305511043,13.8887381143917,7.70147782730891,7.28039091744912,41.0234263307342,40.2756243518197,0.496396877265354,0,0,0,0
8.37,7.72,13.8118250151384,13.726305511043,7.83313767462488,7.70147782730891,41.5628490043358,41.0234263307342,-0.146076127954611,0,0,0,0
8.83,8.37,13.6642940762407,13.8118250151384,7.80857360368545,7.83313767462488,42.791530512334,41.5628490043358,0.541858599931217,0,0,0,0
8.91,8.83,13.6069489021312,13.6642940762407,8.26466088563074,7.80857360368545,43.1046876573297,42.791530512334,-0.624837717399792,0,0,0,0
8.17,8.91,13.659138661356,13.6069489021312,8.29441419258313,8.26466088563074,44.0836483531111,43.1046876573297,5.29167397660498,0,0,0,-1
8.84,8.17,13.1378843297577,13.659138661356,8.70960909288053,8.29441419258313,43.8169052641901,44.0836483531111,-3.44916572281051,0,0,0,0
8.73,8.84,13.8651557718749,13.1378843297577,8.87791727720741,8.70960909288053,44.1734758256556,43.8169052641901,-2.73710325735289,0,0,0,1
13.29,8.73,14.6980952227481,13.8651557718749,9.044476343914,8.87791727720741,43.6858501029799,44.1734758256556,-1.87338904480528,0,0,0,0
16,13.29,14.5120145970826,14.6980952227481,8.45842590454245,9.044476343914,42.229918418937,43.6858501029799,2.73143325452513,0,0,0,0
16.31,16,14.5461480636926,14.5120145970826,6.01047448828705,8.45842590454245,41.7005698284983,42.229918418937,-0.724260211531156,0,0,0,0
14.88,16.31,15.0849634369359,14.5461480636926,6.51182621502486,6.01047448828705,41.2445147167854,41.7005698284983,2.8657128594502,0,0,0,0
13.75,14.88,14.836931291428,15.0849634369359,6.96823207651891,6.51182621502486,42.6386934265901,41.2445147167854,-0.506434658915303,0,0,0,1
12.92,13.75,14.7690678974935,14.836931291428,7.31202904892487,6.96823207651891,42.6743711698086,42.6386934265901,-0.921732476157693,0,0,0,-1
12.46,12.92,14.715520983146,14.7690678974935,7.73041620852764,7.31202904892487,43.1198263305987,42.6743711698086,-0.176982568817097,0,0,0,0
12.17,12.46,14.5883262807365,14.715520983146,8.53409317007609,7.73041620852764,43.5305141053931,43.1198263305987,-0.00987692322549982,0,0,0,0
11.51,12.17,14.7979710440605,14.5883262807365,7.73725842856211,8.53409317007609,43.8964707204004,43.5305141053931,-2.08697942896877,0,0,0,0
11.9,11.51,14.5635217170047,14.7979710440605,7.51605424366131,7.73725842856211,43.9531374254556,43.8964707204004,1.48234527551285,0,0,0,1
11.8,11.9,14.6872581244663,14.5635217170047,9.32319717471915,7.51605424366131,45.5153666817822,43.9531374254556,-0.0858261368690396,0,0,0,-1
11.59,11.8,14.5284275656087,14.6872581244663,8.50503375282364,9.32319717471915,45.5568666060055,45.5153666817822,0.0855621893392779,0,0,0,0
6.14,11.59,14.3728663123571,14.5284275656087,9.0765656627798,8.50503375282364,45.8456418895461,45.5568666060055,-0.0694924849490306,0,0,0,0
3.51000000000001,6.14,14.2942621732934,14.3728663123571,9.33662368058799,9.0765656627798,46.4540417164973,45.8456418895461,-0.0150522367082608,0,0,0,1
2.55,3.51000000000001,13.6791514867709,14.2942621732934,9.95477349092066,9.33662368058799,46.9478576830048,46.4540417164973,0.757592946502786,0,0,0,-1
3.69,2.55,13.7282982563251,13.6791514867709,9.95499300884337,9.95477349092066,47.3239111945662,46.9478576830048,2.4972290169703,0,0,0,0
5.03,3.69,13.4796832964646,13.7282982563251,9.41825073856134,9.95499300884337,47.8346676605328,47.3239111945662,-1.84168907065787,0,0,0,0
5.56,5.03,13.3612087235242,13.4796832964646,8.95809491789088,9.41825073856134,49.1017601690757,47.8346676605328,0.850895361256956,0,0,0,0
7.05,5.56,13.2767114730851,13.3612087235242,8.8903702857676,8.95809491789088,50.2084903532897,49.1017601690757,-3.24247020059627,0,0,0,0
6.84,7.05,12.9532694425612,13.2767114730851,9.80649231071815,8.8903702857676,50.8314549527106,50.2084903532897,2.21008655524883,0,0,0,0
7.34,6.84,13.0234663965447,12.9532694425612,9.60249533075909,9.80649231071815,51.0724537545882,50.8314549527106,-2.2378425154308,0,0,0,1
7.05,7.34,12.9499291491014,13.0234663965447,8.59390555152599,9.60249533075909,50.2672525593198,51.0724537545882,1.51933748883128,0,0,0,-1
6.77,7.05,13.0239162794992,12.9499291491014,10.8597540734138,8.59390555152599,50.1229487365583,50.2672525593198,-0.0387339306838328,0,0,0,0
6.54000000000001,6.77,12.9680476622581,13.0239162794992,10.0663701408869,10.8597540734138,50.1073277887645,50.1229487365583,-1.74209617894006,0,0,0,0
6.68000000000001,6.54000000000001,12.8981606900325,12.9680476622581,8.98582133583215,10.0663701408869,50.3256690640336,50.1073277887645,1.37820301786078,0,0,0,0
6.31999999999999,6.68000000000001,12.8788698372807,12.8981606900325,9.69075699864308,8.98582133583215,49.9446112356305,50.3256690640336,-0.147723243239266,0,0,0,0
7.59,6.31999999999999,12.4755034916511,12.8788698372807,9.06861094643288,9.69075699864308,50.3502859797921,49.9446112356305,1.99752624521402,0,0,0,0
7.33,7.59,12.565106364143,12.4755034916511,7.99154129802693,9.06861094643288,50.6740129024174,50.3502859797921,-3.32207411321289,0,0,0,1
7.94,7.33,11.6418323828582,12.565106364143,11.1772494420547,7.99154129802693,49.6235684231728,50.6740129024174,2.57929124483088,0,0,0,-1
8.09999999999999,7.94,11.573809757777,11.6418323828582,10.5912604130364,11.1772494420547,49.8837122429623,49.6235684231728,1.37150917776396,0,0,0,0
6.91,8.09999999999999,11.561263087206,11.573809757777,11.5345635324346,10.5912604130364,49.5519299022947,49.8837122429623,-1.69837436785221,0,0,0,0
7.48999999999999,6.91,11.3517725920896,11.561263087206,12.0760233345082,11.5345635324346,49.0681743284456,49.5519299022947,-0.0926841374253904,0,0,0,0
8.31,7.48999999999999,11.455464143494,11.3517725920896,10.6044732423369,12.0760233345082,46.6610490193539,49.0681743284456,0.0683155196827663,0,0,0,0
8.98,8.31,12.0610610982551,11.455464143494,10.2766943787421,10.6044732423369,45.2187475072808,46.6610490193539,0.0971594068581645,0,0,0,1
8.95,8.98,12.1417086873187,12.0610610982551,12.58039119589,10.2766943787421,42.9856537772889,45.2187475072808,0.167552665291165,0,0,0,-1
9.83,8.95,12.4353930812268,12.1417086873187,8.69591399557417,12.58039119589,42.4381647785252,42.9856537772889,-0.199229542945385,0,0,0,0
10.13,9.83,12.6878202102737,12.4353930812268,8.0953626103019,8.69591399557417,42.036628290431,42.4381647785252,0.230801283085562,0,0,0,0
10.3,10.13,12.6169775365675,12.6878202102737,6.87776434684814,8.0953626103019,41.3676692111532,42.036628290431,-0.910546663580597,0,0,0,0
9.2,10.3,12.6710780857332,12.6169775365675,6.91635159648727,6.87776434684814,41.1426085793263,41.3676692111532,-1.10175622401147,0,0,0,0
8.95999999999999,9.2,13.0834098024819,12.6710780857332,6.82194813073274,6.91635159648727,40.6007319461166,41.1426085793263,1.65838241362351,0,0,0,0
8.19,8.95999999999999,12.294175867684,13.0834098024819,7.32030793554617,6.82194813073274,39.8331457342214,40.6007319461166,-0.694869746936615,0,0,0,0
7.48,8.19,12.3131481637626,12.294175867684,7.58631051070505,7.32030793554617,39.8540318423589,39.8331457342214,0.241865546751328,0,0,0,1
7.87999999999999,7.48,12.3613249270975,12.3131481637626,7.88987248525291,7.58631051070505,39.5394152368699,39.8540318423589,0.47542100114168,0,0,0,-1
5.7,0,13.8291097723493,0,10.1655108861849,0,57.3469020615646,0,-0.233318385153751,-0.233318385153751,0,0,0
6.06999999999999,5.7,13.7817887788616,13.8291097723493,10.2601885428567,10.1655108861849,58.1136662053227,57.3469020615646,0.0463141473731241,0.0463141473731241,0,0,0
5.78,6.06999999999999,13.6742475251637,13.7817887788616,10.5420054847324,10.2601885428567,57.7223181708591,58.1136662053227,-0.35785203631988,-0.35785203631988,0,0,0
6.14,5.78,13.5986353271948,13.6742475251637,10.4000861551525,10.5420054847324,58.5283797907254,57.7223181708591,-0.084639006412992,-0.084639006412992,0,0,1
5.2,6.14,13.3526450004553,13.5986353271948,10.2537404167486,10.4000861551525,59.2635924024722,58.5283797907254,0.224833048530936,0.224833048530936,0,0,-1
5.43000000000001,5.2,13.4650167598135,13.3526450004553,10.2085989539378,10.2537404167486,61.3425159761651,59.2635924024722,-0.0873685308722294,-0.0873685308722294,0,0,0
5.16,5.43000000000001,13.7275583399052,13.4650167598135,9.77300064841823,10.2085989539378,62.2190845722594,61.3425159761651,-0.544289851517746,-0.544289851517746,0,0,0
4.3,5.16,13.8626323291096,13.7275583399052,9.60146272265208,9.77300064841823,62.951546053563,62.2190845722594,0.234458260675932,0.234458260675932,0,0,0
3.87,4.3,13.7661117175689,13.8626323291096,9.2409399559994,9.60146272265208,61.704498726639,62.951546053563,0.604131732419482,0.604131732419482,0,0,0
3.63,3.87,13.7467126975424,13.7661117175689,9.23633166083129,9.2409399559994,62.3526444926614,61.704498726639,0.224298545394849,0.224298545394849,0,0,0
2.76000000000001,3.63,13.7071058313292,13.7467126975424,9.06654208608035,9.23633166083129,62.0515308335286,62.3526444926614,-0.172903457899903,-0.172903457899903,0,0,0
2.09999999999999,2.76000000000001,13.7391559529907,13.7071058313292,8.91565247413194,9.06654208608035,63.1842706839548,62.0515308335286,-0.295709351634354,-0.295709351634354,0,0,-1
2.28,2.09999999999999,13.8766612399888,13.7391559529907,8.77249210089561,8.91565247413194,63.5898584900057,63.1842706839548,-0.119794702308202,-0.119794702308202,0,0,0
2.51000000000001,2.28,13.6579356943291,13.8766612399888,8.70656979101189,8.77249210089561,64.1409571656193,63.5898584900057,0.292313451931442,0.292313451931442,0,0,1
3.02,2.51000000000001,14.2590094033078,13.6579356943291,8.17717384069639,8.70656979101189,63.9745461688978,64.1409571656193,-1.92325516729135,-1.92325516729135,0,0,0
2.63,3.02,14.1798628737965,14.2590094033078,7.56759297784288,8.17717384069639,63.9515443988902,63.9745461688978,0.637065780499267,0.637065780499267,0,0,0
3.27,2.63,14.2866797983964,14.1798628737965,7.56036622896218,7.56759297784288,64.9734320319424,63.9515443988902,0.0708645063531286,0.0708645063531286,0,0,-1
3.98,3.27,14.2340331695608,14.2866797983964,7.2571379904916,7.56036622896218,65.8021363879187,64.9734320319424,-0.442791343315005,-0.442791343315005,0,0,1
4.79000000000001,3.98,14.1766208389384,14.2340331695608,7.12081112568889,7.2571379904916,66.5140138498092,65.8021363879187,-0.122485714305558,-0.122485714305558,0,0,0
4.41,4.79000000000001,14.3192757999201,14.1766208389384,7.13180084746674,7.12081112568889,67.1621870919615,66.5140138498092,-0.34995749061331,-0.34995749061331,0,0,0
4.53,4.41,13.8589919596791,14.3192757999201,7.24955490233326,7.13180084746674,66.6588061956343,67.1621870919615,4.79853379400944,4.79853379400944,0,0,0
5.01000000000001,4.53,13.9193133270989,13.8589919596791,7.30379420193179,7.24955490233326,66.3981498217034,66.6588061956343,-3.14136377945639,-3.14136377945639,0,0,0
5.14,5.01000000000001,13.9361669747964,13.9193133270989,7.00481040605007,7.30379420193179,66.0687442995539,66.3981498217034,-0.558636367477391,-0.558636367477391,0,0,0
5.25,5.14,13.9397664435624,13.9361669747964,6.93141899872682,7.00481040605007,66.7068809557915,66.0687442995539,0.0136584634519359,0.0136584634519359,0,0,0
6.2,5.25,13.8982261901181,13.9397664435624,6.80914229933189,6.93141899872682,67.5651532350493,66.7068809557915,0.354806192694786,0.354806192694786,0,0,0
5.76000000000001,6.2,13.9850933578381,13.8982261901181,6.90423885059841,6.80914229933189,68.6910374459979,67.5651532350493,-0.525692826875712,-0.525692826875712,0,0,1
6.33,5.76000000000001,13.9942752522679,13.9850933578381,7.10760636039802,6.90423885059841,68.4085944897077,68.6910374459979,0.853238759669049,0.853238759669049,0,0,-1
7.04000000000001,6.33,13.632822325166,13.9942752522679,7.18603529569735,7.10760636039802,69.3609138675742,68.4085944897077,0.223469131078785,0.223469131078785,0,0,0
7.25,7.04000000000001,14.0065099359323,13.632822325166,6.97900134903671,7.18603529569735,70.2749719803563,69.3609138675742,-0.955130924869447,-0.955130924869447,0,0,0
7.22,7.25,13.8794256114942,14.0065099359323,7.43709531488711,6.97900134903671,69.3179754928486,70.2749719803563,0.0285164784650451,0.0285164784650451,0,0,0
7.31999999999999,7.22,13.7873330336141,13.8794256114942,7.5734769447993,7.43709531488711,70.2075681212511,69.3179754928486,0.496396877265354,0.496396877265354,0,0,0
8.39,7.31999999999999,13.7951022722515,13.7873330336141,7.73843070908068,7.5734769447993,70.6060198578409,70.2075681212511,-0.146076127954611,-0.146076127954611,0,0,0
9.18000000000001,8.39,13.7859764485496,13.7951022722515,7.71701070016742,7.73843070908068,71.5459230074127,70.6060198578409,0.541858599931217,0.541858599931217,0,0,0
9.43000000000001,9.18000000000001,13.6533026948936,13.7859764485496,7.76488910109599,7.71701070016742,71.0111871307929,71.5459230074127,-0.624837717399792,-0.624837717399792,0,0,0
9.48999999999999,9.43000000000001,13.6245088236879,13.6533026948936,7.8841764789609,7.76488910109599,70.7328609909747,71.0111871307929,5.29167397660498,5.29167397660498,0,0,-1
9.38,9.48999999999999,13.1091749895956,13.6245088236879,8.21949052587912,7.8841764789609,71.6599571298472,70.7328609909747,-3.44916572281051,-3.44916572281051,0,0,0
9.06,9.38,13.668689337611,13.1091749895956,8.37969046370613,8.21949052587912,72.0193645415896,71.6599571298472,-2.73710325735289,-2.73710325735289,0,0,1
19.41,9.06,14.4997188252122,13.668689337611,8.42056264461015,8.37969046370613,70.7741587013051,72.0193645415896,-1.87338904480528,-1.87338904480528,0,0,0
18.41,19.41,14.348562835657,14.4997188252122,8.835296549621,8.42056264461015,69.1780836822281,70.7741587013051,2.73143325452513,2.73143325452513,0,0,0
17.38,18.41,14.5625079369877,14.348562835657,7.14496506529694,8.835296549621,68.335467208974,69.1780836822281,-0.724260211531156,-0.724260211531156,0,0,0
16.61,17.38,15.1387635375569,14.5625079369877,7.39348397781236,7.14496506529694,67.7120247899663,68.335467208974,2.8657128594502,2.8657128594502,0,0,0
15.67,16.61,14.9127707825891,15.1387635375569,7.7323753498966,7.39348397781236,66.7592558595493,67.7120247899663,-0.506434658915303,-0.506434658915303,0,0,1
14.63,15.67,14.9650647094408,14.9127707825891,7.72973202140339,7.7323753498966,66.6033855776741,66.7592558595493,-0.921732476157693,-0.921732476157693,0,0,-1
13.71,14.63,14.9160393173755,14.9650647094408,7.34336665542328,7.72973202140339,66.8772607186491,66.6033855776741,-0.176982568817097,-0.176982568817097,0,0,0
12.03,13.71,14.8145611424948,14.9160393173755,8.10721740569811,7.34336665542328,66.7318612768464,66.8772607186491,-0.00987692322549982,-0.00987692322549982,0,0,0
11.59,12.03,14.9993182221254,14.8145611424948,8.00164629109801,8.10721740569811,66.8190810007389,66.7318612768464,-2.08697942896877,-2.08697942896877,0,0,0
12.92,11.59,14.7465988817821,14.9993182221254,7.55549783326714,8.00164629109801,66.6585575572548,66.8190810007389,1.48234527551285,1.48234527551285,0,0,1
12.94,12.92,14.9209959127607,14.7465988817821,8.43624386291802,7.55549783326714,65.796534105723,66.6585575572548,-0.0858261368690396,-0.0858261368690396,0,0,-1
12.27,12.94,14.8009333755288,14.9209959127607,8.17336825565712,8.43624386291802,65.8563041415204,65.796534105723,0.0855621893392779,0.0855621893392779,0,0,0
2.56,12.27,14.5711945836868,14.8009333755288,8.14040374979758,8.17336825565712,66.6207898545802,65.8563041415204,-0.0694924849490306,-0.0694924849490306,0,0,0
2.3,2.56,14.4411673048269,14.5711945836868,8.42445232508754,8.14040374979758,66.0125076367234,66.6207898545802,-0.0150522367082608,-0.0150522367082608,0,0,1
2.58,2.3,13.9103745688924,14.4411673048269,8.36674096833496,8.42445232508754,66.3322040577304,66.0125076367234,0.757592946502786,0.757592946502786,0,0,-1
3.63,2.58,13.9231733550896,13.9103745688924,8.27695225976774,8.36674096833496,66.6270687677457,66.3322040577304,2.4972290169703,2.4972290169703,0,0,0
4.54000000000001,3.63,13.6776487256336,13.9231733550896,8.01284039094367,8.27695225976774,66.2070922332896,66.6270687677457,-1.84168907065787,-1.84168907065787,0,0,0
5.73,4.54000000000001,13.6067187250005,13.6776487256336,7.92834025491512,8.01284039094367,67.0274033538888,66.2070922332896,0.850895361256956,0.850895361256956,0,0,0
6.87999999999999,5.73,13.4671287112378,13.6067187250005,7.78826552136286,7.92834025491512,68.0063211354902,67.0274033538888,-3.24247020059627,-3.24247020059627,0,0,0
7.87999999999999,6.87999999999999,13.1614476468627,13.4671287112378,7.7510375136084,7.78826552136286,68.9043209021566,68.0063211354902,2.21008655524883,2.21008655524883,0,0,0
8.87,7.87999999999999,13.2366703384669,13.1614476468627,7.88525670233459,7.7510375136084,69.017742316085,68.9043209021566,-2.2378425154308,-2.2378425154308,0,0,1
8.16,8.87,13.1612447934365,13.2366703384669,7.59321381828997,7.88525670233459,68.1540341307998,69.017742316085,1.51933748883128,1.51933748883128,0,0,-1
7.89,8.16,13.2340478493422,13.1612447934365,8.12903204268538,7.59321381828997,68.0894443884075,68.1540341307998,-0.0387339306838328,-0.0387339306838328,0,0,0
8.5,7.89,13.1706179623894,13.2340478493422,9.00031156449287,8.12903204268538,67.6895443697725,68.0894443884075,-1.74209617894006,-1.74209617894006,0,0,0
8.3,8.5,13.0785866796652,13.1706179623894,8.3436673599731,9.00031156449287,67.8763549365644,67.6895443697725,1.37820301786078,1.37820301786078,0,0,0
9.37,8.3,13.0009435678798,13.0785866796652,8.0532606971085,8.3436673599731,65.5549591244222,67.8763549365644,-0.147723243239266,-0.147723243239266,0,0,0
10.01,9.37,12.5808709984425,13.0009435678798,8.23483231235192,8.0532606971085,65.7042958880396,65.5549591244222,1.99752624521402,1.99752624521402,0,0,0
10.24,10.01,12.624941219697,12.5808709984425,7.17551454832679,8.23483231235192,66.621084028847,65.7042958880396,-3.32207411321289,-3.32207411321289,0,0,1
11.18,10.24,11.8345767947958,12.624941219697,9.5005625966982,7.17551454832679,65.3831329922665,66.621084028847,2.57929124483088,2.57929124483088,0,0,-1
10.12,11.18,11.8157322157347,11.8345767947958,8.48212448093228,9.5005625966982,65.0983563995534,65.3831329922665,1.37150917776396,1.37150917776396,0,0,0
9.61,10.12,11.8262793102054,11.8157322157347,8.41473301793096,8.48212448093228,64.2736472489733,65.0983563995534,-1.69837436785221,-1.69837436785221,0,0,0
9.86,9.61,11.6289938966277,11.8262793102054,9.88792283764349,8.41473301793096,63.7737088590898,64.2736472489733,-0.0926841374253904,-0.0926841374253904,0,0,0
9.66,9.86,11.8042229504714,11.6289938966277,8.8288323221717,9.88792283764349,61.4858925688871,63.7737088590898,0.0683155196827663,0.0683155196827663,0,0,0
10.34,9.66,12.3286437455397,11.8042229504714,9.13232097385222,8.8288323221717,59.2650998741263,61.4858925688871,0.0971594068581645,0.0971594068581645,0,0,1
11.31,10.34,12.4269025486721,12.3286437455397,8.44981441760922,9.13232097385222,61.1434622616876,59.2650998741263,0.167552665291165,0.167552665291165,0,0,-1
11.99,11.31,12.7144025635377,12.4269025486721,7.83074161622007,8.44981441760922,60.1351035339859,61.1434622616876,-0.199229542945385,-0.199229542945385,0,0,0
12.48,11.99,13.0278169441872,12.7144025635377,7.70395387856425,7.83074161622007,59.4507896099134,60.1351035339859,0.230801283085562,0.230801283085562,0,0,0
12.38,12.48,12.9405107177952,13.0278169441872,6.95768380979585,7.70395387856425,60.6573600964902,59.4507896099134,-0.910546663580597,-0.910546663580597,0,0,0
12.13,12.38,13.0033662875088,12.9405107177952,7.34495384172517,6.95768380979585,60.1925772824302,60.6573600964902,-1.10175622401147,-1.10175622401147,0,0,0
11.81,12.13,13.4669376669701,13.0033662875088,7.62656755880809,7.34495384172517,59.2556041370075,60.1925772824302,1.65838241362351,1.65838241362351,0,0,0
10.39,11.81,12.6827782270217,13.4669376669701,7.29886774708985,7.62656755880809,58.3517745715045,59.2556041370075,-0.694869746936615,-0.694869746936615,0,0,0
10.79,10.39,12.7610432032785,12.6827782270217,7.35394523072259,7.29886774708985,58.2783744621373,58.3517745715045,0.241865546751328,0.241865546751328,0,0,1
9.97,10.79,12.8496842221596,12.7610432032785,8.09894303656129,7.35394523072259,58.0152350863491,58.2783744621373,0.47542100114168,0.47542100114168,0,0,-1
5.5,0,13.6060202567585,0,10.1526030770359,0,51.6154722171633,0,-0.233318385153751,0,0,0,0
5.5,5.5,13.6279930820033,13.6060202567585,10.4715707205745,10.1526030770359,52.2461618750461,51.6154722171633,0.0463141473731241,0,0,0,0
5.59,5.5,13.5294609380384,13.6279930820033,10.5574834149243,10.4715707205745,53.4611997928278,52.2461618750461,-0.35785203631988,0,0,0,0
5.06,5.59,13.4917223610798,13.5294609380384,10.4877393078494,10.5574834149243,54.0610683423931,53.4611997928278,-0.084639006412992,0,0,0,1
4.52,5.06,13.2409174276761,13.4917223610798,10.244895932424,10.4877393078494,54.3220721683237,54.0610683423931,0.224833048530936,0,0,0,-1
4.42,4.52,13.5292834595497,13.2409174276761,10.2828379464171,10.244895932424,54.3267707941756,54.3220721683237,-0.0873685308722294,0,0,0,0
4.02,4.42,13.6500621038068,13.5292834595497,9.77023308291563,10.2828379464171,54.8665796462181,54.3267707941756,-0.544289851517746,0,0,0,0
3.84999999999999,4.02,13.8168063874149,13.6500621038068,9.58644897726025,9.77023308291563,55.3931566515102,54.8665796462181,0.234458260675932,0,0,0,0
3.28,3.84999999999999,13.7282890351201,13.8168063874149,9.35642863720657,9.58644897726025,54.0534461287294,55.3931566515102,0.604131732419482,0,0,0,0
3.23999999999999,3.28,13.7537118167223,13.7282890351201,9.2071626421566,9.35642863720657,54.4437475085964,54.0534461287294,0.224298545394849,0,0,0,0
2.66,3.23999999999999,13.644416533175,13.7537118167223,9.05325719984463,9.2071626421566,54.530265780484,54.4437475085964,-0.172903457899903,0,0,0,0
1.67,2.66,13.5969082106114,13.644416533175,8.96725645959422,9.05325719984463,55.424679148888,54.530265780484,-0.295709351634354,0,0,0,-1
2.01000000000001,1.67,13.7272736953025,13.5969082106114,8.88605069773785,8.96725645959422,55.7773615020899,55.424679148888,-0.119794702308202,0,0,0,0
2.28,2.01000000000001,13.4397564117021,13.7272736953025,8.77802432220269,8.88605069773785,56.3227824450747,55.7773615020899,0.292313451931442,0,0,0,1
3.31,2.28,14.2671096863412,13.4397564117021,8.32073513073869,8.77802432220269,55.8202395165953,56.3227824450747,-1.92325516729135,0,0,0,0
3.39,3.31,14.2438322219794,14.2671096863412,6.93426752967479,8.32073513073869,55.3295161185962,55.8202395165953,0.637065780499267,0,0,0,0
3.7,3.39,14.4100414980882,14.2438322219794,7.57934988737406,6.93426752967479,55.7418672978924,55.3295161185962,0.0708645063531286,0,0,0,-1
3.81,3.7,14.3776792217039,14.4100414980882,7.28075161680246,7.57934988737406,55.6455419890233,55.7418672978924,-0.442791343315005,0,0,0,1
4.3,3.81,14.2332320141632,14.3776792217039,7.2263481162418,7.28075161680246,56.4709500785502,55.6455419890233,-0.122485714305558,0,0,0,0
4.09999999999999,4.3,14.4335060713227,14.2332320141632,7.35051684524434,7.2263481162418,57.1433340998881,56.4709500785502,-0.34995749061331,0,0,0,0
5,4.09999999999999,13.8301147330252,14.4335060713227,7.29665833552877,7.35051684524434,57.3813088887306,57.1433340998881,4.79853379400944,0,0,0,0
5.05,5,14.0061598336281,13.8301147330252,7.39187526846287,7.29665833552877,57.6287455884536,57.3813088887306,-3.14136377945639,0,0,0,0
5.72,5.05,14.0100437603735,14.0061598336281,7.2237096365784,7.39187526846287,57.6258201717543,57.6287455884536,-0.558636367477391,0,0,0,0
6.42,5.72,14.0406473909878,14.0100437603735,7.02340395841096,7.2237096365784,57.0281872559684,57.6258201717543,0.0136584634519359,0,0,0,0
6.73999999999999,6.42,14.0242409688185,14.0406473909878,7.10255590392276,7.02340395841096,57.3440967648849,57.0281872559684,0.354806192694786,0,0,0,0
6.95,6.73999999999999,14.1221034859929,14.0242409688185,7.15703910131941,7.10255590392276,57.8715969821227,57.3440967648849,-0.525692826875712,0,0,0,1
5.94,6.95,14.2482509141985,14.1221034859929,7.25544374886521,7.15703910131941,58.6736892895499,57.8715969821227,0.853238759669049,0,0,0,-1
6.75,5.94,13.645782255955,14.2482509141985,7.26430035986564,7.25544374886521,59.4224599459814,58.6736892895499,0.223469131078785,0,0,0,0
7.33,6.75,14.0585291884017,13.645782255955,7.16905883955548,7.26430035986564,59.9198686320588,59.4224599459814,-0.955130924869447,0,0,0,0
7.34999999999999,7.33,13.8901528238463,14.0585291884017,7.68342718883868,7.16905883955548,61.0435113303127,59.9198686320588,0.0285164784650451,0,0,0,0
7.12999999999999,7.34999999999999,13.7878056375507,13.8901528238463,7.64048523996345,7.68342718883868,61.92184030395,61.0435113303127,0.496396877265354,0,0,0,0
8.25,7.12999999999999,13.8644021937238,13.7878056375507,7.70455553466232,7.64048523996345,62.5326349523465,61.92184030395,-0.146076127954611,0,0,0,0
8.98,8.25,13.803405000919,13.8644021937238,7.86253989299014,7.70455553466232,62.1395444552639,62.5326349523465,0.541858599931217,0,0,0,0
9.25,8.98,13.6682031934435,13.803405000919,7.70740505076296,7.86253989299014,62.197144560277,62.1395444552639,-0.624837717399792,0,0,0,0
8.86,9.25,13.6345564085603,13.6682031934435,8.05223659140758,7.70740505076296,62.5874543442887,62.197144560277,5.29167397660498,0,0,0,-1
9.48,8.86,13.0903883420795,13.6345564085603,8.59762639806004,8.05223659140758,63.2662941632931,62.5874543442887,-3.44916572281051,0,0,0,0
9.94,9.48,13.3779120445535,13.0903883420795,8.76725158674797,8.59762639806004,63.8252986717216,63.2662941632931,-2.73710325735289,0,0,0,1
19.31,9.94,14.3102678195601,13.3779120445535,8.85583103813067,8.76725158674797,62.9116088304582,63.8252986717216,-1.87338904480528,0,0,0,0
21.82,19.31,14.1981664361449,14.3102678195601,7.855764900652,8.85583103813067,61.0077217338535,62.9116088304582,2.73143325452513,0,0,0,0
20.92,21.82,14.3231640229229,14.1981664361449,5.8056435833023,7.855764900652,60.3369414072954,61.0077217338535,-0.724260211531156,0,0,0,0
19.65,20.92,14.9712002000595,14.3231640229229,6.12867376601519,5.8056435833023,60.0609747811698,60.3369414072954,2.8657128594502,0,0,0,0
18.97,19.65,14.7201133084763,14.9712002000595,6.81236118506666,6.12867376601519,60.7524684397504,60.0609747811698,-0.506434658915303,0,0,0,1
18.3,18.97,14.7599265028576,14.7201133084763,6.96908701747773,6.81236118506666,60.9158416386281,60.7524684397504,-0.921732476157693,0,0,0,-1
17.11,18.3,14.7599432287796,14.7599265028576,6.75928011904697,6.96908701747773,61.4801200440117,60.9158416386281,-0.176982568817097,0,0,0,0
15.85,17.11,14.6670063030554,14.7599432287796,8.17067449443311,6.75928011904697,62.8662763415366,61.4801200440117,-0.00987692322549982,0,0,0,0
15.38,15.85,14.9266853450941,14.6670063030554,7.85675278915026,8.17067449443311,62.9955402316635,62.8662763415366,-2.08697942896877,0,0,0,0
15.62,15.38,14.6791767412365,14.9266853450941,6.96345255551019,7.85675278915026,63.1830121104261,62.9955402316635,1.48234527551285,0,0,0,1
14.99,15.62,14.8430130725167,14.6791767412365,8.67078559324898,6.96345255551019,61.428407415056,63.1830121104261,-0.0858261368690396,0,0,0,-1
14.04,14.99,14.6809000120715,14.8430130725167,8.43478753120755,8.67078559324898,61.3739907817351,61.428407415056,0.0855621893392779,0,0,0,0
5,14.04,14.4968145160289,14.6809000120715,8.59368517494214,8.43478753120755,62.0257926321538,61.3739907817351,-0.0694924849490306,0,0,0,0
2.73999999999999,5,14.3811284359085,14.4968145160289,8.86682585516354,8.59368517494214,62.9747299823819,62.0257926321538,-0.0150522367082608,0,0,0,1
3.09999999999999,2.73999999999999,13.7515581188675,14.3811284359085,8.58077181915245,8.86682585516354,63.4040553236488,62.9747299823819,0.757592946502786,0,0,0,-1
3.34999999999999,3.09999999999999,13.7441297246002,13.7515581188675,9.00401231436985,8.58077181915245,63.9494166966503,63.4040553236488,2.4972290169703,0,0,0,0
4.93000000000001,3.34999999999999,13.4609871825893,13.7441297246002,8.57849115529745,9.00401231436985,66.9898601187931,63.9494166966503,-1.84168907065787,0,0,0,0
5.68000000000001,4.93000000000001,13.3463557522769,13.4609871825893,8.31505812209993,8.57849115529745,68.0304036682299,66.9898601187931,0.850895361256956,0,0,0,0
6.78,5.68000000000001,13.2649767348279,13.3463557522769,8.29676721803603,8.31505812209993,69.1408832152146,68.0304036682299,-3.24247020059627,0,0,0,0
7.08,6.78,13.0564875592966,13.2649767348279,8.51756750216495,8.29676721803603,68.1218236092842,69.1408832152146,2.21008655524883,0,0,0,0
8.05,7.08,13.0828458037851,13.0564875592966,8.8141272573757,8.51756750216495,68.2631181719989,68.1218236092842,-2.2378425154308,0,0,0,1
8.05,8.05,13.1291813110743,13.0828458037851,8.23099896613956,8.8141272573757,67.0465413660741,68.2631181719989,1.51933748883128,0,0,0,-1
7.47,8.05,13.2114123868756,13.1291813110743,9.04615519929965,8.23099896613956,68.3385014339289,67.0465413660741,-0.0387339306838328,0,0,0,0
7.95,7.47,13.0976335788458,13.2114123868756,9.79768642909686,9.04615519929965,67.9113432884337,68.3385014339289,-1.74209617894006,0,0,0,0
7.84999999999999,7.95,13.0153458798268,13.0976335788458,8.72178231200615,9.79768642909686,68.0152587058639,67.9113432884337,1.37820301786078,0,0,0,0
8.09,7.84999999999999,12.9910895186903,13.0153458798268,8.9002441265118,8.72178231200615,66.2818598168857,68.0152587058639,-0.147723243239266,0,0,0,0
8.3,8.09,12.5977272367691,12.9910895186903,8.45562860814645,8.9002441265118,66.5215983646783,66.2818598168857,1.99752624521402,0,0,0,0
8.98999999999999,8.3,12.7302337997637,12.5977272367691,7.83176093966278,8.45562860814645,66.9023797567774,66.5215983646783,-3.32207411321289,0,0,0,1
9.34999999999999,8.98999999999999,11.738385909489,12.7302337997637,10.8147502752349,7.83176093966278,65.6799768006449,66.9023797567774,2.57929124483088,0,0,0,-1
9.27,9.34999999999999,11.7165736205889,11.738385909489,9.61843248770468,10.8147502752349,65.3535385703718,65.6799768006449,1.37150917776396,0,0,0,0
9.12,9.27,11.7227776823558,11.7165736205889,9.31971690895154,9.61843248770468,64.5957829051216,65.3535385703718,-1.69837436785221,0,0,0,0
8.31,9.12,11.5599772281022,11.7227776823558,10.0245167245496,9.31971690895154,60.8518214548891,64.5957829051216,-0.0926841374253904,0,0,0,0
8.58,8.31,11.6997285875989,11.5599772281022,9.2267243256409,10.0245167245496,57.9778842333788,60.8518214548891,0.0683155196827663,0,0,0,0
9.11,8.58,12.3468796914554,11.6997285875989,8.88665967772124,9.2267243256409,55.6036669840336,57.9778842333788,0.0971594068581645,0,0,0,1
9.98,9.11,12.3300073753109,12.3468796914554,8.59291224328264,8.88665967772124,58.1128024207635,55.6036669840336,0.167552665291165,0,0,0,-1
9.79000000000001,9.98,12.6202875100573,12.3300073753109,7.52820579809694,8.59291224328264,57.1508075762941,58.1128024207635,-0.199229542945385,0,0,0,0
9.89,9.79000000000001,12.8869978501401,12.6202875100573,7.81111368608493,7.52820579809694,56.2875037891387,57.1508075762941,0.230801283085562,0,0,0,0
9.73999999999999,9.89,12.7986413403788,12.8869978501401,7.84014237507333,7.81111368608493,56.81104268606,56.2875037891387,-0.910546663580597,0,0,0,0
9.45,9.73999999999999,12.8742523588815,12.7986413403788,7.91318518581306,7.84014237507333,56.2137517902206,56.81104268606,-1.10175622401147,0,0,0,0
9.23999999999999,9.45,13.3621189367913,12.8742523588815,8.2709708300655,7.91318518581306,55.4136868484028,56.2137517902206,1.65838241362351,0,0,0,0
8.14,9.23999999999999,12.3874658369727,13.3621189367913,7.89772759602074,8.2709708300655,54.2481164325318,55.4136868484028,-0.694869746936615,0,0,0,0
7.83,8.14,12.4138960931066,12.3874658369727,8.38584673904827,7.89772759602074,54.1183883236133,54.2481164325318,0.241865546751328,0,0,0,1
7.55,7.83,12.447301881519,12.4138960931066,8.36810977889265,8.38584673904827,53.7746425797734,54.1183883236133,0.47542100114168,0,0,0,-1
4.36,0,13.3608556092468,0,10.3037540530628,0,32.7909913486746,0,-0.233318385153751,0,-0.233318385153751,0,0
4.31999999999999,4.36,13.327946638558,13.3608556092468,10.6409338560348,10.3037540530628,33.2352152570604,32.7909913486746,0.0463141473731241,0,0.0463141473731241,0,0
4.28,4.31999999999999,13.2179437353026,13.327946638558,10.6258684434357,10.6409338560348,33.972803973262,33.2352152570604,-0.35785203631988,0,-0.35785203631988,0,0
4,4.28,13.1873750654187,13.2179437353026,10.687040724746,10.6258684434357,34.1273844909338,33.972803973262,-0.084639006412992,0,-0.084639006412992,0,1
3.92,4,12.9653205894669,13.1873750654187,10.6645678782208,10.687040724746,34.5226058854652,34.1273844909338,0.224833048530936,0,0.224833048530936,0,-1
3.48999999999999,3.92,13.1651290909317,12.9653205894669,10.3185750505637,10.6645678782208,35.0480073473344,34.5226058854652,-0.0873685308722294,0,-0.0873685308722294,0,0
3.55,3.48999999999999,13.2212654283456,13.1651290909317,10.2661173046678,10.3185750505637,35.2880842553243,35.0480073473344,-0.544289851517746,0,-0.544289851517746,0,0
3.02,3.55,13.3968501017302,13.2212654283456,9.70557514485862,10.2661173046678,35.3287269695758,35.2880842553243,0.234458260675932,0,0.234458260675932,0,0
3.06999999999999,3.02,13.3136035780106,13.3968501017302,9.84418664980565,9.70557514485862,35.486401638829,35.3287269695758,0.604131732419482,0,0.604131732419482,0,0
2.84,3.06999999999999,13.3202614348604,13.3136035780106,9.38048436130463,9.84418664980565,35.9192403438138,35.486401638829,0.224298545394849,0,0.224298545394849,0,0
2.53,2.84,13.2195215213524,13.3202614348604,9.29331204964127,9.38048436130463,35.9271671815954,35.9192403438138,-0.172903457899903,0,-0.172903457899903,0,0
2.22,2.53,13.2937782468134,13.2195215213524,9.12607751378194,9.29331204964127,36.2183274669813,35.9271671815954,-0.295709351634354,0,-0.295709351634354,0,-1
1.92,2.22,13.3753175251378,13.2937782468134,8.79501625951295,9.12607751378194,36.5023651233738,36.2183274669813,-0.119794702308202,0,-0.119794702308202,0,0
1.56999999999999,1.92,13.1074738478352,13.3753175251378,8.87138425964389,8.79501625951295,36.8575164115423,36.5023651233738,0.292313451931442,0,0.292313451931442,0,1
1.90000000000001,1.56999999999999,13.9533432577666,13.1074738478352,8.43917256909842,8.87138425964389,36.4837250955706,36.8575164115423,-1.92325516729135,0,-1.92325516729135,0,0
2.06999999999999,1.90000000000001,13.9284365501406,13.9533432577666,7.9087653986175,8.43917256909842,36.3053977361194,36.4837250955706,0.637065780499267,0,0.637065780499267,0,0
2.22,2.06999999999999,14.070437285945,13.9284365501406,7.86704959749276,7.9087653986175,36.3095097899174,36.3053977361194,0.0708645063531286,0,0.0708645063531286,0,-1
2.84,2.22,13.9617153141921,14.070437285945,7.56935480119317,7.86704959749276,37.0820265346689,36.3095097899174,-0.442791343315005,0,-0.442791343315005,0,1
3.03,2.84,13.8107394017821,13.9617153141921,7.3417667948711,7.56935480119317,37.7929684237454,37.0820265346689,-0.122485714305558,0,-0.122485714305558,0,0
2.83,3.03,14.030234593416,13.8107394017821,7.4621868800094,7.3417667948711,38.3889636041614,37.7929684237454,-0.34995749061331,0,-0.34995749061331,0,0
2.90000000000001,2.83,13.4045424833292,14.030234593416,7.31270287303777,7.4621868800094,39.3065430068533,38.3889636041614,4.79853379400944,0,4.79853379400944,0,0
2.94,2.90000000000001,13.5576609389273,13.4045424833292,7.62063021135893,7.31270287303777,39.655121481814,39.3065430068533,-3.14136377945639,0,-3.14136377945639,0,0
3.33,2.94,13.7037594887864,13.5576609389273,7.29381087052411,7.62063021135893,39.6487327038457,39.655121481814,-0.558636367477391,0,-0.558636367477391,0,0
3.36,3.33,13.700402060945,13.7037594887864,7.32721258783609,7.29381087052411,40.5399254448969,39.6487327038457,0.0136584634519359,0,0.0136584634519359,0,0
3.83,3.36,13.6770007176378,13.700402060945,7.35258658296237,7.32721258783609,40.9629643218788,40.5399254448969,0.354806192694786,0,0.354806192694786,0,0
4.55,3.83,13.8354367074105,13.6770007176378,7.23245874670344,7.35258658296237,41.6725018874329,40.9629643218788,-0.525692826875712,0,-0.525692826875712,0,1
4.56999999999999,4.55,13.9756616455348,13.8354367074105,7.47006690809374,7.23245874670344,41.5052902077313,41.6725018874329,0.853238759669049,0,0.853238759669049,0,-1
4.69,4.56999999999999,13.3351543664063,13.9756616455348,7.49909824746845,7.47006690809374,42.1491769463831,41.5052902077313,0.223469131078785,0,0.223469131078785,0,0
4.92,4.69,13.829907242938,13.3351543664063,7.23102413554253,7.49909824746845,42.8025145549985,42.1491769463831,-0.955130924869447,0,-0.955130924869447,0,0
5.26000000000001,4.92,13.6195981293613,13.829907242938,7.93926787615395,7.23102413554253,43.2568080274652,42.8025145549985,0.0285164784650451,0,0.0285164784650451,0,0
5.45999999999999,5.26000000000001,13.5560398049351,13.6195981293613,7.69533463994692,7.93926787615395,43.9524681710236,43.2568080274652,0.496396877265354,0,0.496396877265354,0,0
5.81999999999999,5.45999999999999,13.6750532110478,13.5560398049351,8.2493437899258,7.69533463994692,43.6547471369375,43.9524681710236,-0.146076127954611,0,-0.146076127954611,0,0
5.95999999999999,5.81999999999999,13.5989209310868,13.6750532110478,7.79977292866324,8.2493437899258,43.8987892870701,43.6547471369375,0.541858599931217,0,0.541858599931217,0,0
6.52,5.95999999999999,13.3983488835469,13.5989209310868,8.16596178109955,7.79977292866324,44.0082156186868,43.8987892870701,-0.624837717399792,0,-0.624837717399792,0,0
6.69,6.52,13.3476525332537,13.3983488835469,8.15575345370537,8.16596178109955,44.181131651051,44.0082156186868,5.29167397660498,0,5.29167397660498,0,-1
7.61,6.69,12.7582865241783,13.3476525332537,8.04432693048353,8.15575345370537,45.5065839674007,44.181131651051,-3.44916572281051,0,-3.44916572281051,0,0
7.52,7.61,12.9872780647839,12.7582865241783,7.9527354533274,8.04432693048353,46.0376473524145,45.5065839674007,-2.73710325735289,0,-2.73710325735289,0,1
11.38,7.52,13.8499386165766,12.9872780647839,8.56879333443363,7.9527354533274,45.7761018420681,46.0376473524145,-1.87338904480528,0,-1.87338904480528,0,0
13.1,11.38,13.6468489480232,13.8499386165766,6.49109383856306,8.56879333443363,45.0138091346458,45.7761018420681,2.73143325452513,0,2.73143325452513,0,0
13.5,13.1,13.73674068429,13.6468489480232,7.59955734155523,6.49109383856306,44.1328072866039,45.0138091346458,-0.724260211531156,0,-0.724260211531156,0,0
13.61,13.5,14.3938619013323,13.73674068429,7.14116284607305,7.59955734155523,43.0918142485438,44.1328072866039,2.8657128594502,0,2.8657128594502,0,0
13.04,13.61,14.0961057957184,14.3938619013323,7.13118779437468,7.14116284607305,42.5662084538178,43.0918142485438,-0.506434658915303,0,-0.506434658915303,0,1
12.98,13.04,14.1289729494447,14.0961057957184,7.74610133706215,7.13118779437468,42.4963692148468,42.5662084538178,-0.921732476157693,0,-0.921732476157693,0,-1
12.9,12.98,14.1028930005024,14.1289729494447,7.2833376023003,7.74610133706215,43.5873539418127,42.4963692148468,-0.176982568817097,0,-0.176982568817097,0,0
12.68,12.9,13.9578376166117,14.1028930005024,7.23929895696349,7.2833376023003,46.5777763408537,43.5873539418127,-0.00987692322549982,0,-0.00987692322549982,0,0
12.3,12.68,14.2824594252766,13.9578376166117,8.02913522147023,7.23929895696349,47.0205630049878,46.5777763408537,-2.08697942896877,0,-2.08697942896877,0,0
12.23,12.3,14.0427066504848,14.2824594252766,7.35697187719394,8.02913522147023,46.6606377709328,47.0205630049878,1.48234527551285,0,1.48234527551285,0,1
11.88,12.23,14.1491021641989,14.0427066504848,8.37034093369353,7.35697187719394,46.0620702517914,46.6606377709328,-0.0858261368690396,0,-0.0858261368690396,0,-1
11.92,11.88,13.9969440444052,14.1491021641989,8.82221025890308,8.37034093369353,46.2112862843275,46.0620702517914,0.0855621893392779,0,0.0855621893392779,0,0
7.90000000000001,11.92,13.7684135015265,13.9969440444052,8.78967184812321,8.82221025890308,46.4771787968653,46.2112862843275,-0.0694924849490306,0,-0.0694924849490306,0,0
6.26000000000001,7.90000000000001,13.6214539133541,13.7684135015265,9.06632316887281,8.78967184812321,45.2220872212585,46.4771787968653,-0.0150522367082608,0,-0.0150522367082608,0,1
5.72,6.26000000000001,12.9662107787834,13.6214539133541,9.02846305816674,9.06632316887281,45.9323226913015,45.2220872212585,0.757592946502786,0,0.757592946502786,0,-1
5.65000000000001,5.72,12.9858873546717,12.9662107787834,8.80570262049082,9.02846305816674,47.4116603285088,45.9323226913015,2.4972290169703,0,2.4972290169703,0,0
6.11,5.65000000000001,12.7176283288232,12.9858873546717,8.5253935003143,8.80570262049082,46.6396264949254,47.4116603285088,-1.84168907065787,0,-1.84168907065787,0,0
5.94,6.11,12.5939141891155,12.7176283288232,7.96331231458191,8.5253935003143,46.7647216504146,46.6396264949254,0.850895361256956,0,0.850895361256956,0,0
6.53,5.94,12.5871406612808,12.5939141891155,8.17199636209596,7.96331231458191,46.7748384885157,46.7647216504146,-3.24247020059627,0,-3.24247020059627,0,0
7.18000000000001,6.53,12.4310743431095,12.5871406612808,8.50993858029252,8.17199636209596,46.5552199175737,46.7748384885157,2.21008655524883,0,2.21008655524883,0,0
7.70999999999999,7.18000000000001,12.520394806367,12.4310743431095,8.53478038381591,8.50993858029252,46.7037809104216,46.5552199175737,-2.2378425154308,0,-2.2378425154308,0,1
7.78,7.70999999999999,12.6564414474949,12.520394806367,8.5936852163556,8.53478038381591,45.2450803512844,46.7037809104216,1.51933748883128,0,1.51933748883128,0,-1
7.59999999999999,7.78,12.7628728593142,12.6564414474949,8.05340189234036,8.5936852163556,46.3283726774126,45.2450803512844,-0.0387339306838328,0,-0.0387339306838328,0,0
7.93000000000001,7.59999999999999,12.620031358957,12.7628728593142,10.241877127166,8.05340189234036,46.0228672545256,46.3283726774126,-1.74209617894006,0,-1.74209617894006,0,0
7.75,7.93000000000001,12.5297370846074,12.620031358957,8.87107347117575,10.241877127166,46.0933986665762,46.0228672545256,1.37820301786078,0,1.37820301786078,0,0
8.23999999999999,7.75,12.5171762526197,12.5297370846074,8.83410746833659,8.87107347117575,45.0700075506292,46.0933986665762,-0.147723243239266,0,-0.147723243239266,0,0
8.42,8.23999999999999,12.1473741671073,12.5171762526197,8.16111095228515,8.83410746833659,44.6935867204286,45.0700075506292,1.99752624521402,0,1.99752624521402,0,0
8.55,8.42,12.3208163211388,12.1473741671073,7.96919577481233,8.16111095228515,45.123931635541,44.6935867204286,-3.32207411321289,0,-3.32207411321289,0,1
8.89,8.55,11.2693424665583,12.3208163211388,9.11501435352254,7.96919577481233,45.0003685170258,45.123931635541,2.57929124483088,0,2.57929124483088,0,-1
9.58,8.89,11.2289397929135,11.2693424665583,8.60860810975162,9.11501435352254,45.3225429678375,45.0003685170258,1.37150917776396,0,1.37150917776396,0,0
9.93000000000001,9.58,11.238334910737,11.2289397929135,8.63260893199596,8.60860810975162,45.3859542753051,45.3225429678375,-1.69837436785221,0,-1.69837436785221,0,0
9.18000000000001,9.93000000000001,11.1182777865943,11.238334910737,10.9267143647399,8.63260893199596,44.2682565247534,45.3859542753051,-0.0926841374253904,0,-0.0926841374253904,0,0
9.73999999999999,9.18000000000001,11.2757742849445,11.1182777865943,9.58541345228594,10.9267143647399,43.1757263835429,44.2682565247534,0.0683155196827663,0,0.0683155196827663,0,0
10.26,9.73999999999999,12.0331212534588,11.2757742849445,9.78924270460561,9.58541345228594,41.6428924397564,43.1757263835429,0.0971594068581645,0,0.0971594068581645,0,1
10.94,10.26,12.0211942653944,12.0331212534588,9.37343648834895,9.78924270460561,43.3454763648167,41.6428924397564,0.167552665291165,0,0.167552665291165,0,-1
10.63,10.94,12.3101359296625,12.0211942653944,5.86612384260217,9.37343648834895,42.7935119887197,43.3454763648167,-0.199229542945385,0,-0.199229542945385,0,0
10.53,10.63,12.6158599860042,12.3101359296625,6.48237974462207,5.86612384260217,42.2802353986948,42.7935119887197,0.230801283085562,0,0.230801283085562,0,0
10.28,10.53,12.5184484426007,12.6158599860042,6.62744797769986,6.48237974462207,39.8649427355543,42.2802353986948,-0.910546663580597,0,-0.910546663580597,0,0
10.48,10.28,12.6454982689307,12.5184484426007,6.39725424636538,6.62744797769986,39.5463977308871,39.8649427355543,-1.10175622401147,0,-1.10175622401147,0,0
10.26,10.48,13.0417928691776,12.6454982689307,6.50957255116487,6.39725424636538,39.1231197848592,39.5463977308871,1.65838241362351,0,1.65838241362351,0,0
10.21,10.26,12.1176098276807,13.0417928691776,6.32944306154322,6.50957255116487,38.6224196332458,39.1231197848592,-0.694869746936615,0,-0.694869746936615,0,0
9.56,10.21,12.1664215039542,12.1176098276807,6.46114282725535,6.32944306154322,38.3887770972117,38.6224196332458,0.241865546751328,0,0.241865546751328,0,1
9.67,9.56,12.2575894685636,12.1664215039542,8.32540901606353,6.46114282725535,37.603987264272,38.3887770972117,0.47542100114168,0,0.47542100114168,0,-1
5.2,0,14.2439458351335,0,10.1753604122937,0,51.3228416657712,0,-0.233318385153751,0,0,-0.233318385153751,0
5.41,5.2,14.2148101725803,14.2439458351335,10.4710428739361,10.1753604122937,52.095834739718,51.3228416657712,0.0463141473731241,0,0,0.0463141473731241,0
5.61,5.41,14.2118074985636,14.2148101725803,10.9600991271759,10.4710428739361,54.2418223144699,52.095834739718,-0.35785203631988,0,0,-0.35785203631988,0
5.66,5.61,14.1895063939083,14.2118074985636,11.076422439605,10.9600991271759,54.8017199825167,54.2418223144699,-0.084639006412992,0,0,-0.084639006412992,1
4.66,5.66,13.6752832151387,14.1895063939083,10.4215858670599,11.076422439605,55.2998505471517,54.8017199825167,0.224833048530936,0,0,0.224833048530936,-1
4.98999999999999,4.66,14.1623380600382,13.6752832151387,10.4530988432644,10.4215858670599,53.3356188147675,55.2998505471517,-0.0873685308722294,0,0,-0.0873685308722294,0
4.27,4.98999999999999,14.6199256916438,14.1623380600382,9.93916538598728,10.4530988432644,54.2275759732173,53.3356188147675,-0.544289851517746,0,0,-0.544289851517746,0
3.76000000000001,4.27,14.7586604741907,14.6199256916438,9.73527691888111,9.93916538598728,54.7779565367617,54.2275759732173,0.234458260675932,0,0,0.234458260675932,0
3.7,3.76000000000001,14.7010069170222,14.7586604741907,9.80945517753741,9.73527691888111,53.0372250336384,54.7779565367617,0.604131732419482,0,0,0.604131732419482,0
3.47,3.7,14.7840662899301,14.7010069170222,9.58233057772242,9.80945517753741,53.5850285130161,53.0372250336384,0.224298545394849,0,0,0.224298545394849,0
2.95,3.47,14.5697806258407,14.7840662899301,9.24412566083322,9.58233057772242,53.6131767313855,53.5850285130161,-0.172903457899903,0,0,-0.172903457899903,0
2.33,2.95,14.3807835880195,14.5697806258407,9.21783649949775,9.24412566083322,55.9345978767759,53.6131767313855,-0.295709351634354,0,0,-0.295709351634354,-1
2.29000000000001,2.33,14.4947342538965,14.3807835880195,9.36425147096739,9.21783649949775,55.9749043570439,55.9345978767759,-0.119794702308202,0,0,-0.119794702308202,0
2.59999999999999,2.29000000000001,14.1055864582892,14.4947342538965,9.26066213363976,9.36425147096739,56.0363121839675,55.9749043570439,0.292313451931442,0,0,0.292313451931442,1
2.83,2.59999999999999,15.0157406187678,14.1055864582892,9.25945289548377,9.26066213363976,55.8462219956224,56.0363121839675,-1.92325516729135,0,0,-1.92325516729135,0
2.72,2.83,14.6744836884809,15.0157406187678,6.91985997168275,9.25945289548377,55.237761100642,55.8462219956224,0.637065780499267,0,0,0.637065780499267,0
3.52,2.72,14.8583916182906,14.6744836884809,8.23791951039434,6.91985997168275,54.8543219017605,55.237761100642,0.0708645063531286,0,0,0.0708645063531286,-1
3.5,3.52,14.8531952452863,14.8583916182906,7.66004646131207,8.23791951039434,55.0333006537245,54.8543219017605,-0.442791343315005,0,0,-0.442791343315005,1
4.15000000000001,3.5,14.5498153899182,14.8531952452863,7.34660827844281,7.66004646131207,55.6951469537298,55.0333006537245,-0.122485714305558,0,0,-0.122485714305558,0
4.19,4.15000000000001,14.8795159618656,14.5498153899182,7.51019559248663,7.34660827844281,55.7497384291546,55.6951469537298,-0.34995749061331,0,0,-0.34995749061331,0
4.51000000000001,4.19,14.1875897644405,14.8795159618656,7.58332736589591,7.51019559248663,55.6133846493738,55.7497384291546,4.79853379400944,0,0,4.79853379400944,0
4.67,4.51000000000001,14.3730456090061,14.1875897644405,7.71799887539793,7.58332736589591,55.9690672357469,55.6133846493738,-3.14136377945639,0,0,-3.14136377945639,0
5.18000000000001,4.67,14.271324359052,14.3730456090061,7.49854879970477,7.71799887539793,55.8651218860735,55.9690672357469,-0.558636367477391,0,0,-0.558636367477391,0
4.92,5.18000000000001,14.4034789259375,14.271324359052,7.32283834494817,7.49854879970477,57.5453359801658,55.8651218860735,0.0136584634519359,0,0,0.0136584634519359,0
5.91,4.92,14.3587619015584,14.4034789259375,6.72637359141827,7.32283834494817,57.6105960562773,57.5453359801658,0.354806192694786,0,0,0.354806192694786,0
5.45999999999999,5.91,14.3649812971165,14.3587619015584,6.21142333376502,6.72637359141827,58.3375935707414,57.6105960562773,-0.525692826875712,0,0,-0.525692826875712,1
5.28,5.45999999999999,14.6082516198687,14.3649812971165,6.36550517092623,6.21142333376502,56.1121265354487,58.3375935707414,0.853238759669049,0,0,0.853238759669049,-1
5.05,5.28,13.8039521562595,14.6082516198687,7.80326753987979,6.36550517092623,57.1071872014339,56.1121265354487,0.223469131078785,0,0,0.223469131078785,0
4.98999999999999,5.05,14.2048061958769,13.8039521562595,7.36801168981972,7.80326753987979,58.1327519646344,57.1071872014339,-0.955130924869447,0,0,-0.955130924869447,0
5.19,4.98999999999999,13.8981315247644,14.2048061958769,6.82814469545896,7.36801168981972,60.0689705935461,58.1327519646344,0.0285164784650451,0,0,0.0285164784650451,0
6.09,5.19,13.7380975648976,13.8981315247644,7.12408308168787,6.82814469545896,61.5872355335539,60.0689705935461,0.496396877265354,0,0,0.496396877265354,0
6.73,6.09,13.8696163076653,13.7380975648976,7.26541121296142,7.12408308168787,62.7307683090321,61.5872355335539,-0.146076127954611,0,0,-0.146076127954611,0
7.12999999999999,6.73,13.6912305172155,13.8696163076653,8.08771410351412,7.26541121296142,59.4954831459152,62.7307683090321,0.541858599931217,0,0,0.541858599931217,0
7.53,7.12999999999999,13.5936079477066,13.6912305172155,8.56274311445608,8.08771410351412,60.3038199421878,59.4954831459152,-0.624837717399792,0,0,-0.624837717399792,0
7.53,7.53,13.615761650824,13.5936079477066,8.7207774846815,8.56274311445608,61.6282634619,60.3038199421878,5.29167397660498,0,0,5.29167397660498,-1
7.78,7.53,13.0894518124071,13.615761650824,8.99058014700508,8.7207774846815,64.4789188535915,61.6282634619,-3.44916572281051,0,0,-3.44916572281051,0
7.81999999999999,7.78,13.4610772635587,13.0894518124071,9.90284013904209,8.99058014700508,65.3224686896534,64.4789188535915,-2.73710325735289,0,0,-2.73710325735289,1
16.91,7.81999999999999,14.3543914048095,13.4610772635587,10.3376263758423,9.90284013904209,64.8160795352976,65.3224686896534,-1.87338904480528,0,0,-1.87338904480528,0
17.7,16.91,14.2937718416884,14.3543914048095,10.7780580273835,10.3376263758423,63.9356753940676,64.8160795352976,2.73143325452513,0,0,2.73143325452513,0
17.7,17.7,14.3398132188082,14.2937718416884,10.103253093674,10.7780580273835,63.0890908505039,63.9356753940676,-0.724260211531156,0,0,-0.724260211531156,0
16.77,17.7,15.0502309612654,14.3398132188082,8.33992319044926,10.103253093674,62.6261077289245,63.0890908505039,2.8657128594502,0,0,2.8657128594502,0
15.49,16.77,14.7216688810626,15.0502309612654,9.23577412011731,8.33992319044926,64.6829358203254,62.6261077289245,-0.506434658915303,0,0,-0.506434658915303,1
14.31,15.49,14.6809184750645,14.7216688810626,9.58934783179744,9.23577412011731,64.812356197329,64.6829358203254,-0.921732476157693,0,0,-0.921732476157693,-1
13.42,14.31,14.6603824729429,14.6809184750645,8.71684930119591,9.58934783179744,65.8981662032274,64.812356197329,-0.176982568817097,0,0,-0.176982568817097,0
13.01,13.42,14.564476953526,14.6603824729429,9.12239838492786,8.71684930119591,63.2203271340671,65.8981662032274,-0.00987692322549982,0,0,-0.00987692322549982,0
12.24,13.01,14.7737768256998,14.564476953526,8.86310769084497,9.12239838492786,64.152842242282,63.2203271340671,-2.08697942896877,0,0,-2.08697942896877,0
12.1,12.24,14.5138703677087,14.7737768256998,8.09466019643007,8.86310769084497,65.159265087269,64.152842242282,1.48234527551285,0,0,1.48234527551285,1
12.3,12.1,14.6798026370256,14.5138703677087,9.56060054944667,8.09466019643007,67.4583112138332,65.159265087269,-0.0858261368690396,0,0,-0.0858261368690396,-1
11.75,12.3,14.5163085686121,14.6798026370256,9.74974699764711,9.56060054944667,67.6700596523563,67.4583112138332,0.0855621893392779,0,0,0.0855621893392779,0
2.86,11.75,14.4686801314544,14.5163085686121,9.84556914140497,9.74974699764711,68.5368722068184,67.6700596523563,-0.0694924849490306,0,0,-0.0694924849490306,0
2.06999999999999,2.86,14.3159545136408,14.4686801314544,9.78351937409269,9.84556914140497,66.4487257817798,68.5368722068184,-0.0150522367082608,0,0,-0.0150522367082608,1
2.02,2.06999999999999,13.6833113669592,14.3159545136408,10.1611061197127,9.78351937409269,67.4359406988217,66.4487257817798,0.757592946502786,0,0,0.757592946502786,-1
3.41,2.02,13.7097781845196,13.6833113669592,10.0366063379404,10.1611061197127,68.4000265457195,67.4359406988217,2.4972290169703,0,0,2.4972290169703,0
4.69,3.41,13.413610269146,13.7097781845196,9.55809612730761,10.0366063379404,67.0237983049917,68.4000265457195,-1.84168907065787,0,0,-1.84168907065787,0
5.2,4.69,13.2325765683904,13.413610269146,8.85551351380326,9.55809612730761,68.8303164549055,67.0237983049917,0.850895361256956,0,0,0.850895361256956,0
6.73999999999999,5.2,13.1823798184518,13.2325765683904,9.90923195919003,8.85551351380326,70.1697518499795,68.8303164549055,-3.24247020059627,0,0,-3.24247020059627,0
6.95999999999999,6.73999999999999,12.9488891667305,13.1823798184518,9.90399328456879,9.90923195919003,72.6098575120342,70.1697518499795,2.21008655524883,0,0,2.21008655524883,0
7.27,6.95999999999999,12.9910660611092,12.9488891667305,9.18448006645504,9.90399328456879,73.3970693288003,72.6098575120342,-2.2378425154308,0,0,-2.2378425154308,1
7.61,7.27,13.0580341427046,12.9910660611092,9.81622976607867,9.18448006645504,72.1120150070805,73.3970693288003,1.51933748883128,0,0,1.51933748883128,-1
7.62000000000001,7.61,13.1689902293093,13.0580341427046,10.3281411634019,9.81622976607867,73.078791397663,72.1120150070805,-0.0387339306838328,0,0,-0.0387339306838328,0
7.33,7.62000000000001,13.1058134768864,13.1689902293093,10.8486459172367,10.3281411634019,72.8690835258348,73.078791397663,-1.74209617894006,0,0,-1.74209617894006,0
7.27,7.33,13.0378017201273,13.1058134768864,9.85860860462284,10.8486459172367,72.7780516439462,72.8690835258348,1.37820301786078,0,0,1.37820301786078,0
6.92,7.27,13.0839774915559,13.0378017201273,9.83706567476275,9.85860860462284,73.4885220985588,72.7780516439462,-0.147723243239266,0,0,-0.147723243239266,0
7.47,6.92,12.669753554482,13.0839774915559,9.9933966451272,9.83706567476275,73.5402354616873,73.4885220985588,1.99752624521402,0,0,1.99752624521402,0
7.31999999999999,7.47,12.8972008477471,12.669753554482,8.47127505508791,9.9933966451272,73.6386312765535,73.5402354616873,-3.32207411321289,0,0,-3.32207411321289,1
8.06999999999999,7.31999999999999,11.7884958225722,12.8972008477471,12.6823206447615,8.47127505508791,73.8558069978619,73.6386312765535,2.57929124483088,0,0,2.57929124483088,-1
8.25,8.06999999999999,11.7353689861754,11.7884958225722,10.9519067145908,12.6823206447615,73.7952432061508,73.8558069978619,1.37150917776396,0,0,1.37150917776396,0
7.37999999999999,8.25,11.7267042985218,11.7353689861754,11.3108282310723,10.9519067145908,73.020742672458,73.7952432061508,-1.69837436785221,0,0,-1.69837436785221,0
7.40000000000001,7.37999999999999,11.503802121213,11.7267042985218,11.4063330329431,11.3108282310723,70.1710449861309,73.020742672458,-0.0926841374253904,0,0,-0.0926841374253904,0
8.3,7.40000000000001,11.6410761030566,11.503802121213,11.5628863041398,11.4063330329431,67.2196434540957,70.1710449861309,0.0683155196827663,0,0,0.0683155196827663,0
8.78,8.3,12.3637932413574,11.6410761030566,11.2265815321138,11.5628863041398,65.8954312633321,67.2196434540957,0.0971594068581645,0,0,0.0971594068581645,1
8.81999999999999,8.78,12.4183434864328,12.3637932413574,10.578290959755,11.2265815321138,62.8230534872067,65.8954312633321,0.167552665291165,0,0,0.167552665291165,-1
9.19,8.81999999999999,12.7604655975655,12.4183434864328,10.7797114568963,10.578290959755,61.8100550940926,62.8230534872067,-0.199229542945385,0,0,-0.199229542945385,0
9.62,9.19,12.9982880480895,12.7604655975655,8.92111756322004,10.7797114568963,60.883884547115,61.8100550940926,0.230801283085562,0,0,0.230801283085562,0
10.1,9.62,12.9705759528966,12.9982880480895,9.23315226582837,8.92111756322004,59.1289905833545,60.883884547115,-0.910546663580597,0,0,-0.910546663580597,0
9.93000000000001,10.1,13.0609608332507,12.9705759528966,8.98853754465529,9.23315226582837,58.6456190367891,59.1289905833545,-1.10175622401147,0,0,-1.10175622401147,0
9.51000000000001,9.93000000000001,13.4718360744077,13.0609608332507,9.97003959059664,8.98853754465529,57.9423099705515,58.6456190367891,1.65838241362351,0,0,1.65838241362351,0
8.77,9.51000000000001,12.4913964049362,13.4718360744077,8.91652550443112,9.97003959059664,56.9429545961986,57.9423099705515,-0.694869746936615,0,0,-0.694869746936615,0
7.53,8.77,12.536465456656,12.4913964049362,8.69610418090307,8.91652550443112,57.1410576341249,56.9429545961986,0.241865546751328,0,0,0.241865546751328,1
8.06999999999999,7.53,12.5468926606943,12.536465456656,8.56034000904133,8.69610418090307,56.6427623186253,57.1410576341249,0.47542100114168,0,0,0.47542100114168,-1
6.27,0,13.7606767556392,0,10.1356247990209,0,41.5885123242224,0,-0.233318385153751,0,0,0,0
6.47,6.27,13.7951479286904,13.7606767556392,10.5028779804292,10.1356247990209,42.3926580915177,41.5885123242224,0.0463141473731241,0,0,0,0
6.44,6.47,13.6333682491862,13.7951479286904,10.6300792179533,10.5028779804292,44.5335902305966,42.3926580915177,-0.35785203631988,0,0,0,0
6.59999999999999,6.44,13.5710739413079,13.6333682491862,10.6457947481798,10.6300792179533,45.7156625088238,44.5335902305966,-0.084639006412992,0,0,0,1
5.91,6.59999999999999,13.3408393085372,13.5710739413079,10.4570363811227,10.6457947481798,46.2573876757446,45.7156625088238,0.224833048530936,0,0,0,-1
5.25,5.91,13.5636692189009,13.3408393085372,10.3781512719592,10.4570363811227,45.3372662040458,46.2573876757446,-0.0873685308722294,0,0,0,0
5.16,5.25,13.6075303041185,13.5636692189009,10.099539782274,10.3781512719592,46.230839088374,45.3372662040458,-0.544289851517746,0,0,0,0
5.01000000000001,5.16,13.7550532123166,13.6075303041185,9.75859059538462,10.099539782274,47.2800208468059,46.230839088374,0.234458260675932,0,0,0,0
4.76000000000001,5.01000000000001,13.6366009528317,13.7550532123166,9.57080989291794,9.75859059538462,48.6251846002338,47.2800208468059,0.604131732419482,0,0,0,0
4.52,4.76000000000001,13.6686039116425,13.6366009528317,9.26620868044997,9.57080989291794,49.3064445913447,48.6251846002338,0.224298545394849,0,0,0,0
3.89,4.52,13.57047421761,13.6686039116425,9.0883114023126,9.26620868044997,50.4505856097703,49.3064445913447,-0.172903457899903,0,0,0,0
2.7,3.89,13.5943364900631,13.57047421761,9.0455888633432,9.0883114023126,51.2427193904084,50.4505856097703,-0.295709351634354,0,0,0,-1
2.45,2.7,13.7241491623999,13.5943364900631,8.99156339404355,9.0455888633432,51.4294494658194,51.2427193904084,-0.119794702308202,0,0,0,0
2.87,2.45,13.4649830917707,13.7241491623999,8.91038345033835,8.99156339404355,51.9771667840211,51.4294494658194,0.292313451931442,0,0,0,1
3.36,2.87,14.2207074421146,13.4649830917707,8.69574128707055,8.91038345033835,52.0757005751598,51.9771667840211,-1.92325516729135,0,0,0,0
2.87,3.36,14.1678185342081,14.2207074421146,7.96338619312529,8.69574128707055,52.1785203774728,52.0757005751598,0.637065780499267,0,0,0,0
3.29000000000001,2.87,14.3040012622437,14.1678185342081,7.97903813254876,7.96338619312529,52.6552891160649,52.1785203774728,0.0708645063531286,0,0,0,-1
3.06,3.29000000000001,14.2319194709058,14.3040012622437,7.5837132965137,7.97903813254876,52.9143801052213,52.6552891160649,-0.442791343315005,0,0,0,1
3.20999999999999,3.06,14.1371751611763,14.2319194709058,7.332797012884,7.5837132965137,53.7613740692501,52.9143801052213,-0.122485714305558,0,0,0,0
3.73,3.20999999999999,14.3442217658029,14.1371751611763,7.41971690600902,7.332797012884,54.4227345439717,53.7613740692501,-0.34995749061331,0,0,0,0
3.8,3.73,13.7738286101833,14.3442217658029,7.48481882533612,7.41971690600902,55.2620697065396,54.4227345439717,4.79853379400944,0,0,0,0
4.11,3.8,13.9233297191395,13.7738286101833,7.5018850093715,7.48481882533612,55.0914766196337,55.2620697065396,-3.14136377945639,0,0,0,0
4.58,4.11,13.9788058969059,13.9233297191395,7.51476150284362,7.5018850093715,55.0681205830037,55.0914766196337,-0.558636367477391,0,0,0,0
5.20999999999999,4.58,13.9967364128158,13.9788058969059,7.54065889487333,7.51476150284362,56.509467248905,55.0681205830037,0.0136584634519359,0,0,0,0
5.45,5.20999999999999,13.9413716829244,13.9967364128158,7.42867982040883,7.54065889487333,56.9448332148082,56.509467248905,0.354806192694786,0,0,0,0
5.59999999999999,5.45,14.0146866356628,13.9413716829244,7.46441801752434,7.42867982040883,57.7086888209253,56.9448332148082,-0.525692826875712,0,0,0,1
5.37999999999999,5.59999999999999,14.0973842584571,14.0146866356628,7.54318326534223,7.46441801752434,57.6631913129355,57.7086888209253,0.853238759669049,0,0,0,-1
6.12999999999999,5.37999999999999,13.5603494871998,14.0973842584571,7.5761656984649,7.54318326534223,58.2545384280226,57.6631913129355,0.223469131078785,0,0,0,0
6.62999999999999,6.12999999999999,13.9862005967262,13.5603494871998,7.2399495733157,7.5761656984649,59.1272772900792,58.2545384280226,-0.955130924869447,0,0,0,0
7.3,6.62999999999999,13.8386624759084,13.9862005967262,7.8778535658626,7.2399495733157,59.7165432732922,59.1272772900792,0.0285164784650451,0,0,0,0
7.87999999999999,7.3,13.7455687735187,13.8386624759084,8.01484884620024,7.8778535658626,60.3708900360201,59.7165432732922,0.496396877265354,0,0,0,0
7.56,7.87999999999999,13.792398534872,13.7455687735187,7.94639211536403,8.01484884620024,60.8051811432101,60.3708900360201,-0.146076127954611,0,0,0,0
8.52,7.56,13.7584199353012,13.792398534872,8.14408420398353,7.94639211536403,59.468626063006,60.8051811432101,0.541858599931217,0,0,0,0
9.09999999999999,8.52,13.6074064127849,13.7584199353012,7.93774711308575,8.14408420398353,58.9673570704048,59.468626063006,-0.624837717399792,0,0,0,0
9.16,9.09999999999999,13.5724705518576,13.6074064127849,8.30232372311054,7.93774711308575,59.0794721049143,58.9673570704048,5.29167397660498,0,0,0,-1
10.21,9.16,12.9624592947657,13.5724705518576,8.26438461385068,8.30232372311054,61.0383731418542,59.0794721049143,-3.44916572281051,0,0,0,0
10.37,10.21,13.3506578193958,12.9624592947657,8.56067918776475,8.26438461385068,61.0149828647138,61.0383731418542,-2.73710325735289,0,0,0,1
19.22,10.37,14.2379295526774,13.3506578193958,8.62908256167382,8.56067918776475,59.9900954836651,61.0149828647138,-1.87338904480528,0,0,0,0
20.5,19.22,13.9885467694674,14.2379295526774,9.25646448561622,8.62908256167382,58.83758793164,59.9900954836651,2.73143325452513,0,0,0,0
18.48,20.5,14.0489863546915,13.9885467694674,8.30844620636476,9.25646448561622,57.8446722490758,58.83758793164,-0.724260211531156,0,0,0,0
17.11,18.48,14.6945687122652,14.0489863546915,7.88491354291596,8.30844620636476,57.0678091817084,57.8446722490758,2.8657128594502,0,0,0,0
16.4,17.11,14.4736690317856,14.6945687122652,7.63818965087473,7.88491354291596,56.7885066643925,57.0678091817084,-0.506434658915303,0,0,0,1
15.51,16.4,14.5335384190167,14.4736690317856,8.03852703343091,7.63818965087473,56.5985850915387,56.7885066643925,-0.921732476157693,0,0,0,-1
15.12,15.51,14.5255120185476,14.5335384190167,7.69319574502552,8.03852703343091,56.755415819897,56.5985850915387,-0.176982568817097,0,0,0,0
14.07,15.12,14.4097992400326,14.5255120185476,7.97010835758874,7.69319574502552,57.1545344385331,56.755415819897,-0.00987692322549982,0,0,0,0
13.05,14.07,14.626239539117,14.4097992400326,8.24732571552399,7.97010835758874,57.1130736132892,57.1545344385331,-2.08697942896877,0,0,0,0
12.58,13.05,14.3763481634293,14.626239539117,7.75660671197259,8.24732571552399,56.9070984766712,57.1130736132892,1.48234527551285,0,0,0,1
11.52,12.58,14.5327103780433,14.3763481634293,8.9487910609616,7.75660671197259,55.8026736534339,56.9070984766712,-0.0858261368690396,0,0,0,-1
11.16,11.52,14.3915026876067,14.5327103780433,9.23778222256495,8.9487910609616,55.904261081867,55.8026736534339,0.0855621893392779,0,0,0,0
2.11,11.16,14.140845958479,14.3915026876067,9.11881908769302,9.23778222256495,56.2264208472186,55.904261081867,-0.0694924849490306,0,0,0,0
0.730000000000004,2.11,13.9922578903994,14.140845958479,9.23886739915719,9.11881908769302,57.715092350963,56.2264208472186,-0.0150522367082608,0,0,0,1
2.04000000000001,0.730000000000004,13.3953733307153,13.9922578903994,9.4552355895002,9.23886739915719,58.1917365058382,57.715092350963,0.757592946502786,0,0,0,-1
2.93000000000001,2.04000000000001,13.409531598301,13.3953733307153,9.35218157418556,9.4552355895002,58.9543766899981,58.1917365058382,2.4972290169703,0,0,0,0
3.86,2.93000000000001,13.1411800572547,13.409531598301,8.99314207213075,9.35218157418556,59.6483153011118,58.9543766899981,-1.84168907065787,0,0,0,0
4.95,3.86,13.0313752372259,13.1411800572547,8.70605849647536,8.99314207213075,60.7217159709633,59.6483153011118,0.850895361256956,0,0,0,0
6.08,4.95,12.9168649812797,13.0313752372259,8.85041415842486,8.70605849647536,61.8523248758705,60.7217159709633,-3.24247020059627,0,0,0,0
7,6.08,12.696207024061,12.9168649812797,9.16746351327346,8.85041415842486,61.9687601502526,61.8523248758705,2.21008655524883,0,0,0,0
7.68000000000001,7,12.7833267248831,12.696207024061,9.02413564685269,9.16746351327346,61.7463357520102,61.9687601502526,-2.2378425154308,0,0,0,1
8.13,7.68000000000001,12.824512683465,12.7833267248831,8.8466010559463,9.02413564685269,60.1527933444048,61.7463357520102,1.51933748883128,0,0,0,-1
8.55,8.13,12.9305805353342,12.824512683465,8.92743454154195,8.8466010559463,59.9261079943501,60.1527933444048,-0.0387339306838328,0,0,0,0
8.59999999999999,8.55,12.8086046249054,12.9305805353342,10.4696851496466,8.92743454154195,59.6280084465409,59.9261079943501,-1.74209617894006,0,0,0,0
8.56,8.59999999999999,12.6860033949907,12.8086046249054,9.32740462900764,10.4696851496466,60.1666662152952,59.6280084465409,1.37820301786078,0,0,0,0
8.92,8.56,12.6333722934912,12.6860033949907,9.41378171292042,9.32740462900764,60.0164073080406,60.1666662152952,-0.147723243239266,0,0,0,0
8.59999999999999,8.92,12.2543185016742,12.6333722934912,9.01585800176942,9.41378171292042,60.1485476636131,60.0164073080406,1.99752624521402,0,0,0,0
9.17,8.59999999999999,12.3033767885214,12.2543185016742,8.16021327513417,9.01585800176942,60.6387920127115,60.1485476636131,-3.32207411321289,0,0,0,1
9.84999999999999,9.17,11.4016478117393,12.3033767885214,12.0084203665955,8.16021327513417,59.0520087134183,60.6387920127115,2.57929124483088,0,0,0,-1
9.17,9.84999999999999,11.3737931340013,11.4016478117393,10.9117266520699,12.0084203665955,58.6987526373772,59.0520087134183,1.37150917776396,0,0,0,0
8.29000000000001,9.17,11.364794417957,11.3737931340013,10.0839135486877,10.9117266520699,57.9817864339004,58.6987526373772,-1.69837436785221,0,0,0,0
8.45999999999999,8.29000000000001,11.2136851093663,11.364794417957,11.7221411125543,10.0839135486877,57.184635303877,57.9817864339004,-0.0926841374253904,0,0,0,0
9.22,8.45999999999999,11.3779606513436,11.2136851093663,10.4039961023052,11.7221411125543,54.3979710481571,57.184635303877,0.0683155196827663,0,0,0,0
9.55,9.22,12.0035199947501,11.3779606513436,10.5255264375677,10.4039961023052,52.4328260654394,54.3979710481571,0.0971594068581645,0,0,0,1
10.11,9.55,12.0068218846463,12.0035199947501,9.48042565730416,10.5255264375677,50.8408123090453,52.4328260654394,0.167552665291165,0,0,0,-1
10.37,10.11,12.2757888160159,12.0068218846463,8.77528115844295,9.48042565730416,50.0369919339494,50.8408123090453,-0.199229542945385,0,0,0,0
11.24,10.37,12.5443547211382,12.2757888160159,8.22819123832302,8.77528115844295,49.5103818360385,50.0369919339494,0.230801283085562,0,0,0,0
10.8,11.24,12.4706502181376,12.5443547211382,8.20401146092597,8.22819123832302,49.638158600811,49.5103818360385,-0.910546663580597,0,0,0,0
10.7,10.8,12.5545665147328,12.4706502181376,8.33186683117798,8.20401146092597,49.3288240626192,49.638158600811,-1.10175622401147,0,0,0,0
10.29,10.7,12.9885003323329,12.5545665147328,8.14122593312835,8.33186683117798,48.7368721203428,49.3288240626192,1.65838241362351,0,0,0,0
9.65000000000001,10.29,12.1908837277998,12.9885003323329,8.00198374754764,8.14122593312835,48.150510953869,48.7368721203428,-0.694869746936615,0,0,0,0
9.04000000000001,9.65000000000001,12.2322205492755,12.1908837277998,8.22873702923915,8.00198374754764,48.4934715176291,48.150510953869,0.241865546751328,0,0,0,1
8.83,9.04000000000001,12.2614024904918,12.2322205492755,9.17421420369109,8.22873702923915,48.3705245575283,48.4934715176291,0.47542100114168,0,0,0,-1
4.81,0,13.7727165484552,0,10.3075875308918,0,63.9247805068868,0,-0.233318385153751,0,0,0,0
4.95,4.81,13.7487575082395,13.7727165484552,10.4633473108105,10.3075875308918,64.726023535677,63.9247805068868,0.0463141473731241,0,0,0,0
4.97,4.95,13.6468388479602,13.7487575082395,10.5072221861083,10.4633473108105,64.1926248766532,64.726023535677,-0.35785203631988,0,0,0,0
4.69,4.97,13.6294109941619,13.6468388479602,10.5308562487777,10.5072221861083,64.7454069708089,64.1926248766532,-0.084639006412992,0,0,0,1
4.17,4.69,13.365693910034,13.6294109941619,10.221698003314,10.5308562487777,65.0489916928558,64.7454069708089,0.224833048530936,0,0,0,-1
3.47,4.17,13.6471311632128,13.365693910034,10.1914537800624,10.221698003314,64.1727213958616,65.0489916928558,-0.0873685308722294,0,0,0,0
3.28,3.47,13.6988916903748,13.6471311632128,9.78975646355101,10.1914537800624,64.9283865029653,64.1727213958616,-0.544289851517746,0,0,0,0
3.12,3.28,13.8648019434193,13.6988916903748,9.57229591343405,9.78975646355101,65.5588124448783,64.9283865029653,0.234458260675932,0,0,0,0
3.06999999999999,3.12,13.7857645150383,13.8648019434193,9.34647558178045,9.57229591343405,65.3716704917615,65.5588124448783,0.604131732419482,0,0,0,0
2.91,3.06999999999999,13.7877321958875,13.7857645150383,9.33524685835016,9.34647558178045,65.6751258577518,65.3716704917615,0.224298545394849,0,0,0,0
2.67,2.91,13.6876222168522,13.7877321958875,9.10074411501692,9.33524685835016,65.7731437242857,65.6751258577518,-0.172903457899903,0,0,0,0
2.61,2.67,13.6249157339135,13.6876222168522,8.92042038496471,9.10074411501692,69.3085241533452,65.7731437242857,-0.295709351634354,0,0,0,-1
2.56999999999999,2.61,13.7433341917825,13.6249157339135,8.93973787361243,8.92042038496471,69.4823056475872,69.3085241533452,-0.119794702308202,0,0,0,0
3.06999999999999,2.56999999999999,13.4797930708945,13.7433341917825,8.85803276745969,8.93973787361243,69.8427660282904,69.4823056475872,0.292313451931442,0,0,0,1
3.91,3.06999999999999,14.2980411216226,13.4797930708945,8.57779664984303,8.85803276745969,67.8978501672511,69.8427660282904,-1.92325516729135,0,0,0,0
3.65000000000001,3.91,14.2601987398997,14.2980411216226,7.9026586702048,8.57779664984303,67.6791023942891,67.8978501672511,0.637065780499267,0,0,0,0
4.05,3.65000000000001,14.3905031369926,14.2601987398997,7.57620454268659,7.9026586702048,67.8855504125697,67.6791023942891,0.0708645063531286,0,0,0,-1
4.06999999999999,4.05,14.3377460932458,14.3905031369926,7.25972791366239,7.57620454268659,66.7022566431595,67.8855504125697,-0.442791343315005,0,0,0,1
4.11,4.06999999999999,14.2459383593312,14.3377460932458,7.25844475807112,7.25972791366239,67.4094328091922,66.7022566431595,-0.122485714305558,0,0,0,0
4.09,4.11,14.4322986525184,14.2459383593312,7.21187979953693,7.25844475807112,68.0721091844309,67.4094328091922,-0.34995749061331,0,0,0,0
4.48,4.09,13.8265549151939,14.4322986525184,7.24673414214836,7.21187979953693,67.6313761932801,68.0721091844309,4.79853379400944,0,0,0,0
4.93000000000001,4.48,14.0114828948848,13.8265549151939,7.46209726926925,7.24673414214836,67.2987603986096,67.6313761932801,-3.14136377945639,0,0,0,0
5.27,4.93000000000001,14.0375915191305,14.0114828948848,7.29504125346469,7.46209726926925,67.3419666563208,67.2987603986096,-0.558636367477391,0,0,0,0
5.34,5.27,14.0427578309445,14.0375915191305,7.29932237979446,7.29504125346469,73.5405414954491,67.3419666563208,0.0136584634519359,0,0,0,0
5.44,5.34,14.0147328452682,14.0427578309445,7.32410331944684,7.29932237979446,74.025569188225,73.5405414954491,0.354806192694786,0,0,0,0
5.7,5.44,14.1181481953719,14.0147328452682,7.3540071819452,7.32410331944684,74.9183457224946,74.025569188225,-0.525692826875712,0,0,0,1
5.47,5.7,14.2227447689506,14.1181481953719,7.44259101547366,7.3540071819452,72.0917385148584,74.9183457224946,0.853238759669049,0,0,0,-1
6.12000000000001,5.47,13.6318571701267,14.2227447689506,7.4428634634787,7.44259101547366,73.0003564278176,72.0917385148584,0.223469131078785,0,0,0,0
6.31,6.12000000000001,14.0573791823628,13.6318571701267,7.24575678961917,7.4428634634787,73.9161194357672,73.0003564278176,-0.955130924869447,0,0,0,0
6.83,6.31,13.8786521635565,14.0573791823628,7.6245343971658,7.24575678961917,73.6303375329619,73.9161194357672,0.0285164784650451,0,0,0,0
7.27,6.83,13.7980157287793,13.8786521635565,7.84123662210338,7.6245343971658,74.4742620576309,73.6303375329619,0.496396877265354,0,0,0,0
8.20999999999999,7.27,13.8952054080204,13.7980157287793,7.77558290750216,7.84123662210338,74.7855179060515,74.4742620576309,-0.146076127954611,0,0,0,0
8.89,8.20999999999999,13.8017802390883,13.8952054080204,7.89598441369991,7.77558290750216,75.1473300245694,74.7855179060515,0.541858599931217,0,0,0,0
9.38,8.89,13.6739125020905,13.8017802390883,7.75242018005646,7.89598441369991,73.8372233565461,75.1473300245694,-0.624837717399792,0,0,0,0
9.23999999999999,9.38,13.6312439365904,13.6739125020905,8.13002947778384,7.75242018005646,73.8611053370714,73.8372233565461,5.29167397660498,0,0,0,-1
10.04,9.23999999999999,13.0819776962176,13.6312439365904,8.28715713258605,8.13002947778384,78.3909412707605,73.8611053370714,-3.44916572281051,0,0,0,0
10.64,10.04,13.4506693255925,13.0819776962176,8.16159506856451,8.28715713258605,78.7476256116465,78.3909412707605,-2.73710325735289,0,0,0,1
18.33,10.64,14.29413496923,13.4506693255925,8.35885477994077,8.16159506856451,77.7228352204165,78.7476256116465,-1.87338904480528,0,0,0,0
19.21,18.33,14.1740666372599,14.29413496923,8.34432888467556,8.35885477994077,74.1153953783207,77.7228352204165,2.73143325452513,0,0,0,0
18.06,19.21,14.2844736871417,14.1740666372599,8.29073804223494,8.34432888467556,72.8043117771811,74.1153953783207,-0.724260211531156,0,0,0,0
16.82,18.06,14.8791415710799,14.2844736871417,6.4557935482846,8.29073804223494,71.869820237806,72.8043117771811,2.8657128594502,0,0,0,0
15.68,16.82,14.5892944959476,14.8791415710799,7.00281619541144,6.4557935482846,72.441690156955,71.869820237806,-0.506434658915303,0,0,0,1
14.67,15.68,14.6443162818786,14.5892944959476,7.11981364811328,7.00281619541144,72.2421288871269,72.441690156955,-0.921732476157693,0,0,0,-1
14.27,14.67,14.5964483212232,14.6443162818786,6.91823976089902,7.11981364811328,72.5245202710458,72.2421288871269,-0.176982568817097,0,0,0,0
13.34,14.27,14.4827299355988,14.5964483212232,7.43528751980054,6.91823976089902,71.5425640673803,72.5245202710458,-0.00987692322549982,0,0,0,0
12.29,13.34,14.7547520131482,14.4827299355988,6.75927226728658,7.43528751980054,71.496366720422,71.5425640673803,-2.08697942896877,0,0,0,0
12.52,12.29,14.4859613142383,14.7547520131482,5.82181716983294,6.75927226728658,71.8209161538837,71.496366720422,1.48234527551285,0,0,0,1
12.3,12.52,14.638372060209,14.4859613142383,7.89213314811348,5.82181716983294,73.965562985495,71.8209161538837,-0.0858261368690396,0,0,0,-1
11.63,12.3,14.4907804156639,14.638372060209,8.02873251316739,7.89213314811348,73.5131113964132,73.965562985495,0.0855621893392779,0,0,0,0
3.59999999999999,11.63,14.3036552305159,14.4907804156639,8.4605106111718,8.02873251316739,73.5833134417306,73.5131113964132,-0.0694924849490306,0,0,0,0
2.34999999999999,3.59999999999999,14.2098234917352,14.3036552305159,8.58999637983586,8.4605106111718,72.357039293674,73.5833134417306,-0.0150522367082608,0,0,0,1
2.94,2.34999999999999,13.5107894933965,14.2098234917352,8.4219813843867,8.58999637983586,72.6102658644377,72.357039293674,0.757592946502786,0,0,0,-1
3.63,2.94,13.5082481825707,13.5107894933965,8.49673750076859,8.4219813843867,72.9515647421608,72.6102658644377,2.4972290169703,0,0,0,0
5.01000000000001,3.63,13.209476599618,13.5082481825707,8.4335245678182,8.49673750076859,72.7463421254975,72.9515647421608,-1.84168907065787,0,0,0,0
5.84,5.01000000000001,13.095079119218,13.209476599618,8.25006998981216,8.4335245678182,74.114937040075,72.7463421254975,0.850895361256956,0,0,0,0
6.83,5.84,13.0261312693394,13.095079119218,8.22066167978521,8.25006998981216,75.2351523514466,74.114937040075,-3.24247020059627,0,0,0,0
7.25,6.83,12.8454590294887,13.0261312693394,9.04596150651362,8.22066167978521,74.9739763902132,75.2351523514466,2.21008655524883,0,0,0,0
8.06999999999999,7.25,12.9267041250233,12.8454590294887,8.42408621383538,9.04596150651362,74.65394695618,74.9739763902132,-2.2378425154308,0,0,0,1
8.08,8.06999999999999,12.9381958731817,12.9267041250233,8.47133450447465,8.42408621383538,73.3325848956259,74.65394695618,1.51933748883128,0,0,0,-1
8.17,8.08,13.0337371322824,12.9381958731817,8.94780745600368,8.47133450447465,73.9981363293715,73.3325848956259,-0.0387339306838328,0,0,0,0
8.40000000000001,8.17,12.9164683458765,13.0337371322824,9.47907746262022,8.94780745600368,73.4848980088749,73.9981363293715,-1.74209617894006,0,0,0,0
8.67,8.40000000000001,12.8385961129029,12.9164683458765,8.72208396099962,9.47907746262022,73.478600976877,73.4848980088749,1.37820301786078,0,0,0,0
8.84,8.67,12.8539253831762,12.8385961129029,8.15143150697379,8.72208396099962,73.6225603768369,73.478600976877,-0.147723243239266,0,0,0,0
9.09999999999999,8.84,12.475080563869,12.8539253831762,7.94498339229787,8.15143150697379,73.7452336257856,73.6225603768369,1.99752624521402,0,0,0,0
9.48999999999999,9.09999999999999,12.5749951806393,12.475080563869,7.54911485640768,7.94498339229787,74.372705548369,73.7452336257856,-3.32207411321289,0,0,0,1
9.51000000000001,9.48999999999999,11.5914299941738,12.5749951806393,10.530932405005,7.54911485640768,72.6709634305861,74.372705548369,2.57929124483088,0,0,0,-1
9.29000000000001,9.51000000000001,11.5454408136645,11.5914299941738,9.05407577990965,10.530932405005,72.4947559741853,72.6709634305861,1.37150917776396,0,0,0,0
8.34999999999999,9.29000000000001,11.5553665539743,11.5454408136645,8.6558862125802,9.05407577990965,71.5313360912582,72.4947559741853,-1.69837436785221,0,0,0,0
8.66,8.34999999999999,11.4154386567585,11.5553665539743,9.73516374701028,8.6558862125802,70.3464881953654,71.5313360912582,-0.0926841374253904,0,0,0,0
9.66,8.66,11.574368681655,11.4154386567585,8.8808145002017,9.73516374701028,67.3054291770364,70.3464881953654,0.0683155196827663,0,0,0,0
10.24,9.66,12.268368287845,11.574368681655,8.28754681390826,8.8808145002017,65.2049109934077,67.3054291770364,0.0971594068581645,0,0,0,1
10.68,10.24,12.248811207687,12.268368287845,8.2079283927245,8.28754681390826,64.6795203664788,65.2049109934077,0.167552665291165,0,0,0,-1
11.35,10.68,12.5470335137565,12.248811207687,7.7342185153949,8.2079283927245,63.5963640288306,64.6795203664788,-0.199229542945385,0,0,0,0
11.56,11.35,12.827404395722,12.5470335137565,7.17020206313928,7.7342185153949,62.5743781402903,63.5963640288306,0.230801283085562,0,0,0,0
11.54,11.56,12.7641409131248,12.827404395722,7.75863959895832,7.17020206313928,61.9049915317453,62.5743781402903,-0.910546663580597,0,0,0,0
11.3,11.54,12.8295632569513,12.7641409131248,7.45051710216882,7.75863959895832,61.2131563364401,61.9049915317453,-1.10175622401147,0,0,0,0
10.62,11.3,13.2658690937329,12.8295632569513,7.72269993475779,7.45051710216882,60.3069233164119,61.2131563364401,1.65838241362351,0,0,0,0
9.81,10.62,12.3462277246449,13.2658690937329,7.79209668771779,7.72269993475779,59.3578661593469,60.3069233164119,-0.694869746936615,0,0,0,0
9.7,9.81,12.402476555425,12.3462277246449,7.77403100412344,7.79209668771779,59.2949283426243,59.3578661593469,0.241865546751328,0,0,0,1
9.86,9.7,12.3916138384007,12.402476555425,7.60743497817778,7.77403100412344,59.0178274136094,59.2949283426243,0.47542100114168,0,0,0,-1
5.36,0,13.8892529259024,0,10.1932536634804,0,55.5302362480092,0,-0.233318385153751,0,0,0,0
5.17,5.36,13.8975346508605,13.8892529259024,10.5053358427227,10.1932536634804,55.4799925412595,55.5302362480092,0.0463141473731241,0,0,0,0
5.29000000000001,5.17,13.7935015347594,13.8975346508605,10.6916849685353,10.5053358427227,55.7865551595806,55.4799925412595,-0.35785203631988,0,0,0,0
5.37000000000001,5.29000000000001,13.7353581922095,13.7935015347594,10.4332163536654,10.6916849685353,56.2742397636037,55.7865551595806,-0.084639006412992,0,0,0,1
5.06999999999999,5.37000000000001,13.5293749725429,13.7353581922095,10.2459937507883,10.4332163536654,56.6522375601153,56.2742397636037,0.224833048530936,0,0,0,-1
5.14,5.06999999999999,13.7312414670734,13.5293749725429,10.2605368911797,10.2459937507883,55.9709311890578,56.6522375601153,-0.0873685308722294,0,0,0,0
4.73,5.14,13.7722317149389,13.7312414670734,9.7924917823513,10.2605368911797,56.7447359435388,55.9709311890578,-0.544289851517746,0,0,0,0
4.51000000000001,4.73,13.9350478642829,13.7722317149389,9.47907440460275,9.7924917823513,57.2904133971299,56.7447359435388,0.234458260675932,0,0,0,0
4.48,4.51000000000001,13.8310033039016,13.9350478642829,9.29738493999981,9.47907440460275,59.7310083355023,57.2904133971299,0.604131732419482,0,0,0,0
4.36,4.48,13.8569348884843,13.8310033039016,9.28730442288893,9.29738493999981,59.9939470209097,59.7310083355023,0.224298545394849,0,0,0,0
3.73999999999999,4.36,13.7551123368546,13.8569348884843,8.97968486102075,9.28730442288893,59.816316089084,59.9939470209097,-0.172903457899903,0,0,0,0
3.27,3.73999999999999,13.784113696273,13.7551123368546,8.86813065089142,8.97968486102075,59.6635776576285,59.816316089084,-0.295709351634354,0,0,0,-1
3.18000000000001,3.27,13.87226450165,13.784113696273,8.99718833201609,8.86813065089142,59.688557801946,59.6635776576285,-0.119794702308202,0,0,0,0
3.54000000000001,3.18000000000001,13.5743311957514,13.87226450165,8.95899496377851,8.99718833201609,60.5941171530373,59.688557801946,0.292313451931442,0,0,0,1
3.72,3.54000000000001,14.4107931992867,13.5743311957514,8.62370467101106,8.95899496377851,63.1354334270308,60.5941171530373,-1.92325516729135,0,0,0,0
3.55,3.72,14.4332525556122,14.4107931992867,7.81338305478875,8.62370467101106,63.1349925165571,63.1354334270308,0.637065780499267,0,0,0,0
3.84,3.55,14.5655415881193,14.4332525556122,7.55162739907519,7.81338305478875,63.8568751407383,63.1349925165571,0.0708645063531286,0,0,0,-1
3.95999999999999,3.84,14.5333835942963,14.5655415881193,7.18186940561732,7.55162739907519,59.6402137182143,63.8568751407383,-0.442791343315005,0,0,0,1
4.12999999999999,3.95999999999999,14.4177268715504,14.5333835942963,7.29128651706462,7.18186940561732,60.3073027324698,59.6402137182143,-0.122485714305558,0,0,0,0
4.12999999999999,4.12999999999999,14.6063564369971,14.4177268715504,7.18446678608522,7.29128651706462,61.101855549207,60.3073027324698,-0.34995749061331,0,0,0,0
4.42,4.12999999999999,13.9846354898796,14.6063564369971,7.36988786123257,7.18446678608522,62.5213707321576,61.101855549207,4.79853379400944,0,0,0,0
4.76000000000001,4.42,14.1502615679358,13.9846354898796,7.22627447155988,7.36988786123257,63.0489237912477,62.5213707321576,-3.14136377945639,0,0,0,0
5.22,4.76000000000001,14.2025006879804,14.1502615679358,7.2080459129027,7.22627447155988,62.4147788054527,63.0489237912477,-0.558636367477391,0,0,0,0
5.70999999999999,5.22,14.2161079089174,14.2025006879804,7.09162541645962,7.2080459129027,65.455278009148,62.4147788054527,0.0136584634519359,0,0,0,0
6.31,5.70999999999999,14.1696831781603,14.2161079089174,7.12379875307584,7.09162541645962,66.0543955230541,65.455278009148,0.354806192694786,0,0,0,0
6.48999999999999,6.31,14.2514846830325,14.1696831781603,7.12071823379613,7.12379875307584,66.6838748536755,66.0543955230541,-0.525692826875712,0,0,0,1
6.76000000000001,6.48999999999999,14.3674341430439,14.2514846830325,7.15483169379887,7.12071823379613,67.5586915310118,66.6838748536755,0.853238759669049,0,0,0,-1
6.94,6.76000000000001,13.7432184430373,14.3674341430439,7.54519357839872,7.15483169379887,68.1755199566561,67.5586915310118,0.223469131078785,0,0,0,0
7.3,6.94,14.1441215468674,13.7432184430373,7.2453227647464,7.54519357839872,68.5544819830391,68.1755199566561,-0.955130924869447,0,0,0,0
7.05,7.3,13.952081382687,14.1441215468674,7.35968490009216,7.2453227647464,68.7077724104495,68.5544819830391,0.0285164784650451,0,0,0,0
7.31,7.05,13.8751179945733,13.952081382687,7.7499661396904,7.35968490009216,69.6804509764478,68.7077724104495,0.496396877265354,0,0,0,0
7.93000000000001,7.31,13.9514859093202,13.8751179945733,7.66387745269439,7.7499661396904,70.2596516034448,69.6804509764478,-0.146076127954611,0,0,0,0
8.67,7.93000000000001,13.8913811175533,13.9514859093202,7.77088165233898,7.66387745269439,69.6680808748069,70.2596516034448,0.541858599931217,0,0,0,0
8.81999999999999,8.67,13.7463179348874,13.8913811175533,7.8671441793384,7.77088165233898,69.2484752094536,69.6680808748069,-0.624837717399792,0,0,0,0
8.48999999999999,8.81999999999999,13.7032984488357,13.7463179348874,8.09941590424857,7.8671441793384,70.5174182559089,69.2484752094536,5.29167397660498,0,0,0,-1
9.2,8.48999999999999,13.1529992267934,13.7032984488357,8.05585396377964,8.09941590424857,71.7765196970034,70.5174182559089,-3.44916572281051,0,0,0,0
9.13,9.2,13.4702965091174,13.1529992267934,8.33580435964068,8.05585396377964,73.3452601412777,71.7765196970034,-2.73710325735289,0,0,0,1
16.97,9.13,14.3471164367228,13.4702965091174,8.47814953261316,8.33580435964068,71.9884583254835,73.3452601412777,-1.87338904480528,0,0,0,0
17.75,16.97,14.205396893692,14.3471164367228,8.17381152537281,8.47814953261316,74.5106014862018,71.9884583254835,2.73143325452513,0,0,0,0
17.43,17.75,14.3194494788211,14.205396893692,7.08118334282628,8.17381152537281,73.4769773642184,74.5106014862018,-0.724260211531156,0,0,0,0
16.71,17.43,14.9083683823845,14.3194494788211,6.97843010685209,7.08118334282628,72.4894196823469,73.4769773642184,2.8657128594502,0,0,0,0
16.4,16.71,14.6640439516237,14.9083683823845,7.05404900145486,6.97843010685209,69.5931193829763,72.4894196823469,-0.506434658915303,0,0,0,1
16.15,16.4,14.6857233118075,14.6640439516237,7.43439445579401,7.05404900145486,69.3228247287348,69.5931193829763,-0.921732476157693,0,0,0,-1
15.71,16.15,14.6460413318727,14.6857233118075,7.38613194224813,7.43439445579401,70.1563160547029,69.3228247287348,-0.176982568817097,0,0,0,0
14.92,15.71,14.513795375804,14.6460413318727,7.83302952042285,7.38613194224813,67.9521662419521,70.1563160547029,-0.00987692322549982,0,0,0,0
14.31,14.92,14.7678734167845,14.513795375804,7.68977286281135,7.83302952042285,67.7817265480811,67.9521662419521,-2.08697942896877,0,0,0,0
14.68,14.31,14.5224399728893,14.7678734167845,7.23364109773627,7.68977286281135,67.3327265348987,67.7817265480811,1.48234527551285,0,0,0,1
14,14.68,14.6642154921984,14.5224399728893,8.18783181705075,7.23364109773627,69.9826713064792,67.3327265348987,-0.0858261368690396,0,0,0,-1
13.68,14,14.5114080401237,14.6642154921984,8.44277342774286,8.18783181705075,69.9448777959929,69.9826713064792,0.0855621893392779,0,0,0,0
5.66,13.68,14.3073916171097,14.5114080401237,8.45257657670211,8.44277342774286,70.5664089951245,69.9448777959929,-0.0694924849490306,0,0,0,0
4.28,5.66,14.2538027213356,14.3073916171097,8.53644344414369,8.45257657670211,71.6763987358302,70.5664089951245,-0.0150522367082608,0,0,0,1
4.31,4.28,13.56569268482,14.2538027213356,8.64642221689128,8.53644344414369,72.359840127512,71.6763987358302,0.757592946502786,0,0,0,-1
5.11,4.31,13.5942923899169,13.56569268482,8.70267076126407,8.64642221689128,73.2393504116135,72.359840127512,2.4972290169703,0,0,0,0
6.03,5.11,13.2964465602342,13.5942923899169,8.64909594645324,8.70267076126407,72.334320692747,73.2393504116135,-1.84168907065787,0,0,0,0
6.92,6.03,13.1547808895615,13.2964465602342,8.33424789305102,8.64909594645324,73.8961272726905,72.334320692747,0.850895361256956,0,0,0,0
7.45999999999999,6.92,13.0758044395592,13.1547808895615,8.31402642080289,8.33424789305102,75.3003409165532,73.8961272726905,-3.24247020059627,0,0,0,0
7.41,7.45999999999999,12.8955652710849,13.0758044395592,8.65139708752374,8.31402642080289,73.5014355186155,75.3003409165532,2.21008655524883,0,0,0,0
8.16,7.41,12.923814668648,12.8955652710849,8.45934624455815,8.65139708752374,73.7267700692158,73.5014355186155,-2.2378425154308,0,0,0,1
7.98999999999999,8.16,12.9734413268338,12.923814668648,8.1104878140838,8.45934624455815,72.5664965271107,73.7267700692158,1.51933748883128,0,0,0,-1
8.05,7.98999999999999,13.0456429888909,12.9734413268338,8.77005225436915,8.1104878140838,75.3007002587707,72.5664965271107,-0.0387339306838328,0,0,0,0
8.03,8.05,12.9222091530929,13.0456429888909,10.199105047565,8.77005225436915,74.2797896433322,75.3007002587707,-1.74209617894006,0,0,0,0
8.18000000000001,8.03,12.8415486655992,12.9222091530929,8.46677549380008,10.199105047565,74.249673664036,74.2797896433322,1.37820301786078,0,0,0,0
8.36,8.18000000000001,12.8360317805561,12.8415486655992,8.91812614062353,8.46677549380008,74.8573752221925,74.249673664036,-0.147723243239266,0,0,0,0
8.65000000000001,8.36,12.4634460333554,12.8360317805561,8.15389124671875,8.91812614062353,74.7770174407255,74.8573752221925,1.99752624521402,0,0,0,0
8.65000000000001,8.65000000000001,12.5615565347442,12.4634460333554,8.05107062473345,8.15389124671875,75.1232883418474,74.7770174407255,-3.32207411321289,0,0,0,1
9.33,8.65000000000001,11.5539365465049,12.5615565347442,10.2858449137462,8.05107062473345,73.5710764232356,75.1232883418474,2.57929124483088,0,0,0,-1
8.53,9.33,11.5096170538603,11.5539365465049,9.45986191198251,10.2858449137462,73.3252551531611,73.5710764232356,1.37150917776396,0,0,0,0
8.45,8.53,11.5114932943313,11.5096170538603,9.31086148575271,9.45986191198251,72.2277334521017,73.3252551531611,-1.69837436785221,0,0,0,0
8.55,8.45,11.3460014064185,11.5114932943313,9.24152703490631,9.31086148575271,69.4521988068212,72.2277334521017,-0.0926841374253904,0,0,0,0
9.05,8.55,11.4962595227443,11.3460014064185,10.7689532215029,9.24152703490631,66.6103773821089,69.4521988068212,0.0683155196827663,0,0,0,0
9.45,9.05,12.1621900668513,11.4962595227443,8.91396327085591,10.7689532215029,65.0920510667743,66.6103773821089,0.0971594068581645,0,0,0,1
10.04,9.45,12.1447878825617,12.1621900668513,9.14833812574594,8.91396327085591,64.4730925577689,65.0920510667743,0.167552665291165,0,0,0,-1
10.33,10.04,12.4041028153286,12.1447878825617,8.15003753076167,9.14833812574594,63.332149420206,64.4730925577689,-0.199229542945385,0,0,0,0
10.75,10.33,12.6419051928557,12.4041028153286,7.52781904438663,8.15003753076167,62.7997701368432,63.332149420206,0.230801283085562,0,0,0,0
10.86,10.75,12.599099704734,12.6419051928557,7.77967784769057,7.52781904438663,64.644751447344,62.7997701368432,-0.910546663580597,0,0,0,0
10.77,10.86,12.6788124635974,12.599099704734,7.45119008721816,7.77967784769057,64.2635404420948,64.644751447344,-1.10175622401147,0,0,0,0
10.27,10.77,13.0405959213545,12.6788124635974,8.06507124165285,7.45119008721816,65.0637461984255,64.2635404420948,1.65838241362351,0,0,0,0
9.65000000000001,10.27,12.2222055914593,13.0405959213545,8.77842642496425,8.06507124165285,63.3595681586655,65.0637461984255,-0.694869746936615,0,0,0,0
9.78,9.65000000000001,12.2392931310383,12.2222055914593,7.97972804189009,8.77842642496425,63.4158019462851,63.3595681586655,0.241865546751328,0,0,0,1
9.44,9.78,12.3156157500494,12.2392931310383,8.70404053723717,7.97972804189009,63.2637466698222,63.4158019462851,0.47542100114168,0,0,0,-1
5.22,0,13.4699820572755,0,10.3687398119373,0,51.3999226376415,0,-0.233318385153751,-0.233318385153751,0,0,0
5.48,5.22,13.4207033478359,13.4699820572755,10.5404143290373,10.3687398119373,52.2765906676811,51.3999226376415,0.0463141473731241,0.0463141473731241,0,0,0
5.48,5.48,13.284110564414,13.4207033478359,10.6352054447661,10.5404143290373,51.6626805255085,52.2765906676811,-0.35785203631988,-0.35785203631988,0,0,0
5.42,5.48,13.2194542712739,13.284110564414,10.6306888386546,10.6352054447661,52.1797364582643,51.6626805255085,-0.084639006412992,-0.084639006412992,0,0,1
4.95,5.42,13.0483051560864,13.2194542712739,10.4141856279321,10.6306888386546,52.660765228702,52.1797364582643,0.224833048530936,0.224833048530936,0,0,-1
5.01000000000001,4.95,13.2492049577922,13.0483051560864,10.2752360785829,10.4141856279321,52.1262782956501,52.660765228702,-0.0873685308722294,-0.0873685308722294,0,0,0
4.56999999999999,5.01000000000001,13.3739946721763,13.2492049577922,10.0100428245932,10.2752360785829,52.5933342955288,52.1262782956501,-0.544289851517746,-0.544289851517746,0,0,0
3.84999999999999,4.56999999999999,13.5393921212676,13.3739946721763,9.73948194224529,10.0100428245932,53.0467587656075,52.5933342955288,0.234458260675932,0.234458260675932,0,0,0
3.56999999999999,3.84999999999999,13.4222108347828,13.5393921212676,9.54675947965456,9.73948194224529,54.0280525837647,53.0467587656075,0.604131732419482,0.604131732419482,0,0,0
3.22,3.56999999999999,13.4743630060873,13.4222108347828,9.30294702572754,9.54675947965456,54.6908558870672,54.0280525837647,0.224298545394849,0.224298545394849,0,0,0
2.56,3.22,13.4174902954132,13.4743630060873,9.1597423688337,9.30294702572754,55.1945963272829,54.6908558870672,-0.172903457899903,-0.172903457899903,0,0,0
1.91,2.56,13.7063305687193,13.4174902954132,9.12107718284402,9.1597423688337,54.9690510981286,55.1945963272829,-0.295709351634354,-0.295709351634354,0,0,-1
1.84,1.91,13.8354353018709,13.7063305687193,8.97200680229133,9.12107718284402,55.4533008929516,54.9690510981286,-0.119794702308202,-0.119794702308202,0,0,0
2.2,1.84,13.5687298941253,13.8354353018709,8.92835678639097,8.97200680229133,56.0328028323913,55.4533008929516,0.292313451931442,0.292313451931442,0,0,1
2.90000000000001,2.2,14.3056623425224,13.5687298941253,8.82575634650871,8.92835678639097,55.0489942946512,56.0328028323913,-1.92325516729135,-1.92325516729135,0,0,0
2.64,2.90000000000001,14.2404301980606,14.3056623425224,7.98940249072074,8.82575634650871,55.1502057038465,55.0489942946512,0.637065780499267,0.637065780499267,0,0,0
2.73999999999999,2.64,14.4123469374846,14.2404301980606,7.76271899652316,7.98940249072074,55.6408938725338,55.1502057038465,0.0708645063531286,0.0708645063531286,0,0,-1
3,2.73999999999999,14.3933304334914,14.4123469374846,7.47331317461395,7.76271899652316,57.9506312933604,55.6408938725338,-0.442791343315005,-0.442791343315005,0,0,1
3.53,3,14.3381726959287,14.3933304334914,7.35321683482788,7.47331317461395,58.8616770543914,57.9506312933604,-0.122485714305558,-0.122485714305558,0,0,0
3.72,3.53,14.5543465450056,14.3381726959287,7.4190048816364,7.35321683482788,59.8437249324463,58.8616770543914,-0.34995749061331,-0.34995749061331,0,0,0
4.20999999999999,3.72,14.0539635734623,14.5543465450056,7.3845933049207,7.4190048816364,59.79004663544,59.8437249324463,4.79853379400944,4.79853379400944,0,0,0
4.73999999999999,4.20999999999999,14.1970332893384,14.0539635734623,7.348217116092,7.3845933049207,60.4315540627947,59.79004663544,-3.14136377945639,-3.14136377945639,0,0,0
5.06999999999999,4.73999999999999,14.1915391027123,14.1970332893384,7.47257907207149,7.348217116092,60.457673214396,60.4315540627947,-0.558636367477391,-0.558636367477391,0,0,0
5.52,5.06999999999999,14.2095020193441,14.1915391027123,7.3565569069829,7.47257907207149,60.7964754612917,60.457673214396,0.0136584634519359,0.0136584634519359,0,0,0
6.17,5.52,14.2028729352052,14.2095020193441,7.29560611164543,7.3565569069829,61.5491642169984,60.7964754612917,0.354806192694786,0.354806192694786,0,0,0
6.37999999999999,6.17,14.2148397919988,14.2028729352052,7.31040476349941,7.29560611164543,62.8481995606446,61.5491642169984,-0.525692826875712,-0.525692826875712,0,0,1
6.09999999999999,6.37999999999999,14.2602154725542,14.2148397919988,7.32600421348291,7.31040476349941,64.6953690167994,62.8481995606446,0.853238759669049,0.853238759669049,0,0,-1
6.70999999999999,6.09999999999999,13.7558804314636,14.2602154725542,7.36622489342962,7.32600421348291,65.6266545566741,64.6953690167994,0.223469131078785,0.223469131078785,0,0,0
7.81,6.70999999999999,14.1534400438122,13.7558804314636,7.34298771253573,7.36622489342962,66.5277650956463,65.6266545566741,-0.955130924869447,-0.955130924869447,0,0,0
7.58,7.81,14.0217724136748,14.1534400438122,7.93979765956594,7.34298771253573,66.6317425765146,66.5277650956463,0.0285164784650451,0.0285164784650451,0,0,0
7.76000000000001,7.58,13.9176486814607,14.0217724136748,8.12424070708349,7.93979765956594,67.524987204417,66.6317425765146,0.496396877265354,0.496396877265354,0,0,0
8.04000000000001,7.76000000000001,13.9357544720552,13.9176486814607,8.17890162087204,8.12424070708349,68.2201018968052,67.524987204417,-0.146076127954611,-0.146076127954611,0,0,0
9.08,8.04000000000001,13.8971529995712,13.9357544720552,8.21430865617363,8.17890162087204,68.1227413791758,68.2201018968052,0.541858599931217,0.541858599931217,0,0,0
8.97,9.08,13.7764983521974,13.8971529995712,8.11666302170236,8.21430865617363,68.7626267086263,68.1227413791758,-0.624837717399792,-0.624837717399792,0,0,0
9.25,8.97,13.7608354027822,13.7764983521974,7.98953600705035,8.11666302170236,70.0678955315157,68.7626267086263,5.29167397660498,5.29167397660498,0,0,-1
9.48999999999999,9.25,13.2621446693217,13.7608354027822,7.79533529371586,7.98953600705035,71.8717564035065,70.0678955315157,-3.44916572281051,-3.44916572281051,0,0,0
9.53,9.48999999999999,13.8754026643625,13.2621446693217,8.16484760840257,7.79533529371586,72.7384215399858,71.8717564035065,-2.73710325735289,-2.73710325735289,0,0,1
16.19,9.53,14.713340579713,13.8754026643625,7.75380325657141,8.16484760840257,71.7808818781271,72.7384215399858,-1.87338904480528,-1.87338904480528,0,0,0
17.49,16.19,14.5082169841374,14.713340579713,6.44770156070314,7.75380325657141,70.2242875003372,71.7808818781271,2.73143325452513,2.73143325452513,0,0,0
16.79,17.49,14.566036116848,14.5082169841374,5.95376275000627,6.44770156070314,69.5574603772023,70.2242875003372,-0.724260211531156,-0.724260211531156,0,0,0
15.12,16.79,15.1887768800829,14.566036116848,5.06364862904723,5.95376275000627,69.2526388492421,69.5574603772023,2.8657128594502,2.8657128594502,0,0,0
14.45,15.12,14.9643916954616,15.1887768800829,5.39544374337702,5.06364862904723,69.4312024870916,69.2526388492421,-0.506434658915303,-0.506434658915303,0,0,1
13.06,14.45,14.9866987933256,14.9643916954616,5.90625694394057,5.39544374337702,69.3407027507729,69.4312024870916,-0.921732476157693,-0.921732476157693,0,0,-1
13.08,13.06,14.9689056685121,14.9866987933256,5.75519881504307,5.90625694394057,69.6066964718289,69.3407027507729,-0.176982568817097,-0.176982568817097,0,0,0
11.5,13.08,14.9017706944967,14.9689056685121,6.11867483335502,5.75519881504307,70.5129350881763,69.6066964718289,-0.00987692322549982,-0.00987692322549982,0,0,0
11.14,11.5,15.0624783821786,14.9017706944967,6.05711504235331,6.11867483335502,70.8855867060798,70.5129350881763,-2.08697942896877,-2.08697942896877,0,0,0
10.98,11.14,14.8042380840561,15.0624783821786,5.10062979913467,6.05711504235331,71.6474642000075,70.8855867060798,1.48234527551285,1.48234527551285,0,0,1
11,10.98,14.985774411045,14.8042380840561,6.18041280115989,5.10062979913467,70.3170398091677,71.6474642000075,-0.0858261368690396,-0.0858261368690396,0,0,-1
10.69,11,14.8164098791686,14.985774411045,6.67620295488315,6.18041280115989,70.5289681030486,70.3170398091677,0.0855621893392779,0.0855621893392779,0,0,0
3.79000000000001,10.69,14.6142332587131,14.8164098791686,6.86912684997961,6.67620295488315,71.7837860711578,70.5289681030486,-0.0694924849490306,-0.0694924849490306,0,0,0
2.19,3.79000000000001,14.4289833338521,14.6142332587131,7.88602339907759,6.86912684997961,71.4323058281297,71.7837860711578,-0.0150522367082608,-0.0150522367082608,0,0,1
2.56999999999999,2.19,13.8872728607544,14.4289833338521,7.80915255297559,7.88602339907759,72.1664679239171,71.4323058281297,0.757592946502786,0.757592946502786,0,0,-1
3.48999999999999,2.56999999999999,13.8748447760281,13.8872728607544,7.91261835796994,7.80915255297559,73.0523680496718,72.1664679239171,2.4972290169703,2.4972290169703,0,0,0
5.22,3.48999999999999,13.6143640341611,13.8748447760281,7.75106083356455,7.91261835796994,74.4578316679389,73.0523680496718,-1.84168907065787,-1.84168907065787,0,0,0
6.3,5.22,13.5405407739317,13.6143640341611,7.48017415248696,7.75106083356455,75.9584271776137,74.4578316679389,0.850895361256956,0.850895361256956,0,0,0
7.06999999999999,6.3,13.4013988768502,13.5405407739317,7.21764909745594,7.48017415248696,77.7146705339425,75.9584271776137,-3.24247020059627,-3.24247020059627,0,0,0
7.72,7.06999999999999,13.1746989205569,13.4013988768502,7.46336092739845,7.21764909745594,78.7902838765678,77.7146705339425,2.21008655524883,2.21008655524883,0,0,0
8.23,7.72,13.1685622765528,13.1746989205569,7.19429363303707,7.46336092739845,79.822332021978,78.7902838765678,-2.2378425154308,-2.2378425154308,0,0,1
8.37,8.23,13.1529135467812,13.1685622765528,7.04550015101748,7.19429363303707,80.0445928795407,79.822332021978,1.51933748883128,1.51933748883128,0,0,-1
8.2,8.37,13.2250035039297,13.1529135467812,7.66475180865179,7.04550015101748,79.9602074615737,80.0445928795407,-0.0387339306838328,-0.0387339306838328,0,0,0
8.04000000000001,8.2,13.0913280930742,13.2250035039297,8.27245639465245,7.66475180865179,80.1042920192867,79.9602074615737,-1.74209617894006,-1.74209617894006,0,0,0
8,8.04000000000001,12.9630003839487,13.0913280930742,7.91291030571077,8.27245639465245,80.3937415398618,80.1042920192867,1.37820301786078,1.37820301786078,0,0,0
7.86,8,12.9110621983466,12.9630003839487,7.80398789892669,7.91291030571077,80.2618616831673,80.3937415398618,-0.147723243239266,-0.147723243239266,0,0,0
8.39,7.86,12.5109481072417,12.9110621983466,7.44674884428195,7.80398789892669,80.3788402543867,80.2618616831673,1.99752624521402,1.99752624521402,0,0,0
8.8,8.39,12.5390731165652,12.5109481072417,7.08062339156482,7.44674884428195,80.8030045152622,80.3788402543867,-3.32207411321289,-3.32207411321289,0,0,1
9.16,8.8,11.6982051710766,12.5390731165652,9.6591799253757,7.08062339156482,79.8406946113519,80.8030045152622,2.57929124483088,2.57929124483088,0,0,-1
9.48,9.16,11.656143376494,11.6982051710766,8.87436490323583,9.6591799253757,79.3975238598516,79.8406946113519,1.37150917776396,1.37150917776396,0,0,0
8.64,9.48,11.6620261942131,11.656143376494,8.59679535696317,8.87436490323583,78.5628266553685,79.3975238598516,-1.69837436785221,-1.69837436785221,0,0,0
8.48,8.64,11.5311172262129,11.6620261942131,8.99512885301518,8.59679535696317,77.1039681532582,78.5628266553685,-0.0926841374253904,-0.0926841374253904,0,0,0
8.89,8.48,11.6200187011729,11.5311172262129,8.55470211260775,8.99512885301518,75.5993621809197,77.1039681532582,0.0683155196827663,0.0683155196827663,0,0,0
9.48,8.89,12.163409999633,11.6200187011729,8.15792563756016,8.55470211260775,73.7187500163544,75.5993621809197,0.0971594068581645,0.0971594068581645,0,0,1
9.91,9.48,12.200245182482,12.163409999633,7.80019113924839,8.15792563756016,73.0256859955494,73.7187500163544,0.167552665291165,0.167552665291165,0,0,-1
10.17,9.91,12.4791698099067,12.200245182482,7.19059298373881,7.80019113924839,72.1415695565582,73.0256859955494,-0.199229542945385,-0.199229542945385,0,0,0
10.81,10.17,12.7616091654785,12.4791698099067,7.06390447783829,7.19059298373881,71.6255296972266,72.1415695565582,0.230801283085562,0.230801283085562,0,0,0
11.24,10.81,12.6772103233832,12.7616091654785,7.05086154872506,7.06390447783829,71.1317107693917,71.6255296972266,-0.910546663580597,-0.910546663580597,0,0,0
10.72,11.24,12.7499572376238,12.6772103233832,7.05074558441534,7.05086154872506,70.4976945568854,71.1317107693917,-1.10175622401147,-1.10175622401147,0,0,0
9.93000000000001,10.72,13.188703430364,12.7499572376238,6.94487265937462,7.05074558441534,70.0485601887709,70.4976945568854,1.65838241362351,1.65838241362351,0,0,0
8.87,9.93000000000001,12.3711553930839,13.188703430364,6.77534284431805,6.94487265937462,69.3016497766789,70.0485601887709,-0.694869746936615,-0.694869746936615,0,0,0
7.47,8.87,12.3839784936152,12.3711553930839,6.88824745817771,6.77534284431805,69.1560052410505,69.3016497766789,0.241865546751328,0.241865546751328,0,0,1
7.62999999999999,7.47,12.3689527173734,12.3839784936152,7.25817696566958,6.88824745817771,69.0297194852765,69.1560052410505,0.47542100114168,0.47542100114168,0,0,-1
5.47,0,13.5179011386224,0,10.1704110954654,0,77.4076402659939,0,-0.233318385153751,0,-0.233318385153751,0,0
5.69,5.47,13.4819124988441,13.5179011386224,10.4869224892565,10.1704110954654,73.6438108482295,77.4076402659939,0.0463141473731241,0,0.0463141473731241,0,0
5.62000000000001,5.69,13.3640124201169,13.4819124988441,10.6839681118841,10.4869224892565,68.7333034798034,73.6438108482295,-0.35785203631988,0,-0.35785203631988,0,0
5.73999999999999,5.62000000000001,13.3115415645319,13.3640124201169,10.6384524012505,10.6839681118841,65.2523729592818,68.7333034798034,-0.084639006412992,0,-0.084639006412992,0,1
5.23,5.73999999999999,13.1278673066929,13.3115415645319,10.3803405645108,10.6384524012505,62.3278185412594,65.2523729592818,0.224833048530936,0,0.224833048530936,0,-1
5.54000000000001,5.23,13.3571409262607,13.1278673066929,10.3700558995053,10.3803405645108,59.4263604680404,62.3278185412594,-0.0873685308722294,0,-0.0873685308722294,0,0
4.97,5.54000000000001,13.4602145973178,13.3571409262607,10.0361234701467,10.3700558995053,58.075787029367,59.4263604680404,-0.544289851517746,0,-0.544289851517746,0,0
4.61,4.97,13.6375111074898,13.4602145973178,9.70363563340635,10.0361234701467,56.5446231654865,58.075787029367,0.234458260675932,0,0.234458260675932,0,0
4.37000000000001,4.61,13.5317257617957,13.6375111074898,9.59164303431927,9.70363563340635,53.8459833687716,56.5446231654865,0.604131732419482,0,0.604131732419482,0,0
4.03,4.37000000000001,13.5405666192709,13.5317257617957,9.33765416606042,9.59164303431927,52.2796805727726,53.8459833687716,0.224298545394849,0,0.224298545394849,0,0
3.83,4.03,13.4469882572129,13.5405666192709,9.1498977651236,9.33765416606042,50.0584130994071,52.2796805727726,-0.172903457899903,0,-0.172903457899903,0,0
3.16,3.83,13.4991268886981,13.4469882572129,9.03745998926925,9.1498977651236,50.2979600176958,50.0584130994071,-0.295709351634354,0,-0.295709351634354,0,-1
2.87,3.16,13.6265062931773,13.4991268886981,8.95875905930397,9.03745998926925,50.5761558178311,50.2979600176958,-0.119794702308202,0,-0.119794702308202,0,0
2.73999999999999,2.87,13.3903845317133,13.6265062931773,8.93927919398408,8.95875905930397,51.0354253721873,50.5761558178311,0.292313451931442,0,0.292313451931442,0,1
3.18000000000001,2.73999999999999,14.1517168988001,13.3903845317133,8.81901284479537,8.93927919398408,51.5950467917165,51.0354253721873,-1.92325516729135,0,-1.92325516729135,0,0
2.84999999999999,3.18000000000001,14.1297310033293,14.1517168988001,8.06942975483446,8.81901284479537,51.2367865725175,51.5950467917165,0.637065780499267,0,0.637065780499267,0,0
2.93000000000001,2.84999999999999,14.286358553658,14.1297310033293,7.83836474955486,8.06942975483446,51.2881332393355,51.2367865725175,0.0708645063531286,0,0.0708645063531286,0,-1
3,2.93000000000001,14.2035870347485,14.286358553658,7.58400903534498,7.83836474955486,52.6075560174206,51.2881332393355,-0.442791343315005,0,-0.442791343315005,0,1
3.06999999999999,3,14.1026528491839,14.2035870347485,7.37981875266948,7.58400903534498,53.3163868421804,52.6075560174206,-0.122485714305558,0,-0.122485714305558,0,0
3.31,3.06999999999999,14.2797254036073,14.1026528491839,7.46897877329045,7.37981875266948,54.0399113759369,53.3163868421804,-0.34995749061331,0,-0.34995749061331,0,0
3.55,3.31,13.6908837702674,14.2797254036073,7.40802268644171,7.46897877329045,54.6097142615706,54.0399113759369,4.79853379400944,0,4.79853379400944,0,0
4.31,3.55,13.844157645844,13.6908837702674,7.54511486160659,7.40802268644171,54.2603512687129,54.6097142615706,-3.14136377945639,0,-3.14136377945639,0,0
4.69,4.31,13.9041946807043,13.844157645844,7.6222073586649,7.54511486160659,53.7145284084489,54.2603512687129,-0.558636367477391,0,-0.558636367477391,0,0
5.05,4.69,13.9111400632786,13.9041946807043,7.41621815790592,7.6222073586649,53.1891683774561,53.7145284084489,0.0136584634519359,0,0.0136584634519359,0,0
5.31999999999999,5.05,13.8905675294475,13.9111400632786,7.45543984329345,7.41621815790592,53.5225322919386,53.1891683774561,0.354806192694786,0,0.354806192694786,0,0
5.51000000000001,5.31999999999999,13.9993230671629,13.8905675294475,7.43297512654954,7.45543984329345,54.3235884685835,53.5225322919386,-0.525692826875712,0,-0.525692826875712,0,1
5.68000000000001,5.51000000000001,14.087256560165,13.9993230671629,7.49075158943513,7.43297512654954,54.7006250711263,54.3235884685835,0.853238759669049,0,0.853238759669049,0,-1
6.56999999999999,5.68000000000001,13.5337008489042,14.087256560165,7.48638190234253,7.49075158943513,55.7653514030795,54.7006250711263,0.223469131078785,0,0.223469131078785,0,0
7.01000000000001,6.56999999999999,13.9761565887314,13.5337008489042,7.35277075893825,7.48638190234253,56.3804202225255,55.7653514030795,-0.955130924869447,0,-0.955130924869447,0,0
7.18000000000001,7.01000000000001,13.8337147735704,13.9761565887314,7.81204043741756,7.35277075893825,56.9939069872962,56.3804202225255,0.0285164784650451,0,0.0285164784650451,0,0
7.42,7.18000000000001,13.7477102707375,13.8337147735704,7.92600032638945,7.81204043741756,57.7901917562724,56.9939069872962,0.496396877265354,0,0.496396877265354,0,0
7.91,7.42,13.7987271972392,13.7477102707375,7.98958010539222,7.92600032638945,58.2606335421815,57.7901917562724,-0.146076127954611,0,-0.146076127954611,0,0
8.75,7.91,13.7441437332136,13.7987271972392,8.00804188926997,7.98958010539222,58.7834661751209,58.2606335421815,0.541858599931217,0,0.541858599931217,0,0
8.90000000000001,8.75,13.5927985007906,13.7441437332136,8.02355044404632,8.00804188926997,58.520826299496,58.7834661751209,-0.624837717399792,0,-0.624837717399792,0,0
9.04000000000001,8.90000000000001,13.554729374418,13.5927985007906,8.12760713776166,8.02355044404632,58.2266565199378,58.520826299496,5.29167397660498,0,5.29167397660498,0,-1
9.56,9.04000000000001,12.9995356357768,13.554729374418,8.29415550943439,8.12760713776166,60.4161981975309,58.2266565199378,-3.44916572281051,0,-3.44916572281051,0,0
9.77,9.56,13.3467616652692,12.9995356357768,8.452042220411,8.29415550943439,60.7053573382962,60.4161981975309,-2.73710325735289,0,-2.73710325735289,0,1
18.56,9.77,14.201694665032,13.3467616652692,8.52137873746665,8.452042220411,59.1205297102656,60.7053573382962,-1.87338904480528,0,-1.87338904480528,0,0
19.34,18.56,13.9899797069477,14.201694665032,8.45252890749964,8.52137873746665,57.4409117759834,59.1205297102656,2.73143325452513,0,2.73143325452513,0,0
17.4,19.34,14.0785947179965,13.9899797069477,8.06757491684978,8.45252890749964,56.5500607648554,57.4409117759834,-0.724260211531156,0,-0.724260211531156,0,0
15.92,17.4,14.7573066357956,14.0785947179965,8.16846318058085,8.06757491684978,56.3423382360288,56.5500607648554,2.8657128594502,0,2.8657128594502,0,0
15.34,15.92,14.4987995143157,14.7573066357956,7.90299458823181,8.16846318058085,56.3155783609396,56.3423382360288,-0.506434658915303,0,-0.506434658915303,0,1
14.37,15.34,14.5529507091537,14.4987995143157,7.73251979963707,7.90299458823181,56.4584883334772,56.3155783609396,-0.921732476157693,0,-0.921732476157693,0,-1
13.63,14.37,14.5337677734848,14.5529507091537,7.75169527130653,7.73251979963707,56.809804458941,56.4584883334772,-0.176982568817097,0,-0.176982568817097,0,0
12.65,13.63,14.4329243576901,14.5337677734848,8.13167115303459,7.75169527130653,56.3484134932069,56.809804458941,-0.00987692322549982,0,-0.00987692322549982,0,0
11.99,12.65,14.6524743961244,14.4329243576901,8.04247590470382,8.13167115303459,56.3299036361158,56.3484134932069,-2.08697942896877,0,-2.08697942896877,0,0
12.09,11.99,14.4292445906912,14.6524743961244,7.69642457734909,8.04247590470382,55.9784370859594,56.3299036361158,1.48234527551285,0,1.48234527551285,0,1
11.31,12.09,14.5890195954555,14.4292445906912,8.86337070129643,7.69642457734909,56.9333852699656,55.9784370859594,-0.0858261368690396,0,-0.0858261368690396,0,-1
10.73,11.31,14.4161796909267,14.5890195954555,8.86388834340999,8.86337070129643,56.7984877713243,56.9333852699656,0.0855621893392779,0,0.0855621893392779,0,0
2.45999999999999,10.73,14.2317811191365,14.4161796909267,8.73452148991292,8.86388834340999,57.9690118639377,56.7984877713243,-0.0694924849490306,0,-0.0694924849490306,0,0
1.23,2.45999999999999,14.0737866200581,14.2317811191365,8.93697645216203,8.73452148991292,56.3888073965342,57.9690118639377,-0.0150522367082608,0,-0.0150522367082608,0,1
2.31999999999999,1.23,13.4761536361092,14.0737866200581,8.93366206640845,8.93697645216203,56.950650918124,56.3888073965342,0.757592946502786,0,0.757592946502786,0,-1
3.39,2.31999999999999,13.4575849920368,13.4761536361092,8.95237160431348,8.93366206640845,57.7492832200535,56.950650918124,2.4972290169703,0,2.4972290169703,0,0
4.20999999999999,3.39,13.1872331837715,13.4575849920368,8.67446455436061,8.95237160431348,58.4138393357171,57.7492832200535,-1.84168907065787,0,-1.84168907065787,0,0
5.54000000000001,4.20999999999999,13.1052809653636,13.1872331837715,8.47425805942164,8.67446455436061,59.69406511508,58.4138393357171,0.850895361256956,0,0.850895361256956,0,0
6.66,5.54000000000001,13.0431069994561,13.1052809653636,8.52288804524924,8.47425805942164,60.8551447703053,59.69406511508,-3.24247020059627,0,-3.24247020059627,0,0
7.61,6.66,12.8573705896424,13.0431069994561,8.95403458744956,8.52288804524924,60.6600463055963,60.8551447703053,2.21008655524883,0,2.21008655524883,0,0
8.20999999999999,7.61,12.9079421246283,12.8573705896424,8.83936030431178,8.95403458744956,60.677037090169,60.6600463055963,-2.2378425154308,0,-2.2378425154308,0,1
7.78,8.20999999999999,12.921457232144,12.9079421246283,8.48224371844019,8.83936030431178,59.6548330892992,60.677037090169,1.51933748883128,0,1.51933748883128,0,-1
8.38,7.78,13.0185841530673,12.921457232144,8.89917504388518,8.48224371844019,60.0685016682907,59.6548330892992,-0.0387339306838328,0,-0.0387339306838328,0,0
8.47,8.38,12.9006335605273,13.0185841530673,9.32310137425087,8.89917504388518,59.6667399960207,60.0685016682907,-1.74209617894006,0,-1.74209617894006,0,0
8.45999999999999,8.47,12.8076476683677,12.9006335605273,8.62273913901293,9.32310137425087,59.1375712844048,59.6667399960207,1.37820301786078,0,1.37820301786078,0,0
8.72,8.45999999999999,12.7697650402633,12.8076476683677,8.59087027722442,8.62273913901293,58.3019255008407,59.1375712844048,-0.147723243239266,0,-0.147723243239266,0,0
8.93000000000001,8.72,12.4115885312064,12.7697650402633,8.32052744397271,8.59087027722442,58.2239938522043,58.3019255008407,1.99752624521402,0,1.99752624521402,0,0
8.95,8.93000000000001,12.5030187224831,12.4115885312064,7.52030192592732,8.32052744397271,58.7004859803186,58.2239938522043,-3.32207411321289,0,-3.32207411321289,0,1
9.45999999999999,8.95,11.5770353167793,12.5030187224831,10.4961897821432,7.52030192592732,57.3371436671459,58.7004859803186,2.57929124483088,0,2.57929124483088,0,-1
9.34,9.45999999999999,11.5666740203955,11.5770353167793,9.62460675208512,10.4961897821432,57.3238752516136,57.3371436671459,1.37150917776396,0,1.37150917776396,0,0
8.59,9.34,11.5621772783952,11.5666740203955,8.78512056946702,9.62460675208512,56.5536582770269,57.3238752516136,-1.69837436785221,0,-1.69837436785221,0,0
8.56999999999999,8.59,11.4149162291788,11.5621772783952,10.5855663755301,8.78512056946702,54.3315749698878,56.5536582770269,-0.0926841374253904,0,-0.0926841374253904,0,0
8.90000000000001,8.56999999999999,11.5334148674471,11.4149162291788,11.0684143912626,10.5855663755301,51.9399345228268,54.3315749698878,0.0683155196827663,0,0.0683155196827663,0,0
9.62,8.90000000000001,12.142018343302,11.5334148674471,9.41324781961335,11.0684143912626,49.8778965737145,51.9399345228268,0.0971594068581645,0,0.0971594068581645,0,1
10.14,9.62,12.1640077758912,12.142018343302,9.66359050503103,9.41324781961335,52.4194865690084,49.8778965737145,0.167552665291165,0,0.167552665291165,0,-1
10.56,10.14,12.4374109656844,12.1640077758912,7.75104558644463,9.66359050503103,51.6536797728634,52.4194865690084,-0.199229542945385,0,-0.199229542945385,0,0
11.13,10.56,12.7068036608666,12.4374109656844,7.95851687856814,7.75104558644463,51.3153778305856,51.6536797728634,0.230801283085562,0,0.230801283085562,0,0
10.98,11.13,12.6378401492493,12.7068036608666,7.26427856085824,7.95851687856814,49.7598097618856,51.3153778305856,-0.910546663580597,0,-0.910546663580597,0,0
10.57,10.98,12.7661333777431,12.6378401492493,7.28194450190469,7.26427856085824,49.3991348565583,49.7598097618856,-1.10175622401147,0,-1.10175622401147,0,0
10.56,10.57,13.2225893710862,12.7661333777431,7.24472410643733,7.28194450190469,48.7667602859713,49.3991348565583,1.65838241362351,0,1.65838241362351,0,0
9.53,10.56,12.342548746881,13.2225893710862,7.41426537354216,7.24472410643733,47.9827946304102,48.7667602859713,-0.694869746936615,0,-0.694869746936615,0,0
8.91,9.53,12.3767295682328,12.342548746881,8.02421924403084,7.41426537354216,47.8390945585072,47.9827946304102,0.241865546751328,0,0.241865546751328,0,1
8.83,8.91,12.3969277507298,12.3767295682328,7.96467066671343,8.02421924403084,47.5750570448603,47.8390945585072,0.47542100114168,0,0.47542100114168,0,-1
5.22,0,13.928274761098,0,10.1425975881761,0,70.9598999256633,0,-0.233318385153751,0,0,0,0
5.09999999999999,5.22,13.9416831197092,13.928274761098,10.5168056460333,10.1425975881761,71.7474549342563,70.9598999256633,0.0463141473731241,0,0,0,0
5.03,5.09999999999999,13.8755398186992,13.9416831197092,10.5665710134505,10.5168056460333,69.8445113994546,71.7474549342563,-0.35785203631988,0,0,0,0
4.83,5.03,13.8304423408216,13.8755398186992,10.4884320281,10.5665710134505,70.4063334656105,69.8445113994546,-0.084639006412992,0,0,0,1
4.56,4.83,13.5538931494055,13.8304423408216,10.3657716018729,10.4884320281,70.9190712059181,70.4063334656105,0.224833048530936,0,0,0,-1
4.58,4.56,13.7887947480369,13.5538931494055,10.3775104627927,10.3657716018729,73.8134591825615,70.9190712059181,-0.0873685308722294,0,0,0,0
4.36,4.58,13.8503325012573,13.7887947480369,9.92893119306884,10.3775104627927,74.7556397219277,73.8134591825615,-0.544289851517746,0,0,0,0
4.2,4.36,13.9846349630586,13.8503325012573,9.78683573485996,9.92893119306884,75.3604638752975,74.7556397219277,0.234458260675932,0,0,0,0
4.25,4.2,13.8494744283715,13.9846349630586,9.50242324411639,9.78683573485996,73.2687966885861,75.3604638752975,0.604131732419482,0,0,0,0
3.93000000000001,4.25,13.8533053353332,13.8494744283715,9.34088346618294,9.50242324411639,73.5213986196222,73.2687966885861,0.224298545394849,0,0,0,0
3.20999999999999,3.93000000000001,13.6953913627003,13.8533053353332,9.20115185492598,9.34088346618294,72.7962999601068,73.5213986196222,-0.172903457899903,0,0,0,0
2.59999999999999,3.20999999999999,13.6073223503602,13.6953913627003,9.22054529682171,9.20115185492598,72.7494449365197,72.7962999601068,-0.295709351634354,0,0,0,-1
2.41,2.59999999999999,13.7379535042583,13.6073223503602,8.9863674623631,9.22054529682171,72.609884620932,72.7494449365197,-0.119794702308202,0,0,0,0
2.79000000000001,2.41,13.4661220774811,13.7379535042583,8.96325409355134,8.9863674623631,73.0972394686483,72.609884620932,0.292313451931442,0,0,0,1
3.52,2.79000000000001,14.3952355948969,13.4661220774811,8.78960019753933,8.96325409355134,70.981396568326,73.0972394686483,-1.92325516729135,0,0,0,0
3.62,3.52,14.3974356317884,14.3952355948969,7.78991339278393,8.78960019753933,70.8781318626296,70.981396568326,0.637065780499267,0,0,0,0
3.79000000000001,3.62,14.5613004922367,14.3974356317884,7.85140735966052,7.78991339278393,70.9723831711708,70.8781318626296,0.0708645063531286,0,0,0,-1
3.77,3.79000000000001,14.495945708396,14.5613004922367,7.57782420858762,7.85140735966052,75.1219255132945,70.9723831711708,-0.442791343315005,0,0,0,1
4.06999999999999,3.77,14.3819112043672,14.495945708396,7.42257046800428,7.57782420858762,76.0730029802232,75.1219255132945,-0.122485714305558,0,0,0,0
4.23999999999999,4.06999999999999,14.5799769853247,14.3819112043672,7.58670202139539,7.42257046800428,76.9462960080915,76.0730029802232,-0.34995749061331,0,0,0,0
4.45999999999999,4.23999999999999,13.9227338549413,14.5799769853247,7.33063130110711,7.58670202139539,76.3074323840123,76.9462960080915,4.79853379400944,0,0,0,0
5.26000000000001,4.45999999999999,14.1128329665905,13.9227338549413,7.56814031310569,7.33063130110711,76.3458506510068,76.3074323840123,-3.14136377945639,0,0,0,0
5.91,5.26000000000001,14.1173954258918,14.1128329665905,7.59994813350347,7.56814031310569,76.1216366811348,76.3458506510068,-0.558636367477391,0,0,0,0
5.84999999999999,5.91,14.1618536810323,14.1173954258918,7.33632134424909,7.59994813350347,78.156199971279,76.1216366811348,0.0136584634519359,0,0,0,0
6.31,5.84999999999999,14.1342095313086,14.1618536810323,7.34411620392743,7.33632134424909,78.7654986585938,78.156199971279,0.354806192694786,0,0,0,0
6.42,6.31,14.2262323553833,14.1342095313086,7.06310046948,7.34411620392743,79.7789462140959,78.7654986585938,-0.525692826875712,0,0,0,1
6.37999999999999,6.42,14.4088810125276,14.2262323553833,7.21865237483512,7.06310046948,79.8323798963787,79.7789462140959,0.853238759669049,0,0,0,-1
6.78,6.37999999999999,13.7451114218069,14.4088810125276,7.31289456314309,7.21865237483512,80.8019052839197,79.8323798963787,0.223469131078785,0,0,0,0
7.40000000000001,6.78,14.1953645404269,13.7451114218069,6.98417935611552,7.31289456314309,81.9414796294273,80.8019052839197,-0.955130924869447,0,0,0,0
7.67,7.40000000000001,14.024513271531,14.1953645404269,7.58268483208558,6.98417935611552,82.1984820255356,81.9414796294273,0.0285164784650451,0,0,0,0
7.65000000000001,7.67,13.8852751617945,14.024513271531,7.83282615741327,7.58268483208558,83.4373854241953,82.1984820255356,0.496396877265354,0,0,0,0
8,7.65000000000001,13.9712442483924,13.8852751617945,7.6286064132903,7.83282615741327,83.9471711212494,83.4373854241953,-0.146076127954611,0,0,0,0
9.33,8,13.9043663094232,13.9712442483924,7.82209633934996,7.6286064132903,85.8608624029974,83.9471711212494,0.541858599931217,0,0,0,0
9.23,9.33,13.736394556071,13.9043663094232,7.64430086964432,7.82209633934996,85.5790577049785,85.8608624029974,-0.624837717399792,0,0,0,0
9.01000000000001,9.23,13.717617399056,13.736394556071,8.0251046226239,7.64430086964432,86.0258225871914,85.5790577049785,5.29167397660498,0,0,0,-1
10.31,9.01000000000001,13.1408172080267,13.717617399056,7.71499656096668,8.0251046226239,84.9775794499844,86.0258225871914,-3.44916572281051,0,0,0,0
10.5,10.31,13.4003334066536,13.1408172080267,8.15032296218903,7.71499656096668,85.5036159979223,84.9775794499844,-2.73710325735289,0,0,0,1
17.59,10.5,14.3365341910752,13.4003334066536,8.00465236062207,8.15032296218903,84.9688006382541,85.5036159979223,-1.87338904480528,0,0,0,0
18.74,17.59,14.1809690840922,14.3365341910752,8.04802997507213,8.00465236062207,85.7711532890959,84.9688006382541,2.73143325452513,0,0,0,0
18.33,18.74,14.265383250165,14.1809690840922,7.43197381496495,8.04802997507213,84.3197413854778,85.7711532890959,-0.724260211531156,0,0,0,0
16.8,18.33,14.9533103947405,14.265383250165,7.42882238978659,7.43197381496495,83.5167311268875,84.3197413854778,2.8657128594502,0,0,0,0
15.49,16.8,14.6814018004468,14.9533103947405,7.43610983999189,7.42882238978659,82.3547163637356,83.5167311268875,-0.506434658915303,0,0,0,1
14.41,15.49,14.7083366383314,14.6814018004468,7.48263078686049,7.43610983999189,81.9663444107126,82.3547163637356,-0.921732476157693,0,0,0,-1
13.94,14.41,14.6839128564841,14.7083366383314,7.53955566695219,7.48263078686049,82.2734674435088,81.9663444107126,-0.176982568817097,0,0,0,0
12.33,13.94,14.5792213430809,14.6839128564841,8.23652569230817,7.53955566695219,82.9789800724115,82.2734674435088,-0.00987692322549982,0,0,0,0
11.49,12.33,14.8459287356955,14.5792213430809,7.87854632503603,8.23652569230817,82.6814026768277,82.9789800724115,-2.08697942896877,0,0,0,0
11.33,11.49,14.6057684888252,14.8459287356955,7.35294745717318,7.87854632503603,81.7684707415204,82.6814026768277,1.48234527551285,0,0,0,1
10.45,11.33,14.7693446906324,14.6057684888252,8.79454714577741,7.35294745717318,80.6441988301324,81.7684707415204,-0.0858261368690396,0,0,0,-1
9.81999999999999,10.45,14.5962676134339,14.7693446906324,8.59236872991082,8.79454714577741,80.1864082615481,80.6441988301324,0.0855621893392779,0,0,0,0
2.43000000000001,9.81999999999999,14.445411443149,14.5962676134339,8.44065330498673,8.59236872991082,80.0762703542862,80.1864082615481,-0.0694924849490306,0,0,0,0
1.06,2.43000000000001,14.3220833554638,14.445411443149,9.00260670394528,8.44065330498673,78.7131315719099,80.0762703542862,-0.0150522367082608,0,0,0,1
1.19,1.06,13.6142255193585,14.3220833554638,8.91524772650416,9.00260670394528,78.4562411266375,78.7131315719099,0.757592946502786,0,0,0,-1
2,1.19,13.6326099426444,13.6142255193585,8.89776865285607,8.91524772650416,78.9163019562765,78.4562411266375,2.4972290169703,0,0,0,0
3.29000000000001,2,13.3270521870585,13.6326099426444,8.7568998485042,8.89776865285607,78.9811363071597,78.9163019562765,-1.84168907065787,0,0,0,0
5.12000000000001,3.29000000000001,13.202559354536,13.3270521870585,8.3604419348176,8.7568998485042,80.4671840828532,78.9811363071597,0.850895361256956,0,0,0,0
6.03,5.12000000000001,13.126946927835,13.202559354536,8.41641459767439,8.3604419348176,81.6603968851382,80.4671840828532,-3.24247020059627,0,0,0,0
6.59999999999999,6.03,12.9003982266696,13.126946927835,8.95427108396055,8.41641459767439,81.0910566988791,81.6603968851382,2.21008655524883,0,0,0,0
7.26000000000001,6.59999999999999,12.9231879345392,12.9003982266696,8.53764296180038,8.95427108396055,80.7892482761398,81.0910566988791,-2.2378425154308,0,0,0,1
7.26000000000001,7.26000000000001,12.9666790287488,12.9231879345392,8.54149413987869,8.53764296180038,79.1754784417071,80.7892482761398,1.51933748883128,0,0,0,-1
7.73999999999999,7.26000000000001,13.0461206559091,12.9666790287488,9.18163145503296,8.54149413987869,78.7907928757015,79.1754784417071,-0.0387339306838328,0,0,0,0
8.13,7.73999999999999,12.9131312316341,13.0461206559091,9.61503731777577,9.18163145503296,77.9643482467168,78.7907928757015,-1.74209617894006,0,0,0,0
8.28,8.13,12.8486109508425,12.9131312316341,8.79698185827421,9.61503731777577,77.8644988490161,77.9643482467168,1.37820301786078,0,0,0,0
8.01000000000001,8.28,12.8577404268547,12.8486109508425,8.91464853013742,8.79698185827421,77.9181971991902,77.8644988490161,-0.147723243239266,0,0,0,0
7.72,8.01000000000001,12.4802390801137,12.8577404268547,8.60890128500371,8.91464853013742,77.4262910752915,77.9181971991902,1.99752624521402,0,0,0,0
7.84999999999999,7.72,12.5889092102628,12.4802390801137,8.25177690632508,8.60890128500371,78.1719440730916,77.4262910752915,-3.32207411321289,0,0,0,1
8.16,7.84999999999999,11.5544065875807,12.5889092102628,10.9471388467938,8.25177690632508,77.5836167059772,78.1719440730916,2.57929124483088,0,0,0,-1
7.45,8.16,11.5361810079715,11.5544065875807,10.0121222429878,10.9471388467938,77.2101618056248,77.5836167059772,1.37150917776396,0,0,0,0
7.31,7.45,11.5430969329247,11.5361810079715,9.17848012679032,10.0121222429878,76.2054588820241,77.2101618056248,-1.69837436785221,0,0,0,0
7.70999999999999,7.31,11.3762217437009,11.5430969329247,10.464907132131,9.17848012679032,75.3019306398255,76.2054588820241,-0.0926841374253904,0,0,0,0
8.41,7.70999999999999,11.5204652084362,11.3762217437009,8.99071682293516,10.464907132131,70.9738341945867,75.3019306398255,0.0683155196827663,0,0,0,0
9.56,8.41,12.2617435125971,11.5204652084362,8.86057365210572,8.99071682293516,68.2971054118915,70.9738341945867,0.0971594068581645,0,0,0,1
9.79000000000001,9.56,12.2072625867571,12.2617435125971,8.04810793407425,8.86057365210572,65.5644899977665,68.2971054118915,0.167552665291165,0,0,0,-1
10.02,9.79000000000001,12.508785702401,12.2072625867571,8.43168474151531,8.04810793407425,64.4705037721434,65.5644899977665,-0.199229542945385,0,0,0,0
10.23,10.02,12.7956808483495,12.508785702401,8.02102952534149,8.43168474151531,63.5595937950352,64.4705037721434,0.230801283085562,0,0,0,0
11.12,10.23,12.7551289693314,12.7956808483495,7.8061632982509,8.02102952534149,62.8314379555988,63.5595937950352,-0.910546663580597,0,0,0,0
11.1,11.12,12.8395175769749,12.7551289693314,7.78545880693159,7.8061632982509,62.4688861637427,62.8314379555988,-1.10175622401147,0,0,0,0
10.9,11.1,13.2722314310443,12.8395175769749,7.86802977535102,7.78545880693159,61.6179977379397,62.4688861637427,1.65838241362351,0,0,0,0
10.3,10.9,12.3562427028999,13.2722314310443,7.63363887751469,7.86802977535102,60.4783577440309,61.6179977379397,-0.694869746936615,0,0,0,0
9.48,10.3,12.4052645554615,12.3562427028999,7.59276070024918,7.63363887751469,60.6166344975801,60.4783577440309,0.241865546751328,0,0,0,1
9.17,9.48,12.3809672585644,12.4052645554615,8.94836940603373,7.59276070024918,60.586739060403,60.6166344975801,0.47542100114168,0,0,0,-1
6.22,0,13.7267703639483,0,10.1986534874868,0,51.3444445190921,0,-0.233318385153751,0,0,0,0
6.37999999999999,6.22,13.7910096764847,13.7267703639483,10.5911365870191,10.1986534874868,51.7064208899195,51.3444445190921,0.0463141473731241,0,0,0,0
6.09999999999999,6.37999999999999,13.6361124266692,13.7910096764847,10.5748538826895,10.5911365870191,52.1791092346909,51.7064208899195,-0.35785203631988,0,0,0,0
6.06999999999999,6.09999999999999,13.5894320086669,13.6361124266692,10.5128789494504,10.5748538826895,52.7492231046338,52.1791092346909,-0.084639006412992,0,0,0,1
5.54000000000001,6.06999999999999,13.3139660439866,13.5894320086669,10.2831086561803,10.5128789494504,52.991207080606,52.7492231046338,0.224833048530936,0,0,0,-1
5.67,5.54000000000001,13.5221777133392,13.3139660439866,10.1327195351502,10.2831086561803,53.0737262651041,52.991207080606,-0.0873685308722294,0,0,0,0
5.45999999999999,5.67,13.6055555631596,13.5221777133392,9.83909637620318,10.1327195351502,53.4932692846939,53.0737262651041,-0.544289851517746,0,0,0,0
5,5.45999999999999,13.7981891720606,13.6055555631596,9.65324240314588,9.83909637620318,53.7398753940869,53.4932692846939,0.234458260675932,0,0,0,0
4.15000000000001,5,13.7297054030837,13.7981891720606,9.40777644513939,9.65324240314588,53.5736618019794,53.7398753940869,0.604131732419482,0,0,0,0
3.91,4.15000000000001,13.7995127774854,13.7297054030837,9.07051190599864,9.40777644513939,53.8015593660558,53.5736618019794,0.224298545394849,0,0,0,0
3.23,3.91,13.6444837905176,13.7995127774854,9.12348869149037,9.07051190599864,53.5419508615861,53.8015593660558,-0.172903457899903,0,0,0,0
2.78,3.23,13.6780025904528,13.6444837905176,9.03267258655038,9.12348869149037,54.1539088055755,53.5419508615861,-0.295709351634354,0,0,0,-1
2.73999999999999,2.78,13.8151336965296,13.6780025904528,8.91751548541027,9.03267258655038,54.3941917811347,54.1539088055755,-0.119794702308202,0,0,0,0
2.86,2.73999999999999,13.3928814238028,13.8151336965296,8.82858910159172,8.91751548541027,54.8508361494318,54.3941917811347,0.292313451931442,0,0,0,1
3.72,2.86,14.2014372248561,13.3928814238028,8.37368730903933,8.82858910159172,54.8694196138693,54.8508361494318,-1.92325516729135,0,0,0,0
3.54000000000001,3.72,14.1724720392971,14.2014372248561,7.23027470902218,8.37368730903933,54.2814011171648,54.8694196138693,0.637065780499267,0,0,0,0
3.92,3.54000000000001,14.3565936046011,14.1724720392971,7.3648907842762,7.23027470902218,54.3879455174804,54.2814011171648,0.0708645063531286,0,0,0,-1
4.2,3.92,14.3358429543957,14.3565936046011,7.32160901038877,7.3648907842762,54.2233697509719,54.3879455174804,-0.442791343315005,0,0,0,1
4.14,4.2,14.1850621234447,14.3358429543957,6.97168489263395,7.32160901038877,54.9315142415885,54.2233697509719,-0.122485714305558,0,0,0,0
3.95999999999999,4.14,14.383525691154,14.1850621234447,7.38166793528504,6.97168489263395,55.5218550505561,54.9315142415885,-0.34995749061331,0,0,0,0
4.61,3.95999999999999,13.7830634066992,14.383525691154,7.15959185694859,7.38166793528504,56.1978598189299,55.5218550505561,4.79853379400944,0,0,0,0
5.27,4.61,13.9253872064692,13.7830634066992,7.16423746483597,7.15959185694859,55.9559358847709,56.1978598189299,-3.14136377945639,0,0,0,0
5.77,5.27,13.9582446391473,13.9253872064692,7.14416191741605,7.16423746483597,55.5714195049515,55.9559358847709,-0.558636367477391,0,0,0,0
6.14,5.77,13.9572199879284,13.9582446391473,7.39987404824969,7.14416191741605,56.1808204718569,55.5714195049515,0.0136584634519359,0,0,0,0
6.81999999999999,6.14,13.925038593564,13.9572199879284,7.08394314094693,7.39987404824969,56.3894103226596,56.1808204718569,0.354806192694786,0,0,0,0
6.91,6.81999999999999,14.0411396165793,13.925038593564,7.15891736749931,7.08394314094693,56.9979253427163,56.3894103226596,-0.525692826875712,0,0,0,1
6.19,6.91,14.0962131315504,14.0411396165793,7.26985729449283,7.15891736749931,56.5861990950495,56.9979253427163,0.853238759669049,0,0,0,-1
6.86,6.19,13.513605340935,14.0962131315504,7.24504314004591,7.26985729449283,57.1604088870501,56.5861990950495,0.223469131078785,0,0,0,0
6.92,6.86,13.9688697092407,13.513605340935,6.97673577554737,7.24504314004591,57.6376905106049,57.1604088870501,-0.955130924869447,0,0,0,0
6.92,6.92,13.8138726169201,13.9688697092407,7.47310879084026,6.97673577554737,56.5516297481232,57.6376905106049,0.0285164784650451,0,0,0,0
7.56,6.92,13.7203810309058,13.8138726169201,7.59541233751219,7.47310879084026,57.2050139069567,56.5516297481232,0.496396877265354,0,0,0,0
8.91,7.56,13.7968637082839,13.7203810309058,7.52426623364645,7.59541233751219,57.595129111342,57.2050139069567,-0.146076127954611,0,0,0,0
9.7,8.91,13.7216047875711,13.7968637082839,7.54969815964111,7.52426623364645,58.1331832461548,57.595129111342,0.541858599931217,0,0,0,0
9.93000000000001,9.7,13.5531788359485,13.7216047875711,7.3668523018605,7.54969815964111,57.8728366133206,58.1331832461548,-0.624837717399792,0,0,0,0
9.8,9.93000000000001,13.5119063871132,13.5531788359485,7.69118533507067,7.3668523018605,57.7933666367498,57.8728366133206,5.29167397660498,0,0,0,-1
9.95999999999999,9.8,12.935803701145,13.5119063871132,7.83597569376203,7.69118533507067,59.2007775045625,57.7933666367498,-3.44916572281051,0,0,0,0
9.95999999999999,9.95999999999999,13.2958048109422,12.935803701145,8.15428188808793,7.83597569376203,59.6275515169324,59.2007775045625,-2.73710325735289,0,0,0,1
17.9,9.95999999999999,14.2033723833871,13.2958048109422,8.14540087337301,8.15428188808793,58.6571027542346,59.6275515169324,-1.87338904480528,0,0,0,0
19.77,17.9,13.986777254757,14.2033723833871,6.76057635311162,8.14540087337301,58.6701962751308,58.6571027542346,2.73143325452513,0,0,0,0
19.81,19.77,14.075844512674,13.986777254757,5.28740313430186,6.76057635311162,57.9034504839558,58.6701962751308,-0.724260211531156,0,0,0,0
18.57,19.81,14.685594901986,14.075844512674,5.39456988547854,5.28740313430186,57.3821550086641,57.9034504839558,2.8657128594502,0,0,0,0
17.57,18.57,14.4520669278971,14.685594901986,6.59137768801934,5.39456988547854,58.5331315172718,57.3821550086641,-0.506434658915303,0,0,0,1
16.8,17.57,14.4880174438814,14.4520669278971,6.17114450641572,6.59137768801934,58.2843930535503,58.5331315172718,-0.921732476157693,0,0,0,-1
15.73,16.8,14.4650088987107,14.4880174438814,6.71640598739802,6.17114450641572,58.4379672366251,58.2843930535503,-0.176982568817097,0,0,0,0
14.29,15.73,14.3449507875666,14.4650088987107,7.30477221026652,6.71640598739802,56.0688270662559,58.4379672366251,-0.00987692322549982,0,0,0,0
13.2,14.29,14.610560530473,14.3449507875666,7.09705317981291,7.30477221026652,56.1475774877783,56.0688270662559,-2.08697942896877,0,0,0,0
13.27,13.2,14.3718459728599,14.610560530473,6.25715756919979,7.09705317981291,56.0238760842525,56.1475774877783,1.48234527551285,0,0,0,1
13.1,13.27,14.507757119207,14.3718459728599,7.87464527273969,6.25715756919979,56.7948572976398,56.0238760842525,-0.0858261368690396,0,0,0,-1
12.4,13.1,14.3658206384725,14.507757119207,8.00124537655465,7.87464527273969,56.6686835447786,56.7948572976398,0.0855621893392779,0,0,0,0
4.43000000000001,12.4,14.1258230426414,14.3658206384725,8.08602567853127,8.00124537655465,57.2320877516594,56.6686835447786,-0.0694924849490306,0,0,0,0
2.95999999999999,4.43000000000001,14.058564832241,14.1258230426414,8.59726226091953,8.08602567853127,58.4770284545488,57.2320877516594,-0.0150522367082608,0,0,0,1
2.28,2.95999999999999,13.4287244352988,14.058564832241,8.73980378981779,8.59726226091953,58.7883351286821,58.4770284545488,0.757592946502786,0,0,0,-1
3.11,2.28,13.4457326451455,13.4287244352988,8.62416751040338,8.73980378981779,59.2907927907635,58.7883351286821,2.4972290169703,0,0,0,0
4.47,3.11,13.172299799774,13.4457326451455,8.43064908155832,8.62416751040338,59.6414582203396,59.2907927907635,-1.84168907065787,0,0,0,0
5.67,4.47,13.0666506024632,13.172299799774,8.16790420820362,8.43064908155832,61.0265748260367,59.6414582203396,0.850895361256956,0,0,0,0
6.59,5.67,12.9615430176134,13.0666506024632,7.52228741343289,8.16790420820362,62.2789029051771,61.0265748260367,-3.24247020059627,0,0,0,0
7.08,6.59,12.7680562872681,12.9615430176134,7.89638210643901,7.52228741343289,62.9802700623867,62.2789029051771,2.21008655524883,0,0,0,0
8.12,7.08,12.8197635505742,12.7680562872681,8.09455263612715,7.89638210643901,63.1554150609893,62.9802700623867,-2.2378425154308,0,0,0,1
7.84999999999999,8.12,12.8881744627151,12.8197635505742,7.96486202436799,8.09455263612715,61.8279751355678,63.1554150609893,1.51933748883128,0,0,0,-1
7.91,7.84999999999999,12.9570112901785,12.8881744627151,9.34800011452645,7.96486202436799,61.6590704162684,61.8279751355678,-0.0387339306838328,0,0,0,0
8.34999999999999,7.91,12.8406680893438,12.9570112901785,9.46302330386792,9.34800011452645,61.112514214945,61.6590704162684,-1.74209617894006,0,0,0,0
8.43000000000001,8.34999999999999,12.7447742902219,12.8406680893438,8.50252901882819,9.46302330386792,61.1791845680175,61.112514214945,1.37820301786078,0,0,0,0
8.11,8.43000000000001,12.7252413238803,12.7447742902219,8.54001569671173,8.50252901882819,60.5654017802229,61.1791845680175,-0.147723243239266,0,0,0,0
8.41,8.11,12.3408500102001,12.7252413238803,7.9453956945451,8.54001569671173,60.7906773734628,60.5654017802229,1.99752624521402,0,0,0,0
8.3,8.41,12.4264805432665,12.3408500102001,7.71579417571438,7.9453956945451,61.3691470208613,60.7906773734628,-3.32207411321289,0,0,0,1
8.33,8.3,11.4598684883402,12.4264805432665,9.8852616123255,7.71579417571438,59.5854473210801,61.3691470208613,2.57929124483088,0,0,0,-1
8.38,8.33,11.4268104648072,11.4598684883402,8.15405588603992,9.8852616123255,58.9482503691825,59.5854473210801,1.37150917776396,0,0,0,0
7.86,8.38,11.4476862494262,11.4268104648072,8.4929930606523,8.15405588603992,57.5982012634445,58.9482503691825,-1.69837436785221,0,0,0,0
8.31999999999999,7.86,11.2814657715954,11.4476862494262,9.03757874413038,8.4929930606523,55.8778645544798,57.5982012634445,-0.0926841374253904,0,0,0,0
8.81999999999999,8.31999999999999,11.4241846536792,11.2814657715954,8.5719026418743,9.03757874413038,52.8915373050236,55.8778645544798,0.0683155196827663,0,0,0,0
9.78,8.81999999999999,12.0987394135158,11.4241846536792,8.77352903052702,8.5719026418743,50.8745381978591,52.8915373050236,0.0971594068581645,0,0,0,1
10.41,9.78,12.0872010083523,12.0987394135158,8.0813316929548,8.77352903052702,49.7632910875754,50.8745381978591,0.167552665291165,0,0,0,-1
10.56,10.41,12.3857389064856,12.0872010083523,7.68360513555848,8.0813316929548,48.8397830099898,49.7632910875754,-0.199229542945385,0,0,0,0
10.88,10.56,12.7244805656922,12.3857389064856,7.46055884418641,7.68360513555848,47.9990754108526,48.8397830099898,0.230801283085562,0,0,0,0
10.8,10.88,12.6466869847623,12.7244805656922,6.98857663309626,7.46055884418641,47.4881775838963,47.9990754108526,-0.910546663580597,0,0,0,0
10.31,10.8,12.7128654893025,12.6466869847623,6.5684737826873,6.98857663309626,47.0174918864178,47.4881775838963,-1.10175622401147,0,0,0,0
10.32,10.31,13.184487470365,12.7128654893025,6.85449488107128,6.5684737826873,46.3750123625137,47.0174918864178,1.65838241362351,0,0,0,0
10.04,10.32,12.2826225054551,13.184487470365,6.87745520391431,6.85449488107128,45.7570482431862,46.3750123625137,-0.694869746936615,0,0,0,0
9.15000000000001,10.04,12.3059784692181,12.2826225054551,6.71559675953851,6.87745520391431,45.7772568302773,45.7570482431862,0.241865546751328,0,0,0,1
9.18000000000001,9.15000000000001,12.3850895029784,12.3059784692181,6.8640001753313,6.71559675953851,45.7456379643596,45.7772568302773,0.47542100114168,0,0,0,-1
4.70999999999999,0,13.8257195603501,0,10.1701716430913,0,51.5426400431694,0,-0.233318385153751,-0.233318385153751,0,0,0
4.51000000000001,4.70999999999999,13.8484412644796,13.8257195603501,10.5278661364603,10.1701716430913,52.3482746441295,51.5426400431694,0.0463141473731241,0.0463141473731241,0,0,0
4.39,4.51000000000001,13.7406582822336,13.8484412644796,10.5237298563392,10.5278661364603,53.1407536683128,52.3482746441295,-0.35785203631988,-0.35785203631988,0,0,0
4.36,4.39,13.6717705843476,13.7406582822336,10.5254712161409,10.5237298563392,53.7497501388548,53.1407536683128,-0.084639006412992,-0.084639006412992,0,0,1
4.14,4.36,13.4672710540001,13.6717705843476,10.2874421268096,10.5254712161409,54.3321320564174,53.7497501388548,0.224833048530936,0.224833048530936,0,0,-1
4.04000000000001,4.14,13.6499425326171,13.4672710540001,10.1951580287124,10.2874421268096,54.2221852777583,54.3321320564174,-0.0873685308722294,-0.0873685308722294,0,0,0
3.95,4.04000000000001,13.6828075230956,13.6499425326171,9.96302127006259,10.1951580287124,54.9419722474027,54.2221852777583,-0.544289851517746,-0.544289851517746,0,0,0
3.87,3.95,13.886574992411,13.6828075230956,9.62470287462699,9.96302127006259,55.5643744409249,54.9419722474027,0.234458260675932,0.234458260675932,0,0,0
3.58,3.87,13.7525661846192,13.886574992411,9.42281399938507,9.62470287462699,55.9226416892522,55.5643744409249,0.604131732419482,0.604131732419482,0,0,0
3.51000000000001,3.58,13.7743357216465,13.7525661846192,9.17562430503986,9.42281399938507,56.3775442453729,55.9226416892522,0.224298545394849,0.224298545394849,0,0,0
2.86,3.51000000000001,13.733416886496,13.7743357216465,8.93153128534631,9.17562430503986,56.4774821091345,56.3775442453729,-0.172903457899903,-0.172903457899903,0,0,0
2.29000000000001,2.86,13.7625211370549,13.733416886496,8.77215504364285,8.93153128534631,55.96235458774,56.4774821091345,-0.295709351634354,-0.295709351634354,0,0,-1
2.19,2.29000000000001,13.8848607474763,13.7625211370549,8.794120458093,8.77215504364285,56.3390556577304,55.96235458774,-0.119794702308202,-0.119794702308202,0,0,0
2.43000000000001,2.19,13.5769598392236,13.8848607474763,8.72107907463728,8.794120458093,57.1301908868118,56.3390556577304,0.292313451931442,0.292313451931442,0,0,1
2.95999999999999,2.43000000000001,14.2750516797332,13.5769598392236,8.43146093833343,8.72107907463728,56.9872577677978,57.1301908868118,-1.92325516729135,-1.92325516729135,0,0,0
2.76000000000001,2.95999999999999,14.2636599188867,14.2750516797332,7.43605406851335,8.43146093833343,57.1602945073427,56.9872577677978,0.637065780499267,0.637065780499267,0,0,0
2.40000000000001,2.76000000000001,14.4401664991543,14.2636599188867,7.51438743683509,7.43605406851335,57.5761455885185,57.1602945073427,0.0708645063531286,0.0708645063531286,0,0,-1
3.03,2.40000000000001,14.3451896851308,14.4401664991543,7.19114235107491,7.51438743683509,58.1255259334701,57.5761455885185,-0.442791343315005,-0.442791343315005,0,0,1
3.19,3.03,14.273888692719,14.3451896851308,7.16329292844826,7.19114235107491,59.1954545029664,58.1255259334701,-0.122485714305558,-0.122485714305558,0,0,0
3.08,3.19,14.3747356775704,14.273888692719,7.31266908888917,7.16329292844826,59.9780808243497,59.1954545029664,-0.34995749061331,-0.34995749061331,0,0,0
3.26000000000001,3.08,13.9118306940763,14.3747356775704,7.2185420754637,7.31266908888917,60.2561134959119,59.9780808243497,4.79853379400944,4.79853379400944,0,0,0
3.42,3.26000000000001,14.0389407697807,13.9118306940763,7.33884818237689,7.2185420754637,60.5715982692005,60.2561134959119,-3.14136377945639,-3.14136377945639,0,0,0
4.06,3.42,14.0497295780711,14.0389407697807,7.31253034938444,7.33884818237689,60.6129596516696,60.5715982692005,-0.558636367477391,-0.558636367477391,0,0,0
4.3,4.06,14.039766145805,14.0497295780711,7.2102271566852,7.31253034938444,60.6138521947432,60.6129596516696,0.0136584634519359,0.0136584634519359,0,0,0
4.86,4.3,14.0116221514886,14.039766145805,7.12712738712723,7.2102271566852,61.4154629753703,60.6138521947432,0.354806192694786,0.354806192694786,0,0,0
5.28,4.86,14.1147797771739,14.0116221514886,7.21607408931884,7.12712738712723,62.2859087768338,61.4154629753703,-0.525692826875712,-0.525692826875712,0,0,1
4.98,5.28,14.1049413338231,14.1147797771739,7.09972387673604,7.21607408931884,62.6009443133812,62.2859087768338,0.853238759669049,0.853238759669049,0,0,-1
5.56,4.98,13.670980760647,14.1049413338231,7.10588267985467,7.09972387673604,63.5333596649387,62.6009443133812,0.223469131078785,0.223469131078785,0,0,0
6.34,5.56,14.0385829540969,13.670980760647,6.90754994689587,7.10588267985467,64.7057708974857,63.5333596649387,-0.955130924869447,-0.955130924869447,0,0,0
5.90000000000001,6.34,13.9194866426639,14.0385829540969,7.68501401925085,6.90754994689587,65.1831499668612,64.7057708974857,0.0285164784650451,0.0285164784650451,0,0,0
6.25,5.90000000000001,13.8447018978626,13.9194866426639,7.6821055165353,7.68501401925085,66.0843612095563,65.1831499668612,0.496396877265354,0.496396877265354,0,0,0
6.67,6.25,13.8189304323136,13.8447018978626,7.50267363150795,7.6821055165353,66.6658531325265,66.0843612095563,-0.146076127954611,-0.146076127954611,0,0,0
7.69,6.67,13.8321360896775,13.8189304323136,7.43239233569194,7.50267363150795,67.1907209008304,66.6658531325265,0.541858599931217,0.541858599931217,0,0,0
8.16,7.69,13.6995351536106,13.8321360896775,7.355840257846,7.43239233569194,67.6262285768699,67.1907209008304,-0.624837717399792,-0.624837717399792,0,0,0
7.95999999999999,8.16,13.6792866369434,13.6995351536106,7.39691362306182,7.355840257846,67.7957700411961,67.6262285768699,5.29167397660498,5.29167397660498,0,0,-1
8.29000000000001,7.95999999999999,13.1446108135201,13.6792866369434,7.20326130967883,7.39691362306182,64.9894356945107,67.7957700411961,-3.44916572281051,-3.44916572281051,0,0,0
8.79000000000001,8.29000000000001,13.5560026042604,13.1446108135201,7.60136857716096,7.20326130967883,65.703451781066,64.9894356945107,-2.73710325735289,-2.73710325735289,0,0,1
14.13,8.79000000000001,14.5014321348844,13.5560026042604,7.3263552444155,7.60136857716096,64.9488966830256,65.703451781066,-1.87338904480528,-1.87338904480528,0,0,0
15.28,14.13,14.4893053135793,14.5014321348844,6.97506367033469,7.3263552444155,63.0869374945522,64.9488966830256,2.73143325452513,2.73143325452513,0,0,0
14.93,15.28,14.7257616908835,14.4893053135793,6.07682343744784,6.97506367033469,62.5223565562131,63.0869374945522,-0.724260211531156,-0.724260211531156,0,0,0
13.82,14.93,15.3866372877656,14.7257616908835,4.89693053746151,6.07682343744784,62.0714394414206,62.5223565562131,2.8657128594502,2.8657128594502,0,0,0
13,13.82,15.1940508917811,15.3866372877656,5.26068078490464,4.89693053746151,62.0446072794328,62.0714394414206,-0.506434658915303,-0.506434658915303,0,0,1
12.36,13,15.27485730549,15.1940508917811,5.29307339829515,5.26068078490464,62.1728194422872,62.0446072794328,-0.921732476157693,-0.921732476157693,0,0,-1
12.44,12.36,15.2236556904647,15.27485730549,5.26630957336888,5.29307339829515,62.7051025122144,62.1728194422872,-0.176982568817097,-0.176982568817097,0,0,0
11.44,12.44,15.2049417043833,15.2236556904647,6.03754016562258,5.26630957336888,62.2270310607808,62.7051025122144,-0.00987692322549982,-0.00987692322549982,0,0,0
10.89,11.44,15.4273856618956,15.2049417043833,5.5305385639251,6.03754016562258,62.3808559220658,62.2270310607808,-2.08697942896877,-2.08697942896877,0,0,0
10.83,10.89,15.1319469338315,15.4273856618956,5.14941370266327,5.5305385639251,62.3965862762543,62.3808559220658,1.48234527551285,1.48234527551285,0,0,1
11.31,10.83,15.3042578834453,15.1319469338315,6.68706196885613,5.14941370266327,64.4827716946395,62.3965862762543,-0.0858261368690396,-0.0858261368690396,0,0,-1
10.66,11.31,15.1976124667145,15.3042578834453,7.01867502401995,6.68706196885613,64.4174537358192,64.4827716946395,0.0855621893392779,0.0855621893392779,0,0,0
4.86,10.66,15.0070349921322,15.1976124667145,7.42087772286661,7.01867502401995,65.0843737636244,64.4174537358192,-0.0694924849490306,-0.0694924849490306,0,0,0
3.44,4.86,14.8612163818996,15.0070349921322,7.93011776266402,7.42087772286661,64.7818286853145,65.0843737636244,-0.0150522367082608,-0.0150522367082608,0,0,1
3.23,3.44,14.3248277833518,14.8612163818996,7.93326159709034,7.93011776266402,64.9849752288959,64.7818286853145,0.757592946502786,0.757592946502786,0,0,-1
3.88,3.23,14.3584669086359,14.3248277833518,8.12468370629131,7.93326159709034,65.335451554752,64.9849752288959,2.4972290169703,2.4972290169703,0,0,0
4.64,3.88,14.098942024581,14.3584669086359,7.86831999001031,8.12468370629131,65.41656592889,65.335451554752,-1.84168907065787,-1.84168907065787,0,0,0
5.34999999999999,4.64,14.0123856733314,14.098942024581,7.65755157741224,7.86831999001031,66.2982070444508,65.41656592889,0.850895361256956,0.850895361256956,0,0,0
5.47,5.34999999999999,13.8790014778476,14.0123856733314,7.51026378193358,7.65755157741224,67.2131562036856,66.2982070444508,-3.24247020059627,-3.24247020059627,0,0,0
5.7,5.47,13.5734857000153,13.8790014778476,8.07245676140992,7.51026378193358,67.2295000660033,67.2131562036856,2.21008655524883,2.21008655524883,0,0,0
6.15000000000001,5.7,13.647011609426,13.5734857000153,7.90467139772071,8.07245676140992,67.0115802107651,67.2295000660033,-2.2378425154308,-2.2378425154308,0,0,1
6.04000000000001,6.15000000000001,13.5545850343655,13.647011609426,7.73865182242741,7.90467139772071,66.1243396324981,67.0115802107651,1.51933748883128,1.51933748883128,0,0,-1
5.78,6.04000000000001,13.6038200182303,13.5545850343655,7.83485961841038,7.73865182242741,65.177438982562,66.1243396324981,-0.0387339306838328,-0.0387339306838328,0,0,0
6.01000000000001,5.78,13.5147934012386,13.6038200182303,8.695825268416,7.83485961841038,64.6231683005226,65.177438982562,-1.74209617894006,-1.74209617894006,0,0,0
6.41,6.01000000000001,13.4642426108714,13.5147934012386,8.02313397389111,8.695825268416,64.6151821032624,64.6231683005226,1.37820301786078,1.37820301786078,0,0,0
6.65000000000001,6.41,13.3947826576867,13.4642426108714,8.1085909780142,8.02313397389111,64.5136769250118,64.6151821032624,-0.147723243239266,-0.147723243239266,0,0,0
6.93000000000001,6.65000000000001,12.9383470813941,13.3947826576867,7.66131908403632,8.1085909780142,64.2563925799065,64.5136769250118,1.99752624521402,1.99752624521402,0,0,0
7.5,6.93000000000001,13.0520165750411,12.9383470813941,7.28402705312177,7.66131908403632,64.4263092954366,64.2563925799065,-3.32207411321289,-3.32207411321289,0,0,1
7.91,7.5,12.2689664426976,13.0520165750411,10.0943589441674,7.28402705312177,63.1921743066137,64.4263092954366,2.57929124483088,2.57929124483088,0,0,-1
7.56,7.91,12.2634641995781,12.2689664426976,8.85979153739382,10.0943589441674,62.7699064703176,63.1921743066137,1.37150917776396,1.37150917776396,0,0,0
7.36,7.56,12.2982661030411,12.2634641995781,8.61452956668704,8.85979153739382,61.8585370490766,62.7699064703176,-1.69837436785221,-1.69837436785221,0,0,0
7.45,7.36,12.0970619065441,12.2982661030411,9.44111774561346,8.61452956668704,60.1675200205531,61.8585370490766,-0.0926841374253904,-0.0926841374253904,0,0,0
8.09999999999999,7.45,12.2320551616774,12.0970619065441,9.36524081293808,9.44111774561346,57.5469577484757,60.1675200205531,0.0683155196827663,0.0683155196827663,0,0,0
9.25,8.09999999999999,12.750979433862,12.2320551616774,8.94717919497117,9.36524081293808,55.3368132549862,57.5469577484757,0.0971594068581645,0.0971594068581645,0,0,1
9.78,9.25,12.8086144602984,12.750979433862,7.60740014104031,8.94717919497117,58.9238606265374,55.3368132549862,0.167552665291165,0.167552665291165,0,0,-1
9.75,9.78,13.1160976154228,12.8086144602984,7.5749396346039,7.60740014104031,58.0106404828145,58.9238606265374,-0.199229542945385,-0.199229542945385,0,0,0
10.18,9.75,13.4138227773704,13.1160976154228,7.38710551412333,7.5749396346039,57.3387575870406,58.0106404828145,0.230801283085562,0.230801283085562,0,0,0
10.1,10.18,13.2682357258331,13.4138227773704,7.77514777320021,7.38710551412333,56.6637989502024,57.3387575870406,-0.910546663580597,-0.910546663580597,0,0,0
9.76000000000001,10.1,13.3597153454797,13.2682357258331,7.2294554169425,7.77514777320021,56.1284369843092,56.6637989502024,-1.10175622401147,-1.10175622401147,0,0,0
9.26000000000001,9.76000000000001,13.8622141809022,13.3597153454797,7.23594648042482,7.2294554169425,55.5431666782441,56.1284369843092,1.65838241362351,1.65838241362351,0,0,0
9.55,9.26000000000001,12.8994682577145,13.8622141809022,7.19063565683917,7.23594648042482,54.7146645407946,55.5431666782441,-0.694869746936615,-0.694869746936615,0,0,0
9.37,9.55,12.9951821013805,12.8994682577145,7.51852632699603,7.19063565683917,54.5998454523383,54.7146645407946,0.241865546751328,0.241865546751328,0,0,1
9.7,9.37,12.9607991936221,12.9951821013805,7.68040728467228,7.51852632699603,54.4074372322902,54.5998454523383,0.47542100114168,0.47542100114168,0,0,-1
6.18000000000001,0,13.8008428745579,0,10.1772004947305,0,44.9290291004455,0,-0.233318385153751,0,0,0,0
6.19,6.18000000000001,13.842855464501,13.8008428745579,10.4110300065995,10.1772004947305,44.8941242472827,44.9290291004455,0.0463141473731241,0,0,0,0
6.23999999999999,6.19,13.7603342007396,13.842855464501,10.4682501920647,10.4110300065995,44.9638791993954,44.8941242472827,-0.35785203631988,0,0,0,0
6.2,6.23999999999999,13.7097992014722,13.7603342007396,10.5950769521934,10.4682501920647,45.4754499199489,44.9638791993954,-0.084639006412992,0,0,0,1
5.45,6.2,13.4143494409769,13.7097992014722,10.1586051789444,10.5950769521934,45.9507697434884,45.4754499199489,0.224833048530936,0,0,0,-1
5.12000000000001,5.45,13.6690261569421,13.4143494409769,10.3302799657851,10.1586051789444,46.1891098269367,45.9507697434884,-0.0873685308722294,0,0,0,0
4.72,5.12000000000001,13.8067098878102,13.6690261569421,9.903674854459,10.3302799657851,46.6588798939955,46.1891098269367,-0.544289851517746,0,0,0,0
4.03,4.72,13.978915833864,13.8067098878102,9.76958637349336,9.903674854459,47.0022370051642,46.6588798939955,0.234458260675932,0,0,0,0
3.92,4.03,13.7814265264879,13.978915833864,9.42651786000288,9.76958637349336,47.3332559393635,47.0022370051642,0.604131732419482,0,0,0,0
3.55,3.92,13.735712693679,13.7814265264879,9.21327045449766,9.42651786000288,47.6620797831372,47.3332559393635,0.224298545394849,0,0,0,0
2.88,3.55,13.6572748516922,13.735712693679,8.94624904842342,9.21327045449766,47.5942075574362,47.6620797831372,-0.172903457899903,0,0,0,0
2.63,2.88,13.6680139686251,13.6572748516922,8.91665223719306,8.94624904842342,47.7581971893666,47.5942075574362,-0.295709351634354,0,0,0,-1
2.33,2.63,13.8136149514514,13.6680139686251,8.98220048302462,8.91665223719306,47.9636166457239,47.7581971893666,-0.119794702308202,0,0,0,0
2.45999999999999,2.33,13.5244335350038,13.8136149514514,8.83559211003956,8.98220048302462,48.7840266847479,47.9636166457239,0.292313451931442,0,0,0,1
3.17,2.45999999999999,14.2951216299328,13.5244335350038,8.34940825587144,8.83559211003956,48.399804162089,48.7840266847479,-1.92325516729135,0,0,0,0
3.06999999999999,3.17,14.2262257092513,14.2951216299328,7.17250976095954,8.34940825587144,48.1722890866722,48.399804162089,0.637065780499267,0,0,0,0
3.34999999999999,3.06999999999999,14.4108366132507,14.2262257092513,7.53102366369463,7.17250976095954,48.4886535764613,48.1722890866722,0.0708645063531286,0,0,0,-1
3.69,3.34999999999999,14.363972486685,14.4108366132507,7.09864853595172,7.53102366369463,48.9331921650782,48.4886535764613,-0.442791343315005,0,0,0,1
4.03,3.69,14.2558278820993,14.363972486685,7.11605777256713,7.09864853595172,49.7119704929105,48.9331921650782,-0.122485714305558,0,0,0,0
4.31,4.03,14.4572589154347,14.2558278820993,7.12069147002046,7.11605777256713,50.4429615229806,49.7119704929105,-0.34995749061331,0,0,0,0
4.59,4.31,13.8915946978997,14.4572589154347,7.27185415831925,7.12069147002046,51.1193983056601,50.4429615229806,4.79853379400944,0,0,0,0
5.42,4.59,14.0599147909861,13.8915946978997,7.23369015748094,7.27185415831925,50.9157637787429,51.1193983056601,-3.14136377945639,0,0,0,0
6.14,5.42,14.1279472773908,14.0599147909861,7.01099168205044,7.23369015748094,50.9106537545714,50.9157637787429,-0.558636367477391,0,0,0,0
6.22,6.14,14.1181348526511,14.1279472773908,6.99474485335852,7.01099168205044,50.935458173367,50.9106537545714,0.0136584634519359,0,0,0,0
6.81999999999999,6.22,14.1275172550709,14.1181348526511,6.98260944871379,6.99474485335852,51.3503124443045,50.935458173367,0.354806192694786,0,0,0,0
7.14,6.81999999999999,14.2120745671468,14.1275172550709,6.94821726599719,6.98260944871379,51.9510175971838,51.3503124443045,-0.525692826875712,0,0,0,1
6.65000000000001,7.14,14.290662925827,14.2120745671468,7.2040880322234,6.94821726599719,52.2608641028307,51.9510175971838,0.853238759669049,0,0,0,-1
7.15000000000001,6.65000000000001,13.7383118238404,14.290662925827,7.27924256835626,7.2040880322234,52.7538310540447,52.2608641028307,0.223469131078785,0,0,0,0
7.55,7.15000000000001,14.1758870907878,13.7383118238404,6.84319516382826,7.27924256835626,53.291485111869,52.7538310540447,-0.955130924869447,0,0,0,0
7.55,7.55,14.0118801341597,14.1758870907878,7.32987514552192,6.84319516382826,54.1328626114045,53.291485111869,0.0285164784650451,0,0,0,0
8.04000000000001,7.55,13.8907090364514,14.0118801341597,7.61421256177958,7.32987514552192,54.9081429978511,54.1328626114045,0.496396877265354,0,0,0,0
8.67,8.04000000000001,13.9505943967199,13.8907090364514,7.46752029938318,7.61421256177958,55.4271227442883,54.9081429978511,-0.146076127954611,0,0,0,0
9.78,8.67,13.8587163324971,13.9505943967199,7.66236096327681,7.46752029938318,55.9133654318716,55.4271227442883,0.541858599931217,0,0,0,0
9.45999999999999,9.78,13.7220254715344,13.8587163324971,7.696458387801,7.66236096327681,56.141993927685,55.9133654318716,-0.624837717399792,0,0,0,0
9.09999999999999,9.45999999999999,13.6731661411703,13.7220254715344,8.01322505425261,7.696458387801,56.4078390788489,56.141993927685,5.29167397660498,0,0,0,-1
9.76000000000001,9.09999999999999,13.1254931043953,13.6731661411703,8.2255527806547,8.01322505425261,56.41178155872,56.4078390788489,-3.44916572281051,0,0,0,0
9.79000000000001,9.76000000000001,13.4869859406356,13.1254931043953,8.13446870022325,8.2255527806547,56.5823821699195,56.41178155872,-2.73710325735289,0,0,0,1
16.7,9.79000000000001,14.3855576594878,13.4869859406356,8.36840082477615,8.13446870022325,54.8462513704213,56.5823821699195,-1.87338904480528,0,0,0,0
18.78,16.7,14.2421778570273,14.3855576594878,7.68859734025915,8.36840082477615,52.5404423109839,54.8462513704213,2.73143325452513,0,0,0,0
18.18,18.78,14.3347390573291,14.2421778570273,6.64474408067475,7.68859734025915,51.8927420853175,52.5404423109839,-0.724260211531156,0,0,0,0
17.32,18.18,14.9958952993377,14.3347390573291,6.23507914673483,6.64474408067475,51.4467918001032,51.8927420853175,2.8657128594502,0,0,0,0
16.48,17.32,14.7592833182043,14.9958952993377,6.80553304794322,6.23507914673483,52.6598795630187,51.4467918001032,-0.506434658915303,0,0,0,1
15.27,16.48,14.7916596908726,14.7592833182043,6.69815041139644,6.80553304794322,52.5549723014313,52.6598795630187,-0.921732476157693,0,0,0,-1
14.72,15.27,14.7567714928564,14.7916596908726,7.07465486744469,6.69815041139644,52.8608062298307,52.5549723014313,-0.176982568817097,0,0,0,0
13.16,14.72,14.6330482899915,14.7567714928564,8.08259145382854,7.07465486744469,52.9869755165387,52.8608062298307,-0.00987692322549982,0,0,0,0
12.63,13.16,14.8414762331255,14.6330482899915,7.41451506629748,8.08259145382854,53.0974982225031,52.9869755165387,-2.08697942896877,0,0,0,0
12.96,12.63,14.6094953543327,14.8414762331255,6.89054829775827,7.41451506629748,52.8256391305041,53.0974982225031,1.48234527551285,0,0,0,1
12.37,12.96,14.76823427832,14.6094953543327,8.49703664427082,6.89054829775827,53.669548699825,52.8256391305041,-0.0858261368690396,0,0,0,-1
11.61,12.37,14.5760298186847,14.76823427832,8.45980053128726,8.49703664427082,53.8277281694119,53.669548699825,0.0855621893392779,0,0,0,0
4.3,11.61,14.4366458717004,14.5760298186847,8.41202033984529,8.45980053128726,54.8735298077497,53.8277281694119,-0.0694924849490306,0,0,0,0
2.34999999999999,4.3,14.2941382482805,14.4366458717004,8.72703148882582,8.41202033984529,55.0557522816856,54.8735298077497,-0.0150522367082608,0,0,0,1
2.59,2.34999999999999,13.7399628315325,14.2941382482805,8.72565860725789,8.72703148882582,55.4109289769849,55.0557522816856,0.757592946502786,0,0,0,-1
3.16,2.59,13.7010783442832,13.7399628315325,9.04293792350035,8.72565860725789,55.8352406848682,55.4109289769849,2.4972290169703,0,0,0,0
3.98,3.16,13.3886845179202,13.7010783442832,8.61021594443521,9.04293792350035,56.00894683524,55.8352406848682,-1.84168907065787,0,0,0,0
5.14,3.98,13.2642469782166,13.3886845179202,8.35729345841851,8.61021594443521,57.247548743766,56.00894683524,0.850895361256956,0,0,0,0
5.59999999999999,5.14,13.1683992842023,13.2642469782166,8.43460203018982,8.35729345841851,58.0928982552587,57.247548743766,-3.24247020059627,0,0,0,0
5.98999999999999,5.59999999999999,12.933125042327,13.1683992842023,8.73190540215633,8.43460203018982,58.2769507425222,58.0928982552587,2.21008655524883,0,0,0,0
6.95,5.98999999999999,12.9334283501243,12.933125042327,8.79110084713436,8.73190540215633,58.214315526008,58.2769507425222,-2.2378425154308,0,0,0,1
6.69,6.95,12.987861702335,12.9334283501243,8.15463294001419,8.79110084713436,56.9842077534535,58.214315526008,1.51933748883128,0,0,0,-1
6.84999999999999,6.69,13.0465927529156,12.987861702335,8.95741133675866,8.15463294001419,56.819515086391,56.9842077534535,-0.0387339306838328,0,0,0,0
7.53,6.84999999999999,12.9559605377495,13.0465927529156,9.41097171975738,8.95741133675866,56.1104030783502,56.819515086391,-1.74209617894006,0,0,0,0
7.48,7.53,12.8622890246355,12.9559605377495,8.84580057619586,9.41097171975738,56.0644265898772,56.1104030783502,1.37820301786078,0,0,0,0
7.62999999999999,7.48,12.8377346080127,12.8622890246355,8.58148250761308,8.84580057619586,55.9463285056653,56.0644265898772,-0.147723243239266,0,0,0,0
7.87999999999999,7.62999999999999,12.4840065251297,12.8377346080127,8.4462561849949,8.58148250761308,55.9743515087611,55.9463285056653,1.99752624521402,0,0,0,0
7.75,7.87999999999999,12.5686748878924,12.4840065251297,7.72531080911744,8.4462561849949,56.2572410904886,55.9743515087611,-3.32207411321289,0,0,0,1
8.56999999999999,7.75,11.6406015869144,12.5686748878924,11.5497905422675,7.72531080911744,55.3058629961391,56.2572410904886,2.57929124483088,0,0,0,-1
8.34999999999999,8.56999999999999,11.6217774062691,11.6406015869144,8.85682967730556,11.5497905422675,54.8779999661443,55.3058629961391,1.37150917776396,0,0,0,0
7.98,8.34999999999999,11.6206075700296,11.6217774062691,9.39988833603118,8.85682967730556,54.2057223707447,54.8779999661443,-1.69837436785221,0,0,0,0
8.61,7.98,11.4542655912508,11.6206075700296,10.0556996964693,9.39988833603118,52.5499307506793,54.2057223707447,-0.0926841374253904,0,0,0,0
9.05,8.61,11.5969656401002,11.4542655912508,9.17815853795413,10.0556996964693,49.1719257700065,52.5499307506793,0.0683155196827663,0,0,0,0
10.01,9.05,12.1885974789399,11.5969656401002,9.03018772429561,9.17815853795413,46.632783507651,49.1719257700065,0.0971594068581645,0,0,0,1
10.48,10.01,12.1578281585491,12.1885974789399,8.55549019509989,9.03018772429561,44.7013231316886,46.632783507651,0.167552665291165,0,0,0,-1
10.39,10.48,12.4439547765322,12.1578281585491,8.06838953092908,8.55549019509989,44.0292040273734,44.7013231316886,-0.199229542945385,0,0,0,0
11.05,10.39,12.7092186697194,12.4439547765322,7.60894173032709,8.06838953092908,43.503643599892,44.0292040273734,0.230801283085562,0,0,0,0
11.06,11.05,12.6233741961024,12.7092186697194,8.35951409631701,7.60894173032709,42.5094662239602,43.503643599892,-0.910546663580597,0,0,0,0
11.01,11.06,12.6952383607986,12.6233741961024,7.7712179316971,8.35951409631701,42.077399431162,42.5094662239602,-1.10175622401147,0,0,0,0
10.81,11.01,13.1620896723905,12.6952383607986,8.12848439956629,7.7712179316971,41.5052311955955,42.077399431162,1.65838241362351,0,0,0,0
9.86,10.81,12.2911579468796,13.1620896723905,8.05566299319763,8.12848439956629,40.9445741754955,41.5052311955955,-0.694869746936615,0,0,0,0
8.89,9.86,12.3083373803146,12.2911579468796,7.98070425865294,8.05566299319763,40.8769413513616,40.9445741754955,0.241865546751328,0,0,0,1
9.02,8.89,12.3318498261944,12.3083373803146,8.51216952807054,7.98070425865294,40.7735104221921,40.8769413513616,0.47542100114168,0,0,0,-1
5.45999999999999,0,13.4470253198796,0,10.2845719970561,0,32.9042059288335,0,-0.233318385153751,0,-0.233318385153751,0,0
5.51000000000001,5.45999999999999,13.4377477165826,13.4470253198796,10.5427607754308,10.2845719970561,33.2664361672404,32.9042059288335,0.0463141473731241,0,0.0463141473731241,0,0
5.59,5.51000000000001,13.3512274552654,13.4377477165826,10.589672120145,10.5427607754308,33.3904019270589,33.2664361672404,-0.35785203631988,0,-0.35785203631988,0,0
5.73999999999999,5.59,13.3275535456697,13.3512274552654,10.7142516103376,10.589672120145,33.459820673751,33.3904019270589,-0.084639006412992,0,-0.084639006412992,0,1
5.53,5.73999999999999,13.1044481515679,13.3275535456697,10.3433747880319,10.7142516103376,33.6212597248215,33.459820673751,0.224833048530936,0,0.224833048530936,0,-1
5.29000000000001,5.53,13.3109366363648,13.1044481515679,10.4046668692056,10.3433747880319,33.9169306458201,33.6212597248215,-0.0873685308722294,0,-0.0873685308722294,0,0
4.87999999999999,5.29000000000001,13.3584483143846,13.3109366363648,10.1057884695796,10.4046668692056,34.1737798343507,33.9169306458201,-0.544289851517746,0,-0.544289851517746,0,0
4.09999999999999,4.87999999999999,13.5438008516435,13.3584483143846,9.64187761537919,10.1057884695796,34.6361920389616,34.1737798343507,0.234458260675932,0,0.234458260675932,0,0
2.62,4.09999999999999,13.4735591927021,13.5438008516435,9.56115618887814,9.64187761537919,34.5866499521974,34.6361920389616,0.604131732419482,0,0.604131732419482,0,0
2.65000000000001,2.62,13.4791771635349,13.4735591927021,9.46655312625566,9.56115618887814,34.8523282847271,34.5866499521974,0.224298545394849,0,0.224298545394849,0,0
2.56999999999999,2.65000000000001,13.3925758355565,13.4791771635349,9.38320122184318,9.46655312625566,34.7482818702982,34.8523282847271,-0.172903457899903,0,-0.172903457899903,0,0
1.38,2.56999999999999,13.2997844600205,13.3925758355565,9.04555964908364,9.38320122184318,35.6521460213244,34.7482818702982,-0.295709351634354,0,-0.295709351634354,0,-1
1.87,1.38,13.4157410398361,13.2997844600205,9.17076765926206,9.04555964908364,35.7093506121351,35.6521460213244,-0.119794702308202,0,-0.119794702308202,0,0
2.42,1.87,13.1832306148401,13.4157410398361,9.24876005200293,9.17076765926206,35.8578240193021,35.7093506121351,0.292313451931442,0,0.292313451931442,0,1
2.68000000000001,2.42,14.1402314039594,13.1832306148401,8.87720146971399,9.24876005200293,35.2981219638545,35.8578240193021,-1.92325516729135,0,-1.92325516729135,0,0
2.65000000000001,2.68000000000001,14.1489294651108,14.1402314039594,7.9448334032191,8.87720146971399,35.3270622848802,35.2981219638545,0.637065780499267,0,0.637065780499267,0,0
2.95999999999999,2.65000000000001,14.3013316318987,14.1489294651108,7.74742256591235,7.9448334032191,35.3443241727211,35.3270622848802,0.0708645063531286,0,0.0708645063531286,0,-1
4.26000000000001,2.95999999999999,14.1800947646734,14.3013316318987,7.54539143038591,7.74742256591235,34.1223897991257,35.3443241727211,-0.442791343315005,0,-0.442791343315005,0,1
3.95,4.26000000000001,14.0024152708551,14.1800947646734,7.22268576471377,7.54539143038591,34.6908051105523,34.1223897991257,-0.122485714305558,0,-0.122485714305558,0,0
3.78,3.95,14.2153648908386,14.0024152708551,7.33750676456229,7.22268576471377,35.0335524344504,34.6908051105523,-0.34995749061331,0,-0.34995749061331,0,0
3.56999999999999,3.78,13.5645685565743,14.2153648908386,6.80514889871882,7.33750676456229,35.0466379363259,35.0335524344504,4.79853379400944,0,4.79853379400944,0,0
3.88,3.56999999999999,13.7253025032595,13.5645685565743,6.25045971629481,6.80514889871882,34.4577433844087,35.0466379363259,-3.14136377945639,0,-3.14136377945639,0,0
5,3.88,13.799525893719,13.7253025032595,5.79575740417475,6.25045971629481,34.7643765257007,34.4577433844087,-0.558636367477391,0,-0.558636367477391,0,0
5.72,5,13.8029525750598,13.799525893719,6.17268879396453,5.79575740417475,35.0871637433614,34.7643765257007,0.0136584634519359,0,0.0136584634519359,0,0
5.58,5.72,13.7644860354499,13.8029525750598,6.26760981966241,6.17268879396453,35.3673565256667,35.0871637433614,0.354806192694786,0,0.354806192694786,0,0
5.73,5.58,13.8916185039706,13.7644860354499,6.09113040412615,6.26760981966241,35.7660092864875,35.3673565256667,-0.525692826875712,0,-0.525692826875712,0,1
6.14,5.73,14.0695008495888,13.8916185039706,5.81256279236929,6.09113040412615,36.7106210564906,35.7660092864875,0.853238759669049,0,0.853238759669049,0,-1
6.3,6.14,13.3550448574708,14.0695008495888,6.47631500480752,5.81256279236929,37.1318900179209,36.7106210564906,0.223469131078785,0,0.223469131078785,0,0
6.39,6.3,13.8235599404865,13.3550448574708,5.79035887457636,6.47631500480752,37.8788393696611,37.1318900179209,-0.955130924869447,0,-0.955130924869447,0,0
5.8,6.39,13.6102896469846,13.8235599404865,7.00200618257744,5.79035887457636,38.3806143780894,37.8788393696611,0.0285164784650451,0,0.0285164784650451,0,0
5.78,5.8,13.5604464011431,13.6102896469846,6.90806767380308,7.00200618257744,39.2798243807937,38.3806143780894,0.496396877265354,0,0.496396877265354,0,0
6.12000000000001,5.78,13.7241251003051,13.5604464011431,6.51969018859455,6.90806767380308,40.0686523055013,39.2798243807937,-0.146076127954611,0,-0.146076127954611,0,0
7.48,6.12000000000001,13.6177441677073,13.7241251003051,6.21680057903922,6.51969018859455,40.1410422100796,40.0686523055013,0.541858599931217,0,0.541858599931217,0,0
9.37,7.48,13.3948640450116,13.6177441677073,5.86528916812408,6.21680057903922,40.6147577667091,40.1410422100796,-0.624837717399792,0,-0.624837717399792,0,0
8.58,9.37,13.3618993323971,13.3948640450116,5.5133539680574,5.86528916812408,41.2132454084557,40.6147577667091,5.29167397660498,0,5.29167397660498,0,-1
9.14,8.58,12.76564426815,13.3618993323971,7.90697901340778,5.5133539680574,43.6339492782778,41.2132454084557,-3.44916572281051,0,-3.44916572281051,0,0
9.16,9.14,12.9468209868873,12.76564426815,8.83016342072813,7.90697901340778,43.793695828503,43.6339492782778,-2.73710325735289,0,-2.73710325735289,0,1
12.65,9.16,13.851192538472,12.9468209868873,9.17668619643276,8.83016342072813,43.2536986715631,43.793695828503,-1.87338904480528,0,-1.87338904480528,0,0
13.16,12.65,13.6717068220958,13.851192538472,9.59532606183253,9.17668619643276,41.8875108245591,43.2536986715631,2.73143325452513,0,2.73143325452513,0,0
13.52,13.16,13.7477793289157,13.6717068220958,10.5186529956513,9.59532606183253,41.4711551425755,41.8875108245591,-0.724260211531156,0,-0.724260211531156,0,0
13.03,13.52,14.4708478689081,13.7477793289157,8.08608702443589,10.5186529956513,41.2428863689883,41.4711551425755,2.8657128594502,0,2.8657128594502,0,0
13.17,13.03,14.1693589300608,14.4708478689081,5.26940401796865,8.08608702443589,42.7783747635096,41.2428863689883,-0.506434658915303,0,-0.506434658915303,0,1
13.58,13.17,14.2298335010189,14.1693589300608,5.94933177927989,5.26940401796865,43.0074235849168,42.7783747635096,-0.921732476157693,0,-0.921732476157693,0,-1
14.64,13.58,14.193778102673,14.2298335010189,5.90774449037677,5.94933177927989,43.5461467590158,43.0074235849168,-0.176982568817097,0,-0.176982568817097,0,0
13.64,14.64,14.0427320173945,14.193778102673,5.28832384348389,5.90774449037677,43.0253423667722,43.5461467590158,-0.00987692322549982,0,-0.00987692322549982,0,0
11.41,13.64,14.3699583112944,14.0427320173945,5.8003152809146,5.28832384348389,42.901497397731,43.0253423667722,-2.08697942896877,0,-2.08697942896877,0,0
11.36,11.41,14.0979036150048,14.3699583112944,6.20220761965673,5.8003152809146,42.8336057004472,42.901497397731,1.48234527551285,0,1.48234527551285,0,1
10.8,11.36,14.1933212248524,14.0979036150048,6.89533843957345,6.20220761965673,44.3332571992341,42.8336057004472,-0.0858261368690396,0,-0.0858261368690396,0,-1
10.51,10.8,14.0446294357958,14.1933212248524,7.28254504412946,6.89533843957345,44.4535161774209,44.3332571992341,0.0855621893392779,0,0.0855621893392779,0,0
6.34,10.51,13.79327904627,14.0446294357958,7.14365231339716,7.28254504412946,44.7309325741856,44.4535161774209,-0.0694924849490306,0,-0.0694924849490306,0,0
5.41,6.34,13.6552125597169,13.79327904627,6.62144146390615,7.14365231339716,45.1491013309245,44.7309325741856,-0.0150522367082608,0,-0.0150522367082608,0,1
5.09,5.41,12.9226366585444,13.6552125597169,6.63098254682542,6.62144146390615,45.66670369574,45.1491013309245,0.757592946502786,0,0.757592946502786,0,-1
4.70999999999999,5.09,12.9431940367842,12.9226366585444,6.45861405750404,6.63098254682542,46.1608638385088,45.66670369574,2.4972290169703,0,2.4972290169703,0,0
4.56,4.70999999999999,12.6869456333148,12.9431940367842,7.49253480447688,6.45861405750404,46.3105188555013,46.1608638385088,-1.84168907065787,0,-1.84168907065787,0,0
4.81,4.56,12.5719095213682,12.6869456333148,7.2087038950748,7.49253480447688,47.1622523945453,46.3105188555013,0.850895361256956,0,0.850895361256956,0,0
4.73,4.81,12.5373970859666,12.5719095213682,6.88183863363037,7.2087038950748,47.7281534872089,47.1622523945453,-3.24247020059627,0,-3.24247020059627,0,0
5.43000000000001,4.73,12.3891867951069,12.5373970859666,7.38087264999003,6.88183863363037,48.405939580348,47.7281534872089,2.21008655524883,0,2.21008655524883,0,0
6.34,5.43000000000001,12.4546321063728,12.3891867951069,7.1837200450495,7.38087264999003,48.1780914576242,48.405939580348,-2.2378425154308,0,-2.2378425154308,0,1
6.41,6.34,12.6595620446982,12.4546321063728,7.27045636934906,7.1837200450495,46.8213517230987,48.1780914576242,1.51933748883128,0,1.51933748883128,0,-1
6.03,6.41,12.787523662997,12.6595620446982,7.56332341556322,7.27045636934906,46.6641037868664,46.8213517230987,-0.0387339306838328,0,-0.0387339306838328,0,0
5.95,6.03,12.6286438420775,12.787523662997,8.32381055516917,7.56332341556322,45.7135895948268,46.6641037868664,-1.74209617894006,0,-1.74209617894006,0,0
6.47,5.95,12.5440649568678,12.6286438420775,6.93913395016672,8.32381055516917,45.710804994834,45.7135895948268,1.37820301786078,0,1.37820301786078,0,0
6.04000000000001,6.47,12.5229211444008,12.5440649568678,7.41733036038625,6.93913395016672,47.0287612806774,45.710804994834,-0.147723243239266,0,-0.147723243239266,0,0
7.34,6.04000000000001,12.1301684468694,12.5229211444008,7.27724878651882,7.41733036038625,47.1989381828879,47.0287612806774,1.99752624521402,0,1.99752624521402,0,0
8.77,7.34,12.3156828011251,12.1301684468694,6.88018465638236,7.27724878651882,47.3952829129846,47.1989381828879,-3.32207411321289,0,-3.32207411321289,0,1
8.63,8.77,11.2036672461976,12.3156828011251,10.0674907368395,6.88018465638236,47.8488859244393,47.3952829129846,2.57929124483088,0,2.57929124483088,0,-1
8.7,8.63,11.1633212894859,11.2036672461976,7.52470597059466,10.0674907368395,47.7649978469501,47.8488859244393,1.37150917776396,0,1.37150917776396,0,0
7.44,8.7,11.1896269489748,11.1633212894859,7.94233742630605,7.52470597059466,47.801742647658,47.7649978469501,-1.69837436785221,0,-1.69837436785221,0,0
8.65000000000001,7.44,11.0700620151193,11.1896269489748,8.33436707471736,7.94233742630605,46.2738841203153,47.801742647658,-0.0926841374253904,0,-0.0926841374253904,0,0
7.62000000000001,8.65000000000001,11.2382884382817,11.0700620151193,9.40759759261646,8.33436707471736,43.776798727683,46.2738841203153,0.0683155196827663,0,0.0683155196827663,0,0
7.59,7.62000000000001,12.0313038405988,11.2382884382817,8.36290249897376,9.40759759261646,41.6858039200789,43.776798727683,0.0971594068581645,0,0.0971594068581645,0,1
8.66,7.59,11.9932681187415,12.0313038405988,8.52717901264166,8.36290249897376,39.4467028300146,41.6858039200789,0.167552665291165,0,0.167552665291165,0,-1
9.05,8.66,12.2876408369662,11.9932681187415,7.91827191218779,8.52717901264166,39.1722785975877,39.4467028300146,-0.199229542945385,0,-0.199229542945385,0,0
8.09,9.05,12.5653562503876,12.2876408369662,7.21257082302937,7.91827191218779,38.7377695477932,39.1722785975877,0.230801283085562,0,0.230801283085562,0,0
9.33,8.09,12.4882138251021,12.5653562503876,7.828396606866,7.21257082302937,36.7542756544229,38.7377695477932,-0.910546663580597,0,-0.910546663580597,0,0
7.72,9.33,12.6348171548888,12.4882138251021,6.27976134521093,7.828396606866,36.363088392248,36.7542756544229,-1.10175622401147,0,-1.10175622401147,0,0
6.67,7.72,13.0168270612638,12.6348171548888,6.65959655583406,6.27976134521093,35.6836910978971,36.363088392248,1.65838241362351,0,1.65838241362351,0,0
7.03,6.67,12.07495472695,13.0168270612638,6.93003036780122,6.65959655583406,34.6932597617304,35.6836910978971,-0.694869746936615,0,-0.694869746936615,0,0
6.39,7.03,12.139819641913,12.07495472695,7.02424647156839,6.93003036780122,34.593150488355,34.6932597617304,0.241865546751328,0,0.241865546751328,0,1
7.77,6.39,12.2115708454425,12.139819641913,6.34661604441878,7.02424647156839,34.2515351762916,34.593150488355,0.47542100114168,0,0.47542100114168,0,-1
6.41,0,13.7808710956994,0,10.0949801940786,0,49.9268119895384,0,-0.233318385153751,-0.233318385153751,0,0,0
6.20999999999999,6.41,13.7543476733018,13.7808710956994,10.3818511428116,10.0949801940786,50.6447064913829,49.9268119895384,0.0463141473731241,0.0463141473731241,0,0,0
5.5,6.20999999999999,13.5889699741558,13.7543476733018,10.4317820343054,10.3818511428116,52.1293478500706,50.6447064913829,-0.35785203631988,-0.35785203631988,0,0,0
5.08,5.5,13.5556972354675,13.5889699741558,10.3968288463402,10.4317820343054,52.7197603148372,52.1293478500706,-0.084639006412992,-0.084639006412992,0,0,1
4.81,5.08,13.3611187093182,13.5556972354675,10.2277726032288,10.3968288463402,53.3361526333906,52.7197603148372,0.224833048530936,0.224833048530936,0,0,-1
4.59,4.81,13.5351019431648,13.3611187093182,10.1153130849994,10.2277726032288,51.7608014391041,53.3361526333906,-0.0873685308722294,-0.0873685308722294,0,0,0
4.28,4.59,13.5858045581976,13.5351019431648,9.81192798435474,10.1153130849994,52.630185885449,51.7608014391041,-0.544289851517746,-0.544289851517746,0,0,0
3.95,4.28,13.7385185136729,13.5858045581976,9.65240792840995,9.81192798435474,53.2642459015501,52.630185885449,0.234458260675932,0.234458260675932,0,0,0
3.73999999999999,3.95,13.5906534764413,13.7385185136729,9.35413479176587,9.65240792840995,53.3628731676941,53.2642459015501,0.604131732419482,0.604131732419482,0,0,0
3.31999999999999,3.73999999999999,13.6148962847603,13.5906534764413,9.14806325338727,9.35413479176587,53.9458503512951,53.3628731676941,0.224298545394849,0.224298545394849,0,0,0
2.61,3.31999999999999,13.5274018479191,13.6148962847603,8.91820223879551,9.14806325338727,54.0262875110797,53.9458503512951,-0.172903457899903,-0.172903457899903,0,0,0
1.7,2.61,13.7284648870207,13.5274018479191,8.84849088776934,8.91820223879551,54.5745316164741,54.0262875110797,-0.295709351634354,-0.295709351634354,0,0,-1
1.61,1.7,13.8308980679006,13.7284648870207,8.79795794837736,8.84849088776934,55.0392287586921,54.5745316164741,-0.119794702308202,-0.119794702308202,0,0,0
1.72,1.61,13.6045704206665,13.8308980679006,8.68009925081422,8.79795794837736,55.8226215617115,55.0392287586921,0.292313451931442,0.292313451931442,0,0,1
2.22,1.72,14.2316744902135,13.6045704206665,8.55013795561168,8.68009925081422,57.1127786565076,55.8226215617115,-1.92325516729135,-1.92325516729135,0,0,0
2.31999999999999,2.22,14.1540029292718,14.2316744902135,7.32777092026085,8.55013795561168,56.7782727883981,57.1127786565076,0.637065780499267,0.637065780499267,0,0,0
2.41,2.31999999999999,14.3118871657678,14.1540029292718,7.69883117411688,7.32777092026085,57.4004773696138,56.7782727883981,0.0708645063531286,0.0708645063531286,0,0,-1
2.51000000000001,2.41,14.2375222986279,14.3118871657678,7.40972466133288,7.69883117411688,57.861096702333,57.4004773696138,-0.442791343315005,-0.442791343315005,0,0,1
2.59,2.51000000000001,14.1454083038179,14.2375222986279,7.26148696286644,7.40972466133288,58.7453288342829,57.861096702333,-0.122485714305558,-0.122485714305558,0,0,0
2.84999999999999,2.59,14.2828271158365,14.1454083038179,7.40790794996341,7.26148696286644,59.7007072601756,58.7453288342829,-0.34995749061331,-0.34995749061331,0,0,0
3.41,2.84999999999999,13.8194403732302,14.2828271158365,7.39972681945036,7.40790794996341,60.7009497315742,59.7007072601756,4.79853379400944,4.79853379400944,0,0,0
3.90000000000001,3.41,13.9369467118925,13.8194403732302,7.47282779788205,7.39972681945036,61.1562890633125,60.7009497315742,-3.14136377945639,-3.14136377945639,0,0,0
4.7,3.90000000000001,14.0784088586403,13.9369467118925,7.47793206172639,7.47282779788205,61.0947313276819,61.1562890633125,-0.558636367477391,-0.558636367477391,0,0,0
5.03,4.7,14.063777927683,14.0784088586403,7.27642903956468,7.47793206172639,61.383947643803,61.0947313276819,0.0136584634519359,0.0136584634519359,0,0,0
5.5,5.03,14.0502139988835,14.063777927683,7.37876926194507,7.27642903956468,62.1052912465312,61.383947643803,0.354806192694786,0.354806192694786,0,0,0
5.81999999999999,5.5,14.1750221951731,14.0502139988835,7.39492238660211,7.37876926194507,63.1231334060347,62.1052912465312,-0.525692826875712,-0.525692826875712,0,0,1
5.70999999999999,5.81999999999999,14.1068006836812,14.1750221951731,7.39634049227218,7.39492238660211,63.0093659445382,63.1231334060347,0.853238759669049,0.853238759669049,0,0,-1
6.48,5.70999999999999,13.6986077563027,14.1068006836812,7.40332053562958,7.39634049227218,63.7986168520266,63.0093659445382,0.223469131078785,0.223469131078785,0,0,0
7.29000000000001,6.48,14.0594313382007,13.6986077563027,7.21596409814948,7.40332053562958,64.366716628409,63.7986168520266,-0.955130924869447,-0.955130924869447,0,0,0
7.45,7.29000000000001,13.9553041162617,14.0594313382007,7.95844984050711,7.21596409814948,64.9721292216606,64.366716628409,0.0285164784650451,0.0285164784650451,0,0,0
7.86,7.45,13.8632654282278,13.9553041162617,7.91621179004259,7.95844984050711,65.9045134230475,64.9721292216606,0.496396877265354,0.496396877265354,0,0,0
8.79000000000001,7.86,13.7951290507143,13.8632654282278,7.79121263895667,7.91621179004259,66.4427035371429,65.9045134230475,-0.146076127954611,-0.146076127954611,0,0,0
9.54000000000001,8.79000000000001,13.7921169063928,13.7951290507143,7.74786034735126,7.79121263895667,67.3811906695583,66.4427035371429,0.541858599931217,0.541858599931217,0,0,0
10.18,9.54000000000001,13.648922291503,13.7921169063928,7.61377870132998,7.74786034735126,67.364409060432,67.3811906695583,-0.624837717399792,-0.624837717399792,0,0,0
9.76000000000001,10.18,13.5709714764633,13.648922291503,7.88078436813644,7.61377870132998,67.7870941313995,67.364409060432,5.29167397660498,5.29167397660498,0,0,-1
10.79,9.76000000000001,13.0359412043193,13.5709714764633,7.96869535445738,7.88078436813644,67.0082719018823,67.7870941313995,-3.44916572281051,-3.44916572281051,0,0,0
11.38,10.79,13.4709721605082,13.0359412043193,8.07772234738,7.96869535445738,67.7997206840673,67.0082719018823,-2.73710325735289,-2.73710325735289,0,0,1
18.69,11.38,14.3156719069795,13.4709721605082,8.387203975682,8.07772234738,66.6819126483057,67.7997206840673,-1.87338904480528,-1.87338904480528,0,0,0
20.07,18.69,14.0784273202699,14.3156719069795,7.79767186723563,8.387203975682,65.5846825579552,66.6819126483057,2.73143325452513,2.73143325452513,0,0,0
19.08,20.07,14.2003253835817,14.0784273202699,4.81573816977002,7.79767186723563,65.2542915611726,65.5846825579552,-0.724260211531156,-0.724260211531156,0,0,0
17.56,19.08,14.816744542075,14.2003253835817,5.25141866713989,4.81573816977002,65.1326180199977,65.2542915611726,2.8657128594502,2.8657128594502,0,0,0
16.55,17.56,14.6356055753419,14.816744542075,5.77769023647295,5.25141866713989,65.5197061462158,65.1326180199977,-0.506434658915303,-0.506434658915303,0,0,1
15.91,16.55,14.6781649722235,14.6356055753419,5.84408542813804,5.77769023647295,65.9116532034035,65.5197061462158,-0.921732476157693,-0.921732476157693,0,0,-1
15.63,15.91,14.6658326234903,14.6781649722235,6.17627749936366,5.84408542813804,66.6266252289574,65.9116532034035,-0.176982568817097,-0.176982568817097,0,0,0
14.58,15.63,14.6006114930552,14.6658326234903,7.15650371692508,6.17627749936366,66.8671522372287,66.6266252289574,-0.00987692322549982,-0.00987692322549982,0,0,0
14.01,14.58,14.8109856344647,14.6006114930552,6.71126516199775,7.15650371692508,67.1615587843524,66.8671522372287,-2.08697942896877,-2.08697942896877,0,0,0
14.11,14.01,14.5631650734421,14.8109856344647,6.19180671612423,6.71126516199775,67.1025732211644,67.1615587843524,1.48234527551285,1.48234527551285,0,0,1
13.47,14.11,14.7296094611564,14.5631650734421,7.88565999961887,6.19180671612423,64.3699679895157,67.1025732211644,-0.0858261368690396,-0.0858261368690396,0,0,-1
13,13.47,14.5931705807758,14.7296094611564,8.07213432118417,7.88565999961887,64.3956405700639,64.3699679895157,0.0855621893392779,0.0855621893392779,0,0,0
6.04000000000001,13,14.3197982459723,14.5931705807758,8.29433237755022,8.07213432118417,65.0878153650801,64.3956405700639,-0.0694924849490306,-0.0694924849490306,0,0,0
4.89,6.04000000000001,14.1433103216882,14.3197982459723,8.70351632549997,8.29433237755022,65.4286712697696,65.0878153650801,-0.0150522367082608,-0.0150522367082608,0,0,1
5.33,4.89,13.6565243166937,14.1433103216882,8.52670914194078,8.70351632549997,65.7911286626574,65.4286712697696,0.757592946502786,0.757592946502786,0,0,-1
5.81,5.33,13.6063623407293,13.6565243166937,8.54138692679001,8.52670914194078,66.1000863009014,65.7911286626574,2.4972290169703,2.4972290169703,0,0,0
7.01000000000001,5.81,13.3888796091051,13.6063623407293,8.34768806650031,8.54138692679001,66.1930856661896,66.1000863009014,-1.84168907065787,-1.84168907065787,0,0,0
7.27,7.01000000000001,13.3110211458856,13.3888796091051,8.19665936395925,8.34768806650031,67.1353390659685,66.1930856661896,0.850895361256956,0.850895361256956,0,0,0
7.5,7.27,13.1788120752128,13.3110211458856,7.94770467768295,8.19665936395925,67.8567445484198,67.1353390659685,-3.24247020059627,-3.24247020059627,0,0,0
7.56,7.5,12.9768312183513,13.1788120752128,8.50592947699011,7.94770467768295,67.8549670024901,67.8567445484198,2.21008655524883,2.21008655524883,0,0,0
7.81999999999999,7.56,13.0289443219713,12.9768312183513,8.3405241968854,8.50592947699011,67.4800487501085,67.8549670024901,-2.2378425154308,-2.2378425154308,0,0,1
7.28,7.81999999999999,13.069711356115,13.0289443219713,8.10520964945013,8.3405241968854,66.0385366814306,67.4800487501085,1.51933748883128,1.51933748883128,0,0,-1
7.15000000000001,7.28,13.1581283537414,13.069711356115,8.64675966776608,8.10520964945013,66.4253991485255,66.0385366814306,-0.0387339306838328,-0.0387339306838328,0,0,0
7.06999999999999,7.15000000000001,13.0378048255925,13.1581283537414,9.57588025716455,8.64675966776608,65.9048872671104,66.4253991485255,-1.74209617894006,-1.74209617894006,0,0,0
6.95999999999999,7.06999999999999,12.8833400030578,13.0378048255925,8.62188742590192,9.57588025716455,65.8525301663576,65.9048872671104,1.37820301786078,1.37820301786078,0,0,0
6.73,6.95999999999999,12.784278543184,12.8833400030578,8.72773869790049,8.62188742590192,65.4612943494926,65.8525301663576,-0.147723243239266,-0.147723243239266,0,0,0
7.25,6.73,12.3917116934723,12.784278543184,8.23978936787254,8.72773869790049,65.3810809686232,65.4612943494926,1.99752624521402,1.99752624521402,0,0,0
8.13,7.25,12.470438292188,12.3917116934723,7.80337273440924,8.23978936787254,65.8051683696489,65.3810809686232,-3.32207411321289,-3.32207411321289,0,0,1
8.81999999999999,8.13,11.6735595815647,12.470438292188,10.9578333856043,7.80337273440924,64.4076491794084,65.8051683696489,2.57929124483088,2.57929124483088,0,0,-1
8.73,8.81999999999999,11.6727427334117,11.6735595815647,9.93509838002682,10.9578333856043,64.0796551440736,64.4076491794084,1.37150917776396,1.37150917776396,0,0,0
8.7,8.73,11.6916370511732,11.6727427334117,9.25161465375569,9.93509838002682,63.143009891372,64.0796551440736,-1.69837436785221,-1.69837436785221,0,0,0
8.65000000000001,8.7,11.5696517182673,11.6916370511732,10.0202878492809,9.25161465375569,60.8400190078505,63.143009891372,-0.0926841374253904,-0.0926841374253904,0,0,0
8.84999999999999,8.65000000000001,11.6810978028484,11.5696517182673,8.90632187908514,10.0202878492809,59.291618635476,60.8400190078505,0.0683155196827663,0.0683155196827663,0,0,0
9.66,8.84999999999999,12.1587427663446,11.6810978028484,8.39949063666409,8.90632187908514,56.7691814790757,59.291618635476,0.0971594068581645,0.0971594068581645,0,0,1
10.05,9.66,12.2221945003819,12.1587427663446,8.06595625349399,8.39949063666409,58.1465633240002,56.7691814790757,0.167552665291165,0.167552665291165,0,0,-1
10.13,10.05,12.4951626298953,12.2221945003819,7.60604588317478,8.06595625349399,57.2450348503801,58.1465633240002,-0.199229542945385,-0.199229542945385,0,0,0
10.16,10.13,12.7655075067937,12.4951626298953,7.81620995131617,7.60604588317478,56.5759957410895,57.2450348503801,0.230801283085562,0.230801283085562,0,0,0
9.90000000000001,10.16,12.6473481725991,12.7655075067937,7.90022588540798,7.81620995131617,54.9114266443621,56.5759957410895,-0.910546663580597,-0.910546663580597,0,0,0
9.45999999999999,9.90000000000001,12.7614355059342,12.6473481725991,7.7123201291297,7.90022588540798,54.3979172832183,54.9114266443621,-1.10175622401147,-1.10175622401147,0,0,0
8.56,9.45999999999999,13.3541310239812,12.7614355059342,7.89130171897873,7.7123201291297,53.6358952750124,54.3979172832183,1.65838241362351,1.65838241362351,0,0,0
8.16,8.56,12.3590187975478,13.3541310239812,7.88562630529516,7.89130171897873,52.7339056165322,53.6358952750124,-0.694869746936615,-0.694869746936615,0,0,0
7.45999999999999,8.16,12.3818944844227,12.3590187975478,7.99629778223495,7.88562630529516,52.5818239396263,52.7339056165322,0.241865546751328,0.241865546751328,0,0,1
6.98,7.45999999999999,12.4059553253901,12.3818944844227,8.45192068620908,7.99629778223495,52.2460914269042,52.5818239396263,0.47542100114168,0.47542100114168,0,0,-1
5.78,0,13.7705031789965,0,10.1878222959361,0,43.0918843842474,0,-0.233318385153751,0,-0.233318385153751,0,0
5.69,5.78,13.8574398590524,13.7705031789965,10.3812048611391,10.1878222959361,43.2785439463315,43.0918843842474,0.0463141473731241,0,0.0463141473731241,0,0
5.42,5.69,13.6913204600148,13.8574398590524,10.5215745262161,10.3812048611391,44.0560683780043,43.2785439463315,-0.35785203631988,0,-0.35785203631988,0,0
5.27,5.42,13.6538462945624,13.6913204600148,10.5616028784541,10.5215745262161,44.2366132945529,44.0560683780043,-0.084639006412992,0,-0.084639006412992,0,1
4.81999999999999,5.27,13.3095024214393,13.6538462945624,10.2728857296471,10.5616028784541,44.4996070281352,44.2366132945529,0.224833048530936,0,0.224833048530936,0,-1
4.64,4.81999999999999,13.5009915270239,13.3095024214393,10.3136457224111,10.2728857296471,42.800594719864,44.4996070281352,-0.0873685308722294,0,-0.0873685308722294,0,0
4.53,4.64,13.6466725100444,13.5009915270239,9.85289878250501,10.3136457224111,43.2035391317628,42.800594719864,-0.544289851517746,0,-0.544289851517746,0,0
4.29000000000001,4.53,13.8060419946592,13.6466725100444,9.62992820113296,9.85289878250501,43.5380103885634,43.2035391317628,0.234458260675932,0,0.234458260675932,0,0
4.27,4.29000000000001,13.7043327331771,13.8060419946592,9.528587728876,9.62992820113296,43.8135506607355,43.5380103885634,0.604131732419482,0,0.604131732419482,0,0
4.01000000000001,4.27,13.7183396720268,13.7043327331771,9.25122600812467,9.528587728876,43.9474354201778,43.8135506607355,0.224298545394849,0,0.224298545394849,0,0
3.48,4.01000000000001,13.6103947269423,13.7183396720268,9.07926384755129,9.25122600812467,43.6705556264895,43.9474354201778,-0.172903457899903,0,-0.172903457899903,0,0
2.70999999999999,3.48,13.5754036001067,13.6103947269423,8.9834115758741,9.07926384755129,45.473562600464,43.6705556264895,-0.295709351634354,0,-0.295709351634354,0,-1
2.39,2.70999999999999,13.7492278033519,13.5754036001067,8.84996426934947,8.9834115758741,45.3888274588598,45.473562600464,-0.119794702308202,0,-0.119794702308202,0,0
2.5,2.39,13.4663895740863,13.7492278033519,8.91906417944038,8.84996426934947,45.5116083099715,45.3888274588598,0.292313451931442,0,0.292313451931442,0,1
3.2,2.5,14.2852030391195,13.4663895740863,8.44001980071341,8.91906417944038,45.0220555565262,45.5116083099715,-1.92325516729135,0,-1.92325516729135,0,0
3.20999999999999,3.2,14.1410796579865,14.2852030391195,7.47462921634632,8.44001980071341,44.7915363513198,45.0220555565262,0.637065780499267,0,0.637065780499267,0,0
3.18000000000001,3.20999999999999,14.2897974869865,14.1410796579865,7.349284381688,7.47462921634632,45.0080852519343,44.7915363513198,0.0708645063531286,0,0.0708645063531286,0,-1
3.69,3.18000000000001,14.2098653501096,14.2897974869865,7.24367015899606,7.349284381688,45.1246045827959,45.0080852519343,-0.442791343315005,0,-0.442791343315005,0,1
3.51000000000001,3.69,14.084905378558,14.2098653501096,7.22210842026234,7.24367015899606,45.8678127479798,45.1246045827959,-0.122485714305558,0,-0.122485714305558,0,0
3.59999999999999,3.51000000000001,14.318612168589,14.084905378558,7.06083839483312,7.22210842026234,46.5407180802554,45.8678127479798,-0.34995749061331,0,-0.34995749061331,0,0
3.39,3.59999999999999,13.6987474394455,14.318612168589,7.07156453219288,7.06083839483312,47.5483408361303,46.5407180802554,4.79853379400944,0,4.79853379400944,0,0
3.63,3.39,13.8265896183207,13.6987474394455,7.26084312406897,7.07156453219288,47.7426398532968,47.5483408361303,-3.14136377945639,0,-3.14136377945639,0,0
4.09,3.63,13.8781898198074,13.8265896183207,7.4184685888691,7.26084312406897,47.2755914272439,47.7426398532968,-0.558636367477391,0,-0.558636367477391,0,0
4.52,4.09,13.9028403134483,13.8781898198074,7.1693101213943,7.4184685888691,47.7278778623174,47.2755914272439,0.0136584634519359,0,0.0136584634519359,0,0
4.8,4.52,13.8673134398241,13.9028403134483,7.23463223549524,7.1693101213943,47.9084299301803,47.7278778623174,0.354806192694786,0,0.354806192694786,0,0
5.01000000000001,4.8,14.006389804036,13.8673134398241,7.20738859927534,7.23463223549524,48.3151713894012,47.9084299301803,-0.525692826875712,0,-0.525692826875712,0,1
4.48999999999999,5.01000000000001,14.110045142565,14.006389804036,7.27874288664744,7.20738859927534,47.41163337168,48.3151713894012,0.853238759669049,0,0.853238759669049,0,-1
5.09999999999999,4.48999999999999,13.534458395469,14.110045142565,7.18188222272229,7.27874288664744,48.0162531318667,47.41163337168,0.223469131078785,0,0.223469131078785,0,0
5.48999999999999,5.09999999999999,13.9582884641737,13.534458395469,6.8343573440565,7.18188222272229,48.6967679742604,48.0162531318667,-0.955130924869447,0,-0.955130924869447,0,0
5.34999999999999,5.48999999999999,13.7892564927947,13.9582884641737,7.54638332848084,6.8343573440565,49.7254128702834,48.6967679742604,0.0285164784650451,0,0.0285164784650451,0,0
5.81,5.34999999999999,13.6798329104588,13.7892564927947,7.7089101377187,7.54638332848084,50.4978267195461,49.7254128702834,0.496396877265354,0,0.496396877265354,0,0
6.06,5.81,13.7350514182327,13.6798329104588,7.70971940527761,7.7089101377187,50.7367671073067,50.4978267195461,-0.146076127954611,0,-0.146076127954611,0,0
7.16,6.06,13.653120078088,13.7350514182327,7.68905972197548,7.70971940527761,52.0038724155224,50.7367671073067,0.541858599931217,0,0.541858599931217,0,0
7.06999999999999,7.16,13.4697988909258,13.653120078088,7.7086037216903,7.68905972197548,51.8086071856695,52.0038724155224,-0.624837717399792,0,-0.624837717399792,0,0
7.17,7.06999999999999,13.4417827409294,13.4697988909258,8.02373570888492,7.7086037216903,51.8375039796763,51.8086071856695,5.29167397660498,0,5.29167397660498,0,-1
7.41,7.17,12.8602491398112,13.4417827409294,8.04692401089499,8.02373570888492,54.4278123858839,51.8375039796763,-3.44916572281051,0,-3.44916572281051,0,0
8.18000000000001,7.41,13.1043980102429,12.8602491398112,8.48133672011073,8.04692401089499,54.431382580583,54.4278123858839,-2.73710325735289,0,-2.73710325735289,0,1
16.16,8.18000000000001,14.0191979443611,13.1043980102429,8.32953770036986,8.48133672011073,53.1100770556224,54.431382580583,-1.87338904480528,0,-1.87338904480528,0,0
18.16,16.16,13.773612703125,14.0191979443611,8.54382869301946,8.32953770036986,51.7105420975795,53.1100770556224,2.73143325452513,0,2.73143325452513,0,0
17.52,18.16,13.8670819906174,13.773612703125,6.56863432570751,8.54382869301946,50.9003303396844,51.7105420975795,-0.724260211531156,0,-0.724260211531156,0,0
16.9,17.52,14.5583397069631,13.8670819906174,6.57966277107312,6.56863432570751,50.1029519922067,50.9003303396844,2.8657128594502,0,2.8657128594502,0,0
16.18,16.9,14.2714808808134,14.5583397069631,7.10543349444988,6.57966277107312,49.0756060303663,50.1029519922067,-0.506434658915303,0,-0.506434658915303,0,1
15.82,16.18,14.3407928471858,14.2714808808134,6.91033958238854,7.10543349444988,49.0108078590346,49.0756060303663,-0.921732476157693,0,-0.921732476157693,0,-1
15.36,15.82,14.3326820523154,14.3407928471858,6.68748469847161,6.91033958238854,49.4778991278337,49.0108078590346,-0.176982568817097,0,-0.176982568817097,0,0
14.68,15.36,14.1945555399904,14.3326820523154,7.41100954065856,6.68748469847161,51.5431275573389,49.4778991278337,-0.00987692322549982,0,-0.00987692322549982,0,0
15.4,14.68,14.44764742888,14.1945555399904,7.06566099751359,7.41100954065856,51.7265977678792,51.5431275573389,-2.08697942896877,0,-2.08697942896877,0,0
15.27,15.4,14.2026648382093,14.44764742888,6.69406391612864,7.06566099751359,50.8299775114217,51.7265977678792,1.48234527551285,0,1.48234527551285,0,1
14.46,15.27,14.3480862684618,14.2026648382093,8.14990689690488,6.69406391612864,51.3276245737595,50.8299775114217,-0.0858261368690396,0,-0.0858261368690396,0,-1
13.53,14.46,14.1968906999329,14.3480862684618,8.88806342265387,8.14990689690488,51.0763664008483,51.3276245737595,0.0855621893392779,0,0.0855621893392779,0,0
5.25,13.53,13.9380359371615,14.1968906999329,8.53182838840104,8.88806342265387,51.7051950619772,51.0763664008483,-0.0694924849490306,0,-0.0694924849490306,0,0
3.86,5.25,13.7477508512162,13.9380359371615,9.240834615775,8.53182838840104,51.5000437708406,51.7051950619772,-0.0150522367082608,0,-0.0150522367082608,0,1
3.76000000000001,3.86,13.093160890418,13.7477508512162,8.87933131129013,9.240834615775,51.7680046702944,51.5000437708406,0.757592946502786,0,0.757592946502786,0,-1
4.16,3.76000000000001,13.1232378777822,13.093160890418,9.20818015175253,8.87933131129013,52.5017884321051,51.7680046702944,2.4972290169703,0,2.4972290169703,0,0
4.87999999999999,4.16,12.8522154533458,13.1232378777822,8.76825994264756,9.20818015175253,51.6090103985904,52.5017884321051,-1.84168907065787,0,-1.84168907065787,0,0
4.87999999999999,4.87999999999999,12.7036626989255,12.8522154533458,8.62707352305277,8.76825994264756,52.5256852435117,51.6090103985904,0.850895361256956,0,0.850895361256956,0,0
6.18000000000001,4.87999999999999,12.6151162431777,12.7036626989255,8.3560312860789,8.62707352305277,53.1964179092354,52.5256852435117,-3.24247020059627,0,-3.24247020059627,0,0
6.83,6.18000000000001,12.393297920073,12.6151162431777,9.71304824678224,8.3560312860789,55.3255417337456,53.1964179092354,2.21008655524883,0,2.21008655524883,0,0
7.37000000000001,6.83,12.4938627519514,12.393297920073,9.48955176198788,9.71304824678224,55.2847137804898,55.3255417337456,-2.2378425154308,0,-2.2378425154308,0,1
7.94,7.37000000000001,12.5854871175466,12.4938627519514,8.86662846735346,9.48955176198788,53.8014527863341,55.2847137804898,1.51933748883128,0,1.51933748883128,0,-1
9.05,7.94,12.6919639992758,12.5854871175466,9.65511417494812,8.86662846735346,53.9684570300288,53.8014527863341,-0.0387339306838328,0,-0.0387339306838328,0,0
9.05,9.05,12.5895734471293,12.6919639992758,10.6523674620592,9.65511417494812,53.4937622122144,53.9684570300288,-1.74209617894006,0,-1.74209617894006,0,0
9.28,9.05,12.4808119056614,12.5895734471293,9.24226057359519,10.6523674620592,53.2665352843903,53.4937622122144,1.37820301786078,0,1.37820301786078,0,0
9.20999999999999,9.28,12.4705244400431,12.4808119056614,9.52807704154258,9.24226057359519,51.9787788309599,53.2665352843903,-0.147723243239266,0,-0.147723243239266,0,0
10.03,9.20999999999999,12.0998383432211,12.4705244400431,9.47221759758607,9.52807704154258,52.0382195360511,51.9787788309599,1.99752624521402,0,1.99752624521402,0,0
9.70999999999999,10.03,12.1836410168963,12.0998383432211,8.08455010911569,9.47221759758607,52.411656694094,52.0382195360511,-3.32207411321289,0,-3.32207411321289,0,1
9.75,9.70999999999999,11.2102478620249,12.1836410168963,11.3085403926342,8.08455010911569,49.8910587416785,52.411656694094,2.57929124483088,0,2.57929124483088,0,-1
9.55,9.75,11.1605655973853,11.2102478620249,10.2315167473198,11.3085403926342,50.0439257881826,49.8910587416785,1.37150917776396,0,1.37150917776396,0,0
8.54000000000001,9.55,11.1564298300559,11.1605655973853,10.4156473147989,10.2315167473198,49.4793052682136,50.0439257881826,-1.69837436785221,0,-1.69837436785221,0,0
8.59999999999999,8.54000000000001,10.9976060440936,11.1564298300559,11.0036327576624,10.4156473147989,51.2966571077202,49.4793052682136,-0.0926841374253904,0,-0.0926841374253904,0,0
7.92,8.59999999999999,11.184606813703,10.9976060440936,10.1714158425069,11.0036327576624,49.3208057132845,51.2966571077202,0.0683155196827663,0,0.0683155196827663,0,0
8.15000000000001,7.92,11.8863121076775,11.184606813703,10.1355827867027,10.1714158425069,47.1003521747246,49.3208057132845,0.0971594068581645,0,0.0971594068581645,0,1
8.90000000000001,8.15000000000001,11.9113656636322,11.8863121076775,8.58763655574953,10.1355827867027,45.1412648845922,47.1003521747246,0.167552665291165,0,0.167552665291165,0,-1
9.38,8.90000000000001,12.199375379837,11.9113656636322,7.90919571171185,8.58763655574953,44.4116673834041,45.1412648845922,-0.199229542945385,0,-0.199229542945385,0,0
10.43,9.38,12.5256811972202,12.199375379837,8.82712315246771,7.90919571171185,44.0088847319771,44.4116673834041,0.230801283085562,0,0.230801283085562,0,0
9.93000000000001,10.43,12.4787772924455,12.5256811972202,8.80193146008532,8.82712315246771,44.7239280230136,44.0088847319771,-0.910546663580597,0,-0.910546663580597,0,0
9.23999999999999,9.93000000000001,12.5704571689992,12.4787772924455,7.95120776499517,8.80193146008532,44.3856380286598,44.7239280230136,-1.10175622401147,0,-1.10175622401147,0,0
9.27,9.23999999999999,12.9806146637638,12.5704571689992,8.36380391094591,7.95120776499517,43.8093450277797,44.3856380286598,1.65838241362351,0,1.65838241362351,0,0
9.56,9.27,12.1275962240071,12.9806146637638,7.2252356503878,8.36380391094591,43.3437744993108,43.8093450277797,-0.694869746936615,0,-0.694869746936615,0,0
9.65000000000001,9.56,12.1541664965162,12.1275962240071,7.83217130236225,7.2252356503878,43.5951046155436,43.3437744993108,0.241865546751328,0,0.241865546751328,0,1
9.84,9.65000000000001,12.2421016505088,12.1541664965162,7.76096036122366,7.83217130236225,43.418079311809,43.5951046155436,0.47542100114168,0,0.47542100114168,0,-1
5.47,0,13.8801668016075,0,10.0942482819209,0,47.9598151494015,0,-0.233318385153751,-0.233318385153751,0,0,0
5.26000000000001,5.47,13.8710132208336,13.8801668016075,10.340041774178,10.0942482819209,48.3238480210702,47.9598151494015,0.0463141473731241,0.0463141473731241,0,0,0
5.14,5.26000000000001,13.7706832162646,13.8710132208336,10.5148887548954,10.340041774178,48.8656910731415,48.3238480210702,-0.35785203631988,-0.35785203631988,0,0,0
5.45999999999999,5.14,13.7301311980592,13.7706832162646,10.51254094637,10.5148887548954,49.2399485445396,48.8656910731415,-0.084639006412992,-0.084639006412992,0,0,1
4.43000000000001,5.45999999999999,13.4906880000027,13.7301311980592,10.2089902238473,10.51254094637,49.4665135905264,49.2399485445396,0.224833048530936,0.224833048530936,0,0,-1
4.28,4.43000000000001,13.7088676844156,13.4906880000027,10.1295912552645,10.2089902238473,49.2694165805215,49.4665135905264,-0.0873685308722294,-0.0873685308722294,0,0,0
4.14,4.28,13.8738211872104,13.7088676844156,9.77419901314637,10.1295912552645,49.8062698119836,49.2694165805215,-0.544289851517746,-0.544289851517746,0,0,0
3.73,4.14,14.0209946369198,13.8738211872104,9.57694641510912,9.77419901314637,50.2601856677275,49.8062698119836,0.234458260675932,0.234458260675932,0,0,0
3.45999999999999,3.73,13.8990027325441,14.0209946369198,9.41710551726087,9.57694641510912,50.3248948628885,50.2601856677275,0.604131732419482,0.604131732419482,0,0,0
3.58,3.45999999999999,13.8907745784368,13.8990027325441,9.21677896266204,9.41710551726087,50.5842157856619,50.3248948628885,0.224298545394849,0.224298545394849,0,0,0
3.02,3.58,13.7820120928385,13.8907745784368,9.06821022152576,9.21677896266204,50.3005575004405,50.5842157856619,-0.172903457899903,-0.172903457899903,0,0,0
2.48,3.02,13.7825135665169,13.7820120928385,8.91868050932793,9.06821022152576,50.953970005666,50.3005575004405,-0.295709351634354,-0.295709351634354,0,0,-1
2.15000000000001,2.48,13.9138795960454,13.7825135665169,8.83772966279741,8.91868050932793,51.1025840209083,50.953970005666,-0.119794702308202,-0.119794702308202,0,0,0
2.83,2.15000000000001,13.6087330385345,13.9138795960454,8.8324106712637,8.83772966279741,51.5008142226815,51.1025840209083,0.292313451931442,0.292313451931442,0,0,1
3.58,2.83,14.3880081090984,13.6087330385345,8.58855505366272,8.8324106712637,51.2333122890616,51.5008142226815,-1.92325516729135,-1.92325516729135,0,0,0
3.37,3.58,14.3612052121507,14.3880081090984,7.82475451006338,8.58855505366272,51.043092007793,51.2333122890616,0.637065780499267,0.637065780499267,0,0,0
3.86,3.37,14.5368480497183,14.3612052121507,7.57389801686416,7.82475451006338,51.3981996982928,51.043092007793,0.0708645063531286,0.0708645063531286,0,0,-1
3.90000000000001,3.86,14.4768911908005,14.5368480497183,7.39652812598001,7.57389801686416,51.8579058638751,51.3981996982928,-0.442791343315005,-0.442791343315005,0,0,1
3.97,3.90000000000001,14.3829397831687,14.4768911908005,7.31221024938045,7.39652812598001,52.6230635749352,51.8579058638751,-0.122485714305558,-0.122485714305558,0,0,0
4.37999999999999,3.97,14.5369541783216,14.3829397831687,7.37747768856436,7.31221024938045,53.1905603334265,52.6230635749352,-0.34995749061331,-0.34995749061331,0,0,0
4.79000000000001,4.37999999999999,13.9966409976014,14.5369541783216,7.28758982466655,7.37747768856436,53.8847587070806,53.1905603334265,4.79853379400944,4.79853379400944,0,0,0
5.33,4.79000000000001,14.1698539435098,13.9966409976014,7.32801199773042,7.28758982466655,53.9859622666681,53.8847587070806,-3.14136377945639,-3.14136377945639,0,0,0
5.77,5.33,14.1759427572227,14.1698539435098,7.20753994144101,7.32801199773042,53.9628003783817,53.9859622666681,-0.558636367477391,-0.558636367477391,0,0,0
5.92,5.77,14.2031934297367,14.1759427572227,7.34929640276398,7.20753994144101,54.4366808036604,53.9628003783817,0.0136584634519359,0.0136584634519359,0,0,0
6.62000000000001,5.92,14.1084441774436,14.2031934297367,7.23937625195624,7.34929640276398,54.7525771886808,54.4366808036604,0.354806192694786,0.354806192694786,0,0,0
6.44,6.62000000000001,14.2105048585401,14.1084441774436,7.132233059121,7.23937625195624,55.5460551324042,54.7525771886808,-0.525692826875712,-0.525692826875712,0,0,1
5.70999999999999,6.44,14.3107361190762,14.2105048585401,7.353172677106,7.132233059121,55.9890221782111,55.5460551324042,0.853238759669049,0.853238759669049,0,0,-1
6.45,5.70999999999999,13.7790240648501,14.3107361190762,7.3862541163583,7.353172677106,56.630855983259,55.9890221782111,0.223469131078785,0.223469131078785,0,0,0
6.73999999999999,6.45,14.1116721056958,13.7790240648501,7.05256779552123,7.3862541163583,56.8908333460024,56.630855983259,-0.955130924869447,-0.955130924869447,0,0,0
6.8,6.73999999999999,13.9939983630655,14.1116721056958,7.60862289664021,7.05256779552123,57.1989032105729,56.8908333460024,0.0285164784650451,0.0285164784650451,0,0,0
7.19,6.8,13.9119406755099,13.9939983630655,7.77953742549369,7.60862289664021,57.9141128269141,57.1989032105729,0.496396877265354,0.496396877265354,0,0,0
7.45999999999999,7.19,13.9389879788163,13.9119406755099,7.7895409457306,7.77953742549369,58.3111444099975,57.9141128269141,-0.146076127954611,-0.146076127954611,0,0,0
8.06999999999999,7.45999999999999,13.9049810947435,13.9389879788163,7.94952191710515,7.7895409457306,58.5481825745686,58.3111444099975,0.541858599931217,0.541858599931217,0,0,0
8.5,8.06999999999999,13.7444637878387,13.9049810947435,7.82199059485735,7.94952191710515,58.2815355685386,58.5481825745686,-0.624837717399792,-0.624837717399792,0,0,0
8.06,8.5,13.7135962709033,13.7444637878387,8.02441637234346,7.82199059485735,58.2346277750879,58.2815355685386,5.29167397660498,5.29167397660498,0,0,-1
8.73999999999999,8.06,13.1868281262385,13.7135962709033,8.26147488394737,8.02441637234346,59.7335382737661,58.2346277750879,-3.44916572281051,-3.44916572281051,0,0,0
9.17,8.73999999999999,13.5716659260236,13.1868281262385,8.51464211150524,8.26147488394737,60.3225160503638,59.7335382737661,-2.73710325735289,-2.73710325735289,0,0,1
16.2,9.17,14.4224801380824,13.5716659260236,8.87225433198921,8.51464211150524,59.2849181323468,60.3225160503638,-1.87338904480528,-1.87338904480528,0,0,0
17.89,16.2,14.2924046109293,14.4224801380824,8.50238242723012,8.87225433198921,57.3455359627419,59.2849181323468,2.73143325452513,2.73143325452513,0,0,0
16.44,17.89,14.4478127728343,14.2924046109293,7.09963737837846,8.50238242723012,56.6109212603777,57.3455359627419,-0.724260211531156,-0.724260211531156,0,0,0
15.11,16.44,15.107694317187,14.4478127728343,7.11568502251093,7.09963737837846,56.0830614519628,56.6109212603777,2.8657128594502,2.8657128594502,0,0,0
13.95,15.11,14.8694207194979,15.107694317187,7.42115531527751,7.11568502251093,55.8297790570412,56.0830614519628,-0.506434658915303,-0.506434658915303,0,0,1
13.83,13.95,14.9193500284879,14.8694207194979,7.79086172755453,7.42115531527751,55.7125669162203,55.8297790570412,-0.921732476157693,-0.921732476157693,0,0,-1
13.2,13.83,14.9238706079921,14.9193500284879,7.43143119600666,7.79086172755453,55.8007841132251,55.7125669162203,-0.176982568817097,-0.176982568817097,0,0,0
12.35,13.2,14.8558213768414,14.9238706079921,7.94191191483541,7.43143119600666,55.3961137191825,55.8007841132251,-0.00987692322549982,-0.00987692322549982,0,0,0
11.07,12.35,15.0506547112465,14.8558213768414,7.71938364610445,7.94191191483541,55.4710394945572,55.3961137191825,-2.08697942896877,-2.08697942896877,0,0,0
11.48,11.07,14.8009309823514,15.0506547112465,7.455174854327,7.71938364610445,55.0615776367211,55.4710394945572,1.48234527551285,1.48234527551285,0,0,1
11.1,11.48,14.9936579271548,14.8009309823514,8.30000475144026,7.455174854327,55.2420899141657,55.0615776367211,-0.0858261368690396,-0.0858261368690396,0,0,-1
10.31,11.1,14.8492415423923,14.9936579271548,8.47875220110614,8.30000475144026,55.050859620209,55.2420899141657,0.0855621893392779,0.0855621893392779,0,0,0
3.19,10.31,14.636680134846,14.8492415423923,8.52524559405778,8.47875220110614,55.6218830898833,55.050859620209,-0.0694924849490306,-0.0694924849490306,0,0,0
1.36,3.19,14.5088585192164,14.636680134846,8.78230271450889,8.52524559405778,56.3283150311664,55.6218830898833,-0.0150522367082608,-0.0150522367082608,0,0,1
1.98,1.36,13.929910575502,14.5088585192164,8.46195063594403,8.78230271450889,56.4069865666829,56.3283150311664,0.757592946502786,0.757592946502786,0,0,-1
2.66,1.98,13.9094842451581,13.929910575502,8.58321640254484,8.46195063594403,56.7805835061867,56.4069865666829,2.4972290169703,2.4972290169703,0,0,0
4.09999999999999,2.66,13.6377501877629,13.9094842451581,8.36005089669023,8.58321640254484,57.298698048988,56.7805835061867,-1.84168907065787,-1.84168907065787,0,0,0
4.48999999999999,4.09999999999999,13.5699991152813,13.6377501877629,8.1603055073411,8.36005089669023,58.5207225107561,57.298698048988,0.850895361256956,0.850895361256956,0,0,0
5.37000000000001,4.48999999999999,13.4442734275629,13.5699991152813,8.18991413823927,8.1603055073411,59.7386592596154,58.5207225107561,-3.24247020059627,-3.24247020059627,0,0,0
5.95999999999999,5.37000000000001,13.2495246462542,13.4442734275629,8.81626289132654,8.18991413823927,60.5521127675903,59.7386592596154,2.21008655524883,2.21008655524883,0,0,0
6.84,5.95999999999999,13.2734658292199,13.2495246462542,8.54109863687902,8.81626289132654,60.7110104445004,60.5521127675903,-2.2378425154308,-2.2378425154308,0,0,1
6.90000000000001,6.84,13.2589927055439,13.2734658292199,8.40624615165525,8.54109863687902,59.8381014827921,60.7110104445004,1.51933748883128,1.51933748883128,0,0,-1
6.73,6.90000000000001,13.3163843839933,13.2589927055439,8.84744363855308,8.40624615165525,59.7761916120699,59.8381014827921,-0.0387339306838328,-0.0387339306838328,0,0,0
6.69,6.73,13.2005637230724,13.3163843839933,9.60433005115874,8.84744363855308,59.6661382451651,59.7761916120699,-1.74209617894006,-1.74209617894006,0,0,0
6.7,6.69,13.1007818013152,13.2005637230724,8.77694845256363,9.60433005115874,59.6916513627925,59.6661382451651,1.37820301786078,1.37820301786078,0,0,0
6.98,6.7,13.0764685736099,13.1007818013152,8.77284512724333,8.77694845256363,59.9275120783112,59.6916513627925,-0.147723243239266,-0.147723243239266,0,0,0
7.05,6.98,12.687430902049,13.0764685736099,8.35792051604785,8.77284512724333,59.8956273491445,59.9275120783112,1.99752624521402,1.99752624521402,0,0,0
7.47,7.05,12.7649219135439,12.687430902049,8.0059715177487,8.35792051604785,60.2317933032789,59.8956273491445,-3.32207411321289,-3.32207411321289,0,0,1
8.22,7.47,11.8777897218888,12.7649219135439,10.4707057493868,8.0059715177487,59.6127415318828,60.2317933032789,2.57929124483088,2.57929124483088,0,0,-1
8.16,8.22,11.8602798913993,11.8777897218888,9.87626679380559,10.4707057493868,59.4979149965992,59.6127415318828,1.37150917776396,1.37150917776396,0,0,0
7.86,8.16,11.8616844512295,11.8602798913993,9.81345410879792,9.87626679380559,58.6866142992809,59.4979149965992,-1.69837436785221,-1.69837436785221,0,0,0
7.59999999999999,7.86,11.6940246926767,11.8616844512295,10.1395403785585,9.81345410879792,57.7317822010666,58.6866142992809,-0.0926841374253904,-0.0926841374253904,0,0,0
8.11,7.59999999999999,11.8196196662426,11.6940246926767,10.0629870323205,10.1395403785585,55.0233395305003,57.7317822010666,0.0683155196827663,0.0683155196827663,0,0,0
8.88,8.11,12.3666252087963,11.8196196662426,9.40213803121959,10.0629870323205,52.5119799185679,55.0233395305003,0.0971594068581645,0.0971594068581645,0,0,1
9.52,8.88,12.4007995229497,12.3666252087963,8.90726345590415,9.40213803121959,51.3864424519912,52.5119799185679,0.167552665291165,0.167552665291165,0,0,-1
9.48999999999999,9.52,12.7026317242732,12.4007995229497,8.31123945574486,8.90726345590415,50.2069832190507,51.3864424519912,-0.199229542945385,-0.199229542945385,0,0,0
9.78,9.48999999999999,12.9736006372091,12.7026317242732,8.60247101818003,8.31123945574486,49.1969154384824,50.2069832190507,0.230801283085562,0.230801283085562,0,0,0
9.81,9.78,12.8795711863478,12.9736006372091,8.12629092332591,8.60247101818003,48.3472350413845,49.1969154384824,-0.910546663580597,-0.910546663580597,0,0,0
9.86,9.81,12.9681840055239,12.8795711863478,8.10909480753288,8.12629092332591,47.6399887621815,48.3472350413845,-1.10175622401147,-1.10175622401147,0,0,0
9.5,9.86,13.4489265352148,12.9681840055239,8.04153166726716,8.10909480753288,46.8376776394086,47.6399887621815,1.65838241362351,1.65838241362351,0,0,0
8.61,9.5,12.5343409497416,13.4489265352148,7.94069599863714,8.04153166726716,46.0108247451135,46.8376776394086,-0.694869746936615,-0.694869746936615,0,0,0
7.86,8.61,12.550321104301,12.5343409497416,8.28946265306195,7.94069599863714,45.8965874395614,46.0108247451135,0.241865546751328,0.241865546751328,0,0,1
7.92,7.86,12.5364325350856,12.550321104301,8.32379041478383,8.28946265306195,45.6438310729556,45.8965874395614,0.47542100114168,0.47542100114168,0,0,-1
5.62999999999999,0,14.182555258929,0,9.98961973961333,0,55.2649372558329,0,-0.233318385153751,0,0,0,0
5.56999999999999,5.62999999999999,14.1429857901862,14.182555258929,10.4131528507357,9.98961973961333,56.0795509083578,55.2649372558329,0.0463141473731241,0,0,0,0
5.45999999999999,5.56999999999999,14.0686304473942,14.1429857901862,10.6379871045353,10.4131528507357,57.2053980786289,56.0795509083578,-0.35785203631988,0,0,0,0
5.12000000000001,5.45999999999999,14.000715509341,14.0686304473942,10.5422107806233,10.6379871045353,57.8853615512739,57.2053980786289,-0.084639006412992,0,0,0,1
4.39,5.12000000000001,13.8289620350766,14.000715509341,10.445419545507,10.5422107806233,58.4838887942523,57.8853615512739,0.224833048530936,0,0,0,-1
4.08,4.39,14.0194596716746,13.8289620350766,10.1062374822389,10.445419545507,59.2522930326355,58.4838887942523,-0.0873685308722294,0,0,0,0
4.06,4.08,14.0818500402738,14.0194596716746,9.90007661771196,10.1062374822389,59.7494656437043,59.2522930326355,-0.544289851517746,0,0,0,0
3.72,4.06,14.2610228124386,14.0818500402738,9.64058981677808,9.90007661771196,60.3217507818173,59.7494656437043,0.234458260675932,0,0,0,0
3.45,3.72,14.1616749599395,14.2610228124386,9.56530620346325,9.64058981677808,59.1339154838023,60.3217507818173,0.604131732419482,0,0,0,0
3.05,3.45,14.1752113197742,14.1616749599395,9.34289740239505,9.56530620346325,59.8620626791501,59.1339154838023,0.224298545394849,0,0,0,0
2.54000000000001,3.05,14.0513954840178,14.1752113197742,9.0133388868462,9.34289740239505,60.3390931739225,59.8620626791501,-0.172903457899903,0,0,0,0
2.3,2.54000000000001,13.9601569316713,14.0513954840178,8.98682647139717,9.0133388868462,64.9718051301885,60.3390931739225,-0.295709351634354,0,0,0,-1
2.20999999999999,2.3,14.0648992571185,13.9601569316713,9.00454438299378,8.98682647139717,65.4716495087764,64.9718051301885,-0.119794702308202,0,0,0,0
2.7,2.20999999999999,13.7964141592872,14.0648992571185,8.80753808789995,9.00454438299378,66.3826821740722,65.4716495087764,0.292313451931442,0,0,0,1
3.31999999999999,2.7,14.656154474267,13.7964141592872,8.63277516036393,8.80753808789995,66.1853021056425,66.3826821740722,-1.92325516729135,0,0,0,0
3.3,3.31999999999999,14.655588682852,14.656154474267,7.49500576580445,8.63277516036393,66.4447540790744,66.1853021056425,0.637065780499267,0,0,0,0
3.58,3.3,14.8385584873704,14.655588682852,7.48578974628469,7.49500576580445,67.0210596232336,66.4447540790744,0.0708645063531286,0,0,0,-1
4.08,3.58,14.7378661678983,14.8385584873704,7.32308825593896,7.48578974628469,67.9882168785541,67.0210596232336,-0.442791343315005,0,0,0,1
4.01000000000001,4.08,14.6006452711908,14.7378661678983,7.22281189683753,7.32308825593896,68.9847441473771,67.9882168785541,-0.122485714305558,0,0,0,0
4.01000000000001,4.01000000000001,14.8113550806402,14.6006452711908,7.36006621747679,7.22281189683753,69.8543966212916,68.9847441473771,-0.34995749061331,0,0,0,0
4.20999999999999,4.01000000000001,14.2335691209829,14.8113550806402,7.40283431662982,7.36006621747679,68.5567452038656,69.8543966212916,4.79853379400944,0,0,0,0
4.72,4.20999999999999,14.3491986247,14.2335691209829,7.28991848229561,7.40283431662982,68.602756713466,68.5567452038656,-3.14136377945639,0,0,0,0
5.56999999999999,4.72,14.3652711623855,14.3491986247,7.34237145571236,7.28991848229561,68.5097724929581,68.602756713466,-0.558636367477391,0,0,0,0
5.44,5.56999999999999,14.2957843232655,14.3652711623855,7.5888410025518,7.34237145571236,69.2288284225973,68.5097724929581,0.0136584634519359,0,0,0,0
5.73999999999999,5.44,14.296385626021,14.2957843232655,7.22402037044774,7.5888410025518,70.4780330117479,69.2288284225973,0.354806192694786,0,0,0,0
5.59,5.73999999999999,14.331479331891,14.296385626021,7.03954949205867,7.22402037044774,70.647959172051,70.4780330117479,-0.525692826875712,0,0,0,1
5.34999999999999,5.59,14.4726342603255,14.331479331891,7.27673335265512,7.03954949205867,68.6742960622286,70.647959172051,0.853238759669049,0,0,0,-1
5.75,5.34999999999999,13.8944623345227,14.4726342603255,7.21035710646444,7.27673335265512,67.7317696768647,68.6742960622286,0.223469131078785,0,0,0,0
6.06999999999999,5.75,14.2548542364572,13.8944623345227,6.86945854499957,7.21035710646444,67.7765313187837,67.7317696768647,-0.955130924869447,0,0,0,0
6,6.06999999999999,14.0984447635466,14.2548542364572,7.52909981339614,6.86945854499957,67.9817614357366,67.7765313187837,0.0285164784650451,0,0,0,0
6.31,6,14.0259452881769,14.0984447635466,7.68604681664061,7.52909981339614,67.9113068076243,67.9817614357366,0.496396877265354,0,0,0,0
6.75,6.31,14.074576701494,14.0259452881769,7.44331294194605,7.68604681664061,67.1024819195855,67.9113068076243,-0.146076127954611,0,0,0,0
7.56,6.75,14.0374352571166,14.074576701494,7.35746840643777,7.44331294194605,66.5697733676774,67.1024819195855,0.541858599931217,0,0,0,0
7.81999999999999,7.56,13.9190978663411,14.0374352571166,7.69059121021175,7.35746840643777,65.2938119202742,66.5697733676774,-0.624837717399792,0,0,0,0
7.42,7.81999999999999,13.8940764346388,13.9190978663411,7.96874761653237,7.69059121021175,63.8718676191128,65.2938119202742,5.29167397660498,0,0,0,-1
7.8,7.42,13.3439810771701,13.8940764346388,8.07299998511804,7.96874761653237,66.3351444627091,63.8718676191128,-3.44916572281051,0,0,0,0
8.06,7.8,13.7099359632053,13.3439810771701,7.90067725337872,8.07299998511804,66.3318294430457,66.3351444627091,-2.73710325735289,0,0,0,1
14.05,8.06,14.6288493681293,13.7099359632053,7.75097849587983,7.90067725337872,65.0023427920925,66.3318294430457,-1.87338904480528,0,0,0,0
14.82,14.05,14.5373450891058,14.6288493681293,7.33477892553773,7.75097849587983,64.1204371839267,65.0023427920925,2.73143325452513,0,0,0,0
14.7,14.82,14.691053488793,14.5373450891058,6.95474054118218,7.33477892553773,62.916830640215,64.1204371839267,-0.724260211531156,0,0,0,0
14.61,14.7,15.2682658064426,14.691053488793,5.65951962066155,6.95474054118218,62.0932601983313,62.916830640215,2.8657128594502,0,0,0,0
13.52,14.61,15.0313074337087,15.2682658064426,6.55155128000939,5.65951962066155,59.5574158059821,62.0932601983313,-0.506434658915303,0,0,0,1
13.03,13.52,15.0528906243636,15.0313074337087,6.26429477115198,6.55155128000939,59.3006847188525,59.5574158059821,-0.921732476157693,0,0,0,-1
12.34,13.03,15.0199827596896,15.0528906243636,5.68708538748101,6.26429477115198,59.4703781476173,59.3006847188525,-0.176982568817097,0,0,0,0
11.47,12.34,14.9242157532269,15.0199827596896,6.93860443745259,5.68708538748101,59.4598093768479,59.4703781476173,-0.00987692322549982,0,0,0,0
10.76,11.47,15.1967750024908,14.9242157532269,6.39883335453785,6.93860443745259,59.4102503221655,59.4598093768479,-2.08697942896877,0,0,0,0
11.12,10.76,14.9248983984857,15.1967750024908,6.03609212754603,6.39883335453785,59.0675272042572,59.4102503221655,1.48234527551285,0,0,0,1
11.19,11.12,15.0471824841472,14.9248983984857,7.88777225602339,6.03609212754603,58.3621228855707,59.0675272042572,-0.0858261368690396,0,0,0,-1
10.75,11.19,14.905194205407,15.0471824841472,7.49891296694247,7.88777225602339,58.3185025988559,58.3621228855707,0.0855621893392779,0,0,0,0
4.61,10.75,14.6754197482724,14.905194205407,7.97363052296224,7.49891296694247,58.5910018149349,58.3185025988559,-0.0694924849490306,0,0,0,0
3.44,4.61,14.5620119166452,14.6754197482724,8.71292473374339,7.97363052296224,58.3327824651594,58.5910018149349,-0.0150522367082608,0,0,0,1
3.33,3.44,13.8858491351895,14.5620119166452,8.36296554271513,8.71292473374339,58.4661192917211,58.3327824651594,0.757592946502786,0,0,0,-1
3.39,3.33,13.9340938715839,13.8858491351895,8.47303523137048,8.36296554271513,58.6713492064278,58.4661192917211,2.4972290169703,0,0,0,0
4.31,3.39,13.6583471081182,13.9340938715839,7.90577256312203,8.47303523137048,59.1689750909786,58.6713492064278,-1.84168907065787,0,0,0,0
4.90000000000001,4.31,13.53859860493,13.6583471081182,8.24034193660631,7.90577256312203,60.2695418819938,59.1689750909786,0.850895361256956,0,0,0,0
5.79000000000001,4.90000000000001,13.4447333922781,13.53859860493,7.93735441790125,8.24034193660631,60.9517967336413,60.2695418819938,-3.24247020059627,0,0,0,0
6.25,5.79000000000001,13.1947955942807,13.4447333922781,8.81309480573181,7.93735441790125,61.4432692140708,60.9517967336413,2.21008655524883,0,0,0,0
7.08,6.25,13.2386709022959,13.1947955942807,8.7383522811531,8.81309480573181,61.5329871082212,61.4432692140708,-2.2378425154308,0,0,0,1
6.91,7.08,13.2549263618628,13.2386709022959,7.93650186324218,8.7383522811531,60.7159710122373,61.5329871082212,1.51933748883128,0,0,0,-1
6.62999999999999,6.91,13.3024766906911,13.2549263618628,8.3453407311724,7.93650186324218,60.5451900026758,60.7159710122373,-0.0387339306838328,0,0,0,0
7.03,6.62999999999999,13.1743836687173,13.3024766906911,10.3891454972664,8.3453407311724,60.0707548213539,60.5451900026758,-1.74209617894006,0,0,0,0
6.81,7.03,13.1005245576344,13.1743836687173,8.50864072819594,10.3891454972664,60.2305816887486,60.0707548213539,1.37820301786078,0,0,0,0
7.14,6.81,13.0972520649158,13.1005245576344,9.17605843530769,8.50864072819594,59.7381945940365,60.2305816887486,-0.147723243239266,0,0,0,0
7.40000000000001,7.14,12.6640460937503,13.0972520649158,7.92481695928312,9.17605843530769,59.9524829604688,59.7381945940365,1.99752624521402,0,0,0,0
7.19,7.40000000000001,12.747220408253,12.6640460937503,7.36007115547142,7.92481695928312,60.5444709856209,59.9524829604688,-3.32207411321289,0,0,0,1
8.13,7.19,11.7985415155065,12.747220408253,10.0737805120147,7.36007115547142,60.4496973977405,60.5444709856209,2.57929124483088,0,0,0,-1
7.78,8.13,11.773958413813,11.7985415155065,10.0979012396866,10.0737805120147,60.2679349830393,60.4496973977405,1.37150917776396,0,0,0,0
8.09999999999999,7.78,11.790094798192,11.773958413813,8.91203720628792,10.0979012396866,59.9164571035518,60.2679349830393,-1.69837436785221,0,0,0,0
7.84999999999999,8.09999999999999,11.59687188274,11.790094798192,9.34538561415801,8.91203720628792,59.3725402142266,59.9164571035518,-0.0926841374253904,0,0,0,0
8.31999999999999,7.84999999999999,11.7580999561621,11.59687188274,10.5939829409896,9.34538561415801,56.0624932170442,59.3725402142266,0.0683155196827663,0,0,0,0
9.2,8.31999999999999,12.4449098701614,11.7580999561621,9.23439903528105,10.5939829409896,53.9236909243347,56.0624932170442,0.0971594068581645,0,0,0,1
9.45999999999999,9.2,12.4753089680273,12.4449098701614,9.23866736921927,9.23439903528105,52.4620316353966,53.9236909243347,0.167552665291165,0,0,0,-1
9.77,9.45999999999999,12.7602360921111,12.4753089680273,7.99423828982026,9.23866736921927,51.4953618939126,52.4620316353966,-0.199229542945385,0,0,0,0
10.26,9.77,13.05058404968,12.7602360921111,7.16799991254274,7.99423828982026,50.7701482361959,51.4953618939126,0.230801283085562,0,0,0,0
10.2,10.26,12.9704859313868,13.05058404968,7.47099863206764,7.16799991254274,50.8620799656607,50.7701482361959,-0.910546663580597,0,0,0,0
10.46,10.2,13.0070620966963,12.9704859313868,7.83343818048158,7.47099863206764,50.3343471647275,50.8620799656607,-1.10175622401147,0,0,0,0
10.7,10.46,13.4888525079957,13.0070620966963,8.18583010445224,7.83343818048158,49.7042548414264,50.3343471647275,1.65838241362351,0,0,0,0
9.42,10.7,12.5853041419283,13.4888525079957,7.82453728930259,8.18583010445224,48.8255698364168,49.7042548414264,-0.694869746936615,0,0,0,0
9.47,9.42,12.6203499122804,12.5853041419283,7.39839562789673,7.82453728930259,48.8511356545295,48.8255698364168,0.241865546751328,0,0,0,1
9.02,9.47,12.6674152825589,12.6203499122804,8.69020147782832,7.39839562789673,48.7973846600567,48.8511356545295,0.47542100114168,0,0,0,-1
4.92,0,13.5998508831891,0,10.1526826316349,0,54.0941495530802,0,-0.233318385153751,-0.233318385153751,0,0,0
5.43000000000001,4.92,13.5356328465727,13.5998508831891,10.3923497810329,10.1526826316349,55.345761172094,54.0941495530802,0.0463141473731241,0.0463141473731241,0,0,0
5.18000000000001,5.43000000000001,13.4089797579193,13.5356328465727,10.5866315897652,10.3923497810329,57.0760395737201,55.345761172094,-0.35785203631988,-0.35785203631988,0,0,0
4.59999999999999,5.18000000000001,13.3150849131521,13.4089797579193,10.5329706070691,10.5866315897652,58.783713916783,57.0760395737201,-0.084639006412992,-0.084639006412992,0,0,1
4.45999999999999,4.59999999999999,13.0915725081812,13.3150849131521,10.2688752427509,10.5329706070691,59.9609269923787,58.783713916783,0.224833048530936,0.224833048530936,0,0,-1
4.59999999999999,4.45999999999999,13.2679765312789,13.0915725081812,10.212751747269,10.2688752427509,60.7713611172613,59.9609269923787,-0.0873685308722294,-0.0873685308722294,0,0,0
4.31,4.59999999999999,13.4479684884671,13.2679765312789,9.94281892010054,10.212751747269,62.4080924301293,60.7713611172613,-0.544289851517746,-0.544289851517746,0,0,0
3.84999999999999,4.31,13.559033926892,13.4479684884671,9.75065201291463,9.94281892010054,63.882659986819,62.4080924301293,0.234458260675932,0.234458260675932,0,0,0
3.98,3.84999999999999,13.470740919047,13.559033926892,9.48013491897571,9.75065201291463,63.2264283782318,63.882659986819,0.604131732419482,0.604131732419482,0,0,0
3.64,3.98,13.4434350822813,13.470740919047,9.24040987329667,9.48013491897571,64.7289708665915,63.2264283782318,0.224298545394849,0.224298545394849,0,0,0
2.93000000000001,3.64,13.3693634416254,13.4434350822813,9.09344180349397,9.24040987329667,65.7443061361123,64.7289708665915,-0.172903457899903,-0.172903457899903,0,0,0
2.36,2.93000000000001,13.4883460183441,13.3693634416254,8.91695886942336,9.09344180349397,67.6502938121174,65.7443061361123,-0.295709351634354,-0.295709351634354,0,0,-1
1.95999999999999,2.36,13.6320663221071,13.4883460183441,8.95781530264734,8.91695886942336,67.9439194089954,67.6502938121174,-0.119794702308202,-0.119794702308202,0,0,0
2.33,1.95999999999999,13.4570653609857,13.6320663221071,8.80082940289002,8.95781530264734,68.6175833720708,67.9439194089954,0.292313451931442,0.292313451931442,0,0,1
3.19,2.33,14.0715184047055,13.4570653609857,8.37606805980049,8.80082940289002,68.3916411624426,68.6175833720708,-1.92325516729135,-1.92325516729135,0,0,0
3.19,3.19,13.9974998727898,14.0715184047055,7.79023902307557,8.37606805980049,68.5218214526079,68.3916411624426,0.637065780499267,0.637065780499267,0,0,0
3.44,3.19,14.1262040940512,13.9974998727898,7.68609289892874,7.79023902307557,68.835228830586,68.5218214526079,0.0708645063531286,0.0708645063531286,0,0,-1
3.22,3.44,14.0845168781656,14.1262040940512,7.31700596066003,7.68609289892874,71.0508017686581,68.835228830586,-0.442791343315005,-0.442791343315005,0,0,1
3.44,3.22,14.0347921974467,14.0845168781656,7.15153358479166,7.31700596066003,72.112940816148,71.0508017686581,-0.122485714305558,-0.122485714305558,0,0,0
3.7,3.44,14.1631277370041,14.0347921974467,7.21290598203719,7.15153358479166,73.077899808479,72.112940816148,-0.34995749061331,-0.34995749061331,0,0,0
3.90000000000001,3.7,13.6915964370832,14.1631277370041,7.28285163455214,7.21290598203719,73.5429803130662,73.077899808479,4.79853379400944,4.79853379400944,0,0,0
4.65000000000001,3.90000000000001,13.7879561606318,13.6915964370832,7.40586151058351,7.28285163455214,73.0399007694681,73.5429803130662,-3.14136377945639,-3.14136377945639,0,0,0
4.37999999999999,4.65000000000001,13.7864482320536,13.7879561606318,7.32145524739733,7.40586151058351,73.0140563949356,73.0399007694681,-0.558636367477391,-0.558636367477391,0,0,0
4.5,4.37999999999999,13.7863070422391,13.7864482320536,7.29468402118534,7.32145524739733,71.4921386779931,73.0140563949356,0.0136584634519359,0.0136584634519359,0,0,0
5.14,4.5,13.7858588556557,13.7863070422391,7.27191110564472,7.29468402118534,72.3036335837615,71.4921386779931,0.354806192694786,0.354806192694786,0,0,0
4.86,5.14,13.8382130490657,13.7858588556557,7.23223282258873,7.27191110564472,73.6111426321606,72.3036335837615,-0.525692826875712,-0.525692826875712,0,0,1
4.94,4.86,13.8240499694144,13.8382130490657,7.35191799165142,7.23223282258873,74.1043352031893,73.6111426321606,0.853238759669049,0.853238759669049,0,0,-1
5.37999999999999,4.94,13.4493899469867,13.8240499694144,7.3118169458257,7.35191799165142,75.0884650526574,74.1043352031893,0.223469131078785,0.223469131078785,0,0,0
6.11,5.37999999999999,13.8228914459742,13.4493899469867,7.00291875090915,7.3118169458257,76.14122540552,75.0884650526574,-0.955130924869447,-0.955130924869447,0,0,0
6.28,6.11,13.7370542602621,13.8228914459742,7.58981531945464,7.00291875090915,75.2914675384052,76.14122540552,0.0285164784650451,0.0285164784650451,0,0,0
6.81999999999999,6.28,13.6412852569918,13.7370542602621,7.76288195625484,7.58981531945464,76.0126541684987,75.2914675384052,0.496396877265354,0.496396877265354,0,0,0
7.44,6.81999999999999,13.633261996108,13.6412852569918,7.76647735471503,7.76288195625484,76.5160245252698,76.0126541684987,-0.146076127954611,-0.146076127954611,0,0,0
8.22,7.44,13.6108941211338,13.633261996108,7.70629048106286,7.76647735471503,79.1738185046027,76.5160245252698,0.541858599931217,0.541858599931217,0,0,0
7.94,8.22,13.4602354822217,13.6108941211338,7.57387724443617,7.70629048106286,78.5451130210416,79.1738185046027,-0.624837717399792,-0.624837717399792,0,0,0
9.20999999999999,7.94,13.4043053612631,13.4602354822217,7.88009259719404,7.57387724443617,78.3898766119049,78.5451130210416,5.29167397660498,5.29167397660498,0,0,-1
10.5,9.20999999999999,12.9009290163626,13.4043053612631,8.02569762122131,7.88009259719404,80.9065208448782,78.3898766119049,-3.44916572281051,-3.44916572281051,0,0,0
10.78,10.5,13.4128703433885,12.9009290163626,8.27426482666369,8.02569762122131,81.7735396140613,80.9065208448782,-2.73710325735289,-2.73710325735289,0,0,1
18.27,10.78,14.2386040044889,13.4128703433885,7.82641799669326,8.27426482666369,81.0202335869326,81.7735396140613,-1.87338904480528,-1.87338904480528,0,0,0
18.93,18.27,13.9034119693164,14.2386040044889,8.04150202964391,7.82641799669326,78.7752136015688,81.0202335869326,2.73143325452513,2.73143325452513,0,0,0
17.93,18.93,13.9911830823487,13.9034119693164,7.67982090183204,8.04150202964391,77.7574914137606,78.7752136015688,-0.724260211531156,-0.724260211531156,0,0,0
15.82,17.93,14.5781713756232,13.9911830823487,7.3049217767305,7.67982090183204,77.1972122812702,77.7574914137606,2.8657128594502,2.8657128594502,0,0,0
14.99,15.82,14.388404032594,14.5781713756232,7.52017557885422,7.3049217767305,77.614193779374,77.1972122812702,-0.506434658915303,-0.506434658915303,0,0,1
13.4,14.99,14.46201011162,14.388404032594,7.59823514415905,7.52017557885422,77.931916414955,77.614193779374,-0.921732476157693,-0.921732476157693,0,0,-1
12.97,13.4,14.4521359365292,14.46201011162,7.57605883567249,7.59823514415905,78.5399186971793,77.931916414955,-0.176982568817097,-0.176982568817097,0,0,0
11.57,12.97,14.3728930811066,14.4521359365292,8.1717224924276,7.57605883567249,77.0563418830242,78.5399186971793,-0.00987692322549982,-0.00987692322549982,0,0,0
10.79,11.57,14.5689251477178,14.3728930811066,7.81879982948667,8.1717224924276,77.3431980800144,77.0563418830242,-2.08697942896877,-2.08697942896877,0,0,0
10.4,10.79,14.335331649488,14.5689251477178,7.49979118389906,7.81879982948667,77.8665629206842,77.3431980800144,1.48234527551285,1.48234527551285,0,0,1
9.89,10.4,14.525055221132,14.335331649488,8.15222998426942,7.49979118389906,78.7015498838398,77.8665629206842,-0.0858261368690396,-0.0858261368690396,0,0,-1
8.81999999999999,9.89,14.3832549606629,14.525055221132,8.28935313484266,8.15222998426942,78.4835421820828,78.7015498838398,0.0855621893392779,0.0855621893392779,0,0,0
1.91,8.81999999999999,14.1104302037928,14.3832549606629,8.253579038589,8.28935313484266,79.1383965869315,78.4835421820828,-0.0694924849490306,-0.0694924849490306,0,0,0
0.689999999999998,1.91,13.9695163724314,14.1104302037928,8.33375692542603,8.253579038589,81.4634476958572,79.1383965869315,-0.0150522367082608,-0.0150522367082608,0,0,1
0.590000000000003,0.689999999999998,13.4806461760746,13.9695163724314,8.34729933826369,8.33375692542603,81.9402341032156,81.4634476958572,0.757592946502786,0.757592946502786,0,0,-1
1.56999999999999,0.590000000000003,13.446334980856,13.4806461760746,8.46522147426313,8.34729933826369,82.4729482419375,81.9402341032156,2.4972290169703,2.4972290169703,0,0,0
3.02,1.56999999999999,13.2209760465604,13.446334980856,8.10751197625283,8.46522147426313,80.5648241973428,82.4729482419375,-1.84168907065787,-1.84168907065787,0,0,0
4.5,3.02,13.1836135027665,13.2209760465604,7.97327690673393,8.10751197625283,82.2239907481643,80.5648241973428,0.850895361256956,0.850895361256956,0,0,0
6.17,4.5,13.0546310278271,13.1836135027665,7.82580187411689,7.97327690673393,83.6647221215623,82.2239907481643,-3.24247020059627,-3.24247020059627,0,0,0
6.5,6.17,12.8407515167536,13.0546310278271,8.20588516926594,7.82580187411689,83.8586525613607,83.6647221215623,2.21008655524883,2.21008655524883,0,0,0
8.15000000000001,6.5,12.9334346754293,12.8407515167536,8.11693722096049,8.20588516926594,83.2988192978481,83.8586525613607,-2.2378425154308,-2.2378425154308,0,0,1
8.06,8.15000000000001,12.9106501021027,12.9334346754293,7.78362190879061,8.11693722096049,81.9290174272382,83.2988192978481,1.51933748883128,1.51933748883128,0,0,-1
7.95,8.06,13.0347017744639,12.9106501021027,8.44180180696103,7.78362190879061,84.3428950237867,81.9290174272382,-0.0387339306838328,-0.0387339306838328,0,0,0
8.26000000000001,7.95,12.9145803674202,13.0347017744639,8.8965956206037,8.44180180696103,83.5848772542142,84.3428950237867,-1.74209617894006,-1.74209617894006,0,0,0
8.22,8.26000000000001,12.7670752184571,12.9145803674202,8.02000829643784,8.8965956206037,83.5632816536424,83.5848772542142,1.37820301786078,1.37820301786078,0,0,0
8.62,8.22,12.7014271364555,12.7670752184571,8.2888025274606,8.02000829643784,81.6794338282662,83.5632816536424,-0.147723243239266,-0.147723243239266,0,0,0
9.2,8.62,12.3083836389925,12.7014271364555,8.07757018733364,8.2888025274606,81.6365104629499,81.6794338282662,1.99752624521402,1.99752624521402,0,0,0
9.67,9.2,12.3376068449907,12.3083836389925,7.55150511874715,8.07757018733364,82.2991457468483,81.6365104629499,-3.32207411321289,-3.32207411321289,0,0,1
9.93000000000001,9.67,11.524404743559,12.3376068449907,10.6191470349697,7.55150511874715,79.1013125931771,82.2991457468483,2.57929124483088,2.57929124483088,0,0,-1
9.56,9.93000000000001,11.5283493001674,11.524404743559,9.6257235800532,10.6191470349697,78.5073131183768,79.1013125931771,1.37150917776396,1.37150917776396,0,0,0
8.34999999999999,9.56,11.5427016395934,11.5283493001674,8.77956100221589,9.6257235800532,77.2954655308914,78.5073131183768,-1.69837436785221,-1.69837436785221,0,0,0
9.13,8.34999999999999,11.4100301372838,11.5427016395934,9.59231986511922,8.77956100221589,76.9217306083959,77.2954655308914,-0.0926841374253904,-0.0926841374253904,0,0,0
9.17,9.13,11.5201761606892,11.4100301372838,9.49754964676849,9.59231986511922,74.2056342163895,76.9217306083959,0.0683155196827663,0.0683155196827663,0,0,0
9.90000000000001,9.17,12.0217697962639,11.5201761606892,8.62398222574057,9.49754964676849,71.9327837637285,74.2056342163895,0.0971594068581645,0.0971594068581645,0,0,1
10.57,9.90000000000001,12.0658261288109,12.0217697962639,8.25325674092744,8.62398222574057,73.0003455912213,71.9327837637285,0.167552665291165,0.167552665291165,0,0,-1
11.11,10.57,12.3231475562055,12.0658261288109,7.6502290964401,8.25325674092744,71.8920755725628,73.0003455912213,-0.199229542945385,-0.199229542945385,0,0,0
11.26,11.11,12.5943449427553,12.3231475562055,7.71936111703508,7.6502290964401,71.0953843035482,71.8920755725628,0.230801283085562,0.230801283085562,0,0,0
10.88,11.26,12.4916135595524,12.5943449427553,7.46073367269754,7.71936111703508,67.6342743234579,71.0953843035482,-0.910546663580597,-0.910546663580597,0,0,0
10.99,10.88,12.6235964568909,12.4916135595524,7.49642314118732,7.46073367269754,66.9925578427016,67.6342743234579,-1.10175622401147,-1.10175622401147,0,0,0
11,10.99,13.1507451604741,12.6235964568909,7.4670412373751,7.49642314118732,65.9708838243654,66.9925578427016,1.65838241362351,1.65838241362351,0,0,0
9.68000000000001,11,12.2787043874905,13.1507451604741,7.66501821618399,7.4670412373751,64.9812609892948,65.9708838243654,-0.694869746936615,-0.694869746936615,0,0,0
9.38,9.68000000000001,12.3322619467736,12.2787043874905,7.39970708600566,7.66501821618399,64.9626985109116,64.9812609892948,0.241865546751328,0.241865546751328,0,0,1
8.83,9.38,12.3470512498877,12.3322619467736,8.39807686918502,7.39970708600566,64.5994547980746,64.9626985109116,0.47542100114168,0.47542100114168,0,0,-1
5.45,0,13.6081307610041,0,10.2065745296166,0,45.3471809151143,0,-0.233318385153751,0,0,0,0
5.7,5.45,13.6359114235755,13.6081307610041,10.4469618510357,10.2065745296166,46.2070452129714,45.3471809151143,0.0463141473731241,0,0,0,0
5.66,5.7,13.5277766708247,13.6359114235755,10.6806743918851,10.4469618510357,47.5972515257654,46.2070452129714,-0.35785203631988,0,0,0,0
5.28,5.66,13.4698681401946,13.5277766708247,10.6378532975592,10.6806743918851,48.5576419783593,47.5972515257654,-0.084639006412992,0,0,0,1
5.31999999999999,5.28,13.2561344131758,13.4698681401946,10.40700070142,10.6378532975592,49.4432672794022,48.5576419783593,0.224833048530936,0,0,0,-1
4.95999999999999,5.31999999999999,13.475017790747,13.2561344131758,10.3805475902119,10.40700070142,50.1209192168285,49.4432672794022,-0.0873685308722294,0,0,0,0
4.48999999999999,4.95999999999999,13.5281593823502,13.475017790747,10.0694951981045,10.3805475902119,51.4341261364749,50.1209192168285,-0.544289851517746,0,0,0,0
4.45999999999999,4.48999999999999,13.6530571917215,13.5281593823502,9.800649487303,10.0694951981045,52.6227956606466,51.4341261364749,0.234458260675932,0,0,0,0
4.23999999999999,4.45999999999999,13.5398186679408,13.6530571917215,9.43241885445743,9.800649487303,53.6529274950264,52.6227956606466,0.604131732419482,0,0,0,0
3.79000000000001,4.23999999999999,13.5495307980156,13.5398186679408,9.28341469313283,9.43241885445743,54.5707999361319,53.6529274950264,0.224298545394849,0,0,0,0
3.55,3.79000000000001,13.4593007594121,13.5495307980156,9.1002451474933,9.28341469313283,55.397849647653,54.5707999361319,-0.172903457899903,0,0,0,0
2.39,3.55,13.5128763120198,13.4593007594121,9.11903958057478,9.1002451474933,55.588206745807,55.397849647653,-0.295709351634354,0,0,0,-1
2.42,2.39,13.6663188923821,13.5128763120198,9.00816800933897,9.11903958057478,55.8523058852024,55.588206745807,-0.119794702308202,0,0,0,0
2.25,2.42,13.3535507387065,13.6663188923821,8.88296370677348,9.00816800933897,56.4691991186701,55.8523058852024,0.292313451931442,0,0,0,1
2.83,2.25,14.0860553378822,13.3535507387065,8.4439644454076,8.88296370677348,54.641730346256,56.4691991186701,-1.92325516729135,0,0,0,0
2.64,2.83,14.0609457674476,14.0860553378822,7.84451607644038,8.4439644454076,54.6985217595031,54.641730346256,0.637065780499267,0,0,0,0
2.75,2.64,14.2292068872048,14.0609457674476,8.21155254285185,7.84451607644038,55.1229824904728,54.6985217595031,0.0708645063531286,0,0,0,-1
2.70999999999999,2.75,14.1966132132996,14.2292068872048,7.65516941662502,8.21155254285185,55.5609488331748,55.1229824904728,-0.442791343315005,0,0,0,1
3.06,2.70999999999999,14.1294988938804,14.1966132132996,7.47918156053144,7.65516941662502,56.5391159898789,55.5609488331748,-0.122485714305558,0,0,0,0
3.34999999999999,3.06,14.2957623572144,14.1294988938804,7.44218746019935,7.47918156053144,57.3604747389961,56.5391159898789,-0.34995749061331,0,0,0,0
3.86,3.34999999999999,13.7397675261614,14.2957623572144,7.4007983632075,7.44218746019935,58.5671383331271,57.3604747389961,4.79853379400944,0,0,0,0
4.61,3.86,13.9000438789507,13.7397675261614,7.55380241569207,7.4007983632075,58.5470106069869,58.5671383331271,-3.14136377945639,0,0,0,0
4.86,4.61,13.9322733643061,13.9000438789507,7.54173203449229,7.55380241569207,58.1935936017346,58.5470106069869,-0.558636367477391,0,0,0,0
5.48,4.86,13.9399797373355,13.9322733643061,7.52640963076111,7.54173203449229,59.8964445552299,58.1935936017346,0.0136584634519359,0,0,0,0
5.84,5.48,13.9363668059316,13.9399797373355,7.41738165648998,7.52640963076111,60.2965615449586,59.8964445552299,0.354806192694786,0,0,0,0
6.06999999999999,5.84,13.9939700055961,13.9363668059316,7.39500255465566,7.41738165648998,61.2178346941165,60.2965615449586,-0.525692826875712,0,0,0,1
6.34,6.06999999999999,14.0498749867073,13.9939700055961,7.50261771252776,7.39500255465566,62.6728957496113,61.2178346941165,0.853238759669049,0,0,0,-1
6.56999999999999,6.34,13.5472639083595,14.0498749867073,7.6007053688082,7.50261771252776,63.2448546627743,62.6728957496113,0.223469131078785,0,0,0,0
7.36,6.56999999999999,13.9553565270083,13.5472639083595,7.47178213195299,7.6007053688082,64.18912640678,63.2448546627743,-0.955130924869447,0,0,0,0
7.51000000000001,7.36,13.8363289282859,13.9553565270083,7.88753189843757,7.47178213195299,64.1637292998583,64.18912640678,0.0285164784650451,0,0,0,0
7.8,7.51000000000001,13.7079510963062,13.8363289282859,7.98934858819741,7.88753189843757,65.2578061940652,64.1637292998583,0.496396877265354,0,0,0,0
8.76000000000001,7.8,13.7458343272253,13.7079510963062,7.98011134035825,7.98934858819741,66.0601142058812,65.2578061940652,-0.146076127954611,0,0,0,0
9.20999999999999,8.76000000000001,13.6871005128657,13.7458343272253,8.11364387935289,7.98011134035825,65.4583644810947,66.0601142058812,0.541858599931217,0,0,0,0
9.87,9.20999999999999,13.5243574022169,13.6871005128657,7.89682285649692,8.11364387935289,64.781807512435,65.4583644810947,-0.624837717399792,0,0,0,0
9.38,9.87,13.4782754277059,13.5243574022169,8.09002064893857,7.89682285649692,65.2107624946249,64.781807512435,5.29167397660498,0,0,0,-1
10.61,9.38,12.946056154433,13.4782754277059,8.40409819826767,8.09002064893857,67.2408611987868,65.2107624946249,-3.44916572281051,0,0,0,0
10.93,10.61,13.4036301258995,12.946056154433,8.73121268232661,8.40409819826767,67.8314638142969,67.2408611987868,-2.73710325735289,0,0,0,1
18.77,10.93,14.2332022054159,13.4036301258995,9.17202502385513,8.73121268232661,67.0411571204081,67.8314638142969,-1.87338904480528,0,0,0,0
18.62,18.77,14.0095763003064,14.2332022054159,8.24498353899432,9.17202502385513,66.1243645308288,67.0411571204081,2.73143325452513,0,0,0,0
18.28,18.62,14.0914021469915,14.0095763003064,7.52589185874696,8.24498353899432,65.3247609819361,66.1243645308288,-0.724260211531156,0,0,0,0
16.31,18.28,14.7433628465046,14.0914021469915,7.29237900624394,7.52589185874696,64.7945784481948,65.3247609819361,2.8657128594502,0,0,0,0
15.56,16.31,14.5040805313083,14.7433628465046,7.69557811416023,7.29237900624394,65.8977005465739,64.7945784481948,-0.506434658915303,0,0,0,1
13.86,15.56,14.5633584527842,14.5040805313083,7.5414626038618,7.69557811416023,65.7013986257597,65.8977005465739,-0.921732476157693,0,0,0,-1
13,13.86,14.5785622931003,14.5633584527842,7.59758627871857,7.5414626038618,65.9301425673942,65.7013986257597,-0.176982568817097,0,0,0,0
12.05,13,14.4681318566617,14.5785622931003,8.05730748024701,7.59758627871857,65.4875441300626,65.9301425673942,-0.00987692322549982,0,0,0,0
10.64,12.05,14.6477265482068,14.4681318566617,7.85173046135132,8.05730748024701,65.2315680264631,65.4875441300626,-2.08697942896877,0,0,0,0
10.94,10.64,14.403067690759,14.6477265482068,7.5879610151074,7.85173046135132,64.6012514135777,65.2315680264631,1.48234527551285,0,0,0,1
10.12,10.94,14.5672514449611,14.403067690759,8.92933634598944,7.5879610151074,65.1507433874553,64.6012514135777,-0.0858261368690396,0,0,0,-1
8.81,10.12,14.4264614324,14.5672514449611,8.7069923724692,8.92933634598944,64.8559158327657,65.1507433874553,0.0855621893392779,0,0,0,0
1.68000000000001,8.81,14.2094878111852,14.4264614324,9.02204794785206,8.7069923724692,65.4732929759813,64.8559158327657,-0.0694924849490306,0,0,0,0
0.900000000000006,1.68000000000001,14.0741926785644,14.2094878111852,9.16439835294019,9.02204794785206,66.3113149003495,65.4732929759813,-0.0150522367082608,0,0,0,1
1.25,0.900000000000006,13.5338328288514,14.0741926785644,8.94834905533866,9.16439835294019,66.623348640591,66.3113149003495,0.757592946502786,0,0,0,-1
1.95,1.25,13.5221820809757,13.5338328288514,9.06258177895621,8.94834905533866,67.2641865913778,66.623348640591,2.4972290169703,0,0,0,0
3.41,1.95,13.2580636159595,13.5221820809757,8.84724814441612,9.06258177895621,68.1471133513472,67.2641865913778,-1.84168907065787,0,0,0,0
4.37999999999999,3.41,13.1562951245194,13.2580636159595,8.83941893846324,8.84724814441612,69.738707549583,68.1471133513472,0.850895361256956,0,0,0,0
5.05,4.37999999999999,13.0464552788433,13.1562951245194,8.84357147507456,8.83941893846324,70.7938858789492,69.738707549583,-3.24247020059627,0,0,0,0
6.42,5.05,12.8475648582446,13.0464552788433,9.60001231256661,8.84357147507456,71.4043255852339,70.7938858789492,2.21008655524883,0,0,0,0
7.31,6.42,12.9305107615253,12.8475648582446,9.0976597233611,9.60001231256661,71.2501766770939,71.4043255852339,-2.2378425154308,0,0,0,1
7.23,7.31,12.9551624590412,12.9305107615253,8.8768052068648,9.0976597233611,69.809911919721,71.2501766770939,1.51933748883128,0,0,0,-1
7.34999999999999,7.23,13.0549180228677,12.9551624590412,9.01476907723796,8.8768052068648,70.1750070913514,69.809911919721,-0.0387339306838328,0,0,0,0
8.34999999999999,7.34999999999999,12.9428115632485,13.0549180228677,10.1053014206544,9.01476907723796,69.7301497874095,70.1750070913514,-1.74209617894006,0,0,0,0
7.66,8.34999999999999,12.8245002094149,12.9428115632485,9.51098843381253,10.1053014206544,69.9139192705035,69.7301497874095,1.37820301786078,0,0,0,0
7.64,7.66,12.7905020292252,12.8245002094149,9.53494532805581,9.51098843381253,69.8174854590461,69.9139192705035,-0.147723243239266,0,0,0,0
7.90000000000001,7.64,12.3845415732015,12.7905020292252,8.41899779708486,9.53494532805581,70.0037842612399,69.8174854590461,1.99752624521402,0,0,0,0
8.64,7.90000000000001,12.5019280928261,12.3845415732015,8.30104322334802,8.41899779708486,70.8289097326789,70.0037842612399,-3.32207411321289,0,0,0,1
9.40000000000001,8.64,11.6293196212483,12.5019280928261,10.9733453568311,8.30104322334802,69.5572541585115,70.8289097326789,2.57929124483088,0,0,0,-1
9.37,9.40000000000001,11.6116054308789,11.6293196212483,9.72410075071476,10.9733453568311,69.6117007189179,69.5572541585115,1.37150917776396,0,0,0,0
8.97,9.37,11.6044983750652,11.6116054308789,9.55418732023637,9.72410075071476,68.7379217149358,69.6117007189179,-1.69837436785221,0,0,0,0
8.90000000000001,8.97,11.4618650520526,11.6044983750652,11.2907297962419,9.55418732023637,68.7162342153896,68.7379217149358,-0.0926841374253904,0,0,0,0
9.40000000000001,8.90000000000001,11.6012217888642,11.4618650520526,10.02551380191,11.2907297962419,64.9557113879777,68.7162342153896,0.0683155196827663,0,0,0,0
9.78,9.40000000000001,12.1247991442077,11.6012217888642,8.98080962370623,10.02551380191,63.0290730154107,64.9557113879777,0.0971594068581645,0,0,0,1
10.72,9.78,12.1532323907806,12.1247991442077,8.53303449247172,8.98080962370623,61.3779571239462,63.0290730154107,0.167552665291165,0,0,0,-1
10.63,10.72,12.4417528662555,12.1532323907806,8.36991472809632,8.53303449247172,60.5532271920456,61.3779571239462,-0.199229542945385,0,0,0,0
11.56,10.63,12.7183734296114,12.4417528662555,7.6192081212295,8.36991472809632,59.8215773690043,60.5532271920456,0.230801283085562,0,0,0,0
11.59,11.56,12.6275020618113,12.7183734296114,7.89567899967271,7.6192081212295,58.4269045827459,59.8215773690043,-0.910546663580597,0,0,0,0
11.15,11.59,12.756335327026,12.6275020618113,7.89001672224012,7.89567899967271,57.8363722263865,58.4269045827459,-1.10175622401147,0,0,0,0
10.63,11.15,13.2640641216674,12.756335327026,8.19929898165111,7.89001672224012,56.8745205807622,57.8363722263865,1.65838241362351,0,0,0,0
8.84,10.63,12.433362455378,13.2640641216674,8.24599909415743,8.19929898165111,56.0704423427673,56.8745205807622,-0.694869746936615,0,0,0,0
7.83,8.84,12.4626029157949,12.433362455378,8.30554715718136,8.24599909415743,56.0916777370185,56.0704423427673,0.241865546751328,0,0,0,1
7.31,7.83,12.3968801379159,12.4626029157949,8.26584413163966,8.30554715718136,55.7342873326691,56.0916777370185,0.47542100114168,0,0,0,-1
4.95999999999999,0,14.0154004298715,0,10.0867457483983,0,67.0165597177701,0,-0.233318385153751,0,0,0,0
5.09999999999999,4.95999999999999,14.0396782040846,14.0154004298715,10.3467570406033,10.0867457483983,67.5971875312036,67.0165597177701,0.0463141473731241,0,0,0,0
5.12000000000001,5.09999999999999,13.8904505998467,14.0396782040846,10.5306238972616,10.3467570406033,68.7912653078055,67.5971875312036,-0.35785203631988,0,0,0,0
5.05,5.12000000000001,13.8137849182238,13.8904505998467,10.5569215668085,10.5306238972616,69.3319269941885,68.7912653078055,-0.084639006412992,0,0,0,1
4.52,5.05,13.5775233476909,13.8137849182238,10.3201721904043,10.5569215668085,69.6159287603794,69.3319269941885,0.224833048530936,0,0,0,-1
4.22,4.52,13.7836829319975,13.5775233476909,10.2445687247307,10.3201721904043,70.6781531644514,69.6159287603794,-0.0873685308722294,0,0,0,0
4.16,4.22,13.8559799524366,13.7836829319975,9.93121175081004,10.2445687247307,71.4328607857335,70.6781531644514,-0.544289851517746,0,0,0,0
3.77,4.16,13.9840341964072,13.8559799524366,9.663566554994,9.93121175081004,72.0904760579829,71.4328607857335,0.234458260675932,0,0,0,0
3.47,3.77,13.8528062809004,13.9840341964072,9.46594208395033,9.663566554994,69.9782764254319,72.0904760579829,0.604131732419482,0,0,0,0
3.18000000000001,3.47,13.8670773775974,13.8528062809004,9.25893475900455,9.46594208395033,70.4601273082053,69.9782764254319,0.224298545394849,0,0,0,0
2.42,3.18000000000001,13.7767925224961,13.8670773775974,9.13907721540778,9.25893475900455,70.8736915725799,70.4601273082053,-0.172903457899903,0,0,0,0
1.78,2.42,13.8279048544348,13.7767925224961,9.08886960329765,9.13907721540778,74.1777450947775,70.8736915725799,-0.295709351634354,0,0,0,-1
1.64,1.78,13.9439740057911,13.8279048544348,9.06929367220281,9.08886960329765,74.2747119096374,74.1777450947775,-0.119794702308202,0,0,0,0
1.81999999999999,1.64,13.646598118204,13.9439740057911,8.88230279583769,9.06929367220281,74.8196780053364,74.2747119096374,0.292313451931442,0,0,0,1
2.44,1.81999999999999,14.3846734708121,13.646598118204,8.3905542046407,8.88230279583769,72.986109360789,74.8196780053364,-1.92325516729135,0,0,0,0
2.33,2.44,14.3129528625771,14.3846734708121,7.61386521944339,8.3905542046407,72.7304672454799,72.986109360789,0.637065780499267,0,0,0,0
2.44,2.33,14.4547007177099,14.3129528625771,7.72239900705774,7.61386521944339,73.0519512506097,72.7304672454799,0.0708645063531286,0,0,0,-1
2.56,2.44,14.4044031570582,14.4547007177099,7.47827440924445,7.72239900705774,69.8644146286503,73.0519512506097,-0.442791343315005,0,0,0,1
3,2.56,14.3111329124284,14.4044031570582,7.27760347487867,7.47827440924445,71.0319426295773,69.8644146286503,-0.122485714305558,0,0,0,0
3.06999999999999,3,14.5200870289083,14.3111329124284,7.41773777050426,7.27760347487867,71.756021235035,71.0319426295773,-0.34995749061331,0,0,0,0
3.5,3.06999999999999,13.965690672277,14.5200870289083,7.42630452281847,7.41773777050426,74.661992292477,71.756021235035,4.79853379400944,0,0,0,0
4.15000000000001,3.5,14.1132500709491,13.965690672277,7.48523815659367,7.42630452281847,74.7022024404786,74.661992292477,-3.14136377945639,0,0,0,0
4.79000000000001,4.15000000000001,14.1442335441585,14.1132500709491,7.50489179986768,7.48523815659367,74.6227341936904,74.7022024404786,-0.558636367477391,0,0,0,0
5.23999999999999,4.79000000000001,14.1776633141495,14.1442335441585,7.28842406240881,7.50489179986768,75.0141710004339,74.6227341936904,0.0136584634519359,0,0,0,0
5.86,5.23999999999999,14.1471083160396,14.1776633141495,7.17473639672425,7.28842406240881,75.4184905117932,75.0141710004339,0.354806192694786,0,0,0,0
5.93000000000001,5.86,14.2447549001998,14.1471083160396,6.95995766526496,7.17473639672425,76.2229503426588,75.4184905117932,-0.525692826875712,0,0,0,1
5.87999999999999,5.93000000000001,14.2987219427841,14.2447549001998,7.25681317639094,6.95995766526496,76.7096076133609,76.2229503426588,0.853238759669049,0,0,0,-1
6.36,5.87999999999999,13.7882406019492,14.2987219427841,7.50287645967634,7.25681317639094,77.8801128961539,76.7096076133609,0.223469131078785,0,0,0,0
7.36,6.36,14.1983677369881,13.7882406019492,7.22717919731918,7.50287645967634,78.7889327148101,77.8801128961539,-0.955130924869447,0,0,0,0
6.72,7.36,14.0179362503903,14.1983677369881,7.49179765726196,7.22717919731918,81.9310766711398,78.7889327148101,0.0285164784650451,0,0,0,0
6.45999999999999,6.72,13.9231714233919,14.0179362503903,7.74701952663135,7.49179765726196,83.1531405245586,81.9310766711398,0.496396877265354,0,0,0,0
7.58,6.45999999999999,13.943958890575,13.9231714233919,7.80610586433277,7.74701952663135,83.761140824383,83.1531405245586,-0.146076127954611,0,0,0,0
8.36,7.58,13.9248153021096,13.943958890575,7.95500692148059,7.80610586433277,81.7359292864966,83.761140824383,0.541858599931217,0,0,0,0
8.42,8.36,13.7643677758497,13.9248153021096,7.98930562405294,7.95500692148059,81.6654967048867,81.7359292864966,-0.624837717399792,0,0,0,0
8.55,8.42,13.7314335338042,13.7643677758497,8.08981396649809,7.98930562405294,81.7360313166283,81.6654967048867,5.29167397660498,0,0,0,-1
9.20999999999999,8.55,13.1743574913542,13.7314335338042,8.59318156662177,8.08981396649809,85.7203294489492,81.7360313166283,-3.44916572281051,0,0,0,0
9.53,9.20999999999999,13.6057482484314,13.1743574913542,8.57178959296408,8.59318156662177,86.2562754200781,85.7203294489492,-2.73710325735289,0,0,0,1
19.5,9.53,14.3931265376062,13.6057482484314,8.57997061907297,8.57178959296408,85.8461099163391,86.2562754200781,-1.87338904480528,0,0,0,0
19.38,19.5,14.135890467695,14.3931265376062,7.76490712520127,8.57997061907297,83.8325944792891,85.8461099163391,2.73143325452513,0,0,0,0
18.25,19.38,14.1782148812492,14.135890467695,7.05493128460282,7.76490712520127,82.6383591642769,83.8325944792891,-0.724260211531156,0,0,0,0
16.48,18.25,14.7894363790331,14.1782148812492,8.02200583329223,7.05493128460282,82.0888879175475,82.6383591642769,2.8657128594502,0,0,0,0
15.94,16.48,14.5444895582221,14.7894363790331,7.79273650616094,8.02200583329223,80.9976009800812,82.0888879175475,-0.506434658915303,0,0,0,1
15.37,15.94,14.5675044313883,14.5444895582221,7.56006650441123,7.79273650616094,80.6104410982922,80.9976009800812,-0.921732476157693,0,0,0,-1
14.56,15.37,14.5567678916475,14.5675044313883,7.84921095785664,7.56006650441123,81.0563638927195,80.6104410982922,-0.176982568817097,0,0,0,0
13.18,14.56,14.4441639760998,14.5567678916475,7.99034489644248,7.84921095785664,79.8961012944439,81.0563638927195,-0.00987692322549982,0,0,0,0
12.54,13.18,14.6147812446549,14.4441639760998,7.99379798494388,7.99034489644248,79.7009203118329,79.8961012944439,-2.08697942896877,0,0,0,0
12,12.54,14.3899180560876,14.6147812446549,7.69325606211635,7.99379798494388,79.5829392436189,79.7009203118329,1.48234527551285,0,0,0,1
11.81,12,14.5319445890448,14.3899180560876,9.17125311359167,7.69325606211635,79.8095829234461,79.5829392436189,-0.0858261368690396,0,0,0,-1
10.87,11.81,14.3924420799546,14.5319445890448,9.12277232052581,9.17125311359167,78.8982217031313,79.8095829234461,0.0855621893392779,0,0,0,0
1.27,10.87,14.1733908480449,14.3924420799546,8.94907466928818,9.12277232052581,78.608710122871,78.8982217031313,-0.0694924849490306,0,0,0,0
0.430000000000007,1.27,14.0689651059161,14.1733908480449,9.08120708050914,8.94907466928818,78.086443412048,78.608710122871,-0.0150522367082608,0,0,0,1
0.989999999999995,0.430000000000007,13.4599752348246,14.0689651059161,9.24373574858414,9.08120708050914,78.0468671006955,78.086443412048,0.757592946502786,0,0,0,-1
2.08,0.989999999999995,13.4841802844529,13.4599752348246,9.31131010752863,9.24373574858414,78.4087708120211,78.0468671006955,2.4972290169703,0,0,0,0
3.67,2.08,13.2186199983162,13.4841802844529,8.86736700817814,9.31131010752863,75.8947399712008,78.4087708120211,-1.84168907065787,0,0,0,0
4.29000000000001,3.67,13.076495925346,13.2186199983162,8.64576498949678,8.86736700817814,77.3566926840326,75.8947399712008,0.850895361256956,0,0,0,0
5.01000000000001,4.29000000000001,13.0011831594671,13.076495925346,8.42091045776213,8.64576498949678,78.4281343966414,77.3566926840326,-3.24247020059627,0,0,0,0
6.53,5.01000000000001,12.8459260970878,13.0011831594671,9.11882566216626,8.42091045776213,78.7560453214923,78.4281343966414,2.21008655524883,0,0,0,0
7,6.53,12.9142045508552,12.8459260970878,8.91250969868205,9.11882566216626,78.5744359603421,78.7560453214923,-2.2378425154308,0,0,0,1
7.25,7,12.9743658444881,12.9142045508552,8.69020230716876,8.91250969868205,76.6169310891838,78.5744359603421,1.51933748883128,0,0,0,-1
6.84999999999999,7.25,13.064941412321,12.9743658444881,9.53450229813011,8.69020230716876,76.4432057678469,76.6169310891838,-0.0387339306838328,0,0,0,0
7.26000000000001,6.84999999999999,12.9706654770792,13.064941412321,10.4376614119966,9.53450229813011,75.7453964790723,76.4432057678469,-1.74209617894006,0,0,0,0
7.06,7.26000000000001,12.8723611330939,12.9706654770792,9.00358246156275,10.4376614119966,75.4267067850627,75.7453964790723,1.37820301786078,0,0,0,0
7.72,7.06,12.8583390678785,12.8723611330939,9.14249063553922,9.00358246156275,74.1987981297967,75.4267067850627,-0.147723243239266,0,0,0,0
8.03,7.72,12.5068835384636,12.8583390678785,9.04096447493073,9.14249063553922,74.0947105387093,74.1987981297967,1.99752624521402,0,0,0,0
8.02,8.03,12.5889925566976,12.5068835384636,8.07676372547364,9.04096447493073,74.7133197287019,74.0947105387093,-3.32207411321289,0,0,0,1
8.43000000000001,8.02,11.6674197514864,12.5889925566976,11.1506578822451,8.07676372547364,72.3370651985131,74.7133197287019,2.57929124483088,0,0,0,-1
8.73,8.43000000000001,11.619336611115,11.6674197514864,9.98802633986013,11.1506578822451,72.1597781122742,72.3370651985131,1.37150917776396,0,0,0,0
8.53,8.73,11.6210323537562,11.619336611115,9.75858331781582,9.98802633986013,71.2978657129328,72.1597781122742,-1.69837436785221,0,0,0,0
7.59999999999999,8.53,11.4448978108305,11.6210323537562,10.4417810985547,9.75858331781582,72.1062876582346,71.2978657129328,-0.0926841374253904,0,0,0,0
8.59,7.59999999999999,11.608561466647,11.4448978108305,9.99891833156573,10.4417810985547,68.8877731777281,72.1062876582346,0.0683155196827663,0,0,0,0
9.75,8.59,12.2626522825285,11.608561466647,9.14704197284599,9.99891833156573,66.7389391086132,68.8877731777281,0.0971594068581645,0,0,0,1
10.03,9.75,12.2244950479214,12.2626522825285,8.69506687597912,9.14704197284599,65.5907476505274,66.7389391086132,0.167552665291165,0,0,0,-1
10.74,10.03,12.5123796787207,12.2244950479214,7.83304292723896,8.69506687597912,64.3561549383261,65.5907476505274,-0.199229542945385,0,0,0,0
11.43,10.74,12.776755346511,12.5123796787207,8.25149759088782,7.83304292723896,63.6177502311067,64.3561549383261,0.230801283085562,0,0,0,0
11.15,11.43,12.7222473931894,12.776755346511,7.93768105575138,8.25149759088782,62.3572773467804,63.6177502311067,-0.910546663580597,0,0,0,0
10.77,11.15,12.8090607908801,12.7222473931894,7.75995511457171,7.93768105575138,61.6894448459722,62.3572773467804,-1.10175622401147,0,0,0,0
10.36,10.77,13.232291898162,12.8090607908801,8.05533095106545,7.75995511457171,60.5594938288001,61.6894448459722,1.65838241362351,0,0,0,0
9.88,10.36,12.4846210513571,13.232291898162,8.09838075697794,8.05533095106545,59.4808728468297,60.5594938288001,-0.694869746936615,0,0,0,0
8.59999999999999,9.88,12.4931641565971,12.4846210513571,8.07578759285329,8.09838075697794,59.3177584438044,59.4808728468297,0.241865546751328,0,0,0,1
8.16,8.59999999999999,12.5884298153572,12.4931641565971,8.54986071544369,8.07578759285329,59.0804973387831,59.3177584438044,0.47542100114168,0,0,0,-1
5.70999999999999,0,13.6566536673073,0,10.1669372126897,0,64.2543559218305,0,-0.233318385153751,0,0,0,0
5.40000000000001,5.70999999999999,13.7207986219812,13.6566536673073,10.4358379306354,10.1669372126897,64.6635577840103,64.2543559218305,0.0463141473731241,0,0,0,0
5.36,5.40000000000001,13.6066943576326,13.7207986219812,10.4967969404139,10.4358379306354,65.2182849150091,64.6635577840103,-0.35785203631988,0,0,0,0
5.19,5.36,13.5797812156475,13.6066943576326,10.5919366456638,10.4967969404139,65.7828479434855,65.2182849150091,-0.084639006412992,0,0,0,1
4.62999999999999,5.19,13.3173132336695,13.5797812156475,10.2853852493322,10.5919366456638,66.3066773179971,65.7828479434855,0.224833048530936,0,0,0,-1
4.76000000000001,4.62999999999999,13.6396745223949,13.3173132336695,10.1983847285733,10.2853852493322,65.0694157721748,66.3066773179971,-0.0873685308722294,0,0,0,0
4.43000000000001,4.76000000000001,13.751443347769,13.6396745223949,9.67431227435701,10.1983847285733,65.7896998242387,65.0694157721748,-0.544289851517746,0,0,0,0
4.11,4.43000000000001,13.944379860822,13.751443347769,9.62792878889852,9.67431227435701,66.2519607317898,65.7896998242387,0.234458260675932,0,0,0,0
4.09999999999999,4.11,13.8692323508336,13.944379860822,9.41519915233788,9.62792878889852,66.7773907232198,66.2519607317898,0.604131732419482,0,0,0,0
3.81,4.09999999999999,13.8985037281338,13.8692323508336,9.18104217423517,9.41519915233788,67.0593419730257,66.7773907232198,0.224298545394849,0,0,0,0
3.37,3.81,13.7541612501691,13.8985037281338,9.0439288861261,9.18104217423517,66.5017481587103,67.0593419730257,-0.172903457899903,0,0,0,0
2.23999999999999,3.37,13.7016514752305,13.7541612501691,8.94567868606245,9.0439288861261,67.7013761902184,66.5017481587103,-0.295709351634354,0,0,0,-1
1.99,2.23999999999999,13.8092132827178,13.7016514752305,8.9849601883847,8.94567868606245,68.0022004313807,67.7013761902184,-0.119794702308202,0,0,0,0
2.47,1.99,13.4823818618038,13.8092132827178,8.7134977340497,8.9849601883847,68.5511411297807,68.0022004313807,0.292313451931442,0,0,0,1
3.29000000000001,2.47,14.3392178492664,13.4823818618038,7.69611328789505,8.7134977340497,66.2486561619841,68.5511411297807,-1.92325516729135,0,0,0,0
3.36,3.29000000000001,14.3055424239291,14.3392178492664,7.05384334126248,7.69611328789505,65.9583227539644,66.2486561619841,0.637065780499267,0,0,0,0
3.38,3.36,14.478942494201,14.3055424239291,7.24423826135071,7.05384334126248,66.1008914601369,65.9583227539644,0.0708645063531286,0,0,0,-1
3.5,3.38,14.4619123368256,14.478942494201,7.17884912404606,7.24423826135071,66.8028202533572,66.1008914601369,-0.442791343315005,0,0,0,1
3.93000000000001,3.5,14.279558738703,14.4619123368256,7.24620780127385,7.17884912404606,67.5655059187653,66.8028202533572,-0.122485714305558,0,0,0,0
3.89,3.93000000000001,14.4825783831735,14.279558738703,7.06202512279305,7.24620780127385,68.3451821695524,67.5655059187653,-0.34995749061331,0,0,0,0
4.01000000000001,3.89,13.8694107454638,14.4825783831735,7.18977959771978,7.06202512279305,69.1680896384862,68.3451821695524,4.79853379400944,0,0,0,0
4.58,4.01000000000001,14.0603964932234,13.8694107454638,7.26039147173433,7.18977959771978,69.4533608711104,69.1680896384862,-3.14136377945639,0,0,0,0
5.22,4.58,14.0602336789548,14.0603964932234,6.87883575947965,7.26039147173433,69.5621515323668,69.4533608711104,-0.558636367477391,0,0,0,0
5.84,5.22,14.0979286075448,14.0602336789548,6.71471042521172,6.87883575947965,73.1085820890391,69.5621515323668,0.0136584634519359,0,0,0,0
6.12999999999999,5.84,14.0837669365006,14.0979286075448,7.01413342726341,6.71471042521172,73.8027902807531,73.1085820890391,0.354806192694786,0,0,0,0
6.29000000000001,6.12999999999999,14.1431906086019,14.0837669365006,7.07669834678014,7.01413342726341,74.7345288888334,73.8027902807531,-0.525692826875712,0,0,0,1
5.81999999999999,6.29000000000001,14.27463659785,14.1431906086019,7.20712300084844,7.07669834678014,73.2677542200958,74.7345288888334,0.853238759669049,0,0,0,-1
6.54000000000001,5.81999999999999,13.6335678755417,14.27463659785,7.2042307580195,7.20712300084844,73.8329790144127,73.2677542200958,0.223469131078785,0,0,0,0
7,6.54000000000001,14.0529064594054,13.6335678755417,6.61324111549307,7.2042307580195,74.768146222863,73.8329790144127,-0.955130924869447,0,0,0,0
7.12999999999999,7,13.8420218184349,14.0529064594054,7.64663817270826,6.61324111549307,73.5587318432165,74.768146222863,0.0285164784650451,0,0,0,0
7.59,7.12999999999999,13.7524836502871,13.8420218184349,7.77300062426576,7.64663817270826,74.2884044091134,73.5587318432165,0.496396877265354,0,0,0,0
8.34999999999999,7.59,13.8340931816948,13.7524836502871,7.59860351719363,7.77300062426576,74.8829874735115,74.2884044091134,-0.146076127954611,0,0,0,0
8.98,8.34999999999999,13.7692343087532,13.8340931816948,7.81237451306848,7.59860351719363,74.8389182977077,74.8829874735115,0.541858599931217,0,0,0,0
9.12,8.98,13.5983420132317,13.7692343087532,7.60746331609058,7.81237451306848,74.7962956396735,74.8389182977077,-0.624837717399792,0,0,0,0
9.08,9.12,13.5542358078192,13.5983420132317,7.94255305463054,7.60746331609058,74.3958957391125,74.7962956396735,5.29167397660498,0,0,0,-1
9.45999999999999,9.08,13.0029700074486,13.5542358078192,8.15832527399762,7.94255305463054,77.566281609009,74.3958957391125,-3.44916572281051,0,0,0,0
9.78,9.45999999999999,13.3111425076866,13.0029700074486,8.05539996734443,8.15832527399762,78.0468380243991,77.566281609009,-2.73710325735289,0,0,0,1
18.21,9.78,14.2330051996802,13.3111425076866,8.17662130649785,8.05539996734443,76.9670223083776,78.0468380243991,-1.87338904480528,0,0,0,0
19.65,18.21,14.1211246842417,14.2330051996802,7.82193861179608,8.17662130649785,77.3204824276849,76.9670223083776,2.73143325452513,0,0,0,0
18.65,19.65,14.2521258604484,14.1211246842417,5.92367669068904,7.82193861179608,76.1666998814879,77.3204824276849,-0.724260211531156,0,0,0,0
17.04,18.65,14.8603223167651,14.2521258604484,7.06026860649172,5.92367669068904,75.1655809011453,76.1666998814879,2.8657128594502,0,0,0,0
16.06,17.04,14.6304420759272,14.8603223167651,7.03489160234845,7.06026860649172,71.5687187455162,75.1655809011453,-0.506434658915303,0,0,0,1
15,16.06,14.6454631274606,14.6304420759272,6.4252349836492,7.03489160234845,71.133670635448,71.5687187455162,-0.921732476157693,0,0,0,-1
14.64,15,14.6446105509495,14.6454631274606,7.37945206361962,6.4252349836492,71.0731648780553,71.133670635448,-0.176982568817097,0,0,0,0
13.77,14.64,14.558877768438,14.6446105509495,7.50025561650216,7.37945206361962,70.8654021076678,71.0731648780553,-0.00987692322549982,0,0,0,0
12.81,13.77,14.8368023348594,14.558877768438,6.62684015150194,7.50025561650216,70.8715294271565,70.8654021076678,-2.08697942896877,0,0,0,0
12.87,12.81,14.6035648127365,14.8368023348594,6.54324271943428,6.62684015150194,70.5195886808874,70.8715294271565,1.48234527551285,0,0,0,1
12.46,12.87,14.7523942418346,14.6035648127365,8.3031210167303,6.54324271943428,72.7613968109383,70.5195886808874,-0.0858261368690396,0,0,0,-1
11.65,12.46,14.5997042102299,14.7523942418346,8.03619967827721,8.3031210167303,72.5780728771599,72.7613968109383,0.0855621893392779,0,0,0,0
3.44,11.65,14.4189654441306,14.5997042102299,8.14476810166624,8.03619967827721,72.9774179965319,72.5780728771599,-0.0694924849490306,0,0,0,0
1.95999999999999,3.44,14.3430176263268,14.4189654441306,8.95729482661122,8.14476810166624,71.0284139971975,72.9774179965319,-0.0150522367082608,0,0,0,1
1.87,1.95999999999999,13.7483755644742,14.3430176263268,8.82259954445788,8.95729482661122,71.2428743271694,71.0284139971975,0.757592946502786,0,0,0,-1
2.59,1.87,13.765147947951,13.7483755644742,8.65119450037277,8.82259954445788,71.6571211295826,71.2428743271694,2.4972290169703,0,0,0,0
3.54000000000001,2.59,13.4868872515485,13.765147947951,8.34665958200246,8.65119450037277,72.3459169545153,71.6571211295826,-1.84168907065787,0,0,0,0
4.47,3.54000000000001,13.3561588295669,13.4868872515485,8.13420208920459,8.34665958200246,73.6244266476887,72.3459169545153,0.850895361256956,0,0,0,0
5.43000000000001,4.47,13.2609528676673,13.3561588295669,7.95345028057028,8.13420208920459,74.7676020258691,73.6244266476887,-3.24247020059627,0,0,0,0
6.31999999999999,5.43000000000001,13.0461335180886,13.2609528676673,8.67840348749344,7.95345028057028,73.4726541715643,74.7676020258691,2.21008655524883,0,0,0,0
6.87999999999999,6.31999999999999,13.0852605522718,13.0461335180886,8.72016320527185,8.67840348749344,73.2390870770297,73.4726541715643,-2.2378425154308,0,0,0,1
7.52,6.87999999999999,13.127074097331,13.0852605522718,8.43664578419571,8.72016320527185,71.8901027203775,73.2390870770297,1.51933748883128,0,0,0,-1
7.37999999999999,7.52,13.1963560815331,13.127074097331,8.68128884039401,8.43664578419571,77.1408261173423,71.8901027203775,-0.0387339306838328,0,0,0,0
7.53,7.37999999999999,13.0919850380116,13.1963560815331,9.83177099000572,8.68128884039401,76.6994602423012,77.1408261173423,-1.74209617894006,0,0,0,0
7.54000000000001,7.53,13.0086627784536,13.0919850380116,8.37383404021129,9.83177099000572,76.7761469335132,76.6994602423012,1.37820301786078,0,0,0,0
7.45999999999999,7.54000000000001,13.0023920600374,13.0086627784536,8.88138147423589,8.37383404021129,73.8397986791545,76.7761469335132,-0.147723243239266,0,0,0,0
7.92,7.45999999999999,12.6083667554722,13.0023920600374,7.85030249155125,8.88138147423589,74.0317275332669,73.8397986791545,1.99752624521402,0,0,0,0
8.56999999999999,7.92,12.7111835712713,12.6083667554722,7.32257162839247,7.85030249155125,74.7306368782455,74.0317275332669,-3.32207411321289,0,0,0,1
9.16,8.56999999999999,11.7226537755087,12.7111835712713,10.7873484694096,7.32257162839247,73.1001904012326,74.7306368782455,2.57929124483088,0,0,0,-1
9.08,9.16,11.6917679834952,11.7226537755087,9.19409129644968,10.7873484694096,72.7089655103281,73.1001904012326,1.37150917776396,0,0,0,0
8.79000000000001,9.08,11.7060826285625,11.6917679834952,9.11919653573234,9.19409129644968,71.949760267025,72.7089655103281,-1.69837436785221,0,0,0,0
8.63,8.79000000000001,11.515893033807,11.7060826285625,9.61448730264292,9.11919653573234,71.9462219039262,71.949760267025,-0.0926841374253904,0,0,0,0
9.41,8.63,11.6397705792037,11.515893033807,9.04984134209745,9.61448730264292,68.1502077410889,71.9462219039262,0.0683155196827663,0,0,0,0
9.81,9.41,12.2659633165338,11.6397705792037,8.11585654362103,9.04984134209745,65.7194620832728,68.1502077410889,0.0971594068581645,0,0,0,1
10.02,9.81,12.2663852829179,12.2659633165338,9.36812324396641,8.11585654362103,64.0833370976597,65.7194620832728,0.167552665291165,0,0,0,-1
10.26,10.02,12.5586220778817,12.2663852829179,7.48952994521985,9.36812324396641,62.9924479679965,64.0833370976597,-0.199229542945385,0,0,0,0
10.59,10.26,12.8243961341759,12.5586220778817,8.00595456939241,7.48952994521985,62.335748237153,62.9924479679965,0.230801283085562,0,0,0,0
10.46,10.59,12.737913801582,12.8243961341759,7.80127872664806,8.00595456939241,61.4164005503776,62.335748237153,-0.910546663580597,0,0,0,0
10.72,10.46,12.8033761012359,12.737913801582,7.94131952134799,7.80127872664806,60.9200371582152,61.4164005503776,-1.10175622401147,0,0,0,0
10.21,10.72,13.3069088015394,12.8033761012359,7.28985784046248,7.94131952134799,60.0996805861307,60.9200371582152,1.65838241362351,0,0,0,0
9.39,10.21,12.287692618479,13.3069088015394,8.51683994418277,7.28985784046248,59.0119615999608,60.0996805861307,-0.694869746936615,0,0,0,0
8.91,9.39,12.3138933102122,12.287692618479,8.5214201647331,8.51683994418277,58.8387385504791,59.0119615999608,0.241865546751328,0,0,0,1
8.45999999999999,8.91,12.3813536914879,12.3138933102122,9.06674857023532,8.5214201647331,58.4519969404868,58.8387385504791,0.47542100114168,0,0,0,-1
5.29000000000001,0,13.6226292275813,0,10.1473891276947,0,52.6855739927332,0,-0.233318385153751,0,0,0,0
5.08,5.29000000000001,13.5957432321657,13.6226292275813,10.3227064775775,10.1473891276947,53.0510030846647,52.6855739927332,0.0463141473731241,0,0,0,0
4.87999999999999,5.08,13.5385153051404,13.5957432321657,10.5328145407495,10.3227064775775,55.9855585101063,53.0510030846647,-0.35785203631988,0,0,0,0
5.02,4.87999999999999,13.4972135065906,13.5385153051404,10.5889005428786,10.5328145407495,56.3683007348957,55.9855585101063,-0.084639006412992,0,0,0,1
4.51000000000001,5.02,13.2534608640339,13.4972135065906,10.3082793597799,10.5889005428786,57.1792107801098,56.3683007348957,0.224833048530936,0,0,0,-1
4.36,4.51000000000001,13.4757036370825,13.2534608640339,10.1405172656593,10.3082793597799,55.7036208510968,57.1792107801098,-0.0873685308722294,0,0,0,0
3.77,4.36,13.8033132938884,13.4757036370825,9.88612907820975,10.1405172656593,56.4664653423845,55.7036208510968,-0.544289851517746,0,0,0,0
3.63,3.77,13.9383190747554,13.8033132938884,9.70752614821647,9.88612907820975,57.0152889160062,56.4664653423845,0.234458260675932,0,0,0,0
3.3,3.63,13.8427240479155,13.9383190747554,9.32491139438601,9.70752614821647,55.3192595300957,57.0152889160062,0.604131732419482,0,0,0,0
2.95999999999999,3.3,13.8112704278921,13.8427240479155,9.24657991240061,9.32491139438601,55.5830172768354,55.3192595300957,0.224298545394849,0,0,0,0
2.47,2.95999999999999,13.6925796269567,13.8112704278921,8.97439435337996,9.24657991240061,55.222379213242,55.5830172768354,-0.172903457899903,0,0,0,0
1.92,2.47,13.6438867467861,13.6925796269567,8.82586956315999,8.97439435337996,59.2362030028843,55.222379213242,-0.295709351634354,0,0,0,-1
1.78,1.92,13.7373684867265,13.6438867467861,8.80493708035307,8.82586956315999,59.059525294938,59.2362030028843,-0.119794702308202,0,0,0,0
2.38,1.78,13.5632502513104,13.7373684867265,8.72936830263645,8.80493708035307,59.4756652684471,59.059525294938,0.292313451931442,0,0,0,1
3.36,2.38,14.3410418422091,13.5632502513104,8.23600659527159,8.72936830263645,58.2741244747901,59.4756652684471,-1.92325516729135,0,0,0,0
2.81,3.36,14.2607167131969,14.3410418422091,7.14088755369191,8.23600659527159,57.9184524025324,58.2741244747901,0.637065780499267,0,0,0,0
3.03,2.81,14.405606701739,14.2607167131969,7.35569898561351,7.14088755369191,57.8590736182136,57.9184524025324,0.0708645063531286,0,0,0,-1
3.22,3.03,14.3605135161794,14.405606701739,6.87246571039427,7.35569898561351,57.217749201236,57.8590736182136,-0.442791343315005,0,0,0,1
3.59999999999999,3.22,14.246222026114,14.3605135161794,6.86812034264612,6.87246571039427,57.9550454512024,57.217749201236,-0.122485714305558,0,0,0,0
3.94,3.59999999999999,14.4584581052387,14.246222026114,6.95222130959873,6.86812034264612,58.9024791796096,57.9550454512024,-0.34995749061331,0,0,0,0
4.48,3.94,13.8718553181013,14.4584581052387,6.7983886017044,6.95222130959873,59.3346248979539,58.9024791796096,4.79853379400944,0,0,0,0
5.33,4.48,14.0243612327104,13.8718553181013,6.83906280469424,6.7983886017044,59.8899834654058,59.3346248979539,-3.14136377945639,0,0,0,0
6.12000000000001,5.33,13.9931681272815,14.0243612327104,6.58427012885319,6.83906280469424,60.4768794693321,59.8899834654058,-0.558636367477391,0,0,0,0
6.58,6.12000000000001,13.9875592009352,13.9931681272815,6.7060030831765,6.58427012885319,60.4772538185687,60.4768794693321,0.0136584634519359,0,0,0,0
7.12000000000001,6.58,13.9462451290575,13.9875592009352,6.79446672261922,6.7060030831765,60.8371404763366,60.4772538185687,0.354806192694786,0,0,0,0
7.22,7.12000000000001,13.9914019197161,13.9462451290575,6.81416052417211,6.79446672261922,61.3475691234834,60.8371404763366,-0.525692826875712,0,0,0,1
6.69,7.22,14.2055889581237,13.9914019197161,6.79292070347569,6.81416052417211,62.1184953687737,61.3475691234834,0.853238759669049,0,0,0,-1
7.37000000000001,6.69,13.628758672089,14.2055889581237,6.69812547766516,6.79292070347569,62.8541811515855,62.1184953687737,0.223469131078785,0,0,0,0
7.7,7.37000000000001,14.0011377132786,13.628758672089,6.47956243143659,6.69812547766516,64.0572116355412,62.8541811515855,-0.955130924869447,0,0,0,0
7.83,7.7,13.8961971831709,14.0011377132786,7.33833281801315,6.47956243143659,63.7837397588853,64.0572116355412,0.0285164784650451,0,0,0,0
7.66,7.83,13.8280986726845,13.8961971831709,7.42678509252732,7.33833281801315,64.770362033162,63.7837397588853,0.496396877265354,0,0,0,0
8.2,7.66,13.9003257191834,13.8280986726845,7.23369012057079,7.42678509252732,65.5061628400813,64.770362033162,-0.146076127954611,0,0,0,0
8.95999999999999,8.2,13.8325196266282,13.9003257191834,7.33323269218313,7.23369012057079,65.1076647900974,65.5061628400813,0.541858599931217,0,0,0,0
9.23999999999999,8.95999999999999,13.6472938893553,13.8325196266282,7.22358256901685,7.33323269218313,65.3985406905637,65.1076647900974,-0.624837717399792,0,0,0,0
8.29000000000001,9.23999999999999,13.5769644273545,13.6472938893553,7.29959711044833,7.22358256901685,65.8121029008019,65.3985406905637,5.29167397660498,0,0,0,-1
8.56,8.29000000000001,13.046927764931,13.5769644273545,7.12814316364449,7.29959711044833,74.6491822205835,65.8121029008019,-3.44916572281051,0,0,0,0
9.38,8.56,13.3937177248715,13.046927764931,7.14785942153543,7.12814316364449,75.5148748967228,74.6491822205835,-2.73710325735289,0,0,0,1
17.73,9.38,14.2496304798983,13.3937177248715,7.01537902878268,7.14785942153543,74.9422092488039,75.5148748967228,-1.87338904480528,0,0,0,0
18.86,17.73,14.0604836032126,14.2496304798983,6.78208086177045,7.01537902878268,69.6118126841959,74.9422092488039,2.73143325452513,0,0,0,0
18.42,18.86,14.1932992867193,14.0604836032126,5.8703446710245,6.78208086177045,68.4514861885163,69.6118126841959,-0.724260211531156,0,0,0,0
17.25,18.42,14.8014293561778,14.1932992867193,6.3356719254441,5.8703446710245,67.4063480829713,68.4514861885163,2.8657128594502,0,0,0,0
15.66,17.25,14.5308321541327,14.8014293561778,6.33680416806284,6.3356719254441,66.4757988880199,67.4063480829713,-0.506434658915303,0,0,0,1
15.06,15.66,14.5429253933983,14.5308321541327,6.1494001686444,6.33680416806284,65.9261665516294,66.4757988880199,-0.921732476157693,0,0,0,-1
14.59,15.06,14.496021395977,14.5429253933983,6.20417018230374,6.1494001686444,66.1828588166385,65.9261665516294,-0.176982568817097,0,0,0,0
13.23,14.59,14.3697937535613,14.496021395977,6.76327860550972,6.20417018230374,65.6618507595966,66.1828588166385,-0.00987692322549982,0,0,0,0
11.89,13.23,14.6039503863923,14.3697937535613,6.57943999522263,6.76327860550972,65.5330131136817,65.6618507595966,-2.08697942896877,0,0,0,0
12.35,11.89,14.3735032072954,14.6039503863923,6.13361837776122,6.57943999522263,65.3261464653359,65.5330131136817,1.48234527551285,0,0,0,1
12.04,12.35,14.5314807329587,14.3735032072954,7.70954774915352,6.13361837776122,65.0528724956874,65.3261464653359,-0.0858261368690396,0,0,0,-1
10.7,12.04,14.3727573361959,14.5314807329587,7.53813033075062,7.70954774915352,64.9606290784646,65.0528724956874,0.0855621893392779,0,0,0,0
2.40000000000001,10.7,14.1803014498339,14.3727573361959,7.91044901133445,7.53813033075062,65.5524733437854,64.9606290784646,-0.0694924849490306,0,0,0,0
1,2.40000000000001,14.0648922373529,14.1803014498339,8.05479784770621,7.91044901133445,65.5195455025658,65.5524733437854,-0.0150522367082608,0,0,0,1
1.20999999999999,1,13.4069947867057,14.0648922373529,8.02487019405244,8.05479784770621,65.8669551126866,65.5195455025658,0.757592946502786,0,0,0,-1
1.95999999999999,1.20999999999999,13.4014513305125,13.4069947867057,8.1513000954299,8.02487019405244,66.2939225611835,65.8669551126866,2.4972290169703,0,0,0,0
3.59999999999999,1.95999999999999,13.1087571982163,13.4014513305125,7.90613331000674,8.1513000954299,64.8709542906401,66.2939225611835,-1.84168907065787,0,0,0,0
4.56999999999999,3.59999999999999,13.0760161983935,13.1087571982163,7.90481348104232,7.90613331000674,66.3409046961689,64.8709542906401,0.850895361256956,0,0,0,0
5.19,4.56999999999999,12.9701739068007,13.0760161983935,7.54731381581464,7.90481348104232,67.5347379187545,66.3409046961689,-3.24247020059627,0,0,0,0
5.76000000000001,5.19,12.7439465285803,12.9701739068007,7.87983114716718,7.54731381581464,68.0165295420743,67.5347379187545,2.21008655524883,0,0,0,0
6.73999999999999,5.76000000000001,12.7901104286199,12.7439465285803,7.80229578409716,7.87983114716718,68.1232829341248,68.0165295420743,-2.2378425154308,0,0,0,1
6.86,6.73999999999999,12.8192457378375,12.7901104286199,7.52888774769553,7.80229578409716,67.164365423868,68.1232829341248,1.51933748883128,0,0,0,-1
6.55,6.86,12.8952220037727,12.8192457378375,7.90882899096254,7.52888774769553,67.3040432768606,67.164365423868,-0.0387339306838328,0,0,0,0
7.23,6.55,12.7872144226226,12.8952220037727,9.19896922538185,7.90882899096254,66.6712022719694,67.3040432768606,-1.74209617894006,0,0,0,0
7.04000000000001,7.23,12.6939421402687,12.7872144226226,8.29170801511362,9.19896922538185,66.6354781196145,66.6712022719694,1.37820301786078,0,0,0,0
7.34,7.04000000000001,12.66914374622,12.6939421402687,7.8026095485065,8.29170801511362,67.4053921697278,66.6354781196145,-0.147723243239266,0,0,0,0
7.87000000000001,7.34,12.2965771385508,12.66914374622,7.73527224557912,7.8026095485065,67.4801015167613,67.4053921697278,1.99752624521402,0,0,0,0
8.27,7.87000000000001,12.3620434841599,12.2965771385508,7.53229647132648,7.73527224557912,68.3536862020908,67.4801015167613,-3.32207411321289,0,0,0,1
8.62,8.27,11.4167605322681,12.3620434841599,10.5197963174316,7.53229647132648,68.504622624912,68.3536862020908,2.57929124483088,0,0,0,-1
8.40000000000001,8.62,11.3760728865867,11.4167605322681,9.41662864542151,10.5197963174316,68.0880358432654,68.504622624912,1.37150917776396,0,0,0,0
7.92,8.40000000000001,11.3687768611427,11.3760728865867,8.50772488156606,9.41662864542151,67.1762856472409,68.0880358432654,-1.69837436785221,0,0,0,0
8.05,7.92,11.2074886753072,11.3687768611427,9.97094133889444,8.50772488156606,66.2624629450605,67.1762856472409,-0.0926841374253904,0,0,0,0
8.67,8.05,11.3674290033428,11.2074886753072,8.96964570610638,9.97094133889444,63.2070661634046,66.2624629450605,0.0683155196827663,0,0,0,0
9.73,8.67,12.0488914216738,11.3674290033428,8.29651356517553,8.96964570610638,61.2350562691532,63.2070661634046,0.0971594068581645,0,0,0,1
10.59,9.73,12.0173307635863,12.0488914216738,8.29907792460591,8.29651356517553,60.7332333764502,61.2350562691532,0.167552665291165,0,0,0,-1
10.56,10.59,12.2885485635132,12.0173307635863,7.11603565462319,8.29907792460591,59.6171046479029,60.7332333764502,-0.199229542945385,0,0,0,0
10.92,10.56,12.5485811625259,12.2885485635132,7.53814143684877,7.11603565462319,58.9427659742358,59.6171046479029,0.230801283085562,0,0,0,0
10.94,10.92,12.4818145817007,12.5485811625259,7.47881741013259,7.53814143684877,57.4269169218136,58.9427659742358,-0.910546663580597,0,0,0,0
10.7,10.94,12.5631021965024,12.4818145817007,7.25393802230335,7.47881741013259,56.8531038200094,57.4269169218136,-1.10175622401147,0,0,0,0
10.08,10.7,12.9924988329078,12.5631021965024,7.24702590272933,7.25393802230335,55.7593953124486,56.8531038200094,1.65838241362351,0,0,0,0
9.39,10.08,12.1575870553983,12.9924988329078,7.6213359920663,7.24702590272933,54.7421297876515,55.7593953124486,-0.694869746936615,0,0,0,0
8.73999999999999,9.39,12.182866025207,12.1575870553983,7.95466254841047,7.6213359920663,54.5214656837372,54.7421297876515,0.241865546751328,0,0,0,1
8.95,8.73999999999999,12.2933868847731,12.182866025207,7.66841373147596,7.95466254841047,53.9661102980869,54.5214656837372,0.47542100114168,0,0,0,-1
4.45999999999999,0,13.7044478378776,0,10.1801173289243,0,60.9828449432686,0,-0.233318385153751,0,0,0,0
4.56,4.45999999999999,13.68894577098,13.7044478378776,10.4538453836782,10.1801173289243,61.6390180464037,60.9828449432686,0.0463141473731241,0,0,0,0
4.44,4.56,13.5724070393918,13.68894577098,10.6260045001481,10.4538453836782,63.7953923608589,61.6390180464037,-0.35785203631988,0,0,0,0
4.31999999999999,4.44,13.5274668632189,13.5724070393918,10.5766767941228,10.6260045001481,64.2846650856001,63.7953923608589,-0.084639006412992,0,0,0,1
4.12999999999999,4.31999999999999,13.3033176918042,13.5274668632189,10.3016349894151,10.5766767941228,64.4308888901246,64.2846650856001,0.224833048530936,0,0,0,-1
4.40000000000001,4.12999999999999,13.515013443472,13.3033176918042,10.1516968822902,10.3016349894151,64.0936544500239,64.4308888901246,-0.0873685308722294,0,0,0,0
4.09999999999999,4.40000000000001,13.6062572738733,13.515013443472,9.90505426931748,10.1516968822902,64.730614465065,64.0936544500239,-0.544289851517746,0,0,0,0
3.92,4.09999999999999,13.7443645879551,13.6062572738733,9.74739008915209,9.90505426931748,65.2591904686443,64.730614465065,0.234458260675932,0,0,0,0
3.77,3.92,13.630255338789,13.7443645879551,9.41068779290414,9.74739008915209,64.6245948383754,65.2591904686443,0.604131732419482,0,0,0,0
3.62,3.77,13.6208849461952,13.630255338789,9.18634741527706,9.41068779290414,64.9116215664254,64.6245948383754,0.224298545394849,0,0,0,0
3.05,3.62,13.5228006961199,13.6208849461952,9.10826439031717,9.18634741527706,64.7281894213813,64.9116215664254,-0.172903457899903,0,0,0,0
2.12,3.05,13.5191610864646,13.5228006961199,8.95398121011833,9.10826439031717,65.7679537995605,64.7281894213813,-0.295709351634354,0,0,0,-1
2.42,2.12,13.6348176144172,13.5191610864646,9.00541742802471,8.95398121011833,65.9026205636144,65.7679537995605,-0.119794702308202,0,0,0,0
2.48999999999999,2.42,13.3497716444142,13.6348176144172,8.86731550002618,9.00541742802471,66.4010836400523,65.9026205636144,0.292313451931442,0,0,0,1
3.3,2.48999999999999,14.1949211171883,13.3497716444142,8.71215213814636,8.86731550002618,63.5273392193629,66.4010836400523,-1.92325516729135,0,0,0,0
3.13,3.3,14.1918760925369,14.1949211171883,7.98304204850888,8.71215213814636,63.2639756551266,63.5273392193629,0.637065780499267,0,0,0,0
3.33,3.13,14.3831600853145,14.1918760925369,7.75323750957048,7.98304204850888,63.540920231189,63.2639756551266,0.0708645063531286,0,0,0,-1
2.92,3.33,14.3079232676612,14.3831600853145,7.51365723318621,7.75323750957048,64.6939567371011,63.540920231189,-0.442791343315005,0,0,0,1
3.27,2.92,14.2236438760401,14.3079232676612,7.32963030492245,7.51365723318621,65.6562996932128,64.6939567371011,-0.122485714305558,0,0,0,0
3.28,3.27,14.4115531843246,14.2236438760401,7.40591811436506,7.32963030492245,66.5722274114754,65.6562996932128,-0.34995749061331,0,0,0,0
3.66,3.28,13.8361768789249,14.4115531843246,7.45872942306441,7.40591811436506,68.8813695839954,66.5722274114754,4.79853379400944,0,0,0,0
4.05,3.66,14.0150837135638,13.8361768789249,7.46398932311116,7.45872942306441,68.9128627807113,68.8813695839954,-3.14136377945639,0,0,0,0
4.5,4.05,14.0205082688187,14.0150837135638,7.50880400939421,7.46398932311116,68.9485029837654,68.9128627807113,-0.558636367477391,0,0,0,0
4.76000000000001,4.5,14.0382026159453,14.0205082688187,7.35380916463571,7.50880400939421,66.9621120560329,68.9485029837654,0.0136584634519359,0,0,0,0
5.16,4.76000000000001,14.0246956776189,14.0382026159453,7.39465661275286,7.35380916463571,67.5973368365434,66.9621120560329,0.354806192694786,0,0,0,0
5.15000000000001,5.16,14.1030427565272,14.0246956776189,7.2938942422291,7.39465661275286,68.538242176349,67.5973368365434,-0.525692826875712,0,0,0,1
4.79000000000001,5.15000000000001,14.2220664750063,14.1030427565272,7.39815709623145,7.2938942422291,69.6861155464356,68.538242176349,0.853238759669049,0,0,0,-1
5.68000000000001,4.79000000000001,13.6702741103103,14.2220664750063,7.5478089266033,7.39815709623145,70.5495615848094,69.6861155464356,0.223469131078785,0,0,0,0
6.3,5.68000000000001,14.0965978902955,13.6702741103103,7.21560946607704,7.5478089266033,71.4728157157228,70.5495615848094,-0.955130924869447,0,0,0,0
6.37000000000001,6.3,13.9685558505485,14.0965978902955,7.56718377733554,7.21560946607704,72.5957741821952,71.4728157157228,0.0285164784650451,0,0,0,0
6.45,6.37000000000001,13.8870192212218,13.9685558505485,7.77506903337484,7.56718377733554,73.2645137875125,72.5957741821952,0.496396877265354,0,0,0,0
7.56999999999999,6.45,13.9131961235759,13.8870192212218,7.68446494346713,7.77506903337484,73.4752264625634,73.2645137875125,-0.146076127954611,0,0,0,0
8.61,7.56999999999999,13.892259001769,13.9131961235759,7.82569009131254,7.68446494346713,74.3290125673149,73.4752264625634,0.541858599931217,0,0,0,0
8.79000000000001,8.61,13.7317679603222,13.892259001769,7.78506312023903,7.82569009131254,74.3365301767925,74.3290125673149,-0.624837717399792,0,0,0,0
8.86,8.79000000000001,13.7391675792717,13.7317679603222,7.90326318178485,7.78506312023903,73.3547803095072,74.3365301767925,5.29167397660498,0,0,0,-1
9.27,8.86,13.2113312018643,13.7391675792717,8.00943317838169,7.90326318178485,74.3770844487582,73.3547803095072,-3.44916572281051,0,0,0,0
9.47,9.27,13.5024337666702,13.2113312018643,8.1032656987196,8.00943317838169,74.7169898471167,74.3770844487582,-2.73710325735289,0,0,0,1
19.2,9.47,14.3922595076316,13.5024337666702,8.37977278557165,8.1032656987196,73.5082658971284,74.7169898471167,-1.87338904480528,0,0,0,0
20.38,19.2,14.2203959436574,14.3922595076316,7.84606025057012,8.37977278557165,72.6900342922903,73.5082658971284,2.73143325452513,0,0,0,0
18.17,20.38,14.368342891345,14.2203959436574,8.51288561991345,7.84606025057012,71.5371116948034,72.6900342922903,-0.724260211531156,0,0,0,0
16.75,18.17,15.0201454562267,14.368342891345,7.64933065273975,8.51288561991345,70.7391782639443,71.5371116948034,2.8657128594502,0,0,0,0
16.37,16.75,14.7570853705301,15.0201454562267,7.79244713210808,7.64933065273975,68.983260875271,70.7391782639443,-0.506434658915303,0,0,0,1
15.42,16.37,14.8200567395005,14.7570853705301,7.69940745337813,7.79244713210808,68.9135028521037,68.983260875271,-0.921732476157693,0,0,0,-1
14.25,15.42,14.8202065341563,14.8200567395005,7.47292350153821,7.69940745337813,69.2514765193925,68.9135028521037,-0.176982568817097,0,0,0,0
12.85,14.25,14.751423644972,14.8202065341563,7.94990535775438,7.47292350153821,69.1388265918507,69.2514765193925,-0.00987692322549982,0,0,0,0
12.94,12.85,15.014165414959,14.751423644972,7.80268340734499,7.94990535775438,69.3317219002013,69.1388265918507,-2.08697942896877,0,0,0,0
12.43,12.94,14.7547298036285,15.014165414959,7.48560181057627,7.80268340734499,69.2235734673365,69.3317219002013,1.48234527551285,0,0,0,1
12.1,12.43,14.9523178090721,14.7547298036285,8.2917783660981,7.48560181057627,68.8610358407106,69.2235734673365,-0.0858261368690396,0,0,0,-1
11.51,12.1,14.7874116793036,14.9523178090721,8.30972589600909,8.2917783660981,68.8939603037969,68.8610358407106,0.0855621893392779,0,0,0,0
2.41,11.51,14.5255838718578,14.7874116793036,8.43241925912477,8.30972589600909,69.6922887468305,68.8939603037969,-0.0694924849490306,0,0,0,0
1.34,2.41,14.3668621431553,14.5255838718578,8.75947194451984,8.43241925912477,70.4485544476344,69.6922887468305,-0.0150522367082608,0,0,0,1
2.64,1.34,13.735433618808,14.3668621431553,8.62474918341962,8.75947194451984,70.9224184873097,70.4485544476344,0.757592946502786,0,0,0,-1
2.84999999999999,2.64,13.7434113764433,13.735433618808,8.57353930999251,8.62474918341962,71.439523497398,70.9224184873097,2.4972290169703,0,0,0,0
3.93000000000001,2.84999999999999,13.4687270555403,13.7434113764433,8.39466495879417,8.57353930999251,72.1129685245345,71.439523497398,-1.84168907065787,0,0,0,0
4.81,3.93000000000001,13.3778280381289,13.4687270555403,8.03604233671027,8.39466495879417,73.562916229141,72.1129685245345,0.850895361256956,0,0,0,0
6.04000000000001,4.81,13.2811877010477,13.3778280381289,7.86094332092427,8.03604233671027,74.9687507910497,73.562916229141,-3.24247020059627,0,0,0,0
7.42,6.04000000000001,13.0747723165173,13.2811877010477,8.49683462817498,7.86094332092427,74.9848602794535,74.9687507910497,2.21008655524883,0,0,0,0
7.55,7.42,13.1202654256539,13.0747723165173,8.48231133834406,8.49683462817498,74.9322352222634,74.9848602794535,-2.2378425154308,0,0,0,1
7.73999999999999,7.55,13.1492117992672,13.1202654256539,8.47776773014992,8.48231133834406,73.6264903114487,74.9322352222634,1.51933748883128,0,0,0,-1
8.09,7.73999999999999,13.2298384234706,13.1492117992672,8.44657315937819,8.47776773014992,73.2444700234944,73.6264903114487,-0.0387339306838328,0,0,0,0
8.65000000000001,8.09,13.0822587250196,13.2298384234706,9.61813179219002,8.44657315937819,72.6802321941276,73.2444700234944,-1.74209617894006,0,0,0,0
8.66,8.65000000000001,13.0057031096289,13.0822587250196,8.95389615080069,9.61813179219002,72.6574457611999,72.6802321941276,1.37820301786078,0,0,0,0
8.59999999999999,8.66,12.9754558447778,13.0057031096289,8.58456764439552,8.95389615080069,72.4128702634998,72.6574457611999,-0.147723243239266,0,0,0,0
9.45,8.59999999999999,12.5766098956648,12.9754558447778,8.13338717741563,8.58456764439552,72.4016745430681,72.4128702634998,1.99752624521402,0,0,0,0
9.84,9.45,12.6269382001606,12.5766098956648,7.47792811082073,8.13338717741563,73.1879028550901,72.4016745430681,-3.32207411321289,0,0,0,1
9.89,9.84,11.7069243551979,12.6269382001606,10.547330098364,7.47792811082073,72.3591648976332,73.1879028550901,2.57929124483088,0,0,0,-1
9.52,9.89,11.6890000482142,11.7069243551979,10.2801286918497,10.547330098364,72.0578326969084,72.3591648976332,1.37150917776396,0,0,0,0
8.77,9.52,11.6498813956722,11.6890000482142,9.37188680315945,10.2801286918497,70.8633897026146,72.0578326969084,-1.69837436785221,0,0,0,0
8.29000000000001,8.77,11.4759611176729,11.6498813956722,9.71119761435105,9.37188680315945,70.4105006347525,70.8633897026146,-0.0926841374253904,0,0,0,0
9.19,8.29000000000001,11.6248757425128,11.4759611176729,9.32294041960206,9.71119761435105,67.7425423542219,70.4105006347525,0.0683155196827663,0,0,0,0
9.86,9.19,12.2781497109898,11.6248757425128,8.82873337922063,9.32294041960206,65.4251662854845,67.7425423542219,0.0971594068581645,0,0,0,1
10.01,9.86,12.2791959601333,12.2781497109898,7.68821037679443,8.82873337922063,63.9199417551761,65.4251662854845,0.167552665291165,0,0,0,-1
10.31,10.01,12.5959212706159,12.2791959601333,8.0415659961666,7.68821037679443,63.0325834335937,63.9199417551761,-0.199229542945385,0,0,0,0
10.45,10.31,12.9166965511484,12.5959212706159,7.48355980049135,8.0415659961666,62.3214824596964,63.0325834335937,0.230801283085562,0,0,0,0
10.28,10.45,12.8427024409505,12.9166965511484,7.1228276402714,7.48355980049135,62.0254463981806,62.3214824596964,-0.910546663580597,0,0,0,0
9.3,10.28,12.9129064234596,12.8427024409505,7.29072987642386,7.1228276402714,61.5522919805605,62.0254463981806,-1.10175622401147,0,0,0,0
9.51000000000001,9.3,13.3700143171364,12.9129064234596,7.16185913003873,7.29072987642386,60.8449895058647,61.5522919805605,1.65838241362351,0,0,0,0
9.44,9.51000000000001,12.496652777185,13.3700143171364,7.49601410847199,7.16185913003873,60.1633417196439,60.8449895058647,-0.694869746936615,0,0,0,0
9.25,9.44,12.533920087258,12.496652777185,7.49324948750936,7.49601410847199,60.4197424385705,60.1633417196439,0.241865546751328,0,0,0,1
9.27,9.25,12.5276066126841,12.533920087258,7.9526767481657,7.49324948750936,60.420270483894,60.4197424385705,0.47542100114168,0,0,0,-1
4.8,0,13.47816896014,0,10.1254365582016,0,42.907690295243,0,-0.233318385153751,0,0,0,0
4.8,4.8,13.3961468076787,13.47816896014,10.4320503958089,10.1254365582016,43.5262367769924,42.907690295243,0.0463141473731241,0,0,0,0
4.92,4.8,13.3380766441379,13.3961468076787,10.5851968297177,10.4320503958089,44.5913639905152,43.5262367769924,-0.35785203631988,0,0,0,0
4.87000000000001,4.92,13.2834139091797,13.3380766441379,10.5402604883035,10.5851968297177,45.0065145490199,44.5913639905152,-0.084639006412992,0,0,0,1
4.73999999999999,4.87000000000001,13.0433440630371,13.2834139091797,10.2530396628507,10.5402604883035,45.4399010162183,45.0065145490199,0.224833048530936,0,0,0,-1
4.45,4.73999999999999,13.2764825520075,13.0433440630371,10.2161051047198,10.2530396628507,45.5015963475854,45.4399010162183,-0.0873685308722294,0,0,0,0
4.36,4.45,13.502329122381,13.2764825520075,9.86694070733512,10.2161051047198,45.9561173291458,45.5015963475854,-0.544289851517746,0,0,0,0
3.26000000000001,4.36,13.6967440469962,13.502329122381,9.78019807088453,9.86694070733512,46.607365655314,45.9561173291458,0.234458260675932,0,0,0,0
3.14,3.26000000000001,13.6611467917625,13.6967440469962,9.50702097361306,9.78019807088453,46.6207620010544,46.607365655314,0.604131732419482,0,0,0,0
3.09999999999999,3.14,13.6618473557584,13.6611467917625,9.32095054591989,9.50702097361306,47.0167412139938,46.6207620010544,0.224298545394849,0,0,0,0
3.15000000000001,3.09999999999999,13.5700623142228,13.6618473557584,8.93394423085331,9.32095054591989,47.1108550568334,47.0167412139938,-0.172903457899903,0,0,0,0
3.08,3.15000000000001,13.6240323763573,13.5700623142228,6.79716130649219,8.93394423085331,47.0162738230919,47.1108550568334,-0.295709351634354,0,0,0,-1
3,3.08,13.7370314749372,13.6240323763573,6.47446417030181,6.79716130649219,47.5689691776938,47.0162738230919,-0.119794702308202,0,0,0,0
2.76000000000001,3,13.6060588961943,13.7370314749372,6.52924961229597,6.47446417030181,48.1794004205998,47.5689691776938,0.292313451931442,0,0,0,1
3.53,2.76000000000001,14.3662002444454,13.6060588961943,6.76461508040876,6.52924961229597,47.8985926286516,48.1794004205998,-1.92325516729135,0,0,0,0
3.48,3.53,14.2641438955573,14.3662002444454,6.46814382612274,6.76461508040876,47.9738851389346,47.8985926286516,0.637065780499267,0,0,0,0
3.56,3.48,14.4055633418198,14.2641438955573,6.46587286434959,6.46814382612274,48.4235509275572,47.9738851389346,0.0708645063531286,0,0,0,-1
3.92,3.56,14.3190054135817,14.4055633418198,6.79854052585314,6.46587286434959,49.0296049502153,48.4235509275572,-0.442791343315005,0,0,0,1
3.73999999999999,3.92,14.2126042089,14.3190054135817,6.75942970878663,6.79854052585314,49.8110552802122,49.0296049502153,-0.122485714305558,0,0,0,0
3.84,3.73999999999999,14.4051652284704,14.2126042089,6.76520795012654,6.75942970878663,50.5417806315842,49.8110552802122,-0.34995749061331,0,0,0,0
4.06999999999999,3.84,13.8163627225337,14.4051652284704,6.72793306415601,6.76520795012654,51.3286826885907,50.5417806315842,4.79853379400944,0,0,0,0
4.42,4.06999999999999,13.9259459065002,13.8163627225337,6.8557152079232,6.72793306415601,51.1203775296102,51.3286826885907,-3.14136377945639,0,0,0,0
5.01000000000001,4.42,13.9486958767435,13.9259459065002,5.94730136924259,6.8557152079232,51.3634518583804,51.1203775296102,-0.558636367477391,0,0,0,0
5.06999999999999,5.01000000000001,13.9620400005893,13.9486958767435,5.89131406599943,5.94730136924259,52.1838988556296,51.3634518583804,0.0136584634519359,0,0,0,0
4.98,5.06999999999999,13.9551735612502,13.9620400005893,5.76039974386127,5.89131406599943,53.0511708528576,52.1838988556296,0.354806192694786,0,0,0,0
5.68000000000001,4.98,14.0242462833623,13.9551735612502,5.79167084239241,5.76039974386127,54.4783817114223,53.0511708528576,-0.525692826875712,0,0,0,1
5.11,5.68000000000001,14.1654976251062,14.0242462833623,6.35580620085459,5.79167084239241,55.7089807336036,54.4783817114223,0.853238759669049,0,0,0,-1
5.43000000000001,5.11,13.5981424229471,14.1654976251062,6.3806116860238,6.35580620085459,56.5938258580286,55.7089807336036,0.223469131078785,0,0,0,0
5.65000000000001,5.43000000000001,14.0310247802272,13.5981424229471,6.19845483975639,6.3806116860238,57.5771365050655,56.5938258580286,-0.955130924869447,0,0,0,0
5.87000000000001,5.65000000000001,13.9033149503175,14.0310247802272,6.47221903923943,6.19845483975639,57.6887092808493,57.5771365050655,0.0285164784650451,0,0,0,0
6.36,5.87000000000001,13.8251905074168,13.9033149503175,6.50821661830364,6.47221903923943,58.6054380466195,57.6887092808493,0.496396877265354,0,0,0,0
6.59999999999999,6.36,13.8699561560381,13.8251905074168,6.24553285991766,6.50821661830364,59.4905071119998,58.6054380466195,-0.146076127954611,0,0,0,0
6.89,6.59999999999999,13.7978720289107,13.8699561560381,6.10298007104598,6.24553285991766,60.4053920409276,59.4905071119998,0.541858599931217,0,0,0,0
7.39,6.89,13.6297793049254,13.7978720289107,5.86130807261598,6.10298007104598,59.9071000968242,60.4053920409276,-0.624837717399792,0,0,0,0
7.36,7.39,13.538129742897,13.6297793049254,5.90141621087923,5.86130807261598,59.8212953960237,59.9071000968242,5.29167397660498,0,0,0,-1
7.73999999999999,7.36,12.9972091166059,13.538129742897,5.93075929303294,5.90141621087923,60.9978898518279,59.8212953960237,-3.44916572281051,0,0,0,0
8,7.73999999999999,13.3140209084102,12.9972091166059,6.06489299941824,5.93075929303294,61.7333160677765,60.9978898518279,-2.73710325735289,0,0,0,1
14.96,8,14.1317415346784,13.3140209084102,5.57284318070473,6.06489299941824,61.7690158603902,61.7333160677765,-1.87338904480528,0,0,0,0
16.06,14.96,13.8543902177328,14.1317415346784,3.69860386787874,5.57284318070473,62.2070909832037,61.7690158603902,2.73143325452513,0,0,0,0
15.32,16.06,13.9592736957406,13.8543902177328,5.03316313766159,3.69860386787874,61.8140117795533,62.2070909832037,-0.724260211531156,0,0,0,0
14.47,15.32,14.6290634059848,13.9592736957406,5.46671641622849,5.03316313766159,61.6056446774168,61.8140117795533,2.8657128594502,0,0,0,0
14.12,14.47,14.343480133899,14.6290634059848,6.29743375706,5.46671641622849,61.0806133626762,61.6056446774168,-0.506434658915303,0,0,0,1
13.46,14.12,14.3702576934256,14.343480133899,5.96210157078362,6.29743375706,61.0778506191127,61.0806133626762,-0.921732476157693,0,0,0,-1
12.66,13.46,14.3382323191372,14.3702576934256,5.69540875020832,5.96210157078362,61.8466299094185,61.0778506191127,-0.176982568817097,0,0,0,0
12.22,12.66,14.208944278706,14.3382323191372,6.11338382000103,5.69540875020832,61.2591435231107,61.8466299094185,-0.00987692322549982,0,0,0,0
11.42,12.22,14.4431472999438,14.208944278706,6.25122565545212,6.11338382000103,61.4865873726204,61.2591435231107,-2.08697942896877,0,0,0,0
11.33,11.42,14.2301800800579,14.4431472999438,6.19372034498803,6.25122565545212,61.5008499427826,61.4865873726204,1.48234527551285,0,0,0,1
11.25,11.33,14.3612719925293,14.2301800800579,6.10853713916242,6.19372034498803,61.8971386255024,61.5008499427826,-0.0858261368690396,0,0,0,-1
10.63,11.25,14.1956360322793,14.3612719925293,6.52103971242285,6.10853713916242,62.1587177400681,61.8971386255024,0.0855621893392779,0,0,0,0
3.63,10.63,13.9887592371002,14.1956360322793,6.16223857347416,6.52103971242285,63.0621443045613,62.1587177400681,-0.0694924849490306,0,0,0,0
2.47,3.63,13.8234721600517,13.9887592371002,6.64195355327008,6.16223857347416,63.7562456457019,63.0621443045613,-0.0150522367082608,0,0,0,1
2.87,2.47,13.2166957897508,13.8234721600517,6.54433066700442,6.64195355327008,64.5492553005469,63.7562456457019,0.757592946502786,0,0,0,-1
3.54000000000001,2.87,13.1900606528698,13.2166957897508,6.73590230910066,6.54433066700442,65.2147253353665,64.5492553005469,2.4972290169703,0,0,0,0
4.58,3.54000000000001,12.9427270624578,13.1900606528698,6.77237649213085,6.73590230910066,64.9758202275257,65.2147253353665,-1.84168907065787,0,0,0,0
6.62999999999999,4.58,12.9156407602174,12.9427270624578,6.60432589386419,6.77237649213085,66.165237261323,64.9758202275257,0.850895361256956,0,0,0,0
8.23999999999999,6.62999999999999,12.8313797553006,12.9156407602174,6.76253513877015,6.60432589386419,67.4091923853046,66.165237261323,-3.24247020059627,0,0,0,0
8.76000000000001,8.23999999999999,12.6571016787906,12.8313797553006,6.65681957805555,6.76253513877015,69.0794544353065,67.4091923853046,2.21008655524883,0,0,0,0
9.20999999999999,8.76000000000001,12.7081646783689,12.6571016787906,6.43046996044783,6.65681957805555,69.3166122187804,69.0794544353065,-2.2378425154308,0,0,0,1
9.43000000000001,9.20999999999999,12.7650995762706,12.7081646783689,6.61252202736633,6.43046996044783,68.8145116846647,69.3166122187804,1.51933748883128,0,0,0,-1
9.31,9.43000000000001,12.8957194373632,12.7650995762706,6.15780803409278,6.61252202736633,68.8368128467173,68.8145116846647,-0.0387339306838328,0,0,0,0
9.47,9.31,12.7382482797332,12.8957194373632,6.74968425031068,6.15780803409278,68.3953321589394,68.8368128467173,-1.74209617894006,0,0,0,0
9.76000000000001,9.47,12.6138321476976,12.7382482797332,5.90128146634644,6.74968425031068,68.6343816451584,68.3953321589394,1.37820301786078,0,0,0,0
10.03,9.76000000000001,12.5655677504871,12.6138321476976,5.983051203058,5.90128146634644,68.4626564150717,68.6343816451584,-0.147723243239266,0,0,0,0
10.75,10.03,12.2109772024272,12.5655677504871,6.44805643263017,5.983051203058,68.3839634469671,68.4626564150717,1.99752624521402,0,0,0,0
10.72,10.75,12.3205196342762,12.2109772024272,6.04291797134903,6.44805643263017,68.9592083570011,68.3839634469671,-3.32207411321289,0,0,0,1
10.48,10.72,11.3557659012569,12.3205196342762,6.21150431157977,6.04291797134903,66.4466081439986,68.9592083570011,2.57929124483088,0,0,0,-1
9.31,10.48,11.3278776983179,11.3557659012569,6.25867916580744,6.21150431157977,66.3231318754904,66.4466081439986,1.37150917776396,0,0,0,0
8.70999999999999,9.31,11.3103305855706,11.3278776983179,5.6348957949958,6.25867916580744,65.7117661684404,66.3231318754904,-1.69837436785221,0,0,0,0
9.5,8.70999999999999,11.1778224841194,11.3103305855706,6.60902986789815,5.6348957949958,65.0680325141838,65.7117661684404,-0.0926841374253904,0,0,0,0
9.33,9.5,11.3198075133763,11.1778224841194,5.32371657031381,6.60902986789815,62.9715821251014,65.0680325141838,0.0683155196827663,0,0,0,0
9.19,9.33,12.0178319433228,11.3198075133763,5.12830673358629,5.32371657031381,61.3263550207824,62.9715821251014,0.0971594068581645,0,0,0,1
9.62,9.19,12.0052923812341,12.0178319433228,7.52100207042683,5.12830673358629,61.3998510920186,61.3263550207824,0.167552665291165,0,0,0,-1
10.24,9.62,12.2745607952667,12.0052923812341,4.53188337766842,7.52100207042683,60.7056315851736,61.3998510920186,-0.199229542945385,0,0,0,0
9.92,10.24,12.5530019230631,12.2745607952667,4.35894040516331,4.53188337766842,60.1258803620947,60.7056315851736,0.230801283085562,0,0,0,0
9.63,9.92,12.5420820548725,12.5530019230631,4.44657844494338,4.35894040516331,58.4667885170973,60.1258803620947,-0.910546663580597,0,0,0,0
9.17,9.63,12.6689328818435,12.5420820548725,4.79431362069857,4.44657844494338,58.1155786749352,58.4667885170973,-1.10175622401147,0,0,0,0
9.69,9.17,13.0749401858318,12.6689328818435,4.2395296897068,4.79431362069857,57.5296282842262,58.1155786749352,1.65838241362351,0,0,0,0
8.78,9.69,12.2732054920242,13.0749401858318,4.64355918502049,4.2395296897068,56.4593299874282,57.5296282842262,-0.694869746936615,0,0,0,0
8.53,8.78,12.3366556001949,12.2732054920242,4.66340700208915,4.64355918502049,56.4803339258753,56.4593299874282,0.241865546751328,0,0,0,1
8.27,8.53,12.3954647006769,12.3366556001949,5.24608443178163,4.66340700208915,56.3135772205175,56.4803339258753,0.47542100114168,0,0,0,-1
5.77,0,13.8285270924491,0,10.1442627918906,0,56.5443874050454,0,-0.233318385153751,0,0,0,0
5.45999999999999,5.77,13.848002957955,13.8285270924491,10.420752157109,10.1442627918906,56.998126136747,56.5443874050454,0.0463141473731241,0,0,0,0
5.3,5.45999999999999,13.6905479367715,13.848002957955,10.584082093964,10.420752157109,58.3445706166064,56.998126136747,-0.35785203631988,0,0,0,0
4.94,5.3,13.6245476190854,13.6905479367715,10.4894913748786,10.584082093964,58.7086689554571,58.3445706166064,-0.084639006412992,0,0,0,1
4.68000000000001,4.94,13.3930001300296,13.6245476190854,10.2273955012982,10.4894913748786,58.9054233449434,58.7086689554571,0.224833048530936,0,0,0,-1
4.79000000000001,4.68000000000001,13.6176165581142,13.3930001300296,10.1382334461242,10.2273955012982,56.0523780056883,58.9054233449434,-0.0873685308722294,0,0,0,0
4.44,4.79000000000001,13.6440305854536,13.6176165581142,9.77940197255797,10.1382334461242,56.544609041694,56.0523780056883,-0.544289851517746,0,0,0,0
4.01000000000001,4.44,13.8193445267663,13.6440305854536,9.71014792057198,9.77940197255797,56.86504631105,56.544609041694,0.234458260675932,0,0,0,0
3.7,4.01000000000001,13.7231946247067,13.8193445267663,9.34486549682417,9.71014792057198,61.3170496444272,56.86504631105,0.604131732419482,0,0,0,0
3.12,3.7,13.7652498245619,13.7231946247067,9.1493799121002,9.34486549682417,61.7501063249561,61.3170496444272,0.224298545394849,0,0,0,0
2.34,3.12,13.6648155215341,13.7652498245619,8.87073899457187,9.1493799121002,61.8906635646207,61.7501063249561,-0.172903457899903,0,0,0,0
1.75,2.34,13.6406301302581,13.6648155215341,8.82345115768557,8.87073899457187,65.1748278310907,61.8906635646207,-0.295709351634354,0,0,0,-1
1.42,1.75,13.7834293266075,13.6406301302581,8.74617551181014,8.82345115768557,65.2869128062808,65.1748278310907,-0.119794702308202,0,0,0,0
1.98,1.42,13.5180125656104,13.7834293266075,8.77878550606344,8.74617551181014,65.705323971848,65.2869128062808,0.292313451931442,0,0,0,1
2.55,1.98,14.3102602648798,13.5180125656104,8.35568216032768,8.77878550606344,64.9094604653365,65.705323971848,-1.92325516729135,0,0,0,0
2.78,2.55,14.269835630152,14.3102602648798,7.23635615653565,8.35568216032768,64.4099433599262,64.9094604653365,0.637065780499267,0,0,0,0
2.62,2.78,14.4150323198429,14.269835630152,7.59511634831706,7.23635615653565,64.5905260288325,64.4099433599262,0.0708645063531286,0,0,0,-1
3.08,2.62,14.3909965363697,14.4150323198429,7.17297508768673,7.59511634831706,61.3775467657383,64.5905260288325,-0.442791343315005,0,0,0,1
3.51000000000001,3.08,14.2794199812603,14.3909965363697,7.18872505361717,7.17297508768673,62.180016066865,61.3775467657383,-0.122485714305558,0,0,0,0
3.47,3.51000000000001,14.5217151405558,14.2794199812603,7.08713579291022,7.18872505361717,63.1332470333171,62.180016066865,-0.34995749061331,0,0,0,0
3.81999999999999,3.47,13.9606498609217,14.5217151405558,7.2435692755199,7.08713579291022,63.5579519701671,63.1332470333171,4.79853379400944,0,0,0,0
4.34999999999999,3.81999999999999,14.0792975079886,13.9606498609217,7.13537516223887,7.2435692755199,63.6974263972293,63.5579519701671,-3.14136377945639,0,0,0,0
4.91,4.34999999999999,14.0767019730153,14.0792975079886,7.08785764246251,7.13537516223887,63.8540741062685,63.6974263972293,-0.558636367477391,0,0,0,0
5.31,4.91,14.0966932951429,14.0767019730153,7.15874943600003,7.08785764246251,70.2388707552402,63.8540741062685,0.0136584634519359,0,0,0,0
5.86,5.31,14.0827938905284,14.0966932951429,7.04335550746015,7.15874943600003,70.7263563706199,70.2388707552402,0.354806192694786,0,0,0,0
5.64,5.86,14.1680502641389,14.0827938905284,7.05999138677534,7.04335550746015,71.4542056458042,70.7263563706199,-0.525692826875712,0,0,0,1
5.23999999999999,5.64,14.227847928272,14.1680502641389,7.27956734154033,7.05999138677534,63.5486868485168,71.4542056458042,0.853238759669049,0,0,0,-1
5.43000000000001,5.23999999999999,13.6918900011535,14.227847928272,7.07892968979496,7.27956734154033,64.2787243118965,63.5486868485168,0.223469131078785,0,0,0,0
5.73999999999999,5.43000000000001,14.1114886546645,13.6918900011535,6.67477293979979,7.07892968979496,65.0140141511543,64.2787243118965,-0.955130924869447,0,0,0,0
5.47,5.73999999999999,13.9554457661404,14.1114886546645,7.51847183800735,6.67477293979979,63.6501052845326,65.0140141511543,0.0285164784650451,0,0,0,0
5.62000000000001,5.47,13.8489331389614,13.9554457661404,7.50517429856139,7.51847183800735,64.3337519570114,63.6501052845326,0.496396877265354,0,0,0,0
6.69,5.62000000000001,13.8994131946763,13.8489331389614,7.52260872253373,7.50517429856139,64.5077097237434,64.3337519570114,-0.146076127954611,0,0,0,0
7.84,6.69,13.8593390163726,13.8994131946763,7.38938534652188,7.52260872253373,67.0706377855849,64.5077097237434,0.541858599931217,0,0,0,0
8.09999999999999,7.84,13.7180947043344,13.8593390163726,7.30481928707431,7.38938534652188,66.9908530134928,67.0706377855849,-0.624837717399792,0,0,0,0
8.06,8.09999999999999,13.6955083716511,13.7180947043344,7.84306515626616,7.30481928707431,66.8635437650123,66.9908530134928,5.29167397660498,0,0,0,-1
8.48,8.06,13.1455152636952,13.6955083716511,7.39044130853078,7.84306515626616,70.5993099145017,66.8635437650123,-3.44916572281051,0,0,0,0
8.42,8.48,13.5420692124369,13.1455152636952,8.12302281935218,7.39044130853078,70.886472416136,70.5993099145017,-2.73710325735289,0,0,0,1
15.89,8.42,14.4622118517305,13.5420692124369,7.71396597289234,8.12302281935218,69.9912045946228,70.886472416136,-1.87338904480528,0,0,0,0
17.28,15.89,14.2836239264663,14.4622118517305,7.45997589689751,7.71396597289234,68.4020905655638,69.9912045946228,2.73143325452513,0,0,0,0
16.84,17.28,14.3610076307624,14.2836239264663,6.15057861324802,7.45997589689751,67.4333966660035,68.4020905655638,-0.724260211531156,0,0,0,0
16.43,16.84,15.0210682078486,14.3610076307624,4.33645594046317,6.15057861324802,66.7390193908688,67.4333966660035,2.8657128594502,0,0,0,0
15.5,16.43,14.7809150715039,15.0210682078486,5.85931858884888,4.33645594046317,65.685352313152,66.7390193908688,-0.506434658915303,0,0,0,1
14.72,15.5,14.8241583840282,14.7809150715039,6.25179610990111,5.85931858884888,65.4941279850424,65.685352313152,-0.921732476157693,0,0,0,-1
13.76,14.72,14.8121701198023,14.8241583840282,6.15690320737175,6.25179610990111,65.9894629067232,65.4941279850424,-0.176982568817097,0,0,0,0
11.86,13.76,14.713018435232,14.8121701198023,6.48976535280419,6.15690320737175,65.5748463368198,65.9894629067232,-0.00987692322549982,0,0,0,0
11.58,11.86,14.9281844058295,14.713018435232,5.55552902695326,6.48976535280419,65.6935641430643,65.5748463368198,-2.08697942896877,0,0,0,0
12.04,11.58,14.6766004600508,14.9281844058295,6.04744019152497,5.55552902695326,65.8004918018008,65.6935641430643,1.48234527551285,0,0,0,1
11.24,12.04,14.8339185787343,14.6766004600508,8.08106975974102,6.04744019152497,65.0373573956409,65.8004918018008,-0.0858261368690396,0,0,0,-1
11.3,11.24,14.6930272627622,14.8339185787343,7.39190282513471,8.08106975974102,64.8481458829383,65.0373573956409,0.0855621893392779,0,0,0,0
3.88,11.3,14.4751184813107,14.6930272627622,8.51750812322858,7.39190282513471,65.2197905782479,64.8481458829383,-0.0694924849490306,0,0,0,0
1.95999999999999,3.88,14.3521334843525,14.4751184813107,8.74841065848154,8.51750812322858,64.8521164801723,65.2197905782479,-0.0150522367082608,0,0,0,1
1.97,1.95999999999999,13.7234065237909,14.3521334843525,8.27639602256223,8.74841065848154,64.998485133665,64.8521164801723,0.757592946502786,0,0,0,-1
2.68000000000001,1.97,13.7599414090699,13.7234065237909,7.98808899871055,8.27639602256223,65.4693953561011,64.998485133665,2.4972290169703,0,0,0,0
3.39,2.68000000000001,13.4852472909385,13.7599414090699,8.27393040350357,7.98808899871055,65.7152475418104,65.4693953561011,-1.84168907065787,0,0,0,0
4.39,3.39,13.3637590990139,13.4852472909385,8.04766269109527,8.27393040350357,66.7685686974151,65.7152475418104,0.850895361256956,0,0,0,0
5.14,4.39,13.2593047742892,13.3637590990139,7.38255212618523,8.04766269109527,67.8041623061703,66.7685686974151,-3.24247020059627,0,0,0,0
5.92,5.14,12.973084012809,13.2593047742892,8.12266476820184,7.38255212618523,67.7448971645785,67.8041623061703,2.21008655524883,0,0,0,0
6.25,5.92,13.0477369740926,12.973084012809,8.01156383814475,8.12266476820184,67.6417216269376,67.7448971645785,-2.2378425154308,0,0,0,1
6.03,6.25,13.0573529978083,13.0477369740926,8.09711956754328,8.01156383814475,66.3451510569934,67.6417216269376,1.51933748883128,0,0,0,-1
6.94,6.03,13.1495910991381,13.0573529978083,8.87413282179749,8.09711956754328,66.1117553055339,66.3451510569934,-0.0387339306838328,0,0,0,0
6.54000000000001,6.94,13.0714245215268,13.1495910991381,9.67572100650933,8.87413282179749,65.4856967018784,66.1117553055339,-1.74209617894006,0,0,0,0
6.52,6.54000000000001,12.9921877357518,13.0714245215268,8.68115482953785,9.67572100650933,65.4068915379351,65.4856967018784,1.37820301786078,0,0,0,0
7.19,6.52,12.9964396789472,12.9921877357518,8.4966239924981,8.68115482953785,64.770383815114,65.4068915379351,-0.147723243239266,0,0,0,0
7.58,7.19,12.5891774337921,12.9964396789472,8.25864880171414,8.4966239924981,64.7166645967093,64.770383815114,1.99752624521402,0,0,0,0
7.70999999999999,7.58,12.6488134828876,12.5891774337921,7.68760402560018,8.25864880171414,64.9506429211873,64.7166645967093,-3.32207411321289,0,0,0,1
8.47,7.70999999999999,11.7076338524593,12.6488134828876,10.7884470521174,7.68760402560018,63.1139664004852,64.9506429211873,2.57929124483088,0,0,0,-1
8.06,8.47,11.6648350832872,11.7076338524593,9.76922809780865,10.7884470521174,62.5772906576864,63.1139664004852,1.37150917776396,0,0,0,0
7.73999999999999,8.06,11.6741805480388,11.6648350832872,9.10189506257527,9.76922809780865,61.7375683423119,62.5772906576864,-1.69837436785221,0,0,0,0
7.64,7.73999999999999,11.4942505448055,11.6741805480388,10.8372943821508,9.10189506257527,60.2295214059417,61.7375683423119,-0.0926841374253904,0,0,0,0
8.12,7.64,11.6612849104901,11.4942505448055,9.11448336816806,10.8372943821508,56.9301947576479,60.2295214059417,0.0683155196827663,0,0,0,0
8.47,8.12,12.2882053381896,11.6612849104901,9.16597810202514,9.11448336816806,54.7179605860565,56.9301947576479,0.0971594068581645,0,0,0,1
8.16,8.47,12.3254712018217,12.2882053381896,10.5570568965843,9.16597810202514,53.8626069487009,54.7179605860565,0.167552665291165,0,0,0,-1
8.73999999999999,8.16,12.6266556235195,12.3254712018217,7.40196919723295,10.5570568965843,52.9975486207286,53.8626069487009,-0.199229542945385,0,0,0,0
9.81999999999999,8.73999999999999,12.9063979376738,12.6266556235195,8.13489085945871,7.40196919723295,52.1716551693811,52.9975486207286,0.230801283085562,0,0,0,0
10.09,9.81999999999999,12.8134620716503,12.9063979376738,7.74306594855197,8.13489085945871,51.7400797331535,52.1716551693811,-0.910546663580597,0,0,0,0
10.13,10.09,12.8773628242359,12.8134620716503,7.40720159061898,7.74306594855197,51.1131261734908,51.7400797331535,-1.10175622401147,0,0,0,0
9.93000000000001,10.13,13.3114471070936,12.8773628242359,7.56583117935021,7.40720159061898,50.1971757647066,51.1131261734908,1.65838241362351,0,0,0,0
9.26000000000001,9.93000000000001,12.4572695210793,13.3114471070936,7.81664251457321,7.56583117935021,49.1950460182064,50.1971757647066,-0.694869746936615,0,0,0,0
8.73,9.26000000000001,12.4925051516728,12.4572695210793,7.9664003716763,7.81664251457321,49.1370111965841,49.1950460182064,0.241865546751328,0,0,0,1
9.05,8.73,12.5502566831602,12.4925051516728,7.69416577302722,7.9664003716763,48.7754152019308,49.1370111965841,0.47542100114168,0,0,0,-1
3.42,0,14.2485415140962,0,10.4010037503272,0,53.0441437108184,0,-0.233318385153751,0,0,-0.233318385153751,0
3.42,3.42,14.1493131842428,14.2485415140962,10.7007036554737,10.4010037503272,53.7434893253861,53.0441437108184,0.0463141473731241,0,0,0.0463141473731241,0
3.08,3.42,14.1942629349552,14.1493131842428,10.9357174561697,10.7007036554737,53.9282382646991,53.7434893253861,-0.35785203631988,0,0,-0.35785203631988,0
3.09,3.08,14.1070509265211,14.1942629349552,10.5738183545103,10.9357174561697,54.8198229486398,53.9282382646991,-0.084639006412992,0,0,-0.084639006412992,1
2.44,3.09,13.8046542684655,14.1070509265211,10.1624492581213,10.5738183545103,55.8639438598371,54.8198229486398,0.224833048530936,0,0,0.224833048530936,-1
2.37,2.44,14.0825528183764,13.8046542684655,10.3806586236092,10.1624492581213,57.285820560797,55.8639438598371,-0.0873685308722294,0,0,-0.0873685308722294,0
1.44,2.37,14.1683783104559,14.0825528183764,9.97717575611979,10.3806586236092,58.3326799801035,57.285820560797,-0.544289851517746,0,0,-0.544289851517746,0
1.67,1.44,14.2721508209842,14.1683783104559,9.41962866888371,9.97717575611979,58.9795807017271,58.3326799801035,0.234458260675932,0,0,0.234458260675932,0
1.56,1.67,14.1954058840226,14.2721508209842,9.73428695278878,9.41962866888371,58.8384645194284,58.9795807017271,0.604131732419482,0,0,0.604131732419482,0
1.72,1.56,14.1963518300813,14.1954058840226,9.21847435415284,9.73428695278878,59.2025159040977,58.8384645194284,0.224298545394849,0,0,0.224298545394849,0
1.95,1.72,14.1134728140566,14.1963518300813,9.12902415020155,9.21847435415284,59.18921166742,59.2025159040977,-0.172903457899903,0,0,-0.172903457899903,0
1.91,1.95,13.9904907620889,14.1134728140566,9.36154255442079,9.12902415020155,60.1959888405494,59.18921166742,-0.295709351634354,0,0,-0.295709351634354,-1
1.59,1.91,14.1020207540647,13.9904907620889,9.10909287411572,9.36154255442079,60.4602800327079,60.1959888405494,-0.119794702308202,0,0,-0.119794702308202,0
1.52,1.59,13.7943751912429,14.1020207540647,8.67940780230792,9.10909287411572,61.3234495677474,60.4602800327079,0.292313451931442,0,0,0.292313451931442,1
2.59,1.52,14.7577099486023,13.7943751912429,9.1463484635398,8.67940780230792,59.4138784608167,61.3234495677474,-1.92325516729135,0,0,-1.92325516729135,0
2.5,2.59,14.7667751437781,14.7577099486023,7.78875176704923,9.1463484635398,59.1759249493106,59.4138784608167,0.637065780499267,0,0,0.637065780499267,0
3.14,2.5,14.8994790275326,14.7667751437781,7.50919401255749,7.78875176704923,59.4903179820319,59.1759249493106,0.0708645063531286,0,0,0.0708645063531286,-1
3.01000000000001,3.14,14.9838552766153,14.8994790275326,7.30585512165242,7.50919401255749,57.5649003690215,59.4903179820319,-0.442791343315005,0,0,-0.442791343315005,1
3.8,3.01000000000001,14.7909256119087,14.9838552766153,7.20847529979192,7.30585512165242,58.0912066827411,57.5649003690215,-0.122485714305558,0,0,-0.122485714305558,0
3.45,3.8,14.9799358389729,14.7909256119087,7.27640113436293,7.20847529979192,58.5175151326658,58.0912066827411,-0.34995749061331,0,0,-0.34995749061331,0
3.3,3.45,14.3104870036235,14.9799358389729,6.710185036151,7.27640113436293,59.846407262029,58.5175151326658,4.79853379400944,0,0,4.79853379400944,0
3.91,3.3,14.4694057930629,14.3104870036235,7.04820918442066,6.710185036151,60.3396364736257,59.846407262029,-3.14136377945639,0,0,-3.14136377945639,0
4.16,3.91,14.4408642174732,14.4694057930629,6.88870160954389,7.04820918442066,60.533403817599,60.3396364736257,-0.558636367477391,0,0,-0.558636367477391,0
4.22,4.16,14.5086363688537,14.4408642174732,7.45409558052876,6.88870160954389,62.3626883648744,60.533403817599,0.0136584634519359,0,0,0.0136584634519359,0
4.2,4.22,14.4844600691212,14.5086363688537,6.76788104178612,7.45409558052876,62.8691031214264,62.3626883648744,0.354806192694786,0,0,0.354806192694786,0
4.68000000000001,4.2,14.4160424632518,14.4844600691212,6.50358330281267,6.76788104178612,64.0813033445687,62.8691031214264,-0.525692826875712,0,0,-0.525692826875712,1
4.28,4.68000000000001,14.563658604116,14.4160424632518,7.29662290243944,6.50358330281267,64.9078001839724,64.0813033445687,0.853238759669049,0,0,0.853238759669049,-1
4.55,4.28,13.8464266299861,14.563658604116,8.05672501205701,7.29662290243944,66.7272862615617,64.9078001839724,0.223469131078785,0,0,0.223469131078785,0
4.54000000000001,4.55,14.25059366581,13.8464266299861,7.32572238092177,8.05672501205701,67.867545854675,66.7272862615617,-0.955130924869447,0,0,-0.955130924869447,0
5.56999999999999,4.54000000000001,14.0768439170353,14.25059366581,6.88746844003802,7.32572238092177,72.3246156893252,67.867545854675,0.0285164784650451,0,0,0.0285164784650451,0
6.70999999999999,5.56999999999999,13.9829833160669,14.0768439170353,7.20992040736257,6.88746844003802,73.7605604841234,72.3246156893252,0.496396877265354,0,0,0.496396877265354,0
6.62999999999999,6.70999999999999,14.2055078334484,13.9829833160669,7.8654448149748,7.20992040736257,74.208694532143,73.7605604841234,-0.146076127954611,0,0,-0.146076127954611,0
7.75,6.62999999999999,14.0326702751903,14.2055078334484,8.28179230378403,7.8654448149748,73.9555467406826,74.208694532143,0.541858599931217,0,0,0.541858599931217,0
7.78,7.75,13.9277679749286,14.0326702751903,8.3838696072262,8.28179230378403,74.6531631295733,73.9555467406826,-0.624837717399792,0,0,-0.624837717399792,0
8.31,7.78,13.9303686709064,13.9277679749286,8.63584570046156,8.3838696072262,75.1267938276981,74.6531631295733,5.29167397660498,0,0,5.29167397660498,-1
9.08,8.31,13.38197349293,13.9303686709064,7.56137651692054,8.63584570046156,78.1251855421632,75.1267938276981,-3.44916572281051,0,0,-3.44916572281051,0
10.03,9.08,13.6504354763577,13.38197349293,8.96851170441389,7.56137651692054,78.4171458943189,78.1251855421632,-2.73710325735289,0,0,-2.73710325735289,1
18.12,10.03,14.4987538887286,13.6504354763577,8.34404000586214,8.96851170441389,77.8707580316795,78.4171458943189,-1.87338904480528,0,0,-1.87338904480528,0
19.96,18.12,14.385444274952,14.4987538887286,8.69703926366514,8.34404000586214,75.6488890382929,77.8707580316795,2.73143325452513,0,0,2.73143325452513,0
19.42,19.96,14.4032475034755,14.385444274952,7.23820333525648,8.69703926366514,74.814192565128,75.6488890382929,-0.724260211531156,0,0,-0.724260211531156,0
18.62,19.42,15.021612493695,14.4032475034755,4.80597872688522,7.23820333525648,74.1370845981728,74.814192565128,2.8657128594502,0,0,2.8657128594502,0
17.47,18.62,14.833171069034,15.021612493695,7.78888152797412,4.80597872688522,73.9937307996975,74.1370845981728,-0.506434658915303,0,0,-0.506434658915303,1
15.97,17.47,14.8502685220548,14.833171069034,8.40137831568013,7.78888152797412,74.0146861160797,73.9937307996975,-0.921732476157693,0,0,-0.921732476157693,-1
16.38,15.97,14.8056739719884,14.8502685220548,8.02923529099668,8.40137831568013,73.8927326102764,74.0146861160797,-0.176982568817097,0,0,-0.176982568817097,0
15.49,16.38,14.6833648151849,14.8056739719884,7.9321405236048,8.02923529099668,74.2451123356536,73.8927326102764,-0.00987692322549982,0,0,-0.00987692322549982,0
14.74,15.49,14.8977690478924,14.6833648151849,7.83836014672818,7.9321405236048,74.6255075578139,74.2451123356536,-2.08697942896877,0,0,-2.08697942896877,0
13.91,14.74,14.6191496985699,14.8977690478924,8.07307545366161,7.83836014672818,74.5972615791113,74.6255075578139,1.48234527551285,0,0,1.48234527551285,1
13.55,13.91,14.7459303380418,14.6191496985699,8.04192118017852,8.07307545366161,78.0685982512938,74.5972615791113,-0.0858261368690396,0,0,-0.0858261368690396,-1
12.34,13.55,14.6038680513106,14.7459303380418,8.86443916414279,8.04192118017852,77.6708778686858,78.0685982512938,0.0855621893392779,0,0,0.0855621893392779,0
4.17,12.34,14.5188286578814,14.6038680513106,8.62238023592539,8.86443916414279,78.4259251959337,77.6708778686858,-0.0694924849490306,0,0,-0.0694924849490306,0
2.34,4.17,14.5616671895037,14.5188286578814,9.256652022486,8.62238023592539,71.4571795158561,78.4259251959337,-0.0150522367082608,0,0,-0.0150522367082608,1
2.66,2.34,13.8078616831804,14.5616671895037,9.22005485990679,9.256652022486,72.393337508905,71.4571795158561,0.757592946502786,0,0,0.757592946502786,-1
3.62,2.66,13.8307879960698,13.8078616831804,9.73103791207513,9.22005485990679,73.148469491248,72.393337508905,2.4972290169703,0,0,2.4972290169703,0
3.88,3.62,13.4911668356448,13.8307879960698,8.90497753908769,9.73103791207513,75.014518523314,73.148469491248,-1.84168907065787,0,0,-1.84168907065787,0
4.42,3.88,13.3437314018123,13.4911668356448,9.00173279694135,8.90497753908769,76.7865244868382,75.014518523314,0.850895361256956,0,0,0.850895361256956,0
5.12000000000001,4.42,13.2726188883998,13.3437314018123,8.30762952481999,9.00173279694135,77.8640583396619,76.7865244868382,-3.24247020059627,0,0,-3.24247020059627,0
5.59,5.12000000000001,13.0542112192318,13.2726188883998,9.16251626967467,8.30762952481999,77.7438828418814,77.8640583396619,2.21008655524883,0,0,2.21008655524883,0
6.95999999999999,5.59,13.0285739310558,13.0542112192318,8.70076153510673,9.16251626967467,77.9732460602533,77.7438828418814,-2.2378425154308,0,0,-2.2378425154308,1
7.45,6.95999999999999,13.1169176628883,13.0285739310558,8.45672154914443,8.70076153510673,76.8057968838002,77.9732460602533,1.51933748883128,0,0,1.51933748883128,-1
7.68000000000001,7.45,13.1851831925165,13.1169176628883,9.22180261699788,8.45672154914443,77.5149821927671,76.8057968838002,-0.0387339306838328,0,0,-0.0387339306838328,0
8.77,7.68000000000001,13.068660451519,13.1851831925165,8.92871924335429,9.22180261699788,77.4063857481168,77.5149821927671,-1.74209617894006,0,0,-1.74209617894006,0
8.66,8.77,12.9861534421899,13.068660451519,8.75477506139175,8.92871924335429,78.2907962684594,77.4063857481168,1.37820301786078,0,0,1.37820301786078,0
8.78,8.66,12.9921154024911,12.9861534421899,9.01770967701519,8.75477506139175,80.9613725034773,78.2907962684594,-0.147723243239266,0,0,-0.147723243239266,0
9.26000000000001,8.78,12.5590747337858,12.9921154024911,8.53477092179076,9.01770967701519,81.4548943296357,80.9613725034773,1.99752624521402,0,0,1.99752624521402,0
9.64,9.26000000000001,12.6772325365446,12.5590747337858,8.14582797555216,8.53477092179076,82.0254601960731,81.4548943296357,-3.32207411321289,0,0,-3.32207411321289,1
10.75,9.64,11.5879646969588,12.6772325365446,10.2290320820363,8.14582797555216,80.6924444212295,82.0254601960731,2.57929124483088,0,0,2.57929124483088,-1
11.44,10.75,11.5217428361993,11.5879646969588,8.60359455480202,10.2290320820363,80.6674285595188,80.6924444212295,1.37150917776396,0,0,1.37150917776396,0
10.98,11.44,11.5223946672284,11.5217428361993,11.0471987232007,8.60359455480202,78.7741492187784,80.6674285595188,-1.69837436785221,0,0,-1.69837436785221,0
10.89,10.98,11.342038551214,11.5223946672284,11.8532490985851,11.0471987232007,75.0382213296507,78.7741492187784,-0.0926841374253904,0,0,-0.0926841374253904,0
9.95,10.89,11.5049644670431,11.342038551214,11.390091205493,11.8532490985851,73.2122068971053,75.0382213296507,0.0683155196827663,0,0,0.0683155196827663,0
10.55,9.95,12.219812996601,11.5049644670431,10.9084825349466,11.390091205493,70.0058041621987,73.2122068971053,0.0971594068581645,0,0,0.0971594068581645,1
11.04,10.55,12.2029792055901,12.219812996601,8.72674804299791,10.9084825349466,70.8418533720329,70.0058041621987,0.167552665291165,0,0,0.167552665291165,-1
10.17,11.04,12.4930396695862,12.2029792055901,7.69486245154582,8.72674804299791,69.6583412705098,70.8418533720329,-0.199229542945385,0,0,-0.199229542945385,0
10.86,10.17,12.7419496610167,12.4930396695862,8.66156065027747,7.69486245154582,68.8508423505155,69.6583412705098,0.230801283085562,0,0,0.230801283085562,0
10.92,10.86,12.6924533301376,12.7419496610167,9.70037780953264,8.66156065027747,66.2815215347826,68.8508423505155,-0.910546663580597,0,0,-0.910546663580597,0
10.48,10.92,12.7847043151939,12.6924533301376,8.38914842451555,9.70037780953264,65.4004549382024,66.2815215347826,-1.10175622401147,0,0,-1.10175622401147,0
9.56,10.48,13.1123944027728,12.7847043151939,6.55644085762819,8.38914842451555,65.4377402464254,65.4004549382024,1.65838241362351,0,0,1.65838241362351,0
8.15000000000001,9.56,12.2736545319078,13.1123944027728,7.19768006224128,6.55644085762819,63.8656367170053,65.4377402464254,-0.694869746936615,0,0,-0.694869746936615,0
6.47,8.15000000000001,12.2954830917913,12.2736545319078,7.11996295858975,7.19768006224128,63.5742575592812,63.8656367170053,0.241865546751328,0,0,0.241865546751328,1
5.65000000000001,6.47,12.3188464984471,12.2954830917913,7.11709164314389,7.11996295858975,63.2624754267984,63.5742575592812,0.47542100114168,0,0,0.47542100114168,-1
5.26000000000001,0,13.667598725639,0,10.168717999642,0,61.3725166825646,0,-0.233318385153751,-0.233318385153751,0,0,0
5.23999999999999,5.26000000000001,13.6454871274934,13.667598725639,10.4338452918894,10.168717999642,61.8840080457704,61.3725166825646,0.0463141473731241,0.0463141473731241,0,0,0
5.14,5.23999999999999,13.6667448189553,13.6454871274934,10.6068337428889,10.4338452918894,62.5870900287523,61.8840080457704,-0.35785203631988,-0.35785203631988,0,0,0
5.3,5.14,13.6091841202972,13.6667448189553,10.5331933056055,10.6068337428889,63.2009108940772,62.5870900287523,-0.084639006412992,-0.084639006412992,0,0,1
4.94,5.3,13.4232553351719,13.6091841202972,10.3313221335442,10.5331933056055,63.2011374588974,63.2009108940772,0.224833048530936,0.224833048530936,0,0,-1
4.75,4.94,13.6464123871929,13.4232553351719,10.2632279018167,10.3313221335442,64.163003145009,63.2011374588974,-0.0873685308722294,-0.0873685308722294,0,0,0
4.47,4.75,13.7530350821295,13.6464123871929,9.96062653632833,10.2632279018167,64.7981439049188,64.163003145009,-0.544289851517746,-0.544289851517746,0,0,0
4.08,4.47,13.872229601735,13.7530350821295,9.6067884649482,9.96062653632833,65.5233059727775,64.7981439049188,0.234458260675932,0.234458260675932,0,0,0
4.09999999999999,4.08,13.7316836489174,13.872229601735,9.42358619390879,9.6067884649482,64.3218821825954,65.5233059727775,0.604131732419482,0.604131732419482,0,0,0
3.58,4.09999999999999,13.7330339929162,13.7316836489174,9.2398566414343,9.42358619390879,64.7702045471621,64.3218821825954,0.224298545394849,0.224298545394849,0,0,0
2.87,3.58,13.6487166552739,13.7330339929162,9.139695031442,9.2398566414343,64.9661949895724,64.7702045471621,-0.172903457899903,-0.172903457899903,0,0,0
2.34,2.87,13.5935826105453,13.6487166552739,9.051537727919,9.139695031442,67.2706312608112,64.9661949895724,-0.295709351634354,-0.295709351634354,0,0,-1
2.20999999999999,2.34,13.6802355612697,13.5935826105453,9.04888866130807,9.051537727919,67.4423250334557,67.2706312608112,-0.119794702308202,-0.119794702308202,0,0,0
2.81999999999999,2.20999999999999,13.3635860958127,13.6802355612697,8.89693966533464,9.04888866130807,68.3377664241345,67.4423250334557,0.292313451931442,0.292313451931442,0,0,1
3.75,2.81999999999999,14.1597122138409,13.3635860958127,8.33903963260288,8.89693966533464,66.0411979935502,68.3377664241345,-1.92325516729135,-1.92325516729135,0,0,0
3.51000000000001,3.75,14.1665898166203,14.1597122138409,7.54667397564116,8.33903963260288,66.1845413734996,66.0411979935502,0.637065780499267,0.637065780499267,0,0,0
3.43000000000001,3.51000000000001,14.3215837442751,14.1665898166203,7.88153832174563,7.54667397564116,66.6846130096433,66.1845413734996,0.0708645063531286,0.0708645063531286,0,0,-1
3.37,3.43000000000001,14.2781655980604,14.3215837442751,7.57776723910289,7.88153832174563,65.7577321654609,66.6846130096433,-0.442791343315005,-0.442791343315005,0,0,1
3.76000000000001,3.37,14.1972302047201,14.2781655980604,7.36834086541696,7.57776723910289,66.7754346924068,65.7577321654609,-0.122485714305558,-0.122485714305558,0,0,0
3.95999999999999,3.76000000000001,14.3319065670955,14.1972302047201,7.40922677940848,7.36834086541696,67.7454260522321,66.7754346924068,-0.34995749061331,-0.34995749061331,0,0,0
3.93000000000001,3.95999999999999,13.801755505826,14.3319065670955,7.33465769285767,7.40922677940848,69.135090509576,67.7454260522321,4.79853379400944,4.79853379400944,0,0,0
4.59,3.93000000000001,13.9915334516163,13.801755505826,7.40773838782201,7.33465769285767,69.2032748704774,69.135090509576,-3.14136377945639,-3.14136377945639,0,0,0
5.02,4.59,14.0090256539201,13.9915334516163,7.33250596980068,7.40773838782201,68.8482183644339,69.2032748704774,-0.558636367477391,-0.558636367477391,0,0,0
5.23,5.02,14.0235245765149,14.0090256539201,7.23929751678907,7.33250596980068,68.7936626353507,68.8482183644339,0.0136584634519359,0.0136584634519359,0,0,0
5.37000000000001,5.23,14.0166634644318,14.0235245765149,7.27651858927728,7.23929751678907,69.5642530631505,68.7936626353507,0.354806192694786,0.354806192694786,0,0,0
5.19,5.37000000000001,14.0787797568485,14.0166634644318,7.14582380293211,7.27651858927728,70.6119087406105,69.5642530631505,-0.525692826875712,-0.525692826875712,0,0,1
5.12000000000001,5.19,14.1863260728729,14.0787797568485,7.36515777081345,7.14582380293211,72.9081685527745,70.6119087406105,0.853238759669049,0.853238759669049,0,0,-1
5.98999999999999,5.12000000000001,13.6429563795597,14.1863260728729,7.50668212194191,7.36515777081345,73.9623683312391,72.9081685527745,0.223469131078785,0.223469131078785,0,0,0
6.69,5.98999999999999,14.0379653519314,13.6429563795597,7.19418937690115,7.50668212194191,75.3481164534825,73.9623683312391,-0.955130924869447,-0.955130924869447,0,0,0
6.86,6.69,13.8837986955519,14.0379653519314,7.48012332013548,7.19418937690115,76.6873528198719,75.3481164534825,0.0285164784650451,0.0285164784650451,0,0,0
6.94,6.86,13.8155912389561,13.8837986955519,7.89994093943163,7.48012332013548,77.8191370644561,76.6873528198719,0.496396877265354,0.496396877265354,0,0,0
7.62000000000001,6.94,13.8640031741845,13.8155912389561,7.85357789386993,7.89994093943163,78.5938515850536,77.8191370644561,-0.146076127954611,-0.146076127954611,0,0,0
7.89,7.62000000000001,13.8873947536493,13.8640031741845,7.96908846439973,7.85357789386993,78.9634784885197,78.5938515850536,0.541858599931217,0.541858599931217,0,0,0
8.48,7.89,13.724420356247,13.8873947536493,7.93046529353414,7.96908846439973,79.1439741354965,78.9634784885197,-0.624837717399792,-0.624837717399792,0,0,0
8.70999999999999,8.48,13.718842892722,13.724420356247,8.16918705252408,7.93046529353414,79.7213392079377,79.1439741354965,5.29167397660498,5.29167397660498,0,0,-1
9.37,8.70999999999999,13.1649105124635,13.718842892722,8.46968482054694,8.16918705252408,79.0091503034972,79.7213392079377,-3.44916572281051,-3.44916572281051,0,0,0
10.04,9.37,13.5440404857452,13.1649105124635,8.69771110972399,8.46968482054694,79.5600707697907,79.0091503034972,-2.73710325735289,-2.73710325735289,0,0,1
19.51,10.04,14.3764141891059,13.5440404857452,8.33500965040717,8.69771110972399,78.8308571735549,79.5600707697907,-1.87338904480528,-1.87338904480528,0,0,0
20.09,19.51,14.2664835430933,14.3764141891059,7.72936689582542,8.33500965040717,78.338198661145,78.8308571735549,2.73143325452513,2.73143325452513,0,0,0
18.76,20.09,14.3894535450607,14.2664835430933,7.47796145233876,7.72936689582542,77.1394522737337,78.338198661145,-0.724260211531156,-0.724260211531156,0,0,0
16.67,18.76,15.0245502530636,14.3894535450607,7.84335140847882,7.47796145233876,76.7239892478617,77.1394522737337,2.8657128594502,2.8657128594502,0,0,0
15.56,16.67,14.7849899217802,15.0245502530636,7.79574628759821,7.84335140847882,74.9791063693121,76.7239892478617,-0.506434658915303,-0.506434658915303,0,0,1
14.55,15.56,14.8127121745222,14.7849899217802,7.49414184351885,7.79574628759821,74.6585147542856,74.9791063693121,-0.921732476157693,-0.921732476157693,0,0,-1
13.92,14.55,14.7878576625841,14.8127121745222,7.39703886567675,7.49414184351885,74.9551256135799,74.6585147542856,-0.176982568817097,-0.176982568817097,0,0,0
13.1,13.92,14.7184087161968,14.7878576625841,7.73148057987314,7.39703886567675,75.0854755650651,74.9551256135799,-0.00987692322549982,-0.00987692322549982,0,0,0
11.72,13.1,14.9153370119853,14.7184087161968,7.74043948417052,7.73148057987314,75.2187049340166,75.0854755650651,-2.08697942896877,-2.08697942896877,0,0,0
11.26,11.72,14.6474551369667,14.9153370119853,7.23618075489033,7.74043948417052,75.3780487860103,75.2187049340166,1.48234527551285,1.48234527551285,0,0,1
10.81,11.26,14.8077088579063,14.6474551369667,8.4650688183884,7.23618075489033,75.0396782383438,75.3780487860103,-0.0858261368690396,-0.0858261368690396,0,0,-1
9.66,10.81,14.6432394808891,14.8077088579063,8.6314430329287,8.4650688183884,74.9149048035355,75.0396782383438,0.0855621893392779,0.0855621893392779,0,0,0
0.739999999999995,9.66,14.4464988195272,14.6432394808891,8.41153096668401,8.6314430329287,75.5470825731608,74.9149048035355,-0.0694924849490306,-0.0694924849490306,0,0,0
-0.620000000000005,0.739999999999995,14.3257048007331,14.4464988195272,8.70637400784688,8.41153096668401,76.5866827664302,75.5470825731608,-0.0150522367082608,-0.0150522367082608,0,0,1
-0.0600000000000023,-0.620000000000005,13.6901294338134,14.3257048007331,8.54677085663944,8.70637400784688,77.2376716897113,76.5866827664302,0.757592946502786,0.757592946502786,0,0,-1
1.59,-0.0600000000000023,13.6988885686395,13.6901294338134,8.53083675007461,8.54677085663944,78.0740958561799,77.2376716897113,2.4972290169703,2.4972290169703,0,0,0
2.77,1.59,13.4037493146771,13.6988885686395,8.37284610027993,8.53083675007461,79.867893088137,78.0740958561799,-1.84168907065787,-1.84168907065787,0,0,0
3.70999999999999,2.77,13.3110856503926,13.4037493146771,8.15508968380966,8.37284610027993,82.057957894499,79.867893088137,0.850895361256956,0.850895361256956,0,0,0
4.52,3.70999999999999,13.2346342526398,13.3110856503926,8.05894660065538,8.15508968380966,84.0339002483244,82.057957894499,-3.24247020059627,-3.24247020059627,0,0,0
5.77,4.52,13.0582150384115,13.2346342526398,8.39777852466376,8.05894660065538,83.7896342448293,84.0339002483244,2.21008655524883,2.21008655524883,0,0,0
6.94,5.77,13.0986239837677,13.0582150384115,8.12732087793198,8.39777852466376,84.3910288972789,83.7896342448293,-2.2378425154308,-2.2378425154308,0,0,1
6.87000000000001,6.94,13.116941893355,13.0986239837677,8.03966660311458,8.12732087793198,83.6943516567965,84.3910288972789,1.51933748883128,1.51933748883128,0,0,-1
7.05,6.87000000000001,13.1726478179246,13.116941893355,8.31655505095703,8.03966660311458,86.7411040744469,83.6943516567965,-0.0387339306838328,-0.0387339306838328,0,0,0
7.62000000000001,7.05,13.0621374633507,13.1726478179246,9.19655176373553,8.31655505095703,86.3000735649471,86.7411040744469,-1.74209617894006,-1.74209617894006,0,0,0
7.28,7.62000000000001,12.979988792901,13.0621374633507,8.60995485478617,9.19655176373553,86.0858033720227,86.3000735649471,1.37820301786078,1.37820301786078,0,0,0
7.69,7.28,12.9798090563607,12.979988792901,8.43296784932266,8.60995485478617,82.3474989403927,86.0858033720227,-0.147723243239266,-0.147723243239266,0,0,0
7.92,7.69,12.5498028207118,12.9798090563607,8.12074874154627,8.43296784932266,82.5723945240713,82.3474989403927,1.99752624521402,1.99752624521402,0,0,0
8.01000000000001,7.92,12.636428609828,12.5498028207118,7.59522344181826,8.12074874154627,84.1313372338581,82.5723945240713,-3.32207411321289,-3.32207411321289,0,0,1
8.76000000000001,8.01000000000001,11.6952485764926,12.636428609828,10.1665160261423,7.59522344181826,85.2248794344191,84.1313372338581,2.57929124483088,2.57929124483088,0,0,-1
8.83,8.76000000000001,11.6587642729938,11.6952485764926,9.43534028385096,10.1665160261423,85.1317653220791,85.2248794344191,1.37150917776396,1.37150917776396,0,0,0
7.98,8.83,11.6683874440284,11.6587642729938,8.99886900864871,9.43534028385096,84.2169162421749,85.1317653220791,-1.69837436785221,-1.69837436785221,0,0,0
7.73,7.98,11.4930703490646,11.6683874440284,9.54686102397759,8.99886900864871,82.9764517444912,84.2169162421749,-0.0926841374253904,-0.0926841374253904,0,0,0
8.22,7.73,11.6344934189424,11.4930703490646,9.38437727000104,9.54686102397759,80.1381014559493,82.9764517444912,0.0683155196827663,0.0683155196827663,0,0,0
8.87,8.22,12.279084959216,11.6344934189424,8.34563030921543,9.38437727000104,77.5390288169831,80.1381014559493,0.0971594068581645,0.0971594068581645,0,0,1
9.23999999999999,8.87,12.2654710934085,12.279084959216,9.49481903915413,8.34563030921543,78.8872974861604,77.5390288169831,0.167552665291165,0.167552665291165,0,0,-1
9.47,9.23999999999999,12.5755224744341,12.2654710934085,8.20217974123175,9.49481903915413,77.7489265000684,78.8872974861604,-0.199229542945385,-0.199229542945385,0,0,0
9.91,9.47,12.8589237624678,12.5755224744341,8.21209279826023,8.20217974123175,77.2037855233731,77.7489265000684,0.230801283085562,0.230801283085562,0,0,0
9.55,9.91,12.8150899337407,12.8589237624678,8.04803540632599,8.21209279826023,74.2267536552051,77.2037855233731,-0.910546663580597,-0.910546663580597,0,0,0
9.59999999999999,9.55,12.8945091513017,12.8150899337407,7.681557325488,8.04803540632599,73.7507012818679,74.2267536552051,-1.10175622401147,-1.10175622401147,0,0,0
9.22,9.59999999999999,13.320961716561,12.8945091513017,7.85449712380137,7.681557325488,73.0018518691292,73.7507012818679,1.65838241362351,1.65838241362351,0,0,0
8.58,9.22,12.5052060853708,13.320961716561,7.70936966820825,7.85449712380137,72.1231518865486,73.0018518691292,-0.694869746936615,-0.694869746936615,0,0,0
8.03,8.58,12.5397047500799,12.5052060853708,8.04751989231564,7.70936966820825,72.5051425446452,72.1231518865486,0.241865546751328,0.241865546751328,0,0,1
8.23,8.03,12.5389605938639,12.5397047500799,8.37838512396804,8.04751989231564,72.5364163215124,72.5051425446452,0.47542100114168,0.47542100114168,0,0,-1
6.48,0,13.4897237501569,0,10.0407955511154,0,47.4330137157616,0,-0.233318385153751,0,0,0,0
6.17,6.48,13.460812838263,13.4897237501569,10.4546659269538,10.0407955511154,48.3119275529381,47.4330137157616,0.0463141473731241,0,0,0,0
6.37000000000001,6.17,13.4390775023308,13.460812838263,10.5268040001648,10.4546659269538,49.6554690854192,48.3119275529381,-0.35785203631988,0,0,0,0
6.51000000000001,6.37000000000001,13.3811215983108,13.4390775023308,10.6131235606338,10.5268040001648,50.9502171514923,49.6554690854192,-0.084639006412992,0,0,0,1
6.12000000000001,6.51000000000001,13.1729818898849,13.3811215983108,10.1519481938143,10.6131235606338,51.8808446491208,50.9502171514923,0.224833048530936,0,0,0,-1
6.05,6.12000000000001,13.3927095084831,13.1729818898849,10.1582782186005,10.1519481938143,50.8760069028996,51.8808446491208,-0.0873685308722294,0,0,0,0
6.23,6.05,13.4792767309534,13.3927095084831,9.84047822636963,10.1582782186005,52.1513312064312,50.8760069028996,-0.544289851517746,0,0,0,0
5.58,6.23,13.6793280724005,13.4792767309534,9.73182105238968,9.84047822636963,53.0650286947842,52.1513312064312,0.234458260675932,0,0,0,0
4.87999999999999,5.58,13.5922516900443,13.6793280724005,9.44502724217599,9.73182105238968,54.689123100525,53.0650286947842,0.604131732419482,0,0,0,0
4.81,4.87999999999999,13.5698630405119,13.5922516900443,9.29619020315951,9.44502724217599,55.2900667430721,54.689123100525,0.224298545394849,0,0,0,0
4.12999999999999,4.81,13.475114742991,13.5698630405119,9.04519807469964,9.29619020315951,55.503871459457,55.2900667430721,-0.172903457899903,0,0,0,0
3.98999999999999,4.12999999999999,13.4665197853814,13.475114742991,6.70106518176167,9.04519807469964,57.1709237205536,55.503871459457,-0.295709351634354,0,0,0,-1
3.59,3.98999999999999,13.5344628130584,13.4665197853814,6.01261265080904,6.70106518176167,57.6669998666896,57.1709237205536,-0.119794702308202,0,0,0,0
3.65000000000001,3.59,13.2908682666206,13.5344628130584,7.20766745079153,6.01261265080904,58.3573603276234,57.6669998666896,0.292313451931442,0,0,0,1
4.04000000000001,3.65000000000001,14.0834786117178,13.2908682666206,7.20091058354688,7.20766745079153,57.6366604879806,58.3573603276234,-1.92325516729135,0,0,0,0
4,4.04000000000001,14.0478217274466,14.0834786117178,6.87072908126933,7.20091058354688,57.232525701788,57.6366604879806,0.637065780499267,0,0,0,0
4.41,4,14.1900085308805,14.0478217274466,6.61304166506311,6.87072908126933,57.4532818445051,57.232525701788,0.0708645063531286,0,0,0,-1
4.98999999999999,4.41,14.1388332074873,14.1900085308805,6.93868910807277,6.61304166506311,57.3919370914489,57.4532818445051,-0.442791343315005,0,0,0,1
4.94,4.98999999999999,14.0072921287195,14.1388332074873,6.83932977323239,6.93868910807277,58.5388593582548,57.3919370914489,-0.122485714305558,0,0,0,0
5.08,4.94,14.2434263443905,14.0072921287195,6.82525657810723,6.83932977323239,59.5098292859303,58.5388593582548,-0.34995749061331,0,0,0,0
5.22,5.08,13.6460221707818,14.2434263443905,6.95651015974983,6.82525657810723,60.0163202822117,59.5098292859303,4.79853379400944,0,0,0,0
5.34,5.22,13.7937136268191,13.6460221707818,7.14639891933054,6.95651015974983,60.5543265540547,60.0163202822117,-3.14136377945639,0,0,0,0
5.98,5.34,13.8530217338076,13.7937136268191,6.88832018954745,7.14639891933054,60.6163243701862,60.5543265540547,-0.558636367477391,0,0,0,0
5.65000000000001,5.98,13.8464777553614,13.8530217338076,6.17182511871461,6.88832018954745,61.4165436256812,60.6163243701862,0.0136584634519359,0,0,0,0
5.89,5.65000000000001,13.8132463007021,13.8464777553614,6.82357914741723,6.17182511871461,62.0565511207042,61.4165436256812,0.354806192694786,0,0,0,0
6.02,5.89,13.9305630159695,13.8132463007021,6.59354238466782,6.82357914741723,63.2545708539503,62.0565511207042,-0.525692826875712,0,0,0,1
6.17,6.02,14.0729776878756,13.9305630159695,6.46866371846199,6.59354238466782,63.6695543274223,63.2545708539503,0.853238759669049,0,0,0,-1
6.62000000000001,6.17,13.4374770030717,14.0729776878756,6.57568127714045,6.46866371846199,65.2962789060359,63.6695543274223,0.223469131078785,0,0,0,0
7.03,6.62000000000001,13.8864144914485,13.4374770030717,6.40560961779668,6.57568127714045,66.7287917386496,65.2962789060359,-0.955130924869447,0,0,0,0
6.75,7.03,13.6907665572224,13.8864144914485,7.04362944606365,6.40560961779668,67.5653570055425,66.7287917386496,0.0285164784650451,0,0,0,0
7.25,6.75,13.6201331538045,13.6907665572224,7.22041788377893,7.04362944606365,68.7456032276129,67.5653570055425,0.496396877265354,0,0,0,0
7.89,7.25,13.7629198523802,13.6201331538045,7.0305906066789,7.22041788377893,69.4452926958157,68.7456032276129,-0.146076127954611,0,0,0,0
8.72,7.89,13.6561173029579,13.7629198523802,6.8623649006702,7.0305906066789,70.4153501840397,69.4452926958157,0.541858599931217,0,0,0,0
9.36,8.72,13.5190854481696,13.6561173029579,7.03318997558165,6.8623649006702,70.5289205163188,70.4153501840397,-0.624837717399792,0,0,0,0
9.42,9.36,13.4950332940841,13.5190854481696,6.86433673564167,7.03318997558165,70.5677723757268,70.5289205163188,5.29167397660498,0,0,0,-1
10.42,9.42,12.9441305016553,13.4950332940841,6.88644587010721,6.86433673564167,74.0811381106895,70.5677723757268,-3.44916572281051,0,0,0,0
11.21,10.42,13.3323649942331,12.9441305016553,7.14564813397006,6.88644587010721,74.6369801245123,74.0811381106895,-2.73710325735289,0,0,0,1
20.37,11.21,14.1652288758836,13.3323649942331,6.48674936042514,7.14564813397006,73.8744494883727,74.6369801245123,-1.87338904480528,0,0,0,0
19.97,20.37,14.0067108674294,14.1652288758836,4.47670121843668,6.48674936042514,71.4106219367738,73.8744494883727,2.73143325452513,0,0,0,0
18.8,19.97,14.064266464644,14.0067108674294,4.6707668873385,4.47670121843668,70.0402961185535,71.4106219367738,-0.724260211531156,0,0,0,0
17.14,18.8,14.6692319037244,14.064266464644,4.66319119573479,4.6707668873385,69.2642529445441,70.0402961185535,2.8657128594502,0,0,0,0
16.55,17.14,14.3980359631387,14.6692319037244,6.02660741191167,4.66319119573479,67.4851268709987,69.2642529445441,-0.506434658915303,0,0,0,1
15,16.55,14.4242529793058,14.3980359631387,5.77831877317401,6.02660741191167,67.4998896407421,67.4851268709987,-0.921732476157693,0,0,0,-1
14.9,15,14.3793421092007,14.4242529793058,5.77981696973228,5.77831877317401,67.7942767159527,67.4998896407421,-0.176982568817097,0,0,0,0
14.01,14.9,14.2403697050389,14.3793421092007,6.21376368918453,5.77981696973228,68.5403006400926,67.7942767159527,-0.00987692322549982,0,0,0,0
12.57,14.01,14.4815351708809,14.2403697050389,6.55656352510822,6.21376368918453,68.6836276916963,68.5403006400926,-2.08697942896877,0,0,0,0
12.59,12.57,14.2499714257884,14.4815351708809,6.04019983555993,6.55656352510822,67.5947235380821,68.6836276916963,1.48234527551285,0,0,0,1
11.95,12.59,14.3806772512501,14.2499714257884,7.39313134515974,6.04019983555993,69.4337465988525,67.5947235380821,-0.0858261368690396,0,0,0,-1
10.8,11.95,14.2215858816759,14.3806772512501,6.9539704345475,7.39313134515974,69.1960997964607,69.4337465988525,0.0855621893392779,0,0,0,0
2.22,10.8,14.0450324899044,14.2215858816759,6.94989789875989,6.9539704345475,69.705430102697,69.1960997964607,-0.0694924849490306,0,0,0,0
2.29000000000001,2.22,13.9363203636458,14.0450324899044,6.89554498891391,6.94989789875989,68.1418190504195,69.705430102697,-0.0150522367082608,0,0,0,1
2.2,2.29000000000001,13.251317703236,13.9363203636458,6.84156726052488,6.89554498891391,68.7612060078828,68.1418190504195,0.757592946502786,0,0,0,-1
2.84,2.2,13.2620834802128,13.251317703236,6.55225535294639,6.84156726052488,69.673445154703,68.7612060078828,2.4972290169703,0,0,0,0
4.41,2.84,12.969037207204,13.2620834802128,6.89023945575285,6.55225535294639,67.5958051946921,69.673445154703,-1.84168907065787,0,0,0,0
5.66,4.41,12.8323246038561,12.969037207204,6.93581951632707,6.89023945575285,69.383189536858,67.5958051946921,0.850895361256956,0,0,0,0
7,5.66,12.7764697626846,12.8323246038561,7.19749113745868,6.93581951632707,70.6226418182172,69.383189536858,-3.24247020059627,0,0,0,0
8.08,7,12.5830386729209,12.7764697626846,7.02254703216498,7.19749113745868,71.6297611205149,70.6226418182172,2.21008655524883,0,0,0,0
9.51000000000001,8.08,12.643715797184,12.5830386729209,6.30455322685579,7.02254703216498,72.1895923291058,71.6297611205149,-2.2378425154308,0,0,0,1
8.89,9.51000000000001,12.7195429544729,12.643715797184,6.36407190469426,6.30455322685579,71.4446731930339,72.1895923291058,1.51933748883128,0,0,0,-1
9.34999999999999,8.89,12.8195157210663,12.7195429544729,6.341316149044,6.36407190469426,76.1453675484362,71.4446731930339,-0.0387339306838328,0,0,0,0
9.72,9.34999999999999,12.7218045848103,12.8195157210663,7.36008130575559,6.341316149044,75.9376496105616,76.1453675484362,-1.74209617894006,0,0,0,0
9.62,9.72,12.6378710262604,12.7218045848103,6.68439671383325,7.36008130575559,76.278559654691,75.9376496105616,1.37820301786078,0,0,0,0
9.41,9.62,12.6377799797599,12.6378710262604,6.30433320051273,6.68439671383325,72.0125357035477,76.278559654691,-0.147723243239266,0,0,0,0
10.86,9.41,12.2740791358339,12.6377799797599,6.43034163844295,6.30433320051273,72.4104140449044,72.0125357035477,1.99752624521402,0,0,0,0
10.89,10.86,12.3901043069384,12.2740791358339,5.99684040813793,6.43034163844295,73.3955995768757,72.4104140449044,-3.32207411321289,0,0,0,1
10.83,10.89,11.3656946632923,12.3901043069384,6.01884699546721,5.99684040813793,75.0538980002276,73.3955995768757,2.57929124483088,0,0,0,-1
10.39,10.83,11.3119871902548,11.3656946632923,5.4339489310509,6.01884699546721,75.6047673850524,75.0538980002276,1.37150917776396,0,0,0,0
9.17,10.39,11.2934757409747,11.3119871902548,5.93300316780252,5.4339489310509,75.546569779257,75.6047673850524,-1.69837436785221,0,0,0,0
9.09999999999999,9.17,11.1362065941441,11.2934757409747,6.27393827873217,5.93300316780252,73.3642842466542,75.546569779257,-0.0926841374253904,0,0,0,0
9.16,9.09999999999999,11.3158711957493,11.1362065941441,5.23354777905866,6.27393827873217,70.4124614762662,73.3642842466542,0.0683155196827663,0,0,0,0
10.53,9.16,12.029135833195,11.3158711957493,4.25745829336436,5.23354777905866,68.7269417101652,70.4124614762662,0.0971594068581645,0,0,0,1
10.24,10.53,12.0456715897897,12.029135833195,5.0507865588313,4.25745829336436,67.2622780727888,68.7269417101652,0.167552665291165,0,0,0,-1
10.41,10.24,12.3430658921102,12.0456715897897,4.48496922631045,5.0507865588313,66.8396080922215,67.2622780727888,-0.199229542945385,0,0,0,0
11.05,10.41,12.623004080596,12.3430658921102,4.40521487904663,4.48496922631045,66.6359058870459,66.8396080922215,0.230801283085562,0,0,0,0
11.35,11.05,12.5812982322816,12.623004080596,4.2671587520622,4.40521487904663,64.1282613294813,66.6359058870459,-0.910546663580597,0,0,0,0
10.85,11.35,12.7009035788224,12.5812982322816,4.1945247203901,4.2671587520622,64.0887047129294,64.1282613294813,-1.10175622401147,0,0,0,0
10.87,10.85,13.0813312757416,12.7009035788224,4.12272568333412,4.1945247203901,63.7809531883245,64.0887047129294,1.65838241362351,0,0,0,0
10.73,10.87,12.2245047837175,13.0813312757416,4.02310972949423,4.12272568333412,63.3721264355774,63.7809531883245,-0.694869746936615,0,0,0,0
10.49,10.73,12.2610997164532,12.2245047837175,4.3759005387725,4.02310972949423,63.7376535589539,63.3721264355774,0.241865546751328,0,0,0,1
10.42,10.49,12.3196699792975,12.2610997164532,5.14917111219831,4.3759005387725,63.6577704374739,63.7376535589539,0.47542100114168,0,0,0,-1
4.70999999999999,0,14.1127180770367,0,10.1328079736859,0,79.9820549727164,0,-0.233318385153751,0,0,-0.233318385153751,0
4.59999999999999,4.70999999999999,14.0279291869057,14.1127180770367,10.5122193545688,10.1328079736859,80.9162245942856,79.9820549727164,0.0463141473731241,0,0,0.0463141473731241,0
4.69,4.59999999999999,13.9725511103072,14.0279291869057,10.7393874807088,10.5122193545688,81.1737458950468,80.9162245942856,-0.35785203631988,0,0,-0.35785203631988,0
5.97,4.69,13.9007749594258,13.9725511103072,10.4498563620822,10.7393874807088,82.1758458457861,81.1737458950468,-0.084639006412992,0,0,-0.084639006412992,1
5.48,5.97,13.697396003004,13.9007749594258,10.3624849044286,10.4498563620822,83.1694114755321,82.1758458457861,0.224833048530936,0,0,0.224833048530936,-1
4.87000000000001,5.48,13.966878536047,13.697396003004,10.4605470072582,10.3624849044286,83.671828094342,83.1694114755321,-0.0873685308722294,0,0,-0.0873685308722294,0
5.19,4.87000000000001,14.0741127918027,13.966878536047,10.0483992364738,10.4605470072582,84.7892561799475,83.671828094342,-0.544289851517746,0,0,-0.544289851517746,0
4.69,5.19,14.2306534020195,14.0741127918027,9.88316653796573,10.0483992364738,86.0955679540222,84.7892561799475,0.234458260675932,0,0,0.234458260675932,0
4.48999999999999,4.69,14.0771902417743,14.2306534020195,9.43789799454683,9.88316653796573,89.9246308426916,86.0955679540222,0.604131732419482,0,0,0.604131732419482,0
4.09,4.48999999999999,14.1234404445539,14.0771902417743,9.2826009745097,9.43789799454683,90.7578674428,89.9246308426916,0.224298545394849,0,0,0.224298545394849,0
3.29000000000001,4.09,14.0269392388752,14.1234404445539,9.12336253584228,9.2826009745097,90.2806788430231,90.7578674428,-0.172903457899903,0,0,-0.172903457899903,0
2.70999999999999,3.29000000000001,13.9268009342259,14.0269392388752,8.97862203217631,9.12336253584228,86.5095150496594,90.2806788430231,-0.295709351634354,0,0,-0.295709351634354,-1
2.23999999999999,2.70999999999999,14.0795201022161,13.9268009342259,8.98229291023147,8.97862203217631,86.6629453480838,86.5095150496594,-0.119794702308202,0,0,-0.119794702308202,0
2.63,2.23999999999999,13.7494932208189,14.0795201022161,8.82137931373602,8.98229291023147,87.1642445191302,86.6629453480838,0.292313451931442,0,0,0.292313451931442,1
3.84,2.63,14.7057240466118,13.7494932208189,8.65196393932038,8.82137931373602,85.9532203243718,87.1642445191302,-1.92325516729135,0,0,-1.92325516729135,0
3.41,3.84,14.7108571359897,14.7057240466118,7.4596374358017,8.65196393932038,84.2974591404608,85.9532203243718,0.637065780499267,0,0,0.637065780499267,0
3.84,3.41,14.8973306562361,14.7108571359897,7.36540098755044,7.4596374358017,84.0010044319023,84.2974591404608,0.0708645063531286,0,0,0.0708645063531286,-1
4.34,3.84,14.8685991734808,14.8973306562361,6.89358588800178,7.36540098755044,83.7801644847628,84.0010044319023,-0.442791343315005,0,0,-0.442791343315005,1
4.06999999999999,4.34,14.7155633080095,14.8685991734808,7.05077002815709,6.89358588800178,84.8105055081293,83.7801644847628,-0.122485714305558,0,0,-0.122485714305558,0
4.17,4.06999999999999,14.973431923679,14.7155633080095,7.24627070085626,7.05077002815709,85.6905830205666,84.8105055081293,-0.34995749061331,0,0,-0.34995749061331,0
5.06999999999999,4.17,14.3291428279024,14.973431923679,7.27074686968131,7.24627070085626,86.3324003530992,85.6905830205666,4.79853379400944,0,0,4.79853379400944,0
5.81,5.06999999999999,14.525064027729,14.3291428279024,7.47727503518605,7.27074686968131,86.8968924454729,86.3324003530992,-3.14136377945639,0,0,-3.14136377945639,0
6.34,5.81,14.5004347132454,14.525064027729,7.56415685693653,7.47727503518605,87.3523416849738,86.8968924454729,-0.558636367477391,0,0,-0.558636367477391,0
6.65000000000001,6.34,14.5430970720813,14.5004347132454,7.00691734866331,7.56415685693653,88.2580507563374,87.3523416849738,0.0136584634519359,0,0,0.0136584634519359,0
7.73,6.65000000000001,14.5235742084361,14.5430970720813,7.10044205808067,7.00691734866331,88.3171918544258,88.2580507563374,0.354806192694786,0,0,0.354806192694786,0
7.92,7.73,14.5733375826073,14.5235742084361,7.00193495143564,7.10044205808067,88.9564198446258,88.3171918544258,-0.525692826875712,0,0,-0.525692826875712,1
7.43000000000001,7.92,14.7703527761632,14.5733375826073,6.91159124010008,7.00193495143564,90.1721672034049,88.9564198446258,0.853238759669049,0,0,0.853238759669049,-1
8.12,7.43000000000001,14.0501758183681,14.7703527761632,7.00444666534113,6.91159124010008,92.0417150524306,90.1721672034049,0.223469131078785,0,0,0.223469131078785,0
8.14,8.12,14.4430860865061,14.0501758183681,6.64126188635704,7.00444666534113,94.3611592615833,92.0417150524306,-0.955130924869447,0,0,-0.955130924869447,0
8.39,8.14,14.3054232306143,14.4430860865061,7.58312112720935,6.64126188635704,96.9400396095686,94.3611592615833,0.0285164784650451,0,0,0.0285164784650451,0
9.09,8.39,14.1539707501429,14.3054232306143,8.01494468077089,7.58312112720935,99.1950455020132,96.9400396095686,0.496396877265354,0,0,0.496396877265354,0
10.76,9.09,14.2760025276431,14.1539707501429,7.54935098102208,8.01494468077089,100.929261575809,99.1950455020132,-0.146076127954611,0,0,-0.146076127954611,0
11.41,10.76,14.1626869380492,14.2760025276431,7.88053516902774,7.54935098102208,101.623869170898,100.929261575809,0.541858599931217,0,0,0.541858599931217,0
11.72,11.41,14.0687285308775,14.1626869380492,7.79820372862321,7.88053516902774,102.617736550812,101.623869170898,-0.624837717399792,0,0,-0.624837717399792,0
11.5,11.72,14.0679724541187,14.0687285308775,7.71722499190031,7.79820372862321,103.531919236363,102.617736550812,5.29167397660498,0,0,5.29167397660498,-1
12.25,11.5,13.5183193131071,14.0679724541187,8.53325486042333,7.71722499190031,106.880796353854,103.531919236363,-3.44916572281051,0,0,-3.44916572281051,0
11.81,12.25,13.788287158777,13.5183193131071,8.05938161354113,8.53325486042333,108.647803419564,106.880796353854,-2.73710325735289,0,0,-2.73710325735289,1
19.48,11.81,14.7724807898951,13.788287158777,8.64353741133027,8.05938161354113,108.681801638919,108.647803419564,-1.87338904480528,0,0,-1.87338904480528,0
19.24,19.48,14.7421718218604,14.7724807898951,7.8715919071254,8.64353741133027,105.598050634975,108.681801638919,2.73143325452513,0,0,2.73143325452513,0
17.62,19.24,14.8475156848412,14.7421718218604,4.39224182390222,7.8715919071254,104.234717261756,105.598050634975,-0.724260211531156,0,0,-0.724260211531156,0
15.98,17.62,15.5481720537061,14.8475156848412,6.12662930202084,4.39224182390222,103.068248333778,104.234717261756,2.8657128594502,0,0,2.8657128594502,0
15.59,15.98,15.2556160145287,15.5481720537061,6.37211326525163,6.12662930202084,100.855823073431,103.068248333778,-0.506434658915303,0,0,-0.506434658915303,1
13.78,15.59,15.2419003546266,15.2556160145287,6.35901031760561,6.37211326525163,100.971468347643,100.855823073431,-0.921732476157693,0,0,-0.921732476157693,-1
12.65,13.78,15.1511654667851,15.2419003546266,6.38575132380029,6.35901031760561,102.861410723994,100.971468347643,-0.176982568817097,0,0,-0.176982568817097,0
11.42,12.65,15.040333880102,15.1511654667851,7.10886130473674,6.38575132380029,105.434173224052,102.861410723994,-0.00987692322549982,0,0,-0.00987692322549982,0
10.02,11.42,15.2179602025068,15.040333880102,6.78272948555014,7.10886130473674,106.556065288889,105.434173224052,-2.08697942896877,0,0,-2.08697942896877,0
9.38,10.02,14.9384508483064,15.2179602025068,5.99352066196816,6.78272948555014,108.278384953548,106.556065288889,1.48234527551285,0,0,1.48234527551285,1
8.56,9.38,15.1116138217425,14.9384508483064,8.34591445577826,5.99352066196816,108.311579523024,108.278384953548,-0.0858261368690396,0,0,-0.0858261368690396,-1
9.40000000000001,8.56,14.8787300955206,15.1116138217425,7.75501895723822,8.34591445577826,108.402298531066,108.311579523024,0.0855621893392779,0,0,0.0855621893392779,0
1.77,9.40000000000001,14.8055745701599,14.8787300955206,8.26286855029341,7.75501895723822,109.526657560357,108.402298531066,-0.0694924849490306,0,0,-0.0694924849490306,0
1.11,1.77,14.6480369191728,14.8055745701599,8.56200882345505,8.26286855029341,111.137422506766,109.526657560357,-0.0150522367082608,0,0,-0.0150522367082608,1
1.16,1.11,13.937419773372,14.6480369191728,8.74439744454887,8.56200882345505,112.367957049979,111.137422506766,0.757592946502786,0,0,0.757592946502786,-1
1.98,1.16,13.9075362285051,13.937419773372,8.38261434345403,8.74439744454887,114.704955773475,112.367957049979,2.4972290169703,0,0,2.4972290169703,0
2.56,1.98,13.579947355455,13.9075362285051,8.85816592926438,8.38261434345403,116.656879240435,114.704955773475,-1.84168907065787,0,0,-1.84168907065787,0
3.83,2.56,13.4361036294198,13.579947355455,8.60127085289276,8.85816592926438,121.118738368003,116.656879240435,0.850895361256956,0,0,0.850895361256956,0
4.26000000000001,3.83,13.3548112265436,13.4361036294198,8.42299724962521,8.60127085289276,125.581453208006,121.118738368003,-3.24247020059627,0,0,-3.24247020059627,0
4.75,4.26000000000001,13.0908342448009,13.3548112265436,8.99861511359708,8.42299724962521,128.73223790917,125.581453208006,2.21008655524883,0,0,2.21008655524883,0
5.48,4.75,13.0229162331147,13.0908342448009,8.31604807207794,8.99861511359708,131.6013965876,128.73223790917,-2.2378425154308,0,0,-2.2378425154308,1
6.61,5.48,13.0871008942208,13.0229162331147,8.27865988835354,8.31604807207794,131.878822064002,131.6013965876,1.51933748883128,0,0,1.51933748883128,-1
6.92,6.61,13.1158016961055,13.0871008942208,8.80698430493193,8.27865988835354,131.664931450566,131.878822064002,-0.0387339306838328,0,0,-0.0387339306838328,0
6.48999999999999,6.92,12.9849568133014,13.1158016961055,10.6687686824965,8.80698430493193,131.582323797567,131.664931450566,-1.74209617894006,0,0,-1.74209617894006,0
6.39,6.48999999999999,12.8777575191281,12.9849568133014,8.52113849561476,10.6687686824965,132.975936849638,131.582323797567,1.37820301786078,0,0,1.37820301786078,0
6.72,6.39,12.8494265941225,12.8777575191281,8.2091311757532,8.52113849561476,133.090889101454,132.975936849638,-0.147723243239266,0,0,-0.147723243239266,0
7.5,6.72,12.4634278083531,12.8494265941225,8.09507885035846,8.2091311757532,134.097348660335,133.090889101454,1.99752624521402,0,0,1.99752624521402,0
8.16,7.5,12.5259295648357,12.4634278083531,7.51935882165494,8.09507885035846,136.723468963645,134.097348660335,-3.32207411321289,0,0,-3.32207411321289,1
9.38,8.16,11.536011827714,12.5259295648357,11.8366837717438,7.51935882165494,135.256163998365,136.723468963645,2.57929124483088,0,0,2.57929124483088,-1
9.98,9.38,11.5096912924643,11.536011827714,9.57413691034836,11.8366837717438,136.446504743681,135.256163998365,1.37150917776396,0,0,1.37150917776396,0
9.20999999999999,9.98,11.4895151805561,11.5096912924643,9.43951009263034,9.57413691034836,135.068649714316,136.446504743681,-1.69837436785221,0,0,-1.69837436785221,0
9.17,9.20999999999999,11.3173544447123,11.4895151805561,10.9730108946029,9.43951009263034,130.935728190755,135.068649714316,-0.0926841374253904,0,0,-0.0926841374253904,0
9.78,9.17,11.4676093837569,11.3173544447123,8.79959612480184,10.9730108946029,124.080672707974,130.935728190755,0.0683155196827663,0,0,0.0683155196827663,0
10.26,9.78,12.1343858145548,11.4676093837569,9.27755724662148,8.79959612480184,120.52734784555,124.080672707974,0.0971594068581645,0,0,0.0971594068581645,1
10.3,10.26,12.1343808261643,12.1343858145548,8.50821368010541,9.27755724662148,117.934061964431,120.52734784555,0.167552665291165,0,0,0.167552665291165,-1
10.39,10.3,12.4218811502289,12.1343808261643,8.85768981910397,8.50821368010541,116.711903905903,117.934061964431,-0.199229542945385,0,0,-0.199229542945385,0
10.61,10.39,12.7034767299818,12.4218811502289,8.14108927594181,8.85768981910397,116.477016496637,116.711903905903,0.230801283085562,0,0,0.230801283085562,0
10.3,10.61,12.6395398666401,12.7034767299818,8.14787887278435,8.14108927594181,118.578619914001,116.477016496637,-0.910546663580597,0,0,-0.910546663580597,0
9.58,10.3,12.6895283268641,12.6395398666401,8.16743011766057,8.14787887278435,118.046349075572,118.578619914001,-1.10175622401147,0,0,-1.10175622401147,0
9.06999999999999,9.58,13.0717544759223,12.6895283268641,7.67150463889809,8.16743011766057,117.374348693424,118.046349075572,1.65838241362351,0,0,1.65838241362351,0
8,9.06999999999999,12.2440085396357,13.0717544759223,7.11745098351695,7.67150463889809,117.671262121024,117.374348693424,-0.694869746936615,0,0,-0.694869746936615,0
7.17,8,12.2638063648338,12.2440085396357,8.24819290224755,7.11745098351695,118.290349095724,117.671262121024,0.241865546751328,0,0,0.241865546751328,1
7.62000000000001,7.17,12.2843796627561,12.2638063648338,8.71764330091921,8.24819290224755,118.456879413134,118.290349095724,0.47542100114168,0,0,0.47542100114168,-1
5.51000000000001,0,13.6351603311566,0,10.1535844964356,0,60.6229796982165,0,-0.233318385153751,0,0,0,0
5.37999999999999,5.51000000000001,13.7101218835214,13.6351603311566,10.3010520833222,10.1535844964356,60.8042604187374,60.6229796982165,0.0463141473731241,0,0,0,0
5.23,5.37999999999999,13.5755199038176,13.7101218835214,10.4605645961299,10.3010520833222,61.7524393402812,60.8042604187374,-0.35785203631988,0,0,0,0
4.73,5.23,13.557412914185,13.5755199038176,10.5988833285998,10.4605645961299,61.9427672249422,61.7524393402812,-0.084639006412992,0,0,0,1
4.19,4.73,13.2636710042506,13.557412914185,10.117430727185,10.5988833285998,62.1750617832641,61.9427672249422,0.224833048530936,0,0,0,-1
4.26000000000001,4.19,13.5173918756581,13.2636710042506,10.1203839788495,10.117430727185,62.9816741764427,62.1750617832641,-0.0873685308722294,0,0,0,0
4.04000000000001,4.26000000000001,13.5964618498871,13.5173918756581,9.66993186744922,10.1203839788495,63.6295807761434,62.9816741764427,-0.544289851517746,0,0,0,0
3.64,4.04000000000001,13.7620359416888,13.5964618498871,9.68288811023226,9.66993186744922,64.4241273146272,63.6295807761434,0.234458260675932,0,0,0,0
3.59999999999999,3.64,13.699243916711,13.7620359416888,9.44535132601445,9.68288811023226,63.5863835742618,64.4241273146272,0.604131732419482,0,0,0,0
3.34999999999999,3.59999999999999,13.7173206968734,13.699243916711,9.29001747871084,9.44535132601445,63.9843359778565,63.5863835742618,0.224298545394849,0,0,0,0
2.78,3.34999999999999,13.6111236990153,13.7173206968734,9.05675372123395,9.29001747871084,63.9532564391801,63.9843359778565,-0.172903457899903,0,0,0,0
2.20999999999999,2.78,13.5497741340042,13.6111236990153,8.92559690183178,9.05675372123395,67.1376754585894,63.9532564391801,-0.295709351634354,0,0,0,-1
2.33,2.20999999999999,13.687221123286,13.5497741340042,9.01841445668446,8.92559690183178,67.2973766870709,67.1376754585894,-0.119794702308202,0,0,0,0
2.69,2.33,13.4074675681575,13.687221123286,8.88464699984302,9.01841445668446,67.6295046777155,67.2973766870709,0.292313451931442,0,0,0,1
3.23,2.69,14.2951206577128,13.4074675681575,8.4516794080126,8.88464699984302,65.4564851910868,67.6295046777155,-1.92325516729135,0,0,0,0
3.27,3.23,14.2404839570872,14.2951206577128,7.7394000571077,8.4516794080126,65.5901891659569,65.4564851910868,0.637065780499267,0,0,0,0
3.55,3.27,14.4148656804378,14.2404839570872,7.31769923516439,7.7394000571077,65.8801456532971,65.5901891659569,0.0708645063531286,0,0,0,-1
4.20999999999999,3.55,14.3499410115348,14.4148656804378,7.09386458242318,7.31769923516439,65.6032762087324,65.8801456532971,-0.442791343315005,0,0,0,1
4.37000000000001,4.20999999999999,14.1999049045685,14.3499410115348,7.12099891037949,7.09386458242318,66.3340507058355,65.6032762087324,-0.122485714305558,0,0,0,0
4.67,4.37000000000001,14.4010604192816,14.1999049045685,7.26383139196794,7.12099891037949,67.0730167074254,66.3340507058355,-0.34995749061331,0,0,0,0
5.09,4.67,13.7532913190943,14.4010604192816,7.23010901009399,7.26383139196794,70.2022012748813,67.0730167074254,4.79853379400944,0,0,0,0
5.45999999999999,5.09,13.9430897199128,13.7532913190943,7.18934445601563,7.23010901009399,69.9761981262905,70.2022012748813,-3.14136377945639,0,0,0,0
6.06,5.45999999999999,13.9852881628319,13.9430897199128,7.32267341093886,7.18934445601563,69.9314271516586,69.9761981262905,-0.558636367477391,0,0,0,0
6.25,6.06,14.0010109518963,13.9852881628319,7.28785177997883,7.32267341093886,70.6198915563326,69.9314271516586,0.0136584634519359,0,0,0,0
6.89,6.25,13.9775604734058,14.0010109518963,7.17178626170248,7.28785177997883,71.0943688425775,70.6198915563326,0.354806192694786,0,0,0,0
6.64,6.89,14.0991009159432,13.9775604734058,7.17797088209759,7.17178626170248,72.0169453998921,71.0943688425775,-0.525692826875712,0,0,0,1
6.26000000000001,6.64,14.2224789071253,14.0991009159432,7.29596455586018,7.17797088209759,73.5174062045269,72.0169453998921,0.853238759669049,0,0,0,-1
6.90000000000001,6.26000000000001,13.5524350249618,14.2224789071253,7.15719933169055,7.29596455586018,74.6048209739742,73.5174062045269,0.223469131078785,0,0,0,0
7.18000000000001,6.90000000000001,14.0098031237485,13.5524350249618,6.91493614222266,7.15719933169055,75.6327753391493,74.6048209739742,-0.955130924869447,0,0,0,0
7.06999999999999,7.18000000000001,13.8317737240433,14.0098031237485,7.47051287308764,6.91493614222266,74.7173900754692,75.6327753391493,0.0285164784650451,0,0,0,0
7.19,7.06999999999999,13.7396341572258,13.8317737240433,7.7031615562258,7.47051287308764,75.5921740692862,74.7173900754692,0.496396877265354,0,0,0,0
8.52,7.19,13.8086038570076,13.7396341572258,7.62136472223761,7.7031615562258,76.1677362954464,75.5921740692862,-0.146076127954611,0,0,0,0
9.16,8.52,13.7656133958287,13.8086038570076,7.71082133085127,7.62136472223761,77.3480439586433,76.1677362954464,0.541858599931217,0,0,0,0
9.48999999999999,9.16,13.5592091371654,13.7656133958287,7.63964464239069,7.71082133085127,77.6117116117645,77.3480439586433,-0.624837717399792,0,0,0,0
9.36,9.48999999999999,13.5109722098532,13.5592091371654,7.87762477996275,7.63964464239069,77.4823190897555,77.6117116117645,5.29167397660498,0,0,0,-1
9.75,9.36,12.9201195258838,13.5109722098532,7.91969380279479,7.87762477996275,80.7936714724644,77.4823190897555,-3.44916572281051,0,0,0,0
9.81,9.75,13.0953720548138,12.9201195258838,8.36041250354426,7.91969380279479,81.044094737012,80.7936714724644,-2.73710325735289,0,0,0,1
19.16,9.81,14.0830152930339,13.0953720548138,8.18352161235432,8.36041250354426,79.8676707233204,81.044094737012,-1.87338904480528,0,0,0,0
19.94,19.16,13.94886295312,14.0830152930339,7.53821244665923,8.18352161235432,77.8252924229303,79.8676707233204,2.73143325452513,0,0,0,0
19.46,19.94,14.1013529425658,13.94886295312,6.72977683505133,7.53821244665923,76.4952056520902,77.8252924229303,-0.724260211531156,0,0,0,0
18.01,19.46,14.7605520807658,14.1013529425658,6.45409750366459,6.72977683505133,75.6191016782165,76.4952056520902,2.8657128594502,0,0,0,0
15.97,18.01,14.4920501332013,14.7605520807658,6.85804597614399,6.45409750366459,73.0095038147887,75.6191016782165,-0.506434658915303,0,0,0,1
15.19,15.97,14.5611377436063,14.4920501332013,7.1827190718293,6.85804597614399,72.4800861242645,73.0095038147887,-0.921732476157693,0,0,0,-1
13.36,15.19,14.5965937752574,14.5611377436063,7.00415592573244,7.1827190718293,72.8992072388145,72.4800861242645,-0.176982568817097,0,0,0,0
12.13,13.36,14.4985796110172,14.5965937752574,7.52649076318976,7.00415592573244,73.4239056876867,72.8992072388145,-0.00987692322549982,0,0,0,0
12.05,12.13,14.9173053830421,14.4985796110172,7.65330548463755,7.52649076318976,74.3166641491125,73.4239056876867,-2.08697942896877,0,0,0,0
11.76,12.05,14.6630425057914,14.9173053830421,7.37945501284187,7.65330548463755,74.765671343016,74.3166641491125,1.48234527551285,0,0,0,1
12.11,11.76,14.8131115204295,14.6630425057914,8.61456342819481,7.37945501284187,76.8675010634534,74.765671343016,-0.0858261368690396,0,0,0,-1
11.1,12.11,14.6945304914278,14.8131115204295,8.74131458903357,8.61456342819481,76.2583759328575,76.8675010634534,0.0855621893392779,0,0,0,0
2.75,11.1,14.4015357274487,14.6945304914278,8.2495637286085,8.74131458903357,75.9002540362665,76.2583759328575,-0.0694924849490306,0,0,0,0
1.68000000000001,2.75,14.2234393000686,14.4015357274487,8.70538756020303,8.2495637286085,74.9247424688653,75.9002540362665,-0.0150522367082608,0,0,0,1
1.68000000000001,1.68000000000001,13.5360371741509,14.2234393000686,8.70352399594266,8.70538756020303,75.4210800722975,74.9247424688653,0.757592946502786,0,0,0,-1
2.62,1.68000000000001,13.5662522408736,13.5360371741509,8.81320331089713,8.70352399594266,75.5263554167104,75.4210800722975,2.4972290169703,0,0,0,0
4.62000000000001,2.62,13.3005490881667,13.5662522408736,8.34451190266506,8.81320331089713,74.3281254497627,75.5263554167104,-1.84168907065787,0,0,0,0
5.62000000000001,4.62000000000001,13.1775763687181,13.3005490881667,8.21679146320478,8.34451190266506,75.3531267003075,74.3281254497627,0.850895361256956,0,0,0,0
7.42,5.62000000000001,13.0947925748447,13.1775763687181,8.3152678938977,8.21679146320478,76.2974624475752,75.3531267003075,-3.24247020059627,0,0,0,0
8.02,7.42,12.8733461360799,13.0947925748447,8.79523661603861,8.3152678938977,76.0063861760936,76.2974624475752,2.21008655524883,0,0,0,0
8.01000000000001,8.02,12.9477291739297,12.8733461360799,8.98754973169176,8.79523661603861,75.8213734180468,76.0063861760936,-2.2378425154308,0,0,0,1
7.66,8.01000000000001,13.0699089881456,12.9477291739297,7.96134853476473,8.98754973169176,74.178563057731,75.8213734180468,1.51933748883128,0,0,0,-1
7.48,7.66,13.076225844808,13.0699089881456,8.18372503845618,7.96134853476473,75.3285310306629,74.178563057731,-0.0387339306838328,0,0,0,0
8.16,7.48,12.9397734989843,13.076225844808,9.08856013852032,8.18372503845618,75.0741917957662,75.3285310306629,-1.74209617894006,0,0,0,0
7.68000000000001,8.16,12.8509820835867,12.9397734989843,8.25211194773379,9.08856013852032,74.8129343517204,75.0741917957662,1.37820301786078,0,0,0,0
8.01000000000001,7.68000000000001,12.8468855876041,12.8509820835867,9.14055361291805,8.25211194773379,73.6522670393081,74.8129343517204,-0.147723243239266,0,0,0,0
8.02,8.01000000000001,12.4533874858048,12.8468855876041,8.0261802776526,9.14055361291805,73.9694470699338,73.6522670393081,1.99752624521402,0,0,0,0
7.95,8.02,12.5968743327763,12.4533874858048,7.55901180388398,8.0261802776526,74.5763210411783,73.9694470699338,-3.32207411321289,0,0,0,1
8.09999999999999,7.95,11.5941726586326,12.5968743327763,10.2079193970294,7.55901180388398,76.5535711425643,74.5763210411783,2.57929124483088,0,0,0,-1
7.98,8.09999999999999,11.5827818340014,11.5941726586326,9.53699638649677,10.2079193970294,76.473625186196,76.5535711425643,1.37150917776396,0,0,0,0
7.31999999999999,7.98,11.6126089827418,11.5827818340014,8.71534315090401,9.53699638649677,75.3074491571694,76.473625186196,-1.69837436785221,0,0,0,0
6.79000000000001,7.31999999999999,11.4489170471692,11.6126089827418,10.8115544280579,8.71534315090401,71.6859631836907,75.3074491571694,-0.0926841374253904,0,0,0,0
7.64,6.79000000000001,11.6087986517138,11.4489170471692,9.87993843250978,10.8115544280579,68.3639678723205,71.6859631836907,0.0683155196827663,0,0,0,0
8.56999999999999,7.64,12.2799664304235,11.6087986517138,11.0841591373988,9.87993843250978,66.3669390873571,68.3639678723205,0.0971594068581645,0,0,0,1
9.11,8.56999999999999,12.2594437569742,12.2799664304235,8.1319617849344,11.0841591373988,65.0910766350106,66.3669390873571,0.167552665291165,0,0,0,-1
8.95999999999999,9.11,12.5677061090389,12.2594437569742,7.51741304161168,8.1319617849344,63.9714435667712,65.0910766350106,-0.199229542945385,0,0,0,0
9.56,8.95999999999999,12.8483752757755,12.5677061090389,7.85085069045104,7.51741304161168,63.3989507868895,63.9714435667712,0.230801283085562,0,0,0,0
9.40000000000001,9.56,12.7529320294006,12.8483752757755,7.12825968121838,7.85085069045104,63.7552776313949,63.3989507868895,-0.910546663580597,0,0,0,0
9.58,9.40000000000001,12.8592547595506,12.7529320294006,7.35598574782849,7.12825968121838,63.3201796628638,63.7552776313949,-1.10175622401147,0,0,0,0
9.81,9.58,13.4028173127871,12.8592547595506,8.25280255842612,7.35598574782849,62.160166762826,63.3201796628638,1.65838241362351,0,0,0,0
9.2,9.81,12.2627634453318,13.4028173127871,7.76090130182151,8.25280255842612,61.1701748404585,62.160166762826,-0.694869746936615,0,0,0,0
8.69,9.2,12.2959412951756,12.2627634453318,7.56381919445794,7.76090130182151,61.1294227271254,61.1701748404585,0.241865546751328,0,0,0,1
8.78,8.69,12.3686932822829,12.2959412951756,8.42230369177486,7.56381919445794,61.021305878217,61.1294227271254,0.47542100114168,0,0,0,-1
6.37999999999999,0,13.9582728697115,0,10.0897137424858,0,53.8589655489765,0,-0.233318385153751,0,-0.233318385153751,0,0
6.28,6.37999999999999,14.0527772806924,13.9582728697115,10.3751215981101,10.0897137424858,54.2026661913193,53.8589655489765,0.0463141473731241,0,0.0463141473731241,0,0
6.42,6.28,13.9632504957101,14.0527772806924,10.5474116461589,10.3751215981101,54.429393799788,54.2026661913193,-0.35785203631988,0,-0.35785203631988,0,0
6.54000000000001,6.42,13.9263662806508,13.9632504957101,10.5684971726593,10.5474116461589,54.9617302267289,54.429393799788,-0.084639006412992,0,-0.084639006412992,0,1
6.51000000000001,6.54000000000001,13.6578422475716,13.9263662806508,10.302070257891,10.5684971726593,55.3012174556315,54.9617302267289,0.224833048530936,0,0.224833048530936,0,-1
6.56,6.51000000000001,13.8390369018374,13.6578422475716,10.3082475802834,10.302070257891,56.3632955884722,55.3012174556315,-0.0873685308722294,0,-0.0873685308722294,0,0
5.87999999999999,6.56,13.8441378686736,13.8390369018374,9.86822410482397,10.3082475802834,57.166151305243,56.3632955884722,-0.544289851517746,0,-0.544289851517746,0,0
5.03,5.87999999999999,14.0254335995386,13.8441378686736,9.74962508120492,9.86822410482397,57.7234402715934,57.166151305243,0.234458260675932,0,0.234458260675932,0,0
4.16,5.03,13.8503948449312,14.0254335995386,9.41500783003308,9.74962508120492,55.8376897723341,57.7234402715934,0.604131732419482,0,0.604131732419482,0,0
3.79000000000001,4.16,13.8373810078201,13.8503948449312,9.25973910462943,9.41500783003308,56.283271174266,55.8376897723341,0.224298545394849,0,0.224298545394849,0,0
3.04000000000001,3.79000000000001,13.6476706157013,13.8373810078201,9.04178630011619,9.25973910462943,56.1559965314965,56.283271174266,-0.172903457899903,0,-0.172903457899903,0,0
3.61,3.04000000000001,13.5817736563824,13.6476706157013,8.8779551663068,9.04178630011619,58.9474918391179,56.1559965314965,-0.295709351634354,0,-0.295709351634354,0,-1
4.15000000000001,3.61,13.6608770634903,13.5817736563824,9.09461185703836,8.8779551663068,58.9890231901867,58.9474918391179,-0.119794702308202,0,-0.119794702308202,0,0
3.95,4.15000000000001,13.3247926432455,13.6608770634903,8.84981163215645,9.09461185703836,59.2177394720132,58.9890231901867,0.292313451931442,0,0.292313451931442,0,1
4.26000000000001,3.95,14.316556836136,13.3247926432455,8.50732870122938,8.84981163215645,59.1696794317859,59.2177394720132,-1.92325516729135,0,-1.92325516729135,0,0
4.64,4.26000000000001,14.3813389159656,14.316556836136,7.64494126800053,8.50732870122938,58.7935953242616,59.1696794317859,0.637065780499267,0,0.637065780499267,0,0
4.48999999999999,4.64,14.557922662417,14.3813389159656,7.75433026183344,7.64494126800053,58.9430316928932,58.7935953242616,0.0708645063531286,0,0.0708645063531286,0,-1
4.18000000000001,4.48999999999999,14.4560245811219,14.557922662417,7.46660162596662,7.75433026183344,57.9754033470825,58.9430316928932,-0.442791343315005,0,-0.442791343315005,0,1
4.52,4.18000000000001,14.2948420553339,14.4560245811219,7.33262386292282,7.46660162596662,58.8959857777466,57.9754033470825,-0.122485714305558,0,-0.122485714305558,0,0
4.89,4.52,14.4829235036704,14.2948420553339,7.19106092546909,7.33262386292282,59.505667267871,58.8959857777466,-0.34995749061331,0,-0.34995749061331,0,0
5.91,4.89,13.8396762620704,14.4829235036704,7.32854109658794,7.19106092546909,63.3294895569034,59.505667267871,4.79853379400944,0,4.79853379400944,0,0
6.20999999999999,5.91,14.077651521632,13.8396762620704,7.37858235085735,7.32854109658794,63.5141688717225,63.3294895569034,-3.14136377945639,0,-3.14136377945639,0,0
6.62999999999999,6.20999999999999,14.1333632093413,14.077651521632,7.4704313977831,7.37858235085735,63.282317234838,63.5141688717225,-0.558636367477391,0,-0.558636367477391,0,0
5.06999999999999,6.62999999999999,14.1623978102116,14.1333632093413,7.26545228791599,7.4704313977831,63.994672597837,63.282317234838,0.0136584634519359,0,0.0136584634519359,0,0
5.18000000000001,5.06999999999999,14.119316654779,14.1623978102116,7.42361928422518,7.26545228791599,64.2003337447484,63.994672597837,0.354806192694786,0,0.354806192694786,0,0
5.87999999999999,5.18000000000001,14.2570602176641,14.119316654779,7.3384282322847,7.42361928422518,64.9225010325182,64.2003337447484,-0.525692826875712,0,-0.525692826875712,0,1
5.58,5.87999999999999,14.4106361178033,14.2570602176641,7.39528085565624,7.3384282322847,63.6287029305193,64.9225010325182,0.853238759669049,0,0.853238759669049,0,-1
5.64,5.58,13.7128801247166,14.4106361178033,7.4207053783625,7.39528085565624,64.0231181326434,63.6287029305193,0.223469131078785,0,0.223469131078785,0,0
5.73999999999999,5.64,14.1574374263476,13.7128801247166,7.02555336207173,7.4207053783625,64.9090488857692,64.0231181326434,-0.955130924869447,0,-0.955130924869447,0,0
5.76000000000001,5.73999999999999,13.9381575517328,14.1574374263476,7.64519527015267,7.02555336207173,66.7970426819371,64.9090488857692,0.0285164784650451,0,0.0285164784650451,0,0
5.73,5.76000000000001,13.8244272360346,13.9381575517328,7.93992939037137,7.64519527015267,67.7940267682508,66.7970426819371,0.496396877265354,0,0.496396877265354,0,0
6.41,5.73,13.8875257560691,13.8244272360346,7.66447927862683,7.93992939037137,68.5387898209726,67.7940267682508,-0.146076127954611,0,-0.146076127954611,0,0
7.25,6.41,13.8169468367998,13.8875257560691,7.7960547061043,7.66447927862683,68.5308881928018,68.5387898209726,0.541858599931217,0,0.541858599931217,0,0
7.19,7.25,13.638639196228,13.8169468367998,7.92599916450867,7.7960547061043,68.5837613712377,68.5308881928018,-0.624837717399792,0,-0.624837717399792,0,0
7.45,7.19,13.6071899691149,13.638639196228,8.11711688728791,7.92599916450867,68.6253218948619,68.5837613712377,5.29167397660498,0,5.29167397660498,0,-1
8.20999999999999,7.45,13.0200530163931,13.6071899691149,7.9811687898743,8.11711688728791,68.809703546386,68.6253218948619,-3.44916572281051,0,-3.44916572281051,0,0
8.45,8.20999999999999,13.2248955973145,13.0200530163931,8.343561825754,7.9811687898743,68.7608850142576,68.809703546386,-2.73710325735289,0,-2.73710325735289,0,1
16.26,8.45,14.0977901975348,13.2248955973145,8.47146245626071,8.343561825754,67.7243405199625,68.7608850142576,-1.87338904480528,0,-1.87338904480528,0,0
17.62,16.26,13.9872364642438,14.0977901975348,9.49093239789356,8.47146245626071,69.6297505438989,67.7243405199625,2.73143325452513,0,2.73143325452513,0,0
16.24,17.62,14.1103866233128,13.9872364642438,6.95622720373049,9.49093239789356,68.7803807110464,69.6297505438989,-0.724260211531156,0,-0.724260211531156,0,0
15.1,16.24,14.7507949878571,14.1103866233128,6.87396370098941,6.95622720373049,68.1558261740293,68.7803807110464,2.8657128594502,0,2.8657128594502,0,0
14.7,15.1,14.4495716659252,14.7507949878571,7.11783475977671,6.87396370098941,67.2049743771552,68.1558261740293,-0.506434658915303,0,-0.506434658915303,0,1
13.84,14.7,14.4690339025951,14.4495716659252,7.03686952731551,7.11783475977671,66.8534696913893,67.2049743771552,-0.921732476157693,0,-0.921732476157693,0,-1
13.51,13.84,14.4703149634339,14.4690339025951,7.38399791291032,7.03686952731551,66.898851070831,66.8534696913893,-0.176982568817097,0,-0.176982568817097,0,0
12.04,13.51,14.3615093451379,14.4703149634339,8.15642768039458,7.38399791291032,65.0078817877801,66.898851070831,-0.00987692322549982,0,-0.00987692322549982,0,0
11.72,12.04,14.6834840553247,14.3615093451379,7.87015981810422,8.15642768039458,64.8188076513818,65.0078817877801,-2.08697942896877,0,-2.08697942896877,0,0
11.39,11.72,14.4470559698591,14.6834840553247,7.34091712901242,7.87015981810422,64.2310402161203,64.8188076513818,1.48234527551285,0,1.48234527551285,0,1
11.83,11.39,14.6153783417567,14.4470559698591,8.54872678853403,7.34091712901242,65.6259604809711,64.2310402161203,-0.0858261368690396,0,-0.0858261368690396,0,-1
10.97,11.83,14.4651353263611,14.6153783417567,8.44575613690613,8.54872678853403,65.3264765312024,65.6259604809711,0.0855621893392779,0,0.0855621893392779,0,0
2.95,10.97,14.2944370546362,14.4651353263611,8.46398529507816,8.44575613690613,65.4110037161958,65.3264765312024,-0.0694924849490306,0,-0.0694924849490306,0,0
1.69,2.95,14.1291331790213,14.2944370546362,8.95798663152664,8.46398529507816,66.7515836373344,65.4110037161958,-0.0150522367082608,0,-0.0150522367082608,0,1
2.79000000000001,1.69,13.4553517951332,14.1291331790213,9.10711416601807,8.95798663152664,66.3140894973933,66.7515836373344,0.757592946502786,0,0.757592946502786,0,-1
3.78,2.79000000000001,13.4831591731184,13.4553517951332,8.79602452048226,9.10711416601807,66.5171462129627,66.3140894973933,2.4972290169703,0,2.4972290169703,0,0
4.20999999999999,3.78,13.1997714856988,13.4831591731184,8.90435109856078,8.79602452048226,66.000936353149,66.5171462129627,-1.84168907065787,0,-1.84168907065787,0,0
5.03,4.20999999999999,13.0639361155613,13.1997714856988,8.58124066984434,8.90435109856078,67.3794424952793,66.000936353149,0.850895361256956,0,0.850895361256956,0,0
5.66,5.03,13.03033680569,13.0639361155613,8.48525118865149,8.58124066984434,68.2083153272662,67.3794424952793,-3.24247020059627,0,-3.24247020059627,0,0
6.90000000000001,5.66,12.859061891883,13.03033680569,9.4937921398912,8.48525118865149,69.8572464895504,68.2083153272662,2.21008655524883,0,2.21008655524883,0,0
7.78,6.90000000000001,12.9841480838429,12.859061891883,9.53172855741888,9.4937921398912,69.6208538510933,69.8572464895504,-2.2378425154308,0,-2.2378425154308,0,1
7.3,7.78,12.9033090516215,12.9841480838429,9.09061577193801,9.53172855741888,67.9367827257582,69.6208538510933,1.51933748883128,0,1.51933748883128,0,-1
6.92,7.3,13.0141425855299,12.9033090516215,9.46540134468874,9.09061577193801,65.5019708210896,67.9367827257582,-0.0387339306838328,0,-0.0387339306838328,0,0
7.37999999999999,6.92,12.8813035258471,13.0141425855299,9.46526612937764,9.46540134468874,65.0226884514943,65.5019708210896,-1.74209617894006,0,-1.74209617894006,0,0
7.34999999999999,7.37999999999999,12.860130781172,12.8813035258471,9.7312531889824,9.46526612937764,64.9129326690918,65.0226884514943,1.37820301786078,0,1.37820301786078,0,0
7.28,7.34999999999999,12.9149539696449,12.860130781172,9.07439950956735,9.7312531889824,67.2412014442751,64.9129326690918,-0.147723243239266,0,-0.147723243239266,0,0
7.5,7.28,12.6097586002034,12.9149539696449,9.1585960324448,9.07439950956735,66.6812780661989,67.2412014442751,1.99752624521402,0,1.99752624521402,0,0
7.98,7.5,12.7093879264874,12.6097586002034,8.26412380254329,9.1585960324448,67.1441023949321,66.6812780661989,-3.32207411321289,0,-3.32207411321289,0,1
9.02,7.98,11.7341979618944,12.7093879264874,11.0860449097116,8.26412380254329,62.2314372524779,67.1441023949321,2.57929124483088,0,2.57929124483088,0,-1
8.51000000000001,9.02,11.7254409917288,11.7341979618944,10.4103128563682,11.0860449097116,62.1626021706902,62.2314372524779,1.37150917776396,0,1.37150917776396,0,0
8.31999999999999,8.51000000000001,11.6258385088943,11.7254409917288,11.1756946205022,10.4103128563682,60.9059478868037,62.1626021706902,-1.69837436785221,0,-1.69837436785221,0,0
8.06999999999999,8.31999999999999,11.4426853105399,11.6258385088943,10.6104323335794,11.1756946205022,60.9935733815645,60.9059478868037,-0.0926841374253904,0,-0.0926841374253904,0,0
8.79000000000001,8.06999999999999,11.5845340267937,11.4426853105399,11.1903929847632,10.6104323335794,58.0578880473906,60.9935733815645,0.0683155196827663,0,0.0683155196827663,0,0
9.3,8.79000000000001,12.2654884225528,11.5845340267937,9.88524668557859,11.1903929847632,55.7084600754322,58.0578880473906,0.0971594068581645,0,0.0971594068581645,0,1
9.51000000000001,9.3,12.2062304965966,12.2654884225528,9.60782316447226,9.88524668557859,55.7514182520035,55.7084600754322,0.167552665291165,0,0.167552665291165,0,-1
9.79000000000001,9.51000000000001,12.512385041763,12.2062304965966,9.36400051772773,9.60782316447226,54.8757125012331,55.7514182520035,-0.199229542945385,0,-0.199229542945385,0,0
10.81,9.79000000000001,12.7770555719695,12.512385041763,8.62205543388396,9.36400051772773,54.2315839435849,54.8757125012331,0.230801283085562,0,0.230801283085562,0,0
10.29,10.81,12.7023079748783,12.7770555719695,7.93820273247756,8.62205543388396,52.7249997940572,54.2315839435849,-0.910546663580597,0,-0.910546663580597,0,0
9.63,10.29,12.8326484864348,12.7023079748783,7.68469688950656,7.93820273247756,52.1820024823039,52.7249997940572,-1.10175622401147,0,-1.10175622401147,0,0
8.75,9.63,13.3110530466422,12.8326484864348,7.93424582855938,7.68469688950656,51.4333080193177,52.1820024823039,1.65838241362351,0,1.65838241362351,0,0
8.23999999999999,8.75,12.260005860223,13.3110530466422,8.07991489512112,7.93424582855938,50.7528500133122,51.4333080193177,-0.694869746936615,0,-0.694869746936615,0,0
8.08,8.23999999999999,12.3051962307827,12.260005860223,8.13176034025711,8.07991489512112,50.7804604381947,50.7528500133122,0.241865546751328,0,0.241865546751328,0,1
8.09999999999999,8.08,12.3837657067293,12.3051962307827,8.22754757965907,8.13176034025711,50.4777520710588,50.7804604381947,0.47542100114168,0,0.47542100114168,0,-1
6.15000000000001,0,13.7910707930081,0,10.1366462348047,0,58.1492965843223,0,-0.233318385153751,0,0,0,0
6.19,6.15000000000001,13.8373338932001,13.7910707930081,10.3798523601466,10.1366462348047,58.4809874042272,58.1492965843223,0.0463141473731241,0,0,0,0
5.93000000000001,6.19,13.739540271373,13.8373338932001,10.4347932996901,10.3798523601466,59.1980208208439,58.4809874042272,-0.35785203631988,0,0,0,0
5.98,5.93000000000001,13.7288709404188,13.739540271373,10.3458614696283,10.4347932996901,59.5900766906715,59.1980208208439,-0.084639006412992,0,0,0,1
5.44,5.98,13.4698536518712,13.7288709404188,10.1618707762438,10.3458614696283,59.9746570062354,59.5900766906715,0.224833048530936,0,0,0,-1
5.8,5.44,13.6941041945203,13.4698536518712,10.1791607436874,10.1618707762438,58.8717103081076,59.9746570062354,-0.0873685308722294,0,0,0,0
5.06,5.8,13.7920793404465,13.6941041945203,9.69853178750469,10.1791607436874,59.5309329874726,58.8717103081076,-0.544289851517746,0,0,0,0
4.56999999999999,5.06,13.9171860011301,13.7920793404465,9.48727849419741,9.69853178750469,60.0663004424085,59.5309329874726,0.234458260675932,0,0,0,0
4.15000000000001,4.56999999999999,13.8337747914358,13.9171860011301,9.27308421582013,9.48727849419741,58.1539917072981,60.0663004424085,0.604131732419482,0,0,0,0
3.68000000000001,4.15000000000001,13.857631853155,13.8337747914358,9.11777463429412,9.27308421582013,58.5196566457739,58.1539917072981,0.224298545394849,0,0,0,0
2.54000000000001,3.68000000000001,13.7037023223597,13.857631853155,9.20911167000216,9.11777463429412,58.4676342831796,58.5196566457739,-0.172903457899903,0,0,0,0
1.59999999999999,2.54000000000001,13.6964478729201,13.7037023223597,8.97547693882356,9.20911167000216,59.4799950668009,58.4676342831796,-0.295709351634354,0,0,0,-1
1.79000000000001,1.59999999999999,13.7892290920611,13.6964478729201,8.91532343012402,8.97547693882356,59.5715341002211,59.4799950668009,-0.119794702308202,0,0,0,0
2.02,1.79000000000001,13.4880103592979,13.7892290920611,8.77620018227376,8.91532343012402,60.1674513197918,59.5715341002211,0.292313451931442,0,0,0,1
2.75,2.02,14.2872922192615,13.4880103592979,7.79891947839077,8.77620018227376,63.0555868090858,60.1674513197918,-1.92325516729135,0,0,0,0
2.73999999999999,2.75,14.2249584123203,14.2872922192615,7.19814139899889,7.79891947839077,62.901227354949,63.0555868090858,0.637065780499267,0,0,0,0
3.06,2.73999999999999,14.3654532176376,14.2249584123203,7.56664397601101,7.19814139899889,63.0942290425757,62.901227354949,0.0708645063531286,0,0,0,-1
3.31999999999999,3.06,14.3123885263971,14.3654532176376,7.06955435807028,7.56664397601101,62.2893437161855,63.0942290425757,-0.442791343315005,0,0,0,1
3.73,3.31999999999999,14.2026267533281,14.3123885263971,7.10613940921409,7.06955435807028,62.9536577619129,62.2893437161855,-0.122485714305558,0,0,0,0
3.79000000000001,3.73,14.4070599716035,14.2026267533281,7.0681013583946,7.10613940921409,63.9041165579611,62.9536577619129,-0.34995749061331,0,0,0,0
4.06,3.79000000000001,13.7873160600647,14.4070599716035,7.08908315460663,7.0681013583946,64.9884934667612,63.9041165579611,4.79853379400944,0,0,0,0
4.65000000000001,4.06,13.9513966439033,13.7873160600647,7.08714664805733,7.08908315460663,64.4970582825749,64.9884934667612,-3.14136377945639,0,0,0,0
5.14,4.65000000000001,14.0136020127987,13.9513966439033,6.92395296241283,7.08714664805733,64.2840730745395,64.4970582825749,-0.558636367477391,0,0,0,0
5.53,5.14,14.0180229963935,14.0136020127987,6.95324515979899,6.92395296241283,64.0438404982321,64.2840730745395,0.0136584634519359,0,0,0,0
5.76000000000001,5.53,13.9808812228844,14.0180229963935,6.99423376482176,6.95324515979899,64.4291101710941,64.0438404982321,0.354806192694786,0,0,0,0
5.81999999999999,5.76000000000001,14.076581680077,13.9808812228844,7.0215657996492,6.99423376482176,65.2970992685991,64.4291101710941,-0.525692826875712,0,0,0,1
5.65000000000001,5.81999999999999,14.157755034195,14.076581680077,7.23598109878496,7.0215657996492,64.3188710950083,65.2970992685991,0.853238759669049,0,0,0,-1
6.06,5.65000000000001,13.5820707573399,14.157755034195,7.13742146119016,7.23598109878496,64.8640988526281,64.3188710950083,0.223469131078785,0,0,0,0
5.98999999999999,6.06,13.9887583664707,13.5820707573399,6.9058090958405,7.13742146119016,65.8024061911365,64.8640988526281,-0.955130924869447,0,0,0,0
5.86,5.98999999999999,13.8003031600072,13.9887583664707,7.28035057738603,6.9058090958405,65.8691451813372,65.8024061911365,0.0285164784650451,0,0,0,0
5.81999999999999,5.86,13.73385927671,13.8003031600072,7.6214401718364,7.28035057738603,66.889823945644,65.8691451813372,0.496396877265354,0,0,0,0
6.98999999999999,5.81999999999999,13.8007581398478,13.73385927671,7.62594672225249,7.6214401718364,67.2755562684883,66.889823945644,-0.146076127954611,0,0,0,0
7.84999999999999,6.98999999999999,13.7333038430417,13.8007581398478,7.45777817284148,7.62594672225249,68.5374382293513,67.2755562684883,0.541858599931217,0,0,0,0
7.87000000000001,7.84999999999999,13.5739320576846,13.7333038430417,7.7733671830382,7.45777817284148,67.5922770592624,68.5374382293513,-0.624837717399792,0,0,0,0
7.75,7.87000000000001,13.5438616710285,13.5739320576846,7.70986952065328,7.7733671830382,67.7923577781052,67.5922770592624,5.29167397660498,0,0,0,-1
8.05,7.75,12.9905446872521,13.5438616710285,7.78032791840152,7.70986952065328,70.1622903000148,67.7923577781052,-3.44916572281051,0,0,0,0
8.91,8.05,13.3780646595098,12.9905446872521,7.91191800914431,7.78032791840152,70.6904816896702,70.1622903000148,-2.73710325735289,0,0,0,1
16.25,8.91,14.2253670229109,13.3780646595098,7.641934647505,7.91191800914431,69.7416683536153,70.6904816896702,-1.87338904480528,0,0,0,0
17.81,16.25,14.0571038164078,14.2253670229109,7.81121294668109,7.641934647505,67.7943771823414,69.7416683536153,2.73143325452513,0,0,0,0
17.53,17.81,14.1434014081499,14.0571038164078,7.1509075732953,7.81121294668109,66.6514125547246,67.7943771823414,-0.724260211531156,0,0,0,0
17.28,17.53,14.7491125425782,14.1434014081499,6.21135496407471,7.1509075732953,65.880244344032,66.6514125547246,2.8657128594502,0,0,0,0
16.65,17.28,14.5022885684867,14.7491125425782,7.77992041435549,6.21135496407471,65.1113231632465,65.880244344032,-0.506434658915303,0,0,0,1
15.56,16.65,14.5333913966517,14.5022885684867,7.65511610472929,7.77992041435549,64.5978564077344,65.1113231632465,-0.921732476157693,0,0,0,-1
14.25,15.56,14.5356035242969,14.5333913966517,7.29884599512849,7.65511610472929,64.2210652012463,64.5978564077344,-0.176982568817097,0,0,0,0
13.23,14.25,14.4041879077044,14.5356035242969,7.82326703895894,7.29884599512849,64.4638976452146,64.2210652012463,-0.00987692322549982,0,0,0,0
12.73,13.23,14.5760085485594,14.4041879077044,7.54974463825305,7.82326703895894,64.8433091401636,64.4638976452146,-2.08697942896877,0,0,0,0
12.95,12.73,14.3126855872019,14.5760085485594,7.37033341262456,7.54974463825305,64.3376201407104,64.8433091401636,1.48234527551285,0,0,0,1
13.3,12.95,14.4597697753762,14.3126855872019,8.50868018981252,7.37033341262456,65.8422172208629,64.3376201407104,-0.0858261368690396,0,0,0,-1
12.35,13.3,14.3314344785082,14.4597697753762,8.30615746885356,8.50868018981252,65.3941417344462,65.8422172208629,0.0855621893392779,0,0,0,0
5.39,12.35,14.0856304327038,14.3314344785082,8.48819648275644,8.30615746885356,65.8248194166896,65.3941417344462,-0.0694924849490306,0,0,0,0
3.7,5.39,14.0421192569245,14.0856304327038,8.70515757026364,8.48819648275644,66.3849503942013,65.8248194166896,-0.0150522367082608,0,0,0,1
4.01000000000001,3.7,13.4210797970125,14.0421192569245,8.42203734004689,8.70515757026364,66.4073835308234,66.3849503942013,0.757592946502786,0,0,0,-1
4.11,4.01000000000001,13.4750527830047,13.4210797970125,8.22670243788096,8.42203734004689,66.7607207096719,66.4073835308234,2.4972290169703,0,0,0,0
4.81999999999999,4.11,13.1999456540078,13.4750527830047,8.51812761676235,8.22670243788096,62.2766557823168,66.7607207096719,-1.84168907065787,0,0,0,0
5.94,4.81999999999999,13.1115649111597,13.1999456540078,8.03195224482515,8.51812761676235,63.415377393362,62.2766557823168,0.850895361256956,0,0,0,0
7.37999999999999,5.94,13.0429760352313,13.1115649111597,8.23000111080962,8.03195224482515,64.6844052695598,63.415377393362,-3.24247020059627,0,0,0,0
8.16,7.37999999999999,12.8398605496024,13.0429760352313,9.13249079824224,8.23000111080962,64.9663980280978,64.6844052695598,2.21008655524883,0,0,0,0
8.98999999999999,8.16,12.9187508503501,12.8398605496024,8.62426041973504,9.13249079824224,64.6009833379865,64.9663980280978,-2.2378425154308,0,0,0,1
8.92,8.98999999999999,12.8850533810164,12.9187508503501,8.07043337881725,8.62426041973504,63.1401872074808,64.6009833379865,1.51933748883128,0,0,0,-1
8.88,8.92,12.9718394344243,12.8850533810164,8.7378537873623,8.07043337881725,64.5103613371419,63.1401872074808,-0.0387339306838328,0,0,0,0
8.66,8.88,12.8615781383706,12.9718394344243,9.63238948734696,8.7378537873623,63.841890845289,64.5103613371419,-1.74209617894006,0,0,0,0
8.45999999999999,8.66,12.7722070552499,12.8615781383706,8.36287775326593,9.63238948734696,63.737585024688,63.841890845289,1.37820301786078,0,0,0,0
8.73999999999999,8.45999999999999,12.7744213706955,12.7722070552499,8.31056484480876,8.36287775326593,61.6579652221976,63.737585024688,-0.147723243239266,0,0,0,0
8.81,8.73999999999999,12.3995629091885,12.7744213706955,8.13347430234544,8.31056484480876,61.6071646375303,61.6579652221976,1.99752624521402,0,0,0,0
9.34999999999999,8.81,12.4366397417836,12.3995629091885,7.6923449883926,8.13347430234544,61.9869566220374,61.6071646375303,-3.32207411321289,0,0,0,1
9.95999999999999,9.34999999999999,11.4749515788525,12.4366397417836,10.8615335995292,7.6923449883926,58.7961396632257,61.9869566220374,2.57929124483088,0,0,0,-1
10.21,9.95999999999999,11.4509224439974,11.4749515788525,8.84670397817879,10.8615335995292,58.3587159261181,58.7961396632257,1.37150917776396,0,0,0,0
9.64,10.21,11.4861898421499,11.4509224439974,9.25993404606663,8.84670397817879,57.3932459502226,58.3587159261181,-1.69837436785221,0,0,0,0
9.12,9.64,11.3115549286877,11.4861898421499,9.68965589002343,9.25993404606663,54.5789523874556,57.3932459502226,-0.0926841374253904,0,0,0,0
9.73999999999999,9.12,11.4474850529014,11.3115549286877,8.73336863482105,9.68965589002343,51.9793239402958,54.5789523874556,0.0683155196827663,0,0,0,0
10.65,9.73999999999999,12.1173363276972,11.4474850529014,8.74593216273811,8.73336863482105,50.268977786839,51.9793239402958,0.0971594068581645,0,0,0,1
10.85,10.65,12.0873617937182,12.1173363276972,9.56243501995431,8.74593216273811,52.048434325716,50.268977786839,0.167552665291165,0,0,0,-1
11.23,10.85,12.3766024884612,12.0873617937182,7.53384234884391,9.56243501995431,51.0507419352154,52.048434325716,-0.199229542945385,0,0,0,0
11.14,11.23,12.638276237679,12.3766024884612,7.13240087834571,7.53384234884391,50.2998780607199,51.0507419352154,0.230801283085562,0,0,0,0
11.11,11.14,12.5640338320326,12.638276237679,7.3136952021561,7.13240087834571,50.1776433717456,50.2998780607199,-0.910546663580597,0,0,0,0
10.82,11.11,12.633341222161,12.5640338320326,7.12612505384187,7.3136952021561,49.7987741005913,50.1776433717456,-1.10175622401147,0,0,0,0
10.21,10.82,13.0743858517088,12.633341222161,7.24209826139213,7.12612505384187,49.076416357419,49.7987741005913,1.65838241362351,0,0,0,0
9.68000000000001,10.21,12.2524551078128,13.0743858517088,7.65772119049253,7.24209826139213,48.2818643376494,49.076416357419,-0.694869746936615,0,0,0,0
9.14,9.68000000000001,12.265330863065,12.2524551078128,7.814781201931,7.65772119049253,48.370817083808,48.2818643376494,0.241865546751328,0,0,0,1
9.15000000000001,9.14,12.3381316093212,12.265330863065,8.37141397814832,7.814781201931,48.1984981139705,48.370817083808,0.47542100114168,0,0,0,-1
4.48999999999999,0,13.7282947035021,0,10.0484146536309,0,51.4355469057919,0,-0.233318385153751,0,0,0,0
4.40000000000001,4.48999999999999,13.7463930196056,13.7282947035021,10.4229778144311,10.0484146536309,51.9704703359828,51.4355469057919,0.0463141473731241,0,0,0,0
4.19,4.40000000000001,13.6150051215428,13.7463930196056,10.4690930088424,10.4229778144311,53.3324539781263,51.9704703359828,-0.35785203631988,0,0,0,0
4.16,4.19,13.570096794394,13.6150051215428,10.4656674064849,10.4690930088424,53.7660424911175,53.3324539781263,-0.084639006412992,0,0,0,1
3.78,4.16,13.3561968819968,13.570096794394,10.196458770568,10.4656674064849,54.20993110318,53.7660424911175,0.224833048530936,0,0,0,-1
3.81999999999999,3.78,13.5426634418436,13.3561968819968,10.1369172187483,10.196458770568,54.5512620630217,54.20993110318,-0.0873685308722294,0,0,0,0
3.5,3.81999999999999,13.5711305619754,13.5426634418436,9.84919800995108,10.1369172187483,54.9798826041166,54.5512620630217,-0.544289851517746,0,0,0,0
3.05,3.5,13.7378431949218,13.5711305619754,9.51981399366131,9.84919800995108,55.3270351031268,54.9798826041166,0.234458260675932,0,0,0,0
2.72,3.05,13.6204926151804,13.7378431949218,9.44542461895681,9.51981399366131,55.2908649339285,55.3270351031268,0.604131732419482,0,0,0,0
2.39,2.72,13.5923693616666,13.6204926151804,9.20458186075938,9.44542461895681,55.4851436181728,55.2908649339285,0.224298545394849,0,0,0,0
1.98,2.39,13.4971183202548,13.5923693616666,8.99702018746299,9.20458186075938,55.2859431590742,55.4851436181728,-0.172903457899903,0,0,0,0
1.12,1.98,13.4253781261413,13.4971183202548,9.12473449777403,8.99702018746299,57.8948197638486,55.2859431590742,-0.295709351634354,0,0,0,-1
1.15000000000001,1.12,13.5684557101116,13.4253781261413,8.8770824092782,9.12473449777403,57.8273066976007,57.8948197638486,-0.119794702308202,0,0,0,0
1.7,1.15000000000001,13.3137566662087,13.5684557101116,8.55847504758938,8.8770824092782,58.1033698037941,57.8273066976007,0.292313451931442,0,0,0,1
2.3,1.7,14.1676885743368,13.3137566662087,7.81543864084768,8.55847504758938,58.783808852498,58.1033698037941,-1.92325516729135,0,0,0,0
2.41,2.3,14.1627366515088,14.1676885743368,6.84105768478101,7.81543864084768,58.2278528180796,58.783808852498,0.637065780499267,0,0,0,0
2.58,2.41,14.3134294830253,14.1627366515088,7.13526537704668,6.84105768478101,58.0864394330914,58.2278528180796,0.0708645063531286,0,0,0,-1
2.76000000000001,2.58,14.286652464765,14.3134294830253,7.00904421442517,7.13526537704668,57.8855997966483,58.0864394330914,-0.442791343315005,0,0,0,1
3.02,2.76000000000001,14.1474010437601,14.286652464765,6.99848854444516,7.00904421442517,58.3161444541187,57.8855997966483,-0.122485714305558,0,0,0,0
2.95,3.02,14.3754553601588,14.1474010437601,7.11472950503266,6.99848854444516,58.7153534596195,58.3161444541187,-0.34995749061331,0,0,0,0
3.7,2.95,13.7865041841177,14.3754553601588,7.10082861692732,7.11472950503266,63.3012043909209,58.7153534596195,4.79853379400944,0,0,0,0
4.22,3.7,13.9579037735881,13.7865041841177,7.01264404934742,7.10082861692732,63.3103582181894,63.3012043909209,-3.14136377945639,0,0,0,0
4.51000000000001,4.22,13.998639234878,13.9579037735881,7.13382106006774,7.01264404934742,63.3686679964874,63.3103582181894,-0.558636367477391,0,0,0,0
5.06999999999999,4.51000000000001,14.0332288866578,13.998639234878,6.73529826359668,7.13382106006774,58.2334939780903,63.3686679964874,0.0136584634519359,0,0,0,0
5.48999999999999,5.06999999999999,14.0050502747114,14.0332288866578,6.80462644337741,6.73529826359668,58.6884565920671,58.2334939780903,0.354806192694786,0,0,0,0
5.42,5.48999999999999,14.1264700738125,14.0050502747114,6.97825532881524,6.80462644337741,59.0866435853946,58.6884565920671,-0.525692826875712,0,0,0,1
5.34999999999999,5.42,14.2059859990042,14.1264700738125,7.0451141442508,6.97825532881524,59.0008313550891,59.0866435853946,0.853238759669049,0,0,0,-1
5.5,5.34999999999999,13.5864544600857,14.2059859990042,6.95914596301459,7.0451141442508,59.1812742288994,59.0008313550891,0.223469131078785,0,0,0,0
5.84,5.5,13.9158735545565,13.5864544600857,6.49711078263615,6.95914596301459,59.3415605867716,59.1812742288994,-0.955130924869447,0,0,0,0
5.92,5.84,13.961642153161,13.9158735545565,7.35584931066231,6.49711078263615,56.4449717997273,59.3415605867716,0.0285164784650451,0,0,0,0
5.98,5.92,13.8661146953689,13.961642153161,7.65048316323752,7.35584931066231,57.368193323207,56.4449717997273,0.496396877265354,0,0,0,0
6.52,5.98,13.9717168049614,13.8661146953689,7.048390898589,7.65048316323752,57.9521123300472,57.368193323207,-0.146076127954611,0,0,0,0
6.8,6.52,13.8804815894544,13.9717168049614,7.38552667238344,7.048390898589,58.9473675674213,57.9521123300472,0.541858599931217,0,0,0,0
7.29000000000001,6.8,13.702928110105,13.8804815894544,7.24102038154375,7.38552667238344,59.0434441960228,58.9473675674213,-0.624837717399792,0,0,0,0
7.77,7.29000000000001,13.6629059387658,13.702928110105,7.66257792052037,7.24102038154375,59.0599808207706,59.0434441960228,5.29167397660498,0,0,0,-1
8.01000000000001,7.77,13.0866152565312,13.6629059387658,7.91518022438753,7.66257792052037,57.7753546808551,59.0599808207706,-3.44916572281051,0,0,0,0
8.51000000000001,8.01000000000001,13.3480779250947,13.0866152565312,7.91094488868909,7.91518022438753,58.168770940632,57.7753546808551,-2.73710325735289,0,0,0,1
15.4,8.51000000000001,14.2624319332835,13.3480779250947,7.98743242441567,7.91094488868909,57.4069381206785,58.168770940632,-1.87338904480528,0,0,0,0
16.45,15.4,14.0905497427591,14.2624319332835,7.92421026567558,7.98743242441567,55.8113116697771,57.4069381206785,2.73143325452513,0,0,0,0
15.82,16.45,14.1709054438261,14.0905497427591,3.32698983907429,7.92421026567558,54.8359769098341,55.8113116697771,-0.724260211531156,0,0,0,0
14.8,15.82,14.8396528328566,14.1709054438261,5.77854060983497,3.32698983907429,54.3288871947989,54.8359769098341,2.8657128594502,0,0,0,0
13.67,14.8,14.592486249189,14.8396528328566,5.3836826515319,5.77854060983497,54.1816020377549,54.3288871947989,-0.506434658915303,0,0,0,1
13.03,13.67,14.6466126708426,14.592486249189,5.85416850754498,5.3836826515319,53.7826096825512,54.1816020377549,-0.921732476157693,0,0,0,-1
12.66,13.03,14.639695334857,14.6466126708426,5.93796331043554,5.85416850754498,53.9770943420765,53.7826096825512,-0.176982568817097,0,0,0,0
11.63,12.66,14.5238339644455,14.639695334857,6.77623118999446,5.93796331043554,54.0782967806295,53.9770943420765,-0.00987692322549982,0,0,0,0
10.75,11.63,14.7675132608927,14.5238339644455,6.64899020063695,6.77623118999446,54.2090100636152,54.0782967806295,-2.08697942896877,0,0,0,0
10.77,10.75,14.4992269213812,14.7675132608927,5.75418991749436,6.64899020063695,54.2173427871227,54.2090100636152,1.48234527551285,0,0,0,1
10.32,10.77,14.645075975684,14.4992269213812,7.68610295009474,5.75418991749436,54.9957818813842,54.2173427871227,-0.0858261368690396,0,0,0,-1
9.67,10.32,14.4900087149655,14.645075975684,7.5153037689585,7.68610295009474,54.8266070289709,54.9957818813842,0.0855621893392779,0,0,0,0
2.7,9.67,14.3081559571901,14.4900087149655,8.10646098479647,7.5153037689585,55.4170031939531,54.8266070289709,-0.0694924849490306,0,0,0,0
1.69,2.7,14.2145918774399,14.3081559571901,8.41263794536103,8.10646098479647,56.0292339116825,55.4170031939531,-0.0150522367082608,0,0,0,1
1.8,1.69,13.5293942944444,14.2145918774399,8.29019839093609,8.41263794536103,56.5601522722487,56.0292339116825,0.757592946502786,0,0,0,-1
2.41,1.8,13.5251860701097,13.5293942944444,8.06342449826844,8.29019839093609,57.1063659621028,56.5601522722487,2.4972290169703,0,0,0,0
3.43000000000001,2.41,13.22727239545,13.5251860701097,8.17657043851048,8.06342449826844,57.8209941588099,57.1063659621028,-1.84168907065787,0,0,0,0
4.20999999999999,3.43000000000001,13.1136181413657,13.22727239545,7.894997769209,8.17657043851048,59.0381949541879,57.8209941588099,0.850895361256956,0,0,0,0
4.83,4.20999999999999,13.0268841148891,13.1136181413657,7.7567268459893,7.894997769209,60.3187483844213,59.0381949541879,-3.24247020059627,0,0,0,0
5.45,4.83,12.8225073678367,13.0268841148891,8.31064364438686,7.7567268459893,60.9682828837174,60.3187483844213,2.21008655524883,0,0,0,0
6.3,5.45,12.8720751447207,12.8225073678367,8.28167617019928,8.31064364438686,60.9290481422931,60.9682828837174,-2.2378425154308,0,0,0,1
5.73,6.3,12.9392284316905,12.8720751447207,7.94142382383681,8.28167617019928,59.822520679683,60.9290481422931,1.51933748883128,0,0,0,-1
6.27,5.73,13.0317173966767,12.9392284316905,9.52654415585353,7.94142382383681,59.4680383871841,59.822520679683,-0.0387339306838328,0,0,0,0
6.19,6.27,12.9099662220312,13.0317173966767,10.1311953005407,9.52654415585353,58.7743827079754,59.4680383871841,-1.74209617894006,0,0,0,0
6.16,6.19,12.8177104226265,12.9099662220312,8.68791589448493,10.1311953005407,58.5690748126021,58.7743827079754,1.37820301786078,0,0,0,0
6.18000000000001,6.16,12.8135787480635,12.8177104226265,8.97289777020393,8.68791589448493,58.9660727697581,58.5690748126021,-0.147723243239266,0,0,0,0
6.59,6.18000000000001,12.4393226111941,12.8135787480635,8.89886632247562,8.97289777020393,59.0050024061475,58.9660727697581,1.99752624521402,0,0,0,0
6.87000000000001,6.59,12.5280659340454,12.4393226111941,8.10542419500417,8.89886632247562,59.406674312229,59.0050024061475,-3.32207411321289,0,0,0,1
7.56999999999999,6.87000000000001,11.5358766571204,12.5280659340454,10.5016354365683,8.10542419500417,58.837684343121,59.406674312229,2.57929124483088,0,0,0,-1
7.45,7.56999999999999,11.5179947124458,11.5358766571204,9.66544092270163,10.5016354365683,58.4539638801367,58.837684343121,1.37150917776396,0,0,0,0
7.44,7.45,11.5269692601442,11.5179947124458,9.64211752686856,9.66544092270163,57.7385480344344,58.4539638801367,-1.69837436785221,0,0,0,0
7.37999999999999,7.44,11.3746793134288,11.5269692601442,9.4693165205341,9.64211752686856,57.4192127052041,57.7385480344344,-0.0926841374253904,0,0,0,0
7.81,7.37999999999999,11.5294498041901,11.3746793134288,9.41725818227381,9.4693165205341,54.2147469961287,57.4192127052041,0.0683155196827663,0,0,0,0
8.70999999999999,7.81,12.1967162510093,11.5294498041901,8.57899422925874,9.41725818227381,52.1354672286774,54.2147469961287,0.0971594068581645,0,0,0,1
9.06999999999999,8.70999999999999,12.1298675885618,12.1967162510093,8.35801612290415,8.57899422925874,49.9007643093865,52.1354672286774,0.167552665291165,0,0,0,-1
9.5,9.06999999999999,12.4103720270942,12.1298675885618,7.79966365124373,8.35801612290415,48.9894024603992,49.9007643093865,-0.199229542945385,0,0,0,0
9.61,9.5,12.6735317284584,12.4103720270942,8.30905323816274,7.79966365124373,48.2796711769125,48.9894024603992,0.230801283085562,0,0,0,0
9.48999999999999,9.61,12.5991578958129,12.6735317284584,7.666198622562,8.30905323816274,47.5917427059769,48.2796711769125,-0.910546663580597,0,0,0,0
9.28,9.48999999999999,12.6756294439089,12.5991578958129,6.88536358849847,7.666198622562,47.185434589934,47.5917427059769,-1.10175622401147,0,0,0,0
8.94,9.28,13.1501134157249,12.6756294439089,7.90151212578965,6.88536358849847,46.5082611666138,47.185434589934,1.65838241362351,0,0,0,0
9.23,8.94,12.2036973640168,13.1501134157249,7.91972235223764,7.90151212578965,45.6352749108644,46.5082611666138,-0.694869746936615,0,0,0,0
8.65000000000001,9.23,12.2266748680227,12.2036973640168,7.81384313991034,7.91972235223764,45.7374756638272,45.6352749108644,0.241865546751328,0,0,0,1
8.73999999999999,8.65000000000001,12.2956598373313,12.2266748680227,8.70122589681886,7.81384313991034,45.4956045699847,45.7374756638272,0.47542100114168,0,0,0,-1
4.02,0,13.5748187018914,0,10.2305402645747,0,58.1823151016007,0,-0.233318385153751,0,-0.233318385153751,0,0
4.42,4.02,13.5616212299049,13.5748187018914,10.5337945953718,10.2305402645747,57.4846310175368,58.1823151016007,0.0463141473731241,0,0.0463141473731241,0,0
3.44,4.42,13.4802230625265,13.5616212299049,10.8446535794608,10.5337945953718,58.6449509956015,57.4846310175368,-0.35785203631988,0,-0.35785203631988,0,0
3.84,3.44,13.4517096342371,13.4802230625265,10.7110032345605,10.8446535794608,57.3721926150834,58.6449509956015,-0.084639006412992,0,-0.084639006412992,0,1
4.09999999999999,3.84,13.174422385325,13.4517096342371,10.4851103045881,10.7110032345605,56.5173615964925,57.3721926150834,0.224833048530936,0,0.224833048530936,0,-1
4.45999999999999,4.09999999999999,13.4488692352852,13.174422385325,10.3658337988765,10.4851103045881,54.5812192770806,56.5173615964925,-0.0873685308722294,0,-0.0873685308722294,0,0
4.69,4.45999999999999,13.5694102733408,13.4488692352852,10.1711839492068,10.3658337988765,54.9665004595902,54.5812192770806,-0.544289851517746,0,-0.544289851517746,0,0
4.90000000000001,4.69,13.7500225233303,13.5694102733408,9.93569802335341,10.1711839492068,54.6363749202965,54.9665004595902,0.234458260675932,0,0.234458260675932,0,0
4.55,4.90000000000001,13.6584959694474,13.7500225233303,9.61948449871606,9.93569802335341,54.4664865604567,54.6363749202965,0.604131732419482,0,0.604131732419482,0,0
4.27,4.55,13.6599832120246,13.6584959694474,9.42141815272896,9.61948449871606,53.639108889722,54.4664865604567,0.224298545394849,0,0.224298545394849,0,0
4.15000000000001,4.27,13.5462987578602,13.6599832120246,9.1828988194825,9.42141815272896,51.7043649708723,53.639108889722,-0.172903457899903,0,-0.172903457899903,0,0
3.23,4.15000000000001,13.4686668047183,13.5462987578602,6.67296037447156,9.1828988194825,50.8920671940852,51.7043649708723,-0.295709351634354,0,-0.295709351634354,0,-1
3.45,3.23,13.575383715649,13.4686668047183,5.09856809035094,6.67296037447156,51.3585118002789,50.8920671940852,-0.119794702308202,0,-0.119794702308202,0,0
2.90000000000001,3.45,13.30269274197,13.575383715649,5.85834953661966,5.09856809035094,51.9843064956344,51.3585118002789,0.292313451931442,0,0.292313451931442,0,1
3.78,2.90000000000001,14.2394118366884,13.30269274197,5.75995653094738,5.85834953661966,52.717167088493,51.9843064956344,-1.92325516729135,0,-1.92325516729135,0,0
3.3,3.78,14.1926495535597,14.2394118366884,6.31935355952641,5.75995653094738,52.8173829465439,52.717167088493,0.637065780499267,0,0.637065780499267,0,0
3.03,3.3,14.3450432450698,14.1926495535597,6.52137451651431,6.31935355952641,53.0872918537793,52.8173829465439,0.0708645063531286,0,0.0708645063531286,0,-1
2.5,3.03,14.2583696833923,14.3450432450698,6.63601119471785,6.52137451651431,53.1524488689709,53.0872918537793,-0.442791343315005,0,-0.442791343315005,0,1
2.40000000000001,2.5,14.0852163178443,14.2583696833923,6.6693044165619,6.63601119471785,54.0896345132452,53.1524488689709,-0.122485714305558,0,-0.122485714305558,0,0
2.95,2.40000000000001,14.3176635135215,14.0852163178443,6.6550508789192,6.6693044165619,54.7161582081551,54.0896345132452,-0.34995749061331,0,-0.34995749061331,0,0
3.20999999999999,2.95,13.6773333677575,14.3176635135215,6.76792214968439,6.6550508789192,54.6768024245023,54.7161582081551,4.79853379400944,0,4.79853379400944,0,0
3.67,3.20999999999999,13.8314619339936,13.6773333677575,6.8552339232884,6.76792214968439,54.3147568038929,54.6768024245023,-3.14136377945639,0,-3.14136377945639,0,0
3.95,3.67,13.8935044707529,13.8314619339936,6.72265587427968,6.8552339232884,54.1172627319423,54.3147568038929,-0.558636367477391,0,-0.558636367477391,0,0
4.59999999999999,3.95,13.9151501023819,13.8935044707529,5.93667027626395,6.72265587427968,54.5714507587191,54.1172627319423,0.0136584634519359,0,0.0136584634519359,0,0
4.69,4.59999999999999,13.8852501252032,13.9151501023819,6.48971570588391,5.93667027626395,55.0550409246354,54.5714507587191,0.354806192694786,0,0.354806192694786,0,0
4.77,4.69,14.0125428705059,13.8852501252032,6.49316005560464,6.48971570588391,55.8444769309965,55.0550409246354,-0.525692826875712,0,-0.525692826875712,0,1
5.05,4.77,14.1984392019383,14.0125428705059,6.27551865253241,6.49316005560464,55.9794232144954,55.8444769309965,0.853238759669049,0,0.853238759669049,0,-1
5.58,5.05,13.5282508826054,14.1984392019383,6.40044274273072,6.27551865253241,56.4299198156346,55.9794232144954,0.223469131078785,0,0.223469131078785,0,0
5.34,5.58,13.9670184599384,13.5282508826054,6.19211076031573,6.40044274273072,57.4618588754847,56.4299198156346,-0.955130924869447,0,-0.955130924869447,0,0
6.12999999999999,5.34,13.7632544724829,13.9670184599384,6.58683489307151,6.19211076031573,59.1712749065179,57.4618588754847,0.0285164784650451,0,0.0285164784650451,0,0
6.39,6.12999999999999,13.6784491630604,13.7632544724829,6.52804717303164,6.58683489307151,60.4960377990058,59.1712749065179,0.496396877265354,0,0.496396877265354,0,0
5.76000000000001,6.39,13.8171172272487,13.6784491630604,6.52951899913084,6.52804717303164,61.4115490678902,60.4960377990058,-0.146076127954611,0,-0.146076127954611,0,0
5.97,5.76000000000001,13.6925364777925,13.8171172272487,5.9250938916546,6.52951899913084,61.6190028510198,61.4115490678902,0.541858599931217,0,0.541858599931217,0,0
5.95,5.97,13.5243238915821,13.6925364777925,5.9788043889172,5.9250938916546,61.2437423522265,61.6190028510198,-0.624837717399792,0,-0.624837717399792,0,0
6.18000000000001,5.95,13.4990295910779,13.5243238915821,5.86680069133897,5.9788043889172,60.8309168088424,61.2437423522265,5.29167397660498,0,5.29167397660498,0,-1
6.20999999999999,6.18000000000001,12.9340446949076,13.4990295910779,5.82128221460778,5.86680069133897,60.7248502798929,60.8309168088424,-3.44916572281051,0,-3.44916572281051,0,0
6.52,6.20999999999999,13.1103434421276,12.9340446949076,5.13188296538495,5.82128221460778,61.2825475743831,60.7248502798929,-2.73710325735289,0,-2.73710325735289,0,1
10.96,6.52,14.0252972645853,13.1103434421276,4.74111384187549,5.13188296538495,61.0554139315937,61.2825475743831,-1.87338904480528,0,-1.87338904480528,0,0
12.87,10.96,13.890858508415,14.0252972645853,3.46578711240325,4.74111384187549,60.3272819304967,61.0554139315937,2.73143325452513,0,2.73143325452513,0,0
12.97,12.87,13.9886674517679,13.890858508415,4.64115884731633,3.46578711240325,59.698697487457,60.3272819304967,-0.724260211531156,0,-0.724260211531156,0,0
12.92,12.97,14.6710374918546,13.9886674517679,5.01050750038789,4.64115884731633,59.3512020035278,59.698697487457,2.8657128594502,0,2.8657128594502,0,0
11.68,12.92,14.3675449588264,14.6710374918546,5.23735822293029,5.01050750038789,59.4324262845162,59.3512020035278,-0.506434658915303,0,-0.506434658915303,0,1
11.17,11.68,14.4046072958793,14.3675449588264,5.27001508620079,5.23735822293029,60.02728040458,59.4324262845162,-0.921732476157693,0,-0.921732476157693,0,-1
11.38,11.17,14.3780663783723,14.4046072958793,5.51084244004495,5.27001508620079,60.3192843976889,60.02728040458,-0.176982568817097,0,-0.176982568817097,0,0
11.41,11.38,14.248238284715,14.3780663783723,6.20055904627261,5.51084244004495,60.7610571798428,60.3192843976889,-0.00987692322549982,0,-0.00987692322549982,0,0
11.91,11.41,14.5365093127714,14.248238284715,5.92756968108199,6.20055904627261,60.6663740596349,60.7610571798428,-2.08697942896877,0,-2.08697942896877,0,0
12.31,11.91,14.3283709235874,14.5365093127714,5.33381235954484,5.92756968108199,60.6120858328545,60.6663740596349,1.48234527551285,0,1.48234527551285,0,1
12.84,12.31,14.4666969447932,14.3283709235874,5.89958448518535,5.33381235954484,58.8276372726635,60.6120858328545,-0.0858261368690396,0,-0.0858261368690396,0,-1
12.5,12.84,14.3091677834711,14.4666969447932,6.0685348223936,5.89958448518535,58.937330060842,58.8276372726635,0.0855621893392779,0,0.0855621893392779,0,0
8.33,12.5,14.0940154335211,14.3091677834711,6.19180472389253,6.0685348223936,59.5004645081062,58.937330060842,-0.0694924849490306,0,-0.0694924849490306,0,0
6.69,8.33,13.9429237922799,14.0940154335211,6.30140592118266,6.19180472389253,59.6208400886854,59.5004645081062,-0.0150522367082608,0,-0.0150522367082608,0,1
6.23999999999999,6.69,13.2138460116075,13.9429237922799,6.18906895523505,6.30140592118266,60.0001086228481,59.6208400886854,0.757592946502786,0,0.757592946502786,0,-1
6.01000000000001,6.23999999999999,13.2511250754275,13.2138460116075,5.96908525191301,6.18906895523505,60.7107503545883,60.0001086228481,2.4972290169703,0,2.4972290169703,0,0
6.34,6.01000000000001,12.9701851612109,13.2511250754275,6.07342394922281,5.96908525191301,61.4670498506907,60.7107503545883,-1.84168907065787,0,-1.84168907065787,0,0
6.66,6.34,12.8125548861801,12.9701851612109,6.24042682563283,6.07342394922281,63.0717977833925,61.4670498506907,0.850895361256956,0,0.850895361256956,0,0
6.98,6.66,12.7630855167251,12.8125548861801,6.01193806697748,6.24042682563283,64.3861573108423,63.0717977833925,-3.24247020059627,0,-3.24247020059627,0,0
7.73999999999999,6.98,12.5514976191711,12.7630855167251,6.00559088942642,6.01193806697748,65.2865794570979,64.3861573108423,2.21008655524883,0,2.21008655524883,0,0
7.87000000000001,7.73999999999999,12.6224387360074,12.5514976191711,5.78164207962457,6.00559088942642,65.5648772181216,65.2865794570979,-2.2378425154308,0,-2.2378425154308,0,1
7.37999999999999,7.87000000000001,12.7360121972891,12.6224387360074,5.12554472919359,5.78164207962457,65.0443911969308,65.5648772181216,1.51933748883128,0,1.51933748883128,0,-1
6.81999999999999,7.37999999999999,12.8602004494313,12.7360121972891,5.28831627935765,5.12554472919359,64.877870490829,65.0443911969308,-0.0387339306838328,0,-0.0387339306838328,0,0
6.94,6.81999999999999,12.7662346976744,12.8602004494313,6.36273188344305,5.28831627935765,64.5243719987515,64.877870490829,-1.74209617894006,0,-1.74209617894006,0,0
7.15000000000001,6.94,12.6887707464707,12.7662346976744,6.23520025395885,6.36273188344305,64.5642176257808,64.5243719987515,1.37820301786078,0,1.37820301786078,0,0
7.31,7.15000000000001,12.7142400434993,12.6887707464707,5.13508667504999,6.23520025395885,63.3915271643173,64.5642176257808,-0.147723243239266,0,-0.147723243239266,0,0
7.42,7.31,12.3433572580999,12.7142400434993,5.1585270333965,5.13508667504999,63.4693325846688,63.3915271643173,1.99752624521402,0,1.99752624521402,0,0
7.98,7.42,12.4707182077208,12.3433572580999,5.7744013542027,5.1585270333965,64.2470718647889,63.4693325846688,-3.32207411321289,0,-3.32207411321289,0,1
8.86,7.98,11.3970159724962,12.4707182077208,5.1601119571269,5.7744013542027,63.7146808987071,64.2470718647889,2.57929124483088,0,2.57929124483088,0,-1
9.23,8.86,11.3407821296303,11.3970159724962,5.33102819077319,5.1601119571269,64.1959636968364,63.7146808987071,1.37150917776396,0,1.37150917776396,0,0
9.09999999999999,9.23,11.3332256242495,11.3407821296303,5.10830105069865,5.33102819077319,63.9607283622352,64.1959636968364,-1.69837436785221,0,-1.69837436785221,0,0
9.15000000000001,9.09999999999999,11.1762919790333,11.3332256242495,5.63242703578986,5.10830105069865,62.8958944855352,63.9607283622352,-0.0926841374253904,0,-0.0926841374253904,0,0
9.29000000000001,9.15000000000001,11.3308773275583,11.1762919790333,5.34382072254984,5.63242703578986,60.9855913291,62.8958944855352,0.0683155196827663,0,0.0683155196827663,0,0
9.23999999999999,9.29000000000001,12.1118243308852,11.3308773275583,5.62858834826289,5.34382072254984,59.1639215091914,60.9855913291,0.0971594068581645,0,0.0971594068581645,0,1
9.81,9.23999999999999,12.1316725215722,12.1118243308852,6.23766555862192,5.62858834826289,57.5686464548877,59.1639215091914,0.167552665291165,0,0.167552665291165,0,-1
10.18,9.81,12.4447606913061,12.1316725215722,5.0210102165004,6.23766555862192,56.8220592956596,57.5686464548877,-0.199229542945385,0,-0.199229542945385,0,0
9.95999999999999,10.18,12.7305354250587,12.4447606913061,5.66173791291877,5.0210102165004,56.2084103691418,56.8220592956596,0.230801283085562,0,0.230801283085562,0,0
9.89,9.95999999999999,12.6689052580488,12.7305354250587,5.19618753703184,5.66173791291877,55.9633630500414,56.2084103691418,-0.910546663580597,0,-0.910546663580597,0,0
9.86,9.89,12.7893687500713,12.6689052580488,4.32963939105188,5.19618753703184,55.5566231027946,55.9633630500414,-1.10175622401147,0,-1.10175622401147,0,0
9.48999999999999,9.86,13.174100043046,12.7893687500713,4.67898500311082,4.32963939105188,55.049116627627,55.5566231027946,1.65838241362351,0,1.65838241362351,0,0
9.62,9.48999999999999,12.2271429376948,13.174100043046,4.11415215902571,4.67898500311082,54.6190383096838,55.049116627627,-0.694869746936615,0,-0.694869746936615,0,0
8.75,9.62,12.2682320777086,12.2271429376948,4.5503359479227,4.11415215902571,55.0829624913218,54.6190383096838,0.241865546751328,0,0.241865546751328,0,1
8.93000000000001,8.75,12.3205702987186,12.2682320777086,5.25211339957858,4.5503359479227,54.8585449041267,55.0829624913218,0.47542100114168,0,0.47542100114168,0,-1
4.84999999999999,0,13.8847892766928,0,10.008504535443,0,53.0591959596255,0,-0.233318385153751,0,0,-0.233318385153751,0
4.56999999999999,4.84999999999999,13.8962086420949,13.8847892766928,10.4694585626374,10.008504535443,53.6344148767626,53.0591959596255,0.0463141473731241,0,0,0.0463141473731241,0
4.62999999999999,4.56999999999999,13.7653742354358,13.8962086420949,10.6969602955607,10.4694585626374,55.2458455703778,53.6344148767626,-0.35785203631988,0,0,-0.35785203631988,0
4.89,4.62999999999999,13.7505262829206,13.7653742354358,10.3747847490797,10.6969602955607,55.6527580282913,55.2458455703778,-0.084639006412992,0,0,-0.084639006412992,1
3.98999999999999,4.89,13.3049664628207,13.7505262829206,10.1936467585014,10.3747847490797,55.9435487918645,55.6527580282913,0.224833048530936,0,0,0.224833048530936,-1
3.65000000000001,3.98999999999999,13.6394246284893,13.3049664628207,10.1559789087251,10.1936467585014,58.8706426049071,55.9435487918645,-0.0873685308722294,0,0,-0.0873685308722294,0
3.09999999999999,3.65000000000001,14.0270070607422,13.6394246284893,9.93782774568378,10.1559789087251,59.3984914399198,58.8706426049071,-0.544289851517746,0,0,-0.544289851517746,0
2.95999999999999,3.09999999999999,14.1708328006577,14.0270070607422,9.74852596959336,9.93782774568378,59.8853344090742,59.3984914399198,0.234458260675932,0,0,0.234458260675932,0
2.68000000000001,2.95999999999999,14.1465177077298,14.1708328006577,9.59247708286115,9.74852596959336,57.5584566487673,59.8853344090742,0.604131732419482,0,0,0.604131732419482,0
2.69,2.68000000000001,14.3457762245001,14.1465177077298,9.31377902916181,9.59247708286115,57.2931550117766,57.5584566487673,0.224298545394849,0,0,0.224298545394849,0
1.87,2.69,14.1662501018379,14.3457762245001,9.18121355044864,9.31377902916181,57.5366976696624,57.2931550117766,-0.172903457899903,0,0,-0.172903457899903,0
1.47,1.87,14.1270179643507,14.1662501018379,9.04468913884374,9.18121355044864,70.0793490083584,57.5366976696624,-0.295709351634354,0,0,-0.295709351634354,-1
0.870000000000005,1.47,14.2517106939734,14.1270179643507,8.93072129641877,9.04468913884374,70.1498530061302,70.0793490083584,-0.119794702308202,0,0,-0.119794702308202,0
1.27,0.870000000000005,13.8948286475351,14.2517106939734,8.78549526479675,8.93072129641877,70.6865487580187,70.1498530061302,0.292313451931442,0,0,0.292313451931442,1
2.28,1.27,14.6010914580745,13.8948286475351,8.78373463416196,8.78549526479675,67.4113469324677,70.6865487580187,-1.92325516729135,0,0,-1.92325516729135,0
2.04000000000001,2.28,14.2960684761473,14.6010914580745,7.76344874165397,8.78373463416196,66.553688766449,67.4113469324677,0.637065780499267,0,0,0.637065780499267,0
2.97,2.04000000000001,14.4650897549347,14.2960684761473,7.51254870076972,7.76344874165397,66.6162269836822,66.553688766449,0.0708645063531286,0,0,0.0708645063531286,-1
2.94,2.97,14.4584383654578,14.4650897549347,7.28723886854415,7.51254870076972,59.7821174445116,66.6162269836822,-0.442791343315005,0,0,-0.442791343315005,1
3.31,2.94,14.2725875562986,14.4584383654578,7.3488192190647,7.28723886854415,60.2249038687373,59.7821174445116,-0.122485714305558,0,0,-0.122485714305558,0
3.67,3.31,14.7217195673488,14.2725875562986,7.4418331037779,7.3488192190647,60.7051006231484,60.2249038687373,-0.34995749061331,0,0,-0.34995749061331,0
4.47,3.67,14.0944018229881,14.7217195673488,7.47497366974087,7.4418331037779,57.9276981364738,60.7051006231484,4.79853379400944,0,0,4.79853379400944,0
4.37000000000001,4.47,14.2320187982567,14.0944018229881,7.54342027959914,7.47497366974087,58.4638900272118,57.9276981364738,-3.14136377945639,0,0,-3.14136377945639,0
5.05,4.37000000000001,14.1613798613266,14.2320187982567,7.34340482263577,7.54342027959914,58.4174029097634,58.4638900272118,-0.558636367477391,0,0,-0.558636367477391,0
5.02,5.05,14.2402148565915,14.1613798613266,7.09527200777922,7.34340482263577,58.294425752875,58.4174029097634,0.0136584634519359,0,0,0.0136584634519359,0
5.84,5.02,14.181304210659,14.2402148565915,7.04656922959397,7.09527200777922,58.9110699498649,58.294425752875,0.354806192694786,0,0,0.354806192694786,0
6.84999999999999,5.84,14.2562006065609,14.181304210659,6.79607895130956,7.04656922959397,59.5547388774928,58.9110699498649,-0.525692826875712,0,0,-0.525692826875712,1
5.78,6.84999999999999,14.3982159224259,14.2562006065609,7.0990727666877,6.79607895130956,61.5404427143191,59.5547388774928,0.853238759669049,0,0,0.853238759669049,-1
6.2,5.78,13.7519465695378,14.3982159224259,7.28116247099317,7.0990727666877,62.642758153476,61.5404427143191,0.223469131078785,0,0,0.223469131078785,0
6.29000000000001,6.2,14.130478496862,13.7519465695378,6.67474501882351,7.28116247099317,63.3562152610174,62.642758153476,-0.955130924869447,0,0,-0.955130924869447,0
6.94,6.29000000000001,13.8211444143187,14.130478496862,7.23806343131208,6.67474501882351,64.1749133307616,63.3562152610174,0.0285164784650451,0,0,0.0285164784650451,0
7,6.94,13.6436453182997,13.8211444143187,7.61270353480814,7.23806343131208,65.3695194292559,64.1749133307616,0.496396877265354,0,0,0.496396877265354,0
7.90000000000001,7,13.6451076951761,13.6436453182997,7.6874597262386,7.61270353480814,66.2832381579818,65.3695194292559,-0.146076127954611,0,0,-0.146076127954611,0
9.31,7.90000000000001,13.5304622273741,13.6451076951761,7.53437484580798,7.6874597262386,67.5806504138352,66.2832381579818,0.541858599931217,0,0,0.541858599931217,0
9.31999999999999,9.31,13.4400025091972,13.5304622273741,8.04096166624105,7.53437484580798,68.019140751496,67.5806504138352,-0.624837717399792,0,0,-0.624837717399792,0
9.18000000000001,9.31999999999999,13.5030919007156,13.4400025091972,7.88838616963528,8.04096166624105,68.3245074564728,68.019140751496,5.29167397660498,0,0,5.29167397660498,-1
9.79000000000001,9.18000000000001,12.9776926091828,13.5030919007156,8.33415465626389,7.88838616963528,67.1784051964306,68.3245074564728,-3.44916572281051,0,0,-3.44916572281051,0
9.70999999999999,9.79000000000001,13.991697687718,12.9776926091828,8.25904602434274,8.33415465626389,67.7548528965524,67.1784051964306,-2.73710325735289,0,0,-2.73710325735289,1
15.94,9.70999999999999,14.823115841704,13.991697687718,8.47157696666887,8.25904602434274,67.0814634269412,67.7548528965524,-1.87338904480528,0,0,-1.87338904480528,0
17.48,15.94,14.5787683263321,14.823115841704,8.93831126452939,8.47157696666887,66.227401720925,67.0814634269412,2.73143325452513,0,0,2.73143325452513,0
17.47,17.48,14.592103437418,14.5787683263321,5.58633229233583,8.93831126452939,65.4126106920299,66.227401720925,-0.724260211531156,0,0,-0.724260211531156,0
16.45,17.47,15.1628450854245,14.592103437418,7.15084587135824,5.58633229233583,64.7036319838915,65.4126106920299,2.8657128594502,0,0,2.8657128594502,0
14.77,16.45,14.8536893480273,15.1628450854245,6.5540879887519,7.15084587135824,62.9702976470307,64.7036319838915,-0.506434658915303,0,0,-0.506434658915303,1
13.42,14.77,14.7181762021111,14.8536893480273,7.11968693933661,6.5540879887519,63.0366465015034,62.9702976470307,-0.921732476157693,0,0,-0.921732476157693,-1
12.96,13.42,14.6676150889284,14.7181762021111,7.67132742154175,7.11968693933661,63.8081253456381,63.0366465015034,-0.176982568817097,0,0,-0.176982568817097,0
11.21,12.96,14.5347516304887,14.6676150889284,8.60225200419851,7.67132742154175,63.9546709492803,63.8081253456381,-0.00987692322549982,0,0,-0.00987692322549982,0
10.58,11.21,14.7161560599067,14.5347516304887,8.29866724844091,8.60225200419851,64.7151796831991,63.9546709492803,-2.08697942896877,0,0,-2.08697942896877,0
11.2,10.58,14.5070313642759,14.7161560599067,7.62733596782392,8.29866724844091,65.6340775442664,64.7151796831991,1.48234527551285,0,0,1.48234527551285,1
11.29,11.2,14.6410482589553,14.5070313642759,9.04337384740125,7.62733596782392,65.8730424456363,65.6340775442664,-0.0858261368690396,0,0,-0.0858261368690396,-1
11.25,11.29,14.4564594037512,14.6410482589553,8.78125410829506,9.04337384740125,66.2244918143779,65.8730424456363,0.0855621893392779,0,0,0.0855621893392779,0
3.90000000000001,11.25,14.31714939771,14.4564594037512,8.6542781702545,8.78125410829506,67.016353461048,66.2244918143779,-0.0694924849490306,0,0,-0.0694924849490306,0
2.62,3.90000000000001,14.1544158809055,14.31714939771,8.91440592865422,8.6542781702545,67.8850328497361,67.016353461048,-0.0150522367082608,0,0,-0.0150522367082608,1
2.09,2.62,13.6144833178536,14.1544158809055,8.74967308147433,8.91440592865422,68.9924179215071,67.8850328497361,0.757592946502786,0,0,0.757592946502786,-1
2.88,2.09,13.632286242715,13.6144833178536,9.1418564323788,8.74967308147433,70.1327214015083,68.9924179215071,2.4972290169703,0,0,2.4972290169703,0
4.39,2.88,13.3942891236758,13.632286242715,9.04296713735185,9.1418564323788,69.5171654304303,70.1327214015083,-1.84168907065787,0,0,-1.84168907065787,0
5.48999999999999,4.39,13.2533709603204,13.3942891236758,8.57729595830794,9.04296713735185,71.7476621362195,69.5171654304303,0.850895361256956,0,0,0.850895361256956,0
6.05,5.48999999999999,13.1493059613149,13.2533709603204,8.42314244737036,8.57729595830794,73.806134789989,71.7476621362195,-3.24247020059627,0,0,-3.24247020059627,0
6.61,6.05,12.8235544080352,13.1493059613149,8.84742066898683,8.42314244737036,76.0453654804204,73.806134789989,2.21008655524883,0,0,2.21008655524883,0
7.42,6.61,12.8667971015735,12.8235544080352,8.3964710956463,8.84742066898683,77.1952948951995,76.0453654804204,-2.2378425154308,0,0,-2.2378425154308,1
7.06,7.42,12.8480228008892,12.8667971015735,8.68508362253292,8.3964710956463,76.9902365909998,77.1952948951995,1.51933748883128,0,0,1.51933748883128,-1
7.45999999999999,7.06,12.9313577074328,12.8480228008892,8.97453583619912,8.68508362253292,79.8790175293688,76.9902365909998,-0.0387339306838328,0,0,-0.0387339306838328,0
7.55,7.45999999999999,12.8731800597744,12.9313577074328,9.73213660722276,8.97453583619912,80.2057795329791,79.8790175293688,-1.74209617894006,0,0,-1.74209617894006,0
7.47,7.55,12.7575179805965,12.8731800597744,8.93338764230776,9.73213660722276,80.7764825499156,80.2057795329791,1.37820301786078,0,0,1.37820301786078,0
7.67,7.47,12.7120840475202,12.7575179805965,8.60200615787732,8.93338764230776,81.536823361822,80.7764825499156,-0.147723243239266,0,0,-0.147723243239266,0
8.36,7.67,12.2863884804941,12.7120840475202,8.49880298855744,8.60200615787732,81.9993881821425,81.536823361822,1.99752624521402,0,0,1.99752624521402,0
8.55,8.36,12.4209659582984,12.2863884804941,8.33489950195769,8.49880298855744,82.9208170058677,81.9993881821425,-3.32207411321289,0,0,-3.32207411321289,1
9.31999999999999,8.55,11.4802686551861,12.4209659582984,11.5175065645959,8.33489950195769,77.4644148494412,82.9208170058677,2.57929124483088,0,0,2.57929124483088,-1
10.1,9.31999999999999,11.4251517385254,11.4802686551861,10.9931028694347,11.5175065645959,77.876347116347,77.4644148494412,1.37150917776396,0,0,1.37150917776396,0
9.77,10.1,11.3985889844123,11.4251517385254,10.6566923153654,10.9931028694347,77.6653379251972,77.876347116347,-1.69837436785221,0,0,-1.69837436785221,0
9.63,9.77,11.2238263801636,11.3985889844123,11.4911295798093,10.6566923153654,77.7047465864995,77.6653379251972,-0.0926841374253904,0,0,-0.0926841374253904,0
9.87,9.63,11.3920836712662,11.2238263801636,10.1974681384586,11.4911295798093,73.9128677397056,77.7047465864995,0.0683155196827663,0,0,0.0683155196827663,0
9.70999999999999,9.87,12.0537841120724,11.3920836712662,9.35816508420693,10.1974681384586,72.0181938119769,73.9128677397056,0.0971594068581645,0,0,0.0971594068581645,1
9.06,9.70999999999999,12.0582255839249,12.0537841120724,8.17987708969261,9.35816508420693,70.5975169626945,72.0181938119769,0.167552665291165,0,0,0.167552665291165,-1
9.44,9.06,12.3577871681091,12.0582255839249,7.5180869047002,8.17987708969261,69.7154081514045,70.5975169626945,-0.199229542945385,0,0,-0.199229542945385,0
10.18,9.44,12.6275339974006,12.3577871681091,8.0207607066398,7.5180869047002,68.9548886722647,69.7154081514045,0.230801283085562,0,0,0.230801283085562,0
9.77,10.18,12.5830352141285,12.6275339974006,7.10736115349659,8.0207607066398,68.6564225518514,68.9548886722647,-0.910546663580597,0,0,-0.910546663580597,0
9.56999999999999,9.77,12.6509431990238,12.5830352141285,7.5661348025625,7.10736115349659,68.3863889438869,68.6564225518514,-1.10175622401147,0,0,-1.10175622401147,0
8.77,9.56999999999999,13.0500666044823,12.6509431990238,7.7075167666945,7.5661348025625,67.441851192742,68.3863889438869,1.65838241362351,0,0,1.65838241362351,0
8.26000000000001,8.77,12.2290479833093,13.0500666044823,7.6509196840443,7.7075167666945,66.1084788388924,67.441851192742,-0.694869746936615,0,0,-0.694869746936615,0
6.62000000000001,8.26000000000001,12.2585853120032,12.2290479833093,8.12776247343985,7.6509196840443,65.9625071281906,66.1084788388924,0.241865546751328,0,0,0.241865546751328,1
7,6.62000000000001,12.2976046733041,12.2585853120032,7.22875293453999,8.12776247343985,65.4235507937289,65.9625071281906,0.47542100114168,0,0,0.47542100114168,-1
4.67,0,14.1234361308594,0,10.121664828665,0,52.118084804556,0,-0.233318385153751,-0.233318385153751,0,0,0
4.92,4.67,14.1043665728375,14.1234361308594,10.40349500569,10.121664828665,52.9300951418429,52.118084804556,0.0463141473731241,0.0463141473731241,0,0,0
4.73999999999999,4.92,13.9831888107962,14.1043665728375,10.5454050338667,10.40349500569,53.7676043308388,52.9300951418429,-0.35785203631988,-0.35785203631988,0,0,0
4.67,4.73999999999999,14.0028831960573,13.9831888107962,10.5158216540451,10.5454050338667,54.3158955593707,53.7676043308388,-0.084639006412992,-0.084639006412992,0,0,1
4.34999999999999,4.67,13.8359911531429,14.0028831960573,10.1786519642353,10.5158216540451,54.727573384245,54.3158955593707,0.224833048530936,0.224833048530936,0,0,-1
4.48999999999999,4.34999999999999,14.0672963727687,13.8359911531429,10.1548090050946,10.1786519642353,54.7268664322044,54.727573384245,-0.0873685308722294,-0.0873685308722294,0,0,0
4.16,4.48999999999999,14.1144340471917,14.0672963727687,9.81927969952586,10.1548090050946,55.3840544433658,54.7268664322044,-0.544289851517746,-0.544289851517746,0,0,0
3.89,4.16,14.2115700195274,14.1144340471917,9.60915413712933,9.81927969952586,56.0274796947826,55.3840544433658,0.234458260675932,0.234458260675932,0,0,0
3.43000000000001,3.89,14.0937662260359,14.2115700195274,9.28457188967297,9.60915413712933,56.376148668277,56.0274796947826,0.604131732419482,0.604131732419482,0,0,0
3.17,3.43000000000001,14.1757020559841,14.0937662260359,9.15664183610828,9.28457188967297,56.8782925186659,56.376148668277,0.224298545394849,0.224298545394849,0,0,0
2.84999999999999,3.17,14.0544753455074,14.1757020559841,9.04511928410475,9.15664183610828,57.419648578118,56.8782925186659,-0.172903457899903,-0.172903457899903,0,0,0
2.26000000000001,2.84999999999999,14.1425944799465,14.0544753455074,8.95246060115829,9.04511928410475,57.5497668377967,57.419648578118,-0.295709351634354,-0.295709351634354,0,0,-1
2.27,2.26000000000001,14.2784339439755,14.1425944799465,8.82519265466287,8.95246060115829,57.9528091569701,57.5497668377967,-0.119794702308202,-0.119794702308202,0,0,0
2.20999999999999,2.27,13.9945498823799,14.2784339439755,8.62773013541889,8.82519265466287,58.6034626643311,57.9528091569701,0.292313451931442,0.292313451931442,0,0,1
2.84,2.20999999999999,14.6602369932902,13.9945498823799,8.2177287817683,8.62773013541889,58.7609272757507,58.6034626643311,-1.92325516729135,-1.92325516729135,0,0,0
2.68000000000001,2.84,14.5643801043776,14.6602369932902,7.67245313040814,8.2177287817683,58.955927698772,58.7609272757507,0.637065780499267,0.637065780499267,0,0,0
2.81999999999999,2.68000000000001,14.7755284401367,14.5643801043776,7.73399188065403,7.67245313040814,59.3908808864315,58.955927698772,0.0708645063531286,0.0708645063531286,0,0,-1
2.81999999999999,2.81999999999999,14.6556377684986,14.7755284401367,7.41417976547112,7.73399188065403,59.542805860173,59.3908808864315,-0.442791343315005,-0.442791343315005,0,0,1
3.17,2.81999999999999,14.5788007961578,14.6556377684986,7.16762812038439,7.41417976547112,60.5834886741695,59.542805860173,-0.122485714305558,-0.122485714305558,0,0,0
3.39,3.17,14.7439713579729,14.5788007961578,7.20583084083432,7.16762812038439,61.5076088044677,60.5834886741695,-0.34995749061331,-0.34995749061331,0,0,0
3.7,3.39,14.2200998725748,14.7439713579729,7.28198073683455,7.20583084083432,62.6532176465282,61.5076088044677,4.79853379400944,4.79853379400944,0,0,0
4.2,3.7,14.3304090865585,14.2200998725748,7.42070593990176,7.28198073683455,62.7444259112063,62.6532176465282,-3.14136377945639,-3.14136377945639,0,0,0
4.78,4.2,14.4656954768789,14.3304090865585,7.33249486624645,7.42070593990176,63.065144640912,62.7444259112063,-0.558636367477391,-0.558636367477391,0,0,0
5.08,4.78,14.4100926648029,14.4656954768789,7.31428648694027,7.33249486624645,63.3148661620909,63.065144640912,0.0136584634519359,0.0136584634519359,0,0,0
5.59999999999999,5.08,14.427783162913,14.4100926648029,7.29357886048047,7.31428648694027,64.1112593790717,63.3148661620909,0.354806192694786,0.354806192694786,0,0,0
5.93000000000001,5.59999999999999,14.4667040993136,14.427783162913,7.2282275654717,7.29357886048047,65.6076392146147,64.1112593790717,-0.525692826875712,-0.525692826875712,0,0,1
5.83,5.93000000000001,14.4040226395193,14.4667040993136,7.34917363267357,7.2282275654717,66.49307954452,65.6076392146147,0.853238759669049,0.853238759669049,0,0,-1
6.37000000000001,5.83,13.9422969084163,14.4040226395193,7.23156319613463,7.34917363267357,67.2952504668119,66.49307954452,0.223469131078785,0.223469131078785,0,0,0
7.08,6.37000000000001,14.3281194312919,13.9422969084163,7.02047675252684,7.23156319613463,68.3740607057101,67.2952504668119,-0.955130924869447,-0.955130924869447,0,0,0
7.41,7.08,14.1572700064796,14.3281194312919,7.45830523060491,7.02047675252684,68.6040438027302,68.3740607057101,0.0285164784650451,0.0285164784650451,0,0,0
7.09999999999999,7.41,14.1421514468185,14.1572700064796,7.76555530872111,7.45830523060491,69.4532161895579,68.6040438027302,0.496396877265354,0.496396877265354,0,0,0
7.70999999999999,7.09999999999999,14.0800980924744,14.1421514468185,7.5501153042501,7.76555530872111,69.9168931249501,69.4532161895579,-0.146076127954611,-0.146076127954611,0,0,0
8.2,7.70999999999999,14.0490944383274,14.0800980924744,7.42797207068243,7.5501153042501,70.8569766953351,69.9168931249501,0.541858599931217,0.541858599931217,0,0,0
8.78,8.2,13.9075970200376,14.0490944383274,7.32686580246718,7.42797207068243,70.889637045582,70.8569766953351,-0.624837717399792,-0.624837717399792,0,0,0
8.66,8.78,13.843768202101,13.9075970200376,7.65356686755197,7.32686580246718,70.371184040098,70.889637045582,5.29167397660498,5.29167397660498,0,0,-1
8.90000000000001,8.66,13.3533579226461,13.843768202101,7.93439024598097,7.65356686755197,70.5053823840081,70.371184040098,-3.44916572281051,-3.44916572281051,0,0,0
9.06999999999999,8.90000000000001,13.9129183280645,13.3533579226461,7.99110447761754,7.93439024598097,71.1487967452288,70.5053823840081,-2.73710325735289,-2.73710325735289,0,0,1
18.08,9.06999999999999,14.739029140694,13.9129183280645,7.84871011912826,7.99110447761754,70.2152490922862,71.1487967452288,-1.87338904480528,-1.87338904480528,0,0,0
18.59,18.08,14.5749817480279,14.739029140694,7.30244402741794,7.84871011912826,68.7540766918099,70.2152490922862,2.73143325452513,2.73143325452513,0,0,0
18.01,18.59,14.6131858005953,14.5749817480279,6.21489552812213,7.30244402741794,67.6616793167205,68.7540766918099,-0.724260211531156,-0.724260211531156,0,0,0
16.2,18.01,15.3033382378993,14.6131858005953,6.67766560590296,6.21489552812213,67.0030838871524,67.6616793167205,2.8657128594502,2.8657128594502,0,0,0
15.23,16.2,15.0209332585845,15.3033382378993,7.20407245707411,6.67766560590296,66.7793140737622,67.0030838871524,-0.506434658915303,-0.506434658915303,0,0,1
14.72,15.23,15.0607941184471,15.0209332585845,7.1543000552562,7.20407245707411,66.6372690657368,66.7793140737622,-0.921732476157693,-0.921732476157693,0,0,-1
13.97,14.72,15.0787396003796,15.0607941184471,6.92936322482603,7.1543000552562,67.2804576498229,66.6372690657368,-0.176982568817097,-0.176982568817097,0,0,0
12.79,13.97,14.9504682164744,15.0787396003796,7.40074381556146,6.92936322482603,67.3572176735057,67.2804576498229,-0.00987692322549982,-0.00987692322549982,0,0,0
11.76,12.79,14.8975085574493,14.9504682164744,7.15588136054435,7.40074381556146,67.4876368647618,67.3572176735057,-2.08697942896877,-2.08697942896877,0,0,0
11.37,11.76,14.6223160069282,14.8975085574493,6.8207859588122,7.15588136054435,68.0097282857535,67.4876368647618,1.48234527551285,1.48234527551285,0,0,1
11.55,11.37,14.7937516356037,14.6223160069282,7.987123441469,6.8207859588122,68.8669408861157,68.0097282857535,-0.0858261368690396,-0.0858261368690396,0,0,-1
10.74,11.55,14.6551753692499,14.7937516356037,8.0627305212512,7.987123441469,68.7782007711843,68.8669408861157,0.0855621893392779,0.0855621893392779,0,0,0
1.91,10.74,14.3190983220211,14.6551753692499,7.91328650487307,8.0627305212512,69.5322828518742,68.7782007711843,-0.0694924849490306,-0.0694924849490306,0,0,0
1.08,1.91,14.2342042329551,14.3190983220211,8.45125150993275,7.91328650487307,70.0796501420628,69.5322828518742,-0.0150522367082608,-0.0150522367082608,0,0,1
0.930000000000007,1.08,13.7361165967162,14.2342042329551,8.28181454237164,8.45125150993275,70.808546684013,70.0796501420628,0.757592946502786,0.757592946502786,0,0,-1
2.20999999999999,0.930000000000007,13.7441179511417,13.7361165967162,8.15353245301596,8.28181454237164,71.5801319965332,70.808546684013,2.4972290169703,2.4972290169703,0,0,0
2.98999999999999,2.20999999999999,13.5180735748552,13.7441179511417,8.0223023555931,8.15353245301596,72.1364281900342,71.5801319965332,-1.84168907065787,-1.84168907065787,0,0,0
4.29000000000001,2.98999999999999,13.4747316202376,13.5180735748552,7.8821372628232,8.0223023555931,73.5736917415517,72.1364281900342,0.850895361256956,0.850895361256956,0,0,0
5,4.29000000000001,13.3777221736776,13.4747316202376,7.66169708483922,7.8821372628232,75.2682303509473,73.5736917415517,-3.24247020059627,-3.24247020059627,0,0,0
6.37000000000001,5,13.1701068039704,13.3777221736776,7.93074290492407,7.66169708483922,76.3752667310972,75.2682303509473,2.21008655524883,2.21008655524883,0,0,0
6.98,6.37000000000001,13.2202520689407,13.1701068039704,8.16488422243698,7.93074290492407,76.5838819595983,76.3752667310972,-2.2378425154308,-2.2378425154308,0,0,1
7.06,6.98,13.1413184176948,13.2202520689407,7.75120833885956,8.16488422243698,76.0495286254689,76.5838819595983,1.51933748883128,1.51933748883128,0,0,-1
7.34,7.06,13.236591027483,13.1413184176948,7.91275302482264,7.75120833885956,75.553914503601,76.0495286254689,-0.0387339306838328,-0.0387339306838328,0,0,0
7.42,7.34,13.1356660498068,13.236591027483,8.96549324649712,7.91275302482264,75.657598649625,75.553914503601,-1.74209617894006,-1.74209617894006,0,0,0
7.28,7.42,13.0056648936074,13.1356660498068,8.17809256158757,8.96549324649712,75.8229322083827,75.657598649625,1.37820301786078,1.37820301786078,0,0,0
7.67,7.28,12.9464977125733,13.0056648936074,8.20804991978737,8.17809256158757,75.7971161669054,75.8229322083827,-0.147723243239266,-0.147723243239266,0,0,0
8.43000000000001,7.67,12.567041339973,12.9464977125733,7.76130474815836,8.20804991978737,75.9764923496194,75.7971161669054,1.99752624521402,1.99752624521402,0,0,0
8.45999999999999,8.43000000000001,12.5470608401624,12.567041339973,7.38274766405416,7.76130474815836,76.9707888445785,75.9764923496194,-3.32207411321289,-3.32207411321289,0,0,1
9.04000000000001,8.45999999999999,11.7552462723174,12.5470608401624,10.2562845270129,7.38274766405416,75.9239444852695,76.9707888445785,2.57929124483088,2.57929124483088,0,0,-1
8.95,9.04000000000001,11.7472173718895,11.7552462723174,9.57558773777731,10.2562845270129,75.5174266531578,75.9239444852695,1.37150917776396,1.37150917776396,0,0,0
8.70999999999999,8.95,11.8541122124765,11.7472173718895,9.04826406174249,9.57558773777731,74.6756248132891,75.5174266531578,-1.69837436785221,-1.69837436785221,0,0,0
8.31999999999999,8.70999999999999,11.6696497832887,11.8541122124765,9.96395750893625,9.04826406174249,73.541300011838,74.6756248132891,-0.0926841374253904,-0.0926841374253904,0,0,0
8.83,8.31999999999999,11.7676671157738,11.6696497832887,9.37535674747998,9.96395750893625,71.2208738273847,73.541300011838,0.0683155196827663,0.0683155196827663,0,0,0
9.66,8.83,12.31151489357,11.7676671157738,8.69502170374024,9.37535674747998,68.2978155807296,71.2208738273847,0.0971594068581645,0.0971594068581645,0,0,1
10.03,9.66,12.3332038378829,12.31151489357,8.52980971793411,8.69502170374024,66.7587496911433,68.2978155807296,0.167552665291165,0.167552665291165,0,0,-1
10.65,10.03,12.5959794255235,12.3332038378829,8.07251105176237,8.52980971793411,65.5392885147318,66.7587496911433,-0.199229542945385,-0.199229542945385,0,0,0
11.1,10.65,12.8116312461539,12.5959794255235,7.51217601796957,8.07251105176237,64.6880149437118,65.5392885147318,0.230801283085562,0.230801283085562,0,0,0
10.74,11.1,12.6858568560811,12.8116312461539,7.63461748251938,7.51217601796957,63.8511286220523,64.6880149437118,-0.910546663580597,-0.910546663580597,0,0,0
10.56,10.74,12.7114564890655,12.6858568560811,7.496199808858,7.63461748251938,63.1133967451636,63.8511286220523,-1.10175622401147,-1.10175622401147,0,0,0
10.07,10.56,13.1814637894731,12.7114564890655,7.65379712635808,7.496199808858,62.1695503908046,63.1133967451636,1.65838241362351,1.65838241362351,0,0,0
9.59999999999999,10.07,12.4981154105971,13.1814637894731,7.59601743896423,7.65379712635808,61.578100904636,62.1695503908046,-0.694869746936615,-0.694869746936615,0,0,0
8.41,9.59999999999999,12.5013514993845,12.4981154105971,7.79455804212521,7.59601743896423,61.5417028620717,61.578100904636,0.241865546751328,0.241865546751328,0,0,1
8.76000000000001,8.41,12.5437934865618,12.5013514993845,8.36328036166162,7.79455804212521,61.1494342706698,61.5417028620717,0.47542100114168,0.47542100114168,0,0,-1
6.37999999999999,0,13.8266003757468,0,10.4954605833484,0,50.8672882601912,0,-0.233318385153751,0,0,0,0
6.56999999999999,6.37999999999999,13.7371189559826,13.8266003757468,10.4923352992936,10.4954605833484,50.9431842586888,50.8672882601912,0.0463141473731241,0,0,0,0
6.40000000000001,6.56999999999999,13.6420394919643,13.7371189559826,10.7147735505604,10.4923352992936,51.0377871590016,50.9431842586888,-0.35785203631988,0,0,0,0
6.43000000000001,6.40000000000001,13.6067603935691,13.6420394919643,10.7070590085881,10.7147735505604,51.2651433461733,51.0377871590016,-0.084639006412992,0,0,0,1
5.86,6.43000000000001,13.4372621834875,13.6067603935691,10.3744785063199,10.7070590085881,51.9838828955084,51.2651433461733,0.224833048530936,0,0,0,-1
5.56999999999999,5.86,13.6635665032412,13.4372621834875,10.2477009791643,10.3744785063199,51.0470573553291,51.9838828955084,-0.0873685308722294,0,0,0,0
5.39,5.56999999999999,13.7140509373429,13.6635665032412,10.0270528832889,10.2477009791643,51.0960128720612,51.0470573553291,-0.544289851517746,0,0,0,0
4.76000000000001,5.39,13.9039672625952,13.7140509373429,9.75281828723921,10.0270528832889,51.6376297530804,51.0960128720612,0.234458260675932,0,0,0,0
4.27,4.76000000000001,13.7779603474444,13.9039672625952,9.73405070146328,9.75281828723921,52.8600896083816,51.6376297530804,0.604131732419482,0,0,0,0
4.06999999999999,4.27,13.7837883814455,13.7779603474444,9.30602564570006,9.73405070146328,53.0066276746675,52.8600896083816,0.224298545394849,0,0,0,0
3.44,4.06999999999999,13.7200210475386,13.7837883814455,9.23352439654001,9.30602564570006,53.1371197270977,53.0066276746675,-0.172903457899903,0,0,0,0
2.62,3.44,13.6478785840389,13.7200210475386,9.15873202148998,9.23352439654001,55.6072122683289,53.1371197270977,-0.295709351634354,0,0,0,-1
2.11,2.62,13.7491101538109,13.6478785840389,9.26872808550015,9.15873202148998,55.7680991977334,55.6072122683289,-0.119794702308202,0,0,0,0
2.27,2.11,13.5179152901943,13.7491101538109,9.02434070586415,9.26872808550015,56.2157867056336,55.7680991977334,0.292313451931442,0,0,0,1
3.22,2.27,14.383541769048,13.5179152901943,8.62288152520043,9.02434070586415,54.3918409262227,56.2157867056336,-1.92325516729135,0,0,0,0
3.18000000000001,3.22,14.4136943129197,14.383541769048,7.77234086863988,8.62288152520043,54.0115726670197,54.3918409262227,0.637065780499267,0,0,0,0
3.65000000000001,3.18000000000001,14.570834103023,14.4136943129197,7.83257789609152,7.77234086863988,53.8569526695557,54.0115726670197,0.0708645063531286,0,0,0,-1
4.03,3.65000000000001,14.506197413679,14.570834103023,7.48991057300197,7.83257789609152,53.0827760090267,53.8569526695557,-0.442791343315005,0,0,0,1
4.22,4.03,14.4118095421696,14.506197413679,7.13958020389946,7.48991057300197,54.0284029102418,53.0827760090267,-0.122485714305558,0,0,0,0
4.68000000000001,4.22,14.6658029872652,14.4118095421696,7.47994129013499,7.13958020389946,54.8640615710534,54.0284029102418,-0.34995749061331,0,0,0,0
4.97,4.68000000000001,14.08090138103,14.6658029872652,7.25960823980609,7.47994129013499,56.342919331006,54.8640615710534,4.79853379400944,0,0,0,0
5.52,4.97,14.228231275516,14.08090138103,7.39099138220073,7.25960823980609,56.7380880326276,56.342919331006,-3.14136377945639,0,0,0,0
6.01000000000001,5.52,14.2610805869686,14.228231275516,7.27129310917678,7.39099138220073,56.6694634837437,56.7380880326276,-0.558636367477391,0,0,0,0
6.56999999999999,6.01000000000001,14.2999670575695,14.2610805869686,6.92810437825257,7.27129310917678,57.0337716472099,56.6694634837437,0.0136584634519359,0,0,0,0
7.23,6.56999999999999,14.2284210877066,14.2999670575695,6.96552639359728,6.92810437825257,57.7585143261707,57.0337716472099,0.354806192694786,0,0,0,0
7.48999999999999,7.23,14.2791857429858,14.2284210877066,6.78764690092431,6.96552639359728,58.9686238630263,57.7585143261707,-0.525692826875712,0,0,0,1
7.52,7.48999999999999,14.4217472667141,14.2791857429858,7.06738367101725,6.78764690092431,60.1990401289246,58.9686238630263,0.853238759669049,0,0,0,-1
8.06999999999999,7.52,13.8184290921281,14.4217472667141,7.51773430394956,7.06738367101725,61.4076095319789,60.1990401289246,0.223469131078785,0,0,0,0
8.36,8.06999999999999,14.2345130272615,13.8184290921281,7.23026078039196,7.51773430394956,62.4866533218525,61.4076095319789,-0.955130924869447,0,0,0,0
8.22,8.36,14.0701782440177,14.2345130272615,7.61405787713464,7.23026078039196,58.1979708372861,62.4866533218525,0.0285164784650451,0,0,0,0
8.31999999999999,8.22,13.9899662474672,14.0701782440177,7.8127030860962,7.61405787713464,59.1389519904379,58.1979708372861,0.496396877265354,0,0,0,0
8.70999999999999,8.31999999999999,14.1106481079018,13.9899662474672,7.78039417491347,7.8127030860962,59.7439619827644,59.1389519904379,-0.146076127954611,0,0,0,0
9.70999999999999,8.70999999999999,14.0082558841648,14.1106481079018,8.0440995867722,7.78039417491347,59.0767249805065,59.7439619827644,0.541858599931217,0,0,0,0
10.12,9.70999999999999,13.8732849894286,14.0082558841648,7.94661712178695,8.0440995867722,59.2621020426166,59.0767249805065,-0.624837717399792,0,0,0,0
10.22,10.12,13.8818171186053,13.8732849894286,8.22856932724746,7.94661712178695,59.3661772602229,59.2621020426166,5.29167397660498,0,0,0,-1
11.13,10.22,13.3389414554594,13.8818171186053,7.8784644433602,8.22856932724746,64.3304085856331,59.3661772602229,-3.44916572281051,0,0,0,0
11.53,11.13,13.735450076025,13.3389414554594,8.55432771766332,7.8784644433602,65.0109063749713,64.3304085856331,-2.73710325735289,0,0,0,1
21.72,11.53,14.5394657608153,13.735450076025,8.7248758502644,8.55432771766332,64.2681036538439,65.0109063749713,-1.87338904480528,0,0,0,0
21.69,21.72,14.3802055944633,14.5394657608153,8.56656726584598,8.7248758502644,62.9699553998213,64.2681036538439,2.73143325452513,0,0,0,0
20.37,21.69,14.3864508024443,14.3802055944633,8.35286294678032,8.56656726584598,62.0532284879644,62.9699553998213,-0.724260211531156,0,0,0,0
18.67,20.37,15.1073803071572,14.3864508024443,8.90510649257877,8.35286294678032,61.4375829981035,62.0532284879644,2.8657128594502,0,0,0,0
17.99,18.67,14.8579698503686,15.1073803071572,7.27615516952418,8.90510649257877,59.0006718593346,61.4375829981035,-0.506434658915303,0,0,0,1
16.52,17.99,14.9587399608137,14.8579698503686,7.07586851570847,7.27615516952418,59.1258086625351,59.0006718593346,-0.921732476157693,0,0,0,-1
15.55,16.52,14.9086897827652,14.9587399608137,6.49389747617086,7.07586851570847,59.5416862123096,59.1258086625351,-0.176982568817097,0,0,0,0
14.1,15.55,14.8078578286884,14.9086897827652,7.28711195034764,6.49389747617086,58.0296710837969,59.5416862123096,-0.00987692322549982,0,0,0,0
12.9,14.1,15.0039397450332,14.8078578286884,7.31521210570313,7.28711195034764,58.2496787712796,58.0296710837969,-2.08697942896877,0,0,0,0
12.73,12.9,14.7743160927975,15.0039397450332,6.54218997516046,7.31521210570313,58.4939089174953,58.2496787712796,1.48234527551285,0,0,0,1
12.07,12.73,14.9463826511937,14.7743160927975,8.09820173149173,6.54218997516046,59.1993131892906,58.4939089174953,-0.0858261368690396,0,0,0,-1
10.58,12.07,14.7725888212538,14.9463826511937,7.84303774736911,8.09820173149173,59.070800959902,59.1993131892906,0.0855621893392779,0,0,0,0
0.620000000000005,10.58,14.6456907060236,14.7725888212538,7.7754541606461,7.84303774736911,59.9086237393238,59.070800959902,-0.0694924849490306,0,0,0,0
-0.219999999999999,0.620000000000005,14.5273726597826,14.6456907060236,8.28809960143214,7.7754541606461,61.8955709058732,59.9086237393238,-0.0150522367082608,0,0,0,1
0.260000000000005,-0.219999999999999,13.8199806414266,14.5273726597826,8.14023768635811,8.28809960143214,62.851886583259,61.8955709058732,0.757592946502786,0,0,0,-1
1.72,0.260000000000005,13.8209382896362,13.8199806414266,8.63135158234093,8.14023768635811,63.6661935119123,62.851886583259,2.4972290169703,0,0,0,0
2.65000000000001,1.72,13.4828863791816,13.8209382896362,8.31790996080368,8.63135158234093,61.941489922479,63.6661935119123,-1.84168907065787,0,0,0,0
5.05,2.65000000000001,13.3142199497518,13.4828863791816,7.88314047333408,8.31790996080368,63.5580945221846,61.941489922479,0.850895361256956,0,0,0,0
6.37999999999999,5.05,13.2491805090116,13.3142199497518,7.94208936284443,7.88314047333408,65.2511665647974,63.5580945221846,-3.24247020059627,0,0,0,0
8.09,6.37999999999999,13.0521957206743,13.2491805090116,8.37457607080942,7.94208936284443,65.4010442846955,65.2511665647974,2.21008655524883,0,0,0,0
8.95,8.09,13.0437106751175,13.0521957206743,7.89340124097316,8.37457607080942,65.6896282221001,65.4010442846955,-2.2378425154308,0,0,0,1
8.90000000000001,8.95,13.1080287489405,13.0437106751175,7.69022119278354,7.89340124097316,64.97177141159,65.6896282221001,1.51933748883128,0,0,0,-1
8.93000000000001,8.90000000000001,13.1913527391445,13.1080287489405,8.96925503386738,7.69022119278354,67.2178860052058,64.97177141159,-0.0387339306838328,0,0,0,0
9.56,8.93000000000001,13.0870593992647,13.1913527391445,9.36335085636866,8.96925503386738,66.881264921143,67.2178860052058,-1.74209617894006,0,0,0,0
9.56999999999999,9.56,13.014563430526,13.0870593992647,8.29940516265635,9.36335085636866,67.2673884537063,66.881264921143,1.37820301786078,0,0,0,0
9.95,9.56999999999999,13.0147176823547,13.014563430526,8.44951078329411,8.29940516265635,67.1165665699961,67.2673884537063,-0.147723243239266,0,0,0,0
10.11,9.95,12.6511150956234,13.0147176823547,7.83927724424132,8.44951078329411,67.3073736863538,67.1165665699961,1.99752624521402,0,0,0,0
9.53,10.11,12.7578388049664,12.6511150956234,7.5047215583222,7.83927724424132,67.9755724082534,67.3073736863538,-3.32207411321289,0,0,0,1
9.67,9.53,11.7080007429705,12.7578388049664,9.12059645031131,7.5047215583222,67.1613259731947,67.9755724082534,2.57929124483088,0,0,0,-1
8.81999999999999,9.67,11.6636187370608,11.7080007429705,8.5184211128766,9.12059645031131,67.0974893776434,67.1613259731947,1.37150917776396,0,0,0,0
8.28,8.81999999999999,11.6505786692366,11.6636187370608,9.26254513511742,8.5184211128766,66.5708833465799,67.0974893776434,-1.69837436785221,0,0,0,0
8.25,8.28,11.4760482648858,11.6505786692366,9.15771892710051,9.26254513511742,64.2947767994195,66.5708833465799,-0.0926841374253904,0,0,0,0
8.97,8.25,11.6294537452475,11.4760482648858,9.2657319515115,9.15771892710051,62.3531132382245,64.2947767994195,0.0683155196827663,0,0,0,0
9.44,8.97,12.3120748264927,11.6294537452475,9.25918227251309,9.2657319515115,60.6220139287221,62.3531132382245,0.0971594068581645,0,0,0,1
9.86,9.44,12.3239591513865,12.3120748264927,8.26360150288217,9.25918227251309,59.1355197155882,60.6220139287221,0.167552665291165,0,0,0,-1
10.47,9.86,12.6312996763026,12.3239591513865,7.9699359356031,8.26360150288217,58.263668520031,59.1355197155882,-0.199229542945385,0,0,0,0
11.05,10.47,12.88916065441,12.6312996763026,7.17971730617101,7.9699359356031,57.5312677392154,58.263668520031,0.230801283085562,0,0,0,0
10.66,11.05,12.8657837060095,12.88916065441,7.12111394272587,7.17971730617101,55.3084106359151,57.5312677392154,-0.910546663580597,0,0,0,0
10.67,10.66,12.9748820717875,12.8657837060095,7.55246229117084,7.12111394272587,54.8127990573036,55.3084106359151,-1.10175622401147,0,0,0,0
11.04,10.67,13.3561687324775,12.9748820717875,6.9188150774898,7.55246229117084,54.1769195043786,54.8127990573036,1.65838241362351,0,0,0,0
10.98,11.04,12.4744087665081,13.3561687324775,6.64262066339752,6.9188150774898,53.2933727055354,54.1769195043786,-0.694869746936615,0,0,0,0
9.90000000000001,10.98,12.5132170092719,12.4744087665081,7.22750409631172,6.64262066339752,53.3474139404111,53.2933727055354,0.241865546751328,0,0,0,1
9.48999999999999,9.90000000000001,12.5277362878403,12.5132170092719,8.05459571538828,7.22750409631172,53.073631039392,53.3474139404111,0.47542100114168,0,0,0,-1
4.75,0,13.4224949824295,0,10.1086268516118,0,54.87170282374,0,-0.233318385153751,0,0,0,0
4.79000000000001,4.75,13.3968807368886,13.4224949824295,10.2965637617748,10.1086268516118,55.554829050362,54.87170282374,0.0463141473731241,0,0,0,0
4.92,4.79000000000001,13.2738990666037,13.3968807368886,10.4711394384227,10.2965637617748,55.4202636261082,55.554829050362,-0.35785203631988,0,0,0,0
5.67,4.92,13.2490482715735,13.2738990666037,10.4651636486297,10.4711394384227,55.8844430532907,55.4202636261082,-0.084639006412992,0,0,0,1
4.92,5.67,13.0776084868328,13.2490482715735,10.285999191527,10.4651636486297,56.2155514259385,55.8844430532907,0.224833048530936,0,0,0,-1
4.87999999999999,4.92,13.2460593128788,13.0776084868328,10.2138140133297,10.285999191527,56.5323938915884,56.2155514259385,-0.0873685308722294,0,0,0,0
4.8,4.87999999999999,13.3975165648521,13.2460593128788,9.82964860081339,10.2138140133297,56.9896485593104,56.5323938915884,-0.544289851517746,0,0,0,0
4.56,4.8,13.5604619381602,13.3975165648521,9.66752540763421,9.82964860081339,57.279286995387,56.9896485593104,0.234458260675932,0,0,0,0
3.83,4.56,13.4788019711176,13.5604619381602,9.43831326732382,9.66752540763421,56.8714067413071,57.279286995387,0.604131732419482,0,0,0,0
3.37,3.83,13.4934853239929,13.4788019711176,9.26313626924091,9.43831326732382,57.0916603486728,56.8714067413071,0.224298545394849,0,0,0,0
2.7,3.37,13.4057861545469,13.4934853239929,9.17737244267863,9.26313626924091,57.0306410979032,57.0916603486728,-0.172903457899903,0,0,0,0
2.03,2.7,13.3977789568789,13.4057861545469,9.02495665535365,9.17737244267863,57.2286741934069,57.0306410979032,-0.295709351634354,0,0,0,-1
2.09,2.03,13.5285506505617,13.3977789568789,8.94799486617652,9.02495665535365,57.4957251767615,57.2286741934069,-0.119794702308202,0,0,0,0
2.22,2.09,13.3145558628139,13.5285506505617,8.87541259123315,8.94799486617652,58.0103251995249,57.4957251767615,0.292313451931442,0,0,0,1
2.86,2.22,14.0337459708557,13.3145558628139,8.6120957246665,8.87541259123315,57.2035271078128,58.0103251995249,-1.92325516729135,0,0,0,0
2.54000000000001,2.86,13.9987396961121,14.0337459708557,7.57217050075431,8.6120957246665,57.0127460333277,57.2035271078128,0.637065780499267,0,0,0,0
3.38,2.54000000000001,14.1766454781434,13.9987396961121,7.53849513905676,7.57217050075431,57.3430836304651,57.0127460333277,0.0708645063531286,0,0,0,-1
3.53,3.38,14.1929529883507,14.1766454781434,7.24094119083601,7.53849513905676,58.1903998646933,57.3430836304651,-0.442791343315005,0,0,0,1
3.62,3.53,14.1165847607265,14.1929529883507,7.26596012194729,7.24094119083601,59.0028964477264,58.1903998646933,-0.122485714305558,0,0,0,0
3.59999999999999,3.62,14.3226686550853,14.1165847607265,7.2817643702002,7.26596012194729,59.6207713358048,59.0028964477264,-0.34995749061331,0,0,0,0
4.01000000000001,3.59999999999999,13.8145185773446,14.3226686550853,7.21261372146714,7.2817643702002,60.0916855617771,59.6207713358048,4.79853379400944,0,0,0,0
4.52,4.01000000000001,13.9277409253351,13.8145185773446,7.32815837571565,7.21261372146714,60.2119271276333,60.0916855617771,-3.14136377945639,0,0,0,0
5.18000000000001,4.52,13.9469818940896,13.9277409253351,7.42820856101714,7.32815837571565,60.0969457505927,60.2119271276333,-0.558636367477391,0,0,0,0
5.39,5.18000000000001,13.9451612920709,13.9469818940896,7.26713053396407,7.42820856101714,60.2659982863484,60.0969457505927,0.0136584634519359,0,0,0,0
5.79000000000001,5.39,13.9254814896897,13.9451612920709,7.28115248453754,7.26713053396407,60.7108435445472,60.2659982863484,0.354806192694786,0,0,0,0
6.12000000000001,5.79000000000001,13.9967767456476,13.9254814896897,7.25634670036276,7.28115248453754,61.5408795985606,60.7108435445472,-0.525692826875712,0,0,0,1
5.73999999999999,6.12000000000001,14.0659293637427,13.9967767456476,7.28949238164309,7.25634670036276,60.9720747717559,61.5408795985606,0.853238759669049,0,0,0,-1
6.02,5.73999999999999,13.5671057306864,14.0659293637427,7.32444196623361,7.28949238164309,61.6436813317971,60.9720747717559,0.223469131078785,0,0,0,0
6.23,6.02,13.9631373081111,13.5671057306864,7.03087944119773,7.32444196623361,62.442861290808,61.6436813317971,-0.955130924869447,0,0,0,0
6.36,6.23,13.821758611096,13.9631373081111,7.6233524277754,7.03087944119773,62.9185683110428,62.442861290808,0.0285164784650451,0,0,0,0
6.70999999999999,6.36,13.7338269980256,13.821758611096,7.74722633353143,7.6233524277754,63.6379060261973,62.9185683110428,0.496396877265354,0,0,0,0
7.55,6.70999999999999,13.7620296768909,13.7338269980256,7.71642350665802,7.74722633353143,64.0042898826371,63.6379060261973,-0.146076127954611,0,0,0,0
8.56,7.55,13.7299506619343,13.7620296768909,7.66120174768999,7.71642350665802,65.0449926321742,64.0042898826371,0.541858599931217,0,0,0,0
8.79000000000001,8.56,13.5595161779461,13.7299506619343,7.58010470154116,7.66120174768999,65.4118733030174,65.0449926321742,-0.624837717399792,0,0,0,0
8.56999999999999,8.79000000000001,13.5227773724953,13.5595161779461,7.89187312033267,7.58010470154116,65.9995258317756,65.4118733030174,5.29167397660498,0,0,0,-1
8.68000000000001,8.56999999999999,13.0092733978701,13.5227773724953,7.91483542825321,7.89187312033267,66.1350904001307,65.9995258317756,-3.44916572281051,0,0,0,0
8.87,8.68000000000001,13.5571551377339,13.0092733978701,8.05182747040327,7.91483542825321,66.8218166582214,66.1350904001307,-2.73710325735289,0,0,0,1
15.2,8.87,14.406178802733,13.5571551377339,8.16611514562366,8.05182747040327,66.0971379883529,66.8218166582214,-1.87338904480528,0,0,0,0
17.09,15.2,14.2001549968374,14.406178802733,8.27511625777372,8.16611514562366,64.1834311190445,66.0971379883529,2.73143325452513,0,0,0,0
17.18,17.09,14.3121347466152,14.2001549968374,6.62043430298887,8.27511625777372,63.2616271231052,64.1834311190445,-0.724260211531156,0,0,0,0
15.98,17.18,14.9193701249044,14.3121347466152,6.36672156685454,6.62043430298887,62.7413508523059,63.2616271231052,2.8657128594502,0,0,0,0
15.32,15.98,14.6878256256858,14.9193701249044,6.52537509716638,6.36672156685454,63.1961391850931,62.7413508523059,-0.506434658915303,0,0,0,1
14.76,15.32,14.7314505980024,14.6878256256858,6.85811910755341,6.52537509716638,62.9942686394383,63.1961391850931,-0.921732476157693,0,0,0,-1
13.9,14.76,14.7242225283983,14.7314505980024,7.15443518326568,6.85811910755341,63.1172473182477,62.9942686394383,-0.176982568817097,0,0,0,0
12.68,13.9,14.6311777184914,14.7242225283983,7.52304970156452,7.15443518326568,62.2411262040362,63.1172473182477,-0.00987692322549982,0,0,0,0
11.92,12.68,14.8354963174648,14.6311777184914,7.12879636985147,7.52304970156452,62.202695412941,62.2411262040362,-2.08697942896877,0,0,0,0
12.12,11.92,14.5861013071086,14.8354963174648,6.70966807905196,7.12879636985147,62.2940099283978,62.202695412941,1.48234527551285,0,0,0,1
12.35,12.12,14.7368016623464,14.5861013071086,7.51082128155132,6.70966807905196,61.9611538144077,62.2940099283978,-0.0858261368690396,0,0,0,-1
12.04,12.35,14.5933089554466,14.7368016623464,7.91108417313863,7.51082128155132,61.9212693124205,61.9611538144077,0.0855621893392779,0,0,0,0
5.31999999999999,12.04,14.3985711761074,14.5933089554466,8.15034669847869,7.91108417313863,62.340781853158,61.9212693124205,-0.0694924849490306,0,0,0,0
3.7,5.31999999999999,14.2396976875338,14.3985711761074,8.51046078400205,8.15034669847869,61.6780939522139,62.340781853158,-0.0150522367082608,0,0,0,1
3.02,3.7,13.6904941367279,14.2396976875338,8.3461874264543,8.51046078400205,62.0703789454607,61.6780939522139,0.757592946502786,0,0,0,-1
3.47,3.02,13.6851423324254,13.6904941367279,8.31454984737231,8.3461874264543,62.4775356166168,62.0703789454607,2.4972290169703,0,0,0,0
4.29000000000001,3.47,13.4335395270143,13.6851423324254,8.25340824238188,8.31454984737231,63.1700636093889,62.4775356166168,-1.84168907065787,0,0,0,0
5.06,4.29000000000001,13.364973414571,13.4335395270143,7.82826446268824,8.25340824238188,64.6801287553509,63.1700636093889,0.850895361256956,0,0,0,0
6.22,5.06,13.2445199108098,13.364973414571,7.81619194925486,7.82826446268824,66.1866368062874,64.6801287553509,-3.24247020059627,0,0,0,0
6.69,6.22,13.0145910676507,13.2445199108098,8.24886004173391,7.81619194925486,67.3095290854361,66.1866368062874,2.21008655524883,0,0,0,0
7.53,6.69,13.0423100060311,13.0145910676507,8.01776052180276,8.24886004173391,67.9051017658808,67.3095290854361,-2.2378425154308,0,0,0,1
7.20999999999999,7.53,13.073724154026,13.0423100060311,7.82739136668824,8.01776052180276,67.8329113460224,67.9051017658808,1.51933748883128,0,0,0,-1
7.09999999999999,7.20999999999999,13.1526169471156,13.073724154026,8.38779134168738,7.82739136668824,67.9432825357173,67.8329113460224,-0.0387339306838328,0,0,0,0
7.29000000000001,7.09999999999999,13.0351237018475,13.1526169471156,9.29594316952008,8.38779134168738,67.7922681675675,67.9432825357173,-1.74209617894006,0,0,0,0
7.22,7.29000000000001,12.9155405688748,13.0351237018475,8.37185417023891,9.29594316952008,68.2374767242438,67.7922681675675,1.37820301786078,0,0,0,0
6.95999999999999,7.22,12.8737903810692,12.9155405688748,8.28989981185863,8.37185417023891,67.936457741084,68.2374767242438,-0.147723243239266,0,0,0,0
7.64,6.95999999999999,12.4787236875536,12.8737903810692,7.92130713595498,8.28989981185863,68.1953349703187,67.936457741084,1.99752624521402,0,0,0,0
8.23,7.64,12.552275642243,12.4787236875536,7.49232803151958,7.92130713595498,69.196492777801,68.1953349703187,-3.32207411321289,0,0,0,1
9.09,8.23,11.651865053314,12.552275642243,10.0679037048877,7.49232803151958,67.8193456982865,69.196492777801,2.57929124483088,0,0,0,-1
8.91,9.09,11.6201797571058,11.651865053314,8.99546101891085,10.0679037048877,67.7759813380163,67.8193456982865,1.37150917776396,0,0,0,0
8.37,8.91,11.6133243159507,11.6201797571058,8.45412345538029,8.99546101891085,67.3881504443662,67.7759813380163,-1.69837436785221,0,0,0,0
8.34999999999999,8.37,11.4804451652714,11.6133243159507,9.26147371904202,8.45412345538029,67.0366881843827,67.3881504443662,-0.0926841374253904,0,0,0,0
8.65000000000001,8.34999999999999,11.5938434880883,11.4804451652714,8.86627766297673,9.26147371904202,64.1890502721446,67.0366881843827,0.0683155196827663,0,0,0,0
9.45999999999999,8.65000000000001,12.1838747071422,11.5938434880883,8.29770377306296,8.86627766297673,62.0158473873639,64.1890502721446,0.0971594068581645,0,0,0,1
9.97,9.45999999999999,12.1786734007616,12.1838747071422,8.26613532825193,8.29770377306296,59.3973132080921,62.0158473873639,0.167552665291165,0,0,0,-1
10.2,9.97,12.4297375201332,12.1786734007616,7.69418837910062,8.26613532825193,58.5542515387864,59.3973132080921,-0.199229542945385,0,0,0,0
10.57,10.2,12.7582206586697,12.4297375201332,6.56936081090638,7.69418837910062,58.0321531657166,58.5542515387864,0.230801283085562,0,0,0,0
10.66,10.57,12.6914268243228,12.7582206586697,6.47921062981162,6.56936081090638,57.2498499052767,58.0321531657166,-0.910546663580597,0,0,0,0
10.38,10.66,12.774236622398,12.6914268243228,6.67672988140811,6.47921062981162,57.0322838406407,57.2498499052767,-1.10175622401147,0,0,0,0
9.66,10.38,13.2111715108617,12.774236622398,6.86694014116044,6.67672988140811,56.4221949688611,57.0322838406407,1.65838241362351,0,0,0,0
8.94,9.66,12.4119572289879,13.2111715108617,6.88336934728777,6.86694014116044,55.7010288404568,56.4221949688611,-0.694869746936615,0,0,0,0
8.29000000000001,8.94,12.4052432194044,12.4119572289879,6.94747452459365,6.88336934728777,55.6938789375837,55.7010288404568,0.241865546751328,0,0,0,1
8.39,8.29000000000001,12.4311433606997,12.4052432194044,7.13580960643882,6.94747452459365,55.4721794905346,55.6938789375837,0.47542100114168,0,0,0,-1
6.95999999999999,0,13.6866142253576,0,10.1811023198939,0,56.8240477856251,0,-0.233318385153751,0,0,0,0
6.56,6.95999999999999,13.7199927216487,13.6866142253576,10.3696244135284,10.1811023198939,57.6231769242571,56.8240477856251,0.0463141473731241,0,0,0,0
6.25,6.56,13.5747405037707,13.7199927216487,10.4838906623725,10.3696244135284,60.0865312675683,57.6231769242571,-0.35785203631988,0,0,0,0
5.72,6.25,13.5110184444748,13.5747405037707,10.5762193628693,10.4838906623725,60.7800782186604,60.0865312675683,-0.084639006412992,0,0,0,1
4.83,5.72,13.2982849009717,13.5110184444748,10.3594199356849,10.5762193628693,61.3112784421699,60.7800782186604,0.224833048530936,0,0,0,-1
5.34,4.83,13.5197845918751,13.2982849009717,10.2223350637717,10.3594199356849,58.9134386969593,61.3112784421699,-0.0873685308722294,0,0,0,0
5.04000000000001,5.34,13.5514416364693,13.5197845918751,9.78990501251157,10.2223350637717,59.5044513873762,58.9134386969593,-0.544289851517746,0,0,0,0
4.34999999999999,5.04000000000001,13.7271806659763,13.5514416364693,9.56469254837885,9.78990501251157,60.1219075399524,59.5044513873762,0.234458260675932,0,0,0,0
4.31,4.34999999999999,13.6262738350985,13.7271806659763,9.41606794829483,9.56469254837885,59.2748968096255,60.1219075399524,0.604131732419482,0,0,0,0
3.84999999999999,4.31,13.6423470417693,13.6262738350985,9.35420701184485,9.41606794829483,59.7243914800979,59.2748968096255,0.224298545394849,0,0,0,0
2.89,3.84999999999999,13.5597505860606,13.6423470417693,8.94835452054519,9.35420701184485,59.6486396588114,59.7243914800979,-0.172903457899903,0,0,0,0
2.09999999999999,2.89,13.5121667293184,13.5597505860606,8.93526274452338,8.94835452054519,65.1152564063777,59.6486396588114,-0.295709351634354,0,0,0,-1
2.02,2.09999999999999,13.6393487793384,13.5121667293184,8.86511407802946,8.93526274452338,65.3560213578286,65.1152564063777,-0.119794702308202,0,0,0,0
2.42,2.02,13.3484052460929,13.6393487793384,8.82044705311408,8.86511407802946,65.8515767300474,65.3560213578286,0.292313451931442,0,0,0,1
3.53,2.42,14.1681699414558,13.3484052460929,8.31794809449729,8.82044705311408,65.0025379637376,65.8515767300474,-1.92325516729135,0,0,0,0
3.54000000000001,3.53,14.1728806129909,14.1681699414558,7.24052293338793,8.31794809449729,64.9995699976403,65.0025379637376,0.637065780499267,0,0,0,0
4.23,3.54000000000001,14.3282567731083,14.1728806129909,7.57988960923509,7.24052293338793,65.0410519011071,64.9995699976403,0.0708645063531286,0,0,0,-1
4.08,4.23,14.3208658942282,14.3282567731083,7.09736708182327,7.57988960923509,61.4695912445297,65.0410519011071,-0.442791343315005,0,0,0,1
4.23,4.08,14.1817450179396,14.3208658942282,7.01069286568834,7.09736708182327,62.4359414172582,61.4695912445297,-0.122485714305558,0,0,0,0
4.44,4.23,14.3810582870694,14.1817450179396,7.11088775624097,7.01069286568834,62.9305008216285,62.4359414172582,-0.34995749061331,0,0,0,0
4.53,4.44,13.8094180741032,14.3810582870694,7.08930392238408,7.11088775624097,66.5961559655453,62.9305008216285,4.79853379400944,0,0,0,0
5.2,4.53,13.9713755809844,13.8094180741032,7.08129321912324,7.08930392238408,66.8229937440955,66.5961559655453,-3.14136377945639,0,0,0,0
6.01000000000001,5.2,14.0029806945166,13.9713755809844,6.76066165995965,7.08129321912324,66.941731135787,66.8229937440955,-0.558636367477391,0,0,0,0
6.31999999999999,6.01000000000001,14.0288741024855,14.0029806945166,6.88127814422623,6.76066165995965,65.7729945457433,66.941731135787,0.0136584634519359,0,0,0,0
7.09999999999999,6.31999999999999,13.9929814387931,14.0288741024855,7.07138303036202,6.88127814422623,66.1658952940183,65.7729945457433,0.354806192694786,0,0,0,0
7.11,7.09999999999999,14.082610536088,13.9929814387931,7.07994296322446,7.07138303036202,66.8301366121568,66.1658952940183,-0.525692826875712,0,0,0,1
6.44,7.11,14.1749012150101,14.082610536088,7.23843536699382,7.07994296322446,71.0147130286694,66.8301366121568,0.853238759669049,0,0,0,-1
6.90000000000001,6.44,13.6149974243191,14.1749012150101,7.11933575825516,7.23843536699382,71.4927242185518,71.0147130286694,0.223469131078785,0,0,0,0
7.06,6.90000000000001,13.9958335197259,13.6149974243191,6.88969070431897,7.11933575825516,72.2846927974068,71.4927242185518,-0.955130924869447,0,0,0,0
7,7.06,13.825862618041,13.9958335197259,7.44679272719887,6.88969070431897,69.5921659884449,72.2846927974068,0.0285164784650451,0,0,0,0
7.3,7,13.7367034964127,13.825862618041,7.57521402177209,7.44679272719887,70.1804829412422,69.5921659884449,0.496396877265354,0,0,0,0
8.06,7.3,13.8001555473548,13.7367034964127,7.61452915528818,7.57521402177209,70.6201198825388,70.1804829412422,-0.146076127954611,0,0,0,0
9.18000000000001,8.06,13.7468963656555,13.8001555473548,7.64360175743028,7.61452915528818,70.523139078017,70.6201198825388,0.541858599931217,0,0,0,0
9.15000000000001,9.18000000000001,13.5993443225269,13.7468963656555,7.62265969350031,7.64360175743028,70.2063168979316,70.523139078017,-0.624837717399792,0,0,0,0
9.2,9.15000000000001,13.5762277995903,13.5993443225269,7.84550307674022,7.62265969350031,70.4242660273138,70.2063168979316,5.29167397660498,0,0,0,-1
9.54000000000001,9.2,13.0389339591816,13.5762277995903,7.99506016390278,7.84550307674022,71.4716242367004,70.4242660273138,-3.44916572281051,0,0,0,0
9.72,9.54000000000001,13.4083950636442,13.0389339591816,8.33042758637393,7.99506016390278,72.123362807083,71.4716242367004,-2.73710325735289,0,0,0,1
16.84,9.72,14.2769323352732,13.4083950636442,8.65326559572701,8.33042758637393,71.3174866767097,72.123362807083,-1.87338904480528,0,0,0,0
18.03,16.84,14.1088840588635,14.2769323352732,8.07532269315397,8.65326559572701,68.4410912252738,71.3174866767097,2.73143325452513,0,0,0,0
17.69,18.03,14.2096967282972,14.1088840588635,6.60566432050534,8.07532269315397,67.5564622467422,68.4410912252738,-0.724260211531156,0,0,0,0
16.23,17.69,14.8073142260753,14.2096967282972,7.11012878845109,6.60566432050534,67.0000645530699,67.5564622467422,2.8657128594502,0,0,0,0
15.51,16.23,14.5579135791036,14.8073142260753,6.95603924623576,7.11012878845109,66.6880540614872,67.0000645530699,-0.506434658915303,0,0,0,1
14.58,15.51,14.5778204126353,14.5579135791036,7.15761649670813,6.95603924623576,66.6099421977191,66.6880540614872,-0.921732476157693,0,0,0,-1
14.14,14.58,14.5559995666484,14.5778204126353,6.49423241225883,7.15761649670813,67.0853152067366,66.6099421977191,-0.176982568817097,0,0,0,0
12.68,14.14,14.4288291121607,14.5559995666484,6.57378100298931,6.49423241225883,67.2958565429788,67.0853152067366,-0.00987692322549982,0,0,0,0
11.75,12.68,14.6605809405034,14.4288291121607,6.60032535404565,6.57378100298931,67.3136538159763,67.2958565429788,-2.08697942896877,0,0,0,0
12.13,11.75,14.4120681489426,14.6605809405034,5.56386376407512,6.60032535404565,67.6750392775121,67.3136538159763,1.48234527551285,0,0,0,1
11.9,12.13,14.5532840414602,14.4120681489426,6.98114071984536,5.56386376407512,68.4145256677186,67.6750392775121,-0.0858261368690396,0,0,0,-1
10.94,11.9,14.4098038320804,14.5532840414602,7.71059592195784,6.98114071984536,68.3605852176023,68.4145256677186,0.0855621893392779,0,0,0,0
3.78,10.94,14.1764284619417,14.4098038320804,8.01130892248522,7.71059592195784,68.8962700570871,68.3605852176023,-0.0694924849490306,0,0,0,0
2.29000000000001,3.78,14.0849671362696,14.1764284619417,8.58199043422985,8.01130892248522,69.5119074381488,68.8962700570871,-0.0150522367082608,0,0,0,1
2.09,2.29000000000001,13.4324232518712,14.0849671362696,8.44470089057711,8.58199043422985,69.7473256941015,69.5119074381488,0.757592946502786,0,0,0,-1
3.19,2.09,13.4426345208884,13.4324232518712,8.63803024507874,8.44470089057711,70.2518861597002,69.7473256941015,2.4972290169703,0,0,0,0
4.15000000000001,3.19,13.1579788691807,13.4426345208884,8.23494696517103,8.63803024507874,70.6859630928855,70.2518861597002,-1.84168907065787,0,0,0,0
4.81,4.15000000000001,13.0330263170091,13.1579788691807,7.97309321394851,8.23494696517103,71.7994103481269,70.6859630928855,0.850895361256956,0,0,0,0
5.83,4.81,12.9269913935258,13.0330263170091,7.64175555068743,7.97309321394851,73.1004323986387,71.7994103481269,-3.24247020059627,0,0,0,0
6.58,5.83,12.7062415838766,12.9269913935258,8.11695662611412,7.64175555068743,73.7198072215467,73.1004323986387,2.21008655524883,0,0,0,0
7.3,6.58,12.7656188063928,12.7062415838766,7.99266526745529,8.11695662611412,73.7708692453377,73.7198072215467,-2.2378425154308,0,0,0,1
6.51000000000001,7.3,12.8032995497947,12.7656188063928,7.83149786693065,7.99266526745529,72.6394992223964,73.7708692453377,1.51933748883128,0,0,0,-1
6.68000000000001,6.51000000000001,12.8845918602813,12.8032995497947,8.0651470124003,7.83149786693065,72.4566585218233,72.6394992223964,-0.0387339306838328,0,0,0,0
7.03,6.68000000000001,12.8002159083083,12.8845918602813,9.23821796703019,8.0651470124003,71.93474970809,72.4566585218233,-1.74209617894006,0,0,0,0
6.93000000000001,7.03,12.7048695671842,12.8002159083083,8.04078003712171,9.23821796703019,71.6920784456856,71.93474970809,1.37820301786078,0,0,0,0
7.39,6.93000000000001,12.694532814016,12.7048695671842,8.43866231398737,8.04078003712171,71.886958179058,71.6920784456856,-0.147723243239266,0,0,0,0
7.87000000000001,7.39,12.3013473710565,12.694532814016,8.21277033204648,8.43866231398737,71.9894132349482,71.886958179058,1.99752624521402,0,0,0,0
7.98,7.87000000000001,12.3720140054892,12.3013473710565,7.25344079839927,8.21277033204648,73.0943467035382,71.9894132349482,-3.32207411321289,0,0,0,1
8.47,7.98,11.4121886222579,12.3720140054892,10.1611870889621,7.25344079839927,72.1779749614673,73.0943467035382,2.57929124483088,0,0,0,-1
8.86,8.47,11.370787458187,11.4121886222579,9.24924510105093,10.1611870889621,71.7511801739677,72.1779749614673,1.37150917776396,0,0,0,0
7.83,8.86,11.3862506921423,11.370787458187,8.9325080827047,9.24924510105093,70.9087323201825,71.7511801739677,-1.69837436785221,0,0,0,0
7.73999999999999,7.83,11.220199475482,11.3862506921423,9.50856961962935,8.9325080827047,69.8326121674128,70.9087323201825,-0.0926841374253904,0,0,0,0
8.34,7.73999999999999,11.3795548251168,11.220199475482,9.17412409537714,9.50856961962935,66.8298793268273,69.8326121674128,0.0683155196827663,0,0,0,0
9.48,8.34,12.045155425889,11.3795548251168,8.51375824129384,9.17412409537714,64.5581999239853,66.8298793268273,0.0971594068581645,0,0,0,1
9.7,9.48,12.0298043769671,12.045155425889,8.78815919909668,8.51375824129384,62.6630486688573,64.5581999239853,0.167552665291165,0,0,0,-1
10.29,9.7,12.3222026723318,12.0298043769671,7.91612770933,8.78815919909668,61.7696216627364,62.6630486688573,-0.199229542945385,0,0,0,0
10.55,10.29,12.6098668291456,12.3222026723318,7.45663638857978,7.91612770933,61.2246835016846,61.7696216627364,0.230801283085562,0,0,0,0
10.44,10.55,12.5308725997699,12.6098668291456,7.51006008278903,7.45663638857978,60.4582273211698,61.2246835016846,-0.910546663580597,0,0,0,0
10.12,10.44,12.6042558342888,12.5308725997699,7.61286116970387,7.51006008278903,59.9539681866667,60.4582273211698,-1.10175622401147,0,0,0,0
9.81999999999999,10.12,13.0486240012771,12.6042558342888,7.77301885376978,7.61286116970387,59.1936120221162,59.9539681866667,1.65838241362351,0,0,0,0
10.01,9.81999999999999,12.2038526691469,13.0486240012771,7.37902228234293,7.77301885376978,58.332178915609,59.1936120221162,-0.694869746936615,0,0,0,0
9.45999999999999,10.01,12.2137634366608,12.2038526691469,7.45621824412746,7.37902228234293,58.523427598017,58.332178915609,0.241865546751328,0,0,0,1
9.56999999999999,9.45999999999999,12.2876676490661,12.2137634366608,7.82367495706619,7.45621824412746,58.2981848074071,58.523427598017,0.47542100114168,0,0,0,-1
5.37999999999999,0,13.9696902016692,0,10.2367187759185,0,50.6653657658825,0,-0.233318385153751,-0.233318385153751,0,0,0
5.45,5.37999999999999,13.933625714527,13.9696902016692,10.4844988015163,10.2367187759185,51.2151353652095,50.6653657658825,0.0463141473731241,0.0463141473731241,0,0,0
5.28,5.45,13.827996243837,13.933625714527,10.5933099480474,10.4844988015163,51.3302607642621,51.2151353652095,-0.35785203631988,-0.35785203631988,0,0,0
5.23999999999999,5.28,13.7640236967728,13.827996243837,10.5625619486161,10.5933099480474,51.7170265273096,51.3302607642621,-0.084639006412992,-0.084639006412992,0,0,1
4.55,5.23999999999999,13.5871524012406,13.7640236967728,10.4413620452344,10.5625619486161,52.022394904526,51.7170265273096,0.224833048530936,0.224833048530936,0,0,-1
4.48,4.55,13.7538364754795,13.5871524012406,10.2497707080503,10.4413620452344,52.6754762716836,52.022394904526,-0.0873685308722294,-0.0873685308722294,0,0,0
4.23999999999999,4.48,13.9935494425498,13.7538364754795,9.98782723879156,10.2497707080503,53.2699704108058,52.6754762716836,-0.544289851517746,-0.544289851517746,0,0,0
3.81999999999999,4.23999999999999,14.0953804407224,13.9935494425498,9.82846777694985,9.98782723879156,53.7905446740351,53.2699704108058,0.234458260675932,0.234458260675932,0,0,0
3.69,3.81999999999999,13.9545192654195,14.0953804407224,9.43452796725744,9.82846777694985,54.4740340084204,53.7905446740351,0.604131732419482,0.604131732419482,0,0,0
3.56,3.69,13.9626852834289,13.9545192654195,9.27656206563296,9.43452796725744,54.7626961716361,54.4740340084204,0.224298545394849,0.224298545394849,0,0,0
3.02,3.56,13.8732301426656,13.9626852834289,9.20774644705549,9.27656206563296,54.6630089107622,54.7626961716361,-0.172903457899903,-0.172903457899903,0,0,0
2.31,3.02,13.8575439716293,13.8732301426656,9.06532793125349,9.20774644705549,54.3209237540556,54.6630089107622,-0.295709351634354,-0.295709351634354,0,0,-1
2.56,2.31,13.9990718572308,13.8575439716293,9.02699233279325,9.06532793125349,54.5025270093239,54.3209237540556,-0.119794702308202,-0.119794702308202,0,0,0
2.70999999999999,2.56,13.7948530455242,13.9990718572308,8.86767575742747,9.02699233279325,55.0854063986767,54.5025270093239,0.292313451931442,0.292313451931442,0,0,1
3.17,2.70999999999999,14.5125986448122,13.7948530455242,8.80484740727119,8.86767575742747,55.1520251667206,55.0854063986767,-1.92325516729135,-1.92325516729135,0,0,0
3.06,3.17,14.4474055427507,14.5125986448122,8.09285393897987,8.80484740727119,55.129464914954,55.1520251667206,0.637065780499267,0.637065780499267,0,0,0
3.36,3.06,14.6163160142909,14.4474055427507,7.94232204859187,8.09285393897987,55.2506793051316,55.129464914954,0.0708645063531286,0.0708645063531286,0,0,-1
3.88,3.36,14.5594822409856,14.6163160142909,7.54053085470065,7.94232204859187,54.5211910556457,55.2506793051316,-0.442791343315005,-0.442791343315005,0,0,1
4.22,3.88,14.5032254610603,14.5594822409856,7.471032410736,7.54053085470065,55.2787068176876,54.5211910556457,-0.122485714305558,-0.122485714305558,0,0,0
4.34999999999999,4.22,14.6804921285033,14.5032254610603,7.42884503764395,7.471032410736,55.7968898466056,55.2787068176876,-0.34995749061331,-0.34995749061331,0,0,0
4.62999999999999,4.34999999999999,14.1486891188291,14.6804921285033,7.42807812420574,7.42884503764395,56.0266823999179,55.7968898466056,4.79853379400944,4.79853379400944,0,0,0
5.12000000000001,4.62999999999999,14.2951568820735,14.1486891188291,7.50959360655556,7.42807812420574,55.7164623630449,56.0266823999179,-3.14136377945639,-3.14136377945639,0,0,0
5.56,5.12000000000001,14.256811786144,14.2951568820735,7.49757530222226,7.50959360655556,55.5367381404194,55.7164623630449,-0.558636367477391,-0.558636367477391,0,0,0
5.78,5.56,14.2807312977781,14.256811786144,7.38634739961581,7.49757530222226,56.0933411844208,55.5367381404194,0.0136584634519359,0.0136584634519359,0,0,0
6.17,5.78,14.2574088829122,14.2807312977781,7.38573006342776,7.38634739961581,56.5406630724071,56.0933411844208,0.354806192694786,0.354806192694786,0,0,0
6.5,6.17,14.3113563622155,14.2574088829122,7.36889061805948,7.38573006342776,57.1089691569577,56.5406630724071,-0.525692826875712,-0.525692826875712,0,0,1
6.40000000000001,6.5,14.3902699336683,14.3113563622155,7.55990953598934,7.36889061805948,57.5846806370734,57.1089691569577,0.853238759669049,0.853238759669049,0,0,-1
6.90000000000001,6.40000000000001,13.9058987796894,14.3902699336683,7.61827197169448,7.55990953598934,58.2268740831867,57.5846806370734,0.223469131078785,0.223469131078785,0,0,0
7.26000000000001,6.90000000000001,14.2879404081239,13.9058987796894,7.26947517914639,7.61827197169448,58.7266565302178,58.2268740831867,-0.955130924869447,-0.955130924869447,0,0,0
7.01000000000001,7.26000000000001,14.1603588351344,14.2879404081239,7.81388669654535,7.26947517914639,58.4972606595977,58.7266565302178,0.0285164784650451,0.0285164784650451,0,0,0
7.14,7.01000000000001,14.0848604828977,14.1603588351344,8.05896606855566,7.81388669654535,59.2432455167067,58.4972606595977,0.496396877265354,0.496396877265354,0,0,0
8.09999999999999,7.14,14.0683358864178,14.0848604828977,8.0531264292764,8.05896606855566,59.4861839682992,59.2432455167067,-0.146076127954611,-0.146076127954611,0,0,0
8.95999999999999,8.09999999999999,14.0384541633867,14.0683358864178,8.04295623174857,8.0531264292764,61.2332174913152,59.4861839682992,0.541858599931217,0.541858599931217,0,0,0
8.83,8.95999999999999,13.891587106529,14.0384541633867,8.11603409959317,8.04295623174857,60.8388587768103,61.2332174913152,-0.624837717399792,-0.624837717399792,0,0,0
8.81999999999999,8.83,13.8346974170767,13.891587106529,8.30011644999446,8.11603409959317,60.4009406213344,60.8388587768103,5.29167397660498,5.29167397660498,0,0,-1
9.31999999999999,8.81999999999999,13.3192565991662,13.8346974170767,8.43484081416908,8.30011644999446,60.5819468737677,60.4009406213344,-3.44916572281051,-3.44916572281051,0,0,0
9.17,9.31999999999999,13.8221089206605,13.3192565991662,8.49989569083719,8.43484081416908,60.9662171226754,60.5819468737677,-2.73710325735289,-2.73710325735289,0,0,1
16.68,9.17,14.6078863835295,13.8221089206605,8.50571920317197,8.49989569083719,59.8668920971112,60.9662171226754,-1.87338904480528,-1.87338904480528,0,0,0
17.79,16.68,14.3983324907868,14.6078863835295,9.1835522096577,8.50571920317197,58.4715443142457,59.8668920971112,2.73143325452513,2.73143325452513,0,0,0
17.35,17.79,14.5477830789313,14.3983324907868,8.28365337980961,9.1835522096577,57.7074858344643,58.4715443142457,-0.724260211531156,-0.724260211531156,0,0,0
16.49,17.35,15.2187033264607,14.5477830789313,7.71042332216074,8.28365337980961,57.4437075040491,57.7074858344643,2.8657128594502,2.8657128594502,0,0,0
15.8,16.49,14.9538274412701,15.2187033264607,8.31130311536071,7.71042332216074,57.1553255639441,57.4437075040491,-0.506434658915303,-0.506434658915303,0,0,1
15.18,15.8,14.9651774252232,14.9538274412701,7.83250617342176,8.31130311536071,56.7967327824166,57.1553255639441,-0.921732476157693,-0.921732476157693,0,0,-1
14.38,15.18,14.9367776553751,14.9651774252232,8.04304705010537,7.83250617342176,56.9917337743148,56.7967327824166,-0.176982568817097,-0.176982568817097,0,0,0
13,14.38,14.8256570269551,14.9367776553751,8.45964405384735,8.04304705010537,56.8739932923,56.9917337743148,-0.00987692322549982,-0.00987692322549982,0,0,0
12.17,13,14.9768843659451,14.8256570269551,8.4370363614125,8.45964405384735,56.8682986306232,56.8739932923,-2.08697942896877,-2.08697942896877,0,0,0
12.66,12.17,14.7206467006094,14.9768843659451,7.85141211506392,8.4370363614125,56.7735266417868,56.8682986306232,1.48234527551285,1.48234527551285,0,0,1
12.16,12.66,14.8915810760705,14.7206467006094,8.79464265546052,7.85141211506392,56.5982658529574,56.7735266417868,-0.0858261368690396,-0.0858261368690396,0,0,-1
11.9,12.16,14.7289075265503,14.8915810760705,8.92156099184217,8.79464265546052,56.2629492045241,56.5982658529574,0.0855621893392779,0.0855621893392779,0,0,0
4.12000000000001,11.9,14.5252161139282,14.7289075265503,9.11003585629065,8.92156099184217,56.7140029396381,56.2629492045241,-0.0694924849490306,-0.0694924849490306,0,0,0
2.92,4.12000000000001,14.3584096556454,14.5252161139282,9.25234768776269,9.11003585629065,57.3195760537584,56.7140029396381,-0.0150522367082608,-0.0150522367082608,0,0,1
3.23,2.92,13.784737385236,14.3584096556454,9.18672754074334,9.25234768776269,57.4728772942863,57.3195760537584,0.757592946502786,0.757592946502786,0,0,-1
4.08,3.23,13.749608129842,13.784737385236,8.94701227247171,9.18672754074334,57.9759716217822,57.4728772942863,2.4972290169703,2.4972290169703,0,0,0
4.97,4.08,13.4852115008285,13.749608129842,8.77443010598409,8.94701227247171,56.6687224248177,57.9759716217822,-1.84168907065787,-1.84168907065787,0,0,0
5.45,4.97,13.4341225898768,13.4852115008285,8.54378728067464,8.77443010598409,57.7001633957479,56.6687224248177,0.850895361256956,0.850895361256956,0,0,0
6.22,5.45,13.3032594253956,13.4341225898768,8.53800392319924,8.54378728067464,58.6794067837039,57.7001633957479,-3.24247020059627,-3.24247020059627,0,0,0
6.70999999999999,6.22,13.0841805149593,13.3032594253956,9.10711541009244,8.53800392319924,59.7903215953324,58.6794067837039,2.21008655524883,2.21008655524883,0,0,0
7.95999999999999,6.70999999999999,13.0920289393223,13.0841805149593,9.23542392505827,9.10711541009244,59.9451565403041,59.7903215953324,-2.2378425154308,-2.2378425154308,0,0,1
7.48999999999999,7.95999999999999,13.1045050094784,13.0920289393223,8.73995694830146,9.23542392505827,58.6524313457041,59.9451565403041,1.51933748883128,1.51933748883128,0,0,-1
7.61,7.48999999999999,13.174795570958,13.1045050094784,9.33518748692117,8.73995694830146,58.8253202391619,58.6524313457041,-0.0387339306838328,-0.0387339306838328,0,0,0
7.7,7.61,13.0460895942518,13.174795570958,9.96697479391325,9.33518748692117,58.468418397077,58.8253202391619,-1.74209617894006,-1.74209617894006,0,0,0
7.51000000000001,7.7,12.9200013873375,13.0460895942518,9.02113630332748,9.96697479391325,57.9280856728645,58.468418397077,1.37820301786078,1.37820301786078,0,0,0
7.70999999999999,7.51000000000001,12.8839362731716,12.9200013873375,9.62039655262581,9.02113630332748,58.1562187832107,57.9280856728645,-0.147723243239266,-0.147723243239266,0,0,0
8.01000000000001,7.70999999999999,12.5000769523072,12.8839362731716,8.81468613376276,9.62039655262581,58.4155175451597,58.1562187832107,1.99752624521402,1.99752624521402,0,0,0
8.3,8.01000000000001,12.5849140073989,12.5000769523072,8.29852616179196,8.81468613376276,58.8062803554331,58.4155175451597,-3.32207411321289,-3.32207411321289,0,0,1
8.94,8.3,11.7166589532156,12.5849140073989,11.9771858126668,8.29852616179196,58.1761006386346,58.8062803554331,2.57929124483088,2.57929124483088,0,0,-1
9.09999999999999,8.94,11.7118887993821,11.7166589532156,10.8561879034252,11.9771858126668,58.1795710778821,58.1761006386346,1.37150917776396,1.37150917776396,0,0,0
8.28,9.09999999999999,11.7182605179449,11.7118887993821,10.4665033783808,10.8561879034252,57.4855693302985,58.1795710778821,-1.69837436785221,-1.69837436785221,0,0,0
8.44,8.28,11.5625530277711,11.7182605179449,11.8268245509167,10.4665033783808,55.8419630575583,57.4855693302985,-0.0926841374253904,-0.0926841374253904,0,0,0
8.98,8.44,11.7208554822982,11.5625530277711,11.1107743917111,11.8268245509167,53.2374823769358,55.8419630575583,0.0683155196827663,0.0683155196827663,0,0,0
9.77,8.98,12.3179339914858,11.7208554822982,10.4598408201613,11.1107743917111,51.0333542665073,53.2374823769358,0.0971594068581645,0.0971594068581645,0,0,1
10.26,9.77,12.3373360710606,12.3179339914858,9.63648628284236,10.4598408201613,49.9051553808595,51.0333542665073,0.167552665291165,0.167552665291165,0,0,-1
10.79,10.26,12.6260993193568,12.3373360710606,9.25951737609518,9.63648628284236,49.0090906816411,49.9051553808595,-0.199229542945385,-0.199229542945385,0,0,0
11.28,10.79,12.8956331198604,12.6260993193568,9.43999446690443,9.25951737609518,48.766601311606,49.0090906816411,0.230801283085562,0.230801283085562,0,0,0
11.2,11.28,12.8063086033558,12.8956331198604,8.76103784577227,9.43999446690443,48.6689810738521,48.766601311606,-0.910546663580597,-0.910546663580597,0,0,0
10.99,11.2,12.8784921514675,12.8063086033558,8.43615503817747,8.76103784577227,48.165225596139,48.6689810738521,-1.10175622401147,-1.10175622401147,0,0,0
10.32,10.99,13.349921987824,12.8784921514675,8.64201555985882,8.43615503817747,47.5078367179128,48.165225596139,1.65838241362351,1.65838241362351,0,0,0
9.98999999999999,10.32,12.511782742116,13.349921987824,8.91464470331823,8.64201555985882,46.7335763131348,47.5078367179128,-0.694869746936615,-0.694869746936615,0,0,0
9.34999999999999,9.98999999999999,12.5350416279491,12.511782742116,8.48273119243131,8.91464470331823,46.7195491470186,46.7335763131348,0.241865546751328,0.241865546751328,0,0,1
9.86,9.34999999999999,12.5211289077326,12.5350416279491,9.14437968558416,8.48273119243131,46.6752604473982,46.7195491470186,0.47542100114168,0.47542100114168,0,0,-1
5.47,0,13.7270964221375,0,10.1062117092418,0,55.8658247257013,0,-0.233318385153751,0,0,0,0
5.5,5.47,13.7433982403331,13.7270964221375,10.4660750434286,10.1062117092418,56.4746818189568,55.8658247257013,0.0463141473731241,0,0,0,0
5.7,5.5,13.6441350035113,13.7433982403331,10.5904697693436,10.4660750434286,58.7356802484572,56.4746818189568,-0.35785203631988,0,0,0,0
5.69,5.7,13.5836299810175,13.6441350035113,10.624119180891,10.5904697693436,59.5463211092907,58.7356802484572,-0.084639006412992,0,0,0,1
4.90000000000001,5.69,13.354999743239,13.5836299810175,10.4543835743272,10.624119180891,60.3049619430813,59.5463211092907,0.224833048530936,0,0,0,-1
4.58,4.90000000000001,13.585454155868,13.354999743239,10.2917355260206,10.4543835743272,58.7326020748509,60.3049619430813,-0.0873685308722294,0,0,0,0
3.97,4.58,13.712638900734,13.585454155868,10.0083217574088,10.2917355260206,59.6174891631244,58.7326020748509,-0.544289851517746,0,0,0,0
3.56,3.97,13.8628689712985,13.712638900734,9.71267124090393,10.0083217574088,60.3425774485918,59.6174891631244,0.234458260675932,0,0,0,0
3.23999999999999,3.56,13.7453440194015,13.8628689712985,9.39941145463747,9.71267124090393,60.3411952462641,60.3425774485918,0.604131732419482,0,0,0,0
2.93000000000001,3.23999999999999,13.7725965161463,13.7453440194015,9.18173641541977,9.39941145463747,60.4288519518905,60.3411952462641,0.224298545394849,0,0,0,0
2.53,2.93000000000001,13.6772469817047,13.7725965161463,9.12129108651853,9.18173641541977,60.1223292842733,60.4288519518905,-0.172903457899903,0,0,0,0
2.01000000000001,2.53,13.6659665001089,13.6772469817047,9.09190629213996,9.12129108651853,62.4900251062087,60.1223292842733,-0.295709351634354,0,0,0,-1
2.13,2.01000000000001,13.779091042909,13.6659665001089,8.95310169292193,9.09190629213996,62.3471565371277,62.4900251062087,-0.119794702308202,0,0,0,0
2.67,2.13,13.4970663546565,13.779091042909,8.93199040100886,8.95310169292193,62.6000300322203,62.3471565371277,0.292313451931442,0,0,0,1
3.65000000000001,2.67,14.2584704257129,13.4970663546565,8.67657135082745,8.93199040100886,61.5831123618972,62.6000300322203,-1.92325516729135,0,0,0,0
3.76000000000001,3.65000000000001,14.2194085782561,14.2584704257129,7.69215627599407,8.67657135082745,60.8293142668079,61.5831123618972,0.637065780499267,0,0,0,0
4.36,3.76000000000001,14.3711228036442,14.2194085782561,7.88211796286866,7.69215627599407,60.5304285828828,60.8293142668079,0.0708645063531286,0,0,0,-1
4.68000000000001,4.36,14.3377222498151,14.3711228036442,7.48521878124323,7.88211796286866,60.4642654724246,60.5304285828828,-0.442791343315005,0,0,0,1
4.95999999999999,4.68000000000001,14.2364942885839,14.3377222498151,7.41687717761892,7.48521878124323,60.6880745925798,60.4642654724246,-0.122485714305558,0,0,0,0
5.25,4.95999999999999,14.4431199729007,14.2364942885839,7.36380877833433,7.41687717761892,60.6640239201991,60.6880745925798,-0.34995749061331,0,0,0,0
5.62000000000001,5.25,13.8646581581052,14.4431199729007,7.45043424183131,7.36380877833433,60.73739668736,60.6640239201991,4.79853379400944,0,0,0,0
6.15000000000001,5.62000000000001,14.0239549165388,13.8646581581052,7.49737680158948,7.45043424183131,60.807811658458,60.73739668736,-3.14136377945639,0,0,0,0
6.69,6.15000000000001,14.0452077389801,14.0239549165388,7.50049390623289,7.49737680158948,60.3352703864908,60.807811658458,-0.558636367477391,0,0,0,0
6.54000000000001,6.69,14.0432278610627,14.0452077389801,7.26432629654475,7.50049390623289,60.294008446691,60.3352703864908,0.0136584634519359,0,0,0,0
6.65000000000001,6.54000000000001,14.0308493924943,14.0432278610627,7.42081910442534,7.26432629654475,60.6316673681957,60.294008446691,0.354806192694786,0,0,0,0
6.58,6.65000000000001,14.0953469895391,14.0308493924943,7.3089798780049,7.42081910442534,61.3849704732133,60.6316673681957,-0.525692826875712,0,0,0,1
5.84,6.58,14.1704651944028,14.0953469895391,7.47271365434946,7.3089798780049,61.6961373974604,61.3849704732133,0.853238759669049,0,0,0,-1
6.26000000000001,5.84,13.6261188642226,14.1704651944028,7.49985273104218,7.47271365434946,62.2840135608162,61.6961373974604,0.223469131078785,0,0,0,0
6.08,6.26000000000001,14.0347951992424,13.6261188642226,7.3332969804177,7.49985273104218,62.9615779157397,62.2840135608162,-0.955130924869447,0,0,0,0
5.92,6.08,13.8806510252175,14.0347951992424,7.80110999730419,7.3332969804177,63.5364230908394,62.9615779157397,0.0285164784650451,0,0,0,0
6.06999999999999,5.92,13.7896403691092,13.8806510252175,7.93572807788727,7.80110999730419,64.3183257377379,63.5364230908394,0.496396877265354,0,0,0,0
7.12000000000001,6.06999999999999,13.8432300580046,13.7896403691092,7.94951622417147,7.93572807788727,64.787245972594,64.3183257377379,-0.146076127954611,0,0,0,0
8.62,7.12000000000001,13.7786072475993,13.8432300580046,8.08798382377143,7.94951622417147,65.1757468820512,64.787245972594,0.541858599931217,0,0,0,0
8.83,8.62,13.6400892910723,13.7786072475993,8.02137150375062,8.08798382377143,64.7111887684056,65.1757468820512,-0.624837717399792,0,0,0,0
8.73,8.83,13.6177046328812,13.6400892910723,8.09220523920218,8.02137150375062,64.6971584466645,64.7111887684056,5.29167397660498,0,0,0,-1
9,8.73,13.0811401145327,13.6177046328812,8.33765182118581,8.09220523920218,63.8633367327121,64.6971584466645,-3.44916572281051,0,0,0,0
9.17,9,13.5289261484569,13.0811401145327,8.69075092320442,8.33765182118581,64.0934425214214,63.8633367327121,-2.73710325735289,0,0,0,1
15.59,9.17,14.3765908921337,13.5289261484569,8.65848283769078,8.69075092320442,63.0682686130766,64.0934425214214,-1.87338904480528,0,0,0,0
17.27,15.59,14.1890805107464,14.3765908921337,8.85062518406346,8.65848283769078,60.5585958756677,63.0682686130766,2.73143325452513,0,0,0,0
17.37,17.27,14.2638995515025,14.1890805107464,6.48813832952229,8.85062518406346,59.5916452062832,60.5585958756677,-0.724260211531156,0,0,0,0
16.74,17.37,14.9150507898931,14.2638995515025,7.22294081768392,6.48813832952229,59.0305263772808,59.5916452062832,2.8657128594502,0,0,0,0
15.51,16.74,14.6834508849973,14.9150507898931,7.17893688003626,7.22294081768392,59.1648883532309,59.0305263772808,-0.506434658915303,0,0,0,1
14.04,15.51,14.7113033626726,14.6834508849973,7.4705661856044,7.17893688003626,58.7977561082484,59.1648883532309,-0.921732476157693,0,0,0,-1
13.63,14.04,14.7037197862072,14.7113033626726,7.54734996003414,7.4705661856044,59.0907328206697,58.7977561082484,-0.176982568817097,0,0,0,0
11.88,13.63,14.5979770368752,14.7037197862072,8.00466207491672,7.54734996003414,60.4624150621513,59.0907328206697,-0.00987692322549982,0,0,0,0
11.3,11.88,14.7700700062257,14.5979770368752,7.56510495588308,8.00466207491672,60.5394000239352,60.4624150621513,-2.08697942896877,0,0,0,0
11.27,11.3,14.5247781014649,14.7700700062257,7.38093810025015,7.56510495588308,60.0544109544842,60.5394000239352,1.48234527551285,0,0,0,1
11.42,11.27,14.684924570482,14.5247781014649,8.8377493401848,7.38093810025015,58.6513758779716,60.0544109544842,-0.0858261368690396,0,0,0,-1
10.59,11.42,14.530987965105,14.684924570482,9.10616798988204,8.8377493401848,58.3082155231887,58.6513758779716,0.0855621893392779,0,0,0,0
3.95999999999999,10.59,14.340198858608,14.530987965105,9.21020787758685,9.10616798988204,58.6424910105946,58.3082155231887,-0.0694924849490306,0,0,0,0
2.03,3.95999999999999,14.2436462263497,14.340198858608,9.56498204182938,9.21020787758685,58.4753304635823,58.6424910105946,-0.0150522367082608,0,0,0,1
1.74,2.03,13.6384421459611,14.2436462263497,9.32407010811903,9.56498204182938,58.7159006828129,58.4753304635823,0.757592946502786,0,0,0,-1
2.42,1.74,13.6619683720763,13.6384421459611,9.4771915726221,9.32407010811903,59.1572468783301,58.7159006828129,2.4972290169703,0,0,0,0
3.72,2.42,13.3780586035981,13.6619683720763,9.17548631898946,9.4771915726221,58.7602297459985,59.1572468783301,-1.84168907065787,0,0,0,0
5.06,3.72,13.2787400604205,13.3780586035981,8.92532582736336,9.17548631898946,59.8551992859743,58.7602297459985,0.850895361256956,0,0,0,0
5.26000000000001,5.06,13.1870237597235,13.2787400604205,9.01744810006938,8.92532582736336,60.7305833917847,59.8551992859743,-3.24247020059627,0,0,0,0
5.91,5.26000000000001,12.9946740983965,13.1870237597235,9.72660684201481,9.01744810006938,61.159205016017,60.7305833917847,2.21008655524883,0,0,0,0
6.47,5.91,13.0231690080372,12.9946740983965,9.13546900349173,9.72660684201481,61.0558049920715,61.159205016017,-2.2378425154308,0,0,0,1
6.64,6.47,13.0404065518675,13.0231690080372,8.63884939702217,9.13546900349173,59.7000804633696,61.0558049920715,1.51933748883128,0,0,0,-1
6.31,6.64,13.109393082333,13.0404065518675,9.47504068773056,8.63884939702217,59.8298430069423,59.7000804633696,-0.0387339306838328,0,0,0,0
6.83,6.31,13.0030080950957,13.109393082333,10.4368714296751,9.47504068773056,59.5152912150497,59.8298430069423,-1.74209617894006,0,0,0,0
6.7,6.83,12.9014372649839,13.0030080950957,9.3780532656409,10.4368714296751,59.6039203146808,59.5152912150497,1.37820301786078,0,0,0,0
7.26000000000001,6.7,12.8745728058962,12.9014372649839,9.40325487716781,9.3780532656409,59.5964291595311,59.6039203146808,-0.147723243239266,0,0,0,0
7.34,7.26000000000001,12.4884366134682,12.8745728058962,8.78219844582439,9.40325487716781,59.6119443642213,59.5964291595311,1.99752624521402,0,0,0,0
7.48,7.34,12.5863456184287,12.4884366134682,8.33800322422082,8.78219844582439,60.0604127060342,59.6119443642213,-3.32207411321289,0,0,0,1
8.01000000000001,7.48,11.6582840423514,12.5863456184287,11.3670827389419,8.33800322422082,58.9406175971965,60.0604127060342,2.57929124483088,0,0,0,-1
8.31,8.01000000000001,11.6293235847628,11.6582840423514,10.4025702866822,11.3670827389419,58.7898200319438,58.9406175971965,1.37150917776396,0,0,0,0
8.23,8.31,11.6245772267372,11.6293235847628,10.3082467530143,10.4025702866822,58.1835786312069,58.7898200319438,-1.69837436785221,0,0,0,0
7.98999999999999,8.23,11.4506328031088,11.6245772267372,10.5916120287023,10.3082467530143,57.2750385966154,58.1835786312069,-0.0926841374253904,0,0,0,0
8.61,7.98999999999999,11.5895336680471,11.4506328031088,10.6616713046781,10.5916120287023,54.3458121523715,57.2750385966154,0.0683155196827663,0,0,0,0
9.2,8.61,12.188453082793,11.5895336680471,10.19182819136,10.6616713046781,52.6296319852568,54.3458121523715,0.0971594068581645,0,0,0,1
9.73,9.2,12.1846239440789,12.188453082793,10.9580944343034,10.19182819136,50.7254557855374,52.6296319852568,0.167552665291165,0,0,0,-1
9.81,9.73,12.4795760830097,12.1846239440789,8.5489120035956,10.9580944343034,49.8987006207947,50.7254557855374,-0.199229542945385,0,0,0,0
10.3,9.81,12.7405532210471,12.4795760830097,8.95869046697084,8.5489120035956,49.2678453638311,49.8987006207947,0.230801283085562,0,0,0,0
10.4,10.3,12.6629535523151,12.7405532210471,9.05205060521552,8.95869046697084,48.5377657219125,49.2678453638311,-0.910546663580597,0,0,0,0
10.29,10.4,12.7376232677319,12.6629535523151,8.8948943966029,9.05205060521552,48.1293415657658,48.5377657219125,-1.10175622401147,0,0,0,0
10.27,10.29,13.192991192062,12.7376232677319,8.62348047217747,8.8948943966029,47.3743419898916,48.1293415657658,1.65838241362351,0,0,0,0
9.81999999999999,10.27,12.3600820118111,13.192991192062,9.11119750357123,8.62348047217747,46.4465247511229,47.3743419898916,-0.694869746936615,0,0,0,0
8.79000000000001,9.81999999999999,12.381536955766,12.3600820118111,8.66006546979282,9.11119750357123,46.3118429150801,46.4465247511229,0.241865546751328,0,0,0,1
8.5,8.79000000000001,12.3955960645411,12.381536955766,8.63754226216443,8.66006546979282,45.8374764470115,46.3118429150801,0.47542100114168,0,0,0,-1
3.69,0,13.6713019961089,0,10.1082292565877,0,32.1897723660426,0,-0.233318385153751,0,-0.233318385153751,0,0
3.70999999999999,3.69,13.610441988954,13.6713019961089,10.4188208353934,10.1082292565877,32.3749495012098,32.1897723660426,0.0463141473731241,0,0.0463141473731241,0,0
3.78,3.70999999999999,13.5214760805691,13.610441988954,10.6413234668071,10.4188208353934,32.4414626126255,32.3749495012098,-0.35785203631988,0,-0.35785203631988,0,0
3.79000000000001,3.78,13.4806572049935,13.5214760805691,10.5739480125208,10.6413234668071,32.7199985967793,32.4414626126255,-0.084639006412992,0,-0.084639006412992,0,1
4.06,3.79000000000001,13.2161584025613,13.4806572049935,10.470808189091,10.5739480125208,32.8440280131178,32.7199985967793,0.224833048530936,0,0.224833048530936,0,-1
4.06,4.06,13.4866681346178,13.2161584025613,10.2905793423156,10.470808189091,33.0144888821809,32.8440280131178,-0.0873685308722294,0,-0.0873685308722294,0,0
3.73999999999999,4.06,13.5075354888651,13.4866681346178,10.005790246382,10.2905793423156,33.281553219661,33.0144888821809,-0.544289851517746,0,-0.544289851517746,0,0
3.53,3.73999999999999,13.7268660382367,13.5075354888651,9.79031493402086,10.005790246382,33.5330381252077,33.281553219661,0.234458260675932,0,0.234458260675932,0,0
3.23,3.53,13.6654281945328,13.7268660382367,9.42794511523235,9.79031493402086,33.3015082407621,33.5330381252077,0.604131732419482,0,0.604131732419482,0,0
3.5,3.23,13.6909922776539,13.6654281945328,9.21636958333504,9.42794511523235,33.449620862547,33.3015082407621,0.224298545394849,0,0.224298545394849,0,0
3.53,3.5,13.5626477797464,13.6909922776539,8.92397397352363,9.21636958333504,33.3923816767321,33.449620862547,-0.172903457899903,0,-0.172903457899903,0,0
3.59,3.53,13.5484669556431,13.5626477797464,7.40269190916422,8.92397397352363,33.4271368388329,33.3923816767321,-0.295709351634354,0,-0.295709351634354,0,-1
3.37,3.59,13.6609532840035,13.5484669556431,6.5128674320432,7.40269190916422,33.6606525198112,33.4271368388329,-0.119794702308202,0,-0.119794702308202,0,0
3.55,3.37,13.3924489439542,13.6609532840035,7.42307838754329,6.5128674320432,34.0354340323281,33.6606525198112,0.292313451931442,0,0.292313451931442,0,1
3.87,3.55,14.3252132430578,13.3924489439542,7.13118980563893,7.42307838754329,34.0823235747935,34.0354340323281,-1.92325516729135,0,-1.92325516729135,0,0
3.79000000000001,3.87,14.3166128836075,14.3252132430578,6.64698745430346,7.13118980563893,34.1768810839612,34.0823235747935,0.637065780499267,0,0.637065780499267,0,0
3.81999999999999,3.79000000000001,14.4710925088099,14.3166128836075,6.73574508170023,6.64698745430346,34.5041759582404,34.1768810839612,0.0708645063531286,0,0.0708645063531286,0,-1
4.15000000000001,3.81999999999999,14.3694508345816,14.4710925088099,6.94094243068224,6.73574508170023,35.0194006779508,34.5041759582404,-0.442791343315005,0,-0.442791343315005,0,1
4.26000000000001,4.15000000000001,14.2056659170009,14.3694508345816,6.76343278979441,6.94094243068224,35.6551714923347,35.0194006779508,-0.122485714305558,0,-0.122485714305558,0,0
4.18000000000001,4.26000000000001,14.4055224353651,14.2056659170009,7.11802625988064,6.76343278979441,36.3757489649975,35.6551714923347,-0.34995749061331,0,-0.34995749061331,0,0
4.28,4.18000000000001,13.7226274721649,14.4055224353651,6.98443847364141,7.11802625988064,37.1354478578079,36.3757489649975,4.79853379400944,0,4.79853379400944,0,0
5.09,4.28,13.8897862793601,13.7226274721649,6.78585813218363,6.98443847364141,37.4720200947389,37.1354478578079,-3.14136377945639,0,-3.14136377945639,0,0
5,5.09,13.988235883583,13.8897862793601,7.18742897287832,6.78585813218363,37.5973457892623,37.4720200947389,-0.558636367477391,0,-0.558636367477391,0,0
4.75,5,14.0119586477001,13.988235883583,6.9495805264592,7.18742897287832,38.0698105830024,37.5973457892623,0.0136584634519359,0,0.0136584634519359,0,0
4.81,4.75,13.9820322094495,14.0119586477001,6.44011330179691,6.9495805264592,38.6504092447552,38.0698105830024,0.354806192694786,0,0.354806192694786,0,0
4.53,4.81,14.0999288586429,13.9820322094495,6.75195372902989,6.44011330179691,39.4811760275331,38.6504092447552,-0.525692826875712,0,-0.525692826875712,0,1
4.42,4.53,14.276302851971,14.0999288586429,6.30590923287119,6.75195372902989,40.2058307372479,39.4811760275331,0.853238759669049,0,0.853238759669049,0,-1
4.75,4.42,13.5913962344485,14.276302851971,6.33248742042085,6.30590923287119,41.3003403601939,40.2058307372479,0.223469131078785,0,0.223469131078785,0,0
4.68000000000001,4.75,14.0806311714842,13.5913962344485,6.0465214824472,6.33248742042085,42.5309875961103,41.3003403601939,-0.955130924869447,0,-0.955130924869447,0,0
4.70999999999999,4.68000000000001,13.8831054921148,14.0806311714842,6.0175216653186,6.0465214824472,43.5072542462714,42.5309875961103,0.0285164784650451,0,0.0285164784650451,0,0
5.39,4.70999999999999,13.7947039220823,13.8831054921148,6.30634027951158,6.0175216653186,44.5047849303777,43.5072542462714,0.496396877265354,0,0.496396877265354,0,0
5.73999999999999,5.39,13.9064259499757,13.7947039220823,6.76977614020516,6.30634027951158,45.3464391488955,44.5047849303777,-0.146076127954611,0,-0.146076127954611,0,0
6.09999999999999,5.73999999999999,13.8136840471177,13.9064259499757,6.94282443921126,6.76977614020516,45.8443355182049,45.3464391488955,0.541858599931217,0,0.541858599931217,0,0
5.84999999999999,6.09999999999999,13.6365781412552,13.8136840471177,6.17376103713911,6.94282443921126,45.8511833248081,45.8443355182049,-0.624837717399792,0,-0.624837717399792,0,0
6.2,5.84999999999999,13.5819628071699,13.6365781412552,6.09035219274532,6.17376103713911,46.3038247285452,45.8511833248081,5.29167397660498,0,5.29167397660498,0,-1
6.34,6.2,12.9926114362131,13.5819628071699,5.82644263597815,6.09035219274532,46.6160651031201,46.3038247285452,-3.44916572281051,0,-3.44916572281051,0,0
6.81999999999999,6.34,13.1419574446711,12.9926114362131,7.09000300302601,5.82644263597815,46.8565346561549,46.6160651031201,-2.73710325735289,0,-2.73710325735289,0,1
13.76,6.81999999999999,14.070155046019,13.1419574446711,6.91038342112853,7.09000300302601,46.6690873747508,46.8565346561549,-1.87338904480528,0,-1.87338904480528,0,0
15.04,13.76,13.8990001514972,14.070155046019,4.93425137458608,6.91038342112853,46.2184756181978,46.6690873747508,2.73143325452513,0,2.73143325452513,0,0
15.04,15.04,13.9898687755142,13.8990001514972,4.52814882340832,4.93425137458608,45.734180819911,46.2184756181978,-0.724260211531156,0,-0.724260211531156,0,0
15.17,15.04,14.7154170339178,13.9898687755142,6.6516783751715,4.52814882340832,45.7144773724899,45.734180819911,2.8657128594502,0,2.8657128594502,0,0
14.29,15.17,14.4309268289453,14.7154170339178,6.41223351118113,6.6516783751715,45.729827293346,45.7144773724899,-0.506434658915303,0,-0.506434658915303,0,1
13.47,14.29,14.5134559088856,14.4309268289453,6.30267499504553,6.41223351118113,45.5765640265333,45.729827293346,-0.921732476157693,0,-0.921732476157693,0,-1
12.94,13.47,14.503346600809,14.5134559088856,5.83534456654557,6.30267499504553,45.792525514504,45.5765640265333,-0.176982568817097,0,-0.176982568817097,0,0
12.5,12.94,14.3765615642096,14.503346600809,6.91775669639913,5.83534456654557,46.3702724381397,45.792525514504,-0.00987692322549982,0,-0.00987692322549982,0,0
12.25,12.5,14.6962093700416,14.3765615642096,6.79093356835529,6.91775669639913,46.7668510128999,46.3702724381397,-2.08697942896877,0,-2.08697942896877,0,0
12.07,12.25,14.4126565839858,14.6962093700416,6.0798647019299,6.79093356835529,46.7170896069367,46.7668510128999,1.48234527551285,0,1.48234527551285,0,1
12.32,12.07,14.5422104683497,14.4126565839858,6.71851090183157,6.0798647019299,46.0836298428773,46.7170896069367,-0.0858261368690396,0,-0.0858261368690396,0,-1
11.35,12.32,14.3612307821221,14.5422104683497,6.17502127942651,6.71851090183157,46.0876610248306,46.0836298428773,0.0855621893392779,0,0.0855621893392779,0,0
4.47,11.35,14.1740661435654,14.3612307821221,6.96809693960432,6.17502127942651,46.5972248888617,46.0876610248306,-0.0694924849490306,0,-0.0694924849490306,0,0
3.18000000000001,4.47,14.0501439653849,14.1740661435654,7.22708084112705,6.96809693960432,47.1192034326437,46.5972248888617,-0.0150522367082608,0,-0.0150522367082608,0,1
3.08,3.18000000000001,13.3389103070001,14.0501439653849,7.07921995259169,7.22708084112705,47.7089286157574,47.1192034326437,0.757592946502786,0,0.757592946502786,0,-1
3.16,3.08,13.347261233364,13.3389103070001,6.643612852313,7.07921995259169,48.4449133577331,47.7089286157574,2.4972290169703,0,2.4972290169703,0,0
4.22,3.16,13.0573655144939,13.347261233364,6.95855281165137,6.643612852313,48.8050997774737,48.4449133577331,-1.84168907065787,0,-1.84168907065787,0,0
4.93000000000001,4.22,12.926206389222,13.0573655144939,6.85784330298675,6.95855281165137,49.9024910981251,48.8050997774737,0.850895361256956,0,0.850895361256956,0,0
6.90000000000001,4.93000000000001,12.8748683432563,12.926206389222,6.86274439661101,6.85784330298675,50.7129409533839,49.9024910981251,-3.24247020059627,0,-3.24247020059627,0,0
7.61,6.90000000000001,12.7139227056833,12.8748683432563,6.89281649153398,6.86274439661101,51.0901200290843,50.7129409533839,2.21008655524883,0,2.21008655524883,0,0
7.78,7.61,12.7975740715708,12.7139227056833,6.65905187881717,6.89281649153398,51.3030426592461,51.0901200290843,-2.2378425154308,0,-2.2378425154308,0,1
7.44,7.78,12.8471120432682,12.7975740715708,6.60628710787082,6.65905187881717,50.4523783661186,51.3030426592461,1.51933748883128,0,1.51933748883128,0,-1
7.41,7.44,12.9840275548877,12.8471120432682,6.87919124433741,6.60628710787082,50.9571211365352,50.4523783661186,-0.0387339306838328,0,-0.0387339306838328,0,0
8.23999999999999,7.41,12.8388691597081,12.9840275548877,7.23574016722025,6.87919124433741,50.1056472847247,50.9571211365352,-1.74209617894006,0,-1.74209617894006,0,0
8.39,8.23999999999999,12.7894313132405,12.8388691597081,6.55642765111061,7.23574016722025,49.9930092375083,50.1056472847247,1.37820301786078,0,1.37820301786078,0,0
8.12,8.39,12.7644475874766,12.7894313132405,6.15515510871761,6.55642765111061,49.9724600600528,49.9930092375083,-0.147723243239266,0,-0.147723243239266,0,0
8.17,8.12,12.3911388053542,12.7644475874766,6.46619935447257,6.15515510871761,49.743188389703,49.9724600600528,1.99752624521402,0,1.99752624521402,0,0
8.25,8.17,12.5308631795388,12.3911388053542,6.83093558456242,6.46619935447257,49.9587549335111,49.743188389703,-3.32207411321289,0,-3.32207411321289,0,1
8.17,8.25,11.4696615566851,12.5308631795388,6.0450315496053,6.83093558456242,49.3289649242075,49.9587549335111,2.57929124483088,0,2.57929124483088,0,-1
7.89,8.17,11.4063158062231,11.4696615566851,6.52536659416802,6.0450315496053,49.3901013053378,49.3289649242075,1.37150917776396,0,1.37150917776396,0,0
6.37999999999999,7.89,11.3931063318152,11.4063158062231,6.88128113782927,6.52536659416802,48.901653271992,49.3901013053378,-1.69837436785221,0,-1.69837436785221,0,0
6,6.37999999999999,11.2705902574132,11.3931063318152,7.3282416245222,6.88128113782927,48.1307563144338,48.901653271992,-0.0926841374253904,0,-0.0926841374253904,0,0
6.42,6,11.4283625391873,11.2705902574132,6.44165367292853,7.3282416245222,46.8764064862297,48.1307563144338,0.0683155196827663,0,0.0683155196827663,0,0
7.15000000000001,6.42,12.205925100546,11.4283625391873,5.50261065459302,6.44165367292853,45.3530563963467,46.8764064862297,0.0971594068581645,0,0.0971594068581645,0,1
7.79000000000001,7.15000000000001,12.1921967324766,12.205925100546,6.77951706941674,5.50261065459302,44.22046746523,45.3530563963467,0.167552665291165,0,0.167552665291165,0,-1
8.09999999999999,7.79000000000001,12.4994216498465,12.1921967324766,4.76937592435602,6.77951706941674,43.9266233086443,44.22046746523,-0.199229542945385,0,-0.199229542945385,0,0
8.52,8.09999999999999,12.7788132488645,12.4994216498465,4.69577968704699,4.76937592435602,43.6348252066882,43.9266233086443,0.230801283085562,0,0.230801283085562,0,0
9.2,8.52,12.7219301893404,12.7788132488645,3.89868453867619,4.69577968704699,43.376837984683,43.6348252066882,-0.910546663580597,0,-0.910546663580597,0,0
9.29000000000001,9.2,12.8729638590599,12.7219301893404,4.46742060295195,3.89868453867619,43.1522078926384,43.376837984683,-1.10175622401147,0,-1.10175622401147,0,0
9.09,9.29000000000001,13.2663790106894,12.8729638590599,4.47463544522674,4.46742060295195,42.7568853338648,43.1522078926384,1.65838241362351,0,1.65838241362351,0,0
9.44,9.09,12.3309705706097,13.2663790106894,4.2539478359644,4.47463544522674,42.0997537607487,42.7568853338648,-0.694869746936615,0,-0.694869746936615,0,0
8.61,9.44,12.3873025567745,12.3309705706097,4.86094763366953,4.2539478359644,42.2254608711436,42.0997537607487,0.241865546751328,0,0.241865546751328,0,1
8.37,8.61,12.4499433853531,12.3873025567745,5.20888708806941,4.86094763366953,41.996656782618,42.2254608711436,0.47542100114168,0,0.47542100114168,0,-1
4.92,0,13.7314464222783,0,10.1865241258229,0,57.5090420355362,0,-0.233318385153751,-0.233318385153751,0,0,0
4.95999999999999,4.92,13.7212219807273,13.7314464222783,10.3983305858121,10.1865241258229,57.9680680599908,57.5090420355362,0.0463141473731241,0.0463141473731241,0,0,0
5,4.95999999999999,13.5787698671854,13.7212219807273,10.4986137924207,10.3983305858121,58.8679986668687,57.9680680599908,-0.35785203631988,-0.35785203631988,0,0,0
5.34999999999999,5,13.5317038580453,13.5787698671854,10.590184281315,10.4986137924207,59.4081478904006,58.8679986668687,-0.084639006412992,-0.084639006412992,0,0,1
5.25,5.34999999999999,13.2854506069809,13.5317038580453,10.338458454099,10.590184281315,59.8592517942043,59.4081478904006,0.224833048530936,0.224833048530936,0,0,-1
5.12999999999999,5.25,13.3311371688895,13.2854506069809,10.1448531007754,10.338458454099,59.9949462973762,59.8592517942043,-0.0873685308722294,-0.0873685308722294,0,0,0
4.92,5.12999999999999,13.4420424952381,13.3311371688895,9.88247727585516,10.1448531007754,60.8098450620215,59.9949462973762,-0.544289851517746,-0.544289851517746,0,0,0
4.75,4.92,13.5802043764389,13.4420424952381,9.65553789667386,9.88247727585516,61.1513951865105,60.8098450620215,0.234458260675932,0.234458260675932,0,0,0
4.40000000000001,4.75,13.4804963838028,13.5802043764389,9.4061000883909,9.65553789667386,59.4149665988496,61.1513951865105,0.604131732419482,0.604131732419482,0,0,0
4.2,4.40000000000001,13.5011504160162,13.4804963838028,9.20602896941389,9.4061000883909,59.7330400010088,59.4149665988496,0.224298545394849,0.224298545394849,0,0,0
3.65000000000001,4.2,13.404499485985,13.5011504160162,9.0166405183674,9.20602896941389,59.844725360972,59.7330400010088,-0.172903457899903,-0.172903457899903,0,0,0
2.67,3.65000000000001,13.4426860204001,13.404499485985,8.9586613647218,9.0166405183674,61.7783809896885,59.844725360972,-0.295709351634354,-0.295709351634354,0,0,-1
2.31,2.67,13.5964578733987,13.4426860204001,8.95660164277908,8.9586613647218,62.1348115853952,61.7783809896885,-0.119794702308202,-0.119794702308202,0,0,0
2.5,2.31,13.3884644867796,13.5964578733987,8.8031879331383,8.95660164277908,62.7444973344151,62.1348115853952,0.292313451931442,0.292313451931442,0,0,1
3.08,2.5,14.1550976582724,13.3884644867796,8.69756253361756,8.8031879331383,61.2375149779451,62.7444973344151,-1.92325516729135,-1.92325516729135,0,0,0
2.81,3.08,14.0887088837906,14.1550976582724,7.95131260135643,8.69756253361756,61.4865735239355,61.2375149779451,0.637065780499267,0.637065780499267,0,0,0
2.69,2.81,14.2471564445597,14.0887088837906,7.84469070778414,7.95131260135643,61.9205196213495,61.4865735239355,0.0708645063531286,0.0708645063531286,0,0,-1
2.81999999999999,2.69,14.1817156048681,14.2471564445597,7.5096988355326,7.84469070778414,62.918299955066,61.9205196213495,-0.442791343315005,-0.442791343315005,0,0,1
2.98,2.81999999999999,14.1058477251776,14.1817156048681,7.31023701793641,7.5096988355326,63.8796059503749,62.918299955066,-0.122485714305558,-0.122485714305558,0,0,0
3.13,2.98,14.2529620624448,14.1058477251776,7.2964938867336,7.31023701793641,64.7104064290406,63.8796059503749,-0.34995749061331,-0.34995749061331,0,0,0
3.41,3.13,13.7177424923565,14.2529620624448,7.35630594411926,7.2964938867336,65.7419691366502,64.7104064290406,4.79853379400944,4.79853379400944,0,0,0
3.87,3.41,13.8693005735223,13.7177424923565,7.49184169457998,7.35630594411926,65.4906909272543,65.7419691366502,-3.14136377945639,-3.14136377945639,0,0,0
4.23999999999999,3.87,13.8841202543032,13.8693005735223,7.47860827728933,7.49184169457998,65.4949899985151,65.4906909272543,-0.558636367477391,-0.558636367477391,0,0,0
5.01000000000001,4.23999999999999,13.9199333116077,13.8841202543032,7.3403945209865,7.47860827728933,64.8106185973342,65.4949899985151,0.0136584634519359,0.0136584634519359,0,0,0
5.72,5.01000000000001,13.8892087853901,13.9199333116077,7.35101862421416,7.3403945209865,65.4338112586657,64.8106185973342,0.354806192694786,0.354806192694786,0,0,0
5.84999999999999,5.72,13.9796272566903,13.8892087853901,7.40343527488926,7.35101862421416,66.3123569587428,65.4338112586657,-0.525692826875712,-0.525692826875712,0,0,1
5.26000000000001,5.84999999999999,14.0834042674334,13.9796272566903,7.32096029535442,7.40343527488926,67.1703041871214,66.3123569587428,0.853238759669049,0.853238759669049,0,0,-1
5.64,5.26000000000001,13.58081010646,14.0834042674334,7.35122840058873,7.32096029535442,67.9328771104982,67.1703041871214,0.223469131078785,0.223469131078785,0,0,0
6.55,5.64,14.0204869322988,13.58081010646,7.03307685307053,7.35122840058873,68.5711428254724,67.9328771104982,-0.955130924869447,-0.955130924869447,0,0,0
6.56,6.55,13.912825915636,14.0204869322988,7.74113470977896,7.03307685307053,69.6811172038026,68.5711428254724,0.0285164784650451,0.0285164784650451,0,0,0
6.58,6.56,13.815470681913,13.912825915636,7.73568960752365,7.74113470977896,70.387795817953,69.6811172038026,0.496396877265354,0.496396877265354,0,0,0
7.19,6.58,13.8099624804779,13.815470681913,7.75280081400965,7.73568960752365,70.691161973347,70.387795817953,-0.146076127954611,-0.146076127954611,0,0,0
8.18000000000001,7.19,13.8216983278723,13.8099624804779,7.7842663863815,7.75280081400965,70.6677638092656,70.691161973347,0.541858599931217,0.541858599931217,0,0,0
8.37,8.18000000000001,13.688955342286,13.8216983278723,7.80399940441181,7.7842663863815,69.8939919298397,70.6677638092656,-0.624837717399792,-0.624837717399792,0,0,0
8.11,8.37,13.6526119069011,13.688955342286,8.03935073471089,7.80399940441181,69.6890839316056,69.8939919298397,5.29167397660498,5.29167397660498,0,0,-1
8.2,8.11,13.1173395660233,13.6526119069011,8.05417939940975,8.03935073471089,70.3256680837541,69.6890839316056,-3.44916572281051,-3.44916572281051,0,0,0
8.38,8.2,13.509729553654,13.1173395660233,8.3201341391322,8.05417939940975,70.7197886069238,70.3256680837541,-2.73710325735289,-2.73710325735289,0,0,1
16.05,8.38,14.3188923416819,13.509729553654,7.90956153669869,8.3201341391322,69.9992001101547,70.7197886069238,-1.87338904480528,-1.87338904480528,0,0,0
17.66,16.05,14.0819434115772,14.3188923416819,8.05385902987039,7.90956153669869,69.4716447747826,69.9992001101547,2.73143325452513,2.73143325452513,0,0,0
17.16,17.66,14.1806499213094,14.0819434115772,8.29131670850511,8.05385902987039,68.4860416575636,69.4716447747826,-0.724260211531156,-0.724260211531156,0,0,0
15.64,17.16,14.86894268612,14.1806499213094,7.69232666928995,8.29131670850511,67.899816331612,68.4860416575636,2.8657128594502,2.8657128594502,0,0,0
14.78,15.64,14.6295927583264,14.86894268612,7.68914943016098,7.69232666928995,66.7906398870411,67.899816331612,-0.506434658915303,-0.506434658915303,0,0,1
14.27,14.78,14.6807597983327,14.6295927583264,7.58993647091732,7.68914943016098,66.7586909640263,66.7906398870411,-0.921732476157693,-0.921732476157693,0,0,-1
13.5,14.27,14.6683000051892,14.6807597983327,7.47280454656091,7.58993647091732,67.0794770658984,66.7586909640263,-0.176982568817097,-0.176982568817097,0,0,0
12.2,13.5,14.593927607493,14.6683000051892,7.91824209733462,7.47280454656091,67.0126543935116,67.0794770658984,-0.00987692322549982,-0.00987692322549982,0,0,0
11.59,12.2,14.789158614136,14.593927607493,7.81090239164535,7.91824209733462,67.1154612420546,67.0126543935116,-2.08697942896877,-2.08697942896877,0,0,0
11.83,11.59,14.5515062241415,14.789158614136,7.5989776305841,7.81090239164535,66.688118007173,67.1154612420546,1.48234527551285,1.48234527551285,0,0,1
11.67,11.83,14.7377392993163,14.5515062241415,8.25769807337097,7.5989776305841,65.9837982905019,66.688118007173,-0.0858261368690396,-0.0858261368690396,0,0,-1
11.28,11.67,14.5976349809331,14.7377392993163,8.38511943059822,8.25769807337097,65.8164759711042,65.9837982905019,0.0855621893392779,0.0855621893392779,0,0,0
3.51000000000001,11.28,14.4135040763523,14.5976349809331,8.30214088735264,8.38511943059822,66.3776088471146,65.8164759711042,-0.0694924849490306,-0.0694924849490306,0,0,0
2.28,3.51000000000001,14.2488743618469,14.4135040763523,8.3754109774479,8.30214088735264,66.6168539482812,66.3776088471146,-0.0150522367082608,-0.0150522367082608,0,0,1
2.73,2.28,13.6546322301549,14.2488743618469,8.36659758337069,8.3754109774479,67.1509980046196,66.6168539482812,0.757592946502786,0.757592946502786,0,0,-1
3.18000000000001,2.73,13.6317782572575,13.6546322301549,8.42656519888921,8.36659758337069,67.7458209468702,67.1509980046196,2.4972290169703,2.4972290169703,0,0,0
4.02,3.18000000000001,13.3663686043036,13.6317782572575,8.36816954767698,8.42656519888921,66.0931491674939,67.7458209468702,-1.84168907065787,-1.84168907065787,0,0,0
4.8,4.02,13.3038465540009,13.3663686043036,7.86393915626218,8.36816954767698,67.5512853478172,66.0931491674939,0.850895361256956,0.850895361256956,0,0,0
5.84999999999999,4.8,13.1997572553867,13.3038465540009,7.78210328211294,7.86393915626218,69.0587362241155,67.5512853478172,-3.24247020059627,-3.24247020059627,0,0,0
6.48,5.84999999999999,13.0052229617966,13.1997572553867,8.38111912871906,7.78210328211294,72.1826625495509,69.0587362241155,2.21008655524883,2.21008655524883,0,0,0
7.27,6.48,13.0205739879413,13.0052229617966,8.21271349257346,8.38111912871906,72.3483707326765,72.1826625495509,-2.2378425154308,-2.2378425154308,0,0,1
7.27,7.27,13.0657742322631,13.0205739879413,7.97585181964992,8.21271349257346,71.4344921216265,72.3483707326765,1.51933748883128,1.51933748883128,0,0,-1
7.5,7.27,13.1727231616635,13.0657742322631,8.57531534163752,7.97585181964992,71.1680933257017,71.4344921216265,-0.0387339306838328,-0.0387339306838328,0,0,0
7.52,7.5,13.0166333959203,13.1727231616635,9.62148219620035,8.57531534163752,70.4619180812253,71.1680933257017,-1.74209617894006,-1.74209617894006,0,0,0
7.81999999999999,7.52,12.8957016113926,13.0166333959203,8.34420445256453,9.62148219620035,70.6293896910638,70.4619180812253,1.37820301786078,1.37820301786078,0,0,0
7.7,7.81999999999999,12.86320086794,12.8957016113926,8.57025003924379,8.34420445256453,69.8013769645327,70.6293896910638,-0.147723243239266,-0.147723243239266,0,0,0
7.86,7.7,12.4528626537794,12.86320086794,8.08951899926694,8.57025003924379,69.8202054801807,69.8013769645327,1.99752624521402,1.99752624521402,0,0,0
8.48999999999999,7.86,12.5555090340728,12.4528626537794,7.75277236970739,8.08951899926694,70.5725967721994,69.8202054801807,-3.32207411321289,-3.32207411321289,0,0,1
9.09,8.48999999999999,11.692614612508,12.5555090340728,10.3985989540771,7.75277236970739,69.7360446224014,70.5725967721994,2.57929124483088,2.57929124483088,0,0,-1
8.70999999999999,9.09,11.6791472681821,11.692614612508,9.76320989633049,10.3985989540771,69.2649916683308,69.7360446224014,1.37150917776396,1.37150917776396,0,0,0
8.41,8.70999999999999,11.7190340055623,11.6791472681821,9.21829900282619,9.76320989633049,68.3285174819592,69.2649916683308,-1.69837436785221,-1.69837436785221,0,0,0
8.53,8.41,11.5665129232512,11.7190340055623,9.79167193326468,9.21829900282619,65.9634220605203,68.3285174819592,-0.0926841374253904,-0.0926841374253904,0,0,0
9.17,8.53,11.7029767607861,11.5665129232512,9.433247567461,9.79167193326468,63.7520840090867,65.9634220605203,0.0683155196827663,0.0683155196827663,0,0,0
10.02,9.17,12.3160781278006,11.7029767607861,8.6317472212028,9.433247567461,61.9564105651635,63.7520840090867,0.0971594068581645,0.0971594068581645,0,0,1
10.6,10.02,12.3333647032748,12.3160781278006,8.36117736302733,8.6317472212028,63.1880132378086,61.9564105651635,0.167552665291165,0.167552665291165,0,0,-1
11.2,10.6,12.6182983151039,12.3333647032748,7.82430362683985,8.36117736302733,62.2179923187145,63.1880132378086,-0.199229542945385,-0.199229542945385,0,0,0
11.36,11.2,12.9213288566666,12.6182983151039,7.79430369322542,7.82430362683985,61.4180453574985,62.2179923187145,0.230801283085562,0.230801283085562,0,0,0
11.22,11.36,12.8485795721011,12.9213288566666,7.8296992153354,7.79430369322542,59.5827374563525,61.4180453574985,-0.910546663580597,-0.910546663580597,0,0,0
10.98,11.22,12.9638950649568,12.8485795721011,7.78227935612541,7.8296992153354,58.9745108659384,59.5827374563525,-1.10175622401147,-1.10175622401147,0,0,0
10.5,10.98,13.4778273506816,12.9638950649568,7.7252085111718,7.78227935612541,58.193901956067,58.9745108659384,1.65838241362351,1.65838241362351,0,0,0
10.48,10.5,12.6241898840953,13.4778273506816,7.8042740653356,7.7252085111718,57.4179249165739,58.193901956067,-0.694869746936615,-0.694869746936615,0,0,0
9.98,10.48,12.7487585081496,12.6241898840953,7.60133632430841,7.8042740653356,57.5336865870215,57.4179249165739,0.241865546751328,0.241865546751328,0,0,1
9.70999999999999,9.98,12.4361300652652,12.7487585081496,8.26380620685265,7.60133632430841,57.4621046404243,57.5336865870215,0.47542100114168,0.47542100114168,0,0,-1
6.15000000000001,0,13.5709400971791,0,10.0676766698923,0,56.9666411533005,0,-0.233318385153751,0,0,0,0
5.84,6.15000000000001,13.651256379565,13.5709400971791,10.5023585984701,10.0676766698923,57.3740516734434,56.9666411533005,0.0463141473731241,0,0,0,0
5.68000000000001,5.84,13.5066244268322,13.651256379565,10.6449498746731,10.5023585984701,56.6885358837927,57.3740516734434,-0.35785203631988,0,0,0,0
5.8,5.68000000000001,13.4727278557909,13.5066244268322,10.6064795013534,10.6449498746731,57.1604681843678,56.6885358837927,-0.084639006412992,0,0,0,1
4.92,5.8,13.2128422110769,13.4727278557909,10.3354719041154,10.6064795013534,57.5076133639696,57.1604681843678,0.224833048530936,0,0,0,-1
4.53,4.92,13.4427242299799,13.2128422110769,10.1659352906961,10.3354719041154,58.7258364840463,57.5076133639696,-0.0873685308722294,0,0,0,0
4.06,4.53,13.5124452616431,13.4427242299799,9.96709007724732,10.1659352906961,59.289781709269,58.7258364840463,-0.544289851517746,0,0,0,0
3.67,4.06,13.7122200775452,13.5124452616431,9.64719385176331,9.96709007724732,59.841697451894,59.289781709269,0.234458260675932,0,0,0,0
3.20999999999999,3.67,13.6189848212018,13.7122200775452,9.46423998833582,9.64719385176331,59.3400565270365,59.841697451894,0.604131732419482,0,0,0,0
2.76000000000001,3.20999999999999,13.6399352002483,13.6189848212018,9.24538386300621,9.46423998833582,59.5709559422049,59.3400565270365,0.224298545394849,0,0,0,0
2.18000000000001,2.76000000000001,13.5207428354278,13.6399352002483,9.15362445434914,9.24538386300621,59.6834826097907,59.5709559422049,-0.172903457899903,0,0,0,0
1.28,2.18000000000001,13.4711721701649,13.5207428354278,9.03615083824969,9.15362445434914,60.1047889835807,59.6834826097907,-0.295709351634354,0,0,0,-1
1.27,1.28,13.5834618938348,13.4711721701649,8.92191317741874,9.03615083824969,60.3792288919067,60.1047889835807,-0.119794702308202,0,0,0,0
1.95,1.27,13.292670647613,13.5834618938348,8.83121704088339,8.92191317741874,60.9602697994014,60.3792288919067,0.292313451931442,0,0,0,1
3.13,1.95,14.1459961245987,13.292670647613,8.18249064183664,8.83121704088339,61.6458634909448,60.9602697994014,-1.92325516729135,0,0,0,0
3.09,3.13,14.1322434241849,14.1459961245987,7.27745554075407,8.18249064183664,61.3778161121884,61.6458634909448,0.637065780499267,0,0,0,0
3.45999999999999,3.09,14.2939369349387,14.1322434241849,7.57438641050951,7.27745554075407,61.5155663734864,61.3778161121884,0.0708645063531286,0,0,0,-1
4.05,3.45999999999999,14.255451638057,14.2939369349387,7.16018065926019,7.57438641050951,62.0788645896231,61.5155663734864,-0.442791343315005,0,0,0,1
4.01000000000001,4.05,14.1139416669744,14.255451638057,7.11407159762574,7.16018065926019,63.0159615409495,62.0788645896231,-0.122485714305558,0,0,0,0
3.98,4.01000000000001,14.337181233939,14.1139416669744,7.17796676632764,7.11407159762574,63.6882888843859,63.0159615409495,-0.34995749061331,0,0,0,0
4.48999999999999,3.98,13.7362366388288,14.337181233939,7.25194155822593,7.17796676632764,62.7361024608019,63.6882888843859,4.79853379400944,0,0,0,0
4.7,4.48999999999999,13.9160542745927,13.7362366388288,7.14615154712258,7.25194155822593,63.0665786372392,62.7361024608019,-3.14136377945639,0,0,0,0
5.41,4.7,13.9513852730789,13.9160542745927,7.04414223193795,7.14615154712258,63.1169111377971,63.0665786372392,-0.558636367477391,0,0,0,0
5.84999999999999,5.41,13.9659799988228,13.9513852730789,6.92535999363773,7.04414223193795,64.1006635358663,63.1169111377971,0.0136584634519359,0,0,0,0
6.45,5.84999999999999,13.9333397678378,13.9659799988228,7.17376301142171,6.92535999363773,64.596068977916,64.1006635358663,0.354806192694786,0,0,0,0
6.25,6.45,14.0404654245689,13.9333397678378,7.06946049226514,7.17376301142171,65.3571791614988,64.596068977916,-0.525692826875712,0,0,0,1
5.73999999999999,6.25,14.1576862596963,14.0404654245689,7.2155103647116,7.06946049226514,65.3224468532417,65.3571791614988,0.853238759669049,0,0,0,-1
6.03,5.73999999999999,13.5435256495466,14.1576862596963,7.23341558820169,7.2155103647116,65.8674314061339,65.3224468532417,0.223469131078785,0,0,0,0
6.36,6.03,13.9606057003267,13.5435256495466,6.97694272350816,7.23341558820169,66.6983765994596,65.8674314061339,-0.955130924869447,0,0,0,0
5.68000000000001,6.36,13.7875764529923,13.9606057003267,7.51562564281524,6.97694272350816,66.5675551333669,66.6983765994596,0.0285164784650451,0,0,0,0
6.40000000000001,5.68000000000001,13.6904526353979,13.7875764529923,7.84188576733489,7.51562564281524,67.2704153975025,66.5675551333669,0.496396877265354,0,0,0,0
7.42,6.40000000000001,13.7698960939275,13.6904526353979,7.69386065794291,7.84188576733489,67.7549160057385,67.2704153975025,-0.146076127954611,0,0,0,0
7.87999999999999,7.42,13.7098807012412,13.7698960939275,7.65077310171192,7.69386065794291,69.3650496954612,67.7549160057385,0.541858599931217,0,0,0,0
8.56999999999999,7.87999999999999,13.554079703989,13.7098807012412,7.7444945688279,7.65077310171192,69.3904740673794,69.3650496954612,-0.624837717399792,0,0,0,0
8.13,8.56999999999999,13.5307310114754,13.554079703989,8.03365232341786,7.7444945688279,69.6004540032407,69.3904740673794,5.29167397660498,0,0,0,-1
9.09999999999999,8.13,12.9760118541656,13.5307310114754,8.13024051753497,8.03365232341786,70.4923263900301,69.6004540032407,-3.44916572281051,0,0,0,0
9.59,9.09999999999999,13.3187763960076,12.9760118541656,8.06931680007181,8.13024051753497,70.989114353085,70.4923263900301,-2.73710325735289,0,0,0,1
16.38,9.59,14.2265434732433,13.3187763960076,8.26877599592536,8.06931680007181,69.9148926472956,70.989114353085,-1.87338904480528,0,0,0,0
17.95,16.38,14.0777248311482,14.2265434732433,8.35308739708854,8.26877599592536,66.5591636096932,69.9148926472956,2.73143325452513,0,0,0,0
17.06,17.95,14.1935510345097,14.0777248311482,6.11305607867654,8.35308739708854,65.6151831831825,66.5591636096932,-0.724260211531156,0,0,0,0
15.43,17.06,14.7999939643536,14.1935510345097,5.44935826745115,6.11305607867654,64.9034536565821,65.6151831831825,2.8657128594502,0,0,0,0
14.74,15.43,14.5579551317583,14.7999939643536,6.8170155447042,5.44935826745115,65.7734597181512,64.9034536565821,-0.506434658915303,0,0,0,1
13.69,14.74,14.5874180593931,14.5579551317583,6.67559424461995,6.8170155447042,65.6081390046364,65.7734597181512,-0.921732476157693,0,0,0,-1
12.69,13.69,14.5838101377606,14.5874180593931,6.58235243399891,6.67559424461995,65.7371438869702,65.6081390046364,-0.176982568817097,0,0,0,0
11.73,12.69,14.4792495312329,14.5838101377606,8.04975551435075,6.58235243399891,64.2173456572175,65.7371438869702,-0.00987692322549982,0,0,0,0
10.51,11.73,14.7581937724913,14.4792495312329,7.28161253388441,8.04975551435075,64.2010200535723,64.2173456572175,-2.08697942896877,0,0,0,0
10.31,10.51,14.5158478060307,14.7581937724913,6.5724248340359,7.28161253388441,63.8405534197426,64.2010200535723,1.48234527551285,0,0,0,1
9.54000000000001,10.31,14.6769636041513,14.5158478060307,8.27370161862667,6.5724248340359,65.4396121388544,63.8405534197426,-0.0858261368690396,0,0,0,-1
8.29000000000001,9.54000000000001,14.5367896999658,14.6769636041513,8.46975642871769,8.27370161862667,65.0852542030452,65.4396121388544,0.0855621893392779,0,0,0,0
1.86,8.29000000000001,14.3339579345675,14.5367896999658,8.37189321463756,8.46975642871769,65.3975674146409,65.0852542030452,-0.0694924849490306,0,0,0,0
-0.0100000000000051,1.86,14.2326152209697,14.3339579345675,9.16752624454637,8.37189321463756,64.4760471022705,65.3975674146409,-0.0150522367082608,0,0,0,1
0.420000000000002,-0.0100000000000051,13.5780534133326,14.2326152209697,8.61244695755162,9.16752624454637,64.5385440190493,64.4760471022705,0.757592946502786,0,0,0,-1
1.36,0.420000000000002,13.5959706282891,13.5780534133326,8.78853517777839,8.61244695755162,64.7946393094018,64.5385440190493,2.4972290169703,0,0,0,0
2.44,1.36,13.3216045401295,13.5959706282891,8.56756508673788,8.78853517777839,65.038672160855,64.7946393094018,-1.84168907065787,0,0,0,0
3.14,2.44,13.2062830421805,13.3216045401295,8.52403685602847,8.56756508673788,65.899455085198,65.038672160855,0.850895361256956,0,0,0,0
4.62999999999999,3.14,13.1153529886649,13.2062830421805,8.2625564579735,8.52403685602847,66.7048435755944,65.899455085198,-3.24247020059627,0,0,0,0
5.17,4.62999999999999,12.8829087529991,13.1153529886649,9.12734839077791,8.2625564579735,68.8445607797506,66.7048435755944,2.21008655524883,0,0,0,0
6.43000000000001,5.17,12.9239451412066,12.8829087529991,8.63968830852499,9.12734839077791,68.3675994375194,68.8445607797506,-2.2378425154308,0,0,0,1
7.05,6.43000000000001,12.9480663430544,12.9239451412066,8.08714290600832,8.63968830852499,67.1414719165914,68.3675994375194,1.51933748883128,0,0,0,-1
7.12000000000001,7.05,13.0414222214669,12.9480663430544,8.7355263389175,8.08714290600832,69.2551464144154,67.1414719165914,-0.0387339306838328,0,0,0,0
7.87000000000001,7.12000000000001,12.9343921317653,13.0414222214669,9.0910019164413,8.7355263389175,68.7657494943648,69.2551464144154,-1.74209617894006,0,0,0,0
7.40000000000001,7.87000000000001,12.8459808745491,12.9343921317653,8.87924451382073,9.0910019164413,68.6453066862026,68.7657494943648,1.37820301786078,0,0,0,0
7.5,7.40000000000001,12.8406661685485,12.8459808745491,8.76393524532647,8.87924451382073,67.1426114522809,68.6453066862026,-0.147723243239266,0,0,0,0
7.66,7.5,12.4417741571974,12.8406661685485,8.41459191558829,8.76393524532647,67.1399472453307,67.1426114522809,1.99752624521402,0,0,0,0
8.70999999999999,7.66,12.5505535090533,12.4417741571974,8.00266760898133,8.41459191558829,67.4642760965575,67.1399472453307,-3.32207411321289,0,0,0,1
9.73,8.70999999999999,11.5777129657971,12.5505535090533,10.6306430478192,8.00266760898133,66.4370241330172,67.4642760965575,2.57929124483088,0,0,0,-1
9.94,9.73,11.5447758698446,11.5777129657971,9.68383637871244,10.6306430478192,65.8727675380885,66.4370241330172,1.37150917776396,0,0,0,0
8.86,9.94,11.5619333985001,11.5447758698446,9.93168137874267,9.68383637871244,64.9225419951711,65.8727675380885,-1.69837436785221,0,0,0,0
9.25,8.86,11.3896075630629,11.5619333985001,10.3582033971533,9.93168137874267,61.5033844662705,64.9225419951711,-0.0926841374253904,0,0,0,0
9.56,9.25,11.5472339682263,11.3896075630629,9.79674334716893,10.3582033971533,58.027010840667,61.5033844662705,0.0683155196827663,0,0,0,0
10.3,9.56,12.1773610363373,11.5472339682263,8.1990498161759,9.79674334716893,55.611675300376,58.027010840667,0.0971594068581645,0,0,0,1
10.44,10.3,12.1701114925004,12.1773610363373,8.59877882672941,8.1990498161759,59.2070981124932,55.611675300376,0.167552665291165,0,0,0,-1
10.33,10.44,12.4740623224019,12.1701114925004,8.87591778857807,8.59877882672941,58.263483498983,59.2070981124932,-0.199229542945385,0,0,0,0
10.79,10.33,12.747612560455,12.4740623224019,8.44870983495818,8.87591778857807,57.5128905703256,58.263483498983,0.230801283085562,0,0,0,0
10.49,10.79,12.6619368558491,12.747612560455,8.35335962259859,8.44870983495818,54.3826490715715,57.5128905703256,-0.910546663580597,0,0,0,0
10.21,10.49,12.7393914146433,12.6619368558491,7.56255726183708,8.35335962259859,53.8777764992965,54.3826490715715,-1.10175622401147,0,0,0,0
9.41,10.21,13.2198974349693,12.7393914146433,9.58989128951059,7.56255726183708,53.0250980947569,53.8777764992965,1.65838241362351,0,0,0,0
8.73,9.41,12.2548685909877,13.2198974349693,8.53303936603645,9.58989128951059,51.9915236895256,53.0250980947569,-0.694869746936615,0,0,0,0
8.34,8.73,12.281536897032,12.2548685909877,8.39083951468404,8.53303936603645,52.0324874866116,51.9915236895256,0.241865546751328,0,0,0,1
8.53,8.34,12.3395413950433,12.281536897032,9.48751334771928,8.39083951468404,51.6750847844116,52.0324874866116,0.47542100114168,0,0,0,-1
5.34,0,13.629368009793,0,10.311614355016,0,50.3891648042605,0,-0.233318385153751,0,0,0,0
5.33,5.34,13.6760697021335,13.629368009793,10.5056839295691,10.311614355016,50.9228405735037,50.3891648042605,0.0463141473731241,0,0,0,0
5.3,5.33,13.5163073915866,13.6760697021335,10.6488537323006,10.5056839295691,51.0841940478435,50.9228405735037,-0.35785203631988,0,0,0,0
5.20999999999999,5.3,13.492987638412,13.5163073915866,10.7135202237493,10.6488537323006,51.5268605433692,51.0841940478435,-0.084639006412992,0,0,0,1
4.61,5.20999999999999,13.260217617933,13.492987638412,10.4157212387256,10.7135202237493,51.7348945951453,51.5268605433692,0.224833048530936,0,0,0,-1
4.72,4.61,13.5279713240498,13.260217617933,10.3027703400951,10.4157212387256,52.6682003518273,51.7348945951453,-0.0873685308722294,0,0,0,0
4.28,4.72,13.5865732066651,13.5279713240498,9.94538192622795,10.3027703400951,53.3011232915286,52.6682003518273,-0.544289851517746,0,0,0,0
4.05,4.28,13.7713456276014,13.5865732066651,9.77100130392158,9.94538192622795,53.5977103981553,53.3011232915286,0.234458260675932,0,0,0,0
3.95999999999999,4.05,13.6896915878828,13.7713456276014,9.46006157999148,9.77100130392158,53.7441736297054,53.5977103981553,0.604131732419482,0,0,0,0
3.79000000000001,3.95999999999999,13.739061807883,13.6896915878828,9.3411844221541,9.46006157999148,53.8471623030191,53.7441736297054,0.224298545394849,0,0,0,0
3.08,3.79000000000001,13.6414105001937,13.739061807883,9.23340630819218,9.3411844221541,53.6516929187046,53.8471623030191,-0.172903457899903,0,0,0,0
2.55,3.08,13.5856366257749,13.6414105001937,9.05227978859219,9.23340630819218,53.4797075994125,53.6516929187046,-0.295709351634354,0,0,0,-1
2.88,2.55,13.7041415667241,13.5856366257749,9.07767849919474,9.05227978859219,53.6293461842064,53.4797075994125,-0.119794702308202,0,0,0,0
3.11,2.88,13.3932913138235,13.7041415667241,8.99317633006178,9.07767849919474,53.9851430115376,53.6293461842064,0.292313451931442,0,0,0,1
3.33,3.11,14.2446760367199,13.3932913138235,8.69743973229321,8.99317633006178,53.0834184853547,53.9851430115376,-1.92325516729135,0,0,0,0
3.52,3.33,14.2157668133169,14.2446760367199,7.84001507348216,8.69743973229321,52.8636141071017,53.0834184853547,0.637065780499267,0,0,0,0
3.95,3.52,14.3927485454148,14.2157668133169,7.75304122509959,7.84001507348216,53.1643809475869,52.8636141071017,0.0708645063531286,0,0,0,-1
3.84,3.95,14.3161605714459,14.3927485454148,7.5206781053996,7.75304122509959,53.5367787989244,53.1643809475869,-0.442791343315005,0,0,0,1
3.94,3.84,14.1886836583106,14.3161605714459,7.4435185391966,7.5206781053996,54.1723162397733,53.5367787989244,-0.122485714305558,0,0,0,0
3.84,3.94,14.4503835630755,14.1886836583106,7.48041729291048,7.4435185391966,54.7851175300485,54.1723162397733,-0.34995749061331,0,0,0,0
4.23,3.84,13.8312183995813,14.4503835630755,7.47072462718759,7.48041729291048,55.5666401443289,54.7851175300485,4.79853379400944,0,0,0,0
4.83,4.23,14.0268115044094,13.8312183995813,7.46071137423625,7.47072462718759,55.8174110411825,55.5666401443289,-3.14136377945639,0,0,0,0
5.70999999999999,4.83,14.0551863412286,14.0268115044094,7.51045264993147,7.46071137423625,55.8343959146878,55.8174110411825,-0.558636367477391,0,0,0,0
5.62000000000001,5.70999999999999,14.0672773913556,14.0551863412286,7.42214431849542,7.51045264993147,55.6774526824681,55.8343959146878,0.0136584634519359,0,0,0,0
6.12000000000001,5.62000000000001,14.0342219615981,14.0672773913556,7.21586699707567,7.42214431849542,56.1058636819585,55.6774526824681,0.354806192694786,0,0,0,0
5.8,6.12000000000001,14.1464638812977,14.0342219615981,6.99475578226487,7.21586699707567,56.8103809323774,56.1058636819585,-0.525692826875712,0,0,0,1
5.69,5.8,14.2553415147016,14.1464638812977,7.24575235093668,6.99475578226487,57.5731089623474,56.8103809323774,0.853238759669049,0,0,0,-1
6.37000000000001,5.69,13.6009574323022,14.2553415147016,7.34989450180174,7.24575235093668,58.2340546122305,57.5731089623474,0.223469131078785,0,0,0,0
7.02,6.37000000000001,14.0407780306235,13.6009574323022,7.26581070367562,7.34989450180174,59.0349282126528,58.2340546122305,-0.955130924869447,0,0,0,0
6.77,7.02,13.8435008856618,14.0407780306235,7.63313713801658,7.26581070367562,59.6539304601974,59.0349282126528,0.0285164784650451,0,0,0,0
7.66,6.77,13.743102437248,13.8435008856618,7.72516135243361,7.63313713801658,60.5103380980239,59.6539304601974,0.496396877265354,0,0,0,0
8.22,7.66,13.7886260904483,13.743102437248,7.84893257304162,7.72516135243361,61.1532751829519,60.5103380980239,-0.146076127954611,0,0,0,0
9.09,8.22,13.7283124471968,13.7886260904483,8.00847606469719,7.84893257304162,61.5863236438197,61.1532751829519,0.541858599931217,0,0,0,0
9.08,9.09,13.5756870941521,13.7283124471968,7.96038663947532,8.00847606469719,61.868117850134,61.5863236438197,-0.624837717399792,0,0,0,0
9,9.08,13.5588467515097,13.5756870941521,8.06628482955665,7.96038663947532,62.0223177699715,61.868117850134,5.29167397660498,0,0,0,-1
9.39,9,13.0040725091199,13.5588467515097,8.41885482452599,8.06628482955665,61.6678179544411,62.0223177699715,-3.44916572281051,0,0,0,0
9.77,9.39,13.4262225261463,13.0040725091199,8.51905990573582,8.41885482452599,62.3973719725313,61.6678179544411,-2.73710325735289,0,0,0,1
16.07,9.77,14.3276466634222,13.4262225261463,8.81671792762129,8.51905990573582,61.6177762652231,62.3973719725313,-1.87338904480528,0,0,0,0
16.92,16.07,14.1908095697006,14.3276466634222,8.36969016203322,8.81671792762129,60.2894688975243,61.6177762652231,2.73143325452513,0,0,0,0
15.72,16.92,14.280300801889,14.1908095697006,6.1322378791224,8.36969016203322,59.5160902330148,60.2894688975243,-0.724260211531156,0,0,0,0
14.26,15.72,14.9308602301795,14.280300801889,6.5878665005123,6.1322378791224,58.9736717454517,59.5160902330148,2.8657128594502,0,0,0,0
14.49,14.26,14.6615006795896,14.9308602301795,6.80540761302112,6.5878665005123,58.3777406003144,58.9736717454517,-0.506434658915303,0,0,0,1
12.81,14.49,14.6828318898322,14.6615006795896,7.06277178811891,6.80540761302112,58.3810355625324,58.3777406003144,-0.921732476157693,0,0,0,-1
13.07,12.81,14.6744040822078,14.6828318898322,7.21484843069778,7.06277178811891,58.7494592889914,58.3810355625324,-0.176982568817097,0,0,0,0
11.92,13.07,14.5617496747274,14.6744040822078,7.57295274383626,7.21484843069778,60.2088775525468,58.7494592889914,-0.00987692322549982,0,0,0,0
11.26,11.92,14.7973833024045,14.5617496747274,7.57947650479709,7.57295274383626,60.6071810772462,60.2088775525468,-2.08697942896877,0,0,0,0
11.17,11.26,14.5377194380118,14.7973833024045,6.87136710182288,7.57947650479709,60.9682671563058,60.6071810772462,1.48234527551285,0,0,0,1
11.32,11.17,14.6917090427825,14.5377194380118,8.34836626099333,6.87136710182288,61.0495852506799,60.9682671563058,-0.0858261368690396,0,0,0,-1
10.94,11.32,14.5335207435269,14.6917090427825,8.44789179918382,8.34836626099333,61.1408039018641,61.0495852506799,0.0855621893392779,0,0,0,0
5.06999999999999,10.94,14.3527538753137,14.5335207435269,8.54675753708767,8.44789179918382,61.6614415812848,61.1408039018641,-0.0694924849490306,0,0,0,0
4.14,5.06999999999999,14.1941098704875,14.3527538753137,8.8289521505726,8.54675753708767,62.6297612296983,61.6614415812848,-0.0150522367082608,0,0,0,1
4.37999999999999,4.14,13.5689001299507,14.1941098704875,8.5742717041568,8.8289521505726,63.0888784912247,62.6297612296983,0.757592946502786,0,0,0,-1
5.64,4.37999999999999,13.5974447303798,13.5689001299507,8.61041511125863,8.5742717041568,63.936281517896,63.0888784912247,2.4972290169703,0,0,0,0
6.09999999999999,5.64,13.3235212046485,13.5974447303798,8.21641981989823,8.61041511125863,63.7835027839319,63.936281517896,-1.84168907065787,0,0,0,0
7.2,6.09999999999999,13.1978343238554,13.3235212046485,8.24143956359375,8.21641981989823,65.2040805718372,63.7835027839319,0.850895361256956,0,0,0,0
7.14,7.2,13.1115276168577,13.1978343238554,8.02523118383604,8.24143956359375,66.8659852000681,65.2040805718372,-3.24247020059627,0,0,0,0
8.2,7.14,12.9165105887218,13.1115276168577,8.43662063282905,8.02523118383604,67.2370968504519,66.8659852000681,2.21008655524883,0,0,0,0
8.79000000000001,8.2,12.9541566985066,12.9165105887218,8.11759813520587,8.43662063282905,67.9019780982384,67.2370968504519,-2.2378425154308,0,0,0,1
8.45999999999999,8.79000000000001,13.0288318700261,12.9541566985066,7.96222584598453,8.11759813520587,67.3556655313869,67.9019780982384,1.51933748883128,0,0,0,-1
8.3,8.45999999999999,13.1000473356511,13.0288318700261,8.60704857297125,7.96222584598453,66.7107272827905,67.3556655313869,-0.0387339306838328,0,0,0,0
7.7,8.3,12.9884779835385,13.1000473356511,8.91782122134863,8.60704857297125,66.6932789642801,66.7107272827905,-1.74209617894006,0,0,0,0
7.98,7.7,12.8948860448437,12.9884779835385,8.37930463507064,8.91782122134863,66.8648447233058,66.6932789642801,1.37820301786078,0,0,0,0
7.75,7.98,12.8964210527814,12.8948860448437,8.34419301838883,8.37930463507064,64.8128383618722,66.8648447233058,-0.147723243239266,0,0,0,0
8.53,7.75,12.5133929948418,12.8964210527814,7.86435283368961,8.34419301838883,64.8220687547029,64.8128383618722,1.99752624521402,0,0,0,0
7.93000000000001,8.53,12.6212569008021,12.5133929948418,7.45285521198579,7.86435283368961,65.462081316785,64.8220687547029,-3.32207411321289,0,0,0,1
9.09,7.93000000000001,11.6401619818862,12.6212569008021,9.90324747015713,7.45285521198579,64.9573293395107,65.462081316785,2.57929124483088,0,0,0,-1
9.77,9.09,11.6111211758114,11.6401619818862,8.96272354625127,9.90324747015713,64.729828779426,64.9573293395107,1.37150917776396,0,0,0,0
9.52,9.77,11.6025401955868,11.6111211758114,8.17661891044298,8.96272354625127,64.0124196529244,64.729828779426,-1.69837436785221,0,0,0,0
9.16,9.52,11.4400983690427,11.6025401955868,10.1731020208623,8.17661891044298,63.1088543757019,64.0124196529244,-0.0926841374253904,0,0,0,0
9.23999999999999,9.16,11.5854023465565,11.4400983690427,8.36288207331673,10.1731020208623,60.7451090790926,63.1088543757019,0.0683155196827663,0,0,0,0
10.19,9.23999999999999,12.2799378158322,11.5854023465565,8.80935526968733,8.36288207331673,58.7640271435261,60.7451090790926,0.0971594068581645,0,0,0,1
10.98,10.19,12.2832470717047,12.2799378158322,8.76382716255092,8.80935526968733,58.5843495296522,58.7640271435261,0.167552665291165,0,0,0,-1
11.8,10.98,12.5977249478076,12.2832470717047,7.60870004784183,8.76382716255092,57.6501003965498,58.5843495296522,-0.199229542945385,0,0,0,0
11.76,11.8,12.8768011650786,12.5977249478076,7.3488656523142,7.60870004784183,57.1713594014265,57.6501003965498,0.230801283085562,0,0,0,0
11.56,11.76,12.8221375628796,12.8768011650786,7.38027862879691,7.3488656523142,55.8459115028115,57.1713594014265,-0.910546663580597,0,0,0,0
10.97,11.56,12.8924600928071,12.8221375628796,7.49073422580295,7.38027862879691,55.7438339839575,55.8459115028115,-1.10175622401147,0,0,0,0
11.14,10.97,13.3098898092098,12.8924600928071,7.21807105162392,7.49073422580295,55.2517110716152,55.7438339839575,1.65838241362351,0,0,0,0
9.72,11.14,12.418474146859,13.3098898092098,7.22321801432216,7.21807105162392,54.3537082456225,55.2517110716152,-0.694869746936615,0,0,0,0
7.73999999999999,9.72,12.4419040232324,12.418474146859,7.11068829622351,7.22321801432216,54.3695292503077,54.3537082456225,0.241865546751328,0,0,0,1
7.98,7.73999999999999,12.4671563525052,12.4419040232324,7.48104735286757,7.11068829622351,54.2835751456194,54.3695292503077,0.47542100114168,0,0,0,-1
6.06999999999999,0,13.6901820024846,0,10.2252458568754,0,56.3458746719449,0,-0.233318385153751,0,0,0,0
6.44,6.06999999999999,13.7702680433857,13.6901820024846,10.4451175729143,10.2252458568754,56.9450503159299,56.3458746719449,0.0463141473731241,0,0,0,0
6.03,6.44,13.6403012717674,13.7702680433857,10.634896371156,10.4451175729143,54.7752474344876,56.9450503159299,-0.35785203631988,0,0,0,0
6.12999999999999,6.03,13.6068914986551,13.6403012717674,10.5665849873431,10.634896371156,55.4252932097039,54.7752474344876,-0.084639006412992,0,0,0,1
5.75,6.12999999999999,13.3660633190757,13.6068914986551,10.2830794107873,10.5665849873431,55.9677454112003,55.4252932097039,0.224833048530936,0,0,0,-1
5.91,5.75,13.6268216516594,13.3660633190757,10.2822859733291,10.2830794107873,57.7619893889607,55.9677454112003,-0.0873685308722294,0,0,0,0
5.83,5.91,13.7102629800525,13.6268216516594,9.92902662271344,10.2822859733291,58.3584790972347,57.7619893889607,-0.544289851517746,0,0,0,0
5.34,5.83,13.8964304761732,13.7102629800525,9.47890434898467,9.92902662271344,58.6682105190121,58.3584790972347,0.234458260675932,0,0,0,0
5.15000000000001,5.34,13.7872738686941,13.8964304761732,9.40953000510149,9.47890434898467,58.482912629737,58.6682105190121,0.604131732419482,0,0,0,0
4.59999999999999,5.15000000000001,13.8040884577901,13.7872738686941,9.21456590967414,9.40953000510149,58.7393319800984,58.482912629737,0.224298545394849,0,0,0,0
4.03,4.59999999999999,13.708134000296,13.8040884577901,8.98435127134377,9.21456590967414,58.5048337445651,58.7393319800984,-0.172903457899903,0,0,0,0
3.12,4.03,13.6537973490826,13.708134000296,9.05776371330279,8.98435127134377,57.8525119112223,58.5048337445651,-0.295709351634354,0,0,0,-1
2.91,3.12,13.7612603498474,13.6537973490826,9.00220607065065,9.05776371330279,58.0036747744319,57.8525119112223,-0.119794702308202,0,0,0,0
3.06999999999999,2.91,13.4876194859393,13.7612603498474,8.80732020839864,9.00220607065065,58.4399242163915,58.0036747744319,0.292313451931442,0,0,0,1
4.17,3.06999999999999,14.3478865400221,13.4876194859393,8.393483839649,8.80732020839864,59.2723944526992,58.4399242163915,-1.92325516729135,0,0,0,0
3.65000000000001,4.17,14.3150789655434,14.3478865400221,7.2489070554523,8.393483839649,58.9585802695343,59.2723944526992,0.637065780499267,0,0,0,0
3.95999999999999,3.65000000000001,14.47735408194,14.3150789655434,7.56958294681029,7.2489070554523,59.1727518799672,58.9585802695343,0.0708645063531286,0,0,0,-1
3.97,3.95999999999999,14.4230073355414,14.47735408194,7.37222093972819,7.56958294681029,58.877555827398,59.1727518799672,-0.442791343315005,0,0,0,1
3.72,3.97,14.2801641425048,14.4230073355414,7.20257068002815,7.37222093972819,59.5655815719623,58.877555827398,-0.122485714305558,0,0,0,0
4.01000000000001,3.72,14.5197801003259,14.2801641425048,7.45027321042823,7.20257068002815,60.117371945913,59.5655815719623,-0.34995749061331,0,0,0,0
4.29000000000001,4.01000000000001,13.8997172407942,14.5197801003259,7.19466965212925,7.45027321042823,59.7976602719058,60.117371945913,4.79853379400944,0,0,0,0
4.94,4.29000000000001,14.0812131012792,13.8997172407942,7.16288949590865,7.19466965212925,59.9875046953218,59.7976602719058,-3.14136377945639,0,0,0,0
5.68000000000001,4.94,14.1104565610095,14.0812131012792,7.21462710003847,7.16288949590865,60.1939241964354,59.9875046953218,-0.558636367477391,0,0,0,0
6.37000000000001,5.68000000000001,14.1146174374749,14.1104565610095,7.01755832013335,7.21462710003847,60.7171747668983,60.1939241964354,0.0136584634519359,0,0,0,0
7.16,6.37000000000001,14.0833431053317,14.1146174374749,6.98994027857854,7.01755832013335,61.1912150466159,60.7171747668983,0.354806192694786,0,0,0,0
7.20999999999999,7.16,14.1765902815477,14.0833431053317,7.02882688801893,6.98994027857854,61.793916843284,61.1912150466159,-0.525692826875712,0,0,0,1
6.37000000000001,7.20999999999999,14.303242005543,14.1765902815477,7.38056316540853,7.02882688801893,62.3031528390419,61.793916843284,0.853238759669049,0,0,0,-1
6.78,6.37000000000001,13.6644960107842,14.303242005543,7.36565462770067,7.38056316540853,62.9019563475596,62.3031528390419,0.223469131078785,0,0,0,0
7.22,6.78,14.0813214245236,13.6644960107842,7.17754877314964,7.36565462770067,63.4950504662504,62.9019563475596,-0.955130924869447,0,0,0,0
7.52,7.22,13.8955595468164,14.0813214245236,7.51662160010053,7.17754877314964,64.3138721066223,63.4950504662504,0.0285164784650451,0,0,0,0
7.79000000000001,7.52,13.8004609557424,13.8955595468164,7.82191762351206,7.51662160010053,65.1863626604323,64.3138721066223,0.496396877265354,0,0,0,0
8.83,7.79000000000001,13.8799763344591,13.8004609557424,7.82452532168203,7.82191762351206,65.590140073917,65.1863626604323,-0.146076127954611,0,0,0,0
9.81999999999999,8.83,13.808632162538,13.8799763344591,7.77801721823354,7.82452532168203,67.6546694274481,65.590140073917,0.541858599931217,0,0,0,0
10.37,9.81999999999999,13.6412373341948,13.808632162538,7.71672231273281,7.77801721823354,67.718982653581,67.6546694274481,-0.624837717399792,0,0,0,0
9.90000000000001,10.37,13.6102838021793,13.6412373341948,7.69361523495075,7.71672231273281,66.7306090883665,67.718982653581,5.29167397660498,0,0,0,-1
10.16,9.90000000000001,13.0501234938219,13.6102838021793,8.35433384366952,7.69361523495075,66.3539553569723,66.7306090883665,-3.44916572281051,0,0,0,0
10.33,10.16,13.3705737226491,13.0501234938219,8.61857874686851,8.35433384366952,66.646342268714,66.3539553569723,-2.73710325735289,0,0,0,1
16.96,10.33,14.3055454235671,13.3705737226491,8.94721196958703,8.61857874686851,65.7956271315919,66.646342268714,-1.87338904480528,0,0,0,0
18.31,16.96,14.1660871548614,14.3055454235671,7.22433104894743,8.94721196958703,62.7822652469966,65.7956271315919,2.73143325452513,0,0,0,0
18.56,18.31,14.2780297529688,14.1660871548614,4.9328098565224,7.22433104894743,61.9199514738245,62.7822652469966,-0.724260211531156,0,0,0,0
17.97,18.56,14.8882063136807,14.2780297529688,6.24424901172757,4.9328098565224,61.0873005420308,61.9199514738245,2.8657128594502,0,0,0,0
16.63,17.97,14.6243227776418,14.8882063136807,7.21302378722524,6.24424901172757,60.9248751726959,61.0873005420308,-0.506434658915303,0,0,0,1
16.02,16.63,14.6417916652497,14.6243227776418,6.77720051757606,7.21302378722524,60.4860783774101,60.9248751726959,-0.921732476157693,0,0,0,-1
14.6,16.02,14.6129434084863,14.6417916652497,6.90992604084053,6.77720051757606,60.5984587104939,60.4860783774101,-0.176982568817097,0,0,0,0
13.08,14.6,14.484659984613,14.6129434084863,7.26084881678755,6.90992604084053,59.8134751328992,60.5984587104939,-0.00987692322549982,0,0,0,0
11.84,13.08,14.7435916512479,14.484659984613,7.08550848660946,7.26084881678755,59.7055855456388,59.8134751328992,-2.08697942896877,0,0,0,0
12.91,11.84,14.499036798288,14.7435916512479,6.82331059180136,7.08550848660946,59.7052226702425,59.7055855456388,1.48234527551285,0,0,0,1
12.72,12.91,14.6419943794135,14.499036798288,7.81507368926117,6.82331059180136,62.4975383497723,59.7052226702425,-0.0858261368690396,0,0,0,-1
11.84,12.72,14.4885297505595,14.6419943794135,8.64876329292759,7.81507368926117,61.9806626662296,62.4975383497723,0.0855621893392779,0,0,0,0
5.08,11.84,14.2689749153062,14.4885297505595,8.68710918917763,8.64876329292759,62.2418310464454,61.9806626662296,-0.0694924849490306,0,0,0,0
4.12000000000001,5.08,14.1501248690861,14.2689749153062,8.69740817211724,8.68710918917763,63.0911920097185,62.2418310464454,-0.0150522367082608,0,0,0,1
3.12,4.12000000000001,13.4743863040871,14.1501248690861,9.13036753386523,8.69740817211724,63.1802410215056,63.0911920097185,0.757592946502786,0,0,0,-1
3.29000000000001,3.12,13.4896991553455,13.4743863040871,8.99798693711665,9.13036753386523,63.6327096398528,63.1802410215056,2.4972290169703,0,0,0,0
4.17,3.29000000000001,13.1998913012491,13.4896991553455,8.96227778954433,8.99798693711665,60.8866359869464,63.6327096398528,-1.84168907065787,0,0,0,0
4.48999999999999,4.17,13.0824399332615,13.1998913012491,8.76630944088726,8.96227778954433,61.9036711062763,60.8866359869464,0.850895361256956,0,0,0,0
5.78,4.48999999999999,12.9820965704435,13.0824399332615,8.20604392526839,8.76630944088726,62.6201549853683,61.9036711062763,-3.24247020059627,0,0,0,0
6.53,5.78,12.7571982466745,12.9820965704435,9.28808621066102,8.20604392526839,64.8820080035682,62.6201549853683,2.21008655524883,0,0,0,0
7.62999999999999,6.53,12.7964230265721,12.7571982466745,8.76740931480243,9.28808621066102,64.8118818282749,64.8820080035682,-2.2378425154308,0,0,0,1
6.5,7.62999999999999,12.8779282362731,12.7964230265721,8.69217731556548,8.76740931480243,63.4929004384919,64.8118818282749,1.51933748883128,0,0,0,-1
6.47,6.5,12.9524140253148,12.8779282362731,9.76966879191823,8.69217731556548,66.6348012791038,63.4929004384919,-0.0387339306838328,0,0,0,0
6.68000000000001,6.47,12.8552626710171,12.9524140253148,9.8636742088854,9.76966879191823,66.1028330986277,66.6348012791038,-1.74209617894006,0,0,0,0
6.56999999999999,6.68000000000001,12.7690868441546,12.8552626710171,8.98638047262901,9.8636742088854,66.1112994467194,66.1028330986277,1.37820301786078,0,0,0,0
6.72,6.56999999999999,12.7674753295381,12.7690868441546,8.90321333411631,8.98638047262901,64.7594005816797,66.1112994467194,-0.147723243239266,0,0,0,0
7.34999999999999,6.72,12.3940860693253,12.7674753295381,8.78492867424227,8.90321333411631,64.8636407875633,64.7594005816797,1.99752624521402,0,0,0,0
7.62000000000001,7.34999999999999,12.4897513828746,12.3940860693253,7.79635275590036,8.78492867424227,65.0596218548745,64.8636407875633,-3.32207411321289,0,0,0,1
9,7.62000000000001,11.5161669105771,12.4897513828746,11.5535821228734,7.79635275590036,61.4203490498997,65.0596218548745,2.57929124483088,0,0,0,-1
9.17,9,11.4765170375647,11.5161669105771,10.0391312207174,11.5535821228734,61.0153540022581,61.4203490498997,1.37150917776396,0,0,0,0
9.12,9.17,11.4630312851558,11.4765170375647,10.6280939838427,10.0391312207174,59.9709364502057,61.0153540022581,-1.69837436785221,0,0,0,0
9.43000000000001,9.12,11.2950509773245,11.4630312851558,11.1903493048668,10.6280939838427,59.765256277241,59.9709364502057,-0.0926841374253904,0,0,0,0
9.8,9.43000000000001,11.4530699414052,11.2950509773245,10.4877503526235,11.1903493048668,56.0088513063017,59.765256277241,0.0683155196827663,0,0,0,0
10.8,9.8,12.152072218753,11.4530699414052,8.31055408470113,10.4877503526235,54.2108975070629,56.0088513063017,0.0971594068581645,0,0,0,1
11.17,10.8,12.1273668042729,12.152072218753,8.62571821298015,8.31055408470113,53.2882792575129,54.2108975070629,0.167552665291165,0,0,0,-1
11.4,11.17,12.4330189006098,12.1273668042729,7.58566173592145,8.62571821298015,52.3363910957954,53.2882792575129,-0.199229542945385,0,0,0,0
11.59,11.4,12.7232467786409,12.4330189006098,7.34162192473727,7.58566173592145,51.7483152981952,52.3363910957954,0.230801283085562,0,0,0,0
11.41,11.59,12.6495670073799,12.7232467786409,8.12630372309811,7.34162192473727,50.6158813066367,51.7483152981952,-0.910546663580597,0,0,0,0
11.41,11.41,12.6984382402078,12.6495670073799,7.64674970831298,8.12630372309811,50.1231897925192,50.6158813066367,-1.10175622401147,0,0,0,0
11,11.41,13.1278573017392,12.6984382402078,7.83114488000735,7.64674970831298,49.4651135233311,50.1231897925192,1.65838241362351,0,0,0,0
9.44,11,12.2649712225455,13.1278573017392,8.09698143068021,7.83114488000735,48.4941080787134,49.4651135233311,-0.694869746936615,0,0,0,0
9.65000000000001,9.44,12.2902221905875,12.2649712225455,8.38275309242034,8.09698143068021,48.4465204726528,48.4941080787134,0.241865546751328,0,0,0,1
10.07,9.65000000000001,12.3545616631035,12.2902221905875,8.88013834731742,8.38275309242034,48.1685842333067,48.4465204726528,0.47542100114168,0,0,0,-1
5.23,0,13.8145496888631,0,10.2268325700996,0,54.0814864107939,0,-0.233318385153751,0,0,0,0
5.33,5.23,13.8317411483889,13.8145496888631,10.5138758760868,10.2268325700996,54.6888175340795,54.0814864107939,0.0463141473731241,0,0,0,0
5.28,5.33,13.740074403939,13.8317411483889,10.739494721096,10.5138758760868,55.1622659082747,54.6888175340795,-0.35785203631988,0,0,0,0
5.06,5.28,13.7043230755835,13.740074403939,10.6285445844403,10.739494721096,55.691631649897,55.1622659082747,-0.084639006412992,0,0,0,1
3.95,5.06,13.4416442671212,13.7043230755835,10.4459302723096,10.6285445844403,56.1130100230326,55.691631649897,0.224833048530936,0,0,0,-1
3.56,3.95,13.7014682014231,13.4416442671212,10.2765322333469,10.4459302723096,55.5559584585703,56.1130100230326,-0.0873685308722294,0,0,0,0
2.67,3.56,13.8917974805799,13.7014682014231,9.95459771869678,10.2765322333469,56.0847024232886,55.5559584585703,-0.544289851517746,0,0,0,0
3.17,2.67,14.0473127464177,13.8917974805799,9.72802442821353,9.95459771869678,56.5160285408051,56.0847024232886,0.234458260675932,0,0,0,0
2.98,3.17,13.9294079042582,14.0473127464177,9.38978320741634,9.72802442821353,59.604183483383,56.5160285408051,0.604131732419482,0,0,0,0
2.8,2.98,13.9152318951393,13.9294079042582,9.19879508402051,9.38978320741634,60.0306389760977,59.604183483383,0.224298545394849,0,0,0,0
2.14,2.8,13.7893180802487,13.9152318951393,9.11217471316979,9.19879508402051,60.1656407668243,60.0306389760977,-0.172903457899903,0,0,0,0
1.48,2.14,13.6953821619326,13.7893180802487,9.14432466686088,9.11217471316979,60.6583675476775,60.1656407668243,-0.295709351634354,0,0,0,-1
1.56,1.48,13.8247451157836,13.6953821619326,9.0763963672273,9.14432466686088,60.9723869026328,60.6583675476775,-0.119794702308202,0,0,0,0
1.97,1.56,13.5997455857923,13.8247451157836,8.87149331080794,9.0763963672273,61.3814960868986,60.9723869026328,0.292313451931442,0,0,0,1
2.78,1.97,14.4717887381558,13.5997455857923,8.94637731593936,8.87149331080794,60.6452782584857,61.3814960868986,-1.92325516729135,0,0,0,0
2.89,2.78,14.4557391616766,14.4717887381558,7.57585684297515,8.94637731593936,60.342500516579,60.6452782584857,0.637065780499267,0,0,0,0
4.08,2.89,14.6246207539565,14.4557391616766,7.64440878565478,7.57585684297515,60.5114769354508,60.342500516579,0.0708645063531286,0,0,0,-1
4.18000000000001,4.08,14.5612386379153,14.6246207539565,7.46500762631089,7.64440878565478,60.2371498517468,60.5114769354508,-0.442791343315005,0,0,0,1
4.56,4.18000000000001,14.4341944185015,14.5612386379153,7.25296003717195,7.46500762631089,61.402057524671,60.2371498517468,-0.122485714305558,0,0,0,0
4.12000000000001,4.56,14.648208588695,14.4341944185015,7.38523541868901,7.25296003717195,62.5363039483916,61.402057524671,-0.34995749061331,0,0,0,0
4.5,4.12000000000001,14.0244840711602,14.648208588695,7.35303252945352,7.38523541868901,64.5820130319858,62.5363039483916,4.79853379400944,0,0,0,0
4.89,4.5,14.1735648663664,14.0244840711602,7.43189631594917,7.35303252945352,64.8607186555427,64.5820130319858,-3.14136377945639,0,0,0,0
5.17,4.89,14.1590200988721,14.1735648663664,7.35038761975918,7.43189631594917,64.8479997480728,64.8607186555427,-0.558636367477391,0,0,0,0
5.75,5.17,14.1800439838105,14.1590200988721,7.36762190557102,7.35038761975918,66.3723071586707,64.8479997480728,0.0136584634519359,0,0,0,0
5.98,5.75,14.1248395457242,14.1800439838105,7.54008329497488,7.36762190557102,66.8525195732207,66.3723071586707,0.354806192694786,0,0,0,0
6.03,5.98,14.2013437938663,14.1248395457242,7.30315694057543,7.54008329497488,67.5277618572674,66.8525195732207,-0.525692826875712,0,0,0,1
5.45999999999999,6.03,14.3803043783715,14.2013437938663,7.4604713150246,7.30315694057543,67.7333495915842,67.5277618572674,0.853238759669049,0,0,0,-1
6.27,5.45999999999999,13.7580939604278,14.3803043783715,7.5075976971996,7.4604713150246,68.1456946088872,67.7333495915842,0.223469131078785,0,0,0,0
6.91,6.27,14.1633705901211,13.7580939604278,7.13960718803944,7.5075976971996,68.8476551518922,68.1456946088872,-0.955130924869447,0,0,0,0
6.89,6.91,14.0280418697288,14.1633705901211,7.7107702163253,7.13960718803944,68.0346258693524,68.8476551518922,0.0285164784650451,0,0,0,0
7.3,6.89,13.9351792560782,14.0280418697288,7.82399710192592,7.7107702163253,68.2692987022865,68.0346258693524,0.496396877265354,0,0,0,0
8.14,7.3,13.9777889034568,13.9351792560782,7.80310124503788,7.82399710192592,68.3092688640777,68.2692987022865,-0.146076127954611,0,0,0,0
9.3,8.14,13.929070057697,13.9777889034568,7.85966391189828,7.80310124503788,71.0415296342894,68.3092688640777,0.541858599931217,0,0,0,0
9.37,9.3,13.7727626358766,13.929070057697,7.87926540036455,7.85966391189828,70.5350567069598,71.0415296342894,-0.624837717399792,0,0,0,0
9.12,9.37,13.7423301709819,13.7727626358766,8.09951928678488,7.87926540036455,70.3490136602544,70.5350567069598,5.29167397660498,0,0,0,-1
9.76000000000001,9.12,13.1847060152127,13.7423301709819,8.33620738399752,8.09951928678488,70.5208200333873,70.3490136602544,-3.44916572281051,0,0,0,0
10.51,9.76000000000001,13.5137184708544,13.1847060152127,8.53784088275011,8.33620738399752,71.0711553986309,70.5208200333873,-2.73710325735289,0,0,0,1
18.83,10.51,14.4121384748021,13.5137184708544,8.90863470452109,8.53784088275011,69.8678607298998,71.0711553986309,-1.87338904480528,0,0,0,0
19.81,18.83,14.2488190971227,14.4121384748021,7.97556840582361,8.90863470452109,67.937849278586,69.8678607298998,2.73143325452513,0,0,0,0
19.01,19.81,14.3680152756112,14.2488190971227,6.38639837186165,7.97556840582361,66.9324500416369,67.937849278586,-0.724260211531156,0,0,0,0
16.51,19.01,15.0254244140319,14.3680152756112,6.51213635214266,6.38639837186165,66.3270002011203,66.9324500416369,2.8657128594502,0,0,0,0
15.9,16.51,14.7646460971803,15.0254244140319,6.82994051346418,6.51213635214266,66.3434326629599,66.3270002011203,-0.506434658915303,0,0,0,1
15.33,15.9,14.8038408327655,14.7646460971803,6.66652382996258,6.82994051346418,66.1328222772249,66.3434326629599,-0.921732476157693,0,0,0,-1
14.25,15.33,14.7815081317709,14.8038408327655,7.04933207895443,6.66652382996258,66.7506415193871,66.1328222772249,-0.176982568817097,0,0,0,0
12.47,14.25,14.6705742953584,14.7815081317709,7.58223943928187,7.04933207895443,66.3682177611738,66.7506415193871,-0.00987692322549982,0,0,0,0
12.29,12.47,14.9216054722208,14.6705742953584,7.73365036007178,7.58223943928187,66.355571532815,66.3682177611738,-2.08697942896877,0,0,0,0
12.28,12.29,14.6375069380021,14.9216054722208,7.04260819254558,7.73365036007178,66.637533370422,66.355571532815,1.48234527551285,0,0,0,1
11.74,12.28,14.8029944246058,14.6375069380021,7.99342149433329,7.04260819254558,67.4646438940109,66.637533370422,-0.0858261368690396,0,0,0,-1
10.89,11.74,14.6517256340751,14.8029944246058,8.39898768473168,7.99342149433329,67.1781252648394,67.4646438940109,0.0855621893392779,0,0,0,0
2.63,10.89,14.4684121231,14.6517256340751,8.44404873564843,8.39898768473168,67.5680916143169,67.1781252648394,-0.0694924849490306,0,0,0,0
1.31,2.63,14.3511116990883,14.4684121231,8.71236130131034,8.44404873564843,67.2404352467525,67.5680916143169,-0.0150522367082608,0,0,0,1
1.02,1.31,13.6745777052795,14.3511116990883,8.4827741484927,8.71236130131034,67.5801229369066,67.2404352467525,0.757592946502786,0,0,0,-1
2.03,1.02,13.6866918770908,13.6745777052795,8.64070533894466,8.4827741484927,67.9531603524382,67.5801229369066,2.4972290169703,0,0,0,0
2.86,2.03,13.4151257833019,13.6866918770908,8.47293035996084,8.64070533894466,67.274904180656,67.9531603524382,-1.84168907065787,0,0,0,0
3.90000000000001,2.86,13.3497274749603,13.4151257833019,8.284100881506,8.47293035996084,68.3409949354039,67.274904180656,0.850895361256956,0,0,0,0
5.28,3.90000000000001,13.2418971347919,13.3497274749603,8.00905728260241,8.284100881506,69.3387179030105,68.3409949354039,-3.24247020059627,0,0,0,0
6.25,5.28,13.0062018591789,13.2418971347919,8.32082951963089,8.00905728260241,70.8547387217862,69.3387179030105,2.21008655524883,0,0,0,0
6.51000000000001,6.25,13.0391251307687,13.0062018591789,8.48035326187114,8.32082951963089,70.5456367450586,70.8547387217862,-2.2378425154308,0,0,0,1
6.59,6.51000000000001,13.0474877208746,13.0391251307687,8.36959792076466,8.48035326187114,69.0518996003036,70.5456367450586,1.51933748883128,0,0,0,-1
6.34999999999999,6.59,13.1310289251039,13.0474877208746,8.82182861137583,8.36959792076466,67.9942598107396,69.0518996003036,-0.0387339306838328,0,0,0,0
6.31,6.34999999999999,13.0185297964092,13.1310289251039,9.19135355471205,8.82182861137583,67.164765134474,67.9942598107396,-1.74209617894006,0,0,0,0
6.14,6.31,12.9378498028281,13.0185297964092,8.48508968405812,9.19135355471205,67.2710947787317,67.164765134474,1.37820301786078,0,0,0,0
6.64,6.14,12.9286084857286,12.9378498028281,8.80163760371347,8.48508968405812,64.9786412913266,67.2710947787317,-0.147723243239266,0,0,0,0
7.39,6.64,12.5273997721689,12.9286084857286,7.92160814440358,8.80163760371347,64.9529625117008,64.9786412913266,1.99752624521402,0,0,0,0
8.03,7.39,12.6189023272134,12.5273997721689,7.63370586629408,7.92160814440358,65.2583640482416,64.9529625117008,-3.32207411321289,0,0,0,1
8.65000000000001,8.03,11.6338098233837,12.6189023272134,10.5859740412462,7.63370586629408,64.1527573432259,65.2583640482416,2.57929124483088,0,0,0,-1
8.59,8.65000000000001,11.6068527666761,11.6338098233837,9.94912384384594,10.5859740412462,63.605978264274,64.1527573432259,1.37150917776396,0,0,0,0
7.79000000000001,8.59,11.6030497256205,11.6068527666761,9.4130401509946,9.94912384384594,62.7675300240115,63.605978264274,-1.69837436785221,0,0,0,0
7.95999999999999,7.79000000000001,11.42586013488,11.6030497256205,9.99557088715091,9.4130401509946,62.475422589078,62.7675300240115,-0.0926841374253904,0,0,0,0
8.7,7.95999999999999,11.5846973783471,11.42586013488,9.76578113796205,9.99557088715091,59.5455846134151,62.475422589078,0.0683155196827663,0,0,0,0
9.34999999999999,8.7,12.2781783767439,11.5846973783471,9.73592380577158,9.76578113796205,57.6671687112976,59.5455846134151,0.0971594068581645,0,0,0,1
10.06,9.34999999999999,12.2670379709014,12.2781783767439,10.0042099624312,9.73592380577158,57.2685490138431,57.6671687112976,0.167552665291165,0,0,0,-1
10.81,10.06,12.5740817966162,12.2670379709014,8.045610030181,10.0042099624312,56.3004388208581,57.2685490138431,-0.199229542945385,0,0,0,0
11.41,10.81,12.8435831309977,12.5740817966162,7.63063101218982,8.045610030181,55.5677326157043,56.3004388208581,0.230801283085562,0,0,0,0
11.45,11.41,12.7864399038488,12.8435831309977,7.71042001230826,7.63063101218982,54.0408544924725,55.5677326157043,-0.910546663580597,0,0,0,0
10.63,11.45,12.8542714502583,12.7864399038488,7.63542787730154,7.71042001230826,53.6800088271143,54.0408544924725,-1.10175622401147,0,0,0,0
10.11,10.63,13.2931126352519,12.8542714502583,7.53079442074711,7.63542787730154,52.9737303050833,53.6800088271143,1.65838241362351,0,0,0,0
9.68000000000001,10.11,12.4095011872656,13.2931126352519,8.15535859979728,7.53079442074711,52.0537423184426,52.9737303050833,-0.694869746936615,0,0,0,0
9.09,9.68000000000001,12.4375668098471,12.4095011872656,7.74203958486726,8.15535859979728,52.1751804144143,52.0537423184426,0.241865546751328,0,0,0,1
9.02,9.09,12.4804246748688,12.4375668098471,8.258163745501,7.74203958486726,51.9798484338424,52.1751804144143,0.47542100114168,0,0,0,-1
5.89,0,13.6327255412461,0,10.1153920763988,0,54.3151726867176,0,-0.233318385153751,-0.233318385153751,0,0,0
6.23,5.89,13.6692295708821,13.6327255412461,10.3939608150729,10.1153920763988,54.100092970836,54.3151726867176,0.0463141473731241,0.0463141473731241,0,0,0
5.75,6.23,13.5176082848216,13.6692295708821,10.4998702717109,10.3939608150729,53.0063329623295,54.100092970836,-0.35785203631988,-0.35785203631988,0,0,0
5.84,5.75,13.4363786098824,13.5176082848216,10.4714081412029,10.4998702717109,52.3083545843678,53.0063329623295,-0.084639006412992,-0.084639006412992,0,0,1
5.33,5.84,13.23679678191,13.4363786098824,10.3102471823711,10.4714081412029,51.698423292384,52.3083545843678,0.224833048530936,0.224833048530936,0,0,-1
4.93000000000001,5.33,13.3928066345926,13.23679678191,10.1618280795282,10.3102471823711,51.1462730071357,51.698423292384,-0.0873685308722294,-0.0873685308722294,0,0,0
4.62999999999999,4.93000000000001,13.443302827311,13.3928066345926,9.90368307424295,10.1618280795282,51.2551254466566,51.1462730071357,-0.544289851517746,-0.544289851517746,0,0,0
4.65000000000001,4.62999999999999,13.5942386132463,13.443302827311,9.59295259649978,9.90368307424295,51.2684157531736,51.2551254466566,0.234458260675932,0.234458260675932,0,0,0
4.59,4.65000000000001,13.4628079303459,13.5942386132463,9.41659335483147,9.59295259649978,52.1934178199899,51.2684157531736,0.604131732419482,0.604131732419482,0,0,0
4.45,4.59,13.4760566553836,13.4628079303459,9.24664400198834,9.41659335483147,52.169564252519,52.1934178199899,0.224298545394849,0.224298545394849,0,0,0
3.84,4.45,13.4023655897937,13.4760566553836,9.03739706651227,9.24664400198834,51.3285483800964,52.169564252519,-0.172903457899903,-0.172903457899903,0,0,0
3.15000000000001,3.84,13.524420660496,13.4023655897937,9.00292306313647,9.03739706651227,51.2873735373426,51.3285483800964,-0.295709351634354,-0.295709351634354,0,0,-1
3.06,3.15000000000001,13.6204369061503,13.524420660496,8.87316037535521,9.00292306313647,51.3298321877183,51.2873735373426,-0.119794702308202,-0.119794702308202,0,0,0
2.90000000000001,3.06,13.2888522505387,13.6204369061503,8.65394372833609,8.87316037535521,51.8792668045362,51.3298321877183,0.292313451931442,0.292313451931442,0,0,1
3.81,2.90000000000001,13.9687247898239,13.2888522505387,8.46527456293528,8.65394372833609,51.1265003034989,51.8792668045362,-1.92325516729135,-1.92325516729135,0,0,0
3.63,3.81,13.9263330124805,13.9687247898239,7.75614438435178,8.46527456293528,51.2422436525352,51.1265003034989,0.637065780499267,0.637065780499267,0,0,0
3.65000000000001,3.63,14.0523088901478,13.9263330124805,7.77695681739894,7.75614438435178,51.36190990697,51.2422436525352,0.0708645063531286,0.0708645063531286,0,0,-1
3.72,3.65000000000001,14.0200575886918,14.0523088901478,6.94231775442077,7.77695681739894,51.0710600072072,51.36190990697,-0.442791343315005,-0.442791343315005,0,0,1
3.77,3.72,13.9347384504032,14.0200575886918,7.19424574151623,6.94231775442077,51.744612365886,51.0710600072072,-0.122485714305558,-0.122485714305558,0,0,0
4.02,3.77,14.0974037897696,13.9347384504032,7.21743887680516,7.19424574151623,52.2192469273285,51.744612365886,-0.34995749061331,-0.34995749061331,0,0,0
3.93000000000001,4.02,13.5933738048168,14.0974037897696,7.1808448903315,7.21743887680516,53.1033403977484,52.2192469273285,4.79853379400944,4.79853379400944,0,0,0
3.84,3.93000000000001,13.758566076702,13.5933738048168,7.34411327032421,7.1808448903315,53.0255193520583,53.1033403977484,-3.14136377945639,-3.14136377945639,0,0,0
4.28,3.84,13.8408646929136,13.758566076702,7.09043938379918,7.34411327032421,53.2969733537398,53.0255193520583,-0.558636367477391,-0.558636367477391,0,0,0
4.22,4.28,13.8615848422796,13.8408646929136,7.25080285282506,7.09043938379918,53.874314336242,53.2969733537398,0.0136584634519359,0.0136584634519359,0,0,0
4.23999999999999,4.22,13.8554111616069,13.8615848422796,7.48811082689257,7.25080285282506,54.3049137844363,53.874314336242,0.354806192694786,0.354806192694786,0,0,0
4.70999999999999,4.23999999999999,13.9803460051772,13.8554111616069,7.42369162992993,7.48811082689257,55.0358052371592,54.3049137844363,-0.525692826875712,-0.525692826875712,0,0,1
4.28,4.70999999999999,13.9865600740657,13.9803460051772,7.46751577770772,7.42369162992993,54.6679820283423,55.0358052371592,0.853238759669049,0.853238759669049,0,0,-1
4.92,4.28,13.5063415619087,13.9865600740657,7.55457409379221,7.46751577770772,55.3483663562689,54.6679820283423,0.223469131078785,0.223469131078785,0,0,0
5.23999999999999,4.92,13.89537876366,13.5063415619087,7.05050408988416,7.55457409379221,56.3215261231729,55.3483663562689,-0.955130924869447,-0.955130924869447,0,0,0
5.65000000000001,5.23999999999999,13.7172925030966,13.89537876366,7.61970863538755,7.05050408988416,56.3242249419142,56.3215261231729,0.0285164784650451,0.0285164784650451,0,0,0
6.48999999999999,5.65000000000001,13.6072655837749,13.7172925030966,7.83422866733812,7.61970863538755,57.4352230121263,56.3242249419142,0.496396877265354,0.496396877265354,0,0,0
6.34,6.48999999999999,13.6332210894477,13.6072655837749,7.75720925802689,7.83422866733812,58.1772245690351,57.4352230121263,-0.146076127954611,-0.146076127954611,0,0,0
6.81,6.34,13.5943181750895,13.6332210894477,7.85690783608148,7.75720925802689,59.8754468283731,58.1772245690351,0.541858599931217,0.541858599931217,0,0,0
7.91,6.81,13.4801528926044,13.5943181750895,7.94568191734541,7.85690783608148,59.9358665643524,59.8754468283731,-0.624837717399792,-0.624837717399792,0,0,0
7.47,7.91,13.4483766125263,13.4801528926044,8.12222439997696,7.94568191734541,60.2180705211048,59.9358665643524,5.29167397660498,5.29167397660498,0,0,-1
8.31999999999999,7.47,12.9211233924006,13.4483766125263,8.06912980047759,8.12222439997696,62.5839702798904,60.2180705211048,-3.44916572281051,-3.44916572281051,0,0,0
8.63,8.31999999999999,13.3795972050139,12.9211233924006,8.47596495712734,8.06912980047759,63.2178504361123,62.5839702798904,-2.73710325735289,-2.73710325735289,0,0,1
17.22,8.63,14.1417061374279,13.3795972050139,8.01521366031426,8.47596495712734,62.3234454913916,63.2178504361123,-1.87338904480528,-1.87338904480528,0,0,0
19.33,17.22,13.929685093222,14.1417061374279,7.43257322301064,8.01521366031426,60.1993929170452,62.3234454913916,2.73143325452513,2.73143325452513,0,0,0
17.62,19.33,13.9934093813118,13.929685093222,7.41294719789018,7.43257322301064,59.796897378215,60.1993929170452,-0.724260211531156,-0.724260211531156,0,0,0
16.51,17.62,14.5872522126453,13.9934093813118,6.53275014307053,7.41294719789018,59.7302709930494,59.796897378215,2.8657128594502,2.8657128594502,0,0,0
15.53,16.51,14.3473769757743,14.5872522126453,7.39355137736304,6.53275014307053,59.2659086801966,59.7302709930494,-0.506434658915303,-0.506434658915303,0,0,1
14.1,15.53,14.34965971647,14.3473769757743,7.39820250105002,7.39355137736304,59.236827391519,59.2659086801966,-0.921732476157693,-0.921732476157693,0,0,-1
13.84,14.1,14.3114602217355,14.34965971647,7.11239196992736,7.39820250105002,59.7398403515222,59.236827391519,-0.176982568817097,-0.176982568817097,0,0,0
13.68,13.84,14.1928260541117,14.3114602217355,7.43308852044965,7.11239196992736,60.2240836219096,59.7398403515222,-0.00987692322549982,-0.00987692322549982,0,0,0
12.25,13.68,14.3806096565186,14.1928260541117,8.09644343574543,7.43308852044965,60.2730697724657,60.2240836219096,-2.08697942896877,-2.08697942896877,0,0,0
12.74,12.25,14.1861567952217,14.3806096565186,7.51014308689194,8.09644343574543,60.1164122159858,60.2730697724657,1.48234527551285,1.48234527551285,0,0,1
11.9,12.74,14.3435616004177,14.1861567952217,8.16696354277233,7.51014308689194,58.0234200721946,60.1164122159858,-0.0858261368690396,-0.0858261368690396,0,0,-1
11.58,11.9,14.1767616620308,14.3435616004177,8.31589820592647,8.16696354277233,58.0121425846918,58.0234200721946,0.0855621893392779,0.0855621893392779,0,0,0
3.31999999999999,11.58,13.9848057953174,14.1767616620308,8.42983460726196,8.31589820592647,58.8757072867974,58.0121425846918,-0.0694924849490306,-0.0694924849490306,0,0,0
1.45,3.31999999999999,13.8485100928597,13.9848057953174,8.68665916815844,8.42983460726196,59.6882486592021,58.8757072867974,-0.0150522367082608,-0.0150522367082608,0,0,1
2.38,1.45,13.3140329929,13.8485100928597,8.3774711040379,8.68665916815844,59.9308132373702,59.6882486592021,0.757592946502786,0.757592946502786,0,0,-1
3.11,2.38,13.3024798476093,13.3140329929,8.71774054425751,8.3774711040379,60.4677489393055,59.9308132373702,2.4972290169703,2.4972290169703,0,0,0
3.75,3.11,13.0130830171605,13.3024798476093,8.2814965830648,8.71774054425751,62.0087819552572,60.4677489393055,-1.84168907065787,-1.84168907065787,0,0,0
5.16,3.75,12.8772610044215,13.0130830171605,8.34839198526592,8.2814965830648,63.5360899115778,62.0087819552572,0.850895361256956,0.850895361256956,0,0,0
6.16,5.16,12.8263125162775,12.8772610044215,7.87240692275941,8.34839198526592,64.3376676834787,63.5360899115778,-3.24247020059627,-3.24247020059627,0,0,0
6.73999999999999,6.16,12.6776661124139,12.8263125162775,8.33944785160066,7.87240692275941,65.3504618527393,64.3376676834787,2.21008655524883,2.21008655524883,0,0,0
7.87000000000001,6.73999999999999,12.7672341758617,12.6776661124139,8.37829664988152,8.33944785160066,65.2931711502921,65.3504618527393,-2.2378425154308,-2.2378425154308,0,0,1
7.61,7.87000000000001,12.7185203991377,12.7672341758617,7.85025191799196,8.37829664988152,63.6807053010528,65.2931711502921,1.51933748883128,1.51933748883128,0,0,-1
8.08,7.61,12.8123957742398,12.7185203991377,8.60070727344277,7.85025191799196,61.5632251395424,63.6807053010528,-0.0387339306838328,-0.0387339306838328,0,0,0
8.16,8.08,12.741495763253,12.8123957742398,8.85116803572116,8.60070727344277,60.8501943876582,61.5632251395424,-1.74209617894006,-1.74209617894006,0,0,0
7.81999999999999,8.16,12.6498088546047,12.741495763253,8.37476719058515,8.85116803572116,60.74261262943,60.8501943876582,1.37820301786078,1.37820301786078,0,0,0
7.98,7.81999999999999,12.627987508315,12.6498088546047,8.83009341187966,8.37476719058515,60.5082625178004,60.74261262943,-0.147723243239266,-0.147723243239266,0,0,0
8.37,7.98,12.2916584885406,12.627987508315,8.19826958920834,8.83009341187966,60.2211126458238,60.5082625178004,1.99752624521402,1.99752624521402,0,0,0
8.56,8.37,12.372540351741,12.2916584885406,7.5793703427339,8.19826958920834,60.8147642058952,60.2211126458238,-3.32207411321289,-3.32207411321289,0,0,1
9.64,8.56,11.4963352851948,12.372540351741,11.0683107027441,7.5793703427339,59.79149394752,60.8147642058952,2.57929124483088,2.57929124483088,0,0,-1
9.02,9.64,11.4624871633748,11.4963352851948,9.46830333761012,11.0683107027441,59.6349964281819,59.79149394752,1.37150917776396,1.37150917776396,0,0,0
8.8,9.02,11.4605630133681,11.4624871633748,8.85990413661804,9.46830333761012,59.0650980399789,59.6349964281819,-1.69837436785221,-1.69837436785221,0,0,0
8.09,8.8,11.2813144904369,11.4605630133681,10.4556151983462,8.85990413661804,58.9245588864264,59.0650980399789,-0.0926841374253904,-0.0926841374253904,0,0,0
9.17,8.09,11.3942405679646,11.2813144904369,9.13115860194427,10.4556151983462,55.9920582644078,58.9245588864264,0.0683155196827663,0.0683155196827663,0,0,0
9.40000000000001,9.17,11.9315188697539,11.3942405679646,8.13150338272204,9.13115860194427,53.747510996762,55.9920582644078,0.0971594068581645,0.0971594068581645,0,0,1
9.95,9.40000000000001,11.9611099884651,11.9315188697539,8.28570168305761,8.13150338272204,53.0274806763207,53.747510996762,0.167552665291165,0.167552665291165,0,0,-1
10.4,9.95,12.2390924398015,11.9611099884651,7.81702007284506,8.28570168305761,52.1689111071813,53.0274806763207,-0.199229542945385,-0.199229542945385,0,0,0
10.93,10.4,12.5099941664218,12.2390924398015,7.5527055692457,7.81702007284506,51.7541165047301,52.1689111071813,0.230801283085562,0.230801283085562,0,0,0
10.74,10.93,12.4416215550147,12.5099941664218,7.685420156549,7.5527055692457,50.7023054885924,51.7541165047301,-0.910546663580597,-0.910546663580597,0,0,0
10.23,10.74,12.5582484310796,12.4416215550147,7.60024974393029,7.685420156549,50.3254595633482,50.7023054885924,-1.10175622401147,-1.10175622401147,0,0,0
9.83,10.23,13.0076702817604,12.5582484310796,7.33911011278482,7.60024974393029,49.7325249214425,50.3254595633482,1.65838241362351,1.65838241362351,0,0,0
8.69,9.83,12.1885226803312,13.0076702817604,7.45693529908651,7.33911011278482,49.2411974630207,49.7325249214425,-0.694869746936615,-0.694869746936615,0,0,0
8.27,8.69,12.2489386454173,12.1885226803312,7.17630873690119,7.45693529908651,49.3689445439394,49.2411974630207,0.241865546751328,0.241865546751328,0,0,1
7.67,8.27,12.32221017191,12.2489386454173,8.0015524843366,7.17630873690119,49.0498279926513,49.3689445439394,0.47542100114168,0.47542100114168,0,0,-1
5.23,0,13.4343975428936,0,10.2138923302247,0,49.2679425680178,0,-0.233318385153751,0,0,0,0
5.33,5.23,13.4555774299754,13.4343975428936,10.5460197887861,10.2138923302247,49.7101540397737,49.2679425680178,0.0463141473731241,0,0,0,0
5.28,5.33,13.3194267894043,13.4555774299754,10.621083046894,10.5460197887861,50.0896223585958,49.7101540397737,-0.35785203631988,0,0,0,0
5.06,5.28,13.2849065802443,13.3194267894043,10.625087058086,10.621083046894,50.5417985344326,50.0896223585958,-0.084639006412992,0,0,0,1
3.95,5.06,13.063485766411,13.2849065802443,10.2266346052465,10.625087058086,50.7435853683459,50.5417985344326,0.224833048530936,0,0,0,-1
3.56,3.95,13.3317352040245,13.063485766411,10.3456123805274,10.2266346052465,50.6161329729338,50.7435853683459,-0.0873685308722294,0,0,0,0
2.67,3.56,13.5041515317315,13.3317352040245,9.84998097919567,10.3456123805274,51.0984640944123,50.6161329729338,-0.544289851517746,0,0,0,0
3.17,2.67,13.6411871155664,13.5041515317315,9.67197658654104,9.84998097919567,51.5719997800378,51.0984640944123,0.234458260675932,0,0,0,0
2.98,3.17,13.5354615829776,13.6411871155664,9.44787368296802,9.67197658654104,51.2172965958903,51.5719997800378,0.604131732419482,0,0,0,0
2.8,2.98,13.5461714649643,13.5354615829776,9.33141218695615,9.44787368296802,51.5488473037001,51.2172965958903,0.224298545394849,0,0,0,0
2.14,2.8,13.4332110549307,13.5461714649643,9.10542718402014,9.33141218695615,51.4548025113348,51.5488473037001,-0.172903457899903,0,0,0,0
1.48,2.14,13.4522516173152,13.4332110549307,8.96980521346356,9.10542718402014,51.441973432889,51.4548025113348,-0.295709351634354,0,0,0,-1
1.56,1.48,13.5623681594341,13.4522516173152,9.00544886035254,8.96980521346356,51.6485097304045,51.441973432889,-0.119794702308202,0,0,0,0
1.97,1.56,13.3604182875165,13.5623681594341,8.80082627554747,9.00544886035254,52.0547715630921,51.6485097304045,0.292313451931442,0,0,0,1
2.78,1.97,14.1252822437431,13.3604182875165,8.75336111903917,8.80082627554747,51.5996306040176,52.0547715630921,-1.92325516729135,0,0,0,0
2.89,2.78,14.0781136896901,14.1252822437431,7.68682225392488,8.75336111903917,51.2115964647261,51.5996306040176,0.637065780499267,0,0,0,0
4.08,2.89,14.2271455851339,14.0781136896901,7.89042213233434,7.68682225392488,51.4850229742787,51.2115964647261,0.0708645063531286,0,0,0,-1
4.18000000000001,4.08,14.1592865136509,14.2271455851339,7.51882464091382,7.89042213233434,52.2307730003911,51.4850229742787,-0.442791343315005,0,0,0,1
4.56,4.18000000000001,14.0166561057248,14.1592865136509,7.37636149354971,7.51882464091382,52.8894279014768,52.2307730003911,-0.122485714305558,0,0,0,0
4.12000000000001,4.56,14.2163516313337,14.0166561057248,7.30376378952215,7.37636149354971,53.4150587131078,52.8894279014768,-0.34995749061331,0,0,0,0
4.5,4.12000000000001,13.6253834470376,14.2163516313337,7.3637863708875,7.30376378952215,54.1922252119288,53.4150587131078,4.79853379400944,0,0,0,0
4.89,4.5,13.7633696416634,13.6253834470376,7.39318481101203,7.3637863708875,54.283797665173,54.1922252119288,-3.14136377945639,0,0,0,0
5.17,4.89,13.7943281008019,13.7633696416634,7.52360483400944,7.39318481101203,54.1638934402522,54.283797665173,-0.558636367477391,0,0,0,0
5.75,5.17,13.8036140222075,13.7943281008019,7.25375929013091,7.52360483400944,54.0064698637446,54.1638934402522,0.0136584634519359,0,0,0,0
5.98,5.75,13.7874814901279,13.8036140222075,7.40670828097563,7.25375929013091,54.4589505637566,54.0064698637446,0.354806192694786,0,0,0,0
6.03,5.98,13.8904331266094,13.7874814901279,7.27050640549654,7.40670828097563,55.1851808189388,54.4589505637566,-0.525692826875712,0,0,0,1
5.45999999999999,6.03,13.9849806772893,13.8904331266094,7.44622627379763,7.27050640549654,55.6176954349756,55.1851808189388,0.853238759669049,0,0,0,-1
6.27,5.45999999999999,13.442025948439,13.9849806772893,7.30441037156589,7.44622627379763,56.2486137628098,55.6176954349756,0.223469131078785,0,0,0,0
6.91,6.27,13.8651268336187,13.442025948439,7.06797020865778,7.30441037156589,56.9533882556815,56.2486137628098,-0.955130924869447,0,0,0,0
6.89,6.91,13.6835198049721,13.8651268336187,7.74984726058851,7.06797020865778,57.3178681746748,56.9533882556815,0.0285164784650451,0,0,0,0
7.3,6.89,13.5898608761243,13.6835198049721,7.75900501940599,7.74984726058851,58.0107952596985,57.3178681746748,0.496396877265354,0,0,0,0
8.14,7.3,13.6319782257164,13.5898608761243,7.76019787400022,7.75900501940599,58.4985536685857,58.0107952596985,-0.146076127954611,0,0,0,0
9.3,8.14,13.5899892201127,13.6319782257164,7.9086611103369,7.76019787400022,58.8127454844683,58.4985536685857,0.541858599931217,0,0,0,0
9.37,9.3,13.4052510946226,13.5899892201127,7.77061412481554,7.9086611103369,58.646833263487,58.8127454844683,-0.624837717399792,0,0,0,0
9.12,9.37,13.338914612567,13.4052510946226,8.14712325506761,7.77061412481554,58.9053311682663,58.646833263487,5.29167397660498,0,0,0,-1
9.76000000000001,9.12,12.7817396513444,13.338914612567,8.21453280785672,8.14712325506761,59.3242079659289,58.9053311682663,-3.44916572281051,0,0,0,0
10.51,9.76000000000001,13.1710583426014,12.7817396513444,8.31376301028442,8.21453280785672,59.6319521945758,59.3242079659289,-2.73710325735289,0,0,0,1
18.83,10.51,14.0609590430194,13.1710583426014,8.11989628521501,8.31376301028442,58.8694905743458,59.6319521945758,-1.87338904480528,0,0,0,0
19.81,18.83,13.8820373532225,14.0609590430194,8.28973995339495,8.11989628521501,57.092663100422,58.8694905743458,2.73143325452513,0,0,0,0
19.01,19.81,14.0067090154318,13.8820373532225,6.14892260142247,8.28973995339495,56.284480153195,57.092663100422,-0.724260211531156,0,0,0,0
16.51,19.01,14.5730748071878,14.0067090154318,6.8480192991774,6.14892260142247,55.6882447154298,56.284480153195,2.8657128594502,0,0,0,0
15.9,16.51,14.3378834220318,14.5730748071878,7.43299390270275,6.8480192991774,56.0914430558474,55.6882447154298,-0.506434658915303,0,0,0,1
15.33,15.9,14.3912268574042,14.3378834220318,6.65363044497195,7.43299390270275,56.2117849362258,56.0914430558474,-0.921732476157693,0,0,0,-1
14.25,15.33,14.368274397382,14.3912268574042,6.49334672579707,6.65363044497195,56.4842421811206,56.2117849362258,-0.176982568817097,0,0,0,0
12.47,14.25,14.26276515855,14.368274397382,7.38604317121402,6.49334672579707,56.4232771559171,56.4842421811206,-0.00987692322549982,0,0,0,0
12.29,12.47,14.5112375065075,14.26276515855,6.88342534061816,7.38604317121402,56.6255780148307,56.4232771559171,-2.08697942896877,0,0,0,0
12.28,12.29,14.2734632240654,14.5112375065075,6.85106599287818,6.88342534061816,56.5603801858173,56.6255780148307,1.48234527551285,0,0,0,1
11.74,12.28,14.4088090556119,14.2734632240654,8.40908705470625,6.85106599287818,58.6474455772195,56.5603801858173,-0.0858261368690396,0,0,0,-1
10.89,11.74,14.2623330844123,14.4088090556119,8.66567326330481,8.40908705470625,58.5314473014596,58.6474455772195,0.0855621893392779,0,0,0,0
2.63,10.89,14.0037248083858,14.2623330844123,8.66775161035944,8.66567326330481,58.9672276020052,58.5314473014596,-0.0694924849490306,0,0,0,0
1.31,2.63,13.870398761948,14.0037248083858,8.67503409584327,8.66775161035944,59.38431572137,58.9672276020052,-0.0150522367082608,0,0,0,1
1.02,1.31,13.3254952771497,13.870398761948,8.55756799677876,8.67503409584327,59.7687984867369,59.38431572137,0.757592946502786,0,0,0,-1
2.03,1.02,13.3298480049517,13.3254952771497,8.61921949851536,8.55756799677876,60.1284309736215,59.7687984867369,2.4972290169703,0,0,0,0
2.86,2.03,13.0694291697293,13.3298480049517,8.38936935483002,8.61921949851536,59.9672689034719,60.1284309736215,-1.84168907065787,0,0,0,0
3.90000000000001,2.86,12.9892382600717,13.0694291697293,8.19534123775963,8.38936935483002,61.073020400617,59.9672689034719,0.850895361256956,0,0,0,0
5.28,3.90000000000001,12.8892382159444,12.9892382600717,7.98249740509068,8.19534123775963,62.0756060155251,61.073020400617,-3.24247020059627,0,0,0,0
6.25,5.28,12.6953569383222,12.8892382159444,8.39738052939277,7.98249740509068,62.4622011073949,62.0756060155251,2.21008655524883,0,0,0,0
6.51000000000001,6.25,12.7549629166721,12.6953569383222,8.07529413600563,8.39738052939277,62.6790918831017,62.4622011073949,-2.2378425154308,0,0,0,1
6.59,6.51000000000001,12.8176100042608,12.7549629166721,8.03806515273498,8.07529413600563,61.2901369080601,62.6790918831017,1.51933748883128,0,0,0,-1
6.34999999999999,6.59,12.9022663995939,12.8176100042608,8.64172380662352,8.03806515273498,61.1083329920259,61.2901369080601,-0.0387339306838328,0,0,0,0
6.31,6.34999999999999,12.7827512551213,12.9022663995939,8.91192305055968,8.64172380662352,60.784863037084,61.1083329920259,-1.74209617894006,0,0,0,0
6.14,6.31,12.6768584486707,12.7827512551213,8.45890905387251,8.91192305055968,61.0550988470677,60.784863037084,1.37820301786078,0,0,0,0
6.64,6.14,12.6247467677098,12.6768584486707,7.76229042422654,8.45890905387251,60.8708681229932,61.0550988470677,-0.147723243239266,0,0,0,0
7.39,6.64,12.2428501164446,12.6247467677098,7.66853698508556,7.76229042422654,61.0132210761312,60.8708681229932,1.99752624521402,0,0,0,0
8.03,7.39,12.3245383366423,12.2428501164446,7.30541841714146,7.66853698508556,61.7485969354179,61.0132210761312,-3.32207411321289,0,0,0,1
8.65000000000001,8.03,11.3935920813551,12.3245383366423,9.13287359650167,7.30541841714146,60.8176403868796,61.7485969354179,2.57929124483088,0,0,0,-1
8.59,8.65000000000001,11.3711259979018,11.3935920813551,9.2531782542502,9.13287359650167,60.4551499479366,60.8176403868796,1.37150917776396,0,0,0,0
7.79000000000001,8.59,11.3855328190419,11.3711259979018,8.70351749650064,9.2531782542502,59.5611959127748,60.4551499479366,-1.69837436785221,0,0,0,0
7.95999999999999,7.79000000000001,11.2483034773177,11.3855328190419,9.72865844537625,8.70351749650064,59.2011747527488,59.5611959127748,-0.0926841374253904,0,0,0,0
8.7,7.95999999999999,11.3997613584996,11.2483034773177,9.17637930104907,9.72865844537625,55.9719824592452,59.2011747527488,0.0683155196827663,0,0,0,0
9.34999999999999,8.7,12.0518912522752,11.3997613584996,8.68528607908507,9.17637930104907,53.5714274591101,55.9719824592452,0.0971594068581645,0,0,0,1
10.06,9.34999999999999,12.0211307891429,12.0518912522752,8.72886790004511,8.68528607908507,51.8440674926254,53.5714274591101,0.167552665291165,0,0,0,-1
10.81,10.06,12.3091944043818,12.0211307891429,7.68773564610663,8.72886790004511,50.881777537569,51.8440674926254,-0.199229542945385,0,0,0,0
11.41,10.81,12.6038388898571,12.3091944043818,7.49948082132143,7.68773564610663,50.1442878489995,50.881777537569,0.230801283085562,0,0,0,0
11.45,11.41,12.5151251905104,12.6038388898571,7.64936769866919,7.49948082132143,49.3304673977117,50.1442878489995,-0.910546663580597,0,0,0,0
10.63,11.45,12.5737138491733,12.5151251905104,7.77799297067546,7.64936769866919,48.7346263790788,49.3304673977117,-1.10175622401147,0,0,0,0
10.11,10.63,13.0597041893839,12.5737138491733,7.71290101401226,7.77799297067546,48.033312450329,48.7346263790788,1.65838241362351,0,0,0,0
9.68000000000001,10.11,12.1594151008635,13.0597041893839,7.36501449542011,7.71290101401226,47.1277038116311,48.033312450329,-0.694869746936615,0,0,0,0
9.09,9.68000000000001,12.1779520895651,12.1594151008635,7.85327014848844,7.36501449542011,47.1703254582798,47.1277038116311,0.241865546751328,0,0,0,1
9.02,9.09,12.2453594458732,12.1779520895651,8.18898659607107,7.85327014848844,47.0664568107797,47.1703254582798,0.47542100114168,0,0,0,-1
2.95999999999999,0,14.2498180735295,0,10.0255843437598,0,51.8673364664667,0,-0.233318385153751,0,-0.233318385153751,0,0
3.16,2.95999999999999,14.26396634263,14.2498180735295,10.3260023787301,10.0255843437598,52.4793708332899,51.8673364664667,0.0463141473731241,0,0.0463141473731241,0,0
3.25,3.16,14.1068616663585,14.26396634263,10.5803008504511,10.3260023787301,52.9167565944825,52.4793708332899,-0.35785203631988,0,-0.35785203631988,0,0
3.13,3.25,14.0440164600071,14.1068616663585,10.5410451387247,10.5803008504511,53.1055808341129,52.9167565944825,-0.084639006412992,0,-0.084639006412992,0,1
3.06,3.13,13.7154076797254,14.0440164600071,10.2969593490922,10.5410451387247,53.4472063167438,53.1055808341129,0.224833048530936,0,0.224833048530936,0,-1
3.05,3.06,13.855376837069,13.7154076797254,10.197951594042,10.2969593490922,53.8745109838498,53.4472063167438,-0.0873685308722294,0,-0.0873685308722294,0,0
2.62,3.05,13.8683521301281,13.855376837069,9.90005353292348,10.197951594042,54.5079398068674,53.8745109838498,-0.544289851517746,0,-0.544289851517746,0,0
2.59999999999999,2.62,13.9563409705166,13.8683521301281,9.63217871556797,9.90005353292348,55.1339891273987,54.5079398068674,0.234458260675932,0,0.234458260675932,0,0
2.45,2.59999999999999,13.8177792431937,13.9563409705166,9.45227358841453,9.63217871556797,55.3347406808912,55.1339891273987,0.604131732419482,0,0.604131732419482,0,0
2.70999999999999,2.45,13.8798439987131,13.8177792431937,9.23095343414391,9.45227358841453,55.8555135776132,55.3347406808912,0.224298545394849,0,0.224298545394849,0,0
2.48999999999999,2.70999999999999,13.5981818822128,13.8798439987131,9.13417714485113,9.23095343414391,55.947379007278,55.8555135776132,-0.172903457899903,0,-0.172903457899903,0,0
1.90000000000001,2.48999999999999,13.6793742111972,13.5981818822128,9.0815107669095,9.13417714485113,55.8947530029054,55.947379007278,-0.295709351634354,0,-0.295709351634354,0,-1
1.83,1.90000000000001,13.770401707537,13.6793742111972,8.97870198969384,9.0815107669095,56.0056821118325,55.8947530029054,-0.119794702308202,0,-0.119794702308202,0,0
2.18000000000001,1.83,13.4435434533415,13.770401707537,8.89704666680018,8.97870198969384,56.4159975817284,56.0056821118325,0.292313451931442,0,0.292313451931442,0,1
2.67,2.18000000000001,14.2194193368156,13.4435434533415,8.75782473733461,8.89704666680018,56.06832248296,56.4159975817284,-1.92325516729135,0,-1.92325516729135,0,0
2.63,2.67,14.306821573374,14.2194193368156,8.01699488652021,8.75782473733461,55.8456539781273,56.06832248296,0.637065780499267,0,0.637065780499267,0,0
2.5,2.63,14.3760478724895,14.306821573374,7.91461997731459,8.01699488652021,56.0239010314714,55.8456539781273,0.0708645063531286,0,0.0708645063531286,0,-1
2.52,2.5,14.3117517697331,14.3760478724895,7.64513231082923,7.91461997731459,56.4381818204632,56.0239010314714,-0.442791343315005,0,-0.442791343315005,0,1
2.92,2.52,14.280572245067,14.3117517697331,7.36625022116232,7.64513231082923,57.375948306487,56.4381818204632,-0.122485714305558,0,-0.122485714305558,0,0
2.72,2.92,14.3272059403554,14.280572245067,7.40684232757489,7.36625022116232,57.9903333824971,57.375948306487,-0.34995749061331,0,-0.34995749061331,0,0
3.11,2.72,13.9204776360355,14.3272059403554,7.44574884680483,7.40684232757489,58.7576375015709,57.9903333824971,4.79853379400944,0,4.79853379400944,0,0
3.34,3.11,14.1534038268319,13.9204776360355,7.62261251428519,7.44574884680483,58.7469097642819,58.7576375015709,-3.14136377945639,0,-3.14136377945639,0,0
3.63,3.34,14.3195574182255,14.1534038268319,7.58197200368677,7.62261251428519,58.0668498962561,58.7469097642819,-0.558636367477391,0,-0.558636367477391,0,0
4.05,3.63,14.387224189666,14.3195574182255,7.41201748106966,7.58197200368677,57.9726839291169,58.0668498962561,0.0136584634519359,0,0.0136584634519359,0,0
4.37000000000001,4.05,14.5774775504524,14.387224189666,7.41511630749793,7.41201748106966,58.3012499684219,57.9726839291169,0.354806192694786,0,0.354806192694786,0,0
4.44,4.37000000000001,14.8268912350785,14.5774775504524,7.41936616364821,7.41511630749793,59.1259855315734,58.3012499684219,-0.525692826875712,0,-0.525692826875712,0,1
4.09999999999999,4.44,14.933845481089,14.8268912350785,7.329172156934,7.41936616364821,59.1610080268009,59.1259855315734,0.853238759669049,0,0.853238759669049,0,-1
4.68000000000001,4.09999999999999,14.4463807539441,14.933845481089,7.3658519861104,7.329172156934,60.1437583332929,59.1610080268009,0.223469131078785,0,0.223469131078785,0,0
4.62999999999999,4.68000000000001,14.8833883741657,14.4463807539441,7.09927573460046,7.3658519861104,60.7159490122421,60.1437583332929,-0.955130924869447,0,-0.955130924869447,0,0
4.72,4.62999999999999,14.7015216363309,14.8833883741657,7.78799659483343,7.09927573460046,60.7194812766174,60.7159490122421,0.0285164784650451,0,0.0285164784650451,0,0
4.31999999999999,4.72,14.071206369418,14.7015216363309,7.74626981793496,7.78799659483343,60.4875966169305,60.7194812766174,0.496396877265354,0,0.496396877265354,0,0
5.12999999999999,4.31999999999999,13.9921052710249,14.071206369418,7.75328066684397,7.74626981793496,61.1646729408932,60.4875966169305,-0.146076127954611,0,-0.146076127954611,0,0
5.87000000000001,5.12999999999999,13.9496151435253,13.9921052710249,7.8098790732132,7.75328066684397,62.3520496559076,61.1646729408932,0.541858599931217,0,0.541858599931217,0,0
6.17,5.87000000000001,13.7412649138739,13.9496151435253,7.73175368246998,7.8098790732132,62.5117921395295,62.3520496559076,-0.624837717399792,0,-0.624837717399792,0,0
6.04000000000001,6.17,13.6764945938883,13.7412649138739,7.85663880588328,7.73175368246998,63.2463091748575,62.5117921395295,5.29167397660498,0,5.29167397660498,0,-1
5.73,6.04000000000001,13.0919741591952,13.6764945938883,7.95630710903069,7.85663880588328,62.963437662617,63.2463091748575,-3.44916572281051,0,-3.44916572281051,0,0
5.59999999999999,5.73,13.4198010530369,13.0919741591952,8.16630015807368,7.95630710903069,63.3944557488251,62.963437662617,-2.73710325735289,0,-2.73710325735289,0,1
12.59,5.59999999999999,14.1897398970392,13.4198010530369,8.10191258645981,8.16630015807368,62.8017906239814,63.3944557488251,-1.87338904480528,0,-1.87338904480528,0,0
12.81,12.59,13.907890240909,14.1897398970392,7.88161092554205,8.10191258645981,62.5049176541708,62.8017906239814,2.73143325452513,0,2.73143325452513,0,0
11.97,12.81,13.8454167624766,13.907890240909,7.39838038952438,7.88161092554205,61.8890195997311,62.5049176541708,-0.724260211531156,0,-0.724260211531156,0,0
11.34,11.97,14.6788959240918,13.8454167624766,7.49996653901493,7.39838038952438,61.8477279654553,61.8890195997311,2.8657128594502,0,2.8657128594502,0,0
10.47,11.34,14.4848789470628,14.6788959240918,7.53520943770298,7.49996653901493,59.8787766863568,61.8477279654553,-0.506434658915303,0,-0.506434658915303,0,1
9.95,10.47,14.418836970768,14.4848789470628,7.39239171551186,7.53520943770298,60.044091945363,59.8787766863568,-0.921732476157693,0,-0.921732476157693,0,-1
9.25,9.95,14.3178851897562,14.418836970768,7.3722853178742,7.39239171551186,60.3447657297851,60.044091945363,-0.176982568817097,0,-0.176982568817097,0,0
8.27,9.25,14.2931105444308,14.3178851897562,8.03200877323772,7.3722853178742,61.3316686211907,60.3447657297851,-0.00987692322549982,0,-0.00987692322549982,0,0
7.41,8.27,14.6519553612527,14.2931105444308,7.81472799054194,8.03200877323772,61.5337905894113,61.3316686211907,-2.08697942896877,0,-2.08697942896877,0,0
7.64,7.41,14.4685887672232,14.6519553612527,7.47004186442064,7.81472799054194,61.2143881765113,61.5337905894113,1.48234527551285,0,1.48234527551285,0,1
7.3,7.64,14.5997883475036,14.4685887672232,8.11653666653897,7.47004186442064,61.470080451458,61.2143881765113,-0.0858261368690396,0,-0.0858261368690396,0,-1
6.72,7.3,14.4520996583602,14.5997883475036,8.4009448368389,8.11653666653897,61.4440975297766,61.470080451458,0.0855621893392779,0,0.0855621893392779,0,0
-0.280000000000001,6.72,14.2223386282955,14.4520996583602,8.43756258502565,8.4009448368389,62.0966313845899,61.4440975297766,-0.0694924849490306,0,-0.0694924849490306,0,0
-0.560000000000002,-0.280000000000001,14.0739529516863,14.2223386282955,8.49437850299751,8.43756258502565,62.0746045138763,62.0966313845899,-0.0150522367082608,0,-0.0150522367082608,0,1
-0.439999999999998,-0.560000000000002,13.5010028848979,14.0739529516863,8.40775940428837,8.49437850299751,62.5407651472506,62.0746045138763,0.757592946502786,0,0.757592946502786,0,-1
0.269999999999996,-0.439999999999998,13.510092531636,13.5010028848979,8.53670020623409,8.40775940428837,63.3048343597811,62.5407651472506,2.4972290169703,0,2.4972290169703,0,0
0.819999999999993,0.269999999999996,13.2387394742775,13.510092531636,8.28854962396477,8.53670020623409,63.1988983072414,63.3048343597811,-1.84168907065787,0,-1.84168907065787,0,0
1.55,0.819999999999993,13.174655339908,13.2387394742775,8.06715478504427,8.28854962396477,64.8117119169192,63.1988983072414,0.850895361256956,0,0.850895361256956,0,0
2.45999999999999,1.55,13.1117223577645,13.174655339908,8.02922371718105,8.06715478504427,66.1288351025288,64.8117119169192,-3.24247020059627,0,-3.24247020059627,0,0
3.31,2.45999999999999,12.8894558247799,13.1117223577645,8.48525012267993,8.02922371718105,64.8813973183024,66.1288351025288,2.21008655524883,0,2.21008655524883,0,0
4.95999999999999,3.31,13.0768242643887,12.8894558247799,8.25344430516896,8.48525012267993,64.6411631415379,64.8813973183024,-2.2378425154308,0,-2.2378425154308,0,1
4.8,4.95999999999999,12.8969098016752,13.0768242643887,8.02154174952516,8.25344430516896,63.5795378683791,64.6411631415379,1.51933748883128,0,1.51933748883128,0,-1
5.73,4.8,13.0384275984622,12.8969098016752,8.33365415079246,8.02154174952516,64.3409868000833,63.5795378683791,-0.0387339306838328,0,-0.0387339306838328,0,0
6.09999999999999,5.73,12.9155663485944,13.0384275984622,9.15063801974304,8.33365415079246,63.9990455303741,64.3409868000833,-1.74209617894006,0,-1.74209617894006,0,0
6.59999999999999,6.09999999999999,12.8568177526375,12.9155663485944,8.61375483177114,9.15063801974304,63.4837030843184,63.9990455303741,1.37820301786078,0,1.37820301786078,0,0
7.02,6.59999999999999,12.8036112318092,12.8568177526375,8.6095412842188,8.61375483177114,62.9483779728882,63.4837030843184,-0.147723243239266,0,-0.147723243239266,0,0
7.02,7.02,12.4957292421821,12.8036112318092,7.94191472321734,8.6095412842188,62.7479560062386,62.9483779728882,1.99752624521402,0,1.99752624521402,0,0
7.12999999999999,7.02,12.529784135516,12.4957292421821,7.59235286275391,7.94191472321734,63.5122901009036,62.7479560062386,-3.32207411321289,0,-3.32207411321289,0,1
7.59,7.12999999999999,11.642107746041,12.529784135516,10.4230486355747,7.59235286275391,62.9580202325407,63.5122901009036,2.57929124483088,0,2.57929124483088,0,-1
7.72,7.59,11.6104531539849,11.642107746041,9.12806981927592,10.4230486355747,62.8069706195186,62.9580202325407,1.37150917776396,0,1.37150917776396,0,0
7.61,7.72,11.6026145086504,11.6104531539849,8.65997329911922,9.12806981927592,61.4931796918412,62.8069706195186,-1.69837436785221,0,-1.69837436785221,0,0
7.59,7.61,11.4485750813692,11.6026145086504,9.15247420260213,8.65997329911922,60.7602053865657,61.4931796918412,-0.0926841374253904,0,-0.0926841374253904,0,0
7.18000000000001,7.59,11.5853369430795,11.4485750813692,8.44855730385968,9.15247420260213,59.6024188619233,60.7602053865657,0.0683155196827663,0,0.0683155196827663,0,0
7.77,7.18000000000001,12.170796427439,11.5853369430795,8.19387664309157,8.44855730385968,57.2069521207753,59.6024188619233,0.0971594068581645,0,0.0971594068581645,0,1
8.36,7.77,12.2259187194425,12.170796427439,7.88877830436345,8.19387664309157,56.0742505809639,57.2069521207753,0.167552665291165,0,0.167552665291165,0,-1
8.86,8.36,12.5008005601212,12.2259187194425,7.34289432540799,7.88877830436345,55.4484080452811,56.0742505809639,-0.199229542945385,0,-0.199229542945385,0,0
9.05,8.86,12.7830242797225,12.5008005601212,7.23344611846841,7.34289432540799,55.3070562156522,55.4484080452811,0.230801283085562,0,0.230801283085562,0,0
8.68000000000001,9.05,12.7152949502275,12.7830242797225,7.35519594346745,7.23344611846841,54.8907185769519,55.3070562156522,-0.910546663580597,0,-0.910546663580597,0,0
8.8,8.68000000000001,12.8576898374109,12.7152949502275,7.24388875288618,7.35519594346745,54.5331776604428,54.8907185769519,-1.10175622401147,0,-1.10175622401147,0,0
8.13,8.8,13.2575678558296,12.8576898374109,7.02496644794796,7.24388875288618,53.9742008808766,54.5331776604428,1.65838241362351,0,1.65838241362351,0,0
7.93000000000001,8.13,12.4030691752969,13.2575678558296,7.13798653818971,7.02496644794796,53.4728381168628,53.9742008808766,-0.694869746936615,0,-0.694869746936615,0,0
7.26000000000001,7.93000000000001,12.5225530190243,12.4030691752969,7.34797386966323,7.13798653818971,53.7586607715629,53.4728381168628,0.241865546751328,0,0.241865546751328,0,1
6.87000000000001,7.26000000000001,12.5484215155563,12.5225530190243,7.61046368331365,7.34797386966323,53.7360177165075,53.7586607715629,0.47542100114168,0,0.47542100114168,0,-1
4.28,0,13.8751891600102,0,10.1045090292247,0,63.1710580171218,0,-0.233318385153751,0,0,0,0
4.03,4.28,13.885180644733,13.8751891600102,10.4694736936162,10.1045090292247,63.9846976663907,63.1710580171218,0.0463141473731241,0,0,0,0
4.05,4.03,13.8016431691222,13.885180644733,10.6298117971548,10.4694736936162,64.0998771264669,63.9846976663907,-0.35785203631988,0,0,0,0
3.79000000000001,4.05,13.76417324837,13.8016431691222,10.5689097079144,10.6298117971548,64.6129399473157,64.0998771264669,-0.084639006412992,0,0,0,1
3.20999999999999,3.79000000000001,13.5397681392298,13.76417324837,10.3397951822212,10.5689097079144,65.1759834179039,64.6129399473157,0.224833048530936,0,0,0,-1
3.31,3.20999999999999,13.7414663333104,13.5397681392298,10.2866358800579,10.3397951822212,66.4589063140517,65.1759834179039,-0.0873685308722294,0,0,0,0
3.31999999999999,3.31,13.7853427045864,13.7414663333104,9.82388433395446,10.2866358800579,67.2456451498652,66.4589063140517,-0.544289851517746,0,0,0,0
3.16,3.31999999999999,13.8907101956992,13.7853427045864,9.61742446897579,9.82388433395446,68.0655495867785,67.2456451498652,0.234458260675932,0,0,0,0
3.06,3.16,13.774179437792,13.8907101956992,9.33692150378553,9.61742446897579,67.0757798998555,68.0655495867785,0.604131732419482,0,0,0,0
2.77,3.06,13.8169178293833,13.774179437792,9.16402642034211,9.33692150378553,67.534943390358,67.0757798998555,0.224298545394849,0,0,0,0
2.43000000000001,2.77,13.7373522604923,13.8169178293833,9.10488760554823,9.16402642034211,67.7833176142066,67.534943390358,-0.172903457899903,0,0,0,0
1.89,2.43000000000001,13.6340613880512,13.7373522604923,9.03340868146443,9.10488760554823,68.1092554181066,67.7833176142066,-0.295709351634354,0,0,0,-1
1.84999999999999,1.89,13.7633918076138,13.6340613880512,8.98554864147306,9.03340868146443,68.2352318624548,68.1092554181066,-0.119794702308202,0,0,0,0
2.34999999999999,1.84999999999999,13.4760004143993,13.7633918076138,8.59935764138774,8.98554864147306,68.796000582065,68.2352318624548,0.292313451931442,0,0,0,1
2.73,2.34999999999999,14.3785378764827,13.4760004143993,7.8791181180547,8.59935764138774,67.9289989683716,68.796000582065,-1.92325516729135,0,0,0,0
3.02,2.73,14.3671729703191,14.3785378764827,7.08287741902473,7.8791181180547,67.9494643446027,67.9289989683716,0.637065780499267,0,0,0,0
3.42,3.02,14.5363740710832,14.3671729703191,7.1781777551143,7.08287741902473,68.2294553080943,67.9494643446027,0.0708645063531286,0,0,0,-1
3.52,3.42,14.492224437949,14.5363740710832,7.04491051366999,7.1781777551143,66.4989350110338,68.2294553080943,-0.442791343315005,0,0,0,1
3.41,3.52,14.3745703435308,14.492224437949,6.85754626060153,7.04491051366999,67.5498896386634,66.4989350110338,-0.122485714305558,0,0,0,0
3.54000000000001,3.41,14.5610824697271,14.3745703435308,6.95610380837819,6.85754626060153,68.5733663665896,67.5498896386634,-0.34995749061331,0,0,0,0
3.91,3.54000000000001,13.9451446596562,14.5610824697271,6.9196877296251,6.95610380837819,72.9384098893739,68.5733663665896,4.79853379400944,0,0,0,0
4.81,3.91,14.1186559427454,13.9451446596562,6.99553520392845,6.9196877296251,73.4963344691621,72.9384098893739,-3.14136377945639,0,0,0,0
5.15000000000001,4.81,14.1616952938043,14.1186559427454,6.79369379902432,6.99553520392845,73.7689305341023,73.4963344691621,-0.558636367477391,0,0,0,0
5.31,5.15000000000001,14.1978031299474,14.1616952938043,6.95985289433369,6.79369379902432,73.8034275234383,73.7689305341023,0.0136584634519359,0,0,0,0
5.89,5.31,14.162638062969,14.1978031299474,6.9327054581847,6.95985289433369,74.2671506423517,73.8034275234383,0.354806192694786,0,0,0,0
6.01000000000001,5.89,14.2131699922474,14.162638062969,6.78234734546655,6.9327054581847,74.9672715005712,74.2671506423517,-0.525692826875712,0,0,0,1
5.86,6.01000000000001,14.3567538691995,14.2131699922474,7.1073083085652,6.78234734546655,76.8378753355532,74.9672715005712,0.853238759669049,0,0,0,-1
5.93000000000001,5.86,13.7470818313056,14.3567538691995,7.18338528516473,7.1073083085652,78.2665941433556,76.8378753355532,0.223469131078785,0,0,0,0
5.94,5.93000000000001,14.1456706594347,13.7470818313056,6.84240357803007,7.18338528516473,79.7952728946771,78.2665941433556,-0.955130924869447,0,0,0,0
6.06,5.94,13.9776742769619,14.1456706594347,7.08691460677183,6.84240357803007,81.2898132753431,79.7952728946771,0.0285164784650451,0,0,0,0
6.45999999999999,6.06,13.9064803307206,13.9776742769619,7.68937074081528,7.08691460677183,82.627686791981,81.2898132753431,0.496396877265354,0,0,0,0
7.33,6.45999999999999,13.9664551266919,13.9064803307206,7.2366795876642,7.68937074081528,83.372589301439,82.627686791981,-0.146076127954611,0,0,0,0
8.41,7.33,13.9325232692441,13.9664551266919,7.33353542734904,7.2366795876642,83.3230055589479,83.372589301439,0.541858599931217,0,0,0,0
8.54000000000001,8.41,13.7734469362563,13.9325232692441,7.22919645563635,7.33353542734904,83.3503554434973,83.3230055589479,-0.624837717399792,0,0,0,0
8.70999999999999,8.54000000000001,13.7576580871753,13.7734469362563,7.25337737858444,7.22919645563635,83.6962277736295,83.3503554434973,5.29167397660498,0,0,0,-1
9.18000000000001,8.70999999999999,13.2246546348344,13.7576580871753,7.11809500875163,7.25337737858444,86.044733249368,83.6962277736295,-3.44916572281051,0,0,0,0
9.39,9.18000000000001,13.4931529370171,13.2246546348344,7.03334010003295,7.11809500875163,87.0218690146287,86.044733249368,-2.73710325735289,0,0,0,1
18.71,9.39,14.3226082592721,13.4931529370171,6.89540728636774,7.03334010003295,87.1314291656205,87.0218690146287,-1.87338904480528,0,0,0,0
19.26,18.71,14.1946887705404,14.3226082592721,6.79394970644002,6.89540728636774,87.1943502737449,87.1314291656205,2.73143325452513,0,0,0,0
18.99,19.26,14.2786268361428,14.1946887705404,6.50845738434539,6.79394970644002,85.596648858266,87.1943502737449,-0.724260211531156,0,0,0,0
17.82,18.99,14.9597655543774,14.2786268361428,5.7125629731056,6.50845738434539,84.6494661129382,85.596648858266,2.8657128594502,0,0,0,0
16.65,17.82,14.6899422965672,14.9597655543774,6.44479814275643,5.7125629731056,82.378518819576,84.6494661129382,-0.506434658915303,0,0,0,1
15.76,16.65,14.7154846770395,14.6899422965672,5.99271352983307,6.44479814275643,81.9436548524935,82.378518819576,-0.921732476157693,0,0,0,-1
14.79,15.76,14.6983542978247,14.7154846770395,5.976008995391,5.99271352983307,82.2044555702867,81.9436548524935,-0.176982568817097,0,0,0,0
13.46,14.79,14.578385174347,14.6983542978247,6.18327361554605,5.976008995391,83.0898971255696,82.2044555702867,-0.00987692322549982,0,0,0,0
13.03,13.46,14.7623381563265,14.578385174347,6.1753910623233,6.18327361554605,83.3486444652756,83.0898971255696,-2.08697942896877,0,0,0,0
12.83,13.03,14.5385759798606,14.7623381563265,5.65758603333873,6.1753910623233,83.4502385999322,83.3486444652756,1.48234527551285,0,0,0,1
12.77,12.83,14.6876918764211,14.5385759798606,7.05679578052135,5.65758603333873,83.8853949153169,83.4502385999322,-0.0858261368690396,0,0,0,-1
12.13,12.77,14.5393360513699,14.6876918764211,7.65824919951971,7.05679578052135,83.7081965722994,83.8853949153169,0.0855621893392779,0,0,0,0
3.34999999999999,12.13,14.3740576417748,14.5393360513699,7.62350325389094,7.65824919951971,84.2521111506497,83.7081965722994,-0.0694924849490306,0,0,0,0
2.83,3.34999999999999,14.2926455533865,14.3740576417748,7.93481291435751,7.62350325389094,81.8948583492339,84.2521111506497,-0.0150522367082608,0,0,0,1
2.92,2.83,13.5815191084336,14.2926455533865,7.84571197541205,7.93481291435751,82.5303243155519,81.8948583492339,0.757592946502786,0,0,0,-1
3.84,2.92,13.5990293053864,13.5815191084336,8.02945623778413,7.84571197541205,83.4396278557353,82.5303243155519,2.4972290169703,0,0,0,0
4.8,3.84,13.3015608274981,13.5990293053864,7.84223008140085,8.02945623778413,83.3479589241188,83.4396278557353,-1.84168907065787,0,0,0,0
5.58,4.8,13.1872865643284,13.3015608274981,7.50171435229226,7.84223008140085,85.1704194255954,83.3479589241188,0.850895361256956,0,0,0,0
6.59,5.58,13.1023467803636,13.1872865643284,7.35094572025099,7.50171435229226,86.694249635643,85.1704194255954,-3.24247020059627,0,0,0,0
7.25,6.59,12.9257165859832,13.1023467803636,7.77827746736751,7.35094572025099,90.0632646080711,86.694249635643,2.21008655524883,0,0,0,0
7.44,7.25,12.9421894641536,12.9257165859832,7.56980516963538,7.77827746736751,90.4959018551548,90.0632646080711,-2.2378425154308,0,0,0,1
7.44,7.44,13.0151196684106,12.9421894641536,7.47253949226395,7.56980516963538,89.8027704794119,90.4959018551548,1.51933748883128,0,0,0,-1
7.43000000000001,7.44,13.0771463788496,13.0151196684106,7.96870221316979,7.47253949226395,90.8407433400756,89.8027704794119,-0.0387339306838328,0,0,0,0
7.93000000000001,7.43000000000001,12.9653650357077,13.0771463788496,8.81189549448857,7.96870221316979,90.1548322878009,90.8407433400756,-1.74209617894006,0,0,0,0
8.15000000000001,7.93000000000001,12.8759550879202,12.9653650357077,7.96203905337004,8.81189549448857,90.0876040518819,90.1548322878009,1.37820301786078,0,0,0,0
8.16,8.15000000000001,12.8775608492927,12.8759550879202,7.76426259627166,7.96203905337004,87.5506760228175,90.0876040518819,-0.147723243239266,0,0,0,0
8.34999999999999,8.16,12.4878028547174,12.8775608492927,7.32551011288782,7.76426259627166,87.8013156009602,87.5506760228175,1.99752624521402,0,0,0,0
8.45,8.34999999999999,12.5524251793693,12.4878028547174,6.78067723272468,7.32551011288782,88.6128971159871,87.8013156009602,-3.32207411321289,0,0,0,1
9.34999999999999,8.45,11.5868864829267,12.5524251793693,8.99126597699752,6.78067723272468,87.6872353772711,88.6128971159871,2.57929124483088,0,0,0,-1
9.23,9.34999999999999,11.5444140813265,11.5868864829267,8.31890374521884,8.99126597699752,87.3911523095957,87.6872353772711,1.37150917776396,0,0,0,0
8.87,9.23,11.5510104016164,11.5444140813265,8.31107497709562,8.31890374521884,86.6241708352389,87.3911523095957,-1.69837436785221,0,0,0,0
8.87,8.87,11.3666003138282,11.5510104016164,8.6571725218815,8.31107497709562,86.1915230848512,86.6241708352389,-0.0926841374253904,0,0,0,0
9.5,8.87,11.5315163308563,11.3666003138282,8.08057849010836,8.6571725218815,83.3913668837374,86.1915230848512,0.0683155196827663,0,0,0,0
10.38,9.5,12.1926541743248,11.5315163308563,7.68483366312006,8.08057849010836,80.5999658856719,83.3913668837374,0.0971594068581645,0,0,0,1
11,10.38,12.1566891666285,12.1926541743248,8.13409422074769,7.68483366312006,79.810366852283,80.5999658856719,0.167552665291165,0,0,0,-1
11.05,11,12.4462321297776,12.1566891666285,7.70833034710501,8.13409422074769,78.4425748560072,79.810366852283,-0.199229542945385,0,0,0,0
11.09,11.05,12.7273987950682,12.4462321297776,7.04890699325575,7.70833034710501,77.5301460954505,78.4425748560072,0.230801283085562,0,0,0,0
10.99,11.09,12.6699882931156,12.7273987950682,7.42424875178033,7.04890699325575,75.0046211102054,77.5301460954505,-0.910546663580597,0,0,0,0
10.65,10.99,12.7377337320828,12.6699882931156,7.13201541538979,7.42424875178033,74.2681934010036,75.0046211102054,-1.10175622401147,0,0,0,0
10.91,10.65,13.1273441377312,12.7377337320828,7.29598093648455,7.13201541538979,73.4852009355407,74.2681934010036,1.65838241362351,0,0,0,0
10.02,10.91,12.3228362939135,13.1273441377312,7.01877417375237,7.29598093648455,72.4637020706478,73.4852009355407,-0.694869746936615,0,0,0,0
9.09,10.02,12.3487137272237,12.3228362939135,7.12659405411579,7.01877417375237,72.552841709179,72.4637020706478,0.241865546751328,0,0,0,1
9.01000000000001,9.09,12.3510571972223,12.3487137272237,7.63899013541343,7.12659405411579,72.4512423568417,72.552841709179,0.47542100114168,0,0,0,-1
5.53,0,13.8745850112068,0,10.2231952390027,0,61.7213607088523,0,-0.233318385153751,0,0,0,0
5.73,5.53,13.9314186675922,13.8745850112068,10.3877550744882,10.2231952390027,62.1406218096174,61.7213607088523,0.0463141473731241,0,0,0,0
5.58,5.73,13.8327725276416,13.9314186675922,10.6590298388858,10.3877550744882,63.4492643098228,62.1406218096174,-0.35785203631988,0,0,0,0
5.34,5.58,13.8068062316466,13.8327725276416,10.5427325502211,10.6590298388858,63.7309236889064,63.4492643098228,-0.084639006412992,0,0,0,1
5.06999999999999,5.34,13.5318281200804,13.8068062316466,10.2365593254218,10.5427325502211,63.8723766616667,63.7309236889064,0.224833048530936,0,0,0,-1
4.65000000000001,5.06999999999999,13.7802627959955,13.5318281200804,10.2388716638454,10.2365593254218,63.3455486574242,63.8723766616667,-0.0873685308722294,0,0,0,0
4.77,4.65000000000001,13.8766627641986,13.7802627959955,9.8952244112243,10.2388716638454,63.7472530270924,63.3455486574242,-0.544289851517746,0,0,0,0
4.44,4.77,14.0233031979078,13.8766627641986,9.78025844986746,9.8952244112243,64.1814084255415,63.7472530270924,0.234458260675932,0,0,0,0
3.97,4.44,13.9386054051559,14.0233031979078,9.48551573335157,9.78025844986746,64.1906588477612,64.1814084255415,0.604131732419482,0,0,0,0
3.29000000000001,3.97,13.9426147643072,13.9386054051559,9.20611285422207,9.48551573335157,64.1709222092177,64.1906588477612,0.224298545394849,0,0,0,0
2.89,3.29000000000001,13.8063241008704,13.9426147643072,9.14097523599122,9.20611285422207,64.0045493119124,64.1709222092177,-0.172903457899903,0,0,0,0
2.22,2.89,13.7263740934096,13.8063241008704,9.04193570724293,9.14097523599122,64.9512927345995,64.0045493119124,-0.295709351634354,0,0,0,-1
2.36,2.22,13.8696720203406,13.7263740934096,8.93162221069632,9.04193570724293,65.0675409630234,64.9512927345995,-0.119794702308202,0,0,0,0
2.51000000000001,2.36,13.598381651797,13.8696720203406,8.86673900023418,8.93162221069632,65.5691618636709,65.0675409630234,0.292313451931442,0,0,0,1
3.12,2.51000000000001,14.4744181158558,13.598381651797,8.4462779516413,8.86673900023418,66.0362785138708,65.5691618636709,-1.92325516729135,0,0,0,0
3.23999999999999,3.12,14.4309016936924,14.4744181158558,7.31665423614301,8.4462779516413,65.8357351607496,66.0362785138708,0.637065780499267,0,0,0,0
3.65000000000001,3.23999999999999,14.5833680369736,14.4309016936924,7.57390729878487,7.31665423614301,66.0869013113293,65.8357351607496,0.0708645063531286,0,0,0,-1
3.94,3.65000000000001,14.545561818993,14.5833680369736,7.34066449998585,7.57390729878487,65.8291800714351,66.0869013113293,-0.442791343315005,0,0,0,1
4.02,3.94,14.4149557280831,14.545561818993,7.21476941736702,7.34066449998585,66.5016200738723,65.8291800714351,-0.122485714305558,0,0,0,0
4.06,4.02,14.6339268899753,14.4149557280831,7.29913642309355,7.21476941736702,67.0714103615244,66.5016200738723,-0.34995749061331,0,0,0,0
4.73,4.06,14.0116220546599,14.6339268899753,7.43629498011347,7.29913642309355,67.1774084026634,67.0714103615244,4.79853379400944,0,0,0,0
5.34999999999999,4.73,14.2126010253445,14.0116220546599,7.39264684816635,7.43629498011347,66.9465870265586,67.1774084026634,-3.14136377945639,0,0,0,0
5.72,5.34999999999999,14.1885878382267,14.2126010253445,7.39500166385155,7.39264684816635,67.003850405048,66.9465870265586,-0.558636367477391,0,0,0,0
6.06,5.72,14.2335272415195,14.1885878382267,7.2326389693575,7.39500166385155,66.4842135470569,67.003850405048,0.0136584634519359,0,0,0,0
6.58,6.06,14.2033243474413,14.2335272415195,7.37429643458576,7.2326389693575,66.8022749032511,66.4842135470569,0.354806192694786,0,0,0,0
6.94,6.58,14.2710969899951,14.2033243474413,7.11701234474618,7.37429643458576,67.518364614328,66.8022749032511,-0.525692826875712,0,0,0,1
6.52,6.94,14.4123703175632,14.2710969899951,7.31382630730764,7.11701234474618,67.9355278496224,67.518364614328,0.853238759669049,0,0,0,-1
6.78,6.52,13.8091278824097,14.4123703175632,7.33658678088655,7.31382630730764,68.7312590143379,67.9355278496224,0.223469131078785,0,0,0,0
7.15000000000001,6.78,14.1940581424951,13.8091278824097,6.94711934876271,7.33658678088655,69.6945317009835,68.7312590143379,-0.955130924869447,0,0,0,0
6.87000000000001,7.15000000000001,14.0445989552135,14.1940581424951,7.56642354608279,6.94711934876271,70.0118868728607,69.6945317009835,0.0285164784650451,0,0,0,0
6.98999999999999,6.87000000000001,13.9446498363895,14.0445989552135,7.69842404986679,7.56642354608279,70.6921237724406,70.0118868728607,0.496396877265354,0,0,0,0
7.87000000000001,6.98999999999999,14.0111315416673,13.9446498363895,7.70521775086174,7.69842404986679,71.1180657112955,70.6921237724406,-0.146076127954611,0,0,0,0
8.28,7.87000000000001,13.9312540549173,14.0111315416673,7.93171884041893,7.70521775086174,71.5768004278244,71.1180657112955,0.541858599931217,0,0,0,0
9.18000000000001,8.28,13.748527507476,13.9312540549173,7.67556879725657,7.93171884041893,71.4903530650143,71.5768004278244,-0.624837717399792,0,0,0,0
8.76000000000001,9.18000000000001,13.7576387899094,13.748527507476,7.64203036038471,7.67556879725657,71.6133513923843,71.4903530650143,5.29167397660498,0,0,0,-1
9.76000000000001,8.76000000000001,13.1976862833506,13.7576387899094,8.19489178088369,7.64203036038471,71.6965071400664,71.6133513923843,-3.44916572281051,0,0,0,0
9.78,9.76000000000001,13.502382969515,13.1976862833506,8.21571657037808,8.19489178088369,72.0453377916241,71.6965071400664,-2.73710325735289,0,0,0,1
17.6,9.78,14.4158977559892,13.502382969515,8.12633241880598,8.21571657037808,71.1909615084962,72.0453377916241,-1.87338904480528,0,0,0,0
18.31,17.6,14.2520482329986,14.4158977559892,8.83437990698555,8.12633241880598,69.4495408549601,71.1909615084962,2.73143325452513,0,0,0,0
17.75,18.31,14.3586332436123,14.2520482329986,6.71899171605419,8.83437990698555,68.2862602395406,69.4495408549601,-0.724260211531156,0,0,0,0
16.68,17.75,15.0378792264069,14.3586332436123,6.39530629519618,6.71899171605419,67.3416188847937,68.2862602395406,2.8657128594502,0,0,0,0
15.99,16.68,14.7804632451851,15.0378792264069,7.00692533073235,6.39530629519618,66.9916435720763,67.3416188847937,-0.506434658915303,0,0,0,1
15.61,15.99,14.8290859999481,14.7804632451851,6.708557260589,7.00692533073235,66.6716602445957,66.9916435720763,-0.921732476157693,0,0,0,-1
15,15.61,14.8419006465937,14.8290859999481,6.90777497918798,6.708557260589,66.8525981925167,66.6716602445957,-0.176982568817097,0,0,0,0
14.47,15,14.724707736186,14.8419006465937,7.5915660650989,6.90777497918798,66.1881686692822,66.8525981925167,-0.00987692322549982,0,0,0,0
13.17,14.47,14.9470009417361,14.724707736186,7.39182956939145,7.5915660650989,65.864352698664,66.1881686692822,-2.08697942896877,0,0,0,0
13.5,13.17,14.6900357458816,14.9470009417361,7.07187161875532,7.39182956939145,65.8718658104548,65.864352698664,1.48234527551285,0,0,0,1
13.21,13.5,14.8634810705836,14.6900357458816,8.46125879322659,7.07187161875532,66.8301108697451,65.8718658104548,-0.0858261368690396,0,0,0,-1
12.64,13.21,14.702579051379,14.8634810705836,8.33045450086181,8.46125879322659,66.2957445760885,66.8301108697451,0.0855621893392779,0,0,0,0
4.79000000000001,12.64,14.5160345138983,14.702579051379,8.53224026138529,8.33045450086181,66.4314319117603,66.2957445760885,-0.0694924849490306,0,0,0,0
4.09999999999999,4.79000000000001,14.4023643826028,14.5160345138983,8.50109169902662,8.53224026138529,66.0056193479125,66.4314319117603,-0.0150522367082608,0,0,0,1
4.15000000000001,4.09999999999999,13.7123373205142,14.4023643826028,8.57992692290367,8.50109169902662,66.3405524899513,66.0056193479125,0.757592946502786,0,0,0,-1
4.73999999999999,4.15000000000001,13.7299775540392,13.7123373205142,8.73746109416314,8.57992692290367,66.6945635640024,66.3405524899513,2.4972290169703,0,0,0,0
5.45,4.73999999999999,13.4307286763703,13.7299775540392,8.36814336271097,8.73746109416314,65.9509217893279,66.6945635640024,-1.84168907065787,0,0,0,0
5.37000000000001,5.45,13.3180304356764,13.4307286763703,7.94285296920394,8.36814336271097,67.1723940532282,65.9509217893279,0.850895361256956,0,0,0,0
6.29000000000001,5.37000000000001,13.2135682700285,13.3180304356764,7.97517022749714,7.94285296920394,68.332944443162,67.1723940532282,-3.24247020059627,0,0,0,0
6.40000000000001,6.29000000000001,12.9663146561447,13.2135682700285,8.64603459866077,7.97517022749714,69.7357110603877,68.332944443162,2.21008655524883,0,0,0,0
7.33,6.40000000000001,12.9947889112168,12.9663146561447,8.30873504227295,8.64603459866077,69.7051653434036,69.7357110603877,-2.2378425154308,0,0,0,1
7.45999999999999,7.33,13.0345794592661,12.9947889112168,8.17376661684547,8.30873504227295,67.8180329258758,69.7051653434036,1.51933748883128,0,0,0,-1
7,7.45999999999999,13.1252299361073,13.0345794592661,8.97347587838692,8.17376661684547,70.5216481827407,67.8180329258758,-0.0387339306838328,0,0,0,0
7.04000000000001,7,13.0031850319636,13.1252299361073,10.1479612480063,8.97347587838692,69.8160644971523,70.5216481827407,-1.74209617894006,0,0,0,0
6.64,7.04000000000001,12.9063956461354,13.0031850319636,8.57117025936765,10.1479612480063,69.7450931165756,69.8160644971523,1.37820301786078,0,0,0,0
6.34,6.64,12.8960805455674,12.9063956461354,8.23738825210922,8.57117025936765,66.8799333671374,69.7450931165756,-0.147723243239266,0,0,0,0
6.90000000000001,6.34,12.5136594744039,12.8960805455674,8.12421772863365,8.23738825210922,67.0083240346195,66.8799333671374,1.99752624521402,0,0,0,0
7.18000000000001,6.90000000000001,12.5693002484491,12.5136594744039,7.31317869151916,8.12421772863365,67.8455736825702,67.0083240346195,-3.32207411321289,0,0,0,1
8.34999999999999,7.18000000000001,11.6012540630535,12.5693002484491,10.3873708143894,7.31317869151916,66.8764114073148,67.8455736825702,2.57929124483088,0,0,0,-1
8.78,8.34999999999999,11.574321876434,11.6012540630535,9.27248715582286,10.3873708143894,66.6020514548688,66.8764114073148,1.37150917776396,0,0,0,0
8.14,8.78,11.5734641624493,11.574321876434,8.9625850675325,9.27248715582286,66.1278022421433,66.6020514548688,-1.69837436785221,0,0,0,0
8.36,8.14,11.3989532975363,11.5734641624493,9.59127567071886,8.9625850675325,66.8391676837801,66.1278022421433,-0.0926841374253904,0,0,0,0
8.47,8.36,11.5567402219566,11.3989532975363,9.10274923662548,9.59127567071886,63.3788861193284,66.8391676837801,0.0683155196827663,0,0,0,0
9.42,8.47,12.2184276061078,11.5567402219566,8.83437863115041,9.10274923662548,61.2673173141854,63.3788861193284,0.0971594068581645,0,0,0,1
9.95,9.42,12.2028675094666,12.2184276061078,9.24296182018492,8.83437863115041,60.3385322544713,61.2673173141854,0.167552665291165,0,0,0,-1
10.1,9.95,12.4934149010386,12.2028675094666,8.25383159455214,9.24296182018492,59.0784918286759,60.3385322544713,-0.199229542945385,0,0,0,0
10.87,10.1,12.7718656153773,12.4934149010386,8.23626971034248,8.25383159455214,58.172911433476,59.0784918286759,0.230801283085562,0,0,0,0
11.46,10.87,12.6949426921214,12.7718656153773,7.74089829628581,8.23626971034248,56.5582626339097,58.172911433476,-0.910546663580597,0,0,0,0
11.35,11.46,12.7488012430122,12.6949426921214,7.91301292250278,7.74089829628581,55.8904320966492,56.5582626339097,-1.10175622401147,0,0,0,0
10.98,11.35,13.1849230401531,12.7488012430122,8.41776281015935,7.91301292250278,54.8879048537022,55.8904320966492,1.65838241362351,0,0,0,0
9.7,10.98,12.3391312919569,13.1849230401531,7.91807536983799,8.41776281015935,54.0328539537209,54.8879048537022,-0.694869746936615,0,0,0,0
8.92,9.7,12.3633372729774,12.3391312919569,7.95331149478316,7.91807536983799,54.05908615033,54.0328539537209,0.241865546751328,0,0,0,1
9.48,8.92,12.3768628104257,12.3633372729774,8.53152000905175,7.95331149478316,53.6656282925294,54.05908615033,0.47542100114168,0,0,0,-1
5.2,0,13.5350422422514,0,10.1644132142597,0,42.7007291990778,0,-0.233318385153751,0,0,0,0
5.16,5.2,13.5177399731061,13.5350422422514,10.4225939875385,10.1644132142597,43.1507283672883,42.7007291990778,0.0463141473731241,0,0,0,0
5.20999999999999,5.16,13.439670431954,13.5177399731061,10.6077751724833,10.4225939875385,44.6403981079983,43.1507283672883,-0.35785203631988,0,0,0,0
5.16,5.20999999999999,13.3969181707247,13.439670431954,10.6449515274635,10.6077751724833,45.1144386147698,44.6403981079983,-0.084639006412992,0,0,0,1
4.78,5.16,13.1542883802571,13.3969181707247,10.3666163690297,10.6449515274635,45.6050387171994,45.1144386147698,0.224833048530936,0,0,0,-1
4.98999999999999,4.78,13.3727383956446,13.1542883802571,10.2634186144197,10.3666163690297,46.3662872331715,45.6050387171994,-0.0873685308722294,0,0,0,0
5.20999999999999,4.98999999999999,13.5216509337088,13.3727383956446,9.98523819000168,10.2634186144197,46.9395197341162,46.3662872331715,-0.544289851517746,0,0,0,0
4.26000000000001,5.20999999999999,13.6822379798672,13.5216509337088,9.69635688551468,9.98523819000168,47.5728486354262,46.9395197341162,0.234458260675932,0,0,0,0
4.22,4.26000000000001,13.5421705910197,13.6822379798672,9.35547832927891,9.69635688551468,48.9463554537531,47.5728486354262,0.604131732419482,0,0,0,0
4.34999999999999,4.22,13.5776633639635,13.5421705910197,9.27407359100679,9.35547832927891,49.3608066941876,48.9463554537531,0.224298545394849,0,0,0,0
4.22,4.34999999999999,13.4585229906271,13.5776633639635,8.91300616372551,9.27407359100679,49.1239811639275,49.3608066941876,-0.172903457899903,0,0,0,0
3.33,4.22,13.4522141624601,13.4585229906271,7.5259401833929,8.91300616372551,47.4069690607876,49.1239811639275,-0.295709351634354,0,0,0,-1
3.29000000000001,3.33,13.5629873084677,13.4522141624601,7.27788699540174,7.5259401833929,47.7242607263582,47.4069690607876,-0.119794702308202,0,0,0,0
3.16,3.29000000000001,13.369323842733,13.5629873084677,7.90953272770689,7.27788699540174,48.2164846297973,47.7242607263582,0.292313451931442,0,0,0,1
3.87,3.16,14.2115790384822,13.369323842733,8.08521892101325,7.90953272770689,47.6476474519274,48.2164846297973,-1.92325516729135,0,0,0,0
3.61,3.87,14.1704103017183,14.2115790384822,7.13217304884013,8.08521892101325,47.7577966163114,47.6476474519274,0.637065780499267,0,0,0,0
3.83,3.61,14.2975188939724,14.1704103017183,7.00767492857642,7.13217304884013,47.9607200939951,47.7577966163114,0.0708645063531286,0,0,0,-1
4.05,3.83,14.1873538257406,14.2975188939724,6.90115347179627,7.00767492857642,48.4591008181099,47.9607200939951,-0.442791343315005,0,0,0,1
3.64,4.05,14.0542506529038,14.1873538257406,7.03601689735445,6.90115347179627,49.6334530358265,48.4591008181099,-0.122485714305558,0,0,0,0
3.66,3.64,14.2561532259675,14.0542506529038,7.16497339008565,7.03601689735445,50.5274628460007,49.6334530358265,-0.34995749061331,0,0,0,0
4.33,3.66,13.6416481906482,14.2561532259675,7.05523521086848,7.16497339008565,51.0360082227619,50.5274628460007,4.79853379400944,0,0,0,0
4.34,4.33,13.7736505171081,13.6416481906482,7.03612799029786,7.05523521086848,51.3101089772056,51.0360082227619,-3.14136377945639,0,0,0,0
4.90000000000001,4.34,13.8183040820196,13.7736505171081,6.91706861069804,7.03612799029786,51.66169739799,51.3101089772056,-0.558636367477391,0,0,0,0
4.62000000000001,4.90000000000001,13.8334635492781,13.8183040820196,6.98962261815459,6.91706861069804,52.5206157306276,51.66169739799,0.0136584634519359,0,0,0,0
4.78,4.62000000000001,13.8094816341788,13.8334635492781,7.09690713108929,6.98962261815459,53.0124458251658,52.5206157306276,0.354806192694786,0,0,0,0
5.09999999999999,4.78,13.92085846212,13.8094816341788,6.90127434807964,7.09690713108929,53.6486446239035,53.0124458251658,-0.525692826875712,0,0,0,1
4.68000000000001,5.09999999999999,14.0433041475049,13.92085846212,7.14219076190047,6.90127434807964,55.4759377117579,53.6486446239035,0.853238759669049,0,0,0,-1
5.03,4.68000000000001,13.4621424754873,14.0433041475049,7.03149181815361,7.14219076190047,56.2941411513724,55.4759377117579,0.223469131078785,0,0,0,0
5.09,5.03,13.9325701423838,13.4621424754873,6.70607904140559,7.03149181815361,57.0355565395859,56.2941411513724,-0.955130924869447,0,0,0,0
5.33,5.09,13.7536549378536,13.9325701423838,7.08779972088838,6.70607904140559,58.7686750193496,57.0355565395859,0.0285164784650451,0,0,0,0
5.84,5.33,13.648600491474,13.7536549378536,7.12114451141982,7.08779972088838,59.2667474068367,58.7686750193496,0.496396877265354,0,0,0,0
5.92,5.84,13.7242938790465,13.648600491474,7.05244625598057,7.12114451141982,59.7562863216533,59.2667474068367,-0.146076127954611,0,0,0,0
5.98999999999999,5.92,13.6713362009315,13.7242938790465,6.80233612112567,7.05244625598057,57.8555364114937,59.7562863216533,0.541858599931217,0,0,0,0
6.48999999999999,5.98999999999999,13.4863215171353,13.6713362009315,6.72588022165629,6.80233612112567,57.3299715556533,57.8555364114937,-0.624837717399792,0,0,0,0
6.23999999999999,6.48999999999999,13.427700277122,13.4863215171353,6.72531574711093,6.72588022165629,57.0690816377033,57.3299715556533,5.29167397660498,0,0,0,-1
7.09,6.23999999999999,12.8564111310052,13.427700277122,6.89319467071963,6.72531574711093,59.1228454055073,57.0690816377033,-3.44916572281051,0,0,0,0
7.14,7.09,13.2307833327621,12.8564111310052,7.26626335791286,6.89319467071963,59.698393464346,59.1228454055073,-2.73710325735289,0,0,0,1
14.36,7.14,14.1465187054663,13.2307833327621,6.96024560955383,7.26626335791286,59.7297733099431,59.698393464346,-1.87338904480528,0,0,0,0
15.14,14.36,13.8834040963381,14.1465187054663,5.34143261973131,6.96024560955383,58.8451005754967,59.7297733099431,2.73143325452513,0,0,0,0
14.41,15.14,13.9380988529916,13.8834040963381,4.94039174840039,5.34143261973131,58.5287576343321,58.8451005754967,-0.724260211531156,0,0,0,0
13.83,14.41,14.6157578735737,13.9380988529916,6.31333401981998,4.94039174840039,58.5553064902086,58.5287576343321,2.8657128594502,0,0,0,0
13.36,13.83,14.3314634878516,14.6157578735737,6.68480757804836,6.31333401981998,57.3082793784279,58.5553064902086,-0.506434658915303,0,0,0,1
12.05,13.36,14.3644926078665,14.3314634878516,6.24379447710495,6.68480757804836,57.8734474091374,57.3082793784279,-0.921732476157693,0,0,0,-1
11.62,12.05,14.3390862195644,14.3644926078665,6.53458192166953,6.24379447710495,58.8271558019684,57.8734474091374,-0.176982568817097,0,0,0,0
10.85,11.62,14.2021810143086,14.3390862195644,7.16631035958588,6.53458192166953,59.8690739368699,58.8271558019684,-0.00987692322549982,0,0,0,0
10.64,10.85,14.4600524108199,14.2021810143086,6.73816106077458,7.16631035958588,60.2892787958075,59.8690739368699,-2.08697942896877,0,0,0,0
10.8,10.64,14.231844078118,14.4600524108199,6.90895268380388,6.73816106077458,60.2369674032643,60.2892787958075,1.48234527551285,0,0,0,1
9.73,10.8,14.3641163752492,14.231844078118,7.43217125660854,6.90895268380388,58.4728044110832,60.2369674032643,-0.0858261368690396,0,0,0,-1
8.92,9.73,14.1875825045358,14.3641163752492,7.47915206607626,7.43217125660854,58.5041075944103,58.4728044110832,0.0855621893392779,0,0,0,0
2.11,8.92,13.9858326861136,14.1875825045358,7.62409071761174,7.47915206607626,58.9293504571734,58.5041075944103,-0.0694924849490306,0,0,0,0
0.870000000000005,2.11,13.8287188618321,13.9858326861136,7.74527628732285,7.62409071761174,61.4988164679247,58.9293504571734,-0.0150522367082608,0,0,0,1
1.38,0.870000000000005,13.2030647421301,13.8287188618321,7.39758138443574,7.74527628732285,61.9072482565166,61.4988164679247,0.757592946502786,0,0,0,-1
1.67,1.38,13.2087158967738,13.2030647421301,7.45691606618769,7.39758138443574,62.6710034599917,61.9072482565166,2.4972290169703,0,0,0,0
2.11,1.67,12.9378245511866,13.2087158967738,7.51811381299511,7.45691606618769,61.3689361326454,62.6710034599917,-1.84168907065787,0,0,0,0
3.41,2.11,12.8225376873726,12.9378245511866,7.37044070604311,7.51811381299511,62.5272592745033,61.3689361326454,0.850895361256956,0,0,0,0
4.98999999999999,3.41,12.7592063041786,12.8225376873726,7.01393331918418,7.37044070604311,63.7302743844887,62.5272592745033,-3.24247020059627,0,0,0,0
5.81999999999999,4.98999999999999,12.5486381656491,12.7592063041786,7.45691633738148,7.01393331918418,66.768643654826,63.7302743844887,2.21008655524883,0,0,0,0
6.67,5.81999999999999,12.6244738745654,12.5486381656491,7.41124292013738,7.45691633738148,66.9184832762937,66.768643654826,-2.2378425154308,0,0,0,1
6.84,6.67,12.6341425995502,12.6244738745654,6.67316340313967,7.41124292013738,65.8365038183645,66.9184832762937,1.51933748883128,0,0,0,-1
7.31999999999999,6.84,12.7665121088326,12.6341425995502,6.70356413808758,6.67316340313967,65.4255418016355,65.8365038183645,-0.0387339306838328,0,0,0,0
8.17,7.31999999999999,12.6416943080709,12.7665121088326,7.8698535235358,6.70356413808758,65.221265372961,65.4255418016355,-1.74209617894006,0,0,0,0
7.91,8.17,12.5637612128815,12.6416943080709,7.14504806256387,7.8698535235358,65.3358939182571,65.221265372961,1.37820301786078,0,0,0,0
8.47,7.91,12.5436282503926,12.5637612128815,6.92649142673172,7.14504806256387,63.3047672151189,65.3358939182571,-0.147723243239266,0,0,0,0
8.59,8.47,12.1920960721107,12.5436282503926,6.60035934599097,6.92649142673172,63.4429889971287,63.3047672151189,1.99752624521402,0,0,0,0
8.7,8.59,12.2844306853424,12.1920960721107,6.44336823368092,6.60035934599097,64.1250080133787,63.4429889971287,-3.32207411321289,0,0,0,1
9.09,8.7,11.2843104141748,12.2844306853424,7.33978247693266,6.44336823368092,61.8985456893304,64.1250080133787,2.57929124483088,0,0,0,-1
8.67,9.09,11.2430503516387,11.2843104141748,6.91740489209279,7.33978247693266,61.9260573242132,61.8985456893304,1.37150917776396,0,0,0,0
8,8.67,11.235012072568,11.2430503516387,6.91885302907409,6.91740489209279,61.1234780885711,61.9260573242132,-1.69837436785221,0,0,0,0
8.45,8,11.105000344406,11.235012072568,7.34592064545082,6.91885302907409,61.6304584169872,61.1234780885711,-0.0926841374253904,0,0,0,0
7.98999999999999,8.45,11.2424800549405,11.105000344406,5.44964808480092,7.34592064545082,59.2390291812548,61.6304584169872,0.0683155196827663,0,0,0,0
7.36,7.98999999999999,11.9354590801318,11.2424800549405,5.91363418316091,5.44964808480092,57.2178625146756,59.2390291812548,0.0971594068581645,0,0,0,1
8.48999999999999,7.36,11.9412963848724,11.9354590801318,5.82250563211683,5.91363418316091,57.498109946803,57.2178625146756,0.167552665291165,0,0,0,-1
8.33,8.48999999999999,12.2195137844315,11.9412963848724,5.7296383447317,5.82250563211683,56.6895221454983,57.498109946803,-0.199229542945385,0,0,0,0
8.64,8.33,12.4929166738598,12.2195137844315,5.75097368566165,5.7296383447317,56.0988243094895,56.6895221454983,0.230801283085562,0,0,0,0
8.41,8.64,12.4534537029821,12.4929166738598,5.20117250204422,5.75097368566165,54.044957395725,56.0988243094895,-0.910546663580597,0,0,0,0
7.8,8.41,12.5844766791261,12.4534537029821,5.34034685209767,5.20117250204422,53.6198126160481,54.044957395725,-1.10175622401147,0,0,0,0
7.39,7.8,12.9814107004951,12.5844766791261,5.34763547938154,5.34034685209767,53.0677632871816,53.6198126160481,1.65838241362351,0,0,0,0
7.17,7.39,12.1495663121971,12.9814107004951,4.97462676782444,5.34763547938154,52.1255559838536,53.0677632871816,-0.694869746936615,0,0,0,0
7.08,7.17,12.2000521420513,12.1495663121971,5.26889577473386,4.97462676782444,52.2405286402683,52.1255559838536,0.241865546751328,0,0,0,1
6.81999999999999,7.08,12.2591745020461,12.2000521420513,6.03669177365337,5.26889577473386,52.068389572228,52.2405286402683,0.47542100114168,0,0,0,-1
4.23,0,14.0863721950755,0,10.2879907859721,0,48.3476854540728,0,-0.233318385153751,-0.233318385153751,0,0,0
4.17,4.23,14.141125263334,14.0863721950755,10.5047754394348,10.2879907859721,49.0155653241908,48.3476854540728,0.0463141473731241,0.0463141473731241,0,0,0
4.25,4.17,13.9305673443227,14.141125263334,10.6820708939045,10.5047754394348,49.5707764155976,49.0155653241908,-0.35785203631988,-0.35785203631988,0,0,0
4.14,4.25,13.8621069861949,13.9305673443227,10.6174426136831,10.6820708939045,49.9890207006891,49.5707764155976,-0.084639006412992,-0.084639006412992,0,0,1
3.94,4.14,13.6849836963273,13.8621069861949,10.4766960193053,10.6174426136831,50.2711589070688,49.9890207006891,0.224833048530936,0.224833048530936,0,0,-1
3.95999999999999,3.94,13.8143688598371,13.6849836963273,10.3361261509349,10.4766960193053,50.5369207058494,50.2711589070688,-0.0873685308722294,-0.0873685308722294,0,0,0
3.73,3.95999999999999,13.9991200410376,13.8143688598371,10.0810988422501,10.3361261509349,51.1822396296283,50.5369207058494,-0.544289851517746,-0.544289851517746,0,0,0
3.45999999999999,3.73,14.0936084201242,13.9991200410376,9.89014874147764,10.0810988422501,51.6107073756871,51.1822396296283,0.234458260675932,0.234458260675932,0,0,0
3.25,3.45999999999999,13.9997652860981,14.0936084201242,9.56809260545097,9.89014874147764,51.5713031823781,51.6107073756871,0.604131732419482,0.604131732419482,0,0,0
3.3,3.25,13.9891872873064,13.9997652860981,9.39704589406203,9.56809260545097,52.0007797558157,51.5713031823781,0.224298545394849,0.224298545394849,0,0,0
3.06,3.3,13.9349493500068,13.9891872873064,9.28734622338321,9.39704589406203,52.0209162798127,52.0007797558157,-0.172903457899903,-0.172903457899903,0,0,0
2.56,3.06,13.9370604300148,13.9349493500068,9.21985874104876,9.28734622338321,52.2923811595249,52.0209162798127,-0.295709351634354,-0.295709351634354,0,0,-1
2.29000000000001,2.56,14.0756996692118,13.9370604300148,9.13200398798299,9.21985874104876,52.5562847409185,52.2923811595249,-0.119794702308202,-0.119794702308202,0,0,0
2.63,2.29000000000001,13.8765793438667,14.0756996692118,8.97620042244634,9.13200398798299,52.8547080551154,52.5562847409185,0.292313451931442,0.292313451931442,0,0,1
3.12,2.63,14.5162594182469,13.8765793438667,8.79770049039196,8.97620042244634,52.6559382787807,52.8547080551154,-1.92325516729135,-1.92325516729135,0,0,0
3.27,3.12,14.4730627377745,14.5162594182469,8.07139568907755,8.79770049039196,52.644848640939,52.6559382787807,0.637065780499267,0.637065780499267,0,0,0
3.2,3.27,14.5428845951852,14.4730627377745,7.84922550968685,8.07139568907755,52.8989258199156,52.644848640939,0.0708645063531286,0.0708645063531286,0,0,-1
3.43000000000001,3.2,14.5537901753702,14.5428845951852,7.64997071511885,7.84922550968685,53.7148044101518,52.8989258199156,-0.442791343315005,-0.442791343315005,0,0,1
3.56999999999999,3.43000000000001,14.5072894487335,14.5537901753702,7.41908805585843,7.64997071511885,54.6397058227669,53.7148044101518,-0.122485714305558,-0.122485714305558,0,0,0
3.65000000000001,3.56999999999999,14.6741760882633,14.5072894487335,7.52618427057302,7.41908805585843,55.3690765591269,54.6397058227669,-0.34995749061331,-0.34995749061331,0,0,0
4.05,3.65000000000001,14.1735095501267,14.6741760882633,7.53011322316996,7.52618427057302,56.2483550374743,55.3690765591269,4.79853379400944,4.79853379400944,0,0,0
4.28,4.05,14.3232261411717,14.1735095501267,7.60311387754632,7.53011322316996,56.3102871811757,56.2483550374743,-3.14136377945639,-3.14136377945639,0,0,0
4.56,4.28,14.3164246945141,14.3232261411717,7.46575097377338,7.60311387754632,56.727547210571,56.3102871811757,-0.558636367477391,-0.558636367477391,0,0,0
4.54000000000001,4.56,14.285495158734,14.3164246945141,7.4107902719003,7.46575097377338,57.1906605366601,56.727547210571,0.0136584634519359,0.0136584634519359,0,0,0
5.19,4.54000000000001,14.2946153275642,14.285495158734,7.39915804424541,7.4107902719003,57.6337510639025,57.1906605366601,0.354806192694786,0.354806192694786,0,0,0
5.53,5.19,14.3355960930237,14.2946153275642,7.3297521605206,7.39915804424541,58.5539172561853,57.6337510639025,-0.525692826875712,-0.525692826875712,0,0,1
5.17,5.53,14.3273030608648,14.3355960930237,7.53736606635814,7.3297521605206,58.7302881747087,58.5539172561853,0.853238759669049,0.853238759669049,0,0,-1
5.34,5.17,13.8900084506716,14.3273030608648,7.41257547210627,7.53736606635814,59.3837696638704,58.7302881747087,0.223469131078785,0.223469131078785,0,0,0
5.52,5.34,14.2885493206038,13.8900084506716,7.05673152872039,7.41257547210627,60.1086127555365,59.3837696638704,-0.955130924869447,-0.955130924869447,0,0,0
5.44,5.52,14.1414481493782,14.2885493206038,7.70945448586237,7.05673152872039,60.2213907388936,60.1086127555365,0.0285164784650451,0.0285164784650451,0,0,0
5.31,5.44,14.0392749821651,14.1414481493782,7.89262930762518,7.70945448586237,60.6864581096117,60.2213907388936,0.496396877265354,0.496396877265354,0,0,0
6.14,5.31,13.9991270980918,14.0392749821651,7.95987064759724,7.89262930762518,60.9588821448294,60.6864581096117,-0.146076127954611,-0.146076127954611,0,0,0
6.62000000000001,6.14,14.0133884811099,13.9991270980918,7.92109597483846,7.95987064759724,61.366216785598,60.9588821448294,0.541858599931217,0.541858599931217,0,0,0
6.93000000000001,6.62000000000001,13.886505975146,14.0133884811099,8.00372586996014,7.92109597483846,60.7606014206956,61.366216785598,-0.624837717399792,-0.624837717399792,0,0,0
6.66,6.93000000000001,13.8609394561999,13.886505975146,7.94765261710789,8.00372586996014,60.4694859904492,60.7606014206956,5.29167397660498,5.29167397660498,0,0,-1
7.28,6.66,13.3739351847509,13.8609394561999,8.36775281067919,7.94765261710789,64.2102560833499,60.4694859904492,-3.44916572281051,-3.44916572281051,0,0,0
6.92,7.28,13.9178234956533,13.3739351847509,8.46582333621572,8.36775281067919,64.5784028425526,64.2102560833499,-2.73710325735289,-2.73710325735289,0,0,1
13.04,6.92,14.7645083051039,13.9178234956533,8.51739146327639,8.46582333621572,63.2724647616511,64.5784028425526,-1.87338904480528,-1.87338904480528,0,0,0
14.63,13.04,14.5635811738501,14.7645083051039,8.64546884840374,8.51739146327639,60.2362775882407,63.2724647616511,2.73143325452513,2.73143325452513,0,0,0
14.13,14.63,14.6508290943307,14.5635811738501,8.15223673998225,8.64546884840374,59.1937663239871,60.2362775882407,-0.724260211531156,-0.724260211531156,0,0,0
13.78,14.13,15.268578103126,14.6508290943307,7.81559673551708,8.15223673998225,58.6186517703092,59.1937663239871,2.8657128594502,2.8657128594502,0,0,0
12.91,13.78,15.0491363337977,15.268578103126,7.95521537566592,7.81559673551708,57.8896730154153,58.6186517703092,-0.506434658915303,-0.506434658915303,0,0,1
11.98,12.91,15.1051384513785,15.0491363337977,7.87423542715113,7.95521537566592,57.8135321767769,57.8896730154153,-0.921732476157693,-0.921732476157693,0,0,-1
11.09,11.98,15.0891997357164,15.1051384513785,7.64819776941885,7.87423542715113,58.0765049426231,57.8135321767769,-0.176982568817097,-0.176982568817097,0,0,0
10.51,11.09,15.0497729333297,15.0891997357164,7.93982561907645,7.64819776941885,58.0352834322008,58.0765049426231,-0.00987692322549982,-0.00987692322549982,0,0,0
10.02,10.51,15.2087015067045,15.0497729333297,8.12970637880661,7.93982561907645,57.9919355187085,58.0352834322008,-2.08697942896877,-2.08697942896877,0,0,0
10.37,10.02,15.0065661892933,15.2087015067045,7.64047487661305,8.12970637880661,57.7792397715679,57.9919355187085,1.48234527551285,1.48234527551285,0,0,1
10.07,10.37,15.1992356864909,15.0065661892933,8.90177835511286,7.64047487661305,57.4809894529398,57.7792397715679,-0.0858261368690396,-0.0858261368690396,0,0,-1
10.19,10.07,15.0524311428601,15.1992356864909,9.00825208100035,8.90177835511286,57.3422567017791,57.4809894529398,0.0855621893392779,0.0855621893392779,0,0,0
3.61,10.19,14.8807629458992,15.0524311428601,8.79595685184033,9.00825208100035,57.9832722792984,57.3422567017791,-0.0694924849490306,-0.0694924849490306,0,0,0
2.19,3.61,14.7329543998301,14.8807629458992,8.94604676206444,8.79595685184033,56.7886796271324,57.9832722792984,-0.0150522367082608,-0.0150522367082608,0,0,1
2.68000000000001,2.19,14.1922663778088,14.7329543998301,8.88582136030579,8.94604676206444,57.2561690180033,56.7886796271324,0.757592946502786,0.757592946502786,0,0,-1
3.06999999999999,2.68000000000001,14.1624225060825,14.1922663778088,8.91438167769724,8.88582136030579,57.7811768355327,57.2561690180033,2.4972290169703,2.4972290169703,0,0,0
4.08,3.06999999999999,13.8790030426959,14.1624225060825,8.78723331775606,8.91438167769724,57.9731054716799,57.7811768355327,-1.84168907065787,-1.84168907065787,0,0,0
5.37000000000001,4.08,13.7912616540224,13.8790030426959,8.47866415759083,8.78723331775606,59.2686004497147,57.9731054716799,0.850895361256956,0.850895361256956,0,0,0
5.98999999999999,5.37000000000001,13.648684142478,13.7912616540224,8.42920567680655,8.47866415759083,60.4062410695622,59.2686004497147,-3.24247020059627,-3.24247020059627,0,0,0
6.62000000000001,5.98999999999999,13.4341286115278,13.648684142478,8.95311718667867,8.42920567680655,61.3323353442054,60.4062410695622,2.21008655524883,2.21008655524883,0,0,0
7.29000000000001,6.62000000000001,13.4424210256709,13.4341286115278,8.79962413914407,8.95311718667867,61.5591959161265,61.3323353442054,-2.2378425154308,-2.2378425154308,0,0,1
7.31,7.29000000000001,13.4480339439553,13.4424210256709,8.85505835877387,8.79962413914407,60.8062247562883,61.5591959161265,1.51933748883128,1.51933748883128,0,0,-1
7.68000000000001,7.31,13.4927640611619,13.4480339439553,9.7114033429348,8.85505835877387,59.900479926129,60.8062247562883,-0.0387339306838328,-0.0387339306838328,0,0,0
7.73999999999999,7.68000000000001,13.3649131592295,13.4927640611619,10.3228206339185,9.7114033429348,59.3519684730492,59.900479926129,-1.74209617894006,-1.74209617894006,0,0,0
7.98999999999999,7.73999999999999,13.2730510689229,13.3649131592295,9.20515922721009,10.3228206339185,59.4109125220222,59.3519684730492,1.37820301786078,1.37820301786078,0,0,0
7.45,7.98999999999999,13.2251662037045,13.2730510689229,9.34327198859933,9.20515922721009,59.341373343354,59.4109125220222,-0.147723243239266,-0.147723243239266,0,0,0
7.20999999999999,7.45,12.8460049218183,13.2251662037045,8.88267731463676,9.34327198859933,59.3489817988858,59.341373343354,1.99752624521402,1.99752624521402,0,0,0
7.03,7.20999999999999,12.8751892401208,12.8460049218183,8.30316312719053,8.88267731463676,59.8968688504883,59.3489817988858,-3.32207411321289,-3.32207411321289,0,0,1
7.5,7.03,12.0353240243695,12.8751892401208,10.9958292892276,8.30316312719053,58.9839137624186,59.8968688504883,2.57929124483088,2.57929124483088,0,0,-1
7.45999999999999,7.5,12.0170127594818,12.0353240243695,10.8514500791683,10.9958292892276,58.8160572725224,58.9839137624186,1.37150917776396,1.37150917776396,0,0,0
7.73,7.45999999999999,12.0141404589449,12.0170127594818,10.3083533368366,10.8514500791683,58.006817534574,58.8160572725224,-1.69837436785221,-1.69837436785221,0,0,0
7.45999999999999,7.73,11.8420771268554,12.0141404589449,11.3740806043914,10.3083533368366,56.7743836624082,58.006817534574,-0.0926841374253904,-0.0926841374253904,0,0,0
8.26000000000001,7.45999999999999,11.9837866944666,11.8420771268554,10.4112191944131,11.3740806043914,54.5483202411036,56.7743836624082,0.0683155196827663,0.0683155196827663,0,0,0
8.62,8.26000000000001,12.5284174100251,11.9837866944666,9.85516769424562,10.4112191944131,52.8671481493364,54.5483202411036,0.0971594068581645,0.0971594068581645,0,0,1
8.83,8.62,12.5478094179624,12.5284174100251,9.18359774968861,9.85516769424562,52.2334190258818,52.8671481493364,0.167552665291165,0.167552665291165,0,0,-1
9.25,8.83,12.8358412044055,12.5478094179624,8.28648764091943,9.18359774968861,51.4373697394208,52.2334190258818,-0.199229542945385,-0.199229542945385,0,0,0
9.45,9.25,13.1043655286108,12.8358412044055,8.48391045408548,8.28648764091943,50.7831785438639,51.4373697394208,0.230801283085562,0.230801283085562,0,0,0
10.02,9.45,13.0229494997297,13.1043655286108,8.07115751762999,8.48391045408548,50.3192289104784,50.7831785438639,-0.910546663580597,-0.910546663580597,0,0,0
10.1,10.02,13.0528219313542,13.0229494997297,8.13772836110546,8.07115751762999,49.9027450476752,50.3192289104784,-1.10175622401147,-1.10175622401147,0,0,0
9.97,10.1,13.5235158868709,13.0528219313542,8.05210631580304,8.13772836110546,49.2568280575551,49.9027450476752,1.65838241362351,1.65838241362351,0,0,0
9.18000000000001,9.97,12.7104371398003,13.5235158868709,8.07708263651263,8.05210631580304,48.4069261527329,49.2568280575551,-0.694869746936615,-0.694869746936615,0,0,0
7.91,9.18000000000001,12.8533165453762,12.7104371398003,7.94794687938309,8.07708263651263,48.4322191595173,48.4069261527329,0.241865546751328,0.241865546751328,0,0,1
7.31,7.91,12.7297784816124,12.8533165453762,8.50189881833965,7.94794687938309,48.3495825199636,48.4322191595173,0.47542100114168,0.47542100114168,0,0,-1
5.48,0,13.8857223210698,0,10.0160447543853,0,67.4799192257258,0,-0.233318385153751,0,0,0,0
5.39,5.48,13.8672555033469,13.8857223210698,10.3088621032842,10.0160447543853,68.0827752137065,67.4799192257258,0.0463141473731241,0,0,0,0
5.66,5.39,13.8037533212968,13.8672555033469,10.4572679711313,10.3088621032842,71.0968953827453,68.0827752137065,-0.35785203631988,0,0,0,0
5.70999999999999,5.66,13.7614058118084,13.8037533212968,10.3163199180311,10.4572679711313,71.4255842344075,71.0968953827453,-0.084639006412992,0,0,0,1
4.91,5.70999999999999,13.4884265960817,13.7614058118084,10.0767084012569,10.3163199180311,71.6159515931451,71.4255842344075,0.224833048530936,0,0,0,-1
4.8,4.91,13.7217795263074,13.4884265960817,9.90386012228625,10.0767084012569,69.4068397941671,71.6159515931451,-0.0873685308722294,0,0,0,0
3.81999999999999,4.8,13.7982573910312,13.7217795263074,9.58433053330776,9.90386012228625,70.0393903018478,69.4068397941671,-0.544289851517746,0,0,0,0
3.27,3.81999999999999,13.9378625022431,13.7982573910312,9.31871824844088,9.58433053330776,70.6016264432506,70.0393903018478,0.234458260675932,0,0,0,0
3.3,3.27,13.8671495892879,13.9378625022431,8.99616167902276,9.31871824844088,70.4267320963843,70.6016264432506,0.604131732419482,0,0,0,0
2.62,3.3,13.9411459320002,13.8671495892879,9.04611623030142,8.99616167902276,69.9370036246379,70.4267320963843,0.224298545394849,0,0,0,0
2,2.62,13.8226951849145,13.9411459320002,8.8532615517161,9.04611623030142,69.8035966585974,69.9370036246379,-0.172903457899903,0,0,0,0
1.65000000000001,2,13.7797117911407,13.8226951849145,8.79884084071656,8.8532615517161,69.6345147846753,69.8035966585974,-0.295709351634354,0,0,0,-1
1.33,1.65000000000001,13.9096924920673,13.7797117911407,8.74645588725444,8.79884084071656,69.7047890796288,69.6345147846753,-0.119794702308202,0,0,0,0
1.53,1.33,13.6267115368509,13.9096924920673,8.61601561924177,8.74645588725444,70.2114829738028,69.7047890796288,0.292313451931442,0,0,0,1
2.41,1.53,14.4718020902302,13.6267115368509,7.93706017179385,8.61601561924177,72.2576005407374,70.2114829738028,-1.92325516729135,0,0,0,0
2.26000000000001,2.41,14.429967084951,14.4718020902302,6.77820981706377,7.93706017179385,71.9195302398859,72.2576005407374,0.637065780499267,0,0,0,0
2.78,2.26000000000001,14.5594240863081,14.429967084951,6.99713186851257,6.77820981706377,72.4535406101744,71.9195302398859,0.0708645063531286,0,0,0,-1
2.81,2.78,14.5560515145959,14.5594240863081,6.69985618467568,6.99713186851257,71.1847276859537,72.4535406101744,-0.442791343315005,0,0,0,1
3.25,2.81,14.4045721518751,14.5560515145959,6.67178488512034,6.69985618467568,72.0665452547046,71.1847276859537,-0.122485714305558,0,0,0,0
3.23999999999999,3.25,14.5842605513728,14.4045721518751,6.81884943210623,6.67178488512034,72.9969160562759,72.0665452547046,-0.34995749061331,0,0,0,0
3.81,3.23999999999999,13.939615476076,14.5842605513728,6.94880658719948,6.81884943210623,73.7602640519569,72.9969160562759,4.79853379400944,0,0,0,0
4.64,3.81,14.0998395523975,13.939615476076,6.99050848969029,6.94880658719948,74.1617650701848,73.7602640519569,-3.14136377945639,0,0,0,0
5.20999999999999,4.64,14.1201608858919,14.0998395523975,6.88764869306985,6.99050848969029,74.5734476805943,74.1617650701848,-0.558636367477391,0,0,0,0
5.81999999999999,5.20999999999999,14.1444842597308,14.1201608858919,6.81599550331315,6.88764869306985,74.6838457946587,74.5734476805943,0.0136584634519359,0,0,0,0
6.39,5.81999999999999,14.1139756193675,14.1444842597308,6.96526687203348,6.81599550331315,75.320227509928,74.6838457946587,0.354806192694786,0,0,0,0
6.48,6.39,14.1894032861895,14.1139756193675,6.92166170606441,6.96526687203348,76.0283214134121,75.320227509928,-0.525692826875712,0,0,0,1
5.48999999999999,6.48,14.3267912038372,14.1894032861895,6.94549751029261,6.92166170606441,77.8891076696127,76.0283214134121,0.853238759669049,0,0,0,-1
5.75,5.48999999999999,13.7039819751009,14.3267912038372,6.83705898066961,6.94549751029261,78.7000841032701,77.8891076696127,0.223469131078785,0,0,0,0
5.89,5.75,14.1010133943414,13.7039819751009,6.82160702431284,6.83705898066961,79.0259839496917,78.7000841032701,-0.955130924869447,0,0,0,0
5.73,5.89,13.936960951402,14.1010133943414,7.32661626575046,6.82160702431284,77.2631806218966,79.0259839496917,0.0285164784650451,0,0,0,0
6.42,5.73,13.8593282780707,13.936960951402,7.50879556462897,7.32661626575046,78.2281113050304,77.2631806218966,0.496396877265354,0,0,0,0
7.5,6.42,13.970102765261,13.8593282780707,7.44339183643308,7.50879556462897,78.5670796360255,78.2281113050304,-0.146076127954611,0,0,0,0
8.39,7.5,13.8876785608735,13.970102765261,7.37801771211783,7.44339183643308,81.0287096644965,78.5670796360255,0.541858599931217,0,0,0,0
8.53,8.39,13.7192504887783,13.8876785608735,7.38449737518279,7.37801771211783,80.5251384548862,81.0287096644965,-0.624837717399792,0,0,0,0
8.86,8.53,13.6943792045877,13.7192504887783,7.78443872611639,7.38449737518279,79.9193790089928,80.5251384548862,5.29167397660498,0,0,0,-1
9,8.86,13.1316866143875,13.6943792045877,7.74863021531292,7.78443872611639,82.9155127267561,79.9193790089928,-3.44916572281051,0,0,0,0
9.63,9,13.4246696186067,13.1316866143875,8.05254112011454,7.74863021531292,83.2627844221308,82.9155127267561,-2.73710325735289,0,0,0,1
18.09,9.63,14.3112438829438,13.4246696186067,7.69659068167522,8.05254112011454,82.3445548538747,83.2627844221308,-1.87338904480528,0,0,0,0
19.22,18.09,14.1420652348666,14.3112438829438,7.01033315805373,7.69659068167522,81.3017541643771,82.3445548538747,2.73143325452513,0,0,0,0
18.58,19.22,14.2332644945603,14.1420652348666,5.3434802330991,7.01033315805373,79.8783961357983,81.3017541643771,-0.724260211531156,0,0,0,0
17.55,18.58,14.8715017219159,14.2332644945603,5.99665826998529,5.3434802330991,78.8440335297952,79.8783961357983,2.8657128594502,0,0,0,0
16.72,17.55,14.6119840086646,14.8715017219159,6.88511812158208,5.99665826998529,74.2828618193081,78.8440335297952,-0.506434658915303,0,0,0,1
15.24,16.72,14.6490485225314,14.6119840086646,6.36457174786744,6.88511812158208,73.9205160487968,74.2828618193081,-0.921732476157693,0,0,0,-1
14.45,15.24,14.628209139304,14.6490485225314,6.38565153280376,6.36457174786744,74.163386198517,73.9205160487968,-0.176982568817097,0,0,0,0
12.81,14.45,14.4591921747118,14.628209139304,7.01095089639342,6.38565153280376,75.2025429277454,74.163386198517,-0.00987692322549982,0,0,0,0
12.36,12.81,14.6854897816628,14.4591921747118,7.04987923234629,7.01095089639342,75.1287851566595,75.2025429277454,-2.08697942896877,0,0,0,0
12.24,12.36,14.4151211094705,14.6854897816628,6.36012310741267,7.04987923234629,75.2240132919823,75.1287851566595,1.48234527551285,0,0,0,1
12.12,12.24,14.5558363489065,14.4151211094705,8.12739814335405,6.36012310741267,74.605763174658,75.2240132919823,-0.0858261368690396,0,0,0,-1
10.55,12.12,14.4043409275766,14.5558363489065,7.67945588539628,8.12739814335405,74.3240447071847,74.605763174658,0.0855621893392779,0,0,0,0
2.76000000000001,10.55,14.1892531741763,14.4043409275766,7.7950622088258,7.67945588539628,74.7953664409601,74.3240447071847,-0.0694924849490306,0,0,0,0
1.56,2.76000000000001,14.1299554668812,14.1892531741763,8.43576351697665,7.7950622088258,77.2362213559725,74.7953664409601,-0.0150522367082608,0,0,0,1
1.41,1.56,13.4450134399767,14.1299554668812,8.16304598594147,8.43576351697665,77.2256129847924,77.2362213559725,0.757592946502786,0,0,0,-1
2.05,1.41,13.4657940466239,13.4450134399767,8.2978077241176,8.16304598594147,77.4861042816609,77.2256129847924,2.4972290169703,0,0,0,0
3.58,2.05,13.172881094391,13.4657940466239,8.12974538447529,8.2978077241176,74.5508351095377,77.4861042816609,-1.84168907065787,0,0,0,0
4.69,3.58,13.0762712569867,13.172881094391,7.79818686047778,8.12974538447529,76.1250577096647,74.5508351095377,0.850895361256956,0,0,0,0
5.7,4.69,12.9881731543966,13.0762712569867,7.56056574381523,7.79818686047778,77.6507336185736,76.1250577096647,-3.24247020059627,0,0,0,0
6.75,5.7,12.7868717823088,12.9881731543966,8.32042665110142,7.56056574381523,77.6846691563641,77.6507336185736,2.21008655524883,0,0,0,0
7.11,6.75,12.8358971805093,12.7868717823088,8.15918143501265,8.32042665110142,77.5109831368517,77.6846691563641,-2.2378425154308,0,0,0,1
7.26000000000001,7.11,12.881537515681,12.8358971805093,7.60252678068412,8.15918143501265,76.1590637203631,77.5109831368517,1.51933748883128,0,0,0,-1
7.42,7.26000000000001,12.9637283045917,12.881537515681,8.68795959554255,7.60252678068412,76.1386854814354,76.1590637203631,-0.0387339306838328,0,0,0,0
8.45,7.42,12.8431705531915,12.9637283045917,9.38775482222065,8.68795959554255,75.5989797054843,76.1386854814354,-1.74209617894006,0,0,0,0
8.08,8.45,12.7630837098674,12.8431705531915,8.01342580329417,9.38775482222065,75.7297482905143,75.5989797054843,1.37820301786078,0,0,0,0
8.34,8.08,12.7492514788613,12.7630837098674,8.42358136932425,8.01342580329417,77.0403255532982,75.7297482905143,-0.147723243239266,0,0,0,0
8.92,8.34,12.3556456181286,12.7492514788613,7.79259280179361,8.42358136932425,76.9942325586939,77.0403255532982,1.99752624521402,0,0,0,0
9.54000000000001,8.92,12.427914253429,12.3556456181286,7.31926876105528,7.79259280179361,77.6072063803167,76.9942325586939,-3.32207411321289,0,0,0,1
9.37,9.54000000000001,11.4408696925599,12.427914253429,9.83833240310086,7.31926876105528,76.2492934610083,77.6072063803167,2.57929124483088,0,0,0,-1
9.59999999999999,9.37,11.411421655851,11.4408696925599,8.78421010924635,9.83833240310086,75.8071645554134,76.2492934610083,1.37150917776396,0,0,0,0
8.87,9.59999999999999,11.4286725270832,11.411421655851,9.03929678139444,8.78421010924635,74.940054085943,75.8071645554134,-1.69837436785221,0,0,0,0
9.22,8.87,11.2695216766859,11.4286725270832,9.7550901236871,9.03929678139444,75.6287485642672,74.940054085943,-0.0926841374253904,0,0,0,0
10.31,9.22,11.4262144007755,11.2695216766859,9.20796316400753,9.7550901236871,72.6290536533737,75.6287485642672,0.0683155196827663,0,0,0,0
11.04,10.31,12.1236358754354,11.4262144007755,8.67263135330166,9.20796316400753,70.2297985632212,72.6290536533737,0.0971594068581645,0,0,0,1
11.46,11.04,12.094047391824,12.1236358754354,8.64264442137126,8.67263135330166,68.0134271841358,70.2297985632212,0.167552665291165,0,0,0,-1
11.58,11.46,12.3817070047736,12.094047391824,7.83095112256142,8.64264442137126,67.0092699723359,68.0134271841358,-0.199229542945385,0,0,0,0
12.27,11.58,12.6658325633597,12.3817070047736,7.62574872689028,7.83095112256142,66.2148937351877,67.0092699723359,0.230801283085562,0,0,0,0
12.11,12.27,12.5853111478166,12.6658325633597,7.93347891116221,7.62574872689028,63.512377959885,66.2148937351877,-0.910546663580597,0,0,0,0
11.9,12.11,12.6549768310822,12.5853111478166,7.54813325442644,7.93347891116221,63.1514180307134,63.512377959885,-1.10175622401147,0,0,0,0
11.35,11.9,13.0932390337924,12.6549768310822,7.77495368876295,7.54813325442644,62.4203468377562,63.1514180307134,1.65838241362351,0,0,0,0
10.8,11.35,12.24019396342,13.0932390337924,7.77761770891549,7.77495368876295,61.4912884558291,62.4203468377562,-0.694869746936615,0,0,0,0
10.02,10.8,12.2566499397945,12.24019396342,8.31749142538745,7.77761770891549,61.6824619483316,61.4912884558291,0.241865546751328,0,0,0,1
10.17,10.02,12.321090169685,12.2566499397945,8.17944030118496,8.31749142538745,61.701849040545,61.6824619483316,0.47542100114168,0,0,0,-1
6.78,0,14.0159273400758,0,10.3699219939656,0,23.382557681649,0,-0.233318385153751,0,-0.233318385153751,0,0
7.62000000000001,6.78,14.0210367561243,14.0159273400758,10.8433152190042,10.3699219939656,23.6036296147596,23.382557681649,0.0463141473731241,0,0.0463141473731241,0,0
6.23,7.62000000000001,14.0823898135729,14.0210367561243,10.9972848588486,10.8433152190042,23.0571894256136,23.6036296147596,-0.35785203631988,0,-0.35785203631988,0,0
4.97,6.23,14.072476029532,14.0823898135729,10.7704302557412,10.9972848588486,23.6875682873157,23.0571894256136,-0.084639006412992,0,-0.084639006412992,0,1
4.55,4.97,13.7680831493278,14.072476029532,10.4235278133614,10.7704302557412,24.5632712065211,23.6875682873157,0.224833048530936,0,0.224833048530936,0,-1
4.66,4.55,14.1401631651108,13.7680831493278,10.3518115958504,10.4235278133614,25.4085217386882,24.5632712065211,-0.0873685308722294,0,-0.0873685308722294,0,0
5.23,4.66,14.290704850199,14.1401631651108,10.0864978758341,10.3518115958504,26.1553227879784,25.4085217386882,-0.544289851517746,0,-0.544289851517746,0,0
5.23,5.23,14.4696948866212,14.290704850199,9.88676859013438,10.0864978758341,26.7874780645622,26.1553227879784,0.234458260675932,0,0.234458260675932,0,0
4.77,5.23,14.3401417549762,14.4696948866212,9.64986064461806,9.88676859013438,27.1934556762891,26.7874780645622,0.604131732419482,0,0.604131732419482,0,0
4.25,4.77,14.2962284256607,14.3401417549762,9.4961327888382,9.64986064461806,27.2681578145437,27.1934556762891,0.224298545394849,0,0.224298545394849,0,0
3.78,4.25,14.1233112399617,14.2962284256607,9.01907359160993,9.4961327888382,26.7726509376742,27.2681578145437,-0.172903457899903,0,-0.172903457899903,0,0
2.73999999999999,3.78,13.7568295093889,14.1233112399617,9.30361113998611,9.01907359160993,26.8076269536989,26.7726509376742,-0.295709351634354,0,-0.295709351634354,0,-1
1.31999999999999,2.73999999999999,13.9309391438846,13.7568295093889,9.18555220193122,9.30361113998611,26.8674491954717,26.8076269536989,-0.119794702308202,0,-0.119794702308202,0,0
0.890000000000001,1.31999999999999,13.6216056133568,13.9309391438846,8.71424961248019,9.18555220193122,26.8699642493785,26.8674491954717,0.292313451931442,0,0.292313451931442,0,1
1.11,0.890000000000001,14.8703577594182,13.6216056133568,8.91850563808587,8.71424961248019,27.1990880166813,26.8699642493785,-1.92325516729135,0,-1.92325516729135,0,0
1.64,1.11,14.9539955089471,14.8703577594182,7.65418468817091,8.91850563808587,27.0284685830509,27.1990880166813,0.637065780499267,0,0.637065780499267,0,0
2.26000000000001,1.64,15.153579438844,14.9539955089471,7.46416539724062,7.65418468817091,27.3249855608451,27.0284685830509,0.0708645063531286,0,0.0708645063531286,0,-1
2.29000000000001,2.26000000000001,15.0526612435287,15.153579438844,7.21183549708675,7.46416539724062,27.0757505377181,27.3249855608451,-0.442791343315005,0,-0.442791343315005,0,1
2.34,2.29000000000001,14.8302128800162,15.0526612435287,7.50937841381686,7.21183549708675,27.9672750659261,27.0757505377181,-0.122485714305558,0,-0.122485714305558,0,0
1.99,2.34,14.9866481257918,14.8302128800162,7.47324241841566,7.50937841381686,28.5421581821415,27.9672750659261,-0.34995749061331,0,-0.34995749061331,0,0
2.09999999999999,1.99,14.1823786618217,14.9866481257918,6.97484372924191,7.47324241841566,29.2200599949177,28.5421581821415,4.79853379400944,0,4.79853379400944,0,0
1.88,2.09999999999999,14.4369632399653,14.1823786618217,6.10457618150701,6.97484372924191,29.4312493558881,29.2200599949177,-3.14136377945639,0,-3.14136377945639,0,0
1.91,1.88,14.4057432510286,14.4369632399653,6.07177375932794,6.10457618150701,28.7404841796602,29.4312493558881,-0.558636367477391,0,-0.558636367477391,0,0
2.7,1.91,14.5293948337897,14.4057432510286,4.97700065934862,6.07177375932794,29.1663536132308,28.7404841796602,0.0136584634519359,0,0.0136584634519359,0,0
2.48,2.7,14.4804196253619,14.5293948337897,5.45394959067707,4.97700065934862,29.1878937230412,29.1663536132308,0.354806192694786,0,0.354806192694786,0,0
1.95,2.48,14.5512247050955,14.4804196253619,6.1324799542104,5.45394959067707,29.5068574499647,29.1878937230412,-0.525692826875712,0,-0.525692826875712,0,1
1.94,1.95,14.9264880869374,14.5512247050955,5.78963021153664,6.1324799542104,28.7202021773896,29.5068574499647,0.853238759669049,0,0.853238759669049,0,-1
5.12000000000001,1.94,13.9771384759479,14.9264880869374,6.67601791373429,5.78963021153664,29.3539463391892,28.7202021773896,0.223469131078785,0,0.223469131078785,0,0
5.90000000000001,5.12000000000001,14.4038793239939,13.9771384759479,6.48367775449928,6.67601791373429,30.4044053598651,29.3539463391892,-0.955130924869447,0,-0.955130924869447,0,0
4.45999999999999,5.90000000000001,14.2038002423919,14.4038793239939,7.16295518089557,6.48367775449928,31.3177814641172,30.4044053598651,0.0285164784650451,0,0.0285164784650451,0,0
2.98999999999999,4.45999999999999,14.1211407306764,14.2038002423919,6.79965826908839,7.16295518089557,32.2182608099468,31.3177814641172,0.496396877265354,0,0.496396877265354,0,0
3.2,2.98999999999999,14.3538508090128,14.1211407306764,6.49612555245219,6.79965826908839,32.8482695673694,32.2182608099468,-0.146076127954611,0,-0.146076127954611,0,0
3.12,3.2,14.1549485592299,14.3538508090128,6.74124105276107,6.49612555245219,33.3704987402692,32.8482695673694,0.541858599931217,0,0.541858599931217,0,0
4.54000000000001,3.12,13.9795825145635,14.1549485592299,6.47663668586786,6.74124105276107,33.414655699903,33.3704987402692,-0.624837717399792,0,-0.624837717399792,0,0
5.76000000000001,4.54000000000001,13.9966197671141,13.9795825145635,5.74691183970512,6.47663668586786,33.1752871845533,33.414655699903,5.29167397660498,0,5.29167397660498,0,-1
4.48999999999999,5.76000000000001,13.4083674569796,13.9966197671141,7.96649311423116,5.74691183970512,36.1472953246028,33.1752871845533,-3.44916572281051,0,-3.44916572281051,0,0
5.19,4.48999999999999,13.2265718838227,13.4083674569796,7.58042676647553,7.96649311423116,36.1379553300306,36.1472953246028,-2.73710325735289,0,-2.73710325735289,0,1
7.17,5.19,14.174097453306,13.2265718838227,8.92561274644551,7.58042676647553,35.7896415981022,36.1379553300306,-1.87338904480528,0,-1.87338904480528,0,0
9.67,7.17,14.2017754904745,14.174097453306,10.6271049929225,8.92561274644551,32.8037980513681,35.7896415981022,2.73143325452513,0,2.73143325452513,0,0
3.65000000000001,9.67,14.2768593034846,14.2017754904745,10.0785859466521,10.6271049929225,32.6042565161331,32.8037980513681,-0.724260211531156,0,-0.724260211531156,0,0
2.06,3.65000000000001,15.1739277006355,14.2768593034846,7.5322274769149,10.0785859466521,32.8740465607305,32.6042565161331,2.8657128594502,0,2.8657128594502,0,0
3.34999999999999,2.06,14.7967309778453,15.1739277006355,6.94264563546257,7.5322274769149,34.9812226793075,32.8740465607305,-0.506434658915303,0,-0.506434658915303,0,1
5.36,3.34999999999999,14.8536371903853,14.7967309778453,5.42152683332925,6.94264563546257,35.4769329651179,34.9812226793075,-0.921732476157693,0,-0.921732476157693,0,-1
6.34,5.36,14.8446038132053,14.8536371903853,6.28661260797777,5.42152683332925,35.8361813696572,35.4769329651179,-0.176982568817097,0,-0.176982568817097,0,0
6.81,6.34,14.7339226448108,14.8446038132053,6.12976014619952,6.28661260797777,35.6924114845228,35.8361813696572,-0.00987692322549982,0,-0.00987692322549982,0,0
5.53,6.81,15.0107499639739,14.7339226448108,6.28431431505661,6.12976014619952,35.6516586146083,35.6924114845228,-2.08697942896877,0,-2.08697942896877,0,0
5.67,5.53,14.7001455997764,15.0107499639739,6.81139639994237,6.28431431505661,35.6759341983819,35.6516586146083,1.48234527551285,0,1.48234527551285,0,1
6.78,5.67,14.8816395747772,14.7001455997764,7.46176406074202,6.81139639994237,34.6201244284992,35.6759341983819,-0.0858261368690396,0,-0.0858261368690396,0,-1
6.51000000000001,6.78,14.7068621461143,14.8816395747772,5.53517519697543,7.46176406074202,34.561728420749,34.6201244284992,0.0855621893392779,0,0.0855621893392779,0,0
4.73999999999999,6.51000000000001,14.6373129085551,14.7068621461143,6.98087395567066,5.53517519697543,34.6849402811594,34.561728420749,-0.0694924849490306,0,-0.0694924849490306,0,0
3.15000000000001,4.73999999999999,14.4928998544799,14.6373129085551,8.13966092207688,6.98087395567066,34.3845681409462,34.6849402811594,-0.0150522367082608,0,-0.0150522367082608,0,1
6.23,3.15000000000001,13.6038736529723,14.4928998544799,8.04984368301895,8.13966092207688,34.7511006054038,34.3845681409462,0.757592946502786,0,0.757592946502786,0,-1
7.12000000000001,6.23,13.5970446595294,13.6038736529723,7.79583548271009,8.04984368301895,35.8179515859565,34.7511006054038,2.4972290169703,0,2.4972290169703,0,0
6.93000000000001,7.12000000000001,13.2630657320886,13.5970446595294,8.33624640055592,7.79583548271009,36.8463102819761,35.8179515859565,-1.84168907065787,0,-1.84168907065787,0,0
6.81,6.93000000000001,13.0849238518992,13.2630657320886,8.88090282350795,8.33624640055592,38.3421926285418,36.8463102819761,0.850895361256956,0,0.850895361256956,0,0
5.93000000000001,6.81,13.0749144604693,13.0849238518992,8.46737517290344,8.88090282350795,39.5527232893334,38.3421926285418,-3.24247020059627,0,-3.24247020059627,0,0
5.55,5.93000000000001,12.9470290191641,13.0749144604693,9.46058406280626,8.46737517290344,40.6612036473639,39.5527232893334,2.21008655524883,0,2.21008655524883,0,0
6.09,5.55,12.9652414029704,12.9470290191641,7.73735668581741,9.46058406280626,40.5872094159015,40.6612036473639,-2.2378425154308,0,-2.2378425154308,0,1
4.84,6.09,13.1365466383009,12.9652414029704,8.29400864903043,7.73735668581741,39.3489871749925,40.5872094159015,1.51933748883128,0,1.51933748883128,0,-1
4.84999999999999,4.84,13.2705436410835,13.1365466383009,9.92470200611543,8.29400864903043,38.041184097707,39.3489871749925,-0.0387339306838328,0,-0.0387339306838328,0,0
4.01000000000001,4.84999999999999,13.1211011794377,13.2705436410835,10.732941914507,9.92470200611543,37.4351760130598,38.041184097707,-1.74209617894006,0,-1.74209617894006,0,0
4.36,4.01000000000001,13.0824499908985,13.1211011794377,8.13829925808942,10.732941914507,36.98266247509,37.4351760130598,1.37820301786078,0,1.37820301786078,0,0
3.45999999999999,4.36,13.1175648412954,13.0824499908985,6.91250389353654,8.13829925808942,35.9983237593614,36.98266247509,-0.147723243239266,0,-0.147723243239266,0,0
2.91,3.45999999999999,12.7177586581307,13.1175648412954,7.48867847091441,6.91250389353654,36.1471106993281,35.9983237593614,1.99752624521402,0,1.99752624521402,0,0
2.84,2.91,12.9261831727953,12.7177586581307,7.46906978942212,7.48867847091441,36.5868257934355,36.1471106993281,-3.32207411321289,0,-3.32207411321289,0,1
3.23,2.84,11.6836773047411,12.9261831727953,10.7075236592944,7.46906978942212,35.9189942793838,36.5868257934355,2.57929124483088,0,2.57929124483088,0,-1
3.12,3.23,11.6515929989918,11.6836773047411,8.57019686869633,10.7075236592944,35.9742644239,35.9189942793838,1.37150917776396,0,1.37150917776396,0,0
4.25,3.12,11.6750759948041,11.6515929989918,10.3747476771885,8.57019686869633,35.6068383825069,35.9742644239,-1.69837436785221,0,-1.69837436785221,0,0
5.51000000000001,4.25,11.5162941672332,11.6750759948041,12.1023642952264,10.3747476771885,35.6393680944901,35.6068383825069,-0.0926841374253904,0,-0.0926841374253904,0,0
5.18000000000001,5.51000000000001,11.6686548352313,11.5162941672332,8.77501302568761,12.1023642952264,35.4095661668685,35.6393680944901,0.0683155196827663,0,0.0683155196827663,0,0
5.11,5.18000000000001,12.4924710587403,11.6686548352313,10.3997557942116,8.77501302568761,34.0723639543783,35.4095661668685,0.0971594068581645,0,0.0971594068581645,0,1
5.45999999999999,5.11,12.493511932612,12.4924710587403,10.8820612462152,10.3997557942116,35.8759039644903,34.0723639543783,0.167552665291165,0,0.167552665291165,0,-1
6.51000000000001,5.45999999999999,12.8511807990807,12.493511932612,12.6713461551144,10.8820612462152,35.1057927887542,35.8759039644903,-0.199229542945385,0,-0.199229542945385,0,0
6.28,6.51000000000001,13.1104288534639,12.8511807990807,7.15763969879775,12.6713461551144,34.3981536262283,35.1057927887542,0.230801283085562,0,0.230801283085562,0,0
5.65000000000001,6.28,13.0680556677501,13.1104288534639,5.46161278503723,7.15763969879775,34.0970750479639,34.3981536262283,-0.910546663580597,0,-0.910546663580597,0,0
5.34,5.65000000000001,13.2008874803098,13.0680556677501,6.65934989054596,5.46161278503723,33.764892914762,34.0970750479639,-1.10175622401147,0,-1.10175622401147,0,0
5.19,5.34,13.5660305899612,13.2008874803098,6.69197553904646,6.65934989054596,33.4052968548657,33.764892914762,1.65838241362351,0,1.65838241362351,0,0
5.2,5.19,12.4718267691173,13.5660305899612,9.38971781067057,6.69197553904646,32.8567798825335,33.4052968548657,-0.694869746936615,0,-0.694869746936615,0,0
5.11,5.2,12.5560650140568,12.4718267691173,8.56427945742488,9.38971781067057,32.9073355346121,32.8567798825335,0.241865546751328,0,0.241865546751328,0,1
4.09,5.11,12.5830659846406,12.5560650140568,8.78354748547639,8.56427945742488,32.5947483604739,32.9073355346121,0.47542100114168,0,0.47542100114168,0,-1
7.09,0,13.6708144190326,0,10.1951407929238,0,45.7417259921148,0,-0.233318385153751,0,0,0,0
6.95999999999999,7.09,13.6961717720805,13.6708144190326,10.4357634120175,10.1951407929238,46.0353426814802,45.7417259921148,0.0463141473731241,0,0,0,0
6.91,6.95999999999999,13.5598405653245,13.6961717720805,10.5873100836091,10.4357634120175,46.6842933292051,46.0353426814802,-0.35785203631988,0,0,0,0
6.47,6.91,13.4885155984316,13.5598405653245,10.5549038504542,10.5873100836091,47.1095783991356,46.6842933292051,-0.084639006412992,0,0,0,1
6.45,6.47,13.2675388089131,13.4885155984316,10.2487266414703,10.5549038504542,47.4753621869272,47.1095783991356,0.224833048530936,0,0,0,-1
6.31,6.45,13.51401481654,13.2675388089131,10.2228492839385,10.2487266414703,46.5761685255672,47.4753621869272,-0.0873685308722294,0,0,0,0
5.52,6.31,13.5584327457208,13.51401481654,9.83726183467934,10.2228492839385,47.1017343327512,46.5761685255672,-0.544289851517746,0,0,0,0
5.3,5.52,13.7279599189911,13.5584327457208,9.59916218750672,9.83726183467934,47.6095817447455,47.1017343327512,0.234458260675932,0,0,0,0
4.81,5.3,13.6289125545985,13.7279599189911,9.32212817884923,9.59916218750672,49.0658004530329,47.6095817447455,0.604131732419482,0,0,0,0
4.93000000000001,4.81,13.6291092079569,13.6289125545985,9.30224529118514,9.32212817884923,49.432669953208,49.0658004530329,0.224298545394849,0,0,0,0
3.8,4.93000000000001,13.5442456658335,13.6291092079569,9.10889877522324,9.30224529118514,49.6396396795698,49.432669953208,-0.172903457899903,0,0,0,0
3.09999999999999,3.8,13.5446178692954,13.5442456658335,8.99436929786519,9.10889877522324,50.1431750036231,49.6396396795698,-0.295709351634354,0,0,0,-1
2.91,3.09999999999999,13.67601013124,13.5446178692954,8.82451995922778,8.99436929786519,50.4479285254682,50.1431750036231,-0.119794702308202,0,0,0,0
3.41,2.91,13.3995996170772,13.67601013124,8.72402085894579,8.82451995922778,51.0095179057356,50.4479285254682,0.292313451931442,0,0,0,1
3.63,3.41,14.1838971497728,13.3995996170772,8.22060775595454,8.72402085894579,50.1144306146754,51.0095179057356,-1.92325516729135,0,0,0,0
3.70999999999999,3.63,14.1518607368862,14.1838971497728,7.46373269493774,8.22060775595454,49.9797084125418,50.1144306146754,0.637065780499267,0,0,0,0
3.93000000000001,3.70999999999999,14.3119817486904,14.1518607368862,7.73393095376006,7.46373269493774,50.2546213202251,49.9797084125418,0.0708645063531286,0,0,0,-1
4.37999999999999,3.93000000000001,14.2925854894671,14.3119817486904,7.22334674284088,7.73393095376006,49.1705353306812,50.2546213202251,-0.442791343315005,0,0,0,1
4.59,4.37999999999999,14.1745172601719,14.2925854894671,7.22305397572589,7.22334674284088,49.6459249737955,49.1705353306812,-0.122485714305558,0,0,0,0
4.20999999999999,4.59,14.3752191917333,14.1745172601719,7.3004078116273,7.22305397572589,50.1250031527035,49.6459249737955,-0.34995749061331,0,0,0,0
4.61,4.20999999999999,13.8260776315771,14.3752191917333,7.40207930026413,7.3004078116273,50.5584495745619,50.1250031527035,4.79853379400944,0,0,0,0
4.76000000000001,4.61,13.9665186915769,13.8260776315771,7.44143327139922,7.40207930026413,50.5324985321588,50.5584495745619,-3.14136377945639,0,0,0,0
5.51000000000001,4.76000000000001,13.9666140303964,13.9665186915769,7.44137385600128,7.44143327139922,50.3540198354046,50.5324985321588,-0.558636367477391,0,0,0,0
5.39,5.51000000000001,14.0080044751639,13.9666140303964,7.30847062402831,7.44137385600128,51.0717772859738,50.3540198354046,0.0136584634519359,0,0,0,0
4.81999999999999,5.39,13.9873276789232,14.0080044751639,7.30375659109372,7.30847062402831,51.4796513871292,51.0717772859738,0.354806192694786,0,0,0,0
4.73999999999999,4.81999999999999,14.0682739592728,13.9873276789232,7.1743742985391,7.30375659109372,52.162699971875,51.4796513871292,-0.525692826875712,0,0,0,1
5.31,4.73999999999999,14.1503852706083,14.0682739592728,7.26202635385751,7.1743742985391,52.246807760399,52.162699971875,0.853238759669049,0,0,0,-1
6.3,5.31,13.6259709920046,14.1503852706083,7.43847302374053,7.26202635385751,52.7093175987836,52.246807760399,0.223469131078785,0,0,0,0
6.64,6.3,14.0038471104588,13.6259709920046,7.16614171814585,7.43847302374053,53.3423879276168,52.7093175987836,-0.955130924869447,0,0,0,0
6.64,6.64,13.8343578391342,14.0038471104588,7.66543185436048,7.16614171814585,54.0487323983239,53.3423879276168,0.0285164784650451,0,0,0,0
7.04000000000001,6.64,13.7212840420823,13.8343578391342,7.81234736339578,7.66543185436048,54.6804893604808,54.0487323983239,0.496396877265354,0,0,0,0
7.84,7.04000000000001,13.7277823308438,13.7212840420823,7.63833151590163,7.81234736339578,54.9995190539435,54.6804893604808,-0.146076127954611,0,0,0,0
8.53,7.84,13.6666039324503,13.7277823308438,7.8212968782705,7.63833151590163,55.9239265579745,54.9995190539435,0.541858599931217,0,0,0,0
9.06,8.53,13.5555694257575,13.6666039324503,7.69754441138955,7.8212968782705,55.4166250369571,55.9239265579745,-0.624837717399792,0,0,0,0
9.31,9.06,13.5565967006223,13.5555694257575,7.91846611596205,7.69754441138955,55.8631850330241,55.4166250369571,5.29167397660498,0,0,0,-1
9.84,9.31,13.0300190673988,13.5565967006223,8.03277724937011,7.91846611596205,57.8381170214818,55.8631850330241,-3.44916572281051,0,0,0,0
10.85,9.84,13.4494408062091,13.0300190673988,8.28427173485557,8.03277724937011,58.500993474112,57.8381170214818,-2.73710325735289,0,0,0,1
20.62,10.85,14.3339203080747,13.4494408062091,8.21324750660104,8.28427173485557,57.8662592729407,58.500993474112,-1.87338904480528,0,0,0,0
20.62,20.62,14.1398581423494,14.3339203080747,7.66993924408249,8.21324750660104,56.090042329286,57.8662592729407,2.73143325452513,0,0,0,0
18.99,20.62,14.2204669906607,14.1398581423494,6.66263756338453,7.66993924408249,55.3672264659215,56.090042329286,-0.724260211531156,0,0,0,0
16.91,18.99,14.8595718942203,14.2204669906607,6.86846362342013,6.66263756338453,54.8512813823959,55.3672264659215,2.8657128594502,0,0,0,0
15.59,16.91,14.6226670568039,14.8595718942203,7.25814461953667,6.86846362342013,54.0450708508826,54.8512813823959,-0.506434658915303,0,0,0,1
14.54,15.59,14.6620898037659,14.6226670568039,6.85692500789058,7.25814461953667,53.9226925771147,54.0450708508826,-0.921732476157693,0,0,0,-1
14.42,14.54,14.6844452129599,14.6620898037659,6.83359239735029,6.85692500789058,54.369956135153,53.9226925771147,-0.176982568817097,0,0,0,0
13.15,14.42,14.6036615074015,14.6844452129599,7.78269254357843,6.83359239735029,55.7208546405023,54.369956135153,-0.00987692322549982,0,0,0,0
11.92,13.15,14.7911493489884,14.6036615074015,7.56499372156289,7.78269254357843,55.7815953307372,55.7208546405023,-2.08697942896877,0,0,0,0
11.58,11.92,14.5719653611481,14.7911493489884,7.26158263216862,7.56499372156289,55.8130919446828,55.7815953307372,1.48234527551285,0,0,0,1
11.75,11.58,14.7576182677545,14.5719653611481,7.99378438175061,7.26158263216862,54.9948654603668,55.8130919446828,-0.0858261368690396,0,0,0,-1
10.89,11.75,14.6326131017291,14.7576182677545,8.30683558696596,7.99378438175061,54.8055293893049,54.9948654603668,0.0855621893392779,0,0,0,0
1.91,10.89,14.4237149172806,14.6326131017291,8.10912629365884,8.30683558696596,55.4025889080193,54.8055293893049,-0.0694924849490306,0,0,0,0
1.22,1.91,14.2815500644801,14.4237149172806,8.22834860002021,8.10912629365884,55.4934696230774,55.4025889080193,-0.0150522367082608,0,0,0,1
1.81999999999999,1.22,13.6714193177837,14.2815500644801,8.32330857004992,8.22834860002021,55.7862445414927,55.4934696230774,0.757592946502786,0,0,0,-1
3.16,1.81999999999999,13.6772601476583,13.6714193177837,8.19239468899887,8.32330857004992,56.1551357666722,55.7862445414927,2.4972290169703,0,0,0,0
4.27,3.16,13.4033390851591,13.6772601476583,8.45631069673766,8.19239468899887,55.5431376990291,56.1551357666722,-1.84168907065787,0,0,0,0
5.12999999999999,4.27,13.2424498392692,13.4033390851591,7.98412382369327,8.45631069673766,56.7382799325599,55.5431376990291,0.850895361256956,0,0,0,0
5.06999999999999,5.12999999999999,13.1372127659633,13.2424498392692,7.72164709798836,7.98412382369327,57.8450448701369,56.7382799325599,-3.24247020059627,0,0,0,0
5.39,5.06999999999999,12.9154382880195,13.1372127659633,8.4170444824234,7.72164709798836,59.0874254404998,57.8450448701369,2.21008655524883,0,0,0,0
6.01000000000001,5.39,12.9688595423615,12.9154382880195,8.16469615872872,8.4170444824234,59.2654686369247,59.0874254404998,-2.2378425154308,0,0,0,1
6.09999999999999,6.01000000000001,12.9956293505008,12.9688595423615,7.81818932817201,8.16469615872872,58.3261854779589,59.2654686369247,1.51933748883128,0,0,0,-1
6.14,6.09999999999999,13.1002250482105,12.9956293505008,8.80893933590921,7.81818932817201,59.545867080406,58.3261854779589,-0.0387339306838328,0,0,0,0
6.78,6.14,13.0128917733597,13.1002250482105,9.81121937047705,8.80893933590921,59.1159942684231,59.545867080406,-1.74209617894006,0,0,0,0
6.39,6.78,12.9009250095794,13.0128917733597,9.00306721990644,9.81121937047705,59.1378294654219,59.1159942684231,1.37820301786078,0,0,0,0
6.97,6.39,12.8863792398593,12.9009250095794,8.37953553294537,9.00306721990644,59.086540078643,59.1378294654219,-0.147723243239266,0,0,0,0
7.48,6.97,12.512395207803,12.8863792398593,7.91577035309131,8.37953553294537,59.294158894966,59.086540078643,1.99752624521402,0,0,0,0
7.84999999999999,7.48,12.6070797150321,12.512395207803,7.85934455294621,7.91577035309131,59.7033936591849,59.294158894966,-3.32207411321289,0,0,0,1
8.31999999999999,7.84999999999999,11.6867151790668,12.6070797150321,10.3643065830787,7.85934455294621,58.2394889629001,59.7033936591849,2.57929124483088,0,0,0,-1
8.62,8.31999999999999,11.6524867245764,11.6867151790668,9.10126497070956,10.3643065830787,58.0309481572404,58.2394889629001,1.37150917776396,0,0,0,0
9.04000000000001,8.62,11.6796150322073,11.6524867245764,9.09194180991635,9.10126497070956,57.4169462570983,58.0309481572404,-1.69837436785221,0,0,0,0
8.31,9.04000000000001,11.5024325716207,11.6796150322073,10.1499579575339,9.09194180991635,55.9263024989047,57.4169462570983,-0.0926841374253904,0,0,0,0
9.40000000000001,8.31,11.6464511946876,11.5024325716207,9.8676605876853,10.1499579575339,53.7869783795278,55.9263024989047,0.0683155196827663,0,0,0,0
10.29,9.40000000000001,12.1929881198636,11.6464511946876,8.93719834797661,9.8676605876853,52.1564677546533,53.7869783795278,0.0971594068581645,0,0,0,1
10.67,10.29,12.2354976389336,12.1929881198636,9.21740172464109,8.93719834797661,52.8213144670233,52.1564677546533,0.167552665291165,0,0,0,-1
10.51,10.67,12.5169018249576,12.2354976389336,8.21416684807401,9.21740172464109,52.0861324510085,52.8213144670233,-0.199229542945385,0,0,0,0
11.16,10.51,12.7643724681661,12.5169018249576,7.79086158196997,8.21416684807401,51.5719921668763,52.0861324510085,0.230801283085562,0,0,0,0
10.64,11.16,12.6792894424483,12.7643724681661,7.8360620876492,7.79086158196997,51.7456295979311,51.5719921668763,-0.910546663580597,0,0,0,0
10.48,10.64,12.7728214381198,12.6792894424483,7.57352005968837,7.8360620876492,51.3519086198339,51.7456295979311,-1.10175622401147,0,0,0,0
9.64,10.48,13.297387991772,12.7728214381198,7.17054004852562,7.57352005968837,50.6230778314504,51.3519086198339,1.65838241362351,0,0,0,0
9.66,9.64,12.3097319242949,13.297387991772,7.86532929096245,7.17054004852562,49.957951800205,50.6230778314504,-0.694869746936615,0,0,0,0
8.58,9.66,12.3243563630606,12.3097319242949,8.47752719349352,7.86532929096245,50.0059039472925,49.957951800205,0.241865546751328,0,0,0,1
8.15000000000001,8.58,12.3923902139452,12.3243563630606,8.03726208504012,8.47752719349352,49.9038788887445,50.0059039472925,0.47542100114168,0,0,0,-1
5.31,0,14.0791503482487,0,10.1676910093408,0,27.1106014456978,0,-0.233318385153751,-0.233318385153751,0,0,0
5.29000000000001,5.31,14.0229138191869,14.0791503482487,10.399095390776,10.1676910093408,27.2601585000892,27.1106014456978,0.0463141473731241,0.0463141473731241,0,0,0
5.15000000000001,5.29000000000001,13.8459868061024,14.0229138191869,10.5303236046482,10.399095390776,27.5054047361675,27.2601585000892,-0.35785203631988,-0.35785203631988,0,0,0
5.08,5.15000000000001,13.8189971323373,13.8459868061024,10.5080376271373,10.5303236046482,27.7830503704102,27.5054047361675,-0.084639006412992,-0.084639006412992,0,0,1
4.51000000000001,5.08,13.6597441492594,13.8189971323373,10.2051985443858,10.5080376271373,28.0768156718155,27.7830503704102,0.224833048530936,0.224833048530936,0,0,-1
4.48999999999999,4.51000000000001,13.7959485576013,13.6597441492594,10.2602711135349,10.2051985443858,28.1356157797395,28.0768156718155,-0.0873685308722294,-0.0873685308722294,0,0,0
4.34,4.48999999999999,13.864740020296,13.7959485576013,9.90082736586946,10.2602711135349,28.4803385488556,28.1356157797395,-0.544289851517746,-0.544289851517746,0,0,0
4.12999999999999,4.34,13.97165316785,13.864740020296,9.65496483556668,9.90082736586946,28.7384127779496,28.4803385488556,0.234458260675932,0.234458260675932,0,0,0
3.95,4.12999999999999,13.7904416793414,13.97165316785,9.36908434210249,9.65496483556668,28.2449775267781,28.7384127779496,0.604131732419482,0.604131732419482,0,0,0
3.72,3.95,13.8293519054359,13.7904416793414,9.12864656008197,9.36908434210249,28.478627638831,28.2449775267781,0.224298545394849,0.224298545394849,0,0,0
3.34999999999999,3.72,13.7749119193661,13.8293519054359,9.01642473386422,9.12864656008197,28.1664581222528,28.478627638831,-0.172903457899903,-0.172903457899903,0,0,0
2.73,3.34999999999999,14.0435654545162,13.7749119193661,8.86834165863356,9.01642473386422,28.5857908637754,28.1664581222528,-0.295709351634354,-0.295709351634354,0,0,-1
2.41,2.73,14.1407507501593,14.0435654545162,8.80457401062893,8.86834165863356,28.8603068734866,28.5857908637754,-0.119794702308202,-0.119794702308202,0,0,0
2.41,2.41,13.9042173103022,14.1407507501593,8.71473158812117,8.80457401062893,29.2299579249246,28.8603068734866,0.292313451931442,0.292313451931442,0,0,1
2.48,2.41,14.4164646419086,13.9042173103022,8.5136423684694,8.71473158812117,29.0057521016754,29.2299579249246,-1.92325516729135,-1.92325516729135,0,0,0
2.62,2.48,14.3337644811417,14.4164646419086,7.39596597853065,8.5136423684694,28.8119938746225,29.0057521016754,0.637065780499267,0.637065780499267,0,0,0
2.8,2.62,14.4702154961718,14.3337644811417,7.73527861116178,7.39596597853065,29.1014281169587,28.8119938746225,0.0708645063531286,0.0708645063531286,0,0,-1
3.01000000000001,2.8,14.402698682528,14.4702154961718,7.48991096049799,7.73527861116178,29.0795103488718,29.1014281169587,-0.442791343315005,-0.442791343315005,0,0,1
3.2,3.01000000000001,14.3226002713949,14.402698682528,7.35527551491921,7.48991096049799,29.6299530562341,29.0795103488718,-0.122485714305558,-0.122485714305558,0,0,0
3.19,3.2,14.3795218768002,14.3226002713949,7.39553383624482,7.35527551491921,30.2054401635371,29.6299530562341,-0.34995749061331,-0.34995749061331,0,0,0
3.20999999999999,3.19,14.0277999318162,14.3795218768002,7.36896326811646,7.39553383624482,31.1271101140586,30.2054401635371,4.79853379400944,4.79853379400944,0,0,0
3.45999999999999,3.20999999999999,14.0964239445344,14.0277999318162,7.4315095458939,7.36896326811646,31.3399968747997,31.1271101140586,-3.14136377945639,-3.14136377945639,0,0,0
3.78,3.45999999999999,14.1243305077985,14.0964239445344,7.53517946172916,7.4315095458939,30.7128113395199,31.3399968747997,-0.558636367477391,-0.558636367477391,0,0,0
4.29000000000001,3.78,14.0911664661261,14.1243305077985,7.34287476581749,7.53517946172916,30.7577575237107,30.7128113395199,0.0136584634519359,0.0136584634519359,0,0,0
4.72,4.29000000000001,14.0948628685279,14.0911664661261,7.47168830630542,7.34287476581749,31.0012418299117,30.7577575237107,0.354806192694786,0.354806192694786,0,0,0
4.93000000000001,4.72,14.1688064048849,14.0948628685279,7.50576260415389,7.47168830630542,31.5406958762021,31.0012418299117,-0.525692826875712,-0.525692826875712,0,0,1
4.86,4.93000000000001,14.1048748096847,14.1688064048849,7.45039748935748,7.50576260415389,31.697016877797,31.5406958762021,0.853238759669049,0.853238759669049,0,0,-1
5.11,4.86,13.810320461424,14.1048748096847,7.31661281714271,7.45039748935748,32.2367041473309,31.697016877797,0.223469131078785,0.223469131078785,0,0,0
5.45999999999999,5.11,14.1457910297588,13.810320461424,7.23976561903299,7.31661281714271,32.9083292774056,32.2367041473309,-0.955130924869447,-0.955130924869447,0,0,0
5.2,5.45999999999999,14.0765300433159,14.1457910297588,8.11142957424426,7.23976561903299,33.3763948364541,32.9083292774056,0.0285164784650451,0.0285164784650451,0,0,0
5.23999999999999,5.2,13.9974938780471,14.0765300433159,8.06090717302244,8.11142957424426,33.9884418859117,33.3763948364541,0.496396877265354,0.496396877265354,0,0,0
5.95999999999999,5.23999999999999,14.1572001737557,13.9974938780471,8.00043033081367,8.06090717302244,34.805630470636,33.9884418859117,-0.146076127954611,-0.146076127954611,0,0,0
6.56,5.95999999999999,13.9062032116002,14.1572001737557,7.8234879052015,8.00043033081367,34.9991271942821,34.805630470636,0.541858599931217,0.541858599931217,0,0,0
6.84,6.56,13.7799444352733,13.9062032116002,7.57070534542981,7.8234879052015,35.2700767222662,34.9991271942821,-0.624837717399792,-0.624837717399792,0,0,0
7.06,6.84,13.6782940229611,13.7799444352733,7.85296706102586,7.57070534542981,35.354025851605,35.2700767222662,5.29167397660498,5.29167397660498,0,0,-1
6.72,7.06,13.1528028053171,13.6782940229611,7.86863891303387,7.85296706102586,35.2976654882973,35.354025851605,-3.44916572281051,-3.44916572281051,0,0,0
7.87000000000001,6.72,13.6236241438929,13.1528028053171,8.2264641554769,7.86863891303387,35.943004063193,35.2976654882973,-2.73710325735289,-2.73710325735289,0,0,1
15.04,7.87000000000001,14.4223391048515,13.6236241438929,8.31211758590089,8.2264641554769,35.3233163066821,35.943004063193,-1.87338904480528,-1.87338904480528,0,0,0
16.46,15.04,14.1857627960638,14.4223391048515,8.1939249151235,8.31211758590089,35.060466947006,35.3233163066821,2.73143325452513,2.73143325452513,0,0,0
15.73,16.46,14.3298293333753,14.1857627960638,4.88128787649644,8.1939249151235,34.9052244419852,35.060466947006,-0.724260211531156,-0.724260211531156,0,0,0
15.17,15.73,14.9470334850414,14.3298293333753,5.68570749973242,4.88128787649644,34.843760582014,34.9052244419852,2.8657128594502,2.8657128594502,0,0,0
14.55,15.17,14.7851684744688,14.9470334850414,6.08976016933026,5.68570749973242,35.4375790800645,34.843760582014,-0.506434658915303,-0.506434658915303,0,0,1
14.06,14.55,14.8656993969219,14.7851684744688,5.99830698616048,6.08976016933026,35.6636290885504,35.4375790800645,-0.921732476157693,-0.921732476157693,0,0,-1
13.26,14.06,14.8677729311254,14.8656993969219,6.10606264939636,5.99830698616048,36.0038097685491,35.6636290885504,-0.176982568817097,-0.176982568817097,0,0,0
12.46,13.26,14.821941706486,14.8677729311254,6.98704176360278,6.10606264939636,36.1605365474988,36.0038097685491,-0.00987692322549982,-0.00987692322549982,0,0,0
11.89,12.46,15.019976276487,14.821941706486,6.4637717463746,6.98704176360278,36.327302366133,36.1605365474988,-2.08697942896877,-2.08697942896877,0,0,0
11.7,11.89,14.7796045940425,15.019976276487,6.17076705896038,6.4637717463746,36.2252058148345,36.327302366133,1.48234527551285,1.48234527551285,0,0,1
12.06,11.7,14.9650265875863,14.7796045940425,7.70914125105466,6.17076705896038,35.6703679528663,36.2252058148345,-0.0858261368690396,-0.0858261368690396,0,0,-1
10.72,12.06,14.8271670849391,14.9650265875863,7.82667127146345,7.70914125105466,35.848490784162,35.6703679528663,0.0855621893392779,0.0855621893392779,0,0,0
3.65000000000001,10.72,14.5567806407617,14.8271670849391,8.33805498160534,7.82667127146345,36.512401805859,35.848490784162,-0.0694924849490306,-0.0694924849490306,0,0,0
2.33,3.65000000000001,14.3749923808374,14.5567806407617,8.54770011022877,8.33805498160534,36.6415787323632,36.512401805859,-0.0150522367082608,-0.0150522367082608,0,0,1
2.62,2.33,13.9752852219084,14.3749923808374,8.50615445636541,8.54770011022877,36.9359703712922,36.6415787323632,0.757592946502786,0.757592946502786,0,0,-1
3.09999999999999,2.62,13.9000595198319,13.9752852219084,8.55374586687842,8.50615445636541,37.2325471486867,36.9359703712922,2.4972290169703,2.4972290169703,0,0,0
4.16,3.09999999999999,13.695888090994,13.9000595198319,8.2568077289,8.55374586687842,37.6317190722891,37.2325471486867,-1.84168907065787,-1.84168907065787,0,0,0
4.83,4.16,13.6419951323932,13.695888090994,8.10162652613783,8.2568077289,38.5506267589115,37.6317190722891,0.850895361256956,0.850895361256956,0,0,0
5.79000000000001,4.83,13.4928622425229,13.6419951323932,8.01717758830173,8.10162652613783,39.3402405323625,38.5506267589115,-3.24247020059627,-3.24247020059627,0,0,0
6.48,5.79000000000001,13.2918189415024,13.4928622425229,8.3092686294634,8.01717758830173,39.6738404611434,39.3402405323625,2.21008655524883,2.21008655524883,0,0,0
7.70999999999999,6.48,13.3500632327942,13.2918189415024,8.40444322309974,8.3092686294634,39.7957762455776,39.6738404611434,-2.2378425154308,-2.2378425154308,0,0,1
7.61,7.70999999999999,13.3552642788586,13.3500632327942,8.06123574627288,8.40444322309974,38.890508978093,39.7957762455776,1.51933748883128,1.51933748883128,0,0,-1
7.45999999999999,7.61,13.4637718339634,13.3552642788586,8.6447748362685,8.06123574627288,38.8352840648122,38.890508978093,-0.0387339306838328,-0.0387339306838328,0,0,0
7.70999999999999,7.45999999999999,13.3266113026286,13.4637718339634,9.84689816052735,8.6447748362685,38.530652100647,38.8352840648122,-1.74209617894006,-1.74209617894006,0,0,0
7.87999999999999,7.70999999999999,13.1656257342109,13.3266113026286,8.77225406889077,9.84689816052735,38.3033413051856,38.530652100647,1.37820301786078,1.37820301786078,0,0,0
8.23,7.87999999999999,13.0499934893738,13.1656257342109,8.78284374501973,8.77225406889077,38.4013319597745,38.3033413051856,-0.147723243239266,-0.147723243239266,0,0,0
9.16,8.23,12.6672477787592,13.0499934893738,8.54618580616235,8.78284374501973,38.3383006329867,38.4013319597745,1.99752624521402,1.99752624521402,0,0,0
9.45,9.16,12.7296067411924,12.6672477787592,8.00148009272589,8.54618580616235,38.808048897481,38.3383006329867,-3.32207411321289,-3.32207411321289,0,0,1
9.98999999999999,9.45,12.0124069374253,12.7296067411924,11.3333854201684,8.00148009272589,38.4329717131492,38.808048897481,2.57929124483088,2.57929124483088,0,0,-1
10.08,9.98999999999999,12.0410424698272,12.0124069374253,10.3418461208566,11.3333854201684,38.3464356245944,38.4329717131492,1.37150917776396,1.37150917776396,0,0,0
9.67,10.08,12.0659884191947,12.0410424698272,9.45709056833457,10.3418461208566,37.9552589210903,38.3464356245944,-1.69837436785221,-1.69837436785221,0,0,0
9.54000000000001,9.67,11.981375373392,12.0659884191947,9.61312210889035,9.45709056833457,37.1337198791471,37.9552589210903,-0.0926841374253904,-0.0926841374253904,0,0,0
9.36,9.54000000000001,12.0501126179723,11.981375373392,9.25645882131799,9.61312210889035,36.0981452122838,37.1337198791471,0.0683155196827663,0.0683155196827663,0,0,0
10.09,9.36,12.3968018328829,12.0501126179723,8.70872233172095,9.25645882131799,34.3239669864473,36.0981452122838,0.0971594068581645,0.0971594068581645,0,0,1
9.87,10.09,12.4761146807952,12.3968018328829,8.5438058654805,8.70872233172095,34.1301107441238,34.3239669864473,0.167552665291165,0.167552665291165,0,0,-1
9.3,9.87,12.7428381677283,12.4761146807952,8.16178898675705,8.5438058654805,33.9038359962675,34.1301107441238,-0.199229542945385,-0.199229542945385,0,0,0
9.06999999999999,9.3,13.011355867096,12.7428381677283,8.08317214432358,8.16178898675705,33.8072430776862,33.9038359962675,0.230801283085562,0.230801283085562,0,0,0
8.88,9.06999999999999,12.8354326911796,13.011355867096,8.4058448940757,8.08317214432358,32.6355504899783,33.8072430776862,-0.910546663580597,-0.910546663580597,0,0,0
8.23999999999999,8.88,12.9892495078252,12.8354326911796,8.59953482798015,8.4058448940757,32.4585033126958,32.6355504899783,-1.10175622401147,-1.10175622401147,0,0,0
7.51000000000001,8.23999999999999,13.6622254811486,12.9892495078252,8.6389573937171,8.59953482798015,32.2022830034498,32.4585033126958,1.65838241362351,1.65838241362351,0,0,0
7.02,7.51000000000001,12.5158579580326,13.6622254811486,8.6868620366559,8.6389573937171,31.9317132626062,32.2022830034498,-0.694869746936615,-0.694869746936615,0,0,0
6.33,7.02,12.5522582885885,12.5158579580326,8.73260536087289,8.6868620366559,31.8672466887723,31.9317132626062,0.241865546751328,0.241865546751328,0,0,1
5.98,6.33,12.5377422124703,12.5522582885885,9.30553740516143,8.73260536087289,31.8422436618836,31.8672466887723,0.47542100114168,0.47542100114168,0,0,-1
4.81,0,13.8700123013472,0,10.1301386473704,0,40.7798161622928,0,-0.233318385153751,-0.233318385153751,0,0,0
4.73,4.81,13.8413002145559,13.8700123013472,10.3866220507559,10.1301386473704,41.3967089931453,40.7798161622928,0.0463141473731241,0.0463141473731241,0,0,0
4.56,4.73,13.73772887741,13.8413002145559,10.5071799339872,10.3866220507559,42.1754291771363,41.3967089931453,-0.35785203631988,-0.35785203631988,0,0,0
4.65000000000001,4.56,13.6652713927301,13.73772887741,10.5088450409075,10.5071799339872,42.7594809258613,42.1754291771363,-0.084639006412992,-0.084639006412992,0,0,1
4.34,4.65000000000001,13.5163850429928,13.6652713927301,10.2774846747865,10.5088450409075,43.3364958258435,42.7594809258613,0.224833048530936,0.224833048530936,0,0,-1
4.31,4.34,13.672156613895,13.5163850429928,10.1928452555708,10.2774846747865,43.67609734674,43.3364958258435,-0.0873685308722294,-0.0873685308722294,0,0,0
3.90000000000001,4.31,13.7025327894056,13.672156613895,9.79015382427108,10.1928452555708,44.44009275318,43.67609734674,-0.544289851517746,-0.544289851517746,0,0,0
3.72,3.90000000000001,13.9100523733806,13.7025327894056,9.57135041920765,9.79015382427108,44.9975277064061,44.44009275318,0.234458260675932,0.234458260675932,0,0,0
3.55,3.72,13.7573038966307,13.9100523733806,9.2642209659102,9.57135041920765,44.9935935637226,44.9975277064061,0.604131732419482,0.604131732419482,0,0,0
3.29000000000001,3.55,13.7891416824439,13.7573038966307,9.04646059530671,9.2642209659102,45.5257267381326,44.9935935637226,0.224298545394849,0.224298545394849,0,0,0
2.95,3.29000000000001,13.7670812755251,13.7891416824439,8.87818688269002,9.04646059530671,45.9518622093324,45.5257267381326,-0.172903457899903,-0.172903457899903,0,0,0
2.56999999999999,2.95,13.8664177099968,13.7670812755251,8.72556324174894,8.87818688269002,45.6815976143726,45.9518622093324,-0.295709351634354,-0.295709351634354,0,0,-1
2.28,2.56999999999999,14.0049682182138,13.8664177099968,8.69058813417076,8.72556324174894,46.0229242745854,45.6815976143726,-0.119794702308202,-0.119794702308202,0,0,0
2.75,2.28,13.6759621834251,14.0049682182138,8.62299246598367,8.69058813417076,46.4188596577012,46.0229242745854,0.292313451931442,0.292313451931442,0,0,1
3.14,2.75,14.2809084896006,13.6759621834251,8.43759587761152,8.62299246598367,46.1225355645552,46.4188596577012,-1.92325516729135,-1.92325516729135,0,0,0
2.77,3.14,14.2825868556002,14.2809084896006,7.54347370037114,8.43759587761152,46.009465942634,46.1225355645552,0.637065780499267,0.637065780499267,0,0,0
2.68000000000001,2.77,14.4634592273106,14.2825868556002,7.43103075600251,7.54347370037114,46.2021537867491,46.009465942634,0.0708645063531286,0.0708645063531286,0,0,-1
2.95,2.68000000000001,14.3625119325179,14.4634592273106,7.26275026980916,7.43103075600251,46.3910985856449,46.2021537867491,-0.442791343315005,-0.442791343315005,0,0,1
3.43000000000001,2.95,14.3420380710658,14.3625119325179,7.16573754939093,7.26275026980916,47.0571475031386,46.3910985856449,-0.122485714305558,-0.122485714305558,0,0,0
3.40000000000001,3.43000000000001,14.3289578384409,14.3420380710658,7.30972184855166,7.16573754939093,47.5484155410677,47.0571475031386,-0.34995749061331,-0.34995749061331,0,0,0
3.7,3.40000000000001,13.9240489167968,14.3289578384409,7.29351999079304,7.30972184855166,47.9408589455343,47.5484155410677,4.79853379400944,4.79853379400944,0,0,0
4.08,3.7,14.0354782033486,13.9240489167968,7.41447093507606,7.29351999079304,48.0825438171191,47.9408589455343,-3.14136377945639,-3.14136377945639,0,0,0
4.72,4.08,14.0491087597677,14.0354782033486,7.38196467942226,7.41447093507606,47.9307868567855,48.0825438171191,-0.558636367477391,-0.558636367477391,0,0,0
4.73,4.72,14.0315928206225,14.0491087597677,7.2130560154605,7.38196467942226,47.9362970676435,47.9307868567855,0.0136584634519359,0.0136584634519359,0,0,0
5.48,4.73,14.0182214739078,14.0315928206225,7.21262534619315,7.2130560154605,48.3840528527568,47.9362970676435,0.354806192694786,0.354806192694786,0,0,0
5.41,5.48,14.1096864054528,14.0182214739078,7.23348530303255,7.21262534619315,49.2037152299916,48.3840528527568,-0.525692826875712,-0.525692826875712,0,0,1
5.09,5.41,14.029378921252,14.1096864054528,7.1790226598195,7.23348530303255,49.4218313938318,49.2037152299916,0.853238759669049,0.853238759669049,0,0,-1
6.04000000000001,5.09,13.7159793374484,14.029378921252,7.0888322791197,7.1790226598195,50.0801160811092,49.4218313938318,0.223469131078785,0.223469131078785,0,0,0
6.97,6.04000000000001,14.0517065790216,13.7159793374484,6.73821502503299,7.0888322791197,50.7945654360735,50.0801160811092,-0.955130924869447,-0.955130924869447,0,0,0
6.48999999999999,6.97,13.9651462276061,14.0517065790216,7.70152817487803,6.73821502503299,51.5346852062966,50.7945654360735,0.0285164784650451,0.0285164784650451,0,0,0
6.67,6.48999999999999,13.8969758066618,13.9651462276061,7.66284820206906,7.70152817487803,52.1839606985881,51.5346852062966,0.496396877265354,0.496396877265354,0,0,0
7.22,6.67,13.9081995808296,13.8969758066618,7.57086326036907,7.66284820206906,52.879806408561,52.1839606985881,-0.146076127954611,-0.146076127954611,0,0,0
8.03,7.22,13.8667575046226,13.9081995808296,7.4038956298998,7.57086326036907,53.880882214323,52.879806408561,0.541858599931217,0.541858599931217,0,0,0
8.3,8.03,13.7379518556312,13.8667575046226,7.15797574008813,7.4038956298998,54.2193186194112,53.880882214323,-0.624837717399792,-0.624837717399792,0,0,0
8.65000000000001,8.3,13.7078568920441,13.7379518556312,7.47897878335961,7.15797574008813,54.4699957744079,54.2193186194112,5.29167397660498,5.29167397660498,0,0,-1
8.94,8.65000000000001,13.1766810470436,13.7078568920441,7.28872841616565,7.47897878335961,53.8003217550422,54.4699957744079,-3.44916572281051,-3.44916572281051,0,0,0
9.62,8.94,13.5619193411859,13.1766810470436,7.61056382093773,7.28872841616565,54.4904377943811,53.8003217550422,-2.73710325735289,-2.73710325735289,0,0,1
17.15,9.62,14.5340158055608,13.5619193411859,7.17189095977495,7.61056382093773,53.7518643556631,54.4904377943811,-1.87338904480528,-1.87338904480528,0,0,0
17.42,17.15,14.552461395401,14.5340158055608,7.2818818226638,7.17189095977495,53.9804891858356,53.7518643556631,2.73143325452513,2.73143325452513,0,0,0
16.56,17.42,14.8785954794933,14.552461395401,5.91438728637032,7.2818818226638,53.5517979872364,53.9804891858356,-0.724260211531156,-0.724260211531156,0,0,0
14.87,16.56,15.548832159812,14.8785954794933,5.58365657824512,5.91438728637032,53.3524615119682,53.5517979872364,2.8657128594502,2.8657128594502,0,0,0
13.81,14.87,15.3787498454614,15.548832159812,5.36545525450893,5.58365657824512,53.160088205366,53.3524615119682,-0.506434658915303,-0.506434658915303,0,0,1
13.31,13.81,15.5029504614852,15.3787498454614,5.44911027126421,5.36545525450893,53.2945620463498,53.160088205366,-0.921732476157693,-0.921732476157693,0,0,-1
13.63,13.31,15.4656932065184,15.5029504614852,5.27388380580542,5.44911027126421,53.7861470865636,53.2945620463498,-0.176982568817097,-0.176982568817097,0,0,0
12.56,13.63,15.505083161578,15.4656932065184,6.25748976999514,5.27388380580542,53.4371711781619,53.7861470865636,-0.00987692322549982,-0.00987692322549982,0,0,0
12.34,12.56,15.757932180546,15.505083161578,5.79292760835038,6.25748976999514,53.4301971703535,53.4371711781619,-2.08697942896877,-2.08697942896877,0,0,0
11.51,12.34,15.4490493764528,15.757932180546,5.08464678969633,5.79292760835038,53.1928230738055,53.4301971703535,1.48234527551285,1.48234527551285,0,0,1
11.51,11.51,15.6460866446862,15.4490493764528,6.6550698163602,5.08464678969633,52.9017584148331,53.1928230738055,-0.0858261368690396,-0.0858261368690396,0,0,-1
10.18,11.51,15.5620620623984,15.6460866446862,7.24533221444919,6.6550698163602,52.7846293205357,52.9017584148331,0.0855621893392779,0.0855621893392779,0,0,0
2.95999999999999,10.18,15.3390329483463,15.5620620623984,7.58992979729258,7.24533221444919,53.4584882796326,52.7846293205357,-0.0694924849490306,-0.0694924849490306,0,0,0
2.51000000000001,2.95999999999999,15.1719163168079,15.3390329483463,8.07763410143932,7.58992979729258,53.7336093242264,53.4584882796326,-0.0150522367082608,-0.0150522367082608,0,0,1
2.54000000000001,2.51000000000001,14.7173719631576,15.1719163168079,7.94921768132923,8.07763410143932,53.9656130791976,53.7336093242264,0.757592946502786,0.757592946502786,0,0,-1
3.56999999999999,2.54000000000001,14.7241648089741,14.7173719631576,7.97396828893381,7.94921768132923,54.1718450206678,53.9656130791976,2.4972290169703,2.4972290169703,0,0,0
4.95999999999999,3.56999999999999,14.4931456327021,14.7241648089741,7.8197006481235,7.97396828893381,54.3385103269839,54.1718450206678,-1.84168907065787,-1.84168907065787,0,0,0
5.61,4.95999999999999,14.3896126025324,14.4931456327021,7.68398545100229,7.8197006481235,55.270072739294,54.3385103269839,0.850895361256956,0.850895361256956,0,0,0
5.47,5.61,14.2320811913404,14.3896126025324,7.43312687094699,7.68398545100229,56.1652471296996,55.270072739294,-3.24247020059627,-3.24247020059627,0,0,0
6.08,5.47,13.9303235342839,14.2320811913404,7.99310028422913,7.43312687094699,56.5015569941282,56.1652471296996,2.21008655524883,2.21008655524883,0,0,0
6.31999999999999,6.08,14.0262420595302,13.9303235342839,7.67816543879109,7.99310028422913,56.6652367383399,56.5015569941282,-2.2378425154308,-2.2378425154308,0,0,1
6.76000000000001,6.31999999999999,13.9233958800167,14.0262420595302,7.49082313035759,7.67816543879109,56.1265409650516,56.6652367383399,1.51933748883128,1.51933748883128,0,0,-1
6.53,6.76000000000001,13.9800693542147,13.9233958800167,7.96528795462037,7.49082313035759,55.8927210900134,56.1265409650516,-0.0387339306838328,-0.0387339306838328,0,0,0
7.14,6.53,13.8834013489418,13.9800693542147,8.98066571001611,7.96528795462037,55.5596553718833,55.8927210900134,-1.74209617894006,-1.74209617894006,0,0,0
7.06,7.14,13.8181897599542,13.8834013489418,7.89371457561944,8.98066571001611,55.9135595706663,55.5596553718833,1.37820301786078,1.37820301786078,0,0,0
7.48,7.06,13.7280299431896,13.8181897599542,8.30180658003415,7.89371457561944,55.8160447370205,55.9135595706663,-0.147723243239266,-0.147723243239266,0,0,0
7.70999999999999,7.48,13.2232819781906,13.7280299431896,7.85837973723822,8.30180658003415,55.8275725894378,55.8160447370205,1.99752624521402,1.99752624521402,0,0,0
7.79000000000001,7.70999999999999,13.4101775131086,13.2232819781906,7.26942016501363,7.85837973723822,56.3435752329729,55.8275725894378,-3.32207411321289,-3.32207411321289,0,0,1
7.73999999999999,7.79000000000001,12.6824902370017,13.4101775131086,10.0352634485486,7.26942016501363,55.5709392321257,56.3435752329729,2.57929124483088,2.57929124483088,0,0,-1
7.73,7.73999999999999,12.7093394820785,12.6824902370017,8.72929519655536,10.0352634485486,55.4217515865895,55.5709392321257,1.37150917776396,1.37150917776396,0,0,0
8.11,7.73,12.7605520412241,12.7093394820785,8.6957700447516,8.72929519655536,54.860883461121,55.4217515865895,-1.69837436785221,-1.69837436785221,0,0,0
7.69,8.11,12.5745257755876,12.7605520412241,9.39257620398499,8.6957700447516,53.5624822842158,54.860883461121,-0.0926841374253904,-0.0926841374253904,0,0,0
8.69,7.69,12.6749748048184,12.5745257755876,8.82510058308052,9.39257620398499,52.473137261011,53.5624822842158,0.0683155196827663,0.0683155196827663,0,0,0
9.45999999999999,8.69,13.1159461933813,12.6749748048184,8.3658299950078,8.82510058308052,50.7851689662537,52.473137261011,0.0971594068581645,0.0971594068581645,0,0,1
10.16,9.45999999999999,13.1945177091966,13.1159461933813,8.06224921368381,8.3658299950078,49.1752042551001,50.7851689662537,0.167552665291165,0.167552665291165,0,0,-1
9.70999999999999,10.16,13.5060416734856,13.1945177091966,7.46973445534178,8.06224921368381,48.6799960437353,49.1752042551001,-0.199229542945385,-0.199229542945385,0,0,0
10.22,9.70999999999999,13.7940026639637,13.5060416734856,7.42411095734703,7.46973445534178,48.1975756595138,48.6799960437353,0.230801283085562,0.230801283085562,0,0,0
9.95,10.22,13.5700486334428,13.7940026639637,7.51843705602141,7.42411095734703,47.7952936526859,48.1975756595138,-0.910546663580597,-0.910546663580597,0,0,0
9.78,9.95,13.7058665382179,13.5700486334428,7.35822535534536,7.51843705602141,47.4594233712973,47.7952936526859,-1.10175622401147,-1.10175622401147,0,0,0
9.43000000000001,9.78,14.3303309678462,13.7058665382179,7.4008676243253,7.35822535534536,47.0908872331458,47.4594233712973,1.65838241362351,1.65838241362351,0,0,0
9.09999999999999,9.43000000000001,13.2250090207048,14.3303309678462,7.3926268886901,7.4008676243253,46.6598792051548,47.0908872331458,-0.694869746936615,-0.694869746936615,0,0,0
8.84999999999999,9.09999999999999,13.3539473422447,13.2250090207048,7.33082808007116,7.3926268886901,46.7013943288169,46.6598792051548,0.241865546751328,0.241865546751328,0,0,1
8.37,8.84999999999999,13.2652222445001,13.3539473422447,7.78880684233873,7.33082808007116,46.7139073524296,46.7013943288169,0.47542100114168,0.47542100114168,0,0,-1
